tree
version=v4
num_class=1
num_tree_per_iteration=1
label_index=0
max_feature_idx=252
objective=binary sigmoid:1
feature_names=Column_0 Column_1 Column_2 Column_3 Column_4 Column_5 Column_6 Column_7 Column_8 Column_9 Column_10 Column_11 Column_12 Column_13 Column_14 Column_15 Column_16 Column_17 Column_18 Column_19 Column_20 Column_21 Column_22 Column_23 Column_24 Column_25 Column_26 Column_27 Column_28 Column_29 Column_30 Column_31 Column_32 Column_33 Column_34 Column_35 Column_36 Column_37 Column_38 Column_39 Column_40 Column_41 Column_42 Column_43 Column_44 Column_45 Column_46 Column_47 Column_48 Column_49 Column_50 Column_51 Column_52 Column_53 Column_54 Column_55 Column_56 Column_57 Column_58 Column_59 Column_60 Column_61 Column_62 Column_63 Column_64 Column_65 Column_66 Column_67 Column_68 Column_69 Column_70 Column_71 Column_72 Column_73 Column_74 Column_75 Column_76 Column_77 Column_78 Column_79 Column_80 Column_81 Column_82 Column_83 Column_84 Column_85 Column_86 Column_87 Column_88 Column_89 Column_90 Column_91 Column_92 Column_93 Column_94 Column_95 Column_96 Column_97 Column_98 Column_99 Column_100 Column_101 Column_102 Column_103 Column_104 Column_105 Column_106 Column_107 Column_108 Column_109 Column_110 Column_111 Column_112 Column_113 Column_114 Column_115 Column_116 Column_117 Column_118 Column_119 Column_120 Column_121 Column_122 Column_123 Column_124 Column_125 Column_126 Column_127 Column_128 Column_129 Column_130 Column_131 Column_132 Column_133 Column_134 Column_135 Column_136 Column_137 Column_138 Column_139 Column_140 Column_141 Column_142 Column_143 Column_144 Column_145 Column_146 Column_147 Column_148 Column_149 Column_150 Column_151 Column_152 Column_153 Column_154 Column_155 Column_156 Column_157 Column_158 Column_159 Column_160 Column_161 Column_162 Column_163 Column_164 Column_165 Column_166 Column_167 Column_168 Column_169 Column_170 Column_171 Column_172 Column_173 Column_174 Column_175 Column_176 Column_177 Column_178 Column_179 Column_180 Column_181 Column_182 Column_183 Column_184 Column_185 Column_186 Column_187 Column_188 Column_189 Column_190 Column_191 Column_192 Column_193 Column_194 Column_195 Column_196 Column_197 Column_198 Column_199 Column_200 Column_201 Column_202 Column_203 Column_204 Column_205 Column_206 Column_207 Column_208 Column_209 Column_210 Column_211 Column_212 Column_213 Column_214 Column_215 Column_216 Column_217 Column_218 Column_219 Column_220 Column_221 Column_222 Column_223 Column_224 Column_225 Column_226 Column_227 Column_228 Column_229 Column_230 Column_231 Column_232 Column_233 Column_234 Column_235 Column_236 Column_237 Column_238 Column_239 Column_240 Column_241 Column_242 Column_243 Column_244 Column_245 Column_246 Column_247 Column_248 Column_249 Column_250 Column_251 Column_252
feature_infos=[0:100] [0:100] [0:100] [0:100] [0:100] [0:100] [0:100] [0:100] [0:100] [0:100] [0:100] [0:100] [0:100] [0:100] [0:100] [0:100] [0:100] [0:100] [0:100] [0:100] [0:100] [0:100] [0:100] [0:100] [0:100] [0:100] [0:100] [0:100] [0:100] [0:100] [0:100] [0:100] [0:100] [0:100] [0:100] [0:100] [0:100] [0:100] [0:100] [0:100] [0:100] [0:100] [0:100] [0:100] [0:100] [0:100] [0:100] [0:100] [0:100] [0:100] [0:100] [0:100] [0:100] [0:100] [0:100] [0:100] [0:100] [0:100] [0:100] [0:100] [0:100] [0:100] [0:100] [0:100] [0:100] [0:100] [0:100] [0:100] [0:100] [0:100] [0:100] [0:100] [0:100] [0:100] [0:100] [0:100] [0:100] [0:100] [0:100] [0:100] [0:100] [0:100] [0:100] [0:100] [0:100] [0:100] [0:100] [0:100] [0:100] [0:100] [0:100] [0:100] [0:99] [0:100] [0:100] [0:100] [0:100] [0:100] [0:95] [0:100] [0:100] [0:100] [0:100] [0:100] [0:100] [0:100] [0:100] [0:100] [0:100] [0:100] [0:100] [0:100] none none [0:100] [0:100] [0:100] [0:100] [0:100] [0:100] [0:100] [0:100] [0:100] [0:100] [0:100] [0:100] [0:100] [0:100] [0:100] [0:99] [0:98] [0:100] [0:100] [0:100] [0:100] [0:100] [0:100] [0:100] [0:100] [0:100] [0:100] [0:100] [0:100] [0:100] [0:100] [0:100] [0:100] [0:100] [0:100] [0:100] [0:100] [0:100] [0:100] [0:100] [0:100] [0:100] [0:100] [0:100] [0:100] [0:100] [0:100] [0:100] [0:100] [0:100] [0:100] [0:100] [0:100] [0:100] [0:100] [0:100] [0:100] [0:100] [0:100] [0:100] [0:100] [0:100] [0:100] [0:100] [0:100] [0:100] [0:100] [0:100] [0:100] [0:100] [0:100] [0:100] [0:100] [0:100] [0:100] [0:100] [0:100] [0:100] [0:100] [0:100] [0:100] [0:100] [0:100] [0:100] [0:100] [0:100] [0:100] [0:100] [0:100] [0:100] [0:100] [0:100] none none [0:100] [0:100] none [0:100] [0:100] none [0:100] [0:100] none [0:100] [0:100] none [0:100] [0:100] [0:100] [0:100] [0:100] [0:100] [0:100] [0:100] [0:100] [0:100] [0:100] [0:100] [0:100] [0:100] [0:100] [0:100] [-0.99573081731796265:-0.05000000074505806] [0:10.260660171508789] [-0.99952542781829834:-0.05000000074505806] [-1.5006817579269409:1.17625892162323] [-2.5528819561004639:1.3220154047012329] [-20.890625:-0.14111022651195526] [0.002858377993106842:0.2135617733001709] [-0.23561988770961761:0] [2.5925926820491441e-05:0.44481456279754639] [-0.3861553966999054:-0.00061426201136782765] [0.00047802733024582267:1.2675960063934326] [-0.78832495212554932:0.24366392195224762] [0.010101010091602802:0.96969699859619141] [0:0.96969699859619141] [-0.048000000417232513:0.0074999998323619366] [0.1666666716337204:166.66667175292969] [0:10.260660171508789]
tree_sizes=1761 1816 1825 1814 1813 1818 1805 1827 1818 1817 1829 1813 1822 1823 1827 1816 1815 1833 1823 1819 1820 1810 1826 1836 1815 1828 1814 1816 1817 1819 1823 1818 1826 1817 1807 1818 1817 1814 1818 1814 1819 1827 1818 1823 1817 1819 1812 1814 1818 1816 1821 1824 1816 1821 1818 1830 1814 1812 1807 1833 1815 1822 1832 1811 1813 1817 1821 1828 1809 1827 1813 1815 1827 1811 1816 1826 1823 1801 1805 1806 1810 1827 1793 1823 1815 1818 1823 1819 1827 1816 1809 1815 1806 1832 1825 1798 1812 1819 1826 1810 1823 1819 1828 1826 1824 1809 1803 1821 1821 1832 1826 1813 1826 1808 1822 1814 1824 1822 1829 1817 1823 1819 1831 1809 1823 1822 1826 1838 1822 1811 1820 1822 1822 1818 1815 1840 1825 1832 1808 1820 1826 1817 1817 1822 1823 1821 1817 1820 1815 1825 1802 1832 1821 1825 1834 1809 1806 1827 1828 1830 1802 1817 1821 1823 1825 1808 1818 1821 1793 1827 1817 1802 1817 1827 1822 1816 1813 1815 1824 1818 1822 1815 1820 1827 1826 1826 1810 1822 1812 1819 1807 1819 1820 1811 1825 1808 1805 1805 1833 1822 1813 1813 1796 1814 1806 1818 1811 1824 1811 1827 1820 1825 1792 1806 1811 1807 1797 1812 1812 1817 1814 1826 1825 1817 1823 1814 1820 1814 1808 1817 1821 1825 1813 1816 1825 1813 1799 1803 1814 1818 1821 1813 1824 1809 1835 1823 1822 1798 1830 1815 1804 1821 1818 1823 1826 1805 1812 1807 1807 1819 1822 1801 1815 1812 1815 1815 1818 1808 1823 1788 1812 1803 1821 1830 1818 1813 1823 1807 1822 1823 1820 1800 1806 1828 1812 1823 1833 1823 1820 1814 1823 1822 1798 1810 1806 1828 1819 1819 1821 1820

Tree=0
num_leaves=15
num_cat=0
split_feature=238 126 242 238 242 140 233 248 228 248 120 243 228 243
split_gain=3222.44 1410.47 667.785 515.403 502.97 391.66 368.042 266.627 299.456 212.833 212.421 204.208 192.505 191.07
threshold=-0.17300115525722501 67.500000000000014 0.030864608474075798 -0.23291394114494321 0.024375812150537971 47.500000000000007 45.500000000000007 0.55050507187843334 59.500000000000007 0.71212121844291698 58.500000000000007 -0.021065240725874897 72.500000000000014 -0.050912378355860703
decision_type=10 8 8 10 8 10 10 2 8 2 10 2 10 2
left_child=3 2 5 -1 7 6 9 12 11 -2 -8 -9 -3 -5
right_child=1 4 -4 13 -6 -7 10 8 -10 -11 -12 -13 -14 -15
leaf_value=0.62891357335487619 0.58554976532718683 0.59160741727371857 0.60287902294051277 0.62033965649325895 0.61131442722726426 0.59710675830330695 0.58833500644313941 0.60508946357988236 0.62577426149635718 0.57149800646540505 0.59832069882681582 0.58195250283088984 0.6056667411617116 0.60831371638863818
leaf_weight=2927.4166061729193 3709.7533150017262 3294.687215462327 5559.8275548219681 1958.2429809123278 6772.5523624569178 6578.1687896698713 5092.8496070206165 3191.7782651633024 574.91800233721733 1338.5024135559797 3083.8382106274366 374.58857908844948 1186.4258536696434 3053.1942120939493
leaf_count=12801 16222 14407 24312 8563 29615 28765 22270 13957 2514 5853 13485 1638 5188 13351
internal_value=0.601448 0.598041 0.593694 0.618921 0.605202 0.591116 0.588141 0.600396 0.605878 0.581772 0.592093 0.602612 0.595331 0.613041
internal_weight=48696.7 40757.9 25362.9 7938.85 15395 19803.1 13224.9 8622.4 4141.28 5048.26 8176.69 3566.37 4481.11 5011.44
internal_count=212941 178226 110907 34715 67319 86595 57830 37704 18109 22075 35755 15595 19595 21914
is_linear=0
shrinkage=1


Tree=1
num_leaves=15
num_cat=0
split_feature=238 126 245 230 245 98 226 230 52 119 245 249 230 189
split_gain=2987.91 1467.18 678.658 574.73 519.734 414.165 302.743 318.75 270.8 252.239 238.635 222.429 198.967 202.846
threshold=-0.16899745911359784 60.500000000000007 -0.082086112350225435 71.500000000000014 -0.10808682069182395 38.500000000000007 12.500000000000002 80.500000000000014 13.500000000000002 81.500000000000014 -0.055059665814042084 0.74242421984672557 14.500000000000002 53.500000000000007
decision_type=10 8 2 8 2 10 8 8 10 8 2 2 10 10
left_child=4 5 -3 12 9 6 -2 8 -8 11 -5 -1 -4 -14
right_child=1 2 3 10 -6 -7 7 -9 -10 -11 -12 -13 13 -15
leaf_value=0.016321766967346184 -0.0014255739001888326 0.014784811987496925 0.0016916234684847989 0.018801349938924954 0.010490005970288948 -0.0011346182464871007 -0.022489572724077016 -0.0031224999565089588 -0.011905099681958268 0.030796366729290713 0.0042418997338651053 -0.035176647607198755 -0.013294324405317663 -0.0022146236781227916
leaf_weight=731.58656613528728 2682.2955180108547 3571.6943810284138 3242.6727763563395 1397.3945863991976 5309.660648047924 5365.6171787381172 2909.4460241943598 2712.2397500425577 8824.9618210345507 2365.3178110569715 3648.8872131854296 74.614128842949867 2854.040671095252 3103.4167903512716
leaf_count=3216 11700 15642 14183 6123 23310 23427 12678 11837 38499 10411 15966 328 12472 13578
internal_value=8.75804e-05 -0.00331842 0.00311127 0.000176294 0.0162618 -0.00841055 -0.0106877 -0.0124053 -0.0145463 0.0258615 0.00830285 0.011183 -0.00428531 -0.00753596
internal_weight=48793.8 40312.7 17818.1 14246.4 8481.18 22494.6 17128.9 14446.6 11734.4 3171.52 5046.28 806.201 9200.13 5957.46
internal_count=213370 176105 77964 62322 37265 98141 74714 63014 51177 13955 22089 3544 40233 26050
is_linear=0
shrinkage=0.03


Tree=2
num_leaves=15
num_cat=0
split_feature=238 120 24 245 230 245 231 228 4 245 245 248 230 246
split_gain=2798.93 1174.17 1039.81 573.258 453.456 444.423 441.917 498.249 436.738 324.157 295.213 268.643 227.981 265.623
threshold=-0.19536200165748593 73.500000000000014 94.500000000000014 -0.089213922619819627 72.500000000000014 -0.09611890465021132 91.500000000000014 6.5000000000000009 10.500000000000002 -0.055736036971211426 -0.10808682069182395 0.59090909361839306 10.500000000000002 0.033168479800224311
decision_type=10 8 8 2 8 2 10 10 10 2 2 2 10 2
left_child=10 2 5 -3 6 11 12 -8 -7 -6 -1 -2 -5 -14
right_child=1 3 -4 4 9 8 7 -9 -10 -11 -12 -13 13 -15
leaf_value=0.028501122546583966 0.021417184983175984 0.014640516121095275 0.009010016606229956 0.0081329526165825321 0.024801024234920921 -0.018869641500402191 -0.036980327124906648 -0.0037605740304803396 -0.0078933882197620604 0.0041418344774059104 0.014207394665903138 -0.0020191342955825347 -0.0072617321267268876 0.0059971266223258777
leaf_weight=2362.7363939881325 565.77715739607811 3463.1166228502989 3449.0416784435511 2607.2060683816671 1018.1497341245413 4055.5938548743725 625.59677211940289 1133.8684756308794 16723.720006421208 2055.0362947285175 2970.8313400149345 1863.2848393172026 3778.3892009556293 2112.1929754465818
leaf_count=10491 2474 15213 15105 11405 4477 17651 2738 4960 72898 9001 13101 8128 16480 9231
internal_value=9.19209e-05 -0.00242724 -0.00634058 0.00378471 0.000955623 -0.00862476 -0.00207492 -0.0157145 -0.0100437 0.0110445 0.0205809 0.00350508 0.000764289 -0.00250538
internal_weight=48784.5 43451 26657.4 16793.6 13330.4 23208.4 10257.3 1759.47 20779.3 3073.19 5333.57 2429.06 8497.79 5890.58
internal_count=213353 189761 116256 73505 58292 101151 44814 7698 90549 13478 23592 10602 37116 25711
is_linear=0
shrinkage=0.03


Tree=3
num_leaves=15
num_cat=0
split_feature=236 126 237 126 120 4 236 249 232 230 248 224 119 230
split_gain=2538.84 1191.43 448.826 418.295 347.374 283.695 281.464 234.429 195.566 195.486 189.323 188.019 180.92 161.816
threshold=-0.11308731138706206 54.500000000000007 0.068459853529930129 77.500000000000014 58.500000000000007 11.500000000000002 -0.075449448078870759 0.1565656587481499 74.500000000000014 1.0000000180025095e-35 0.63131311535835277 13.500000000000002 19.500000000000004 72.500000000000014
decision_type=2 8 2 8 10 10 2 2 10 10 2 10 10 8
left_child=3 4 6 9 5 -2 -3 -7 -6 -1 -11 -10 -12 -8
right_child=1 2 -4 -5 8 7 13 -9 11 10 12 -13 -14 -15
leaf_value=0.023495942057728248 -0.020208152816177574 0.0043674461577559243 0.01005204251248857 0.022231777702886334 -0.006553306857534239 -0.011874997550024295 -0.006217048662165596 -0.0016721536781106267 -0.0096197127283791043 0.013531625806166453 -0.037361725740503997 0.009255699574983808 0.0020710463617993292 0.0025695808787233507
leaf_weight=675.50279912352562 2572.3076763004065 6433.0843140780926 4742.6255097091198 3913.6213122755289 4647.3894978761673 7285.8671347349882 6772.258373260498 2811.4862872362137 647.55256897211075 1671.012032866478 100.519630625844 1706.2754666805267 1984.3325334340334 2606.6543192267418
leaf_count=2992 11125 28211 20844 17371 20238 31645 29548 12246 2826 7363 438 7441 8721 11436
internal_value=4.22723e-05 -0.0030826 0.00196802 0.0150908 -0.00835844 -0.0113205 -0.000461516 -0.0090386 -0.0029897 0.00874832 0.00604057 0.00404423 5.49447e-07 -0.00377487
internal_weight=48570.5 40225.5 20554.6 8344.99 19670.9 12669.7 15812 10097.4 7001.22 4431.37 3755.86 2353.83 2084.85 9378.91
internal_count=212445 175560 90039 36885 85521 55016 69195 43891 30505 19514 16522 10267 9159 40984
is_linear=0
shrinkage=0.03


Tree=4
num_leaves=15
num_cat=0
split_feature=117 226 140 139 47 226 98 243 222 231 243 59 243 71
split_gain=1743.28 916.55 596.658 521.414 424.274 390.99 377.258 307.573 399.549 320.155 273.968 264.093 230.669 196.355
threshold=84.500000000000014 12.500000000000002 30.500000000000004 1.5000000000000002 15.500000000000002 69.500000000000014 36.500000000000007 -0.048831390216946595 23.500000000000004 92.500000000000014 -0.085815604776144014 6.5000000000000009 -0.051270980387926095 27.500000000000004
decision_type=8 10 8 10 10 10 10 2 10 10 2 10 2 10
left_child=1 10 6 -2 -4 12 7 9 -9 13 -1 -12 -5 -3
right_child=3 2 4 5 -6 -7 -8 8 -10 -11 11 -13 -14 -15
leaf_value=0.028805234610143782 0.017830424811570874 0.009365951519828903 0.010877746003641312 0.0090463773203258539 -0.0044260511729502213 0.013491807775441662 -0.002444675968060073 -0.025396408781181143 -0.01060345560284754 -0.043311247089368836 0.015688185556121337 0.00094294021313887392 -0.0016138765609067969 -0.010768705223663855
leaf_weight=435.09869316220284 3773.4540362507105 902.76095841825008 1854.7606518864632 2613.6430656909943 12978.840683162212 3510.4083687067032 2994.564027801156 3240.9675730913877 3372.9946833997965 160.77920696139336 1418.8965217918158 4659.1994391828775 6007.6181655675173 824.39825887978077
leaf_count=1929 16797 3941 8128 11559 56543 15464 13049 14019 14616 700 6241 20340 26341 3584
internal_value=-4.50547e-05 -0.00399281 -0.00648509 0.00810424 -0.00250646 0.0050668 -0.011612 -0.0148342 -0.0178797 -0.0041272 0.00607689 0.00440525 0.00162465 -0.00025128
internal_weight=48748.4 32843.3 26330.1 15905.1 14833.6 12131.7 11496.5 8501.9 6613.96 1887.94 6513.19 6078.1 8621.26 1727.16
internal_count=213251 143090 114580 70161 64671 53364 49909 36860 28635 8225 28510 26581 37900 7525
is_linear=0
shrinkage=0.03


Tree=5
num_leaves=15
num_cat=0
split_feature=245 242 126 119 230 230 231 24 140 245 229 119 225 231
split_gain=2344.36 1440.29 834.455 592.129 401.221 368.474 378.077 364.729 280.945 266.318 255.713 238.542 237.554 240.514
threshold=-0.099417231976985918 0.031187729910016063 54.500000000000007 84.500000000000014 72.500000000000014 14.500000000000002 91.500000000000014 96.500000000000014 51.500000000000007 -0.055059665814042084 11.500000000000002 39.500000000000007 50.500000000000007 88.500000000000014
decision_type=2 8 10 8 8 10 10 8 10 2 10 10 10 10
left_child=3 2 8 -1 5 12 -7 11 -2 -6 -8 -3 -4 -14
right_child=1 7 4 -5 9 6 10 -9 -10 -11 -12 -13 13 -15
leaf_value=0.0069221401470215514 -0.013412110781307088 -0.0040558276927128226 0.0073169893087848461 0.024216560779620706 0.016609194910804148 -0.0060088160598353244 -0.056490410561168963 0.018219019945666048 -0.0043312083809484191 0.0012455124715823078 -0.016774788314216887 0.0076327753701552368 0.0019893288159513398 -0.022231536944492619
leaf_weight=3456.8773155808449 10988.283446058631 2205.1639364957809 3105.903201520443 3691.449854850769 1530.6605300456285 6434.0373123288155 206.07358665764332 2152.0413197427988 4269.133024290204 2983.9359121918678 493.60982243716717 5412.5355145931244 995.22604489326477 575.01807279884815
leaf_count=15210 47466 9588 13645 16584 6779 28039 899 9528 18539 13110 2154 23773 4360 2517
internal_value=2.31186e-05 -0.00272023 -0.00583403 0.0158745 -0.00111813 -0.00402561 -0.0083115 0.00734119 -0.0108757 0.00647972 -0.0291032 0.00424829 0.00251655 -0.00696483
internal_weight=48499.9 41351.6 31581.9 7148.33 16324.5 11809.9 7133.72 9769.74 15257.4 4514.6 699.683 7617.7 4676.15 1570.24
internal_count=212191 180397 137508 31794 71503 51614 31092 42889 66005 19889 3053 33361 20522 6877
is_linear=0
shrinkage=0.03


Tree=6
num_leaves=15
num_cat=0
split_feature=238 126 242 242 229 238 248 226 231 140 243 248 147 98
split_gain=2451.82 1006.24 553.12 510.052 485.1 428.538 411.015 314.854 295.369 253.429 227.03 219.061 213.067 207.127
threshold=-0.17300115525722501 60.500000000000007 0.024640636518597606 0.030864608474075798 67.500000000000014 -0.23291394114494321 0.49999998509883886 12.500000000000002 86.500000000000014 51.500000000000007 -0.082175362855195985 0.55050507187843334 18.500000000000004 35.500000000000007
decision_type=10 8 8 8 10 10 2 8 10 8 2 2 10 10
left_child=5 3 4 9 7 -1 -6 8 11 13 -10 -3 -12 -2
right_child=1 2 -4 -5 6 -7 -8 -9 10 -11 12 -13 -14 -15
leaf_value=0.024782814118756758 -0.013630880877535079 -0.0020606297680865302 0.0085176074054179127 0.0013224398639885113 -0.00016234094777474684 0.010105377147453277 0.023504418543302607 -0.010436771717802327 0.025037329375670148 -0.0037604869289365314 0.015404110796257937 0.021378231983419111 -0.022679231487993515 -0.004177675248295161
leaf_weight=2818.6886193752289 10200.24109351635 628.39326258003712 7636.9172937422991 5070.43805770576 1831.1279749721289 4950.2199614793062 1022.8633143901825 5023.2807829082012 134.79623058438301 5064.5570128709078 155.12680187821388 821.68635593354702 697.71694189310074 2635.8588629215956
leaf_count=12766 43891 2745 33681 22129 8041 22028 4565 21887 602 21982 682 3622 3049 11402
internal_value=1.6397e-05 -0.00291767 0.00240304 -0.00707505 -0.00212787 0.0154556 0.00837222 -0.00615021 0.00268942 -0.00945308 -0.00990491 0.0112764 -0.0156539 -0.0116945
internal_weight=48691.9 40923 17951.9 22971.1 10315 7768.91 2853.99 7461 2437.72 17900.7 987.64 1450.08 852.844 12836.1
internal_count=213072 178278 78874 99404 45193 34794 12606 32587 10700 77275 4333 6367 3731 55293
is_linear=0
shrinkage=0.03


Tree=7
num_leaves=15
num_cat=0
split_feature=245 242 118 226 226 222 245 242 24 226 222 245 118 226
split_gain=2255.93 1400.56 590.941 583.148 569.952 404.424 384.23 343.817 331.38 294.801 390.182 281.512 230.19 218.181
threshold=-0.099417231976985918 0.031638506799936301 70.500000000000014 67.500000000000014 6.5000000000000009 22.500000000000004 -0.055736036971211426 0.024296086281538013 2.5000000000000004 12.500000000000002 23.500000000000004 -0.20662932842969892 77.500000000000014 54.500000000000007
decision_type=2 8 10 10 10 10 2 10 10 8 10 2 10 10
left_child=4 2 9 7 -1 11 -5 -4 -3 -2 -11 -6 -10 -13
right_child=1 8 3 6 5 -7 -8 -9 12 10 -12 13 -14 -15
leaf_value=0.026374770171590654 0.00020338485302993426 0.017308741689049747 -0.0089806415299446933 0.018845931384842314 0.038420231114623435 0.029173404456277221 0.00080433567338592438 0.0026861514673355074 0.000491912531688085 -0.016863815211791394 -0.0069928897957843355 -0.00079020024471676694 0.012098427749490236 0.018785780494893319
leaf_weight=2712.0091500282288 2475.3083987981081 2328.4896430671215 6934.9645307809114 1725.897627428174 201.11807441711426 725.85230673849583 2740.6378689110279 3373.9651706367731 4742.6171065270901 6038.0628941655159 8984.8571146428585 2850.8429630547762 2266.5430526137352 614.49009944498539
leaf_count=12298 10747 10376 30179 7654 926 3245 12037 14834 20739 25935 38816 12665 10070 2712
internal_value=-3.16625e-05 -0.00270017 -0.00566048 -0.00124131 0.0155801 0.00887022 0.00780225 -0.00516336 0.00752668 -0.00938918 -0.0109688 0.00478236 0.00425699 0.00272518
internal_weight=48715.7 41611.3 32273.7 14775.5 7104.31 4392.3 4466.54 10308.9 9337.65 17498.2 15022.9 3666.45 7009.16 3465.33
internal_count=213233 181387 140202 64704 31846 19548 19691 45013 41185 75498 64751 16303 30809 15377
is_linear=0
shrinkage=0.03


Tree=8
num_leaves=15
num_cat=0
split_feature=245 24 119 119 104 226 226 245 226 245 230 119 229 243
split_gain=2103.75 1021.54 769.607 577.078 306.752 274.284 344.374 259.748 245.424 392.274 351.673 262.708 227.074 207.361
threshold=-0.099417231976985918 93.500000000000014 57.500000000000007 84.500000000000014 7.5000000000000009 12.500000000000002 54.500000000000007 -0.048221621662378304 66.500000000000014 -0.055736036971211426 14.500000000000002 77.500000000000014 59.500000000000007 -0.048505512997508042
decision_type=2 8 10 8 10 10 10 2 10 2 10 10 10 2
left_child=3 2 4 5 12 -1 -7 -3 10 11 -4 -10 -2 -12
right_child=1 7 8 -5 -6 6 -8 -9 9 -11 13 -13 -14 -15
leaf_value=0.018482897284234048 -0.02651243560415734 0.015720996286748917 0.0028993030937124798 0.0234827082119985 -0.0079288671426724737 -0.0072307697073085118 0.017803489062609899 0.0033078031642305729 0.0021214900108061738 -0.0022421426798775643 0.0056235272594959834 0.0260002721251908 0.0013782357203298407 -0.0081418002004492382
leaf_weight=1107.8190272301435 1397.3338407427073 2647.5724913030863 6726.2020133137703 3610.1564016342163 14581.81955434382 1615.6116605103016 700.77777624130249 3551.7466653138399 678.50225955247879 2202.6905593574047 1130.9545964151621 1064.1075818091631 321.84270149469376 7304.4128320813179
leaf_count=4960 5982 11800 29560 16540 62832 7103 3100 15689 2960 9635 4928 4745 1387 31748
internal_value=-3.28411e-05 -0.00259915 -0.00456635 0.0151286 -0.00935265 0.00627814 0.000386823 0.00862594 -0.000480175 0.00617566 -0.00221506 0.016768 -0.0213133 -0.00629177
internal_weight=48641.5 41607.2 35407.9 7034.36 16301 3424.21 2316.39 6199.32 19106.9 3945.3 15161.6 1742.61 1719.18 8435.37
internal_count=212969 181266 153777 31703 70201 15163 10203 27489 83576 17340 66236 7705 7369 36676
is_linear=0
shrinkage=0.03


Tree=9
num_leaves=15
num_cat=0
split_feature=242 126 118 248 226 226 242 248 7 23 233 248 226 66
split_gain=1715.38 1208.2 516.237 438.533 371.843 321.751 320.353 214.621 213.441 210.883 206.616 190.906 243.604 180.137
threshold=0.031187729910016063 76.500000000000014 80.500000000000014 0.81313130259513866 4.5000000000000009 81.500000000000014 0.019676106050610546 0.82323232293128978 4.5000000000000009 9.5000000000000018 20.500000000000004 0.55050507187843334 69.500000000000014 55.500000000000007
decision_type=8 10 8 2 8 10 10 2 10 10 10 2 10 10
left_child=1 4 9 11 8 6 10 -7 -1 -2 -6 -3 -13 -8
right_child=2 3 -4 -5 5 7 13 -9 -10 -11 -12 12 -14 -15
leaf_value=0.021689942712555647 0.013357279637282074 -0.0011971051705646197 0.018148551798418826 0.019538615518423234 -0.023630422264988554 -0.0020178246181900418 -0.009426703563394697 0.034226689899625032 -0.00038861764754279809 0.002214808866400179 -0.011856192636192669 0.0036123942297415544 0.02154885696636169 -0.0013144670718699973
leaf_weight=475.14581203460693 2067.2877751737833 5720.2927868515253 4227.4354675710201 1541.0880364477634 1885.5207637697458 3959.9847151935101 8100.2713387012482 142.69709607958794 2097.5256933271885 5809.3170869350433 4779.2090135514736 3456.5061454176903 840.70192658901215 3543.5690435320139
leaf_count=2122 9211 25068 19162 7000 8088 17153 34912 630 9164 25478 20506 15350 3816 15374
internal_value=-8.09608e-05 -0.00332339 0.0097027 0.00469378 -0.00703285 -0.00827261 -0.00997337 -0.000677032 0.00375726 0.00515248 -0.0152177 0.00239285 0.00716335 -0.00696115
internal_weight=48646.6 36542.5 12104 11558.6 24983.9 22411.3 18308.6 4102.68 2572.67 7876.6 6664.73 10017.5 4297.21 11643.8
internal_count=213034 159183 53851 51234 107949 96663 78880 17783 11286 34689 28594 44234 19166 50286
is_linear=0
shrinkage=0.03


Tree=10
num_leaves=15
num_cat=0
split_feature=238 126 238 245 230 98 226 242 242 120 228 106 245 230
split_gain=2080.8 768.083 585.956 412.351 418.634 382.475 309.71 297.309 297.139 283.88 258.954 237.45 194.367 190.871
threshold=-0.14830452948808667 67.500000000000014 -0.23291394114494321 -0.081633269786834703 73.500000000000014 42.500000000000007 2.5000000000000004 0.032439894974231727 0.024464212357997898 59.500000000000007 29.500000000000004 10.500000000000002 -0.069022819399833665 3.5000000000000004
decision_type=10 8 10 2 8 10 10 8 10 10 10 10 2 8
left_child=2 5 -1 -3 8 9 -4 -8 -5 10 11 13 -12 -2
right_child=1 3 6 4 -6 -7 7 -9 -10 -11 12 -13 -14 -15
leaf_value=0.023055104616667571 0.00026455649234389503 0.013468555174698835 0.01796021702948826 -0.010090881734653655 0.0074174594552630438 0.00063521028718250563 0.00014315969477516745 0.013173890859962923 0.0024998887371459663 -0.0038531643511775559 0.0053100891898632012 -0.011203559137021816 -0.0094969999374168498 -0.026836642555932912
leaf_weight=2738.1579260230064 264.53817853331566 2390.939948797226 1903.1645871549845 3965.6546425819397 4021.1870277673006 4918.4731977134943 4862.4670747071505 2321.5682251900434 2924.5919661968946 6755.6516886502504 939.3611671179533 3574.2325622141361 5083.2819038927555 1995.8469662964344
leaf_count=12693 1135 10741 8614 17159 17896 21363 21420 10377 12882 29237 4058 15271 21816 8489
internal_value=-3.27117e-05 -0.0035481 0.0109108 0.00221273 -0.000263751 -0.00680427 0.00723016 0.00436658 -0.0047508 -0.00876944 -0.0115649 -0.0160684 -0.00718254 -0.0236777
internal_weight=48659.1 36833.8 11825.4 13302.4 10911.4 23531.4 9087.2 7184.04 6890.25 18612.9 11857.3 5834.62 6022.64 2260.39
internal_count=213151 160047 53104 58678 47937 101369 40411 31797 30041 80006 50769 24895 25874 9624
is_linear=0
shrinkage=0.03


Tree=11
num_leaves=15
num_cat=0
split_feature=236 249 47 226 242 245 222 118 127 245 244 233 231 231
split_gain=1877.7 767.9 447.045 434.969 355.659 345.329 346.52 276.919 274.546 198.271 195.069 195.267 194.434 190.674
threshold=-0.10502195730805396 0.13636363297700885 98.500000000000014 3.5000000000000004 0.034673368558287627 -0.071757920086383806 28.500000000000004 85.500000000000014 3.5000000000000004 -0.049830745905637734 0.0010916370083577933 68.500000000000014 92.500000000000014 76.500000000000014
decision_type=2 2 8 10 8 2 8 10 10 2 2 8 10 10
left_child=3 5 8 -1 7 6 10 -5 -3 -4 -2 -12 -13 -8
right_child=1 2 9 4 -6 -7 13 -9 -10 -11 11 12 -14 -15
leaf_value=0.022207544220587735 -0.031834883120915369 -0.018934781483599165 0.02040142458657046 -0.0036269946905702552 0.017758174927636334 -0.0089235372744551015 0.0051070986835373847 0.0099954073778918077 0.00039668706278956869 0.0056545970703589998 -0.0082935117389882351 0.0076836346382023295 -0.022548076296387689 0.029516547528221821
leaf_weight=2521.1886261254549 211.2086690813303 690.21850296854973 1356.4742492437363 2518.8570069223642 2274.2716359198093 16339.573209986091 896.52150110900402 2857.348580211401 11857.374503746629 2082.3798892349005 2604.181624636054 1699.9677987098694 205.86395835876465 418.24629141390324
leaf_count=11684 911 2989 6111 11005 10309 70366 3896 12941 51860 9218 11279 7366 902 1845
internal_value=-3.40836e-05 -0.00307304 0.00194785 0.011419 0.00783928 -0.00665953 -0.0005262 0.00361816 -0.000680931 0.0115138 -0.00432266 -0.00296665 0.00431742 0.0130363
internal_weight=48533.7 38362 15986.4 10171.7 7650.48 22375.6 6035.99 5376.21 12547.6 3438.85 4721.22 4510.01 1905.83 1314.77
internal_count=212682 166743 70178 45939 34255 96565 26199 23946 54849 15329 20458 19547 8268 5741
is_linear=0
shrinkage=0.03


Tree=12
num_leaves=15
num_cat=0
split_feature=238 24 238 120 249 245 233 115 245 245 228 245 209 101
split_gain=1922.63 756.263 579.82 514.392 417.794 307.151 252.098 239.112 224.51 208.882 176.744 177.075 163.211 144.408
threshold=-0.144893042743206 81.500000000000014 -0.23291394114494321 52.500000000000007 0.14646464586257937 -0.075403515249490724 63.500000000000007 9.5000000000000018 -0.049984075129032128 -0.098805084824562059 4.5000000000000009 -0.0700504034757614 41.500000000000007 3.5000000000000004
decision_type=10 8 10 10 2 2 10 10 2 2 10 2 10 8
left_child=2 3 -1 7 5 -3 12 -2 -6 13 -8 -12 -5 -4
right_child=1 4 9 6 8 -7 10 -9 -10 -11 11 -13 -14 -15
leaf_value=0.022314800448164647 -0.02271429626785202 0.014635614459618314 0.0041952819974923746 -0.0038649055988624185 0.017511305825498067 -0.0068524548710126396 -0.0096007794614626323 -0.0092838921361754687 0.0045666495696572822 0.0036496139922689271 0.010901483202731974 -2.9694846503481722e-05 -0.014433615159653104 0.017794830320236956
leaf_weight=2697.0522907227278 1342.1468486040831 710.11807186901569 1088.0211063176394 6211.3129425495863 1930.4331694841385 3548.3718901723623 1042.2388605028391 10618.384358346462 3212.7509282529354 6741.2277940064669 2027.921804562211 3859.6080976873636 1662.9362280517817 2014.5146005302668
leaf_count=12675 5685 3150 4942 26963 8711 15445 4548 45398 14179 29733 8935 16728 7192 9219
internal_value=-0.000103586 -0.00361358 0.0100136 -0.00618416 0.00370311 -0.00324335 -0.0024431 -0.0108087 0.00944983 0.00662405 0.00172904 0.00374758 -0.00611235 0.0130544
internal_weight=48707 36166.2 12540.8 26764.5 9401.67 4258.49 14804 11960.5 5143.18 9843.76 6929.77 5887.53 7874.25 3102.54
internal_count=213503 156934 56569 115449 41485 18595 64366 51083 22890 43894 30211 25663 34155 14161
is_linear=0
shrinkage=0.03


Tree=13
num_leaves=15
num_cat=0
split_feature=238 242 66 143 66 231 231 237 70 76 238 106 236 70
split_gain=1898.81 793.391 480.252 436.984 257.049 223.948 214.068 198.509 178.864 163.549 162.262 161.27 142.265 128.276
threshold=-0.19307509809732434 0.025194436311721805 49.500000000000007 81.500000000000014 83.500000000000014 92.500000000000014 65.500000000000014 0.027946254238486293 18.500000000000004 82.500000000000014 -0.2522705197334289 20.500000000000004 -0.093777492642402635 11.500000000000002
decision_type=10 8 8 10 10 10 10 2 10 8 10 10 2 8
left_child=10 3 7 4 5 6 11 -3 -7 -4 -1 13 -8 -2
right_child=1 2 9 -5 -6 8 12 -9 -10 -11 -12 -13 -14 -15
leaf_value=0.023869179997423887 -0.0057850178482000787 -0.0062381531684410465 0.0048349080776823924 0.0011463719953176488 -0.0001176347609051652 -0.036736460986529315 0.011719611321684895 0.0025313510584470756 -0.012549787570341288 0.013478212511140208 0.012896753436210761 -0.0057984779976414276 -0.0045944908169939791 -0.015721910141655894
leaf_weight=1972.9537026584148 1543.2181078493595 4763.4055970162153 5728.4319777339697 6646.2041687071323 3230.9718291610479 447.42244391143322 563.47242315113544 4517.6152415722609 734.48174896836281 3009.5506909191608 3279.0008240938187 4098.4919952452183 2981.5707012265921 5030.7305772453547
leaf_count=9381 6585 20600 25296 29253 14053 1936 2450 19803 3191 13531 15040 17528 12798 21433
internal_value=3.90359e-05 -0.00202869 0.00278034 -0.00545666 -0.00781158 -0.00942473 -0.00836987 -0.00197139 -0.0219373 0.00782385 0.0170562 -0.01049 -0.00197575 -0.0134016
internal_weight=48547.5 43295.6 18019 25276.6 18630.4 15399.4 14217.5 9281.02 1181.9 8737.98 5251.95 10672.4 3545.04 6573.95
internal_count=212878 188457 79230 109227 79974 65921 60794 40403 5127 38827 24421 45546 15248 28018
is_linear=0
shrinkage=0.03


Tree=14
num_leaves=15
num_cat=0
split_feature=238 126 245 237 212 245 98 245 248 245 110 228 245 228
split_gain=1747.98 860.879 563.385 339.587 282.403 227.944 216.267 207.049 490.091 149.835 146.672 143.773 133.54 148.447
threshold=-0.19536200165748593 59.500000000000007 -0.091523844748735414 0.062410051003098495 27.500000000000004 -0.20662932842969892 42.500000000000007 -0.075403515249490724 0.59090909361839306 -0.071757920086383806 7.5000000000000009 18.500000000000004 -0.085580728948116289 3.5000000000000004
decision_type=10 8 2 2 10 2 10 2 2 2 8 10 2 10
left_child=5 4 10 9 6 -1 7 8 -2 11 -3 -4 -10 -14
right_child=1 2 3 -5 -6 -7 -8 -9 12 -11 -12 -13 13 -15
leaf_value=0.036152314140848366 0.015652607457686603 0.0050373158033464064 -0.0018393705641626043 0.007802668650438869 -0.013156087605656694 0.014605087496145613 0.0019569599633809547 -0.008220553099911633 -0.0099371317858228479 -0.0035521009469284197 0.019265876855213856 0.012685213198324125 -0.025662354279232302 0.0060526576457359382
leaf_weight=486.68551677465439 1216.6869233250618 973.34009899199009 1361.1292351037264 4334.3718382865191 3878.869119182229 4549.8242401778698 3961.7115959227085 10777.932776942849 2611.507508456707 10069.561402633786 2021.7202820032835 1103.2236220538616 141.73072698712349 1058.9927011877298
leaf_count=2390 5355 4412 5974 19333 16542 21208 17213 46001 11288 43937 9258 4898 605 4533
internal_value=4.11315e-05 -0.00189693 0.00270663 0.00057432 -0.00576333 0.0167547 -0.00430685 -0.00587701 -0.000847987 -0.00192955 0.014674 0.00468788 -0.00614138 0.00212805
internal_weight=48547.3 43510.8 19863.3 16868.3 23647.4 5036.51 19768.6 15806.9 5028.92 12533.9 2995.06 2464.35 3812.23 1200.72
internal_count=212947 189349 87812 74142 101537 23598 84995 67782 21781 54809 13670 10872 16426 5138
is_linear=0
shrinkage=0.03


Tree=15
num_leaves=15
num_cat=0
split_feature=238 126 242 243 226 229 226 98 242 148 231 248 229 233
split_gain=1692.93 759.869 489.25 299.535 258.956 251.028 247.435 247.496 229.049 227.848 312.862 196.08 187.394 185.376
threshold=-0.18386016786098477 76.500000000000014 0.019745898433029655 -0.034367369487881654 1.5000000000000002 67.500000000000014 9.5000000000000018 42.500000000000007 0.024375812150537971 12.500000000000002 80.500000000000014 0.49999998509883886 68.500000000000014 17.500000000000004
decision_type=10 8 8 2 10 8 8 10 8 10 10 2 10 10
left_child=4 2 12 -3 -1 8 -4 -8 -5 10 -10 -7 13 -2
right_child=1 3 6 5 -6 11 7 -9 9 -11 -12 -13 -14 -15
leaf_value=0.025188462429985507 -0.020969118231356061 0.010273012430975816 0.0056873630435807102 -0.009661982601661994 0.010992153729356552 0.0033868317887839968 -0.0055835892251661235 0.002675487151043579 0.0091246806026436568 0.0081232769343386087 -0.044831214245080936 0.022266508547783958 -0.0012972568864126454 -0.0098761673014225917
leaf_weight=1559.5438015013933 1763.6809008866549 4437.7744481861591 3030.7394144684076 2645.4723915606737 4541.2044449746609 2487.5383515357971 13418.449281066656 4307.9925687164068 191.6511372178793 1741.0462598353624 179.68435549736023 609.7366366237402 1654.5993369370699 5977.807314991951
leaf_count=7474 7468 19972 13288 11466 21077 11075 57706 18774 850 7745 793 2812 7111 25428
internal_value=-0.000107205 -0.00223212 -0.0047946 0.00405217 0.0146565 0.0005291 -0.00222141 -0.00357604 -0.00379556 0.00356225 -0.0174748 0.00716323 -0.0104707 -0.0124272
internal_weight=48546.9 42446.2 30153.3 12292.9 6100.75 7855.13 20757.2 17726.4 4757.85 2112.38 371.335 3097.27 9396.09 7741.49
internal_count=213039 184488 129775 54713 28551 34741 89768 76480 20854 9388 1643 13887 40007 32896
is_linear=0
shrinkage=0.03


Tree=16
num_leaves=15
num_cat=0
split_feature=238 126 238 242 229 209 242 226 226 242 178 147 243 226
split_gain=1601.64 653.75 451.086 341.113 350.422 257.744 243.251 215.003 198.845 184.863 167.374 155.769 141.902 141.549
threshold=-0.15018189698457715 54.500000000000007 -0.23291394114494321 0.024375812150537971 67.500000000000014 39.500000000000007 0.03193612955510617 2.5000000000000004 12.500000000000002 0.030573128722608093 3.5000000000000004 18.500000000000004 -0.092150788754224763 64.500000000000014
decision_type=10 8 10 8 10 10 8 8 8 8 10 10 2 8
left_child=2 5 -1 4 8 9 7 12 11 -2 -5 -3 -4 -11
right_child=1 3 6 10 -6 -7 -8 -9 -10 13 -12 -13 -14 -15
leaf_value=0.020807727470017662 -0.0070416545663104652 0.016991903229028799 0.034302552089034988 0.015314228168882756 0.0064049901506989006 -0.014550324801477572 0.01366179538791769 3.8179397894403679e-05 -0.0089608069168144316 0.00482306563241442 0.0038694577911427756 -0.002368017486067399 0.0088470552062577621 -0.0070149340201278694
leaf_weight=2631.710422322154 12238.037679091096 463.92372472584248 244.59497539699078 1410.2584647983313 2949.0621020793915 3199.5746295303106 2912.6589197218418 4532.2598701566458 5266.2841483652592 2459.0685529708862 6112.2784424126148 1766.4826818108559 928.4398345798254 1428.832264944911
leaf_count=12758 51969 2051 1169 6426 13144 13548 13317 20073 22653 10726 27104 7705 4243 6227
internal_value=3.98203e-05 -0.00295338 0.00995641 0.00116581 -0.00234138 -0.00678191 0.00662241 0.00301106 -0.00578599 -0.0052325 0.0060325 0.00171671 0.0144 0.000465678
internal_weight=48543.5 37293.8 11249.7 17968.3 10445.8 19325.5 8617.95 5705.29 7496.69 16125.9 7522.54 2230.41 1173.03 3887.9
internal_count=213113 161553 51560 79083 45553 82470 38802 25485 32409 68922 33530 9756 5412 16953
is_linear=0
shrinkage=0.03


Tree=17
num_leaves=15
num_cat=0
split_feature=238 137 238 226 222 215 242 243 226 47 242 243 243 74
split_gain=1511.44 724.549 467.861 343.879 284.75 225.396 223.609 205.729 173.94 171.647 157.381 253.504 193.09 152.086
threshold=-0.14830452948808667 59.500000000000007 -0.22514960169792173 9.5000000000000018 28.500000000000004 46.500000000000007 0.028143962845206264 -0.050912378355860703 80.500000000000014 8.5000000000000018 0.031638506799936301 -0.082175362855195985 -0.048505512997508042 89.500000000000014
decision_type=10 8 10 8 10 10 8 2 10 10 8 2 2 10
left_child=2 3 -1 -2 5 10 8 -4 -3 -6 11 -5 -13 -9
right_child=1 6 7 4 9 -7 -8 13 -10 -11 -12 12 -14 -15
leaf_value=0.019666104383579044 0.001616169090208022 -0.003106021874692421 0.012265828746798746 -0.041025034966976258 0.0051531133824940702 -0.020600142210517071 0.0080670649537544995 0.0052596711268153304 0.0054903675502205014 -0.0058941012658456143 0.0014911680213340328 -0.0010822331771656332 -0.012564704834598801 -0.0062260849700794688
leaf_weight=2965.5283108949661 4109.6065995693207 6176.9481744617224 2941.6751042604446 231.95727378129959 1524.2157268822193 1917.7271372526884 4336.8730412274599 4278.1604712754488 3211.4356728196144 7268.3599737286568 1079.5169282108545 1754.9185994118452 5309.0253017097712 1359.5524481087923
leaf_count=14425 17913 26834 13529 993 6631 8078 19437 19106 14279 31028 4716 7491 22426 5987
internal_value=-5.78608e-05 -0.00302064 0.00941151 -0.00625247 -0.00794673 -0.011332 0.00244164 0.00584816 -0.000162787 -0.00397536 -0.00918782 -0.0107678 -0.00971764 0.00248372
internal_weight=48465.5 36920.6 11544.9 23195.3 19085.7 10293.1 13725.3 8579.39 9388.38 8792.58 8375.42 7295.9 7063.94 5637.71
internal_count=212873 159826 53047 99276 81363 43704 60550 38622 41113 37659 35626 30910 29917 25093
is_linear=0
shrinkage=0.03


Tree=18
num_leaves=15
num_cat=0
split_feature=245 242 224 119 226 245 228 226 226 242 226 66 245 243
split_gain=1508.51 842.174 459.955 417.558 392.353 501.589 299.137 289.623 356.884 258.786 251.767 234.258 232.038 230.077
threshold=-0.099417231976985918 0.031638506799936301 3.5000000000000004 58.500000000000007 66.500000000000014 -0.055736036971211426 25.500000000000004 54.500000000000007 12.500000000000002 0.034204933792352683 12.500000000000002 74.500000000000014 -0.075939938426017747 -0.083881396800279603
decision_type=2 8 10 10 10 2 10 8 10 8 10 8 2 2
left_child=2 3 -1 6 -5 -6 10 8 -4 13 -2 -3 -8 -10
right_child=1 11 7 4 5 -7 12 -9 9 -11 -12 -13 -14 -15
leaf_value=0.024451196367360813 -0.0020522085681024117 0.0026268981075939684 0.015154560337592271 -0.0040265390108568094 0.018118994320936076 -0.0018173460633743191 0.011772201135258209 0.021027828704273981 -0.039232504530988317 0.013573328423262643 -0.016408142697613787 0.012997919122600166 -0.0059871641167625706 -0.0057877332998164215
leaf_weight=2157.9165569543839 1428.3272490203381 6329.026559099555 1410.2954065948725 12790.979477569461 1869.2197764217854 2866.96478061378 711.72555129230022 1105.9606344997883 204.44247804582119 539.57750383019447 4810.907187089324 2834.2843446284533 8106.2675257176161 1395.824223741889
leaf_count=10475 6140 28057 6622 55588 8412 12580 3062 5061 911 2525 20211 13075 34506 6150
internal_value=-4.82479e-05 -0.00218527 0.0130287 -0.00444474 -0.00129568 0.00607248 -0.00810707 0.00769382 0.00349253 -0.00422824 -0.0131302 0.00584541 -0.00454204 -0.0102776
internal_weight=48561.7 41747.7 6814.02 32584.4 17527.2 4736.18 15057.2 4656.1 3550.14 2139.84 6239.23 9163.31 8817.99 1600.27
internal_count=213375 181631 31744 140499 76580 20992 63919 21269 16208 9586 26351 41132 37568 7061
is_linear=0
shrinkage=0.03


Tree=19
num_leaves=15
num_cat=0
split_feature=245 242 230 226 126 222 245 120 24 245 108 226 242 226
split_gain=1391.93 856.784 482.11 443.214 390.32 341.647 316.283 295.664 250.208 226.749 205.084 205.034 272.526 197.742
threshold=-0.099417231976985918 0.025194436311721805 80.500000000000014 6.5000000000000009 38.500000000000007 22.500000000000004 -0.046815147623419755 75.500000000000014 1.5000000000000002 -0.20662932842969892 11.500000000000002 54.500000000000007 0.031026237644255165 66.500000000000014
decision_type=2 8 10 10 8 10 2 10 10 2 10 10 10 10
left_child=3 2 7 -1 -3 9 -4 10 -6 -5 -2 12 -11 -9
right_child=1 4 6 5 8 -7 -8 13 -10 11 -12 -13 -14 -15
leaf_value=0.022801790569750246 -0.01589978568867487 -0.0031080806290081442 0.01048745289939359 0.035618742528885833 0.015855854744350174 0.026105445364579784 -0.0048174563822030135 -0.0044453543362067971 0.0042350241381074903 -0.0079640774622993359 -0.0077287358285399472 0.01728857925176824 0.012593466284660647 0.012359918967688979
leaf_weight=2496.4813154637814 4220.888120085001 6149.8435869514942 2408.4018095135689 173.29317471385002 1996.717856913805 685.93896272778511 2433.9770024269819 5814.3258963227272 9955.003621339798 2000.8079537600279 8106.3192217350006 589.27173765003681 806.04560281336308 696.91745063662529
leaf_count=12173 17776 26534 10667 881 9274 3217 10555 25165 44349 8899 34338 2672 3787 3062
internal_value=0.000160331 -0.00188285 -0.00563778 0.0127882 0.00302983 0.0068739 0.00280051 -0.00780716 0.00618809 0.00311555 -0.0105372 0.00135731 -0.00203681 -0.00263044
internal_weight=48534.2 41782.4 23680.8 6751.84 18101.6 4255.36 4842.38 18838.5 11951.7 3569.42 12327.2 3396.13 2806.85 6511.24
internal_count=213349 181720 101563 31629 80157 19456 21222 80341 53623 16239 52114 15358 12686 28227
is_linear=0
shrinkage=0.03


Tree=20
num_leaves=15
num_cat=0
split_feature=120 24 240 215 237 233 136 229 248 140 24 248 60 229
split_gain=1093.63 617.698 359.245 261.926 238.548 201.5 191.93 174.007 189.977 173.681 239.107 156.873 146.559 145.311
threshold=77.500000000000014 95.500000000000014 -0.060814343392848962 34.500000000000007 0.037618810310959823 68.500000000000014 1.5000000000000002 68.500000000000014 0.48989899456501013 32.500000000000007 21.500000000000004 0.4797979891300202 69.500000000000014 4.5000000000000009
decision_type=8 8 10 10 2 10 10 10 2 10 10 2 10 10
left_child=1 3 -2 9 5 7 -6 -4 -9 10 13 -7 -5 -1
right_child=2 -3 4 12 6 11 -8 8 -10 -11 -12 -13 -14 -15
leaf_value=0.0082536338775468787 0.016034679206092747 0.0086091033377691008 -0.0047496212402041126 -0.015220099467544256 0.016236696527350714 -0.0033487129652136631 0.005121471072148347 -0.0016962844728558631 0.026741658200709572 -0.0011286234792405952 -0.010801723329806955 0.012243895985297173 -0.0024614081855195606 -0.0042901650797331388
leaf_weight=1000.299389436841 2591.9942499250174 3319.744114741683 4942.172113224864 3139.7928938865662 1863.6943603903055 841.27080112695694 5578.2804996222258 523.10868847370148 343.57791225612164 11078.178236231208 5613.3310120254755 1839.137836098671 1096.8189512044191 4686.0358917117119
leaf_count=4415 12402 14965 21685 13230 8915 3663 25221 2310 1595 47873 23836 8225 4705 20123
internal_value=-3.04861e-05 -0.0035754 0.00569706 -0.00509789 0.00400614 0.000567108 0.00792311 -0.00257267 0.00975372 -0.00379957 -0.00641485 0.00735576 -0.0119306 -0.00207293
internal_weight=48457.4 29934.2 18523.2 26614.5 15931.2 8489.27 7441.97 5808.86 866.687 22377.8 11299.7 2680.41 4236.61 5686.34
internal_count=213163 129147 84016 114182 71614 37478 34136 25590 3905 96247 48374 11888 17935 24538
is_linear=0
shrinkage=0.03


Tree=21
num_leaves=15
num_cat=0
split_feature=236 120 178 238 226 226 4 233 242 226 226 230 249 222
split_gain=1342.77 553.179 440.471 343.339 300.419 287.72 314.12 242.927 185.104 174.986 195.997 173.483 162.865 160.688
threshold=-0.11493238806724547 73.500000000000014 96.500000000000014 -0.2522705197334289 66.500000000000014 12.500000000000002 9.5000000000000018 68.500000000000014 0.041227774694561965 3.5000000000000004 54.500000000000007 51.500000000000007 0.91414141654968273 19.500000000000004
decision_type=2 8 8 10 8 10 10 8 8 8 10 8 2 8
left_child=3 2 5 -1 7 -2 -7 -3 9 -5 12 -6 -11 -13
right_child=1 4 -4 8 11 6 -8 -9 -10 10 -12 13 -14 -15
leaf_value=0.025175490658013288 0.0030243455625556912 -0.0033019559954325529 0.0077250921449697361 0.017738895740200048 -0.0094782656979444414 -0.015411161343492373 -0.0055843158084891483 0.0054705404186488268 0.019113855450035796 0.00025754250922198092 0.013326277019161632 0.025817611902883134 -0.03881287026561879 0.0088485210410254207
leaf_weight=1381.5645039230585 2753.9385680705309 7373.4313109517097 2281.0798894315958 917.89136528968811 363.07111366093159 3540.6172823607922 16854.852784380317 4607.8902129977942 1205.5509702414274 2680.478656411171 1200.4481285512447 620.57347781956196 89.586044669151306 2587.317334368825
leaf_count=7064 11892 32318 10243 4439 1585 14882 71941 20529 5725 12130 5466 2824 405 11799
internal_value=3.00065e-05 -0.00210357 -0.00482852 0.011714 0.00235241 -0.00606832 -0.00729696 7.36024e-05 0.0086259 0.00600568 0.00325547 0.00997672 -0.00114109 0.0122013
internal_weight=48458.3 40982.8 25430.5 7475.52 15552.3 23149.4 20395.5 11981.3 6093.96 4888.4 3970.51 3570.96 2770.06 3207.89
internal_count=213242 178013 108958 35229 69055 98715 86823 52847 28165 22440 18001 16208 12535 14623
is_linear=0
shrinkage=0.03


Tree=22
num_leaves=15
num_cat=0
split_feature=245 242 119 140 106 248 229 248 245 24 248 245 24 228
split_gain=1260.16 692.625 367.507 366.748 372.843 272.731 283.956 269.406 240.698 217.692 199.383 282.918 236.992 221.554
threshold=-0.099417231976985918 0.031638506799936301 84.500000000000014 44.500000000000007 33.500000000000007 0.6111111342906953 3.5000000000000004 0.88383838534355175 -0.0700504034757614 1.5000000000000002 0.71212121844291698 -0.074086081236600862 7.5000000000000009 22.500000000000004
decision_type=2 8 8 10 10 2 8 2 2 10 2 2 10 10
left_child=2 3 5 4 10 -1 -7 -8 -5 -3 11 -2 -12 -14
right_child=1 9 -4 8 -6 6 7 -9 -10 -11 12 -13 13 -15
leaf_value=0.018482181394285226 0.0063275406851027406 0.014122423364950641 0.019177434905600494 0.0065318692732032951 0.00012627420581754755 0.016419802286039165 -0.00094215337272427326 -0.030905574616561491 -0.0025585236525304698 0.002939084760289317 -0.0048677385358455033 -0.0094252133347738146 -0.026271308815470441 -0.0052650652429058024
leaf_weight=966.15108235180378 1184.2679580450058 2000.6265816837549 3325.194773003459 3322.4474497288465 4769.2813820689917 652.71583664417267 1427.6326067149639 323.26774217188358 12278.864354625344 7130.6491753160954 1234.7402330338955 7384.9611177146435 1818.0814250260592 608.03639207780361
leaf_count=4499 5080 9385 16482 14720 20514 3014 6299 1413 53283 31815 5325 31133 7659 2568
internal_value=4.25074e-05 -0.00189666 0.0121148 -0.00394203 -0.00698897 0.00510945 -0.000320117 -0.00661838 -0.000619694 0.00540208 -0.00976149 -0.00724334 -0.0156201 -0.0210499
internal_weight=48426.9 41732 6694.96 32600.7 16999.4 3369.77 2403.62 1750.9 15601.3 9131.28 12230.1 8569.23 3660.86 2426.12
internal_count=213189 181482 31707 140282 72279 15225 10726 7712 68003 41200 51765 36213 15552 10227
is_linear=0
shrinkage=0.03


Tree=23
num_leaves=15
num_cat=0
split_feature=238 137 238 245 120 106 231 229 233 129 245 243 245 245
split_gain=1235.09 532.291 396.949 386.765 256.379 221.675 219.17 321.682 197.102 165.138 163.383 158.535 152.727 142.032
threshold=-0.14746652543544767 59.500000000000007 -0.23291394114494321 -0.0700504034757614 69.500000000000014 12.500000000000002 92.500000000000014 8.5000000000000018 57.500000000000007 57.500000000000007 -0.075939938426017747 -0.050912378355860703 -0.097591508179903017 -0.044437589123845093
decision_type=10 8 10 2 10 10 10 10 8 10 2 2 2 2
left_child=2 4 -1 -3 5 -2 8 12 -6 13 -7 -4 -8 -5
right_child=1 3 11 9 6 10 7 -9 -10 -11 -12 -13 -14 -15
leaf_value=0.019139033507506602 -0.012961842324499002 0.011887424079130368 0.011214496448453754 0.0013185856867366107 -0.0035713742750104914 0.003045125221993304 -0.0069629241678880972 0.0066292770601979493 0.0069966740472917803 0.0061311219632253578 -0.0067840240051146618 0.0028519329894061882 -0.03830085856592675 -0.0066073064246151402
leaf_weight=2532.6193840354681 4681.6329853981733 2880.0794573873281 3095.7495880573988 4134.6809448301792 3390.5697280168533 1815.2886204719543 223.52714075148106 421.86537347733974 2971.0506510138512 2571.2662781774998 9251.438345015049 5977.0046944022179 389.37480838596821 3991.4655150175095
leaf_count=12859 19587 13142 14535 18133 14574 7814 1032 1843 12964 11446 39136 26743 1673 17418
internal_value=0.000131255 -0.00256512 0.00865811 0.00214961 -0.00533068 -0.00749341 -0.00072191 -0.013457 0.00136743 -0.000480764 -0.00517044 0.00571456 -0.0271671 -0.00257785
internal_weight=48327.6 36722.2 11605.4 13577.5 23144.7 15748.4 7396.39 1034.77 6361.62 10697.4 11066.7 9072.75 612.902 8126.15
internal_count=212899 158762 54137 60139 98623 66537 32086 4548 27538 46997 46950 41278 2705 35551
is_linear=0
shrinkage=0.03


Tree=24
num_leaves=15
num_cat=0
split_feature=245 237 126 47 140 245 230 231 231 77 121 188 249 245
split_gain=1154.19 540.101 368.937 327.858 268.97 354.749 312.921 285.918 217.353 189.355 185.346 160.895 158.907 181.318
threshold=-0.099417231976985918 0.037618810310959823 76.500000000000014 97.500000000000014 30.500000000000004 -0.071302972733974443 10.500000000000002 94.500000000000014 22.500000000000004 4.5000000000000009 54.500000000000007 27.500000000000004 0.21717172116041186 -0.10350605472922324
decision_type=2 2 8 8 8 2 10 10 10 10 10 10 2 2
left_child=2 4 8 9 6 -6 7 10 12 11 -2 -3 13 -1
right_child=1 3 -4 -5 5 -7 -8 -9 -10 -11 -12 -13 -14 -15
leaf_value=-0.032929024817414006 0.0084055462355811447 -0.026695735577698713 0.020192783171046353 0.010452809910181365 0.0073420575983281257 -0.0039971240541503451 -0.010663395646166741 -0.030572344143255763 0.008435248126967684 0.0015636934822509392 -0.0055945362289907654 -0.0031890742307964567 0.017758949757707507 0.013762310367248507
leaf_weight=293.24553160369396 1870.6097472012043 389.31082384288311 2674.6639931201935 3760.4677297621965 3132.6731042265892 11826.5916043818 8770.5087403506041 249.74568961560726 3447.4349220097065 9360.5521255284548 1545.3269900530577 771.9173389673233 111.95451462268829 93.10456171631813
leaf_count=1313 8130 1661 13467 17279 13812 50981 36936 1090 15934 41283 6637 3430 509 415
internal_value=-1.69331e-05 -0.00186607 0.0116093 0.00286247 -0.00433138 -0.00161923 -0.00758986 -0.000227119 0.00575455 0.000142348 0.00207424 -0.0112305 -0.0125925 -0.0216138
internal_weight=48298.1 41677.7 6620.4 14282.2 27395.5 14959.3 12436.2 3665.68 3945.74 10521.8 3415.94 1161.23 498.305 386.35
internal_count=212877 181239 31638 63653 117586 64793 52793 15857 18171 46374 14767 5091 2237 1728
is_linear=0
shrinkage=0.03


Tree=25
num_leaves=15
num_cat=0
split_feature=238 126 242 242 47 140 233 248 118 248 248 10 228 148
split_gain=1097.35 595.271 322.395 259.338 230.197 200.462 253.546 203.236 195.633 198.002 179.677 161.121 129.659 124.666
threshold=-0.20431646704673764 75.500000000000014 0.025194436311721805 0.024375812150537971 15.500000000000002 51.500000000000007 43.500000000000007 0.71212121844291698 32.500000000000007 0.85353535413742077 0.55050507187843334 54.500000000000007 52.500000000000007 12.500000000000002
decision_type=10 8 8 8 10 10 10 2 10 2 2 8 8 8
left_child=-1 2 5 10 -4 6 7 -2 9 -6 -3 -9 -12 -5
right_child=1 3 4 13 8 -7 -8 11 -10 -11 12 -13 -14 -15
leaf_value=0.014902684882486526 -0.0098587954812013427 -0.0044033678215869452 0.0062841891946173517 -0.0028331324135265961 -0.0073431024134048006 -0.0014021614687632035 -0.0049882942448650474 -0.013394208756712036 0.00042093206179679289 -0.047698459442755171 0.0025458998144109709 -0.034445296571794876 0.018522363363759061 0.010156476490124999
leaf_weight=4066.7715747505426 3422.3810523748398 3792.9821615070105 3680.9227447807789 756.37633734941483 2856.7183355391026 5343.505458727479 7754.0521772801876 698.40445366501808 6286.6869472563267 104.29234290122986 3025.4915177971125 642.93304589390755 529.58175411820412 5271.558636277914
leaf_count=20294 14305 16466 16335 3430 12193 22884 32757 2953 27537 441 13566 2681 2537 24286
internal_value=1.01746e-05 -0.00136418 -0.00365947 0.00391807 -5.07968e-05 -0.00627006 -0.00834526 -0.0137876 -0.00257642 -0.00892026 0.000132706 -0.0236647 0.00497111 0.00852457
internal_weight=48232.7 44165.9 30789.9 13376 12928.6 17861.3 12517.8 4763.72 9247.7 2961.01 7348.06 1341.34 3555.07 6027.93
internal_count=212665 192371 132086 60285 56506 75580 52696 19939 40171 12634 32569 5634 16103 27716
is_linear=0
shrinkage=0.03


Tree=26
num_leaves=15
num_cat=0
split_feature=245 237 224 226 226 248 140 245 230 228 248 248 248 228
split_gain=1085.01 530.242 365.705 310.49 291.38 420.175 265.037 360.433 324.767 270.587 234.552 215.776 207.23 325.329
threshold=-0.099417231976985918 0.041665513068437583 3.5000000000000004 54.500000000000007 12.500000000000002 0.6111111342906953 30.500000000000004 -0.071302972733974443 10.500000000000002 4.5000000000000009 0.74242421984672557 0.7929292917251588 0.71212121844291698 25.500000000000004
decision_type=2 2 10 8 10 2 8 2 10 10 2 2 2 10
left_child=2 6 -1 4 -4 -6 8 -8 9 11 -3 -2 -10 -14
right_child=1 10 3 -5 5 -7 7 -9 12 -11 -12 -13 13 -15
leaf_value=0.02182840497491215 -0.0022006154653368306 0.0047735580049636126 0.013017241953140898 0.020737894779675092 0.016773937096415587 -0.013015798336012532 0.0074107577641879026 -0.0036780049935510057 -0.0078869019973840018 0.0059826773855711692 -0.0084791360901718665 -0.027541528856226079 -0.02680212223295626 0.00092146227256153981
leaf_weight=2063.5008615553379 919.26233729720116 11432.037836059928 1354.992493480444 1056.6226315647364 580.37328433990479 1524.9839977324009 3328.7860276848078 12565.290354922414 7280.9765869528055 2515.021369472146 1333.7997787445784 442.11425365507603 1353.6562350094318 527.72360350191593
leaf_count=10587 3974 51231 6582 4989 2762 6749 14726 54162 30613 10909 5921 1892 5643 2235
internal_value=7.95591e-05 -0.00170783 0.0113911 0.00658537 0.00221657 -0.00476334 -0.00395456 -0.00135242 -0.00712306 0.000156835 0.00338334 -0.010571 -0.0101998 -0.019062
internal_weight=48279.1 41698.7 6580.47 4516.97 3460.35 2105.36 28932.8 15894.1 13038.8 3876.4 12765.8 1361.38 9162.36 1881.38
internal_count=212975 181306 31669 21082 16093 9511 124154 68888 55266 16775 57152 5866 38491 7878
is_linear=0
shrinkage=0.03


Tree=27
num_leaves=15
num_cat=0
split_feature=242 120 124 60 243 228 120 243 222 40 63 120 228 140
split_gain=862.944 573.976 324.046 244.985 213.038 202.765 166.664 190.615 185.652 146.422 145.76 172.566 166.671 141.839
threshold=0.031638506799936301 77.500000000000014 64.500000000000014 67.500000000000014 -0.099056556820869432 29.500000000000004 51.500000000000007 -0.057291656732559197 5.5000000000000009 23.500000000000004 60.500000000000007 98.500000000000014 5.5000000000000009 47.500000000000007
decision_type=8 10 8 10 2 10 8 2 10 8 8 10 10 10
left_child=1 3 9 5 -3 6 7 8 -1 -2 11 -6 -12 -9
right_child=2 4 -4 -5 10 -7 -8 13 -10 -11 12 -13 -14 -15
leaf_value=-0.015302148986296069 0.008851010328086089 0.022001625155840095 0.013122201038500068 -0.00049330546408897307 -0.0042361893620185311 -0.0033744538673246408 -0.0052000287843181362 -0.019088242136871075 0.0111459791819497 -0.00069223282929030969 -0.0034465944481171435 0.0067938862196045974 0.0080659694011192429 -0.005153367554127969
leaf_weight=442.55307690799236 2274.7205909341574 495.74664679169655 4903.610107883811 7704.6037063151598 4481.8144028782845 7567.5044913291931 3690.5268477350473 3336.2993479222059 495.9873955398798 3942.5779345035553 1473.230112478137 1773.5823073685169 4805.1710888147354 829.46585729718208
leaf_count=1877 10379 2610 23604 33351 19690 32122 15769 13806 2108 17553 6739 8219 21503 3500
internal_value=3.7365e-05 -0.00216031 0.00736358 -0.00490531 0.00290988 -0.00698124 -0.0100773 -0.0135867 -0.00135504 0.00280796 0.00213781 -0.001103 0.00536336 -0.0163326
internal_weight=48217.4 37096.5 11120.9 24066.9 13029.5 16362.3 8794.83 5104.31 938.54 6217.3 12533.8 6255.4 6278.4 4165.77
internal_count=212830 161294 51536 102533 58761 69182 37060 21291 3985 27932 56151 27909 28242 17306
is_linear=0
shrinkage=0.03


Tree=28
num_leaves=15
num_cat=0
split_feature=238 249 238 24 60 72 248 226 226 226 229 243 231 248
split_gain=987.646 407.049 356.444 322.911 254.3 187.036 168.709 154.727 146.867 190.936 161.591 163.353 190.385 351.186
threshold=-0.13239528983831403 0.13636363297700885 -0.23291394114494321 79.500000000000014 71.500000000000014 6.5000000000000009 0.33838383853435522 70.500000000000014 14.500000000000002 93.500000000000014 94.500000000000014 -0.087502673268318162 69.500000000000014 0.6414141356945039
decision_type=10 2 10 8 8 10 2 8 8 10 10 2 10 2
left_child=2 8 -1 5 7 -3 -5 -4 -2 10 11 -10 -13 -14
right_child=1 3 4 6 -6 -7 -8 -9 9 -11 -12 12 13 -15
leaf_value=0.016900170792514418 -0.00047361451016409475 -0.016546047360386937 -0.00047301023790283323 0.0025745505170611796 0.010500228330599702 -0.001017124298818188 0.013610094209274769 0.010077465265710073 -0.039557715039109376 0.0031550035974314541 -0.031106195291797277 -0.0088181718454617471 -0.010098715990737125 0.011649582638695309
leaf_weight=2434.2349195331335 4116.5504405647516 763.31764224171638 6995.2353478521109 3045.7343583405018 4103.3934632688761 7189.7424604147673 2107.9533000290394 1513.2757932692766 131.77390220761299 1551.7757277935743 256.13157410919666 11401.308517187834 1416.5671420693398 1247.0765015482903
leaf_count=12723 17806 3229 31284 13615 18976 31179 9729 6797 566 6714 1091 48079 6002 5366
internal_value=3.74561e-05 -0.00285 0.00641179 0.0012636 0.00437563 -0.00252646 0.00710591 0.00141307 -0.00552886 -0.00682801 -0.00790131 -0.00746106 -0.00713245 8.89872e-05
internal_weight=48274.1 33227.9 15046.1 13106.7 12611.9 7953.06 5153.69 8508.51 20121.2 16004.6 14452.9 14196.7 14065 2663.64
internal_count=213156 143376 69780 57752 57057 34408 23344 38081 85624 67818 61104 60013 59447 11368
is_linear=0
shrinkage=0.03


Tree=29
num_leaves=15
num_cat=0
split_feature=245 24 120 224 35 248 231 224 230 231 228 248 230 243
split_gain=1006.03 474.657 390.907 331.566 259.971 243.46 333.19 215.393 205.795 332.635 404.594 302.825 204.366 216.864
threshold=-0.099417231976985918 97.500000000000014 73.500000000000014 3.5000000000000004 7.5000000000000009 0.6111111342906953 22.500000000000004 41.500000000000007 71.500000000000014 91.500000000000014 5.5000000000000009 0.58080807328224193 5.5000000000000009 -0.046548811718821519
decision_type=2 8 10 10 10 2 10 10 10 10 10 2 10 2
left_child=3 2 4 -1 -2 -5 -7 -8 9 12 -11 -10 -4 -14
right_child=1 -3 8 5 -6 6 7 -9 11 10 -12 -13 13 -15
leaf_value=0.020981714420276916 -0.013393216216440273 0.0082913368145360513 0.0098275637863855687 0.017218521551219335 -0.0039906223532500847 -0.028310357463875762 6.9534194695954673e-05 0.018615109373442885 0.002043438930948788 -0.026695487794661146 -0.0014233027372564139 0.025615470752639181 0.012980275245578788 -0.0023133104851625818
leaf_weight=2011.5658499002457 3038.6498406380415 3808.1568946391344 2277.2824154049158 1299.4202728420496 20231.254667684436 289.11963059008121 2145.7379847764969 754.46175687015057 1613.5963941812515 867.30366414785385 1631.8186135143042 695.9695563018322 943.85109966993332 6657.8045342862606
leaf_count=10519 12766 17715 10193 6390 85963 1272 9841 3579 7213 3851 7329 3291 4203 29121
internal_value=-8.27489e-05 -0.00179217 -0.00280574 0.0108865 -0.00522367 0.00632589 0.00184797 0.00494139 0.00102599 -0.000510321 -0.0102653 0.00922649 0.00196532 -0.000399841
internal_weight=48266 41765.7 37957.5 6500.31 23269.9 4488.74 3189.32 2900.2 14687.6 12378.1 2499.12 2309.57 9878.94 7601.66
internal_count=213246 181645 163930 31601 98729 21082 14692 13420 65201 54697 11180 10504 43517 33324
is_linear=0
shrinkage=0.03


Tree=30
num_leaves=15
num_cat=0
split_feature=242 118 133 230 228 242 230 136 242 144 244 59 24 131
split_gain=792.543 482.177 281.832 255.864 254.421 204.738 215.879 201.579 174.983 173.506 161.229 155.146 148.889 139.175
threshold=0.031638506799936301 85.500000000000014 27.500000000000004 10.500000000000002 25.500000000000004 0.019193497486412529 71.500000000000014 1.5000000000000002 0.025101029314100746 7.5000000000000009 0.0019807587377727036 11.500000000000002 24.500000000000004 79.500000000000014
decision_type=8 10 10 8 10 10 10 10 10 10 2 10 8 8
left_child=1 3 -2 8 10 6 11 -7 -1 12 -5 -3 -9 -4
right_child=2 5 13 4 -6 7 -8 9 -10 -11 -12 -13 -14 -15
leaf_value=-0.0019789297041462122 0.012019753935241248 0.0029476201097603945 0.00057149039285356437 -0.025183480649923807 -0.0031773249347629962 0.016329141137959181 0.0077638987784151101 -0.046156179370280097 0.0099428200726616109 0.0048688740086735138 -0.0087795140268305868 -0.011824032711777998 0.00056455283579290728 0.013927971704046383
leaf_weight=3733.3802879154682 5281.8515078723431 968.90880860388279 5007.1713700294495 574.8781975954771 12755.562187224627 1435.9382127076387 1353.7592392712831 103.48101791739464 1564.2804203778505 5076.984482601285 7561.3319216519594 1855.4529084861279 133.21173438429832 806.83785820007324
leaf_count=16012 25659 4460 22312 2392 54203 7157 6208 452 6969 23116 31795 8047 595 3744
internal_value=-2.13224e-05 -0.00212457 0.00700989 -0.00433282 -0.00582545 0.00316685 -0.00204952 0.00639412 0.0015534 0.00368371 -0.00996806 -0.00676404 -0.0209045 0.00244577
internal_weight=48213 37117.2 11095.9 26189.4 20891.8 10927.7 4178.12 6749.62 5297.66 5313.68 8136.21 2824.36 236.693 5814.01
internal_count=213121 161406 51715 111371 88390 50035 18715 31320 22981 24163 34187 12507 1047 26056
is_linear=0
shrinkage=0.03


Tree=31
num_leaves=15
num_cat=0
split_feature=236 237 66 51 120 120 226 14 178 232 226 120 224 10
split_gain=954.81 368.835 323.085 173.886 170.96 164.187 182.67 155.982 152.651 134.953 117.243 137.038 156.309 114.749
threshold=-0.09724745154380797 0.037190975621342666 77.500000000000014 4.5000000000000009 98.500000000000014 52.500000000000007 83.500000000000014 6.5000000000000009 1.5000000000000002 87.500000000000014 66.500000000000014 87.500000000000014 38.500000000000007 56.500000000000007
decision_type=2 2 8 8 10 10 10 10 10 10 10 10 10 10
left_child=2 5 4 -3 7 6 -2 -1 -5 10 13 12 -12 -7
right_child=1 3 -4 8 -6 9 -8 -9 -10 -11 11 -13 -14 -15
leaf_value=-0.0056914069275613146 -0.0089951348881174703 -0.013284255427822899 0.014012747901889845 0.012184052040513609 0.013041558027627713 -0.0025363541542228942 8.3509737491675316e-05 0.0046111948775250204 0.0014700216828890272 0.0048559457603736074 0.01223643788468211 0.012463988923598507 -0.0092504960453844917 -0.010092460439126543
leaf_weight=1853.4024184793234 9309.8747009336948 633.39112095534801 4238.4124104976654 1349.2242343276739 1438.4043949693441 5063.0190146267414 2537.5627325028181 4549.9476256668568 10054.123345807195 2077.7167934328318 421.48013980686665 793.19429574906826 1029.2390458285809 2812.7968573272228
leaf_count=8430 38979 2726 20810 6335 7179 21721 10772 20554 44564 9038 1801 3602 4459 12010
internal_value=5.16817e-05 -0.00239261 0.00734835 0.00189332 0.00373304 -0.00453802 -0.00705218 0.00162496 0.00274725 -0.00209223 -0.00352217 0.00251887 -0.00296682 -0.00524434
internal_weight=48161.8 36081.6 12080.2 12036.7 7841.75 24044.9 11847.4 6403.35 11403.3 12197.4 10119.7 2243.91 1450.72 7875.82
internal_count=212980 156007 56973 53625 36163 102382 49751 28984 50899 52631 43593 9862 6260 33731
is_linear=0
shrinkage=0.03


Tree=32
num_leaves=15
num_cat=0
split_feature=120 24 226 243 14 246 243 222 230 243 222 246 138 147
split_gain=691.602 435.563 460.201 250.724 231.492 193.773 170.178 224.384 217.116 208.343 176.682 281.049 150.146 145.889
threshold=97.500000000000014 97.500000000000014 12.500000000000002 -0.083881396800279603 5.5000000000000009 0.11350297927856447 -0.048505512997508042 5.5000000000000009 64.500000000000014 -0.077136084437370286 18.500000000000004 0.014817873481661083 45.500000000000007 55.500000000000007
decision_type=8 8 10 2 10 2 2 10 10 2 10 2 10 10
left_child=1 2 3 -1 -4 6 7 9 -9 -6 11 12 -8 -11
right_child=-2 -3 4 -5 5 -7 10 8 -10 13 -12 -13 -14 -15
leaf_value=0.020651030576924561 0.0084259534839109095 0.0093942771114659783 -0.011714440497802252 0.0023298573727457464 -0.030221495636908229 0.016808314350514764 -0.024657728220048754 0.010154334850542341 -0.0063988431715424586 0.0084127799976423234 -0.0031579996175615703 -0.0036539006653598196 -0.0077969509331827624 -0.021827172552507931
leaf_weight=735.08210468292236 7315.3112846910954 3004.4147034436464 3215.2015217542648 6920.4647931158543 320.84618537127972 418.67338064312935 1235.4245595037937 2471.9705122262239 992.74156551063061 453.38334903120995 17230.040226429701 2958.1761912703514 789.37556807696819 198.07070899009705
leaf_count=3667 35225 13972 13888 30604 1391 1935 5114 10963 4323 1953 73733 12562 3334 852
internal_value=-6.39851e-05 -0.00158254 -0.00245404 0.00411369 -0.00411512 -0.00320849 -0.00352914 0.00183144 0.0054066 -0.0108337 -0.00460025 -0.00957094 -0.0181551 -0.000972483
internal_weight=48259.2 40943.9 37939.5 7655.55 30283.9 27068.7 26650 4437.01 3464.71 972.3 22213 4982.98 2024.8 651.454
internal_count=213516 178291 164319 34271 130048 116160 114225 19482 15286 4196 94743 21010 8448 2805
is_linear=0
shrinkage=0.03


Tree=33
num_leaves=15
num_cat=0
split_feature=242 120 226 226 133 242 248 230 248 231 228 77 248 230
split_gain=702.013 442.485 316.918 329.037 284.339 204.427 189.79 181.344 180.966 245.716 174.194 280.503 161.7 150.894
threshold=0.031638506799936301 96.500000000000014 12.500000000000002 81.500000000000014 26.500000000000004 0.019745898433029655 0.82323232293128978 46.500000000000007 0.83333334326744091 90.500000000000014 10.500000000000002 24.500000000000004 0.31818181276321417 37.500000000000007
decision_type=8 10 8 10 10 10 2 10 2 10 10 10 2 10
left_child=1 2 -1 5 -2 -4 -5 8 9 -3 11 -11 -9 -6
right_child=4 7 3 6 13 -7 -8 12 -10 10 -12 -13 -14 -15
leaf_value=0.0029738385935980907 0.011889126488015237 0.0063853720249197306 -0.010474917912288488 0.00067665741781386098 0.006924708513047528 -0.0042139455875706338 0.033200546558536694 0.00060760787239740716 0.014993134492539967 -0.0012007657278511354 0.0082213523480395238 -0.032518113930035508 0.020602133257816315 -0.0026221875506187322
leaf_weight=5820.5914721190929 5056.0603046119213 1762.5954750329256 7537.7212854325771 5456.3437072038651 3006.6044641286135 12478.985048994422 156.4195451438427 539.12561284005642 792.82287190854549 523.19579462707043 329.40459677577019 498.19566732645035 1114.8073710650206 2936.4212047606707
leaf_count=25758 24854 7955 31473 23694 13683 53279 724 2406 4043 2614 1522 2277 5221 13026
internal_value=1.57199e-05 -0.00196215 -0.00334158 -0.00477645 0.00666668 -0.0065757 0.00164049 0.00583237 0.00229305 -0.000978667 -0.010564 -0.0166433 0.0141274 0.00221115
internal_weight=48009.3 37010.2 31450.1 25629.5 10999.1 20016.7 5612.76 5560.15 3906.21 3113.39 1350.8 1021.39 1653.93 5943.03
internal_count=212529 160966 134928 109170 51563 84752 24418 26038 18411 14368 6413 4891 7627 26709
is_linear=0
shrinkage=0.03


Tree=34
num_leaves=15
num_cat=0
split_feature=236 237 126 238 29 101 35 248 140 230 248 231 61 231
split_gain=837.99 348.212 324.971 198.1 176.247 149.254 149.122 127.375 123.914 237.193 176.72 161.282 138.242 154.565
threshold=-0.09724745154380797 0.035608965903520591 77.500000000000014 -0.22892357409000394 99.500000000000014 2.5000000000000004 7.5000000000000009 0.83333334326744091 27.500000000000004 14.500000000000002 0.28787878155708319 94.500000000000014 14.500000000000002 10.500000000000002
decision_type=2 2 8 10 8 10 10 2 10 8 2 10 10 10
left_child=2 8 3 -1 5 -3 -5 -4 9 11 -10 12 13 -2
right_child=1 4 7 6 -6 -7 -8 -9 10 -11 -12 -13 -14 -15
leaf_value=0.017913936297019623 -0.029111684454333545 -0.015412500464442772 0.010537285871536574 -0.0045511848043783042 0.01284252750259497 0.0012979510620247413 0.0047868992806198458 0.023446552258584046 -0.0077275932773322731 -0.010080065067966716 -0.00013747378382414544 -0.024577934288409257 -0.0037374386806016983 0.011510774268134287
leaf_weight=687.00548146665096 81.083295747637749 493.09045620262623 4049.4029594957829 2547.7218477725983 1149.099079310894 10976.689924374223 3855.5183492749929 832.47183457016945 4000.9337265044451 7027.8443647325039 8858.7073211073875 225.41958656907082 2045.1081010103226 1210.8777521103621
leaf_count=3656 346 2089 20098 11385 5512 48646 17297 4390 17033 29330 38021 977 8668 5301
internal_value=-4.06195e-05 -0.0023235 0.0068333 0.00272516 0.0016939 0.000566762 0.00107016 0.012782 -0.00448514 -0.00688726 -0.00250311 -0.000578115 0.00111166 0.0087573
internal_weight=48041 36068.9 11972.1 7090.25 12618.9 11469.8 6403.24 4881.87 23450 10590.3 12859.6 3562.49 3337.07 1291.96
internal_count=212749 155923 56826 32338 56247 50735 28682 24488 99676 44622 55054 15292 14315 5647
is_linear=0
shrinkage=0.03


Tree=35
num_leaves=15
num_cat=0
split_feature=236 98 66 242 140 10 231 231 228 121 56 178 247 249
split_gain=780.663 331.687 309.986 230.771 216.529 205.566 127.599 155.765 127.524 123.34 121.05 119.684 114.937 104.837
threshold=-0.093310777097940431 42.500000000000007 75.500000000000014 0.034673368558287627 31.500000000000004 64.500000000000014 73.500000000000014 92.500000000000014 20.500000000000004 86.500000000000014 37.500000000000007 1.5000000000000002 -0.033642921596765511 0.90404042601585399
decision_type=2 8 8 8 10 10 10 10 10 10 8 10 2 2
left_child=2 4 3 6 5 9 13 12 -9 10 -2 -3 -8 -1
right_child=1 11 -4 -5 -6 -7 7 8 -10 -11 -12 -13 -14 -15
leaf_value=-0.0029649692445002994 -0.0014558173174845895 0.010278392915107071 0.011969752741626155 0.010561928571111438 -0.0018820659059106538 -0.016034945446453917 0.0023565764057359049 -0.0072024989353397066 0.017249698101011363 -0.01540833273705015 -0.0092935587659938243 0.00082005809881582653 0.022435362812108152 -0.038900211053148379
leaf_weight=3980.8807215094566 5025.7242996692657 1398.5088197290897 4941.7999133169651 2336.117024242878 14010.278734341264 2062.7346524596214 457.46951346099377 929.96222111582756 231.34298160672188 995.34237086772919 2734.5192605108023 8310.5752200186253 581.94262436032295 64.534567013382912
leaf_count=17454 21283 6529 24389 11334 60557 8538 2083 4500 1097 4174 11493 36552 2727 282
internal_value=-0.00011559 -0.00250815 0.00599186 0.00253977 -0.00434611 -0.0075325 -0.000472681 0.00532637 -0.00222571 -0.00551339 -0.00422605 0.00219162 0.0137049 -0.00363273
internal_weight=48061.7 34537.7 13524 8582.25 24828.6 10818.3 6246.13 2200.72 1161.31 8755.59 7760.24 9709.08 1039.41 4045.42
internal_count=212992 149126 63866 39477 106045 45488 28143 10407 5597 36950 32776 43081 4810 17736
is_linear=0
shrinkage=0.03


Tree=36
num_leaves=15
num_cat=0
split_feature=245 249 226 222 29 248 245 248 226 229 222 245 244 244
split_gain=818.644 348.515 325.805 322.871 300.878 279.591 265.739 220.227 325.115 225.293 219.479 382.004 279.203 245.081
threshold=-0.099417231976985918 0.085858587175607695 6.5000000000000009 24.500000000000004 79.500000000000014 0.73232322931289684 -0.049984075129032128 0.60101011395454418 54.500000000000007 33.500000000000007 4.5000000000000009 -0.076485164463520036 0.011724645271897318 0.0084639824926853197
decision_type=2 2 10 10 8 2 2 2 10 10 10 2 2 2
left_child=2 10 -1 7 5 -3 -6 9 -9 -4 12 13 -2 -12
right_child=1 4 3 -5 6 -7 -8 8 -10 -11 11 -13 -14 -15
leaf_value=0.019047312989628026 -0.0079747203240048154 0.00017874011348714122 0.0229239232248988 0.025072679463367612 0.013024196424474818 -0.012001406359038546 0.0015089828414103206 -0.0074567577857845811 0.020373618536094776 -0.01509050407796292 -0.003261763752090942 -0.0054863668842242566 -0.03603609437130182 0.013347637925882484
leaf_weight=2299.3505319803953 1456.0545396655798 12674.026130795479 648.91046024858952 600.09400002658367 2901.4681624770164 1948.1448805779219 4748.3011623471975 2227.9551890790462 444.64882127940655 170.73829708993435 1438.6455236822367 14302.275160819292 402.07578690350056 1780.7791279256344
leaf_count=12255 6242 55416 3256 3011 13566 8489 21430 10224 2088 823 6208 60491 1715 7740
internal_value=4.61255e-05 -0.00148864 0.0100342 0.00493596 0.00107111 -0.00145114 0.00588787 0.00141404 -0.00276785 0.0149188 -0.00442943 -0.003385 -0.0142072 0.00593837
internal_weight=48043.5 41651.8 6391.7 4092.35 22271.9 14622.2 7649.77 3492.25 2672.6 819.649 19379.8 17521.7 1858.13 3219.42
internal_count=212954 181297 31657 19402 98901 63905 34996 16391 12312 4079 82396 74439 7957 13948
is_linear=0
shrinkage=0.03


Tree=37
num_leaves=15
num_cat=0
split_feature=126 239 230 230 231 144 63 231 231 228 138 80 98 230
split_gain=583.501 330.077 237.096 322.141 249.365 170.234 167.298 160.865 160.465 159.559 144.494 135.934 135.762 127.074
threshold=60.500000000000007 -0.051603630185127251 14.500000000000002 71.500000000000014 91.500000000000014 3.5000000000000004 65.500000000000014 92.500000000000014 59.500000000000007 15.500000000000002 41.500000000000007 13.500000000000002 38.500000000000007 80.500000000000014
decision_type=8 10 10 10 10 8 10 10 10 10 10 8 10 8
left_child=12 -2 5 4 6 10 -4 11 -5 -6 -3 -7 13 -1
right_child=1 2 3 8 9 7 -8 -9 -10 -11 -12 -13 -14 -15
leaf_value=-0.0052660215539347723 0.016428669571545585 0.0036721315082622473 -0.0056921296287741393 0.00051527637315950737 -0.033773781529451118 0.014883474819266119 0.0034454725568807266 0.00087015157446526604 0.011446525746939284 -0.0066171564145484267 -0.044255198391131449 0.0052602489657043866 0.00098143698894515886 0.0015048559618505469
leaf_weight=16770.039018452168 1649.3520728945732 116.37004421651363 4306.9492345005274 2338.6024917066097 366.09541735053062 2750.2990224212408 3088.2414368838072 2378.6415146887302 2493.459622040391 416.50449702143669 97.719564840197563 2565.7525661736727 5739.7465930879116 2925.7363326400518
leaf_count=71276 8360 534 18833 10516 1590 12880 13718 11685 11605 1859 433 12054 24958 12594
internal_value=3.76779e-05 0.00354824 0.00252531 3.40982e-05 -0.00359342 0.0066181 -0.00187676 0.0073605 0.00616805 -0.0195867 -0.0192026 0.0102575 -0.00307729 -0.00425998
internal_weight=48003.5 22568 20918.6 13009.9 8177.79 7908.78 7395.19 7694.69 4832.06 782.6 214.09 5316.05 25435.5 19695.8
internal_count=212895 104067 95707 58121 36000 37586 32551 36619 22121 3449 967 24934 108828 83870
is_linear=0
shrinkage=0.03


Tree=38
num_leaves=15
num_cat=0
split_feature=245 252 126 47 245 228 231 244 231 244 244 231 126 243
split_gain=836.91 327.816 250.477 220.88 210.832 334.452 366.244 299.596 224.033 397.489 200.806 167.16 160.391 159.333
threshold=-0.099417231976985918 0.037190975621342666 75.500000000000014 97.500000000000014 -0.071757920086383806 12.500000000000002 76.500000000000014 0.0019807587377727036 89.500000000000014 0.004188523394986988 0.00043702292896341538 22.500000000000004 53.500000000000007 -0.054065808653831475
decision_type=2 2 8 8 2 8 10 2 10 2 2 10 8 2
left_child=2 4 11 -3 5 8 7 -7 10 -10 -2 -1 -12 -6
right_child=1 3 -4 -5 13 6 -8 -9 9 -11 12 -13 -14 -15
leaf_value=-0.010775286666275898 -0.050178508707820091 -0.00012433712308632864 0.017345957506687684 0.0083813521939303387 -0.018624373385913554 -0.039829359480249855 0.023127862066420146 0.0038439169910460072 0.028886807123326221 -0.033273093036015181 -0.0076613704433956559 0.0076477572946594512 0.0083733366247613818 -0.0045110297024967367
leaf_weight=503.25355164706707 65.991948649287224 10572.444730013609 2550.7226666808128 3702.5633644759655 738.30068500339985 139.03746119141579 935.79120382666588 2741.7978394478559 104.46420857310295 511.7173053920269 1263.4590078741312 3282.8820110410452 994.18006418645382 19899.267516776919
leaf_count=2267 274 46860 13775 17518 3148 597 4261 11834 465 2208 5308 15551 4398 84519
internal_value=-5.36216e-05 -0.00159902 0.0100949 0.00208614 -0.00351942 0.00107913 0.00692927 0.00160563 -0.0065136 -0.0224418 -0.00221169 0.00517703 -0.000594497 -0.0050247
internal_weight=48005.9 41669 6336.86 14275 27394 6756.44 3816.63 2880.84 2939.81 616.182 2323.63 3786.14 2257.64 20637.6
internal_count=212983 181390 31593 64378 117012 29345 16692 12431 12653 2673 9980 17818 9706 87667
is_linear=0
shrinkage=0.03


Tree=39
num_leaves=15
num_cat=0
split_feature=245 226 101 249 222 248 226 243 224 178 231 248 228 245
split_gain=729.982 313.982 298.905 291.501 290.217 241.808 290.577 239.029 276.023 237.124 229.813 221.194 224.421 211.775
threshold=-0.099417231976985918 6.5000000000000009 3.5000000000000004 0.13636363297700885 22.500000000000004 0.60101011395454418 54.500000000000007 -0.10225159302353858 4.5000000000000009 1.5000000000000002 27.500000000000004 0.87373736500740062 3.5000000000000004 -0.071757920086383806
decision_type=2 10 8 2 10 2 10 2 10 10 10 2 10 2
left_child=1 -1 -2 13 5 -3 7 -7 -9 -5 -10 12 -12 -4
right_child=2 4 3 9 -6 6 -8 8 10 -11 11 -13 -14 -15
leaf_value=0.018570227841347955 -0.010102586507595277 0.01587570515787734 0.0022858428438436882 0.011929313074249173 0.023102044652749912 -0.043097711020054268 0.018851182987068414 0.019950085420068889 -0.034443729339903868 0.001085830320894244 -0.021531630873626389 -0.02375778101837513 0.01010569345214885 -0.0044915513055929649
leaf_weight=2258.7464265525341 3203.3535223007202 764.00744733214378 5511.9763888716698 2072.0452233552933 632.74430733919144 148.86706683039665 438.83195373415947 328.75322157144547 272.45899094641209 14173.647146642208 258.05070658028126 393.18054285645485 807.23467436432838 16712.231572434306
leaf_count=12264 13570 3857 24016 9918 3216 732 2084 1656 1176 63004 1150 1742 3675 70877
internal_value=0.000127297 0.00963422 -0.00131255 -0.000578172 0.00460975 0.0011223 -0.00317911 -0.00762171 -0.00486177 0.00247534 -0.0096618 -0.0048292 0.00231302 -0.00281037
internal_weight=47976.1 6302.88 41673.3 38469.9 4044.13 3411.38 2647.38 2208.55 2059.68 16245.7 1730.92 1458.47 1065.29 22224.2
internal_count=212937 31552 181385 167815 19288 16072 12215 10131 9399 72922 7743 6567 4825 94893
is_linear=0
shrinkage=0.03


Tree=40
num_leaves=15
num_cat=0
split_feature=120 24 230 52 231 248 248 231 119 144 244 248 240 61
split_gain=498.457 353.362 292.953 233.791 202.398 417.825 350.926 259.82 218.079 185.592 172.064 166.358 148.093 146.584
threshold=97.500000000000014 97.500000000000014 10.500000000000002 13.500000000000002 70.500000000000014 0.58080807328224193 0.65151515603065502 89.500000000000014 47.500000000000007 49.500000000000007 0.010042397305369379 0.84343436360359203 -0.024456965737044808 16.500000000000004
decision_type=8 8 10 10 10 2 2 10 10 8 2 2 10 10
left_child=1 2 13 10 6 9 -5 -7 -8 -6 -4 -2 -12 -1
right_child=11 -3 3 4 5 7 8 -9 -10 -11 12 -13 -14 -15
leaf_value=0.0077799693910189744 0.005543237756346687 0.0086901363978744602 -0.015027697037108939 -0.0017319786838236558 -0.011430087485853965 0.020512451841685885 -0.021501582882164517 0.00027650886829079123 -0.0058827207397973988 0.0021578255969605378 0.0037272431023823204 0.019453531667287256 -0.0090637006019442315 -0.00036546613095784169
leaf_weight=3311.2670659869909 6273.880393281579 2941.054851397872 2379.7064992487431 14330.4268964082 1589.1188002377748 1413.4675039052963 1403.2244379818439 954.04817853868008 1893.2832713127136 2077.2970636188984 1244.3358507156372 875.98665629327297 2324.6153489649296 4952.5373920351267
leaf_count=15192 30441 13877 9923 61256 6901 6268 5814 4259 8184 8980 5448 4683 9953 21851
internal_value=-2.89e-05 -0.00130939 -0.00208799 -0.00348169 -0.0021431 0.00259621 -0.00376598 0.0123933 -0.0125761 -0.0037466 -0.00879339 0.00727229 -0.00460611 0.00290383
internal_weight=47964.3 40814.4 37873.3 29609.5 23660.9 6033.93 17626.9 2367.52 3296.51 3666.42 5948.66 7149.87 3568.95 8263.8
internal_count=213030 177906 164029 126986 101662 26408 75254 10527 13998 15881 25324 35124 15401 37043
is_linear=0
shrinkage=0.03


Tree=41
num_leaves=15
num_cat=0
split_feature=238 242 66 140 233 60 119 79 228 178 44 243 192 237
split_gain=699.621 372.211 250.388 189.748 206.694 122.576 117.584 116.935 147.377 109.26 106.288 105.221 103.538 98.3975
threshold=-0.20675429701805112 0.025101029314100746 40.500000000000007 45.500000000000007 43.500000000000007 70.500000000000014 15.500000000000002 44.500000000000007 31.500000000000004 2.5000000000000004 32.500000000000007 -0.05156388692557811 92.500000000000014 0.035608965903520591
decision_type=10 8 8 10 10 10 8 10 10 10 10 2 10 2
left_child=11 3 10 4 5 -2 -4 -6 -9 -8 -3 -1 -5 -12
right_child=1 2 6 12 7 -7 9 8 -10 -11 13 -13 -14 -15
leaf_value=0.017995443650110229 -0.012779162786114238 0.0024503832264011587 -0.0049402048660813795 -0.0017340008701528958 -0.00020168330454731556 -0.0025951556424825715 0.012849118395731452 -0.01241895623741794 0.00074104849375182427 0.0046897828140296423 -0.0077632556517505183 0.0077712961966405463 0.0059778170094393146 0.0010404468795813743
leaf_weight=1711.5214959532022 4140.4469987004995 3273.3765399605036 916.3622422516346 9339.1069188714027 5674.1661392003298 1438.2536069303751 1827.6106390058994 1977.9901518374681 1244.0909218788147 7673.5329141169786 3093.4746172428131 1970.4979231655598 1872.373015999794 1805.0120172649622
leaf_count=9642 17179 14424 4009 40570 24245 6146 8940 8297 5195 34823 13213 9939 8422 8029
internal_value=1.28929e-05 -0.00103311 0.00219955 -0.00337255 -0.00564058 -0.0101629 0.00528116 -0.00279644 -0.00735112 0.00627115 -0.00173055 0.0125597 -0.000441909 -0.00452372
internal_weight=47957.8 44275.8 18589.4 25686.4 14474.9 5578.7 10417.5 8896.25 3222.08 9501.14 8171.86 3682.02 11211.5 4898.49
internal_count=213073 193492 83438 110054 61062 23325 47772 37737 13492 43763 35666 19581 48992 21242
is_linear=0
shrinkage=0.03


Tree=42
num_leaves=15
num_cat=0
split_feature=236 242 230 126 248 242 224 178 231 134 77 80 228 248
split_gain=577.692 298.619 233.322 220.092 171.347 170.404 169.42 165.588 127.764 210.894 171.803 167.423 156.966 157.078
threshold=-0.11675788834691046 0.019898566417396072 80.500000000000014 34.500000000000007 0.30808080732822424 0.043700020760297782 1.5000000000000002 2.5000000000000004 91.500000000000014 55.500000000000007 4.5000000000000009 9.5000000000000018 8.5000000000000018 0.82323232293128978
decision_type=2 8 10 8 2 8 8 10 10 10 10 8 10 2
left_child=5 2 8 -3 -4 6 -1 -5 10 12 -2 -12 13 -10
right_child=1 3 4 7 -6 -7 -8 -9 9 -11 11 -13 -14 -15
leaf_value=0.017053911168962599 -0.016225657352214984 -0.0033661872787715168 -0.0062303006884827858 0.0088231626600735486 0.0088827992449764335 0.01830366877936225 0.0034024021241853683 0.0011311574872890206 -0.046379366288142966 -0.0020257418346419742 0.0032841443762042085 -0.0065458318138367473 -0.0058500784901839341 -0.010561299631086596
leaf_weight=996.13757422566414 1197.0570480674505 8887.1001343727112 1118.2072610706091 2990.7324233353138 1673.5466029495001 1226.8595990389585 4424.2446527928114 15709.414784833789 347.44143834710121 597.95170706510544 2068.5426559448242 6261.2244135737419 248.38920314610004 169.71718360483646
leaf_count=5620 4992 37722 4807 14226 7525 6540 21332 69467 1455 2675 8787 26100 1049 752
internal_value=4.3598e-05 -0.00127898 -0.00490086 0.000518449 0.00282878 0.00824437 0.00593801 0.00236541 -0.00688315 -0.0154489 -0.00564228 -0.00410373 -0.0257722 -0.0350482
internal_weight=47916.6 41269.3 13682.1 27587.2 2791.75 6647.24 5420.38 18700.1 10890.3 1363.5 9526.82 8329.77 765.548 517.159
internal_count=213049 179557 58142 121415 12332 33492 26952 83693 45810 5931 39879 34887 3256 2207
is_linear=0
shrinkage=0.03


Tree=43
num_leaves=15
num_cat=0
split_feature=245 230 209 245 119 120 248 229 248 248 243 245 248 245
split_gain=646.766 288.672 320.071 301.415 241.988 226.421 206.146 242.421 235.452 173.682 232.282 185.942 164.691 219.828
threshold=-0.099417231976985918 80.500000000000014 50.500000000000007 -0.047900117933750146 84.500000000000014 46.500000000000007 0.6111111342906953 3.5000000000000004 0.88383838534355175 0.80303028225898754 -0.042881280183792107 -0.10093915089964865 0.7929292917251588 -0.075403515249490724
decision_type=2 8 10 2 8 10 2 8 2 2 2 2 2 2
left_child=4 2 5 -3 6 -2 -1 -8 9 -9 -11 -12 13 -7
right_child=1 3 -4 -5 -6 12 7 8 -10 10 11 -13 -14 -15
leaf_value=0.015501240897826894 -0.0048992372074407658 0.0097516695463526221 -0.0097536496087227073 -0.0015099033765269903 0.015229385240253178 0.0094469576193191764 0.014357981548005707 -0.010992794452975794 -0.029807527851954445 0.024961132467823079 -0.026518194457146083 0.031180360061178469 -0.0075442776536593474 0.00013380463309174917
leaf_weight=909.54413795471191 10005.641525670886 3971.0904205739498 4652.2329479902983 4617.7921660989523 3019.856771916151 2727.0322972238064 642.09592984616756 784.1963210105896 322.27189436554909 368.34042444825172 187.30853860080242 58.223460704088211 1936.1496080160141 13693.114276200533
leaf_count=4533 42003 18345 19655 20559 16637 12408 3099 3521 1398 1651 806 249 8495 59726
internal_value=0.000162065 -0.00119434 -0.00246895 0.0037022 0.00911859 -0.00127101 0.00344944 -0.00123632 -0.00710604 -0.00169854 0.0101604 -0.0121513 0.000708247 0.00168533
internal_weight=47894.9 41603.1 33014.2 8588.88 6291.84 28361.9 3271.98 2362.44 1720.34 1398.07 613.872 245.532 18356.3 16420.1
internal_count=213085 181191 142287 38904 31894 122632 15257 10724 7625 6227 2706 1055 80629 72134
is_linear=0
shrinkage=0.03


Tree=44
num_leaves=15
num_cat=0
split_feature=242 60 241 248 120 228 229 231 231 224 52 229 147 215
split_gain=519.237 294.824 198.753 190.734 168.508 214.855 142.361 126.162 285.848 216.823 198.414 183.565 119.442 118.153
threshold=0.031638506799936301 67.500000000000014 -1.1176874637603758 0.55050507187843334 59.500000000000007 29.500000000000004 67.500000000000014 91.500000000000014 97.500000000000014 3.5000000000000004 19.500000000000004 24.500000000000004 29.500000000000004 48.500000000000007
decision_type=8 10 10 2 10 10 10 10 10 10 10 8 10 10
left_child=1 4 -2 -3 5 13 7 11 9 -9 -11 -5 -10 -1
right_child=2 3 -4 6 -6 -7 -8 8 12 10 -12 -13 -14 -15
leaf_value=-0.007997371891778942 0.011504651762418484 -0.0015022174474730087 0.0029302675783549944 0.011482242725791401 -0.0010190979137057882 -0.0019745330344837358 0.018574721782605587 0.0057686244962410526 0.025361036289308431 -0.041829661656413455 0.0041699074597602867 -0.0018284312909334318 0.00032054295804252817 -0.01894034029464944
leaf_weight=5186.5506402701139 3681.0620017498732 6465.412724673748 7168.8322307914495 2680.1720663011074 12071.606298074126 6059.6830719858408 693.56863583624363 227.0639424175024 255.59817987680435 318.77269171178341 111.24929611384869 1423.3712562173605 484.33113399147987 1072.9403865635395
leaf_count=21580 18986 28055 32765 12213 53387 25449 3398 1131 1332 1372 511 6151 2457 4380
internal_value=7.84306e-05 -0.00161204 0.00584723 0.00210146 -0.00353952 -0.00600647 0.00585932 0.00422523 -0.00354297 -0.0178078 -0.030105 0.00687203 0.00919327 -0.00990033
internal_weight=47900.2 37050.3 10849.9 12659.5 24390.8 12319.2 6194.13 5500.56 1397.02 657.086 430.022 4103.54 739.929 6259.49
internal_count=213167 161416 51751 56620 104796 51409 28565 25167 6803 3014 1883 18364 3789 25960
is_linear=0
shrinkage=0.03


Tree=45
num_leaves=15
num_cat=0
split_feature=245 242 66 229 245 231 229 126 137 77 245 229 232 77
split_gain=615.161 401.449 257.139 240.039 294.676 226.087 251.175 225.967 206.375 196.408 170.413 167.801 158.372 156.826
threshold=-0.11049801111221312 0.025194436311721805 39.500000000000007 59.500000000000007 -0.046815147623419755 91.500000000000014 5.5000000000000009 48.500000000000007 28.500000000000004 4.5000000000000009 -0.20662932842969892 50.500000000000007 83.500000000000014 24.500000000000004
decision_type=2 8 8 10 2 8 8 10 10 10 2 10 10 10
left_child=10 3 -3 5 -5 6 7 -2 -7 -8 -1 -12 -11 -10
right_child=1 2 -4 4 -6 8 9 -9 13 12 11 -13 -14 -15
leaf_value=0.029283998665560765 -0.0070989532896312182 -0.0019007838096664258 0.0052308132558712512 0.0073792753696566961 -0.0048785606225641917 -0.025103885337941455 -0.016971853538357704 0.011268656643948093 0.0057041721542694206 -0.0061818245412506708 0.0071730642175762051 0.031778931177829838 0.0029589618463386992 -0.015212029370111626
leaf_weight=402.44763806462288 950.05934019386768 7767.4124036133289 10961.998105302453 3461.4334460347891 3581.1945910304785 922.14081598818302 1267.9929747134447 1614.2355772554874 543.56896080076694 9699.8964914381504 3579.4440638720989 259.57727883756161 2063.1743795871735 768.96942755579948
leaf_count=2531 3973 33903 50761 15397 15346 3936 5282 7121 2464 40559 18388 1368 8683 3322
internal_value=1.9083e-05 -0.00104281 0.00227378 -0.00354015 0.00114805 -0.00539154 -0.0041071 0.0044624 -0.0142971 -0.00579557 0.0109121 0.00891504 -0.00457743 -0.00657225
internal_weight=47843.5 43602.1 18729.4 24872.7 7042.63 17830 15595.4 2564.29 2234.68 13031.1 4241.47 3839.02 11763.1 1312.54
internal_count=213034 190747 84664 106083 30743 75340 65618 11094 9722 54524 22287 19756 49242 5786
is_linear=0
shrinkage=0.03


Tree=46
num_leaves=15
num_cat=0
split_feature=245 63 226 222 248 231 245 222 70 226 248 243 231 245
split_gain=548.42 306.879 261.138 315.904 248.518 223.208 222.443 203.962 255.287 227.121 192.595 196.555 442.737 235.556
threshold=-0.093721739947795854 76.500000000000014 3.5000000000000004 17.500000000000004 0.7222222387790681 24.500000000000004 -0.075403515249490724 40.500000000000007 70.500000000000014 23.500000000000004 0.59090909361839306 -0.083881396800279603 73.500000000000014 -0.20662932842969892
decision_type=2 8 10 10 2 8 2 10 10 10 2 2 10 2
left_child=2 4 5 10 6 -1 -2 -6 9 -9 -4 13 -13 -12
right_child=1 -3 3 -5 7 -7 -8 8 -10 -11 11 12 -14 -15
leaf_value=-0.023180485163959912 0.007316169703064237 0.0029364492395914585 0.013666973237863702 0.016266867279879159 -0.011608962276828297 0.018606989108913754 -0.0026477491967718055 -0.020131399129658768 -0.020331830881086227 0.033229197489044834 0.026389272907145021 -0.0069453484577655872 0.019628183002309309 -0.029712890675491783
leaf_weight=113.66306275129318 2207.2192071527243 10890.883230343461 734.16674856841564 1392.9071906208992 4124.7290279269218 2017.4289167970419 22304.301742225885 85.946337670087814 191.63429985940456 300.98763139545918 72.36462414264679 2234.2244616746902 743.80783055722713 404.34227269887924
leaf_count=550 9869 48658 3797 6967 17563 11201 95785 389 849 1334 443 9972 3706 1957
internal_value=4.95933e-05 -0.00135978 0.00737033 0.00394552 -0.00296181 0.0162804 -0.0017479 -0.00927104 0.00731052 0.0211681 -0.000180595 -0.00315429 -0.000264737 -0.0208293
internal_weight=47818.6 40105.7 7712.91 5581.81 29214.8 2131.09 24511.5 4703.3 578.568 386.934 4188.91 3454.74 2978.03 476.707
internal_count=213040 174447 38593 26842 125789 11751 105654 20135 2572 1723 19875 16078 13678 2400
is_linear=0
shrinkage=0.03


Tree=47
num_leaves=15
num_cat=0
split_feature=238 252 238 209 148 120 228 231 47 52 138 222 63 99
split_gain=512.719 223.372 180.058 152.59 119.505 116.201 125.43 211.816 117.051 149.441 232.66 113.553 111.768 108.006
threshold=-0.14830452948808667 0.12979155033826831 -0.2522705197334289 47.500000000000007 12.500000000000002 95.500000000000014 10.500000000000002 95.500000000000014 20.500000000000004 31.500000000000004 65.500000000000014 74.500000000000014 60.500000000000007 49.500000000000007
decision_type=10 2 10 10 8 10 10 10 10 10 10 10 8 10
left_child=2 3 11 5 13 8 7 -7 9 10 -2 -1 -6 -4
right_child=1 -3 4 -5 12 6 -8 -9 -10 -11 -12 -13 -14 -15
leaf_value=0.017785356275578666 -0.00064949870314273553 0.0082075476560037296 -0.00097972078329934867 -0.0068290025863411499 0.0025199276071029802 0.0033331735055761179 0.0097546206415912735 -0.02970247879197736 -0.0032429938914714544 0.0076640816063707276 -0.043844709636469983 -0.0062695949223590267 0.0099910765858571508 -0.032623574252419768
leaf_weight=1430.3579429984093 5083.8698562830687 1918.6643340587616 1770.1868579685688 5569.7191727459431 4150.8502614349127 834.89983308315277 1618.9122678488493 210.38294140994549 19303.234379261732 2230.7448484003544 104.76843492686749 196.24394612014294 3187.6012872159481 92.757037788629532
leaf_count=8389 22309 9028 8428 23675 19294 3774 7368 934 82172 9796 453 1041 15529 435
internal_value=-4.72441e-05 -0.0017328 0.00568927 -0.00228058 0.00405325 -0.00141649 0.00454705 -0.00353433 -0.00201252 0.0011889 -0.00160435 0.0148626 0.00577435 -0.00272106
internal_weight=47703.2 36875.2 10828 34956.5 9201.4 29386.8 2664.2 1045.28 26722.6 7419.38 5188.64 1626.6 7338.45 1862.94
internal_count=212625 159509 53116 150481 43686 126806 12076 4708 114730 32558 22762 9430 34823 8863
is_linear=0
shrinkage=0.03


Tree=48
num_leaves=15
num_cat=0
split_feature=238 242 230 248 76 231 228 248 229 231 249 243 224 249
split_gain=528.572 274.578 259.599 249.089 225.866 219.676 245.449 313.251 234.726 270.527 229.274 208.534 245.725 166.18
threshold=-0.21233273297548291 0.024375812150537971 80.500000000000014 0.3686868697404862 86.500000000000014 91.500000000000014 8.5000000000000018 0.82323232293128978 5.5000000000000009 69.500000000000014 0.65151515603065502 -0.048831390216946595 9.5000000000000018 0.90404042601585399
decision_type=10 8 10 2 8 8 10 2 8 10 2 2 8 2
left_child=-1 2 5 -4 -3 8 7 10 -2 13 -7 -11 -13 -10
right_child=1 4 3 -5 -6 6 -8 -9 9 11 -12 12 -14 -15
leaf_value=0.011610999536180246 0.0048142448002609648 0.00027769888179854092 -0.0037844286462949406 0.010173958481273993 0.0090787008504706057 -0.036799354140745505 -0.001536754364927463 -0.0011189749238547247 -0.0066264972749715736 0.017440120224908102 -0.001703922278429441 -0.033879992943618695 0.0017387149218718262 -0.046665520047908172
leaf_weight=3221.3500696271658 2660.1660066694021 17094.627762541175 2255.1585368961096 2330.7494011670351 3090.5177230685949 822.58534903824329 1059.0978174209595 515.78429056704044 11359.376990631223 695.83999726176262 210.98671534657478 180.14247964322567 2085.8801132887602 84.373343333601952
leaf_count=17815 11617 76078 9703 10666 14838 3530 4582 2450 47337 3014 956 754 8864 351
internal_value=-0.000104087 -0.000955605 -0.00310589 0.00331651 0.00162904 -0.00460382 -0.012697 -0.020267 -0.0033601 -0.00487188 -0.0297202 0.0032007 -0.00122929 -0.00696218
internal_weight=47666.6 44445.3 24260.1 4585.91 20185.1 19674.2 2608.45 1549.36 17065.8 14405.6 1033.57 2961.86 2266.02 11443.8
internal_count=212555 194740 103824 20369 90916 83455 11518 6936 71937 60320 4486 12632 9618 47688
is_linear=0
shrinkage=0.03


Tree=49
num_leaves=15
num_cat=0
split_feature=226 140 243 222 243 248 244 222 248 226 248 229 248 147
split_gain=393.518 352.046 336.544 222.925 300.969 367.728 300.538 221.676 231.548 205.898 179.537 179.367 174.943 165.241
threshold=8.5000000000000018 32.500000000000007 -0.089691597968339906 40.500000000000007 -0.048201425001025193 0.70202019810676586 0.0029686595080420379 5.5000000000000009 0.7525252401828767 44.500000000000007 0.6111111342906953 10.500000000000002 0.70202019810676586 17.500000000000004
decision_type=10 8 2 10 2 2 2 10 2 10 2 8 2 10
left_child=2 3 -1 4 7 -6 -7 8 10 11 -2 -10 -5 -4
right_child=1 -3 13 12 5 6 -8 -9 9 -11 -12 -13 -14 -15
leaf_value=0.02171956277843114 0.0013513104639294473 0.00096985193626649259 0.010430390653012099 -0.00075655717694431276 -0.0061715008368759148 -0.044317219605811094 -0.015385338278542517 0.0062556784170978231 0.0044641713180176698 0.027999873521430737 -0.030639210763377906 -0.042414978697015833 0.021469181428151223 0.0010336622268155649
leaf_weight=1005.8040884584188 229.17914573848248 22846.925938799977 2264.6215530186892 3580.3832261860371 5529.5918419510126 388.39061143994331 1851.957601159811 2130.9966068565845 248.77113901078701 207.27759930491447 491.81633765995502 93.297768890857697 339.82012981176376 6499.4560455530882
leaf_count=5886 1096 101581 11146 15291 23011 1587 7735 9504 1092 896 2163 390 1495 29930
internal_value=3.92607e-06 -0.00137896 0.00536986 -0.0049331 -0.00709142 -0.0103458 -0.0205757 0.000351447 -0.00952439 0.00510877 -0.0205912 -0.00916347 0.00121979 0.00347088
internal_weight=47708.3 37938.4 9769.88 15091.5 11171.3 7769.94 2240.35 3401.34 1270.34 549.347 720.995 342.069 3920.2 8764.08
internal_count=212803 165841 46962 64260 47474 32333 9322 15141 5637 2378 3259 1482 16786 41076
is_linear=0
shrinkage=0.03


Tree=50
num_leaves=15
num_cat=0
split_feature=245 242 226 226 101 178 4 245 231 226 231 229 134 229
split_gain=507.502 299.655 251.499 245.539 217.202 211.284 196.232 213.474 181.147 162.396 206.362 248.852 236.923 281.968
threshold=-0.099417231976985918 0.028143962845206264 6.5000000000000009 54.500000000000007 2.5000000000000004 1.5000000000000002 7.5000000000000009 -0.20662932842969892 21.500000000000004 81.500000000000014 91.500000000000014 5.5000000000000009 54.500000000000007 8.5000000000000018
decision_type=2 8 10 10 10 10 10 2 8 10 10 10 10 8
left_child=2 4 8 6 -2 -3 7 -4 -1 10 11 -6 13 -12
right_child=1 5 3 -5 9 -7 -8 -9 -10 -11 12 -13 -14 -15
leaf_value=-0.020207013304952049 -0.012316867346551916 0.010876381394079003 0.029729495894315807 0.017313787310869761 0.0074061874993006024 0.00085732871458634537 0.0092844506945796556 -0.0089670988753207271 0.018454595413539845 0.0024415094844591604 -0.036076510643826255 -0.0034988757356385859 -0.0025129924042096383 -0.0064740856177511264
leaf_weight=107.28256370127201 2020.2945413589478 2294.4632470458746 128.39581416547298 903.57305698096752 2114.7099325507879 10655.74751791358 1165.8028608560562 1799.7758883982897 2016.6360519975424 5522.9494073987007 572.85795968770981 16601.685614228249 1259.6847752779722 586.17706188559532
leaf_count=536 8420 11284 820 4532 9218 47805 5704 8426 11661 24308 2413 69954 5577 2453
internal_value=3.97183e-05 -0.00114687 0.00809772 0.00364814 -0.00285699 0.00263948 -0.000385737 -0.00625022 0.0164162 -0.00213571 -0.00333241 -0.00226345 -0.0115608 -0.0212887
internal_weight=47750 41628.6 6121.47 3997.55 28678.4 12950.2 3093.97 1928.17 2123.92 26658.1 21135.1 18716.4 2418.72 1159.04
internal_count=213111 181432 31679 19482 122343 59089 14950 9246 12197 113923 89615 79172 10443 4866
is_linear=0
shrinkage=0.03


Tree=51
num_leaves=15
num_cat=0
split_feature=242 226 243 119 225 35 124 249 66 178 233 63 243 222
split_gain=389.774 268.041 335.725 288.393 241.617 223.94 218.927 169.964 165.543 159.215 145.694 131.21 126.759 174.699
threshold=0.031638506799936301 4.5000000000000009 -0.092150788754224763 97.500000000000014 55.500000000000007 8.5000000000000018 69.500000000000014 0.89393940567970287 16.500000000000004 5.5000000000000009 71.500000000000014 78.500000000000014 -0.039337575435638421 5.5000000000000009
decision_type=8 8 2 10 10 10 8 2 10 10 10 10 2 10
left_child=1 2 -1 5 -4 7 9 10 -7 -2 11 -3 13 -10
right_child=6 3 4 -5 -6 8 -8 -9 12 -11 -12 -13 -14 -15
leaf_value=0.02896592998215607 0.0091296550930751522 -0.012824263391837502 0.0073440116499965801 0.0060769979658071571 -0.0078277412609453669 -0.0070036237485056017 0.010580965207842926 -0.035289707108742435 -0.0099449652081859113 -0.001179922296183295 0.00013082885380705976 0.0011790552764210484 -0.0021768814478437299 0.0060079690766589866
leaf_weight=470.72331646084785 1867.4365278929472 3521.8976451009512 2967.8659744262695 3232.6856943368912 1374.2720141708851 4711.3767326325178 4038.6993450820446 196.35779516398907 721.82012215256691 4775.7775298804045 1620.2084068506956 724.06977938115597 13480.830406025052 3975.7851641029119
leaf_count=2798 9059 14946 13813 15425 6040 19621 20973 867 3091 21500 6983 3130 57431 17251
internal_value=3.63424e-05 -0.0014213 0.00517501 -0.002409 0.00253525 -0.00335828 0.00508166 -0.0084804 -0.00199854 0.00172751 -0.00752449 -0.0104391 -0.000698212 0.00354077
internal_weight=47679.8 36997.9 4812.86 32185 4342.14 28952.3 10681.9 6062.53 22889.8 6643.21 5866.18 4245.97 18178.4 4697.61
internal_count=212928 161396 22651 138745 19853 123320 51532 25926 97394 30559 25059 18076 77773 20342
is_linear=0
shrinkage=0.03


Tree=52
num_leaves=15
num_cat=0
split_feature=238 230 52 252 249 106 61 67 119 249 243 144 226 242
split_gain=463.849 260.289 220.774 204.085 190.354 136.967 167.108 134.585 130.127 128.684 130.872 126.51 139.713 120.511
threshold=-0.12348582595586775 3.5000000000000004 10.500000000000002 0.12979155033826831 0.88383838534355175 92.500000000000014 11.500000000000002 4.5000000000000009 18.500000000000004 0.13636363297700885 -0.021189192309975621 80.500000000000014 4.5000000000000009 0.027927926741540435
decision_type=10 10 10 2 2 10 8 10 10 2 2 10 8 8
left_child=1 5 4 7 -3 6 -1 11 -4 10 -9 12 -2 -8
right_child=3 2 8 -5 -6 -7 13 9 -10 -11 -12 -13 -14 -15
leaf_value=0.017834211195756448 0.016676679748697274 -0.002693961714125964 -0.011335096554169087 0.0081375766869653497 -0.033322259581346401 -0.016700774750146918 0.00023751968467626677 -0.0019391695274315181 0.0053501088454378787 0.00059102438607437191 -0.0075392903839579598 -0.019539173457404253 -0.0088075285618390894 0.012469000593468732
leaf_weight=1836.997266292572 226.04684527218342 3744.4407284855843 435.59232485294342 1626.8556513339281 182.16826477646828 160.47876654565334 1476.4156905412674 11753.835658118129 7747.0072989016771 9663.0358171612024 5516.7075400203466 782.20560304820538 1075.7871300429106 1415.0829415917397
leaf_count=9922 990 17115 1855 7687 836 804 7017 49733 35656 42615 23164 3245 4631 7631
internal_value=3.35569e-05 0.00400673 0.00164468 -0.00217091 -0.00419595 0.00984186 0.010776 -0.00275146 0.00444914 -0.00218095 -0.00373134 -0.0100789 -0.00428913 0.00624588
internal_weight=47642.7 16998.2 12109.2 30644.5 3926.61 4888.97 4728.5 29017.6 8182.6 26933.6 17270.5 2084.04 1301.83 2891.5
internal_count=212901 80836 55462 132065 17951 25374 24570 124378 37511 115512 72897 8866 5621 14648
is_linear=0
shrinkage=0.03


Tree=53
num_leaves=15
num_cat=0
split_feature=238 230 248 231 230 243 231 248 229 249 243 231 231 243
split_gain=483.173 258.35 269.84 256.5 296.669 268.333 323.304 281.753 211.907 214.156 299.527 250.857 292.201 208.945
threshold=-0.20431646704673764 80.500000000000014 0.32828283309936529 91.500000000000014 3.5000000000000004 -0.048831390216946595 76.500000000000014 0.76262626051902782 40.500000000000007 0.035353535786271102 -0.038624541833996766 75.500000000000014 19.500000000000004 -0.029527312144637104
decision_type=10 8 2 10 10 2 10 2 10 2 2 10 10 2
left_child=-1 3 -3 4 -2 6 -6 -7 9 10 -9 12 -12 -10
right_child=1 2 -4 -5 5 7 -8 8 13 -11 11 -13 -14 -15
leaf_value=0.010436367412809769 0.0069408780986974653 -0.0017541849589190318 0.008884811376573671 -0.0089135366725139435 0.00034320547123726017 -0.0020906189829329983 0.020055623820679911 -0.0044394006281353775 0.022732148398097167 -0.0078234560783500672 -0.00085022199732121494 0.01452574110765585 -0.052661537317730031 -0.014311941907458435
leaf_weight=3674.1260880827904 3668.9685688763857 4109.7979388237 4472.9854747056961 4245.0458089262247 3366.4412325769663 20062.890371724963 953.15710115432739 404.23281189799309 283.21749405562878 1528.0648567527533 121.13139808177948 71.850097864866257 509.69829297065735 248.0383258908987
leaf_count=20405 16425 18319 20911 19190 14879 85349 4357 1707 1214 6583 501 316 2114 1053
internal_value=-4.01156e-07 -0.000873172 0.0037943 -0.00200356 -0.00106137 -0.00212925 0.0047292 -0.00340611 -0.0117089 -0.0151845 -0.0251852 -0.0368899 -0.0428813 0.00549174
internal_weight=47719.6 44045.5 8582.78 35462.7 31217.7 27548.7 4319.6 23229.1 3166.23 2634.98 1106.91 702.68 630.83 531.256
internal_count=213323 192918 39230 153688 134498 118073 19236 98837 13488 11221 4638 2931 2615 2267
is_linear=0
shrinkage=0.03


Tree=54
num_leaves=15
num_cat=0
split_feature=238 60 104 140 29 238 47 79 139 189 191 244 121 78
split_gain=444.717 253.65 211.652 154.893 153.126 139.379 120.951 101.294 95.4252 95.0674 90.6749 94.0084 84.9149 82.0102
threshold=-0.12887025624513623 71.500000000000014 37.500000000000007 32.500000000000007 54.500000000000007 -0.23291394114494321 82.500000000000014 52.500000000000007 48.500000000000007 43.500000000000007 67.500000000000014 0.11358200013637544 89.500000000000014 3.5000000000000004
decision_type=10 8 8 10 10 10 8 10 10 8 10 2 10 10
left_child=1 5 3 4 7 -1 -4 12 13 -3 11 -7 -2 -5
right_child=2 9 6 8 -6 10 -8 -9 -10 -11 -12 -13 -14 -15
leaf_value=0.010859533267758119 -0.0019610781899765946 0.0046352970463324258 -0.0011457713863357085 -0.020559389072688318 -0.016083816804622925 -0.00084930653775436944 0.0049368809270448968 -0.012935217986149333 -0.0041146619529998036 0.012975816218993401 0.0069456590305655716 -0.031611028176670865 -0.0130128360317652 0.0027366522650526751
leaf_weight=1218.2915097624063 4465.1503521800041 2108.9628382921219 10142.322136864066 131.19401180744171 1479.2805170416832 7562.8444936424494 4132.926724627614 1275.8824435919523 6135.6870995461941 2996.9870462566614 1449.3754246085882 80.494558274745941 718.76349304616451 3738.2165202796459
leaf_count=7078 18662 10182 43759 558 6042 34275 19016 5313 26330 15587 6581 409 2993 16244
internal_value=-0.000103573 0.00408524 -0.00210856 -0.00427637 -0.00740286 0.00137416 0.000617483 -0.00539315 -0.00179057 0.00954664 9.27231e-05 -0.00121415 -0.00351554 0.00189583
internal_weight=47636.4 15417 32219.4 17944.2 7939.08 10311 14275.2 6459.8 10005.1 5105.95 9092.71 7643.34 5183.91 3869.41
internal_count=213029 74112 138917 76142 33010 48343 62775 26968 43132 25769 41265 34684 21655 16802
is_linear=0
shrinkage=0.03


Tree=55
num_leaves=15
num_cat=0
split_feature=236 126 98 242 77 230 122 230 58 148 137 242 209 122
split_gain=420.284 210.692 201.122 164.007 150.961 119.408 114.541 143.818 100.54 98.8372 114.734 103.557 92.2489 87.303
threshold=-0.093777492642402635 77.500000000000014 42.500000000000007 0.034445472061634071 1.5000000000000002 80.500000000000014 29.500000000000004 37.500000000000007 29.500000000000004 12.500000000000002 93.500000000000014 0.021471186541020874 42.500000000000007 68.500000000000014
decision_type=2 8 8 8 10 8 10 10 8 8 10 8 10 10
left_child=1 3 4 -1 -2 6 7 -6 -7 10 -4 -11 -8 -10
right_child=2 -3 9 -5 5 8 12 -9 13 11 -12 -13 -14 -15
leaf_value=-0.00096035553607110816 -0.019569797107772874 0.0095490568947728307 -0.0016663506035009292 0.0088327454876516685 0.003530888646376113 0.010246788962903727 -0.0039556053798332725 -0.0067463997810222835 -0.006751311762711207 -0.0020428299904120609 -0.025562683657628045 0.0054956488033546247 -0.0099406680836951339 0.0025049127477076816
leaf_weight=5761.1800206005573 478.61861900985241 4962.1457485854626 1424.6380712538958 2089.3442300707102 3509.4029781967402 931.20160891115665 11346.843316018581 1870.1239264458418 1376.5450742989779 2274.5890723466873 197.41721700131893 5828.2886930406094 2913.8976048976183 2698.9029364734888
leaf_count=25767 1978 26388 6325 10539 14930 4143 48028 7782 5934 9816 903 26443 12163 12107
internal_value=7.27004e-05 0.00471664 -0.00163549 0.00165391 -0.00305303 -0.00272448 -0.00377838 -4.77681e-05 0.00140908 0.00202625 -0.00471354 0.00337958 -0.00518464 -0.000630392
internal_weight=47663.1 12812.7 34850.5 7850.52 25125.5 24646.9 19640.3 5379.53 5006.65 9724.93 1622.06 8102.88 14260.7 4075.45
internal_count=213246 62694 150552 36306 107065 105087 82903 22712 22184 43487 7228 36259 60191 18041
is_linear=0
shrinkage=0.03


Tree=56
num_leaves=15
num_cat=0
split_feature=126 240 244 76 44 209 165 226 144 244 229 139 31 52
split_gain=342.527 254.824 147.182 174.857 148.194 127.683 123.292 96.0881 161.021 142.013 130.832 128.39 109.383 129.704
threshold=59.500000000000007 -0.057946855202317231 0.046097356826066978 86.500000000000014 4.5000000000000009 42.500000000000007 6.5000000000000009 12.500000000000002 2.5000000000000004 0.035613799467682845 67.500000000000014 69.500000000000014 65.500000000000014 31.500000000000004
decision_type=8 8 2 8 10 10 10 8 10 2 10 10 10 10
left_child=5 -2 6 4 -4 -1 -3 8 -8 -10 12 -12 -9 -14
right_child=1 2 3 -5 -6 -7 7 10 9 -11 11 -13 13 -15
leaf_value=-0.0016390319340408412 0.011270459063043374 -0.0069500614563080257 -0.014501911952613458 0.0160268766048287 0.006183954274045971 -0.0076255893492432969 -0.027019791746773405 -0.00034679258203709355 0.0080207530393165312 -0.011566627798164423 0.010613025680346465 -0.0015553280531025856 -0.016567397090038304 -0.00071596508728109765
leaf_weight=21214.827486947179 2652.5477827638388 1863.6473323106766 398.96363562345505 1250.3523588627577 1301.1386291086674 3769.5226000398397 125.88124515116215 6027.1589622199535 3598.1523829996586 358.2414975464344 1662.1603805273771 1459.0832157880068 922.90873531997204 927.317054733634
leaf_count=91054 14127 8642 2100 6629 6165 15710 562 26507 16874 1721 7818 6606 4064 4143
internal_value=-0.000126117 0.00255406 0.00138685 0.00755856 0.00127318 -0.00254495 0.000308384 0.00120937 0.00513389 0.00622248 -0.000250606 0.0049379 -0.00231009 -0.00866935
internal_weight=47531.9 22547.6 19895 2950.45 1700.1 24984.4 16944.6 15080.9 4082.28 3956.39 10998.6 3121.24 7877.38 1850.23
internal_count=212722 105958 91831 14894 8265 106764 76937 68295 19157 18595 49138 14424 34714 8207
is_linear=0
shrinkage=0.03


Tree=57
num_leaves=15
num_cat=0
split_feature=245 242 76 229 245 226 226 242 120 226 47 60 222 222
split_gain=419.727 247.537 183.105 153.344 155.347 152.532 240.814 165.749 169.977 133.441 132.799 134.254 111.286 110.634
threshold=-0.11049801111221312 0.019352460280060772 86.500000000000014 68.500000000000014 -0.0485324990004301 54.500000000000007 6.5000000000000009 0.028252464719116691 51.500000000000007 34.500000000000007 11.500000000000002 45.500000000000007 17.500000000000004 3.5000000000000004
decision_type=2 8 8 10 2 8 10 10 10 10 10 10 10 10
left_child=5 3 -3 -2 12 6 -1 10 9 -9 11 -8 -5 -12
right_child=1 2 -4 4 -6 -7 7 8 -10 -11 13 -13 -14 -15
leaf_value=0.016348658318699499 -0.0062302044324362236 -0.00052276061788904108 0.0057487162113423872 0.026293459037287734 -0.0047885286419104313 0.023345259099734332 -0.039466758392373687 0.014980923776772157 0.016441199555630896 -0.034195348630901068 -0.013765729637393207 -0.0041989453455944827 0.0047414507198939061 0.0085710794859756231
leaf_weight=1395.3272271901369 9852.6172055602074 26114.161089971662 4980.3383328467607 274.04329450428486 1409.5153062492609 571.74756760895252 179.59390099346638 75.255407124757767 728.08474668860435 114.07704696059227 315.69087478518486 204.7198214828968 922.13205793499947 505.33956871926785
leaf_count=8430 41165 114653 23636 1305 6040 3212 811 368 4032 535 1538 1051 4241 2273
internal_value=-8.49694e-05 -0.000948608 0.000483253 -0.00451989 0.00194624 0.00909183 0.0067158 0.000336998 0.00988697 -0.0148779 -0.00695326 -0.0212629 0.00985606 -7.9848e-05
internal_weight=47642.6 43552.8 31094.5 12458.3 2605.69 4089.84 3518.09 2122.76 917.417 189.332 1205.34 384.314 1196.18 821.03
internal_count=213290 191040 138289 52751 11586 22250 19038 10608 4935 903 5673 1862 5546 3811
is_linear=0
shrinkage=0.03


Tree=58
num_leaves=15
num_cat=0
split_feature=236 106 140 29 248 231 230 231 224 248 231 5 224 143
split_gain=372.892 189.434 173.045 175.192 152.556 134.753 170.75 138.118 122.065 138.351 121.134 142.528 131.889 126.913
threshold=-0.11867316812276839 33.500000000000007 32.500000000000007 54.500000000000007 0.28787878155708319 92.500000000000014 5.5000000000000009 17.500000000000004 7.5000000000000009 0.82323232293128978 77.500000000000014 31.500000000000004 4.5000000000000009 69.500000000000014
decision_type=2 8 10 10 2 10 8 10 10 2 10 10 10 10
left_child=-1 2 3 5 -4 6 7 -2 9 -7 11 12 -9 -12
right_child=1 -3 4 -5 -6 8 -8 10 -10 -11 13 -13 -14 -15
leaf_value=0.0069988977352404246 -0.01596985587256284 0.0018452062299244096 -0.0051992769306281206 -0.013031761076375603 0.0015608042747241437 -0.039754330973909333 -0.004710915966707383 1.8524331488915596e-05 -0.0040003466453566857 -0.0042060839901292028 -0.018629891971401167 -0.016076848684264435 0.019801891713847521 0.013704155736641573
leaf_weight=6041.491828635335 249.2444718927145 14148.200329452753 4121.1428176909685 2063.2255089133978 11006.531414330006 251.86066801846027 6989.038004308939 429.28248964250088 473.76217868924141 162.14728420972824 277.82218164205551 148.73556952178478 1023.4750090092421 167.10662563145161
leaf_count=31874 1053 63442 17727 8468 48297 1075 29292 1935 2051 765 1220 626 4424 784
internal_value=4.16513e-05 -0.000972331 -0.00242928 -0.00508041 -0.000283023 -0.00345647 -0.0023805 0.00470399 -0.0145576 -0.0262593 0.00728738 0.0111207 0.0139961 -0.00645156
internal_weight=47553.1 41511.6 27363.4 12235.7 15127.7 10172.5 9284.7 2295.67 887.77 414.008 2046.42 1601.49 1452.76 444.929
internal_count=213033 181159 117717 51693 66024 43225 39334 10042 3891 1840 8989 6985 6359 2004
is_linear=0
shrinkage=0.03


Tree=59
num_leaves=15
num_cat=0
split_feature=238 190 238 60 81 120 246 226 231 233 224 192 242 231
split_gain=384.794 230.954 172.249 162.476 143.958 107.254 116.812 114.25 146.824 134.91 105.288 132.773 105.794 100.673
threshold=-0.20431646704673764 89.500000000000014 -0.1115906275808811 67.500000000000014 63.500000000000007 75.500000000000014 0.033475466072559364 1.0000000180025095e-35 88.500000000000014 9.5000000000000018 2.5000000000000004 1.0000000180025095e-35 0.032963547855615623 92.500000000000014
decision_type=10 10 10 8 10 8 2 10 10 10 10 8 8 10
left_child=10 2 3 -2 5 -4 7 8 -7 -9 -1 -12 -13 -5
right_child=1 -3 4 13 -6 6 -8 9 -10 -11 11 12 -14 -15
leaf_value=0.016465526700765863 -0.0010618807529540152 0.0081171350739085903 -0.0055558791847646685 0.0071747588299137703 0.0010972723968803646 -0.0053548916065870597 0.0059707776711425704 -0.015407022334793069 -0.044882468263436746 0.0012128729018843793 -0.012057727947993171 0.0014537719159128703 0.015161490348947917 -0.0030486367939018635
leaf_weight=1242.1594961881638 10902.251891508698 2469.4767639935017 13750.832209020853 4525.0842806398869 6170.0053203254938 247.05418653786182 1688.9405526220798 523.29730761051178 121.22372983396053 2494.5413642525673 319.76686517894268 990.35706393420696 1032.690066754818 1065.7471579313278
leaf_count=7757 48130 11195 57346 21108 27459 1116 7680 2227 509 10824 1752 5023 5788 5138
internal_value=-5.7154e-06 -0.000777285 -0.00130852 0.00107077 -0.00287826 -0.00418109 -0.000452498 -0.00366447 -0.0192085 -0.00171041 0.00943102 0.00564719 0.00849121 0.00522397
internal_weight=47543.4 43958.5 41489 16493.1 24995.9 18825.9 5075.06 3386.12 368.278 3017.84 3584.97 2342.81 2023.05 5590.83
internal_count=213052 192732 181537 74376 107161 79702 22356 14676 1625 13051 20320 12563 10811 26246
is_linear=0
shrinkage=0.03


Tree=60
num_leaves=15
num_cat=0
split_feature=238 252 226 125 226 228 147 120 47 120 192 243 226 70
split_gain=379.9 179.277 176.656 129.187 124.015 170.567 158.674 149.417 145.921 123.856 115.111 110.107 100.746 98.1442
threshold=-0.1440412029623985 0.13411353528499606 1.5000000000000002 3.5000000000000004 12.500000000000002 11.500000000000002 18.500000000000004 97.500000000000014 10.500000000000002 73.500000000000014 79.500000000000014 -0.056920476257801049 81.500000000000014 6.5000000000000009
decision_type=10 2 10 8 8 8 10 10 8 8 10 2 10 8
left_child=2 3 -1 -2 6 8 -5 11 -6 12 -4 -7 -10 -13
right_child=1 -3 10 4 5 7 -8 -9 9 -11 -12 13 -14 -15
leaf_value=0.012510793017568094 -0.0082564828870501563 0.0077952688935041866 0.0016121138625445285 0.013888762080485556 -0.026070308032995742 0.0064061271998510656 0.00027606396310835549 0.0088844154842717144 -0.01302228376291583 0.0017182516444762604 0.011390197141773695 0.0041206772145401076 0.025090358247267918 -0.0032178975720973091
leaf_weight=2103.1824378073215 2774.4398106485605 1735.4098105579615 8189.803455799818 922.05097697675228 385.21066845953465 1295.306085050106 4452.9111757278442 1176.5163952857256 1578.0432363599539 1020.4948015511036 1239.71652148664 1787.9335656017065 55.968668267130852 18841.179262205958
leaf_count=11863 11561 8319 39501 4137 1630 5868 19590 5462 6520 4423 6046 7489 234 80563
internal_value=-6.77327e-05 -0.00158491 0.00466885 -0.00206177 -0.00151398 -0.0023673 0.00263272 -0.00148627 -0.00903605 -0.00647554 0.00290836 -0.00204658 -0.0115722 -0.00258017
internal_weight=47558.2 36025.5 11532.7 34290.1 31515.6 26140.7 5374.96 23100.9 3039.72 2654.51 9429.52 21924.4 1634.01 20629.1
internal_count=213206 155796 57410 147477 135916 112189 23727 99382 12807 11177 45547 93920 6754 88052
is_linear=0
shrinkage=0.03


Tree=61
num_leaves=15
num_cat=0
split_feature=238 63 230 231 119 101 215 249 230 78 231 229 148 230
split_gain=357.636 196.299 199.974 251.436 187.605 151.768 126.652 118.821 117.268 117.933 116.866 317.957 205.947 152.88
threshold=-0.20431646704673764 72.500000000000014 2.5000000000000004 92.500000000000014 46.500000000000007 2.5000000000000004 43.500000000000007 0.7929292917251588 1.5000000000000002 26.500000000000004 81.500000000000014 26.500000000000004 12.500000000000002 14.500000000000002
decision_type=10 8 10 10 8 10 10 2 10 10 8 8 10 10
left_child=8 2 3 -2 -3 -4 -7 -5 -1 -10 13 12 -12 -6
right_child=1 4 5 7 10 6 -8 -9 9 -11 11 -13 -14 -15
leaf_value=0.016661644270024999 0.0098508800734863067 -0.0034826763183872685 -0.010903419311234692 -0.014620104864825042 0.014268538764247033 -0.0014231165072885164 -0.0073499137418923284 0.017685780733979903 0.00051653493913841723 0.014776456932600731 -0.028324981740151241 0.0099053693323518481 -0.0034026236075631391 0.0038998506914641601
leaf_weight=1203.0053845643997 2379.5364534705877 3714.5411700308323 1986.3821798861027 659.79435198009014 1780.4784772247076 21674.985961094499 3808.1599934697151 112.22807884216309 1605.8272808641195 763.88762938976288 367.52631030976772 1537.6128346920013 1441.3850193023682 4531.1506806612015
leaf_count=7595 10829 16043 8399 3080 8281 93557 16122 544 8673 4115 1639 7588 6674 20192
internal_value=-4.87264e-05 -0.000790815 -0.00211493 0.00503178 0.00224048 -0.0029364 -0.00231134 -0.00975773 0.00906591 0.00515606 0.00444294 -9.00533e-05 -0.00859412 0.00684275
internal_weight=47566.5 43993.8 30621.1 3151.56 13372.7 27469.5 25483.1 772.022 3572.72 2369.71 9658.15 3346.52 1808.91 6311.63
internal_count=213331 192948 132531 14453 60417 118078 109679 3624 20383 12788 44374 15901 8313 28473
is_linear=0
shrinkage=0.03


Tree=62
num_leaves=15
num_cat=0
split_feature=238 244 238 14 60 242 243 67 244 243 232 243 244 70
split_gain=346.888 180.466 166.957 162.409 133.462 138.07 124.443 113.835 111.852 130.075 104.953 99.597 95.1923 102.839
threshold=-0.13823561370372769 0.10114844888448717 -0.27231599390506739 60.500000000000007 80.500000000000014 0.03378605283796788 -0.044194122776389115 2.5000000000000004 0.021755583584308628 -0.048505512997508042 87.500000000000014 -0.031969511881470673 0.0019807587377727036 7.5000000000000009
decision_type=10 2 10 10 10 8 2 10 2 2 8 2 2 10
left_child=2 3 -1 7 5 8 -5 -2 9 -4 12 -11 -9 -14
right_child=1 -3 4 6 -6 -7 -8 10 -10 11 -12 -13 13 -15
leaf_value=0.015520129166123959 -0.0099678979137997909 0.020351517638453925 0.0095329024214994736 0.010128909314588021 0.0093589501834132702 0.0074050441432291746 0.0003177132964151045 -0.012828390160413421 -0.0065713557119500545 -0.0078291311238232828 0.0024841664400624165 0.0029359147739053851 0.0024287292835686045 -0.0036531849903086392
leaf_weight=1090.8118981719017 1878.5256724357605 329.28944258391857 1383.9091260135174 1356.5116641670465 2548.1139619201422 2632.6546303480864 7836.7537600249052 865.27535292506218 2020.0160043984652 1295.0153761953115 3490.928838789463 1890.2118502259254 2958.4602821618319 16000.472752660513
leaf_count=6940 8072 1654 6659 6215 12792 13496 34647 3610 9649 5701 15077 8303 12521 68152
internal_value=0.000136767 -0.00142245 0.00434356 -0.00163682 0.00329544 0.00161168 0.00177484 -0.00288195 -0.000710733 0.00188894 -0.002307 -0.00145163 -0.00315153 -0.00270335
internal_weight=47577 34716.2 12860.7 34386.9 11769.9 9221.81 9193.27 25193.7 6589.15 4569.14 23315.1 3185.23 19824.2 18958.9
internal_count=213488 149948 63540 148294 56600 43808 40862 107432 30312 20663 99360 14004 84283 80673
is_linear=0
shrinkage=0.03


Tree=63
num_leaves=15
num_cat=0
split_feature=245 224 226 101 190 238 226 249 245 249 49 224 226 60
split_gain=384.946 194.303 208.95 193.621 169.403 164.95 151.729 146.733 141.111 169.272 124.117 137.369 117.723 112.923
threshold=-0.099417231976985918 2.5000000000000004 54.500000000000007 2.5000000000000004 88.500000000000014 -0.11328832060098647 12.500000000000002 0.13636363297700885 -0.10093915089964865 0.21717172116041186 14.500000000000002 27.500000000000004 16.500000000000004 72.500000000000014
decision_type=2 10 8 8 10 10 10 2 2 2 10 10 10 8
left_child=1 -1 6 -2 5 13 7 -3 9 10 -8 -12 -11 -5
right_child=3 2 -4 4 -6 -7 8 -9 -10 12 11 -13 -14 -15
leaf_value=0.016349501595560069 -0.0092437272039024004 0.020063801980903555 0.016205236020150782 -0.0001362866537899436 0.0070922668423349716 -0.0024344303583173836 -0.0068689241803447775 -0.00010837601330034208 0.02089864665730299 -0.016839476232920415 -0.03572819548812127 0.0096560040183018801 0.0098925156697597123 0.0058429361194846955
leaf_weight=1543.2322651222348 2362.1797661632299 557.40290123224258 974.0950273424387 8950.8310023397207 2519.3575808107853 23574.333069398999 771.10024565458298 757.96509502828121 172.71266371011734 183.00009541213512 319.13145361840725 68.893622025847435 633.35276037454605 4155.4427010118961
leaf_count=9622 9947 2945 5046 39701 11420 100862 3508 4204 763 904 1384 339 3120 19673
internal_value=0.00010361 0.00721314 0.00400628 -0.000920957 -0.000417199 -0.000934769 0.000538652 0.00852671 -0.0043694 -0.00667267 -0.0139958 -0.0276301 0.0037688 0.00176248
internal_weight=47543 5980.89 4437.65 41562.1 39200 36680.6 3463.56 1315.37 2148.19 1975.48 1159.13 388.025 816.353 13106.3
internal_count=213438 31835 22213 181603 171656 160236 17167 7149 10018 9255 5231 1723 4024 59374
is_linear=0
shrinkage=0.03


Tree=64
num_leaves=15
num_cat=0
split_feature=245 248 231 229 230 231 245 222 231 248 222 230 120 248
split_gain=416.387 419.831 263.082 397.659 315.002 237.42 259.572 234.679 215.725 214.057 235.005 208.184 186.392 190.225
threshold=-0.075403515249490724 0.58080807328224193 67.500000000000014 28.500000000000004 3.5000000000000004 92.500000000000014 -0.20662932842969892 4.5000000000000009 57.500000000000007 0.60101011395454418 15.500000000000002 11.500000000000002 98.500000000000014 0.71212121844291698
decision_type=2 2 8 10 10 10 2 10 10 2 10 10 10 2
left_child=1 -1 4 5 7 -4 -7 -3 9 -6 12 -12 13 -11
right_child=-2 2 3 -5 8 6 -8 -9 -10 10 11 -13 -14 -15
leaf_value=0.015246244029557286 -0.0018558450003656433 -0.00074943690037182812 0.0090221409924374392 0.020846530196889056 0.019198553546531993 0.023539356908976104 -0.0082960699233039486 0.027956680824849253 -0.019322623492975862 -0.00057051639040715287 0.029664910915012815 -0.00096452287380559927 0.016834403480611663 -0.021329743402566506
leaf_weight=2563.5338668748736 33314.983771905303 561.51806101202965 2239.0152566209435 1307.0953263789415 348.90044473111629 250.2143617644906 2025.6581504121423 460.7777261286974 874.22902889549732 583.36493438482285 226.0793532282114 1292.8966289460659 177.18940882384777 1239.1279670894146
leaf_count=13201 144617 2607 11161 6441 1675 1843 10294 2146 3872 2565 1038 5581 854 5258
internal_value=-2.46581e-05 0.0042851 0.00184879 0.00634177 -0.00269246 0.00210574 -0.00470835 0.0123347 -0.00595135 -0.00288685 -0.00512497 0.00375846 -0.011858 -0.0147243
internal_weight=47464.6 14149.6 11586.1 5821.98 5764.08 4514.89 2275.87 1022.3 4741.79 3867.56 3518.66 1518.98 1999.68 1822.49
internal_count=213153 68536 55335 29739 25596 23298 12137 4753 20843 16971 15296 6619 8677 7823
is_linear=0
shrinkage=0.03


Tree=65
num_leaves=15
num_cat=0
split_feature=245 242 224 224 229 245 190 232 140 139 24 230 245 57
split_gain=331.62 192.322 186.353 201.67 177.674 153.68 138.449 118.646 101.476 117.369 95.9871 99.2091 216.497 117.317
threshold=-0.099417231976985918 0.019745898433029655 1.5000000000000002 65.500000000000014 68.500000000000014 -0.05052483826875686 73.500000000000014 83.500000000000014 88.500000000000014 40.500000000000007 78.500000000000014 33.500000000000007 -0.11823166906833647 86.500000000000014
decision_type=2 8 8 10 10 2 10 8 10 10 8 10 2 10
left_child=2 4 -1 10 -2 -6 7 -3 9 -9 11 13 -13 -4
right_child=1 6 3 -5 5 -7 -8 8 -10 -11 -12 12 -14 -15
leaf_value=0.017480464824700278 -0.0058445931923742445 -0.0014591281725072844 0.00023949354873452333 0.023352963557937808 0.011340079104045166 -0.0029666381287744644 0.0056783850473906263 0.0069456107693344881 -0.01493501479457059 -0.0040698357403747675 0.014254731715638895 0.013863640411345328 -0.018959045497851223 0.015673802012145407
leaf_weight=1144.1751561388373 10003.048471868038 19597.120127215981 2515.089308142662 432.01307179033756 1106.1389916241169 1704.852816298604 3916.9450569450855 3939.0422828793526 243.71234863996506 1109.4907918423414 504.48457781225443 255.00425258278847 566.60784335434437 528.13391396403313
leaf_count=7195 41605 86091 12599 2351 5162 7297 17654 18247 1111 4704 2962 1243 2553 2946
internal_value=3.01234e-05 -0.000917116 0.00665149 0.00403994 -0.0039732 0.00268337 0.000443241 -0.000382585 0.00359907 0.00452154 0.00208141 0.000459719 -0.00872764 0.00296059
internal_weight=47565.9 41620.4 5945.51 4801.33 12814 2810.99 28806.3 24889.4 5292.25 5048.53 4369.32 3864.84 821.612 3043.22
internal_count=213720 181871 31849 24654 54064 12459 127807 110153 24062 22951 22303 19341 3796 15545
is_linear=0
shrinkage=0.03


Tree=66
num_leaves=15
num_cat=0
split_feature=236 60 106 140 233 231 226 230 230 165 248 63 106 115
split_gain=296.306 164.961 146.458 114.181 143.602 121.482 118.576 143.235 116.572 112.79 107.87 105.265 101.419 91.6816
threshold=-0.093310777097940431 67.500000000000014 36.500000000000007 44.500000000000007 45.500000000000007 92.500000000000014 9.5000000000000018 24.500000000000004 50.500000000000007 5.5000000000000009 0.28787878155708319 77.500000000000014 15.500000000000002 26.500000000000004
decision_type=2 8 8 10 10 10 10 8 8 8 2 10 10 10
left_child=1 -1 3 4 12 6 13 -8 -9 -4 -5 -12 -2 -6
right_child=2 -3 9 10 5 -7 7 8 -10 -11 11 -13 -14 -15
leaf_value=0.0012988847987902559 -0.013357842257060824 0.008376616865967107 -0.012299031650228489 -0.0049705023955183497 0.01062370591732676 -0.014876767655149069 -0.0093311862235363457 0.0067930907120393796 -0.0042703415947233057 0.0019562271068249348 -0.00085371929945406079 0.0070097282911318745 -0.004736316880992345 -0.00786760860282135
leaf_weight=8139.4212900549173 2293.5939718484879 4654.9453813955188 513.45319972932339 3396.4248954951763 1117.5799396932125 610.36123521625996 2024.0173958539963 1547.8108945637941 1895.9335073828697 10961.621823206544 5129.8152828961611 2173.5762083977461 2667.4244081825018 299.13362631201744
leaf_count=38962 9423 24570 2296 14552 4885 2581 8403 6372 7819 48893 22200 9688 11178 1274
internal_value=-2.10252e-05 0.00387849 -0.00146241 -0.0028354 -0.00478673 -0.00216107 -0.00101378 -0.00301883 0.000707454 0.00130822 -0.000561478 0.00149292 -0.0087411 0.00669156
internal_weight=47425.1 12794.4 34630.7 23155.7 12455.9 7494.84 6884.48 5467.76 3443.74 11475.1 10699.8 7303.39 4961.02 1416.71
internal_count=213096 63532 149564 98375 51935 31334 28753 22594 14191 51189 46440 31888 20601 6159
is_linear=0
shrinkage=0.03


Tree=67
num_leaves=15
num_cat=0
split_feature=245 226 226 140 10 245 4 245 34 243 68 246 226 243
split_gain=320.742 172.736 203.135 146.834 259.464 207.158 145.774 167.566 143.104 129.574 124.755 112.976 112.185 138.469
threshold=-0.09611890465021132 54.500000000000007 3.5000000000000004 27.500000000000004 53.500000000000007 -0.044067097827792161 5.5000000000000009 -0.20662932842969892 12.500000000000002 -0.034764958545565598 9.5000000000000018 0.03290193714201451 4.5000000000000009 -0.045409813523292535
decision_type=2 8 10 8 10 2 10 2 10 2 8 2 10 2
left_child=1 2 -1 4 8 10 7 -4 -2 -9 -5 -7 13 -10
right_child=3 -3 6 5 -6 11 -8 9 12 -11 -12 -13 -14 -15
leaf_value=0.012927239386883987 -0.0063209904619762492 0.016257408873993615 0.027007357141620003 -0.0057864794979781671 -0.0098918983096470368 -0.0062519385322673572 0.0063192697576762739 -0.011462200198278632 -0.0050769008084731171 0.0082789171068475571 0.0033473248835733885 0.00019917533848653351 -0.00041094687184445484 0.015216931766152957
leaf_weight=1565.9693074524403 3097.165739223361 1239.9890091493726 124.66331920027733 1471.3252269327641 3929.5142826586962 4847.4910299181938 1798.6190246343613 1532.3070461302996 432.36288855969906 363.57613068819046 14797.865970760584 4914.4774056971073 6253.0952000170946 967.38341166079044
leaf_count=9493 13020 6684 885 6754 16308 20724 8891 7421 1962 1739 65822 22274 26567 4351
internal_value=8.92545e-05 0.00620563 0.00386525 -0.000907385 -0.00330552 0.000445724 0.000125517 -0.00539191 -0.000891005 -0.00765284 0.00251825 -0.00300737 0.00131193 0.00895689
internal_weight=47335.8 6625.12 5385.13 40710.7 14679.5 26031.2 3819.17 2020.55 10750 1895.88 16269.2 9761.97 7652.84 1399.75
internal_count=212895 35113 28429 177782 62208 115574 18936 10045 45900 9160 72576 42998 32880 6313
is_linear=0
shrinkage=0.03


Tree=68
num_leaves=15
num_cat=0
split_feature=245 119 51 249 245 222 228 140 231 231 231 248 231 228
split_gain=309.63 178.459 171.675 170.65 191.011 229.47 188.359 173.064 189.595 336.776 214.026 181.526 298.423 159.555
threshold=-0.11049801111221312 17.500000000000004 3.5000000000000004 0.13636363297700885 -0.071757920086383806 40.500000000000007 72.500000000000014 56.500000000000007 92.500000000000014 64.500000000000014 53.500000000000007 0.71212121844291698 40.500000000000007 2.5000000000000004
decision_type=2 8 8 2 2 10 8 10 10 10 10 2 8 8
left_child=1 -1 -2 4 5 7 -7 8 9 10 11 -4 13 -13
right_child=2 -3 3 -5 -6 6 -8 -9 -10 -11 -12 12 -14 -15
leaf_value=-0.023351003353192106 -0.0068050808505981377 0.0092750072933432594 0.0058776127395401461 0.0021404990749304747 -0.0034981227887224712 0.024866444647787013 -0.0072908182843458118 0.0091150887864340172 -0.022634513396433693 0.012775417732261039 -0.026854891070759824 0.018651754934155811 0.01175996274296463 -0.029301099152657436
leaf_weight=147.71794620156288 3812.0060038119555 3825.1973001211882 992.08483155071735 16862.090824723244 16714.069675251842 649.88963106274605 213.00329129397869 1449.901005551219 387.66713860630989 1109.5484178960323 402.45165599882603 63.305531591176987 301.11099311709404 560.5904278755188
leaf_count=648 16319 21709 4356 77175 70590 3011 968 6653 1675 4946 1709 273 1278 2307
internal_value=8.37616e-08 0.00800635 -0.000732513 -0.000147941 -0.00183736 0.00268954 0.0169359 0.000327736 -0.00302548 -0.00074926 -0.00724583 -0.00301134 -0.0125058 -0.0242179
internal_weight=47490.6 3972.92 43517.7 39705.7 22843.6 6129.55 862.893 5266.66 3816.76 3429.09 2319.54 1917.09 925.007 623.896
internal_count=213617 22357 191260 174941 97766 27176 3979 23197 16544 14869 9923 8214 3858 2580
is_linear=0
shrinkage=0.03


Tree=69
num_leaves=15
num_cat=0
split_feature=242 76 230 248 231 231 231 224 231 248 120 222 78 104
split_gain=234.662 184.729 178.116 257.02 194.446 344.443 167.569 248.672 246.529 246.466 200.099 189.62 180.409 179.419
threshold=0.031638506799936301 91.500000000000014 80.500000000000014 0.28787878155708319 25.500000000000004 59.500000000000007 91.500000000000014 32.500000000000007 70.500000000000014 0.62121212482452404 51.500000000000007 6.5000000000000009 26.500000000000004 9.5000000000000018
decision_type=8 10 10 2 10 10 8 8 10 2 8 10 10 10
left_child=1 2 6 -4 -5 -6 7 10 11 -10 13 -9 -12 -1
right_child=-2 -3 3 4 5 -7 -8 8 9 -11 12 -13 -14 -15
leaf_value=-0.012965184223063276 0.0039561967548580271 0.0042802132828873608 -0.0051570633578180061 0.024294630254362289 -0.0085426922201385057 0.012695551233098231 -0.0092598090409409528 -0.03106704966669302 -0.0042898323652013877 0.015804127936254159 -0.0025382920494067206 -0.0068215162063807958 0.0071460256828974359 -2.3854128982822875e-05
leaf_weight=1413.9193767160177 10466.167116761208 4913.9625831395388 2195.4866743832827 541.10103556513786 1082.7833474129438 1845.7713036984205 3347.4337229132652 291.80925486981869 1441.7013711333275 874.5633057653904 2632.115105137229 8364.5515692681074 5024.9796383231878 2986.3099159598351
leaf_count=5857 51645 23352 9411 2348 4705 8738 15286 1224 6153 3874 11806 34959 21748 12361
internal_value=-7.13856e-06 -0.00113033 -0.00196116 0.00286155 0.00793571 0.00484072 -0.00299763 -0.00208379 -0.00534947 0.00333247 0.000890072 -0.00767375 0.00381809 -0.00420224
internal_weight=47422.7 36956.5 32042.5 5665.14 3469.66 2928.55 26377.4 23029.9 10972.6 2316.26 12057.3 8656.36 7657.09 4400.23
internal_count=213467 161822 138470 25202 15791 13443 113268 97982 46210 10027 51772 36183 33554 18218
is_linear=0
shrinkage=0.03


Tree=70
num_leaves=15
num_cat=0
split_feature=238 230 52 81 128 209 224 229 224 226 222 230 137 190
split_gain=286.865 207.365 198.392 169.793 112.608 111.272 101.61 140.569 110.107 154.785 125.403 104.835 97.2385 89.9233
threshold=-0.12348582595586775 3.5000000000000004 10.500000000000002 65.500000000000014 4.5000000000000009 52.500000000000007 32.500000000000007 21.500000000000004 13.500000000000002 22.500000000000004 4.5000000000000009 9.5000000000000018 90.500000000000014 79.500000000000014
decision_type=10 10 10 10 8 10 8 8 10 10 10 10 10 10
left_child=1 4 -3 5 -1 6 8 12 -2 10 11 -10 -8 -4
right_child=3 2 13 -5 -6 -7 7 -9 9 -11 -12 -13 -14 -15
leaf_value=0.014087686065585841 -0.0038781728155049605 -0.004377879264302012 0.0028331290822844629 0.0025072461852817677 0.0046255070124247644 -0.0074303273809908166 -0.011616568418467204 -0.0026826426840685091 -0.020978508437663145 -0.00024376409569197056 0.014324778192167173 0.025246005034951269 -0.047293525623202208 0.013776724378623839
leaf_weight=1954.6994450241327 2940.7801346629858 3909.9973400682211 7355.4119292572141 6892.2083077728748 2707.1223545596004 3949.174494639039 919.8342259824276 10938.459442466497 167.97520412504673 3357.0853113234043 1397.6372749656439 49.494623467326164 66.14534467458725 735.52065639942884
leaf_count=10987 12611 18041 34008 31018 14269 16537 3936 46776 708 14041 6099 209 282 3611
internal_value=8.45799e-05 0.00325218 0.00116367 -0.00163636 0.00861466 -0.00283752 -0.00191992 -0.00366783 0.000715392 0.00343457 0.0110346 -0.00981076 -0.0144608 0.00384375
internal_weight=47341.5 16662.8 12000.9 30678.8 4661.82 23786.6 19837.4 11924.4 7912.97 4972.19 1615.11 217.47 985.98 8090.93
internal_count=213133 80916 55660 132217 25256 101199 84662 50994 33668 21057 7016 917 4218 37619
is_linear=0
shrinkage=0.03


Tree=71
num_leaves=15
num_cat=0
split_feature=126 240 34 63 230 231 248 230 231 229 110 142 231 229
split_gain=194.15 186.23 145.283 119.08 141.234 128.829 115.562 106.364 145.541 134.418 134.897 110.529 101.272 101.02
threshold=53.500000000000007 -0.056287061423063271 7.5000000000000009 72.500000000000014 3.5000000000000004 92.500000000000014 0.84343436360359203 71.500000000000014 87.500000000000014 14.500000000000002 6.5000000000000009 95.500000000000014 56.500000000000007 13.500000000000002
decision_type=8 10 10 8 10 10 2 10 10 10 10 10 10 10
left_child=2 -2 -1 4 5 -3 -7 8 9 -6 -11 13 -9 -10
right_child=1 3 -4 -5 7 6 -8 12 11 10 -12 -13 -14 -15
leaf_value=-0.0070484906534796473 0.0088032517424412107 0.011275052144974628 -0.00082765489391389195 0.0036894559594644622 0.005616295423857995 -0.0072546575279723302 0.030359845074500822 -0.003149306959271703 -0.025603621028449982 -0.014850071213678174 -0.0021907379351571066 0.0029161573809771144 0.0078481548773114383 -0.0077098472166035673
leaf_weight=4147.3455395102501 3042.8956586942077 1457.792328633368 18061.208680331707 8452.3713666200638 1555.3600407391787 737.85774193704128 71.634146884083748 1430.6760071665049 575.73941570520401 907.99351716041565 4364.7459659129381 324.60508840531111 1572.7051734924316 575.05294086039066
leaf_count=17906 16548 7135 76814 39950 6931 3843 423 6342 2588 3973 19033 1593 7391 2523
internal_value=5.00585e-05 0.00185917 -0.00199202 0.000896307 -0.00084437 0.00597307 -0.00359619 -0.00221549 -0.00396423 -0.00210946 -0.00439473 -0.0124761 0.00261639 -0.0168055
internal_weight=47278 25069.4 22208.6 22026.5 13574.2 2267.28 809.492 11306.9 8303.5 6828.1 5272.74 1475.4 3003.38 1150.79
internal_count=212993 118273 94720 101725 61775 11401 4266 50374 36641 29937 23006 6704 13733 5111
is_linear=0
shrinkage=0.03


Tree=72
num_leaves=15
num_cat=0
split_feature=236 76 224 242 193 98 77 119 244 228 120 248 228 224
split_gain=219.515 144.546 125.654 154.238 120.971 119.259 113.453 93.8285 110.802 118.979 90.4444 103.978 126.887 177.859
threshold=-0.093310777097940431 83.500000000000014 74.500000000000014 0.041706146672368057 68.500000000000014 42.500000000000007 1.5000000000000002 15.500000000000002 0.021755583584308628 13.500000000000002 52.500000000000007 0.31818181276321417 4.5000000000000009 34.500000000000007
decision_type=2 8 10 8 10 8 10 10 2 10 10 2 10 10
left_child=1 2 3 4 7 6 -2 -1 -9 -10 -8 -12 -13 -14
right_child=5 -3 -4 -5 -6 -7 10 8 9 -11 11 12 13 -15
leaf_value=-0.022721980868868594 -0.016682982368089568 0.008317591428844846 0.01037999549807074 0.009635842902728016 0.0043575680571961775 0.0015391629734788405 -0.0039613232558301393 -0.00058260447224292361 -0.019297576552044105 -0.00064814416246775823 -0.0048058341075680362 -0.0059963622695842775 0.0079852624685027539 -0.001311556426684918
leaf_weight=231.98089997470379 480.57013902068138 3665.9000655114651 1172.488676071167 1223.7694009542465 1949.1508341729641 9580.5400339066982 12063.041777580976 3230.2941562533379 690.87954249233007 550.3554598018527 3384.141286700964 1712.3390663564205 3471.7843869924545 3951.5468057543039
leaf_count=971 1979 20052 5707 6668 9130 43062 50425 14858 3596 2617 14540 7380 14973 17382
internal_value=-6.9253e-05 0.00330062 0.00126121 -0.000107656 -0.00191176 -0.00130664 -0.00239463 -0.00451353 -0.00352029 -0.0110998 -0.00210864 -0.000321815 0.00134265 0.00304132
internal_weight=47358.8 12714.8 9048.92 7876.43 6652.66 34644 25063.4 4703.51 4471.53 1241.24 24582.9 12519.8 9135.67 7423.33
internal_count=213340 63599 43547 37840 31172 149741 106679 22042 21071 6213 104700 54275 39735 32355
is_linear=0
shrinkage=0.03


Tree=73
num_leaves=15
num_cat=0
split_feature=226 231 243 228 244 190 147 69 148 228 224 140 231 178
split_gain=196.532 237.636 330.745 239.404 212.269 202.858 185.337 176.67 151.709 151.062 147.123 142.876 139.912 134.602
threshold=8.5000000000000018 88.500000000000014 -0.089691597968339906 26.500000000000004 0.01679236721247435 80.500000000000014 15.500000000000002 75.500000000000014 12.500000000000002 6.5000000000000009 2.5000000000000004 27.500000000000004 21.500000000000004 48.500000000000007
decision_type=10 10 2 10 2 10 10 10 8 10 10 8 10 10
left_child=1 3 -3 12 -5 11 -4 8 10 -10 -8 13 -1 -2
right_child=5 2 6 4 -6 -7 7 -9 9 -11 -12 -13 -14 -15
leaf_value=0.00064049780174675901 -0.0026765028450021328 0.017116314652268788 0.010094424905129832 -0.022953365331185534 0.0048445624028523922 0.0054935441445354057 0.0052390725244808502 0.012263404708332591 -0.018485967041096299 -0.001146507317718496 -0.046804412172930743 -0.00029090536220207578 0.012704453299415051 -0.010116605844773304
leaf_weight=1112.2802920639515 10009.646305784583 618.81991641223431 468.87147542834282 389.95508024096489 640.4143151640892 3798.3401763737202 61.708243943750858 265.64334167540073 936.92230888456106 868.21367942541838 195.24439514428377 21090.872121095657 3902.3569579198956 2795.5105118751526
leaf_count=5797 42947 4091 2345 1733 3030 17289 340 1269 4453 4291 883 93668 18802 11553
internal_value=-0.000101518 0.00376212 -0.0025588 0.00733176 -0.00579539 -0.00107194 -0.0069579 -0.0104212 -0.0133886 -0.0101985 -0.0345779 -0.00180907 0.0100352 -0.00430739
internal_weight=47154.8 9460.43 3415.42 6045.01 1030.37 37694.4 2796.6 2327.73 2062.09 1805.14 256.953 33896 5014.64 12805.2
internal_count=212491 47034 17672 29362 4763 165457 13581 11236 9967 8744 1223 148168 24599 54500
is_linear=0
shrinkage=0.03


Tree=74
num_leaves=15
num_cat=0
split_feature=245 215 228 245 245 24 249 243 229 249 249 243 208 229
split_gain=274.576 160.38 142.817 148.967 125.08 153.357 125.93 111.346 170.863 250.825 249.107 199.832 122.588 108.552
threshold=-0.11150914430618285 46.500000000000007 30.500000000000004 -0.20662932842969892 -0.044067097827792161 95.500000000000014 0.18686868995428088 -0.082175362855195985 7.5000000000000009 0.025252525694668296 0.69191917777061474 -0.062420714646577828 33.500000000000007 67.500000000000014
decision_type=2 10 10 2 2 8 2 2 10 2 2 2 8 10
left_child=2 4 3 -1 5 -2 -6 12 -9 11 -11 -10 -5 -3
right_child=1 13 -4 7 6 -7 -8 8 9 10 -12 -13 -14 -15
leaf_value=0.025638119777508076 0.00069874699301832488 -0.0068391567820457588 0.031289778658790929 0.027417796200596836 -0.0052514485959643982 0.0090188017206485286 0.0010229072185089206 0.018134597906686548 0.013883222002730337 0.021383755388988502 -0.012946495866233023 -0.048334077194964159 -0.005230579851180279 0.0034099641348795551
leaf_weight=321.18787704408169 23568.296883702278 5072.4711065292358 213.04924865067005 103.50678262114525 6217.7494879513979 2168.381089091301 5348.8335932046175 934.01711168140173 62.661434426903725 474.74257525801659 304.54321416467428 136.16264417767525 1171.693663738668 1131.8739050328732
leaf_count=2518 103411 21422 1278 661 26358 11108 24235 5378 293 2404 1480 561 6728 5059
internal_value=0.000164921 -0.000504796 0.00797474 0.00647406 0.000238482 0.00140296 -0.00235157 0.00446875 0.00903005 0.000240381 0.00797352 -0.0289998 -0.00238783 -0.00496691
internal_weight=47229.2 43507.6 3721.56 3508.52 37303.3 25736.7 11566.6 3187.33 1912.13 978.11 779.286 198.824 1275.2 6204.35
internal_count=212894 191593 21301 20023 165112 114519 50593 17505 10116 4738 3884 854 7389 26481
is_linear=0
shrinkage=0.03


Tree=75
num_leaves=15
num_cat=0
split_feature=236 242 224 136 63 244 242 244 101 171 231 224 122 228
split_gain=220.964 121.041 119.548 157.645 115.268 107.735 104.592 103.968 124.668 78.5251 121.336 201.572 156.796 134.331
threshold=-0.093777492642402635 0.041227774694561965 74.500000000000014 1.5000000000000002 77.500000000000014 0.094444546848535552 0.010344742331653835 0.021755583584308628 4.5000000000000009 38.500000000000007 92.500000000000014 31.500000000000004 64.500000000000014 8.5000000000000018
decision_type=2 8 10 8 10 2 8 2 8 10 10 8 8 10
left_child=1 2 3 -1 5 6 -2 -5 -9 10 11 12 -8 -12
right_child=4 -3 -4 7 -6 -7 9 8 -10 -11 13 -13 -14 -15
leaf_value=0.0088183236107193946 -0.020473408709247552 0.0099088341474483262 0.010715085020397407 0.00099769858672120112 0.0017482070684894044 0.013934819684734562 0.0042749093813408074 -0.019463493155530059 -0.0024298311879959221 -0.00060756092161279415 -0.025532026237243061 -0.0067289871499036421 -0.0060093788906459876 -0.0032275351825389099
leaf_weight=1767.3369031324983 279.73704691231251 2065.6417555883527 1230.418484903872 5471.0363613888621 8199.984594643116 352.22966460883617 4008.7427418678999 521.19608619809151 1434.9640138223767 12327.071117118001 465.55690371990204 6614.75333532691 1987.5089847743511 503.78433522582054
leaf_count=10386 1172 11680 6104 24963 36132 1797 17060 2589 7092 53179 2024 28152 8457 2243
internal_value=-0.000128687 0.00329184 0.00197249 0.000792175 -0.00135914 -0.00231952 -0.00254339 -0.00112697 -0.00704416 -0.00234196 -0.0039147 -0.00312193 0.000861764 -0.0140913
internal_weight=47230 12490.6 10425 9194.53 34739.4 26539.4 26187.2 7427.2 1956.16 25907.4 13580.3 12611 5996.25 969.341
internal_count=213030 62814 51134 45030 150216 114084 112287 34644 9681 111115 57936 53669 25517 4267
is_linear=0
shrinkage=0.03


Tree=76
num_leaves=15
num_cat=0
split_feature=245 230 231 245 119 106 230 230 147 231 231 230 245 231
split_gain=248.019 176.127 248.696 218.395 186.738 173.614 162.454 198.186 163.393 159.597 155.949 153.177 146.464 136.925
threshold=-0.099417231976985918 80.500000000000014 91.500000000000014 -0.047900117933750146 50.500000000000007 8.5000000000000018 18.500000000000004 64.500000000000014 19.500000000000004 22.500000000000004 65.500000000000014 6.5000000000000009 -0.044067097827792161 6.5000000000000009
decision_type=2 8 10 2 10 10 10 10 8 8 10 10 2 10
left_child=9 2 4 -3 5 10 8 -8 -4 13 -2 -10 -6 -1
right_child=1 3 6 -5 12 -7 7 -9 11 -11 -12 -13 -14 -15
leaf_value=0.012992310922334617 -0.016062277818103311 0.008292949377011383 0.010510290349419235 -0.0014005279099279164 0.0029633174783607248 -0.0022564544001554008 -0.022829600153675016 0.006937137060536001 -0.013838715196358672 0.0074433345905195805 0.0095778062799123515 0.0055215649038990481 -0.0031113109925884961 -0.018189862016134286
leaf_weight=172.45240981131792 1497.7188053876162 3850.1055322438478 510.40784420073032 4561.1112434417009 11904.640613347292 10572.263906493783 1097.8739630132914 241.12198819220066 1329.5130990296602 5231.6874845176935 241.90667055547237 500.7030041962862 5092.5139026790857 413.88594225794077
leaf_count=920 6121 18365 2385 20433 52565 44129 4632 1065 6002 29034 1001 2228 22274 1908
internal_value=-1.61816e-05 -0.000831683 -0.00181976 0.00304109 -0.000895381 -0.00370747 -0.00916026 -0.0174576 -0.00435953 0.00577823 -0.0124625 -0.00854099 0.00114254 -0.00895456
internal_weight=47217.9 41399.9 32988.7 8411.22 29309 12311.9 3679.62 1339 2340.62 5818.03 1739.63 1830.22 16997.2 586.338
internal_count=213062 181200 142402 38798 126090 51251 16312 5697 10615 31862 7122 8230 74839 2828
is_linear=0
shrinkage=0.03


Tree=77
num_leaves=15
num_cat=0
split_feature=245 248 228 226 245 245 237 147 231 230 226 222 231 231
split_gain=279.753 386.081 225.4 287.168 173.063 240.419 144.079 143.66 157.34 140.269 246.178 137.845 153.566 361.693
threshold=-0.075403515249490724 0.58080807328224193 27.500000000000004 6.5000000000000009 -0.11150914430618285 -0.07930975034832953 0.10166315734386445 24.500000000000004 92.500000000000014 23.500000000000004 24.500000000000004 38.500000000000007 92.500000000000014 74.500000000000014
decision_type=2 2 10 8 2 2 2 10 10 8 8 10 10 10
left_child=1 -1 3 4 -3 7 -2 -6 -9 -4 -11 12 13 -5
right_child=6 2 9 11 5 -7 -8 8 -10 10 -12 -13 -14 -15
leaf_value=0.0142588668303349 -0.0020549903818005573 0.016375004010671473 0.028206076611547934 -0.0063838504850597284 0.010294896966256305 0.027226888572195393 0.0049961111290368352 0.0023073803434694121 -0.020043173031326501 -0.033676811450352194 0.010345548817189219 0.022993170319141901 -0.017094909985935582 0.014303296649942248
leaf_weight=2501.9869770780206 30473.197789058089 1115.7779271230102 331.35721619427204 4702.6196965053678 502.83342429995537 269.27127020061016 2842.6736541539431 564.65494697540998 555.51552444696426 114.56839336454868 1416.930246502161 154.80092942714691 792.08297842741013 897.35470339655876
leaf_count=13204 131047 7382 1674 20737 2481 1234 13644 2703 2609 524 6887 756 3950 4317
internal_value=4.02937e-05 0.00361055 0.00126674 -0.000597982 0.00706054 0.00151107 -0.00145204 -0.00289602 -0.00885599 0.0107833 0.00685522 -0.00412221 -0.00481377 -0.0030493
internal_weight=47235.6 13919.8 11417.8 9554.91 3008.05 1892.28 33315.9 1623 1120.17 1862.86 1531.5 6546.86 6392.06 5599.97
internal_count=213149 68458 55254 46169 16409 9027 144691 7793 5312 9085 7411 29760 29004 25054
is_linear=0
shrinkage=0.03


Tree=78
num_leaves=15
num_cat=0
split_feature=245 229 238 108 237 146 230 77 140 230 233 58 193 229
split_gain=261.972 192.587 195.949 214.601 164.039 156.353 129.106 120.63 118.187 172.966 130.643 112.023 111.495 186.078
threshold=-0.075403515249490724 45.500000000000007 -0.2522705197334289 12.500000000000002 0.10166315734386445 98.500000000000014 50.500000000000007 4.5000000000000009 54.500000000000007 3.5000000000000004 92.500000000000014 29.500000000000004 45.500000000000007 65.500000000000014
decision_type=2 8 10 10 2 10 10 8 8 8 10 8 8 8
left_child=1 2 -1 8 7 6 -5 -2 9 -4 -11 -9 13 -3
right_child=4 12 3 5 -6 -7 -8 11 -10 10 -12 -13 -14 -15
leaf_value=0.015543577488261061 -0.010889620471778206 0.016386766923292231 0.0033806001113180586 0.0092202921292661617 0.0055414645332642213 -0.011717339052953532 -0.0104287711667895 0.0010019246570194273 0.0049967626947799168 -0.011287190590542236 0.0054958058753016951 -0.0029270228198959324 0.015756160911900949 -0.01222008680106026
leaf_weight=869.69748909771442 1301.580348521471 397.44560255110264 1516.2839266434312 3702.6581805571914 2837.894922375679 405.29447586089373 319.29213739931583 9907.6121999919415 1357.1872635707259 2828.933058604598 483.19204524159431 19132.354980200529 1615.5410018786788 401.34710092097521
leaf_count=6197 5532 1861 7494 17734 13667 2054 1393 42604 6681 12445 2221 82286 8529 1934
internal_value=0.000104726 0.00356124 0.0019372 0.000808608 -0.00134364 0.00584406 0.00763841 -0.00198922 -0.00279906 -0.00499613 -0.00882962 -0.00158669 0.0112453 0.0020401
internal_weight=47076.3 13896.9 11482.5 10612.8 33179.4 4427.24 4021.95 30341.5 6185.6 4828.41 3312.13 29040 2414.33 798.793
internal_count=212632 68543 56219 50022 144089 21181 19127 130422 28841 22160 14666 124890 12324 3795
is_linear=0
shrinkage=0.03


Tree=79
num_leaves=15
num_cat=0
split_feature=245 233 125 66 244 231 245 226 148 248 120 248 245 231
split_gain=226.386 142.443 182.338 150.892 141.244 197.874 169.652 215.381 157.591 153.008 129.519 121.994 107.063 116.845
threshold=-0.11150914430618285 61.500000000000007 3.5000000000000004 76.500000000000014 0.022393216378986839 22.500000000000004 -0.20662932842969892 61.500000000000007 1.5000000000000002 0.84343436360359203 14.500000000000002 0.63131311535835277 -0.075017303228378282 92.500000000000014
decision_type=2 10 8 8 2 8 2 8 10 2 8 2 2 10
left_child=4 2 -2 -4 5 11 -6 8 -8 -10 -7 -1 13 -3
right_child=1 12 3 -5 6 10 7 -9 9 -11 -12 -13 -14 -15
leaf_value=0.017875192284561411 -0.010135119712318326 0.0078927144906182495 -0.0027641529233458462 0.0022688076363951699 0.023824389598353406 -0.022592224370107203 -0.028479306064826893 0.028345021385006372 -0.0086439991065760807 0.018370032664778633 0.017132837395847932 -0.031920421842150944 0.0001219471606064767 -0.0037473357856351842
leaf_weight=57.45662023127079 2209.8359779343009 3712.6039821505547 16780.234908938408 7867.2133566066623 233.73206287622452 68.74142949283123 247.0109536498785 161.34892064332962 772.13033588975668 238.81630115956068 1758.7647233903408 127.979502171278 11909.4468036443 974.11132767051458
leaf_count=303 9380 16972 72469 36860 1904 293 1304 1110 4477 1403 9961 597 51122 4730
internal_value=5.49687e-05 -0.000549657 -0.0018996 -0.00115741 0.00720369 0.0125196 0.000694026 -0.00325513 -0.00749983 -0.00214504 0.0155238 -0.0163663 0.00163477 0.00547056
internal_weight=47119.4 43453.4 26857.3 24647.4 3665.98 2012.94 1653.04 1419.31 1257.96 1010.95 1827.51 185.436 16596.2 4686.72
internal_count=212885 191533 118709 109329 21352 11154 10198 8294 7184 5880 10254 900 72824 21702
is_linear=0
shrinkage=0.03


Tree=80
num_leaves=15
num_cat=0
split_feature=245 248 228 226 245 245 244 244 231 10 244 76 248 139
split_gain=241.817 365.443 193.794 259.563 176.089 173 163.603 181.038 179.782 170.162 160.827 168.215 179.873 189.419
threshold=-0.075403515249490724 0.58080807328224193 26.500000000000004 6.5000000000000009 -0.11150914430618285 -0.07930975034832953 0.021755583584308628 0.032649721950292594 73.500000000000014 47.500000000000007 0.017974339425563816 81.500000000000014 0.7222222387790681 58.500000000000007
decision_type=2 2 10 8 2 2 2 2 10 10 2 10 2 8
left_child=1 -1 3 4 -3 -6 8 -8 10 -10 11 12 13 -5
right_child=-2 2 -4 6 5 -7 7 -9 9 -11 -12 -13 -14 -15
leaf_value=0.013878355349203477 -0.0012640584930562302 0.016055550681802769 0.0098647551937946758 0.0092570191860786386 -0.0024899334305267915 0.023522933475870856 -0.02304656900945334 -0.0020249983683592572 -0.00058483563789523741 0.02296693894342015 0.018990307652214749 0.005773984638748445 -0.015353745784427171 -0.017284696624093588
leaf_weight=2472.4706481546164 33291.96234600246 1118.7866685315967 1913.307440765202 704.47853407263756 1656.2646701037884 256.98697789013386 742.28160300850868 727.26097123324871 669.28141670674086 459.39032001048326 237.73571306467056 835.01587627828121 1759.071684896946 355.94447147101164
leaf_count=13200 144523 7552 9374 3130 7967 1192 3398 3808 3156 2171 1051 3809 7446 1596
internal_value=0.000123869 0.00344465 0.00117868 -0.000575089 0.00665827 0.00110824 -0.00395922 -0.0127272 -0.00137277 0.00911869 -0.00443065 -0.00600191 -0.00949752 0.000269709
internal_weight=47200.2 13908.3 11435.8 9522.5 3032.04 1913.25 6490.46 1469.54 5020.92 1128.67 3892.25 3654.51 2819.49 1060.42
internal_count=213373 68850 55650 46276 16711 9159 29565 7206 22359 5327 17032 15981 12172 4726
is_linear=0
shrinkage=0.03


Tree=81
num_leaves=15
num_cat=0
split_feature=238 63 249 242 224 222 76 122 222 134 229 233 238 240
split_gain=227.037 134.118 122.514 104.263 101.482 113.419 98.5672 91.5579 88.555 83.5152 82.8456 73.2693 71.2667 69.7953
threshold=-0.20431646704673764 72.500000000000014 0.075757574290037169 0.013558512087911369 17.500000000000004 17.500000000000004 89.500000000000014 18.500000000000004 78.500000000000014 93.500000000000014 59.500000000000007 99.500000000000014 -0.28074955940246576 -0.054778216406702988
decision_type=10 10 2 8 10 10 8 10 10 10 10 10 10 10
left_child=8 3 7 10 -4 -6 11 -3 12 -10 -2 -5 -1 -9
right_child=1 2 4 6 5 -7 -8 13 9 -11 -12 -13 -14 -15
leaf_value=0.016840352925006592 -0.013597887628527018 0.0085028116645878386 -0.0016830285274135272 -0.0021409087658868843 0.015557080463395807 0.0045041837172703483 0.0036369470888923893 0.0065137449973677319 0.0062666499749134503 -0.024072072327891297 0.0016544085135077329 0.0057633909314144223 0.0063314922380788858 -0.0046565530388332195
leaf_weight=778.94485496729612 1093.3287143111229 695.30877442657948 1769.4048812016845 25439.965616032481 1019.1432908922434 4533.1165123432875 3355.1400977745652 572.79336740076542 173.79328715056181 138.9038562849164 448.91384766995907 1091.6882001161575 2301.0075420513749 3730.3008446544409
leaf_count=5531 4539 3036 8172 110026 4765 20717 16050 2714 953 734 1984 4827 13134 16032
internal_value=2.54325e-05 -0.000555002 0.00209691 -0.00159488 0.00456632 0.00655732 -0.00120072 -0.00152217 0.00748992 -0.00753851 -0.00917621 -0.00181362 0.00903517 -0.003158
internal_weight=47141.8 43749.1 12320.1 31429 7321.66 5552.26 29886.8 4998.4 3392.65 312.697 1542.24 26531.7 3079.95 4303.09
internal_count=213214 192862 55436 137426 33654 25482 130903 21782 20352 1687 6523 114853 18665 18746
is_linear=0
shrinkage=0.03


Tree=82
num_leaves=15
num_cat=0
split_feature=63 226 248 140 47 61 248 239 248 226 120 76 222 226
split_gain=151.162 192.025 138.574 131.955 130.163 106.082 100.165 97.2237 107.817 114.68 213.498 130.453 128.011 114.44
threshold=67.500000000000014 2.5000000000000004 0.23737373948097232 37.500000000000007 inf 35.500000000000007 0.71212121844291698 -0.011232690885663031 0.73232322931289684 54.500000000000007 15.500000000000002 81.500000000000014 23.500000000000004 4.5000000000000009
decision_type=8 10 2 8 8 10 2 10 2 10 10 10 10 10
left_child=1 -1 -2 5 7 -4 -7 -3 -9 11 -11 12 13 -10
right_child=2 4 3 -5 -6 6 -8 8 9 10 -12 -13 -14 -15
leaf_value=0.00677448998575948 -0.0026236799502768852 -0.000145971476679917 0.0030138517078466152 0.0063571102448731868 0.015081943863030984 -0.0012012370539971839 -0.017698228855011589 -0.0025927629305132066 0.016922694029249039 -0.029742358506619253 0.011236068451488914 0.00178861803233232 0.0062690379912920492 -0.022232087886959215
leaf_weight=2501.0296812728047 3794.5809507071972 12385.181532897055 3347.7608303725719 7684.7562364116311 391.40143389254808 1025.2261919975281 480.49655847251415 12895.952321894467 63.880409888923168 138.72274520993233 486.55984318256378 422.19635215401649 182.20819510519505 1264.8376360535622
leaf_count=12856 16997 54723 15593 37337 1965 4371 2061 55652 292 569 2240 2045 796 5367
internal_value=6.29878e-05 -0.00117639 0.00239431 0.00391383 -0.00188292 4.01607e-05 -0.00654768 -0.00212677 -0.00371306 -0.00932798 0.00181969 -0.0129246 -0.0170206 -0.0202373
internal_weight=47064.8 30732 16332.8 12538.2 28230.9 4853.48 1505.72 27839.5 15454.4 2558.41 625.283 1933.12 1510.93 1328.72
internal_count=212864 136505 76359 59362 123649 22025 6432 121684 66961 11309 2809 8500 6455 5659
is_linear=0
shrinkage=0.03


Tree=83
num_leaves=15
num_cat=0
split_feature=245 190 245 222 229 231 229 231 229 65 231 140 199 100
split_gain=211.953 149.296 143.467 221.452 128.797 160.183 182.649 142.532 229.172 174.076 172.675 197.68 156.893 126.947
threshold=-0.20662932842969892 90.500000000000014 -0.075403515249490724 19.500000000000004 45.500000000000007 74.500000000000014 73.500000000000014 92.500000000000014 12.500000000000002 82.500000000000014 74.500000000000014 47.500000000000007 96.500000000000014 1.0000000180025095e-35
decision_type=2 10 2 8 8 10 10 10 10 10 10 10 8 8
left_child=-1 2 3 4 7 6 -6 8 9 -2 11 12 -10 -5
right_child=1 -3 -4 13 5 -7 -8 -9 10 -11 -12 -13 -14 -15
leaf_value=0.024270950683667795 0.0015109213439547247 0.0071436853106771432 -0.0016983672208342585 -0.02583565201919737 0.0086204730925788214 0.029169889531301736 -0.044150603954583922 -0.0087224121198716774 -0.03089305116476793 0.016070533548376162 0.012433970244864156 0.0040919818558801946 -0.0092700666937952318 0.0088584674125409789
leaf_weight=310.55965518951416 2693.7754812389612 2351.6052787229419 31356.293847471476 87.892527021467686 345.00322458148003 275.42138777673244 60.802454009652138 1904.6811618581414 384.31920830905437 1009.7851800248027 397.27342119812965 759.86401082575321 1361.7989670932293 3817.5936271026731
leaf_count=2625 12781 10961 135711 398 1596 1496 278 9825 1572 5492 1850 3535 5946 19148
internal_value=-4.01928e-05 -0.000206648 -0.000596993 0.00203891 -0.000505395 0.0119498 -0.000157947 -0.00151512 0.000572721 0.00551322 -0.00572696 -0.00864399 -0.0141781 0.00801369
internal_weight=47116.7 46806.1 44454.5 13098.2 9192.72 681.227 405.806 8511.5 6606.82 3703.56 2903.26 2505.98 1746.12 3905.49
internal_count=213214 210589 199628 63917 44371 3370 1874 41001 31176 18273 12903 11053 7518 19546
is_linear=0
shrinkage=0.03


Tree=84
num_leaves=15
num_cat=0
split_feature=245 242 66 245 224 231 229 222 192 202 138 229 245 222
split_gain=191.343 148.948 189.031 119.948 140.717 139.235 175.777 138.51 165.446 122.03 119.213 118.438 140.384 109.839
threshold=-0.20662932842969892 0.019271383993327621 18.500000000000004 -0.075403515249490724 43.500000000000007 92.500000000000014 12.500000000000002 34.500000000000007 83.500000000000014 77.500000000000014 53.500000000000007 68.500000000000014 -0.05052483826875686 87.500000000000014
decision_type=2 8 8 2 10 10 10 10 10 8 10 10 2 10
left_child=-1 11 -3 4 5 6 -4 8 9 -8 -9 -2 13 -13
right_child=1 2 3 -5 -6 -7 7 10 -10 -11 -12 12 -14 -15
leaf_value=0.023635177775473745 -0.0043793033610847769 -0.0034744752520134842 0.010674927432332984 0.00068789482636014902 0.012262194874160583 -0.0056655118481120093 -0.030344463283502248 0.026445024978495782 0.014205678535135328 -0.0050196909614667754 -0.010182620667442363 0.015274229633926099 -0.0029881869511013633 -0.011351816613226673
leaf_weight=295.1475812420249 10311.739087663591 7176.9287745803595 2534.4065406620502 18703.17024576664 1867.6514705643058 1336.5989051088691 186.57087564468384 261.68809145689011 355.58605280518532 1384.6098440885544 107.02311722934246 890.71673892438412 1532.1300339996815 157.44214567542076
leaf_count=2534 43557 31094 13612 83166 9518 7316 790 1324 1681 6433 514 4282 6535 807
internal_value=-4.37592e-05 -0.000198089 0.000845397 0.00200582 0.00506923 0.00287436 0.00524446 -0.000771534 -0.00401285 -0.00819979 0.0158252 -0.00294165 0.00279846 0.0112053
internal_weight=47101.4 46806.3 33914.2 26737.3 8034.13 6166.48 4829.88 2295.48 1926.77 1571.18 368.711 12892 2580.29 1048.16
internal_count=213163 210629 155448 124354 41188 31670 24354 10742 8904 7223 1838 55181 11624 5089
is_linear=0
shrinkage=0.03


Tree=85
num_leaves=15
num_cat=0
split_feature=242 66 229 230 248 61 249 229 120 243 228 230 243 249
split_gain=174.686 166.403 151.008 125.259 185.882 115.448 103.594 132.645 102.134 99.0246 138.269 138.076 138.587 115.789
threshold=0.027600079774856571 39.500000000000007 68.500000000000014 80.500000000000014 0.28787878155708319 11.500000000000002 0.89393940567970287 5.5000000000000009 38.500000000000007 -0.011462657246738671 93.500000000000014 24.500000000000004 -0.087502673268318162 0.83333334326744091
decision_type=8 8 10 10 2 8 2 10 10 2 10 10 2 2
left_child=3 2 8 5 -5 -1 9 -8 -2 10 11 13 -13 -7
right_child=1 -3 -4 4 -6 6 7 -9 -10 -11 -12 12 -14 -15
leaf_value=0.0021582127733174219 -0.005783764422361528 0.0050965791038645614 -0.01040860670075484 -0.0039748049251401903 0.0072328150087715573 -0.005573110437598304 0.021770247382901356 -0.031843791336200626 0.003548704887789703 -0.0087882733552993031 -0.035879509287294269 -0.033447702178809408 0.00052893660186684546 0.02007778365626477
leaf_weight=4414.219803839922 1427.5357175320387 9231.6599241346121 1264.9978499859571 2220.6190345138311 3299.0514247640967 7652.7168000042439 43.880414970219135 206.66321690380573 3962.1685274839401 2305.8082832247019 99.161116242408752 99.145428910851479 10705.645631290972 152.12804277986288
leaf_count=20803 6172 46845 5569 9551 15308 33202 235 913 18449 9660 423 409 44871 794
internal_value=-6.79531e-05 0.00249186 -0.00112372 -0.00137178 0.00272484 -0.00225305 -0.00316932 -0.0219786 0.00107074 -0.00293472 -0.00220898 -0.00201039 0.000186525 -0.00504808
internal_weight=47085.4 15886.4 6654.7 31199 5519.67 25679.4 21265.1 250.544 5389.7 21014.6 18708.8 18609.6 10804.8 7804.84
internal_count=213204 77035 30190 136169 24859 111310 90507 1148 24621 89359 79699 79276 45280 33996
is_linear=0
shrinkage=0.03


Tree=86
num_leaves=15
num_cat=0
split_feature=245 224 224 209 230 190 165 106 245 243 222 229 224 224
split_gain=209.531 160.682 141.912 118.898 99.4824 95.9321 88.2652 95.8678 86.6009 133.988 125.065 207.295 224.931 135.448
threshold=-0.099417231976985918 1.5000000000000002 66.500000000000014 47.500000000000007 80.500000000000014 81.500000000000014 7.5000000000000009 42.500000000000007 -0.076485164463520036 -0.054462255910038941 4.5000000000000009 32.500000000000007 15.500000000000002 12.500000000000002
decision_type=2 8 10 10 10 10 8 10 2 2 10 10 10 8
left_child=1 -1 -3 5 -5 6 -2 8 10 -10 11 12 -8 -12
right_child=3 2 -4 4 -6 -7 7 -9 9 -11 13 -13 -14 -15
leaf_value=0.015903219711368356 -0.006044549007340143 0.0013372346416279232 0.019979618563092209 -0.0065060493437487463 0.0036120389215975085 0.005008613826705568 -0.001399198923104689 0.0027751144704021916 -0.013645460221264826 -0.0015177970468720871 -0.0067959818935090354 0.036055811509050094 -0.031484190618356896 0.0075568075649523571
leaf_weight=1057.9280819967389 2430.878645285964 4197.553124435246 392.97792308032513 4827.839565962553 1060.7367229014635 3037.4558947831392 809.4681940972805 7685.6079413443804 853.55924604833126 16322.835676193237 717.59391456842422 86.873128056526184 299.59059347212315 3193.5146215707064
leaf_count=7218 10781 22090 2315 20269 4797 13876 3720 34744 3741 69938 3215 416 1251 14424
internal_value=4.43603e-06 0.00541867 0.0029731 -0.000736717 -0.0046804 -8.02661e-05 -0.000558741 -0.000111903 -0.00110844 -0.00212805 0.00231827 -0.00613714 -0.0097348 0.0049128
internal_weight=46974.4 5648.46 4590.53 41326 5888.58 35437.4 32399.9 29969 22283.4 17176.4 5107.04 1195.93 1109.06 3911.11
internal_count=212795 31623 24405 181172 25066 156106 142230 131449 96705 73679 23026 5387 4971 17639
is_linear=0
shrinkage=0.03


Tree=87
num_leaves=15
num_cat=0
split_feature=242 76 119 248 226 226 233 248 120 244 242 120 120 228
split_gain=170.295 201.702 138.076 155.751 133.579 183.879 146.132 112.746 108.256 105.971 104.207 100.17 99.2019 98.1652
threshold=0.024375812150537971 87.500000000000014 17.500000000000004 0.85353535413742077 41.500000000000007 12.500000000000002 52.500000000000007 0.81313130259513866 80.500000000000014 0.0034539608750492339 0.043700020760297782 95.500000000000014 5.5000000000000009 6.5000000000000009
decision_type=8 10 8 2 10 8 10 2 10 2 8 10 8 10
left_child=4 2 3 -2 5 9 11 8 13 -1 -4 -6 -7 -8
right_child=1 -3 10 -5 6 12 7 -9 -10 -11 -12 -13 -14 -15
leaf_value=0.012661477087501215 -0.0039393538215946548 0.009279257683920435 0.00070829818776640486 -0.039484450904484179 -0.003406598080868259 0.015839907908340979 -0.018248532174558681 0.01850511632293228 0.013486348647397044 -0.0013797654733058941 0.0071378029721570948 0.0069910066532656639 -0.0080683065042137948 0.002061311682987608
leaf_weight=528.80436849594116 2708.5615118592978 2831.2581150829792 13802.235078781843 105.91838786005974 7166.0708067640662 151.15697538852692 217.73742386698723 448.63346940279007 717.71595513820648 4724.2762474864721 2705.7240760400891 934.12143976986408 6351.205630607903 3593.9026144593954
leaf_count=2394 11621 14959 63762 430 30401 612 888 2047 3334 21856 14547 4493 26543 15038
internal_value=-9.59015e-05 0.00181585 0.000718023 -0.00541209 -0.00180139 -0.00412068 0.00028488 0.00432523 0.00288304 5.50758e-05 0.0017658 -0.0022004 -0.00748906 0.000856411
internal_weight=46987.3 22153.7 19322.4 2814.48 24833.6 11755.4 13078.2 4977.99 4529.36 5253.08 16508 8100.19 6502.36 3811.64
internal_count=212925 105319 90360 12051 107606 51405 56201 21307 19260 24250 78309 34894 27155 15926
is_linear=0
shrinkage=0.03


Tree=88
num_leaves=15
num_cat=0
split_feature=238 60 132 70 68 226 226 248 246 246 243 120 243 248
split_gain=204.06 132.488 118.565 113.062 103.109 100.725 112.412 124.073 189.132 145.353 96.2081 94.6934 96.8911 111.58
threshold=-0.11791005358099936 83.500000000000014 37.500000000000007 9.5000000000000018 2.5000000000000004 43.500000000000007 2.5000000000000004 0.70202019810676586 0.2878901362419129 0.20471026003360751 -0.038874486461281769 77.500000000000014 -0.059402430430054658 0.59090909361839306
decision_type=10 8 10 8 8 8 10 2 2 2 2 10 2 2
left_child=1 5 3 -2 -4 6 -1 8 -8 -9 -6 -5 -13 -14
right_child=2 -3 4 11 10 -7 7 9 -10 -11 -12 12 13 -15
leaf_value=0.0055721545341673416 0.0013280458793965689 0.0074929331651959526 -0.019933702357732407 -0.006220931471971715 0.0058396682772531424 0.0043137310189557323 0.0013356724005264965 -0.0092813737638184884 -0.042337016173148702 0.029616869693256446 -0.00047811537345009765 -0.018423786269098661 -0.0038294305070554397 0.0086132140876198204
leaf_weight=1918.4427681788802 3576.2750441879034 3752.3570764437318 208.64281311631203 9189.2298358529806 2730.5150115936995 5591.9051700085402 4293.3404233530164 2428.2713442593813 81.136715784668922 80.08154683560133 10402.264838948846 224.45823782682419 1449.9473307281733 1157.8383679389954
leaf_count=10419 15036 20082 883 38430 12432 25651 20283 11192 423 559 45630 994 6243 5160
internal_value=-1.3184e-05 0.00248016 -0.00157688 -0.00335196 0.000499353 0.00116901 -0.000831616 -0.00262203 0.000430929 -0.00792684 0.000838897 -0.00474417 5.22357e-05 0.00170681
internal_weight=47084.7 18145.5 28939.2 15597.7 13341.4 14393.2 8801.27 6882.83 4374.48 2508.35 13132.8 12021.5 2832.24 2607.79
internal_count=213417 88609 124808 65863 58945 68527 42876 32457 20706 11751 58062 50827 12397 11403
is_linear=0
shrinkage=0.03


Tree=89
num_leaves=15
num_cat=0
split_feature=242 76 193 230 226 226 225 222 249 226 230 228 146 117
split_gain=142.907 201.672 164.772 158.399 150.935 167.447 163.346 143.942 131.777 301.035 131.117 154.791 120.056 100.603
threshold=0.024375812150537971 86.500000000000014 70.500000000000014 47.500000000000007 41.500000000000007 4.5000000000000009 41.500000000000007 3.5000000000000004 1.0000000180025095e-35 23.500000000000004 11.500000000000002 2.5000000000000004 95.500000000000014 59.500000000000007
decision_type=8 10 8 10 10 8 10 10 2 10 10 10 10 10
left_child=4 2 3 12 5 6 -1 10 9 -9 -7 -12 -2 -4
right_child=1 -3 13 -5 -6 7 -8 8 -10 -11 11 -13 -14 -15
leaf_value=0.0079865761339789308 0.0017071314064596335 0.0090236345281963452 0.00065706477110980661 -0.0070263548233260717 0.0007316812225572467 -0.025033296362359674 -0.0057517019408088923 0.028627660001251533 -0.0057172024826292198 -0.015920801528494472 0.016506751181588331 -0.018404196491229815 -0.013535562395542383 0.007350952453716344
leaf_weight=1770.1450818479061 7147.9039483144879 3011.5282127931714 4124.8100825920701 3440.8353275209665 13062.938418149948 629.56650824844837 1375.5195261910558 307.22282658517361 7061.2284168973565 231.05683468282223 187.5761865824461 261.86161826550961 487.39241379499435 3955.2367604672909
leaf_count=8782 33560 15952 18903 15148 56149 2832 6164 1310 29754 939 820 1091 2751 19234
internal_value=6.8995e-05 0.00182032 0.000683773 -0.00169219 -0.00149107 -0.00394522 0.00197999 -0.00609271 -0.0046237 0.0095636 -0.0163016 -0.00379171 0.000717696 0.0039388
internal_weight=47054.8 22167.7 19156.2 11076.1 24887.1 11824.2 3145.66 8678.51 7599.51 538.28 1079 449.438 7635.3 8080.05
internal_count=213389 105548 89596 51459 107841 51692 14946 36746 32003 2249 4743 1911 36311 38137
is_linear=0
shrinkage=0.03


Tree=90
num_leaves=15
num_cat=0
split_feature=245 248 245 63 248 248 224 245 0 228 222 137 248 224
split_gain=189.134 160.483 169.741 135.474 139.142 165.164 134.939 138.666 123.735 130.554 214.491 146.389 118.313 234.746
threshold=-0.09611890465021132 0.7929292917251588 -0.075403515249490724 60.500000000000007 0.63131311535835277 0.66161617636680614 76.500000000000014 -0.20662932842969892 5.5000000000000009 64.500000000000014 30.500000000000004 87.500000000000014 0.82323232293128978 4.5000000000000009
decision_type=2 2 2 10 2 2 10 2 8 10 10 8 2 8
left_child=6 2 3 4 -2 -6 7 -1 -3 10 -10 -12 -9 -14
right_child=1 8 -4 -5 5 -7 -8 12 9 -11 11 -13 13 -15
leaf_value=0.023592057787935567 0.0085837535288064044 0.0037819446204755574 -0.00089662519291377877 0.011633703764195228 -0.02581626253029921 -0.00032122537965310698 0.02235478806302995 -0.00074233733031574256 -0.012672200857536359 -0.03895501962166989 0.018739465215200642 -0.0287550767873931 0.021558866977780602 0.0011021720476753827
leaf_weight=291.67651488631964 1229.9664527177811 722.61274781823158 32847.798669248819 1805.5191541314125 268.61423906683922 1277.6850343048573 363.81373998522758 3490.2028620317578 1967.1373751014471 125.85933212935925 344.22387009859085 60.704924061894417 756.50718129426241 1482.4098898619413
leaf_count=2597 5903 3248 142745 8563 1187 5712 2156 18808 8474 561 1543 283 4596 7049
internal_value=5.89008e-05 -0.000695382 -0.000141635 0.00526121 0.00109004 -0.0048875 0.00485491 0.00376215 -0.00711075 -0.0102644 -0.00858492 0.0110979 0.00271324 0.00807941
internal_weight=47034.7 40650.1 37429.6 4581.78 2776.27 1546.3 6384.61 6020.8 3220.54 2497.93 2372.07 404.929 5729.12 2238.92
internal_count=213425 178219 164110 21365 12802 6899 35206 33050 14109 10861 10300 1826 30453 11645
is_linear=0
shrinkage=0.03


Tree=91
num_leaves=15
num_cat=0
split_feature=120 10 231 230 248 101 75 231 248 248 231 226 144 176
split_gain=148.337 158.7 125.801 146.905 127.767 116.73 111.301 125.82 210.681 179.054 247.278 176.135 111.183 111.004
threshold=98.500000000000014 2.5000000000000004 92.500000000000014 47.500000000000007 0.82323232293128978 3.5000000000000004 54.500000000000007 75.500000000000014 0.65151515603065502 0.60101011395454418 88.500000000000014 13.500000000000002 6.5000000000000009 52.500000000000007
decision_type=10 10 10 8 2 10 10 10 2 2 10 10 10 10
left_child=1 -1 -2 4 -4 -3 7 8 -7 -9 -11 13 -12 -10
right_child=2 5 3 -5 -6 6 -8 9 11 10 12 -13 -14 -15
leaf_value=0.0044638418127992347 0.0087899316725827629 -0.0066455135681099927 -0.010925278824814942 0.017185128992719029 0.0093675535291723091 -0.0017516835793503606 0.0012983282780149551 -0.0027872090795195001 -0.0017902494655671485 0.020599057103305285 -0.035372878986861041 -0.013673357652400228 0.0021155767108442347 0.033215528149600097
leaf_weight=5054.2339412197471 2993.2901347354054 3221.38043936342 1031.7611072286963 303.64246206730604 372.86536002159119 11255.285571686924 14613.387872353196 3083.1104682832956 308.50188003480434 878.40125284343958 65.765487641096115 2545.6209293156862 1171.8883945420384 100.36298298835754
leaf_count=24714 15187 14069 5837 1748 2414 48314 64862 13775 1360 4096 281 10713 5489 456
internal_value=4.31667e-05 -0.000519156 0.00509251 -0.00139968 -0.0055103 -0.0011964 -0.000678655 -0.00216707 -0.00362745 0.0018236 0.00852309 -0.0107433 -0.000144005 0.00739037
internal_weight=46999.5 42297.9 4701.56 1708.27 1404.63 37243.7 34022.3 19408.9 14209.8 5199.17 2116.06 2954.49 1237.65 408.865
internal_count=213315 188129 25186 9999 8251 163415 149346 84484 60843 23641 9866 12529 5770 1816
is_linear=0
shrinkage=0.03


Tree=92
num_leaves=15
num_cat=0
split_feature=245 224 224 244 222 229 249 244 224 242 10 244 224 246
split_gain=196.127 143.499 142.14 119.085 124.082 170.446 150.941 142.89 169.157 131.885 131.928 113.832 175.852 166.511
threshold=-0.099417231976985918 1.5000000000000002 66.500000000000014 0.059015454724431045 3.5000000000000004 27.500000000000004 0.075757574290037169 0.0054192107636481532 23.500000000000004 0.023355600424110893 61.500000000000007 0.022393216378986839 21.500000000000004 0.041911654174327857
decision_type=2 8 10 2 10 10 2 2 10 8 10 2 8 2
left_child=1 -1 11 4 5 7 -7 8 -2 10 -9 -3 13 -13
right_child=3 2 -4 -5 -6 6 -8 9 -10 -11 -12 12 -14 -15
leaf_value=0.015343342770762781 0.010431850193248059 0.005117874400247001 0.02010453131237807 0.0061127858722259355 -0.00060197447465009562 -0.017531791863555201 0.031812896653934566 -0.023500421214023046 -0.035534048965885918 -0.0031810106430742832 0.0018923855655440726 -0.03801753931516573 0.006684793590670415 -0.0067422506455112096
leaf_weight=1030.2670973464847 491.4660419523716 2646.4019427746534 388.69395443052053 2181.913852751255 36421.924735829234 73.864400491118431 166.73678171634674 1034.6771223992109 74.241050183773041 759.97760437428951 221.82102982699871 188.55033633112907 649.50481747835875 699.08449965715408
leaf_count=7183 2152 13331 2355 10675 158568 323 787 4361 310 3715 936 930 3782 4086
internal_value=2.01524e-05 0.00528308 0.00298765 -0.000692705 -0.00107253 -0.00712054 0.016569 -0.00938328 0.00388703 -0.013107 -0.0190381 0.00135317 -0.00511949 -0.0137352
internal_weight=47029.1 5602.5 4572.24 41426.6 39244.7 2822.78 240.601 2582.18 565.707 2016.48 1256.5 4183.54 1537.14 887.635
internal_count=213494 31667 24484 181827 171152 12584 1110 11474 2462 9012 5297 22129 8798 5016
is_linear=0
shrinkage=0.03


Tree=93
num_leaves=15
num_cat=0
split_feature=245 245 63 226 228 248 224 245 245 228 248 245 245 121
split_gain=179.634 129.249 172.736 140.35 177.558 195.186 185.896 132.579 126.993 118.89 102.876 164.219 185.493 130.768
threshold=-0.20662932842969892 -0.044067097827792161 72.500000000000014 3.5000000000000004 27.500000000000004 0.37878787517547613 35.500000000000007 -0.071757920086383806 -0.11150914430618285 93.500000000000014 0.71212121844291698 -0.092096060514450059 -0.15800683945417401 62.500000000000007
decision_type=2 2 8 10 10 2 10 2 2 10 2 2 2 10
left_child=-1 2 3 -2 5 -5 10 -8 -6 -10 13 12 -12 -7
right_child=1 -3 -4 4 8 6 7 -9 9 -11 11 -13 -14 -15
leaf_value=0.023475694460821758 0.005733821987439278 -0.0027536905938142296 0.0040964832442239862 0.011453085861201738 0.029182732050496499 0.0047531224744787057 -0.0048849558038275695 -0.018120705101856212 0.0021304855786991659 -0.014965444931890757 -0.030230737347298725 -0.012018707186629691 0.0048327053721689221 -0.0045511565333979515
leaf_weight=279.34373399615288 2743.4368897601962 13156.39647731185 9823.6424343213439 704.89095856249332 140.27790331095457 2646.7746166586876 1370.2743765860796 1364.4343324005604 8057.9922641292214 373.57459343224764 141.602290160954 2056.6040031313896 1292.7270951345563 2774.2088387906551
leaf_count=2551 13934 57251 47102 3004 925 11654 6204 5639 35254 1826 735 8665 5911 12402
internal_value=-8.92258e-05 -0.000235345 0.000754489 -0.000633854 -0.00147111 -0.00377213 -0.00470264 -0.0115307 0.00184505 0.00135619 -0.00259682 -0.00660546 0.00118577 -7.99029e-06
internal_weight=46926.2 46646.8 33490.4 23666.8 20923.4 12351.5 11646.6 2734.71 8571.84 8431.57 8911.92 3490.93 1434.33 5420.98
internal_count=213057 210506 153255 106153 92219 54214 51210 11843 38005 37080 39367 15311 6646 24056
is_linear=0
shrinkage=0.03


Tree=94
num_leaves=15
num_cat=0
split_feature=238 190 231 228 248 230 231 248 44 248 117 76 222 229
split_gain=151.592 135.356 134.75 322.067 319.098 152.867 185.017 417.736 302.555 220.336 253.147 162.626 162.234 178.265
threshold=-0.2183013781905174 88.500000000000014 91.500000000000014 8.5000000000000018 0.82323232293128978 10.500000000000002 70.500000000000014 0.59090909361839306 6.5000000000000009 0.65151515603065502 89.500000000000014 86.500000000000014 4.5000000000000009 1.0000000180025095e-35
decision_type=10 10 10 8 2 8 10 2 8 2 10 10 10 10
left_child=-1 2 5 4 -4 12 9 -8 -9 -7 11 -11 13 -2
right_child=1 -3 3 -5 -6 6 7 8 -10 10 -12 -13 -14 -15
leaf_value=0.0071129248372791467 0.0074004987645365549 0.006225685412672227 -0.021186745652749698 0.0013659095821570045 0.0028114382134229272 -0.00077091015123929537 -0.0025784730506691845 -0.019314771915813992 0.017442086213244865 -0.013145683997629333 0.0057889514291913965 0.0054306171023820867 0.006628595988728979 -0.011950302091552272
leaf_weight=2539.4783915951848 721.61221653223038 2594.7981644645333 1581.1950213834643 2865.8524249047041 723.15274056792259 18795.38610842824 3677.6830360889435 215.47242769598961 2022.155537083745 3680.7721111476421 993.33699309825897 473.70207211375237 5013.049227617681 1026.4557633846998
leaf_count=16216 3549 12065 7150 13319 3701 81612 16192 978 9361 15392 4445 2014 22593 4576
internal_value=-9.86471e-07 -0.000409521 -0.000822903 -0.0053517 -0.013676 -0.000182211 -0.00110479 0.00364225 0.0138324 -0.00227861 -0.00777125 -0.0110196 0.0038877 -0.00396553
internal_weight=46924.1 44384.6 41789.8 5170.2 2304.35 36619.6 29858.5 5915.31 2237.63 23943.2 5147.81 4154.47 6761.12 1748.07
internal_count=213163 196947 184882 24170 10851 160712 129994 26531 10339 103463 21851 17406 30718 8125
is_linear=0
shrinkage=0.03


Tree=95
num_leaves=15
num_cat=0
split_feature=245 226 226 233 51 222 245 229 24 158 224 244 63 209
split_gain=174.14 127.648 185.581 126.234 126.396 112.629 156.285 151.863 120.56 115.025 113.47 139.885 106.846 102.537
threshold=-0.11150914430618285 54.500000000000007 6.5000000000000009 69.500000000000014 3.5000000000000004 2.5000000000000004 -0.20662932842969892 5.5000000000000009 35.500000000000007 31.500000000000004 17.500000000000004 0.015315858181566002 77.500000000000014 41.500000000000007
decision_type=2 8 10 10 8 10 2 10 8 10 10 2 10 10
left_child=1 2 -1 4 -2 6 -4 -7 -8 -9 11 -11 13 -6
right_child=3 -3 5 -5 12 7 8 9 -10 10 -12 -13 -14 -15
leaf_value=0.013800413114255207 -0.0079461819248519867 0.021103497172789566 0.023709772190411513 0.0020170740086471084 -0.0010697192453290412 0.020444098515100564 -0.02748412441390264 -0.016314369370923926 0.011604208908881985 0.025360074358358031 0.013270868970734595 -0.021648973278642274 0.0024238350182119554 -0.0070506918485096519
leaf_weight=1150.1922075897455 2477.8573507517576 459.35210691392422 78.654408045113087 13583.445280134678 17553.827888324857 332.99323052167892 359.04468040168285 351.49303538352251 81.948153086006641 66.340342506766319 466.17499428242445 221.99453581124544 6643.9665345996618 3015.3620177507401
leaf_count=8209 10548 3042 667 59961 77869 1919 1703 1728 454 337 2382 1091 30164 12816
internal_value=0.000148306 0.00650879 0.00429157 -0.000377529 -0.00147335 -0.00133414 -0.0131671 0.00300033 -0.0201242 -0.00238774 0.0042286 -0.0103456 -0.000881277 -0.00194951
internal_weight=46842.6 3568.19 3108.84 43274.5 29691 1958.64 519.647 1439 440.993 1106 754.51 288.335 27213.2 20569.2
internal_count=212890 21532 18490 191358 131397 10281 2824 7457 2157 5538 3810 1428 120849 90685
is_linear=0
shrinkage=0.03


Tree=96
num_leaves=15
num_cat=0
split_feature=242 57 226 231 231 249 224 231 224 230 226 222 244 246
split_gain=136.762 153.588 100.346 158.825 206.526 184.842 181.181 238.676 176.431 165.003 153.205 155.976 221.928 193.33
threshold=0.028143962845206264 69.500000000000014 81.500000000000014 91.500000000000014 97.500000000000014 0.83333334326744091 31.500000000000004 75.500000000000014 16.500000000000004 24.500000000000004 4.5000000000000009 4.5000000000000009 0.013475927058607342 0.058278223499655731
decision_type=8 8 10 8 10 2 8 10 10 8 8 10 2 2
left_child=2 -2 3 6 8 -6 10 -8 -5 -9 11 12 -1 -14
right_child=1 -3 -4 4 5 -7 7 9 -10 -11 -12 -13 13 -15
leaf_value=0.011155269178428861 0.00021769794166522454 0.0066818556172005619 0.0024940006820125386 -0.020645654912586537 -0.003924217961348799 0.024320746105791831 -0.0057054788454765177 -0.0082683108082170758 -0.0021713413286878914 0.01189111675305674 3.1828318708511162e-05 0.016302924707152777 -0.032228911254829462 0.015722009673036819
leaf_weight=582.91686487197876 9965.219862729311 4942.4437882974744 5688.3969495296478 1299.0543248355389 1405.6409266591072 234.54951693117619 9107.6954421103001 499.95121798664331 725.74152900278568 1291.1472183018923 9592.8068936467171 1154.9415005519986 252.80591299384832 99.204008124768734
leaf_count=2913 47443 25646 25550 5884 6946 1439 38182 2193 3155 5660 40836 5332 1148 602
internal_value=-7.74861e-06 0.00236385 -0.00111524 -0.00189812 -0.00768207 0.000237756 -0.000956399 -0.00373691 -0.0140672 0.00624933 0.00163852 0.00897821 -0.00014699 -0.0186543
internal_weight=46842.5 14907.7 31934.9 26246.5 3664.99 1640.19 22581.5 10898.8 2024.8 1791.1 11682.7 2089.87 934.927 352.01
internal_count=212929 73089 139840 114290 17424 8385 96866 46035 9039 7853 50831 9995 4663 1750
is_linear=0
shrinkage=0.03


Tree=97
num_leaves=15
num_cat=0
split_feature=136 190 233 29 101 63 209 119 63 228 248 140 68 63
split_gain=124.399 123.899 96.1226 141.401 110.115 80.6334 82.1336 66.7382 83.0242 76.7553 90.3079 84.1235 101.229 90.5768
threshold=3.5000000000000004 88.500000000000014 68.500000000000014 99.500000000000014 3.5000000000000004 62.500000000000007 50.500000000000007 51.500000000000007 83.500000000000014 5.5000000000000009 0.82323232293128978 93.500000000000014 29.500000000000004 66.500000000000014
decision_type=8 10 8 8 10 10 10 8 8 8 2 10 10 10
left_child=-1 2 3 4 -2 6 -6 8 -4 10 -9 13 -13 -11
right_child=1 -3 7 -5 5 -7 -8 9 -10 11 -12 12 -14 -15
leaf_value=0.0041379494701252002 -0.009039312848811704 0.0058793780523419201 0.00027521471583929504 0.011172772373850977 -0.0023511306050782092 0.00051125519402099703 -0.0091318628570936644 -0.0078091880405547409 -0.0089156664819288189 0.0025171786516455809 0.010095447191985815 -0.033366501434800237 0.00087460621152148825 0.010506998360894028
leaf_weight=5728.2012073993683 2109.6003263965249 2500.9330217465758 5522.0858481749892 689.8779654353857 11956.024337343872 8046.9796027392149 1850.3486671149731 1028.8698265552521 1043.1734697371721 3634.8050791472197 326.03326633572578 101.48066486418247 254.86560895293951 1966.2410678640008
leaf_count=30173 9089 11666 23362 3480 51798 35900 7768 4799 4720 17434 1577 464 1203 9179
internal_value=5.85006e-07 -0.000577882 -0.000998427 -0.00212235 -0.00250961 -0.00187542 -0.00326585 0.000998258 -0.00119649 0.00296773 -0.00345836 0.00443258 -0.00952123 0.00533572
internal_weight=46759.5 41031.3 38530.4 24652.8 23963 21853.4 13806.4 13877.6 6565.26 7312.3 1354.9 5957.39 356.346 5601.05
internal_count=212612 182439 170773 108035 104555 95466 59566 62738 28082 34656 6376 28280 1667 26613
is_linear=0
shrinkage=0.03


Tree=98
num_leaves=15
num_cat=0
split_feature=238 60 237 241 226 226 68 137 245 226 63 75 226 222
split_gain=170.589 131.719 120.977 114.114 113.14 106.301 93.6784 123.375 114.017 122.941 111.251 114.666 94.3838 106.305
threshold=-0.12285280227661131 83.500000000000014 0.21434558182954791 -1.0000000180025095e-35 43.500000000000007 2.5000000000000004 19.500000000000004 90.500000000000014 -0.044067097827792161 14.500000000000002 83.500000000000014 57.500000000000007 4.5000000000000009 59.500000000000007
decision_type=10 10 2 8 10 8 10 10 2 8 10 10 8 10
left_child=1 3 6 4 5 -1 7 12 9 -8 11 -11 -2 -14
right_child=2 -3 -4 -5 -6 -7 8 -9 -10 10 -12 -13 13 -15
leaf_value=0.0052366568454412657 0.0031380668451262564 0.0081535763153578883 0.01248256826095346 0.020876153779865514 0.0044996128909638548 -0.0030187915970483498 0.0080249314911913696 -0.026373884564756554 -0.0033673481801390361 -0.0033295218012252882 0.0063835814831827778 0.003567891080577442 -0.0071190754098498094 0.0055604668394879115
leaf_weight=1775.8275445327163 1401.3981280475855 3050.2969762086868 556.47559816390276 251.62954243272543 4859.5160467848182 6556.9135518670082 1951.2142809778452 215.31777235865593 8309.4800833761692 7371.3520271107554 2012.6194812506437 3062.7509451210499 4827.8065089285374 671.07251711189747
leaf_count=9884 6228 16288 2826 1722 22427 31470 8676 945 35388 31461 9128 13283 20489 2907
internal_value=8.06078e-05 0.00253589 -0.00125285 0.00125617 0.000866409 -0.00125527 -0.00151324 -0.0045143 -0.00057126 0.00104366 -5.6321e-05 -0.00130343 -0.00379501 -0.0055644
internal_weight=46873.7 16494.2 30379.5 13443.9 13192.3 8332.74 29823 7115.59 22707.4 14397.9 12446.7 10434.1 6900.28 5498.88
internal_count=213122 81791 131331 65503 63781 41354 128505 30569 97936 62548 53872 44744 29624 23396
is_linear=0
shrinkage=0.03


Tree=99
num_leaves=15
num_cat=0
split_feature=209 57 119 78 63 222 226 226 41 123 231 137 226 24
split_gain=118.863 115.634 91.6718 155.995 129.797 111.162 126.107 108.857 84.5223 95.3589 84.0242 171.221 142.77 138.089
threshold=52.500000000000007 60.500000000000007 51.500000000000007 10.500000000000002 33.500000000000007 5.5000000000000009 49.500000000000007 92.500000000000014 49.500000000000007 31.500000000000004 88.500000000000014 22.500000000000004 4.5000000000000009 12.500000000000002
decision_type=10 8 10 8 8 10 8 10 10 10 10 8 8 10
left_child=1 2 5 8 -5 -1 -7 -8 9 -4 12 13 -3 -12
right_child=-2 10 3 4 -6 6 7 -9 -10 -11 11 -13 -14 -15
leaf_value=-0.015883552036433275 -0.0039427407275708509 0.012879423088681669 -0.0087901583271888569 -0.0031368848443379216 0.0035821556839992193 0.0018990167848015531 -0.0072778200458712269 0.0039051142779134959 0.0015931285425873488 -0.03327965475124537 -0.0035231508749638623 0.0023998427150078521 0.0023978308609507036 -0.027769550156253233
leaf_weight=564.94338914752007 6130.9345153793693 1274.7908729463816 461.48488112539053 3626.8268740996718 8966.1324932202697 3789.3499857783318 4335.0273178592324 949.014324657619 339.65218146145344 205.04717632383108 532.36521971970797 2154.5769746974111 13158.211109027267 344.43896879255772
leaf_count=2379 26688 6587 2388 16269 41841 15953 18440 4111 1643 973 2856 11523 59914 1511
internal_value=-5.21162e-05 0.000534754 -0.000851398 0.000734911 0.00164609 -0.00308803 -0.00227473 -0.00526578 -0.010573 -0.0167045 0.00237855 -0.00215652 0.00333189 -0.0132537
internal_weight=46832.8 40701.9 23237.5 13599.1 12593 9638.34 9073.39 5284.04 1006.18 666.532 17464.4 3031.38 14433 876.804
internal_count=213076 186388 103997 63114 58110 40883 38504 22551 5004 3361 82391 15890 66501 4367
is_linear=0
shrinkage=0.03


Tree=100
num_leaves=15
num_cat=0
split_feature=242 57 226 243 248 139 252 226 79 243 243 243 243 230
split_gain=131.164 157.383 129.911 143.191 160.692 166.568 139.952 134.345 148.49 191.269 160.461 114.602 110.809 194.25
threshold=0.025101029314100746 69.500000000000014 41.500000000000007 -0.087502673268318162 0.59090909361839306 43.500000000000007 0.050258988514542587 4.5000000000000009 47.500000000000007 -0.03914282284677028 -0.092150788754224763 -0.079222764819860444 -0.016617702320218083 81.500000000000014
decision_type=8 10 10 2 2 8 2 8 10 2 2 2 2 10
left_child=2 -2 7 -4 -5 6 -6 8 9 10 -1 -9 -7 -14
right_child=1 -3 3 4 5 12 -8 11 -10 -11 -12 -13 13 -15
leaf_value=0.023071069481898365 0.00018167261056457944 0.0058949582336124129 -0.028775079905998063 -0.0012810739575416889 0.016606106864901937 0.0030574034953496005 -0.0026722882376908055 -0.022670198410029093 -0.0092812453380003938 0.016778691534806812 -0.0045591149499419501 -0.0046858746642941098 -0.034164395388759976 0.011304062761252044
leaf_weight=209.34978969395161 14211.128939129412 6237.2822010591626 136.38080928474665 8962.3269998207688 1499.7284648790956 2322.8201704695821 433.7521790266037 321.66125825047493 811.79650216549635 857.06398662179708 1365.1417673379183 8911.6864186003804 191.42868842184544 139.0370392203331
leaf_count=1568 67282 31067 602 37897 6780 10189 2035 1533 3545 3874 6631 37635 796 670
internal_value=0.000126819 0.0019264 -0.00127993 0.000738489 0.00105657 0.00561705 0.0122897 -0.00349273 0.00175576 0.00546349 -0.000762892 -0.00533624 0.000726699 -0.0152643
internal_weight=46610.6 20448.4 26162.2 13685.5 13549.1 4586.77 1933.48 12476.7 3243.35 2431.56 1574.49 9233.35 2653.29 330.466
internal_count=212104 98349 113755 58969 58367 20470 8815 54786 15618 12073 8199 39168 11655 1466
is_linear=0
shrinkage=0.03


Tree=101
num_leaves=15
num_cat=0
split_feature=245 81 120 231 228 245 224 249 34 106 243 243 248 243
split_gain=145.646 132.205 180.896 194.234 281.469 317.557 246.129 244.518 175.246 175.53 157.34 212.639 141.063 135.419
threshold=-0.044067097827792161 54.500000000000007 51.500000000000007 88.500000000000014 11.500000000000002 -0.091523844748735414 35.500000000000007 0.04545454494655133 9.5000000000000018 86.500000000000014 -0.040493238717317574 -0.077136084437370286 0.82323232293128978 -0.011462657246738671
decision_type=2 8 10 10 10 2 10 2 10 10 2 2 2 2
left_child=1 2 13 6 5 12 8 -7 -4 -10 11 -9 -5 -1
right_child=-2 -3 3 4 -6 7 -8 10 9 -11 -12 -13 -14 -15
leaf_value=-0.0022063116431369541 -0.0026341611327976308 0.0051354307150227188 0.0013478444267060281 -0.0058011235367362891 0.0078912942020796135 -0.037475576595636065 -0.0018601108765077649 0.021654022599839434 0.011235416623261331 -0.020126981564404178 0.0047495308730901766 -0.024187112695612058 0.012522090185691703 -0.019429686407281266
leaf_weight=9920.7954629585147 13125.767333731055 5970.3958761915565 3158.0355624035001 956.12508850544691 1408.5178617462516 405.2418492436409 4294.4390119239688 96.925910398364067 5155.8030266389251 156.90625861287117 397.31334432959557 683.50924582779408 611.47906138747931 418.89718352258205
leaf_count=42190 57106 28670 15174 5949 7012 1685 19576 462 23828 785 1837 3002 3731 1776
internal_value=4.48232e-05 0.00109076 0.000216312 0.00209007 -0.00322031 -0.00819716 0.00398772 -0.0176307 0.00695112 0.0102731 -0.0105444 -0.018292 0.00138032 -0.00292219
internal_weight=46760.2 33634.4 27664 17324.3 4559.11 3150.59 12765.2 1582.99 8470.74 5312.71 1177.75 780.435 1567.6 10339.7
internal_count=212783 155677 127007 83041 23678 16666 59363 6986 39787 24613 5301 3464 9680 43966
is_linear=0
shrinkage=0.03


Tree=102
num_leaves=15
num_cat=0
split_feature=236 66 241 242 70 2 66 28 77 226 226 190 232 106
split_gain=114.549 120.29 93.3315 83.484 82.3805 89.7744 79.4946 75.2737 66.5527 62.5551 74.7857 62.117 63.5704 94.2328
threshold=-0.093310777097940431 74.500000000000014 -2.2107419967651363 0.041706146672368057 9.5000000000000018 7.5000000000000009 18.500000000000004 63.500000000000007 45.500000000000007 3.5000000000000004 41.500000000000007 73.500000000000014 87.500000000000014 90.500000000000014
decision_type=2 10 8 8 10 8 10 8 10 8 10 8 10 10
left_child=1 3 -2 8 5 -4 7 -6 9 -1 -11 12 -8 -14
right_child=2 -3 4 -5 6 -7 11 -9 -10 10 -12 -13 13 -15
leaf_value=0.0055307432662265342 -0.0084802755242553152 0.0067132548473146439 -0.0052682776733947844 0.0069048762806076334 -0.0021543695693991027 0.0044057064219941329 -0.0018051567512247489 -0.0095168996992505868 0.0040560836994716571 -0.0076129999454739149 0.00023307145535487306 0.0035629349519984781 0.0046634334020926099 -0.017522052612154358
leaf_weight=705.0916915088892 1388.5668448582292 4044.331281542778 1044.1203910410404 1456.9097287431359 4360.9095267280936 4783.6271278113127 15358.570486359298 1746.8126617670059 1748.4930543676019 2391.4188558235765 2006.1456449478865 3052.400644518435 2534.7955985441804 175.05714899301529
leaf_count=4070 5982 22552 4453 8478 18237 21002 66451 7521 8266 11183 9125 13699 11219 832
internal_value=-3.17155e-07 0.00247704 -0.00088919 0.000409268 -0.00056785 0.00266642 -0.00126081 -0.00427217 -0.000980085 -0.00271035 -0.00404126 -0.000388373 -0.00105749 0.00317109
internal_weight=46797.3 12352.4 34444.9 8308.06 33056.3 5827.75 27228.5 6107.72 6851.15 5102.66 4397.56 21120.8 18068.4 2709.85
internal_count=213070 63674 149396 41122 143414 25455 117959 25758 32644 24378 20308 92201 78502 12051
is_linear=0
shrinkage=0.03


Tree=103
num_leaves=15
num_cat=0
split_feature=190 61 45 226 57 243 243 248 95 119 226 248 119 243
split_gain=122.227 114.191 83.2686 104.668 83.241 83.7617 89.3847 101.873 85.8494 73.442 92.0857 86.1605 150.092 120.065
threshold=90.500000000000014 10.500000000000002 5.5000000000000009 6.5000000000000009 70.500000000000014 -0.021189192309975621 -0.023370864801108834 0.37878787517547613 3.5000000000000004 98.500000000000014 48.500000000000007 0.71212121844291698 14.500000000000002 -0.03759405575692653
decision_type=10 10 10 8 10 2 2 2 10 10 8 2 10 2
left_child=1 -1 3 -3 5 6 9 -8 -9 11 -11 -4 -13 -14
right_child=-2 2 4 -5 -6 -7 7 8 -10 10 -12 12 13 -15
leaf_value=0.0030464923748745806 0.006621302436334164 0.00099803381856461491 -0.00025259193779531551 -0.0163307739916074 0.0014423756440135006 -0.0041853485032229132 -0.0012585673606686709 -0.009767246762398896 0.021770959929956243 -1.0272346896119354e-06 0.01869628307376409 -0.024607577189301698 0.00055050859885635698 -0.010429803664188253
leaf_weight=7168.5817603692412 2325.4810698330402 562.52420678734779 11014.399004124105 696.11546324938536 10417.26495244354 8429.0754366144538 573.97331844270229 86.903179928660393 463.31992322951555 669.83947420120239 356.93519672006369 324.54473689198494 2354.7953252494335 1436.0543587803841
leaf_count=36870 11015 2939 48428 3229 46709 36158 2442 379 2061 3451 2005 1324 10449 6095
internal_value=-6.87027e-05 -0.00041929 -0.00108448 -0.00863919 -0.000818961 -0.00173543 -0.000538694 0.0076029 0.0167043 -0.00110955 0.00661631 -0.00163788 -0.00533587 -0.00362556
internal_weight=46879.8 44554.3 37385.7 1258.64 36127.1 25709.8 17280.8 1124.2 550.223 16156.6 1026.77 15129.8 4115.39 3790.85
internal_count=213554 202539 165669 6168 159501 112792 76634 4882 2440 71752 5456 66296 17868 16544
is_linear=0
shrinkage=0.03


Tree=104
num_leaves=15
num_cat=0
split_feature=238 238 148 137 249 222 63 132 243 140 222 169 47 246
split_gain=137.157 93.637 134.87 119.351 104.225 104.068 100.89 83.3573 86.9417 82.9302 89.1694 84.2729 77.93 77.3031
threshold=-0.10512246936559676 -0.27231599390506739 12.500000000000002 88.500000000000014 0.7929292917251588 66.500000000000014 60.500000000000007 45.500000000000007 -0.021189192309975621 30.500000000000004 54.500000000000007 1.5000000000000002 31.500000000000004 0.003783074789680541
decision_type=10 10 8 10 2 10 10 10 2 10 10 10 10 2
left_child=1 5 3 -3 -5 -1 12 8 9 10 11 -2 -4 -10
right_child=7 2 6 4 -6 -7 -8 -9 13 -11 -12 -13 -14 -15
leaf_value=0.015225965292347272 0.0072384495585861809 -0.0021176191462852919 0.0039694028885047502 -0.031380439846216183 0.0023485914161704949 -0.010946601079862667 0.0052259248518054012 0.00050517546556280799 -0.033271635294959988 0.001566576924274282 0.0095602579775167645 -0.0063270599541808744 -0.001355358062691443 -0.0058218391206541998
leaf_weight=790.42857008427382 445.6961001381278 3556.1053220555186 3836.2026711180806 235.06052541732788 122.27548655122519 157.36271703988314 6733.4997543990612 9910.1236462146044 84.747226014733315 4475.7023248374462 395.97005046904087 4461.87136746943 6922.9488070905209 4684.1370524764061
leaf_count=5997 2055 16656 18738 1135 690 923 32529 44022 349 19185 1676 18545 31222 19576
internal_value=-6.45149e-05 0.00163369 0.00122247 -0.00380561 -0.0200891 0.0108116 0.00234887 -0.00161664 -0.00306137 -0.00143902 -0.00397364 -0.00508285 0.000545122 -0.00637825
internal_weight=46812.1 22353.9 21406.1 3913.44 357.336 947.791 17492.7 24458.2 14548.1 9779.24 5303.54 4907.57 10759.2 4768.88
internal_count=213298 107890 100970 18481 1825 6920 82489 105408 61386 41461 22276 20600 49960 19925
is_linear=0
shrinkage=0.03


Tree=105
num_leaves=15
num_cat=0
split_feature=245 119 244 224 224 246 101 246 165 238 226 228 245 226
split_gain=149.44 127.534 157.987 169.388 265.329 211.612 112.24 125.878 108.76 102.556 97.1789 112.487 116.247 108.53
threshold=-0.11150914430618285 17.500000000000004 0.022393216378986839 21.500000000000004 2.5000000000000004 0.041911654174327857 2.5000000000000004 0.051752155646681793 7.5000000000000009 -0.10459735244512557 15.500000000000002 6.5000000000000009 -0.14216400682926175 39.500000000000007
decision_type=2 8 2 8 10 2 8 2 8 10 8 10 2 10
left_child=1 -1 -3 4 -4 -6 7 -2 -8 -10 11 -7 -13 -12
right_child=6 2 3 -5 5 10 8 -9 9 -11 13 12 -14 -15
leaf_value=-0.020632822097681042 -0.0034637943496915861 0.013166457743267171 0.0089259774495886474 0.015481075760418286 -0.047990254027809695 0.0014388995735220228 -0.0053996876464786122 -0.020906798900949618 0.0022832163495286285 -0.0009037305236219616 0.022359840813127457 -0.054610358586363837 0.0067828462900403914 -0.030663639289721066
leaf_weight=145.61591158807278 2391.7959690615535 1820.9271730929613 539.34841569513083 451.63596530258656 163.31122637540102 118.91775526106358 3115.0177557915449 432.42812756448984 15586.449242584407 21767.163753733039 127.35306545346975 91.917368575930595 35.352987587451935 37.032529234886169
leaf_count=644 10190 10741 4132 2875 770 667 13936 1912 72033 93749 778 507 230 189
internal_value=5.70401e-05 0.00598215 0.00718419 0.00018365 -0.00610505 -0.0201424 -0.000427543 -0.0061989 -2.33392e-05 0.000426334 -0.00818791 -0.0198004 -0.0383049 0.00934139
internal_weight=46824.3 3531.41 3385.8 1564.87 1113.23 573.885 43292.9 2824.22 40468.6 37353.6 410.574 246.188 127.27 164.386
internal_count=213353 21533 20889 10148 7273 3141 191820 12102 179718 165782 2371 1404 737 967
is_linear=0
shrinkage=0.03


Tree=106
num_leaves=15
num_cat=0
split_feature=76 190 248 226 120 229 224 121 231 248 231 231 224 249
split_gain=99.3495 109.051 97.344 196.93 306.761 164.715 225.999 182.867 180.008 179.203 160.849 154.288 146.207 141.225
threshold=91.500000000000014 88.500000000000014 0.71212121844291698 57.500000000000007 17.500000000000004 12.500000000000002 48.500000000000007 17.500000000000004 81.500000000000014 0.80303028225898754 66.500000000000014 13.500000000000002 36.500000000000007 0.065656565129756941
decision_type=10 10 2 10 10 8 8 8 10 2 10 10 10 2
left_child=1 2 -1 5 10 8 11 -8 -4 -10 -5 12 -7 -9
right_child=-2 -3 3 4 -6 6 7 13 9 -11 -12 -13 -14 -15
leaf_value=7.6115622768933535e-05 0.0039760009251765451 0.006085561611692031 0.0034591015544703299 -0.029381229693865397 0.012972050572433187 0.015911427521781162 0.033611398556808801 0.0047720414081953754 -0.023497957141561748 -0.0011849995669094228 0.019072125241398331 -0.021507364935820405 -0.030372611972300425 -0.018725884727854823
leaf_weight=30944.155197702348 5494.2546973079443 2254.0879408195615 2272.5943644419312 268.0781208127737 1214.2703836932778 203.06606964766979 116.4883181899786 559.45992520451546 542.21614690870047 786.4058618620038 71.689943499863148 1517.283188521862 76.369905203580856 377.54474252462387
leaf_count=138341 27590 10547 10461 1095 5779 854 509 2430 2508 4052 317 6419 313 1663
internal_value=0.000190443 -0.00031518 -0.000687069 -0.00363348 0.00592634 -0.00594189 -0.011317 -0.000270977 -0.00166813 -0.0103985 -0.0189047 -0.0177565 0.00264966 -0.00479367
internal_weight=46698 41203.7 38949.6 8005.47 1554.04 6451.43 2850.21 1053.49 3601.22 1328.62 339.768 1796.72 279.436 937.005
internal_count=212878 185288 174741 36400 7191 29209 12188 4602 17021 6560 1412 7586 1167 4093
is_linear=0
shrinkage=0.03


Tree=107
num_leaves=15
num_cat=0
split_feature=149 66 120 212 236 78 120 232 119 230 248 244 16 230
split_gain=106.82 117.287 89.0094 118.48 82.1932 81.7587 72.8279 67.3864 67.1832 64.7827 66.2085 60.7441 74.2087 59.5698
threshold=28.500000000000004 75.500000000000014 99.500000000000014 39.500000000000007 -0.096740961074829088 10.500000000000002 94.500000000000014 87.500000000000014 99.500000000000014 24.500000000000004 0.84343436360359203 0.089140471071004881 1.5000000000000002 5.5000000000000009
decision_type=8 10 10 10 2 8 10 10 10 8 2 2 10 10
left_child=5 2 3 7 -3 -1 -7 11 -6 10 -4 12 -2 -10
right_child=1 4 9 -5 8 6 -8 -9 13 -11 -12 -13 -14 -15
leaf_value=-0.0084447219814388803 -0.0088274250888199755 0.008237039519553643 -0.0040517409512947234 -0.0058612493405371998 0.0027984013895959101 -0.0026008303799608177 0.0037444045501713718 0.0044804409980527685 -0.023793255528691826 0.016373286987733476 0.018262573907314238 0.012127512786090575 -0.00021381413999914208 -0.0013944126683781478
leaf_weight=1713.4236032366753 942.63152077794075 2605.9362539052963 461.18168530613184 3297.4284360334277 6418.0546839907765 8547.4332210868597 2001.162722222507 2907.1853395104408 149.58687043935061 472.9104657843709 150.50900746881962 329.41132516413927 16358.367966927588 327.56886823475361
leaf_count=8161 4816 15086 2592 13944 28861 37177 9762 13198 689 2337 1062 1958 71604 1605
internal_value=1.73298e-05 0.000873894 -0.000207753 -0.000591664 0.00370808 -0.00238589 -0.00139468 0.000256839 0.00198697 0.00815734 0.00164423 -0.000441762 -0.000687948 -0.00876065
internal_weight=46682.8 34420.8 24919.6 23835 9501.15 12262 10548.6 20537.6 6895.21 1084.6 611.691 17630.4 17301 477.156
internal_count=212852 157752 111511 105520 46241 55100 46939 91576 31155 5991 3654 78378 76420 2294
is_linear=0
shrinkage=0.03


Tree=108
num_leaves=15
num_cat=0
split_feature=76 244 231 193 10 146 188 117 248 164 240 174 229 229
split_gain=96.5102 101.824 107.291 94.5517 92.3872 96.1543 112.35 88.4246 84.7863 80.702 80.3856 91.6153 76.3861 183.585
threshold=94.500000000000014 0.04881622642278672 68.500000000000014 74.500000000000014 2.5000000000000004 98.500000000000014 29.500000000000004 88.500000000000014 0.43939393758773809 18.500000000000004 -0.0555364042520523 8.5000000000000018 59.500000000000007 35.500000000000007
decision_type=10 2 10 10 10 10 10 10 2 10 10 10 10 8
left_child=3 2 -2 4 5 6 -1 12 -9 -6 -4 -12 13 -5
right_child=1 -3 10 7 9 -7 -8 8 -10 -11 11 -13 -14 -15
leaf_value=-0.001323910957573167 0.0069118842388941042 0.016679006593654282 0.0096870747776094963 0.0032209789316714598 -0.0050445020696947623 -0.010979644079809957 0.0086546466449630311 -0.00074809269465684215 0.0099805217482582063 -0.0010021887755900824 -0.01916159310911833 -0.0010036603887531304 0.0044656105299045422 -0.0087954509414260827
leaf_weight=1828.2775471657515 2062.3827504143119 526.79826176911592 296.16393338888884 2650.5735125392675 5531.37768407166 403.2988697513938 2267.7528415024281 984.04415775090456 2013.38501983881 22505.709445729852 388.61665651202202 674.30522878468037 2590.5531038194895 1998.6008266210556
leaf_count=9139 9611 3295 1978 11296 24352 2429 11357 4514 10158 99720 1928 3319 11545 8452
internal_value=4.51139e-05 0.00452679 0.00261257 -0.000369534 -0.00116071 0.0028256 0.00420831 0.00214371 0.00646758 -0.0018012 -0.00391437 -0.00775913 0.000347069 -0.00195247
internal_weight=46721.8 3948.27 3421.47 42773.6 32536.4 4499.33 4096.03 10237.2 2997.43 28037.1 1359.09 1062.92 7239.73 4649.17
internal_count=213093 20131 16836 192962 146997 22925 20496 45965 14672 124072 7225 5247 31293 19748
is_linear=0
shrinkage=0.03


Tree=109
num_leaves=15
num_cat=0
split_feature=242 226 226 248 120 226 243 243 248 244 222 228 226 249
split_gain=102.505 101.668 134.418 147.258 173.982 127.734 164.149 122.516 204.641 297.567 244.236 216.405 172.603 153.325
threshold=0.041706146672368057 99.500000000000014 81.500000000000014 0.68181815743446361 14.500000000000002 8.5000000000000018 -0.080658521503210054 -0.048505512997508042 0.69191917777061474 0.0031855513807386164 37.500000000000007 82.500000000000014 21.500000000000004 0.04545454494655133
decision_type=8 8 10 2 10 10 2 2 2 2 10 10 10 2
left_child=1 2 5 -4 -5 -1 -7 13 -9 -10 -11 12 -12 -8
right_child=-2 -3 3 4 -6 6 7 8 9 10 11 -13 -14 -15
leaf_value=0.0025434110717291801 0.0046311399496941066 -0.010402761040658114 0.0019702834940121456 -0.016266548926466146 0.020218609409274529 -0.014882256047159339 0.010483533574157277 -0.00081695421841033035 -0.025251791589961464 -0.0081637882709416371 -0.017320473260015359 -0.022976444408785487 0.024510654139934564 -0.0012360343299190443
leaf_weight=7644.3508249819279 4043.6300154849887 878.5571808218956 5651.6903467178345 130.37646171450615 783.58153136074543 831.86929498612881 1616.0657502785325 17620.144654214382 734.29119516909122 3271.7746859788895 98.574217773973942 133.73843106627464 536.08072181046009 2624.4102203994989
leaf_count=38020 21727 4226 25120 552 4059 4116 7126 74982 3108 13994 496 583 2388 12052
internal_value=7.26992e-05 -0.000361431 -0.000147313 0.00378926 0.0148943 -0.000884302 -0.00183885 -0.00142605 -0.00231148 -0.00781379 -0.00458995 0.0105366 0.0178456 0.00324451
internal_weight=46599.1 42555.5 41676.9 6565.65 913.958 35111.3 27466.9 26635.1 22394.6 4774.46 4040.17 768.393 634.655 4240.48
internal_count=212549 190822 186596 29731 4611 156865 118845 114729 95551 20569 17461 3467 2884 19178
is_linear=0
shrinkage=0.03


Tree=110
num_leaves=15
num_cat=0
split_feature=63 230 52 249 127 64 242 228 230 224 121 226 249 242
split_gain=109.026 147.647 154.347 138.721 109.616 106.209 86.0355 85.3353 119.765 84.2854 118.113 97.0582 84.9549 81.7724
threshold=75.500000000000014 3.5000000000000004 9.5000000000000018 0.89393940567970287 10.500000000000002 92.500000000000014 0.026891316287219528 93.500000000000014 62.500000000000007 82.500000000000014 68.500000000000014 47.500000000000007 0.34848484396934515 0.012171091046184303
decision_type=10 10 8 2 8 10 8 10 10 10 10 10 2 8
left_child=1 4 3 -3 13 7 -6 9 -9 -4 11 -11 -13 -1
right_child=-2 2 5 -5 6 -7 -8 8 -10 10 -12 12 -14 -15
leaf_value=-0.014451913668170989 0.0025165623449881517 -0.0053624947792372119 -0.00030884155722527245 -0.032970256890336433 -0.0062604983799349834 -0.0061892376533327189 0.0038222203818562119 -0.035216068747689726 -0.0042717009863170322 0.011026374842828991 0.011325693220119939 -0.0091575686258690576 0.018408350619680318 0.0091736072196989728
leaf_weight=130.26749061793089 11747.353406228125 5321.8815955892205 17307.632349766791 159.53516833484173 1272.438237734139 2736.8054305464029 1865.7023387178779 124.70233315229416 709.15250913798809 417.75657492876053 1423.4429879337549 876.39492091536522 104.11706902086735 2552.4135499075055
leaf_count=581 54972 23558 74541 693 5703 12339 10419 532 3283 1842 6597 3729 470 14073
internal_value=1.70338e-05 -0.00082233 -0.00169268 -0.00622459 0.00353639 -0.000642341 -0.000272972 8.44282e-05 -0.00926189 0.000476005 0.00527413 -0.000923056 -0.00607415 0.00797697
internal_weight=46749.6 35002.2 29181.4 5481.42 5820.82 23700 3138.14 20963.2 833.855 20129.3 2821.71 1398.27 980.512 2682.68
internal_count=213332 158360 127584 24251 30776 103333 16122 90994 3815 87179 12638 6041 4199 14654
is_linear=0
shrinkage=0.03


Tree=111
num_leaves=15
num_cat=0
split_feature=245 245 231 228 244 248 226 231 231 224 148 231 231 222
split_gain=131.98 106.44 143.011 316.795 250.393 219.69 215.066 247.904 244.261 203.228 227.244 196.616 218.484 224.437
threshold=-0.20662932842969892 -0.044067097827792161 91.500000000000014 8.5000000000000018 0.0045600938610732564 0.84343436360359203 4.5000000000000009 19.500000000000004 69.500000000000014 4.5000000000000009 11.500000000000002 75.500000000000014 26.500000000000004 59.500000000000007
decision_type=2 2 10 8 2 2 10 8 8 10 8 10 10 10
left_child=-1 2 6 4 -4 -6 7 -2 -9 -10 -11 12 -8 -14
right_child=1 -3 3 -5 5 -7 11 8 9 10 -12 -13 13 -15
leaf_value=0.020955833445081933 -0.012934413134944079 -0.0022950410836849876 0.018080549690701615 0.0041115846428639441 -0.017816134800129432 0.0057179293040757161 0.0038222813806352922 0.020861029143388374 0.014016462439072829 -0.037307119989382097 0.0013822220946893753 0.0068184230579503612 -0.0040980077429219625 0.0076253792739464539
leaf_weight=261.8705338165164 407.70240896940231 13119.716932043433 237.15693195164204 2433.7944386005402 2014.159890666604 428.4066945463419 7145.92108720541 1402.8552815318108 822.65278995782137 165.87724554538727 609.37033548951149 4023.6921470910311 11913.51192817837 1666.9989870265126
leaf_count=2559 1911 57077 1223 12203 9768 2431 30994 6983 5186 753 2989 18984 52480 7421
internal_value=0.000114469 -7.66636e-06 0.0008947 -0.00371607 -0.0108142 -0.013682 0.00173302 0.00878652 0.0117708 0.00371011 -0.00726569 0.000758497 -0.000420658 -0.00265442
internal_weight=46653.7 46391.8 33272.1 5113.52 2679.72 2442.57 28158.6 3408.46 3000.76 1597.9 775.248 24750.1 20726.4 13580.5
internal_count=212962 210403 153326 25625 13422 12199 127701 17822 15911 8928 3742 109879 90895 59901
is_linear=0
shrinkage=0.03


Tree=112
num_leaves=15
num_cat=0
split_feature=245 245 248 243 228 245 95 35 9 243 245 222 243 243
split_gain=135.551 95.7513 293.249 145.949 142.287 133.817 149.779 124.322 108.863 107.177 102.834 127.992 144.771 96.3738
threshold=-0.20662932842969892 -0.075403515249490724 0.58080807328224193 -0.054462255910038941 26.500000000000004 -0.090957213193178163 41.500000000000007 42.500000000000007 82.500000000000014 -0.064760390669107423 -0.074394576251506792 6.5000000000000009 -0.022123509086668488 -0.026222090236842629
decision_type=2 2 2 2 10 2 10 8 10 2 2 10 2 2
left_child=-1 2 -2 7 13 8 -7 9 -6 -3 11 -5 -13 -4
right_child=1 3 4 10 5 6 -8 -9 -10 -11 -12 12 -14 -15
leaf_value=0.021444428711556513 0.011736063634193397 -0.0021996666668922613 -0.0024173588637391723 0.014543517973344954 0.023623014202503383 0.0077229706492485074 -0.016576592770957205 0.0032049222454483507 -0.0038791149398608132 -0.022109224479965051 -0.00028536657966292102 -0.035672452641697654 0.017941816524841999 0.0091047369929404629
leaf_weight=255.50458864122629 2332.0279925465584 370.28735625743866 8348.9627626687288 86.441950961947441 566.52373860031366 820.81813663244247 304.82981878519058 455.32467511296272 163.77013954520226 713.48027469217777 31331.428017899394 228.12266513705254 49.446505561470985 698.93787983059883
leaf_count=2538 12793 1647 40555 366 3147 3829 1465 2110 956 3073 136230 977 235 3307
internal_value=6.97708e-05 -5.23402e-05 0.00210458 -0.000911723 3.58089e-05 0.00757941 0.00105453 -0.00990307 0.0174865 -0.0153891 -0.000472128 -0.0161098 -0.0258298 -0.00151822
internal_weight=46725.9 46470.4 13235.9 33234.5 10903.8 1855.94 1125.65 1539.09 730.294 1083.77 31695.4 364.011 277.569 9047.9
internal_count=213228 210690 66052 144638 53259 9397 5294 6830 4103 4720 137808 1578 1212 43862
is_linear=0
shrinkage=0.03


Tree=113
num_leaves=15
num_cat=0
split_feature=245 248 244 231 244 230 222 229 131 230 229 243 244 104
split_gain=147.918 273.635 172.386 260.121 304.764 213.312 216.358 211.532 148.333 141.292 134.375 128.498 144.864 118.875
threshold=-0.075403515249490724 0.58080807328224193 0.021755583584308628 69.500000000000014 0.0029686595080420379 6.5000000000000009 4.5000000000000009 27.500000000000004 79.500000000000014 2.5000000000000004 3.5000000000000004 -0.054462255910038941 0.054979393258690841 29.500000000000004
decision_type=2 2 2 10 2 8 10 10 8 10 10 2 2 8
left_child=1 -1 3 4 9 6 10 -5 -4 -3 -6 12 13 -2
right_child=11 2 8 7 5 -7 -8 -9 -10 -11 -12 -13 -14 -15
leaf_value=0.01195537008365557 -0.02150370551974274 0.01659570662467184 -0.010311803973169921 0.0054589164213801203 0.01083706800224905 -0.001662349213691448 0.028902166832965315 0.023916829334868259 0.0032699408729266453 -0.022856943120581365 -0.021169174569245761 -0.00058570646201273565 0.016405470805271275 -0.0039126029297383456
leaf_weight=2369.914295502007 675.70963805913925 85.30454333871603 1938.5249171629548 2290.4877146184444 374.15172751247883 3296.1436434537172 462.43876970559359 733.18834072351456 1145.1550607085228 686.31872238963842 160.45612122118473 31615.40118175745 165.7644831687212 708.35718916356564
leaf_count=13273 2887 401 9873 12142 1861 14728 2232 3907 6940 3001 683 137503 864 3124
internal_value=7.82066e-05 0.00271908 0.000750882 0.00305143 -0.0011076 0.00202482 0.0141097 0.00999872 -0.00527382 -0.0183388 0.00101846 -0.00100062 -0.00940643 -0.0125933
internal_weight=46707.3 13542.1 11172.2 8088.49 5064.81 4293.19 997.047 3023.68 3083.68 771.623 534.608 33165.2 1549.83 1384.07
internal_count=213419 69041 55768 38955 22906 19504 4776 16049 16813 3402 2544 144378 6875 6011
is_linear=0
shrinkage=0.03


Tree=114
num_leaves=15
num_cat=0
split_feature=238 101 233 190 76 231 229 249 231 249 193 230 248 249
split_gain=109.229 108.099 108.2 97.5041 92.7946 102.692 107.565 102.928 90.387 91.9845 83.0844 78.166 104.525 125.606
threshold=-0.21529209613800046 3.5000000000000004 69.500000000000014 90.500000000000014 86.500000000000014 82.500000000000014 6.5000000000000009 0.04545454494655133 81.500000000000014 0.91414141654968273 73.500000000000014 80.500000000000014 0.49999998509883886 0.055555555969476707
decision_type=10 8 10 10 10 10 8 2 10 2 8 10 2 2
left_child=-1 2 8 4 10 6 -6 -7 9 -2 -3 -12 -13 -14
right_child=1 3 -4 -5 5 7 -8 -9 -10 -11 11 12 13 -15
leaf_value=0.0059561095436315679 -0.0051662636050798559 -0.0021211848238365996 0.0012393477647363602 0.0063087800838414797 0.017095250173517929 -0.016893458379970711 0.0037732664862798969 0.0011813356406379445 -0.021984822061217064 -0.039677449583850381 -0.00024947939219506824 0.0014442803113170679 0.00065916827487801023 0.022901773607412114
leaf_weight=2607.9601801037788 2309.0782743990421 18657.32948962599 1659.9745552092791 2172.4041868373752 652.57102824747562 357.57035395503044 3144.7875860258937 1235.5731297284365 373.99029706418514 62.001232340931892 10468.436063237488 2046.8004690855742 395.31182959675789 533.47202327102423
leaf_count=17017 9913 81677 7475 10327 3181 1714 14310 6083 1720 257 46049 8908 1820 2817
internal_value=2.50384e-06 -0.000351094 -0.00480405 0.00014453 -0.000214235 0.00342423 0.00610152 -0.0029555 -0.00844979 -0.00623154 -0.000826087 0.000971463 0.00525332 0.0135427
internal_weight=46677.3 44069.3 4405.04 39664.3 37491.9 5390.5 3797.36 1593.14 2745.07 2371.08 32101.3 13444 2975.58 928.784
internal_count=213268 196251 19365 176886 166559 25288 17491 7797 11890 10170 141271 59594 13545 4637
is_linear=0
shrinkage=0.03


Tree=115
num_leaves=15
num_cat=0
split_feature=245 192 233 125 224 107 245 134 232 248 60 250 248 229
split_gain=131.311 92.4122 90.665 124.919 101.044 149.053 105.297 103.056 75.2858 72.4075 71.8945 70.9906 67.921 106.14
threshold=-0.11150914430618285 87.500000000000014 61.500000000000007 3.5000000000000004 1.5000000000000002 5.5000000000000009 -0.075017303228378282 96.500000000000014 17.500000000000004 0.7929292917251588 45.500000000000007 0.00011633499889285305 0.83333334326744091 7.5000000000000009
decision_type=2 8 10 8 10 10 2 10 10 2 8 2 2 10
left_child=1 10 3 8 5 -4 7 -6 -2 -8 -1 -5 -12 -14
right_child=2 -3 4 11 6 -7 9 -9 -10 -11 12 -13 13 -15
leaf_value=-0.002704829742011959 0.0035395554318181917 0.014478453393320339 0.0025910718607906583 -0.0012814610191064072 0.0070453947344535535 -0.020796830446595364 0.00086798770335730206 -0.020589426479678135 -0.010876765794285325 -0.01739670065475081 0.0030778067376171906 0.0045392399040871207 0.026073926421197095 -0.0055592177314241348
leaf_weight=1137.4298489242792 393.20094083249569 818.76393830031157 544.13139387220144 22436.619524523616 3887.3085020333529 433.60043653845787 11361.537516310811 115.89230174571276 1786.6297421231866 188.76859228312969 1073.1840198785067 2048.9684470444918 316.79214589297771 130.51680579781532
leaf_count=6420 1661 5258 2719 99502 18210 1951 48895 597 7616 795 6830 9855 2367 651
internal_value=0.000126922 0.00572723 -0.00032504 -0.00140701 0.00142001 -0.00788644 0.00200973 0.00619606 -0.00827204 0.000554694 0.00298728 -0.000792727 0.0072352 0.0169242
internal_weight=46673.3 3476.69 43196.7 26665.4 16531.2 977.732 15553.5 4003.2 2179.83 11550.3 2657.92 24485.6 1520.49 447.309
internal_count=213327 21526 191801 118634 73167 4670 68497 18807 9277 49690 16268 109357 9848 3018
is_linear=0
shrinkage=0.03


Tree=116
num_leaves=15
num_cat=0
split_feature=66 119 230 137 68 224 231 230 224 231 244 231 246 222
split_gain=83.3756 101.094 94.382 104.137 128.778 252.275 152.603 93.7438 177.596 158.534 129.566 168.839 126.034 175.484
threshold=77.500000000000014 97.500000000000014 71.500000000000014 89.500000000000014 17.500000000000004 5.5000000000000009 82.500000000000014 3.5000000000000004 6.5000000000000009 46.500000000000007 0.0019807587377727036 74.500000000000014 0.0073737516067922124 11.500000000000002
decision_type=10 10 8 10 10 10 10 10 10 10 2 10 2 10
left_child=1 7 3 -2 5 -5 -7 -1 9 -9 11 -10 13 -12
right_child=2 -3 -4 4 -6 6 -8 8 10 -11 12 -13 -14 -15
leaf_value=0.0028690320221834908 0.0021957373007395684 0.0053411051932322718 0.0065221458115035285 0.0084562734975149705 -0.00051434462721785504 0.0022409550621387817 -0.042734566405651535 0.0036915361815597746 -0.015976286956905523 -0.017921577941404719 -0.012178187683132672 0.019751047152858074 -0.0014203993921225178 0.011655317910806189
leaf_weight=4371.6521475836635 7188.9248220548034 2260.5404522940516 3201.3200494498014 211.64919759333134 1336.4562628939748 87.617770485579967 277.61867879331112 420.63654892146587 929.39082933962345 1076.9552864953876 338.2050668746233 127.67285809665918 23435.323780596256 1390.8557630479336
leaf_count=21949 34699 12014 15606 1295 6496 431 1330 1799 3861 4752 1430 571 101074 5894
internal_value=-1.78856e-05 -0.000776909 0.00210019 0.000539518 -0.00566239 -0.0173768 -0.0321731 -0.00120941 -0.00185343 -0.0118668 -0.00127723 -0.0115165 -0.000842714 0.00695025
internal_weight=46654.8 34351.2 12303.6 9102.27 1913.34 576.886 365.236 32090.7 27719 1497.59 26221.4 1057.06 25164.4 1729.06
internal_count=213201 153344 59857 44251 9552 3056 1761 141330 119381 6551 112830 4432 108398 7324
is_linear=0
shrinkage=0.03


Tree=117
num_leaves=15
num_cat=0
split_feature=245 231 224 120 134 222 248 245 14 224 245 231 248 226
split_gain=127.801 105.579 263.397 186.225 184.36 153.548 141.66 138.038 123.289 191.818 160.406 293.101 148.441 140.651
threshold=-0.20662932842969892 91.500000000000014 16.500000000000004 98.500000000000014 34.500000000000007 3.5000000000000004 0.82323232293128978 -0.05275375768542289 5.5000000000000009 32.500000000000007 -0.075403515249490724 79.500000000000014 0.63131311535835277 12.500000000000002
decision_type=2 10 8 10 10 10 2 2 8 8 2 10 2 8
left_child=-1 3 4 8 5 6 -3 -7 -2 13 11 12 -11 -10
right_child=1 2 -4 -5 -6 7 -8 -9 9 10 -12 -13 -14 -15
leaf_value=0.021036776695194506 -0.0049355036131992006 -0.020076241465053914 0.0027519839154884125 0.007968290272559575 -0.0046887299836907911 -0.036807232650936168 0.013965497080812421 -8.7360602474338956e-06 0.0089357252003307627 0.0085568028366681363 -0.0023545382630252997 0.027164788103124119 -0.0053145285060857902 0.0016207119780522528
leaf_weight=249.63561283797026 4147.0565776750445 260.85694599896669 2965.043926268816 2781.2602352052927 2215.0256435871124 478.21959565579891 176.24169136583805 112.98019550740719 3165.7385415062308 1306.1859548538923 17513.723384916782 447.72861129045486 1459.9007607996464 9299.3190444260836
leaf_count=2549 18605 1204 14488 14334 11252 2216 965 487 14756 7040 75722 2427 6548 40436
internal_value=4.77088e-05 -6.99017e-05 -0.00370727 0.000493734 -0.00960263 -0.0200404 -0.00634498 -0.029892 -6.4996e-05 0.000544825 -0.00122366 0.00492727 0.00124294 0.00348417
internal_weight=46578.9 46329.3 6208.37 40120.9 3243.32 1028.3 437.099 591.2 37339.7 33192.6 20727.5 3213.82 2766.09 12465.1
internal_count=213029 210480 30612 179868 16124 4872 2169 2703 165534 146929 91737 16015 13588 55192
is_linear=0
shrinkage=0.03


Tree=118
num_leaves=15
num_cat=0
split_feature=245 248 243 231 244 143 245 243 228 244 243 231 244 248
split_gain=109.559 138.803 196.472 216.185 176.654 167.501 125.243 147.185 128.143 127.513 123.453 121.447 188.548 143.668
threshold=-0.099417231976985918 0.7929292917251588 -0.038624541833996766 81.500000000000014 0.0045600938610732564 71.500000000000014 -0.075403515249490724 -0.054462255910038941 12.500000000000002 0.054979393258690841 -0.057884484529495232 22.500000000000004 0.021755583584308628 0.56060606241226207
decision_type=2 2 2 8 2 10 2 2 8 2 2 8 2 2
left_child=11 6 3 10 -5 -6 8 9 -2 -8 -3 13 -13 -1
right_child=1 2 -4 4 5 -7 7 -9 -10 -11 -12 12 -14 -15
leaf_value=0.016971894243696412 -0.0017369975986536235 0.027314302039339228 -0.014174042052727246 0.026910192248455238 -0.033209220710340451 -0.0029125613894259231 -0.012695281706155456 -0.00023319683933306171 0.0082266669879127556 0.015149983580982428 0.0031437149418351985 0.010389142170671212 -0.0015457905567925828 -0.017319123167206411
leaf_weight=137.03091464936733 1866.9151755422354 226.05265751481056 1551.7880738228559 80.774509340524673 317.07637313008308 334.12551668286324 1369.0032688379288 31161.007183715701 3052.4221958369017 157.33607661724091 996.67817628383636 2895.5219758376479 2015.310382463038 436.95679581165314
leaf_count=859 8601 1018 6764 359 1355 1573 5930 135590 14843 834 4370 16236 12827 1983
internal_value=-9.51946e-06 -0.000541139 -0.00624087 9.71362e-05 -0.0126978 -0.0179434 -8.17047e-06 -0.000680198 0.00444955 -0.00974505 0.00779758 0.00396913 0.00549809 -0.00898222
internal_weight=46598 41113.2 3506.5 1954.71 731.976 651.202 37606.7 32687.3 4919.34 1526.34 1222.73 5484.82 4910.83 573.988
internal_count=213142 181237 15439 8675 3287 2928 165798 142354 23444 6764 5388 31905 29063 2842
is_linear=0
shrinkage=0.03


Tree=119
num_leaves=15
num_cat=0
split_feature=238 140 242 230 231 226 248 119 249 224 222 29 231 226
split_gain=107.799 115.463 106.265 109.97 178.747 133.003 155.05 151.576 125.95 117.361 106.079 135.388 104.342 104.333
threshold=-0.12817098945379254 30.500000000000004 0.044180873781442649 3.5000000000000004 92.500000000000014 43.500000000000007 0.67171716690063488 97.500000000000014 0.83333334326744091 28.500000000000004 59.500000000000007 54.500000000000007 5.5000000000000009 6.5000000000000009
decision_type=10 10 8 8 10 10 2 8 2 10 10 10 8 10
left_child=2 10 3 4 -1 6 -5 9 -6 -8 11 12 13 -2
right_child=1 -3 -4 5 8 -7 7 -9 -10 -11 -12 -13 -14 -15
leaf_value=0.012325412553572491 -0.042111804916993227 0.00050858723044301885 0.0090090086030832055 0.00067821046117503192 -0.0051071343721962792 0.0035800566935075082 -0.018542077131654573 0.0043649096035839417 0.019940657936952554 -0.00029306995814755996 0.0037445674615288198 -0.012016714101431276 -0.0020330934775408599 -0.0086914513692595355
leaf_weight=1788.745776899159 99.099045231938362 19336.1858818084 1780.7977107912302 3259.4553297683597 1305.3597089648247 4255.2272503972054 1259.138028845191 527.77365355938673 199.50624554604292 423.2707519903779 1703.1564348787069 1709.1393460035324 8530.5492791682482 403.24683278799057
leaf_count=9907 451 85049 10553 15351 7562 19877 5714 2769 1289 2068 7291 6993 36578 1663
internal_value=4.25974e-05 -0.000942204 0.00215666 0.00121313 0.00594206 -0.000392914 -0.00348467 -0.00959926 -0.00167673 -0.0139797 -0.00319491 -0.00429763 -0.0028254 -0.0159776
internal_weight=46580.7 31781.4 14799.3 13018.5 3293.61 9724.87 5469.64 2210.18 1504.87 1682.41 12445.2 10742 9032.9 502.346
internal_count=213115 138025 75090 64537 18758 45779 25902 10551 8851 7782 52976 45685 38692 2114
is_linear=0
shrinkage=0.03


Tree=120
num_leaves=15
num_cat=0
split_feature=57 63 249 226 222 150 244 249 243 222 78 228 2 229
split_gain=100.192 100.478 84.7313 107.207 91.5652 105.388 83.2304 81.3936 93.0889 108.221 88.5591 86.4692 94.8692 117.636
threshold=70.500000000000014 70.500000000000014 0.85353535413742077 18.500000000000004 28.500000000000004 62.500000000000007 0.094444546848535552 0.65151515603065502 -0.021189192309975621 94.500000000000014 8.5000000000000018 46.500000000000007 13.500000000000002 68.500000000000014
decision_type=10 10 2 10 10 10 2 2 2 10 8 10 10 8
left_child=1 6 4 -4 5 -2 7 8 9 11 -9 -1 -13 -14
right_child=2 -3 3 -5 -6 -7 -8 10 -10 -11 -12 12 13 -15
leaf_value=-0.0012635798260434096 0.0017301333745637301 0.0017039672427121362 0.023494628455842784 -0.0023251161768848071 0.0044227702721823577 -0.0059387909498145328 0.011732947036760748 -0.023056024643274955 -0.0047225425144391923 -0.031398166066739217 -0.0047275640556638391 0.015257767998735747 0.011346414329126158 -0.0040427717717892659
leaf_weight=11547.471294879913 5641.0093289092183 9689.5496193915606 351.63783616572618 238.5273561924696 6144.2862476631999 2246.8732461854815 382.97142694890499 319.59159684181213 6512.1717628985643 90.575866512954235 874.08956291526556 592.58324144780636 694.91401857882738 1212.854106143117
leaf_count=51967 26875 44635 2090 1246 28172 10552 2445 1498 27860 414 3992 2812 3040 5369
internal_value=9.78974e-05 -0.000844262 0.00215356 0.0131942 0.00168015 -0.000459123 -0.00195538 -0.00220062 -0.00175766 -0.000389661 -0.00978553 -0.000167536 0.00487924 0.00159275
internal_weight=46539.1 31916.8 14622.3 590.165 14032.2 7887.88 22227.2 21844.3 20650.6 14138.4 1193.68 14047.8 2500.35 1907.77
internal_count=212967 144032 68935 3336 65599 37427 99397 96952 91462 63602 5490 63188 11221 8409
is_linear=0
shrinkage=0.03


Tree=121
num_leaves=15
num_cat=0
split_feature=76 242 57 231 226 230 120 230 231 248 231 226 246 226
split_gain=94.7475 134.163 76.3994 146.542 101.726 156.372 90.781 104.751 132.383 100.635 186.331 186.618 234.852 166.672
threshold=86.500000000000014 0.022359840571880344 70.500000000000014 87.500000000000014 43.500000000000007 21.500000000000004 98.500000000000014 46.500000000000007 92.500000000000014 0.7222222387790681 72.500000000000014 1.0000000180025095e-35 0.041187519207596786 7.5000000000000009
decision_type=10 8 10 10 8 10 10 8 10 2 8 8 2 8
left_child=2 -2 6 -4 5 -5 9 8 -8 -1 13 -12 -13 -11
right_child=1 -3 3 4 -6 -7 7 -9 -10 10 11 12 -14 -15
leaf_value=-0.00098239436879396513 -0.00054819413637643467 0.0073164290336540944 0.0032183917673705136 -0.0053648218359667712 0.0048645848333241171 -0.031709262881129352 0.0056049477797803808 0.012300471312243235 -0.014627831073429472 0.0095917108599098827 -0.023657585593204182 0.014863204698517428 -0.014622225269739506 -0.012661925000241022
leaf_weight=21571.429183855653 4216.2957403063774 3623.3147288784385 8780.6295407861471 926.09745820611715 497.65210141986609 251.78760392963886 891.33128422498703 901.10759095102549 419.894596606493 334.04820819944143 194.71529088169336 925.75491574406624 319.55080471932888 2676.0226126015186
leaf_count=95466 19671 19411 39285 4763 2366 1087 4505 4695 2246 1498 858 4389 1529 11195
internal_value=8.61528e-05 0.00309137 -0.000523424 0.00166614 -0.00643924 -0.0112158 -0.00133461 0.00448652 -0.000935881 -0.00183106 -0.00593345 0.00292857 0.00724091 -0.0101687
internal_weight=46529.6 7839.61 38690 10456.2 1675.54 1177.89 28233.9 2212.33 1311.23 26021.5 4450.09 1440.02 1245.31 3010.07
internal_count=212964 39082 173882 47501 8216 5850 126381 11446 6751 114935 19469 6776 5918 12693
is_linear=0
shrinkage=0.03


Tree=122
num_leaves=15
num_cat=0
split_feature=245 63 230 231 245 248 52 64 231 245 246 228 231 248
split_gain=118.964 103.306 105.252 181.692 151.482 157.615 130.385 106.596 104.471 104.192 165.411 147.735 128.83 93.4271
threshold=-0.20662932842969892 67.500000000000014 3.5000000000000004 92.500000000000014 -0.094257902354001985 0.8636363446712495 9.5000000000000018 95.500000000000014 21.500000000000004 -0.071302972733974443 0.022609249688684944 12.500000000000002 91.500000000000014 0.41919192671775823
decision_type=2 10 10 8 2 2 10 10 10 2 2 10 10 2
left_child=-1 2 3 4 -2 8 13 -8 -6 11 12 -3 -11 -4
right_child=1 9 6 -5 5 -7 7 -9 -10 10 -12 -13 -14 -15
leaf_value=0.020424823415700916 0.017498383497186666 0.00054281820079323125 0.00063666271757471088 -0.0051825346212868327 -0.010882334988365341 -0.03287030919225313 -0.00016522418873241566 -0.0081160840110423068 0.007085502804593558 -0.0029545014676249123 0.0034251994597175907 0.011023569575411679 -0.024205609733537952 -0.0086216123680158477
leaf_weight=246.45248933136463 881.53599422425032 2508.9925213158131 1335.245230704546 1672.565374173224 328.36134105920792 95.228267177939415 19614.205779865384 1634.8992141857743 2115.8651163429022 3831.7043891996145 5993.6091537773609 2330.7035022675991 265.61728164553642 3673.5877922698855
leaf_count=2571 5338 12868 5680 9210 1568 429 85091 7370 10007 16328 27384 11858 1139 16288
internal_value=4.85134e-05 -6.43793e-05 -0.00104243 0.00290038 0.00685581 0.00310724 -0.00180808 -0.000780491 0.00463717 0.00198867 0.000251636 0.00560247 -0.00438773 -0.00615721
internal_weight=46528.6 46282.1 31351.5 5093.56 3420.99 2539.45 26257.9 21249.1 2444.23 14930.6 10090.9 4839.7 4097.32 5008.83
internal_count=213129 210558 140981 26552 17342 12004 114429 92461 11575 69577 44851 24726 17467 21968
is_linear=0
shrinkage=0.03


Tree=123
num_leaves=15
num_cat=0
split_feature=238 252 230 230 231 77 29 59 189 231 119 104 229 7
split_gain=104.697 93.5948 84.1022 104.832 177.132 126.609 141.682 117.852 99.9844 155.282 110.843 119.001 81.6091 74.9797
threshold=-0.11852851882576941 0.22882664948701861 71.500000000000014 3.5000000000000004 92.500000000000014 33.500000000000007 12.500000000000002 16.500000000000004 51.500000000000007 81.500000000000014 97.500000000000014 7.5000000000000009 74.500000000000014 2.5000000000000004
decision_type=10 2 8 10 10 10 8 10 10 10 10 10 10 10
left_child=2 -2 3 4 13 7 -7 -6 9 10 11 -5 -10 -1
right_child=1 -3 -4 8 5 6 -8 -9 12 -11 -12 -13 -14 -15
leaf_value=0.02016471613338456 -0.0013408317022087935 0.012488077589585341 0.0066354464473564563 -0.0080217374257361314 0.010665419879841943 -0.025280992590507503 0.004819406922598567 -0.0092646503618663313 0.0039661201243705547 -0.012171145522206153 0.011030169725186171 0.0015157007572682046 -0.018244754773266657 0.00743297007173809
leaf_weight=563.30388639867306 28527.982760757208 437.44598479568958 2730.3843985274434 1902.4532919600606 751.22165713459253 345.54320448637009 228.3570761680603 402.12841430306435 3924.2318427488208 1281.5289895683527 639.13078424334526 3056.868883870542 144.95487682521343 1610.4396185725927
leaf_count=3744 123197 2276 14555 8370 4868 1872 1207 2185 19352 6040 3143 13474 706 8205
internal_value=-1.93925e-05 -0.00112774 0.00180631 0.000914551 0.00513066 -0.00203726 -0.0134265 0.00369667 -0.000590883 -0.00279422 -0.000629892 -0.00215175 0.00313212 0.0108095
internal_weight=46546 28965.4 17580.5 14850.2 3900.99 1727.25 573.9 1153.35 10949.2 6879.98 5598.45 4959.32 4069.19 2173.74
internal_count=213194 125473 87721 73166 22081 10132 3079 7053 51085 31027 24987 21844 20058 11949
is_linear=0
shrinkage=0.03


Tree=124
num_leaves=15
num_cat=0
split_feature=149 126 28 34 230 193 230 230 248 189 76 78 230 230
split_gain=92.8178 87.0879 106.865 77.1251 122.004 107.034 89.9389 64.0168 71.3268 62.6381 81.2997 61.645 61.6342 103.025
threshold=24.500000000000004 52.500000000000007 9.5000000000000018 12.500000000000002 36.500000000000007 72.500000000000014 20.500000000000004 80.500000000000014 0.49999998509883886 46.500000000000007 80.500000000000014 10.500000000000002 71.500000000000014 15.500000000000002
decision_type=8 8 10 10 10 8 10 8 2 10 8 10 10 10
left_child=7 2 -2 -4 6 -6 -5 11 -9 12 -11 -1 13 -3
right_child=1 9 3 4 5 -7 -8 8 -10 10 -12 -13 -14 -15
leaf_value=-0.009512518119743919 -0.0064021279282474733 0.0029507785699755514 -0.0027773045316786733 0.0021048222834302403 -0.0044377606244623167 0.0034692956069085419 0.011690500984878484 -0.00012715605697016208 0.01477926957274644 0.001759632107726089 0.0072952596883711666 -0.0023756610928086018 0.00530666029736714 -0.0043921684958142899
leaf_weight=1274.0491150543094 2494.4045452028513 3280.8735773935914 4866.4536014646292 2057.4092586711049 3266.4001307636499 2898.8107982352376 1537.8332980871201 1579.8793685659766 343.50608389824629 6227.4958865568042 3871.7940846309066 7272.4756749495864 1819.9181306436658 3592.4727772027254
leaf_count=6069 11417 17699 20726 8915 13719 12228 6542 7166 1786 29517 20062 32149 8847 15713
internal_value=0.000147035 0.000871686 -0.000675885 0.000304349 0.0018421 -0.000720357 0.00622607 -0.00233712 0.00259772 0.00228124 0.00388696 -0.00344944 0.000413491 -0.000887944
internal_weight=46383.8 35913.9 17121.3 14626.9 9760.45 6165.21 3595.24 10469.9 1923.39 18792.6 10099.3 8546.52 8693.26 6873.35
internal_count=212555 165385 73547 62130 41404 25947 15457 47170 8952 91838 49579 38218 42259 33412
is_linear=0
shrinkage=0.03


Tree=125
num_leaves=15
num_cat=0
split_feature=238 60 140 29 151 149 47 144 226 226 134 170 139 226
split_gain=97.7692 82.2533 80.2078 79.3901 69.0064 67.9237 76.8551 72.4232 67.4497 70.7918 74.0514 109.872 69.8089 64.7561
threshold=-0.1241709105670452 81.500000000000014 44.500000000000007 54.500000000000007 3.5000000000000004 23.500000000000004 16.500000000000004 46.500000000000007 43.500000000000007 2.5000000000000004 92.500000000000014 19.500000000000004 72.500000000000014 1.5000000000000002
decision_type=10 10 10 10 10 10 10 8 8 10 10 10 10 8
left_child=1 8 3 4 -2 7 -7 -4 9 -1 11 -11 -10 -3
right_child=2 13 5 -5 -6 6 -8 -9 12 10 -12 -13 -14 -15
leaf_value=0.0045469337959550896 -0.008212217877836412 0.014926715067424287 -0.0078145303910801441 -0.006786957634137716 -0.00069847544634042474 0.0079334522173187434 0.00064953583516818062 0.00090972605744824042 0.004741721627578235 -0.005610030574259104 -0.013899487594127085 0.0028026670942308224 -0.0064022708202599327 0.0040633778545528564
leaf_weight=1628.3559759706259 1214.8448157906532 606.14257349818945 1620.293114207685 3181.1170913279057 10825.067292630672 1478.4674277156591 10523.522067531943 1800.076030395925 4457.1536369770765 2859.3240386918187 461.69243907928467 2714.531487442553 561.76071413606405 2562.3615486249328
leaf_count=9353 5410 3942 7045 13088 46057 6874 46660 7869 21880 13337 2517 13079 2529 13478
internal_value=-4.56803e-05 0.00186637 -0.00103504 -0.00257925 -0.00146281 0.000489704 0.00155266 -0.00323385 0.000784192 -0.000986177 -0.00248403 -0.00151527 0.00348414 0.00618198
internal_weight=46494.7 15851.3 30643.4 15221 12039.9 15422.4 12002 3420.37 12682.8 7663.9 6035.55 5573.86 5018.91 3168.5
internal_count=213118 80115 133003 64555 51467 68448 53534 14914 62695 38286 28933 26416 24409 17420
is_linear=0
shrinkage=0.03


Tree=126
num_leaves=15
num_cat=0
split_feature=245 245 77 222 193 245 122 249 227 120 245 208 139 61
split_gain=109.435 91.8518 125.254 98.5495 116.482 125.093 111.356 133.831 117.004 113.372 105.88 111.737 99.6607 93.042
threshold=-0.20662932842969892 -0.044067097827792161 1.5000000000000002 42.500000000000007 72.500000000000014 -0.11150914430618285 30.500000000000004 0.8636363446712495 1.5000000000000002 57.500000000000007 -0.092096060514450059 33.500000000000007 37.500000000000007 25.500000000000004
decision_type=2 2 8 8 10 2 10 2 8 8 2 8 8 10
left_child=-1 2 -2 4 6 -6 8 10 -4 -10 11 -8 -5 -13
right_child=1 -3 3 12 5 -7 7 -9 9 -11 -12 13 -14 -15
leaf_value=0.019560463765503043 -0.0089794498193202701 -0.0024210552380723206 -0.012747235278225147 0.0080181265713074046 0.019081004666189158 0.0024343516273230624 0.013434203843904024 0.016728340667788145 -0.0020326775296676046 0.0079642182968127154 -0.0045084795231627841 0.0052368691439334258 0.00093445502982378401 -0.0052941562387444525
leaf_weight=241.00545471906662 1189.2035276144743 13165.421568349004 388.76437924802303 3107.2887605577707 429.84305350482464 5399.1250794678926 577.34696857631207 308.90686343610287 1623.443460971117 2725.7275549024343 10152.893458902836 1298.3460421934724 4197.4762666150928 1775.8231992870569
leaf_count=2571 5666 57334 1911 14953 2513 23837 3044 1785 6845 12874 44123 7552 19777 8742
internal_value=-0.000194934 -0.000301877 0.000539611 0.000896226 -1.01976e-05 0.00369249 -0.00115645 -0.0024921 0.00281902 0.00423651 -0.002934 0.00144414 0.00395454 -0.000843919
internal_weight=46580.6 46339.6 33174.2 31985 24680.2 5828.97 18851.3 14113.3 4737.94 4349.17 13804.4 3651.52 7304.77 3074.17
internal_count=213527 210956 153622 147956 113226 26350 86876 65246 21630 19719 63461 19338 34730 16294
is_linear=0
shrinkage=0.03


Tree=127
num_leaves=15
num_cat=0
split_feature=245 231 174 120 70 244 231 248 42 248 244 245 244 120
split_gain=111.829 106.011 184.504 150.8 132.849 125.02 122.418 196.008 230.604 122.179 147.042 142.924 134.827 147.71
threshold=-0.20662932842969892 91.500000000000014 10.500000000000002 98.500000000000014 9.5000000000000018 0.0040010181255638608 75.500000000000014 0.58080807328224193 8.5000000000000018 0.65151515603065502 0.0029686595080420379 -0.071757920086383806 0.021755583584308628 73.500000000000014
decision_type=2 10 8 10 8 2 10 2 10 2 2 2 2 10
left_child=-1 3 -3 4 -2 -4 9 -8 -9 11 -11 -6 13 -12
right_child=1 2 5 -5 6 -7 7 8 -10 10 12 -13 -14 -15
leaf_value=0.020175104566920395 0.0037011296572535364 -0.012942015318129049 0.019873583818846487 0.0071621843398251969 0.0060456513373960937 -0.002027606152680687 -0.0013468468261249428 -0.0073584399833423342 0.016347372102724723 -0.016440700871046834 -0.0051163036523208466 -0.0016475200762828299 -0.016225454049087842 0.0073158536266142672
leaf_weight=234.59382043033838 6763.915782622993 1498.9263696372509 237.68737681955099 2753.3939837515354 2478.0596965402365 4427.3646436557174 3205.9809615835547 481.22812682390213 1511.0539651140571 939.33424296975136 2959.0830542817712 17179.740247018635 638.90204498916864 1201.2038094475865
leaf_count=2552 30145 7627 1151 14347 12631 21669 14498 2416 7248 3989 12565 74134 2830 5468
internal_value=-5.65583e-05 -0.000163459 -0.00382304 0.00039972 -0.00010047 -0.000871604 -0.000941871 0.00324852 0.0106132 -0.00180052 -0.00564774 -0.000675139 -0.00350547 -0.00151782
internal_weight=46510.5 46275.9 6163.98 40111.9 37358.5 4665.05 30594.6 5198.26 1992.28 25396.3 5738.52 19657.8 4799.19 4160.29
internal_count=213270 210718 30447 180271 165924 22820 135779 24162 9664 111617 24852 86765 20863 18033
is_linear=0
shrinkage=0.03


Tree=128
num_leaves=15
num_cat=0
split_feature=245 245 248 119 243 222 249 244 244 248 229 245 229 37
split_gain=115.565 88.4272 127.946 117.815 130.569 132.426 107.632 101.913 96.9174 94.734 89.94 94.7647 88.9526 154.66
threshold=-0.20662932842969892 -0.044067097827792161 0.37878787517547613 51.500000000000007 -0.056920476257801049 5.5000000000000009 0.085858587175607695 0.01502692745998502 0.16497132927179339 0.7222222387790681 78.500000000000014 -0.049079552292823785 39.500000000000007 10.500000000000002
decision_type=2 2 2 8 2 10 2 2 2 2 10 2 10 10
left_child=-1 2 10 4 5 6 9 -7 -5 -4 -2 -12 13 -6
right_child=1 -3 3 8 12 7 -8 -9 -10 -11 11 -13 -14 -15
leaf_value=0.020856800265563056 0.0081820144872062853 -0.0021026978069566041 -0.031072939682691411 0.0016831463200606737 -0.015450599739338811 0.01760170763467005 0.0095612820496148859 0.0010098862287478156 -0.036014230161994808 -0.0018114003555794341 0.011242982138701058 -0.011076541212814466 -0.00073427692374048196 -0.0033072547258063711
leaf_weight=229.89630497246981 3102.7125483900309 13117.924823641777 186.36226063221693 18654.508621916175 1324.0077851265669 707.52564208209515 221.69302595406771 624.42312222719193 51.599059268832207 204.69622014462948 251.69577713310719 487.07505984604359 4030.8161332458258 3255.5589901208878
leaf_count=2542 13763 57086 789 90779 5539 3303 1002 2971 280 908 1188 2142 17147 13649
internal_value=8.8625e-05 -1.91628e-05 0.000806886 0.000130282 -0.00240255 0.00460183 -0.00686497 0.00988888 0.00155997 -0.0161833 0.00594696 -0.00342379 -0.00398803 -0.00684406
internal_weight=46450.5 46220.6 33102.7 29261.2 10555.1 1944.7 612.752 1331.95 18706.1 391.058 3841.48 738.771 8610.38 4579.57
internal_count=213088 210546 153460 136367 45308 8973 2699 6274 91059 1697 17093 3330 36335 19188
is_linear=0
shrinkage=0.03


Tree=129
num_leaves=15
num_cat=0
split_feature=190 232 140 62 244 231 106 248 143 231 137 226 246 231
split_gain=100.822 89.1543 111.491 109.962 90.0695 116.68 88.6092 131.411 92.133 86.0385 178.754 119.124 106.701 121.347
threshold=89.500000000000014 86.500000000000014 88.500000000000014 38.500000000000007 0.0019807587377727036 75.500000000000014 88.500000000000014 0.6414141356945039 56.500000000000007 91.500000000000014 25.500000000000004 4.5000000000000009 0.032052744179964072 88.500000000000014
decision_type=10 10 8 10 2 10 10 2 10 10 8 8 2 10
left_child=1 4 3 6 5 -1 8 -8 -3 11 -11 12 13 -6
right_child=-2 2 -4 -5 9 -7 7 -9 -10 10 -12 -13 -14 -15
leaf_value=-0.011612640177046158 0.00583616732377244 0.0027284455050495971 -0.011726925199493992 -0.0013791325803239386 0.0039657635088769108 0.013744105143192699 0.0046900359949162826 -0.044407372916073468 0.011786550865960378 -0.014827780495446096 -0.00098390912554813118 -0.00071525833721616306 0.015040066731382645 -0.028236018883696215
leaf_weight=1255.1917623579502 2426.027819879353 1937.038736730814 448.02641032636166 2531.7317917048931 1433.5942114442587 178.96312018483877 136.98629835247993 65.041413180530071 2120.8931438103318 1141.5939384028316 3102.6222722157836 28845.534566871822 809.89484066516161 103.63817805051804
leaf_count=5345 11662 8815 2238 11429 6778 878 667 331 11133 5407 15922 128058 4346 492
internal_value=-0.000105252 -0.00043327 0.00260819 0.00356968 -0.00103101 -0.0083752 0.00650715 -0.0124655 0.00748003 -0.00073151 -0.00473369 -0.000185613 0.006299 0.0016263
internal_weight=46536.8 44110.8 7239.72 6791.69 36871 1434.15 4259.96 202.028 4057.93 35436.9 4244.22 31192.7 2347.13 1537.23
internal_count=213501 201839 34613 32375 167226 6223 20946 998 19948 161003 21329 139674 11616 7270
is_linear=0
shrinkage=0.03


Tree=130
num_leaves=15
num_cat=0
split_feature=245 231 224 70 231 245 96 248 243 222 222 248 248 242
split_gain=97.5014 94.4111 201.042 170.438 190.873 196.421 129.064 139.07 166.084 127.595 120.233 144.464 132.348 116.586
threshold=-0.20662932842969892 91.500000000000014 16.500000000000004 9.5000000000000018 75.500000000000014 -0.076737523078918443 22.500000000000004 0.76262626051902782 -0.033624595031142228 86.500000000000014 3.5000000000000004 0.82323232293128978 0.55050507187843334 0.030424403958022598
decision_type=2 10 10 8 10 2 8 2 2 10 10 2 2 10
left_child=-1 3 6 -2 -5 -6 10 8 -8 -4 11 13 -12 -3
right_child=1 2 9 4 5 -7 7 -9 -10 -11 12 -13 -14 -15
leaf_value=0.019271275607242865 0.0044855009129838065 -0.025122797870768005 0.0053103058262128711 -0.0015975164259525703 0.014024115473927944 0.0012359974899542841 -0.015208825934699027 0.01157774724171204 0.0065861906080474835 -0.010241308138875211 -0.0032708586649229654 0.012538318232771736 -0.029771119494171151 0.017654961403450048
leaf_weight=224.60257049649954 7508.6706267371774 285.12981410324574 2326.0478517338634 26711.541822493076 1427.3445888981223 4369.3023139834404 924.2333232536912 422.34606454521418 467.45411633700132 586.24975127726793 236.68482172489166 244.21756222844124 613.45388579368591 63.562231153249741
leaf_count=2509 34287 1317 11416 118209 7913 19598 4539 2284 2203 2871 1092 1376 2990 389
internal_value=-1.99789e-05 -0.000117943 -0.00356925 0.000414901 -0.000526407 0.00440362 -0.00867884 -0.00332143 -0.00789333 0.00215541 -0.0153443 -0.00485693 -0.0225171 -0.0170501
internal_weight=46410.8 46186.2 6169.38 40016.9 32508.2 5796.65 3257.08 1814.03 1391.69 2912.3 1443.05 592.91 850.139 348.692
internal_count=212993 210484 30477 180007 145720 27511 16190 9026 6742 14287 7164 3082 4082 1706
is_linear=0
shrinkage=0.03


Tree=131
num_leaves=15
num_cat=0
split_feature=238 231 228 244 134 224 120 231 148 61 228 227 144 104
split_gain=84.7042 97.1566 270.711 192.616 170.657 142.98 153.023 150.738 126.563 124.191 121.354 118.369 115.45 108.825
threshold=-0.22514960169792173 91.500000000000014 8.5000000000000018 0.0045600938610732564 51.500000000000007 32.500000000000007 47.500000000000007 75.500000000000014 2.5000000000000004 51.500000000000007 34.500000000000007 59.500000000000007 50.500000000000007 10.500000000000002
decision_type=10 10 8 2 10 8 8 10 8 8 10 10 8 10
left_child=-1 5 3 -3 11 6 13 9 -8 10 -7 -5 -9 -2
right_child=1 2 -4 4 -6 7 8 12 -10 -11 -12 -13 -14 -15
leaf_value=0.0058356627112542024 -0.0079764214114154356 0.014454896692901301 0.0017333718560502672 -0.027877679505321711 -0.0050202460013674365 -0.010899100604923061 -0.0081671027125390198 -0.0021238048204003995 0.0051921302525022479 -0.0006611061340999132 -0.0025200453740232111 -0.0066043349292733006 0.0084530326960852581 0.0011097765296407625
leaf_weight=2092.2689152471721 1727.7673395946622 222.56075000017881 3150.05573810637 851.75292108207941 976.74480322003365 2549.5556000843644 671.56993056833744 1581.7960611358285 10301.460331648588 11984.689886264503 3987.4369939342141 334.27152767032385 2228.540820337832 3732.3626975417137
leaf_count=14453 7257 1119 15043 3809 4829 10994 3024 7376 47192 53050 17101 1573 10268 15833
internal_value=-4.82355e-05 -0.00032738 -0.00404153 -0.0116432 -0.0143831 0.00020388 0.00232705 -0.00135881 0.00436783 -0.00247686 -0.0057997 -0.0219873 0.00406817 -0.00177473
internal_weight=46392.8 44300.6 5535.39 2385.33 2162.77 38765.2 16433.2 22332 10973 18521.7 6536.99 1186.02 3810.34 5460.13
internal_count=212921 198468 26373 11330 10211 172095 73306 98789 50216 81145 28095 5382 17644 23090
is_linear=0
shrinkage=0.03


Tree=132
num_leaves=15
num_cat=0
split_feature=245 209 10 148 142 144 66 120 222 10 104 78 229 245
split_gain=90.0101 82.3074 81.6608 116.97 139.567 142.399 94.601 91.816 89.1495 87.2598 109.707 83.8216 109.58 78.5785
threshold=-0.20662932842969892 52.500000000000007 2.5000000000000004 12.500000000000002 80.500000000000014 13.500000000000002 75.500000000000014 98.500000000000014 4.5000000000000009 79.500000000000014 30.500000000000004 8.5000000000000018 5.5000000000000009 -0.16657546907663343
decision_type=2 10 8 8 10 10 10 10 10 10 10 10 8 2
left_child=-1 2 8 4 -4 -6 7 9 -2 -5 -11 12 -7 -10
right_child=1 -3 3 6 5 11 -8 -9 13 10 -12 -13 -14 -15
leaf_value=0.018728780727054726 -0.0038066877323031981 -0.00318310924966362 -0.00068157930619983445 0.00042739896111408795 -0.036467952955658245 0.0027977414260694044 0.0036653512214360699 0.0077335662491488672 -0.022562927781993675 -0.0082680253322060561 0.0005809806754028628 -0.0021447863542303708 -0.025222451732831584 0.0078904602566422146
leaf_weight=223.80233907327056 856.83935967087746 6075.8907897770405 3441.2436724901199 17035.123853862286 171.3573135137558 177.16063533723354 7793.245994836092 1247.8244997337461 68.851874649524689 2641.7919451221824 2401.6822001114488 863.37735218554735 406.72408623248339 2943.2525525540113
leaf_count=2558 4502 26646 15186 75726 742 989 37450 6422 457 11438 10596 4090 1845 14217
internal_value=0.000161659 6.75282e-05 0.000561365 0.000117819 -0.00410788 -0.0113434 0.000805991 -0.000150469 0.00469808 -0.000599353 -0.00406135 -0.00813881 -0.0168167 0.00712199
internal_weight=46348.2 46124.4 40048.5 36179.5 5059.86 1618.62 31119.7 23326.4 3868.94 22078.6 5043.47 1447.26 583.885 3012.1
internal_count=212864 210306 183660 164484 22852 7666 141632 104182 19176 97760 22034 6924 2834 14674
is_linear=0
shrinkage=0.03


Tree=133
num_leaves=15
num_cat=0
split_feature=243 193 230 229 229 231 242 230 226 246 248 226 231 248
split_gain=86.0363 96.5809 119.914 209.752 143.054 115.327 93.9779 84.054 83.8968 93.4345 102.414 80.896 155.913 248.236
threshold=-0.008629474323242901 80.500000000000014 71.500000000000014 35.500000000000007 58.500000000000007 91.500000000000014 0.020368303172290329 39.500000000000007 99.500000000000014 0.01665294170379639 0.49999998509883886 2.5000000000000004 77.500000000000014 0.84343436360359203
decision_type=2 10 10 8 10 10 10 10 10 2 2 8 8 2
left_child=1 11 3 5 -5 6 -3 -7 9 -4 -11 12 -1 -14
right_child=-2 2 8 4 -6 7 -8 -9 -10 10 -12 -13 13 -15
leaf_value=0.01149153260117981 -0.0042677863708852452 0.0015173798760416434 -0.00026832992887488146 -0.012128588589260442 0.0068232464207235548 -0.0018688122556188257 0.012412984922273333 -0.03205348875168787 -0.012580082518847527 0.0075151022462438466 0.021438260413705876 -0.00079752022773612631 -0.0041751684269078467 0.025890169850566174
leaf_weight=1463.9245247393847 3821.6774087846279 1308.9404773116112 672.19561620056629 1409.1556235402822 472.28848779201508 435.82515269517899 1561.768134586513 92.990013748407364 156.33201679587364 1333.5694681182504 745.570536673069 30391.157172650099 2208.3770578801632 268.15681845322251
leaf_count=7264 16857 5485 2954 6065 2204 2253 7237 391 834 6187 4016 137159 11929 2039
internal_value=3.78442e-05 0.000425742 0.00335121 0.000653138 -0.00736029 0.0050967 0.00746749 -0.00767304 0.00823249 0.00945634 0.0125866 -0.000272802 0.00376591 -0.000828692
internal_weight=46341.9 42520.3 8188.64 5280.97 1881.44 3399.52 2870.71 528.815 2907.67 2751.34 2079.14 34331.6 3940.46 2476.53
internal_count=212874 196017 37626 23635 8269 15366 12722 2644 13991 13157 10203 158391 21232 13968
is_linear=0
shrinkage=0.03


Tree=134
num_leaves=15
num_cat=0
split_feature=238 242 226 119 226 243 243 243 248 249 47 229 243 119
split_gain=99.2991 87.5362 129.05 123.436 120.533 118.027 116.413 181.788 114.312 173.923 174.99 124.219 103.836 94.8013
threshold=-0.096086181700229631 0.025101029314100746 43.500000000000007 13.500000000000002 4.5000000000000009 -0.087502673268318162 -0.039337575435638421 -0.092150788754224763 0.66161617636680614 0.52020201086997997 93.500000000000014 67.500000000000014 -0.11055986583232878 24.500000000000004
decision_type=10 8 10 8 8 2 2 2 2 2 8 10 2 10
left_child=1 2 4 -3 6 -4 7 -1 13 10 -10 -12 -6 -7
right_child=-2 3 5 -5 12 8 -8 -9 9 -11 11 -13 -14 -15
leaf_value=0.022120146160479633 -0.0015687453495136889 -0.0078128872367657226 -0.026176505800861644 0.0037260839395549532 -0.036651373880324689 0.013426792366936073 0.012357609320666639 -0.0066588355097546735 0.02023061554400676 -0.01095254142557265 -0.011589254957677257 0.027002872075560191 -0.0050359328600953343 -0.0016415914380331334
leaf_weight=224.40095395594835 20835.796221904457 886.45126306265593 111.24558611214161 12171.102824434638 85.580926418304443 424.38648991286755 739.46270307898521 1248.4398575723171 1085.9621446058154 294.10961956530809 317.08134803920984 87.508410237729549 5059.2565155699849 2775.1405072137713
leaf_count=1792 89891 3861 503 62804 450 1725 3436 6199 4922 1424 1394 596 21947 12022
internal_value=-3.26268e-05 0.00122215 -0.0005773 0.00293735 -0.00311719 0.0030889 0.00272996 -0.00215449 0.0037932 0.00985344 0.0140044 -0.00279221 -0.00563192 0.000392692
internal_weight=46345.9 25510.1 12452.6 13057.6 7357.14 5095.43 2212.3 1472.84 4984.19 1784.66 1490.55 404.59 5144.84 3199.53
internal_count=212966 123075 56410 66665 33824 22586 11427 7991 22083 8336 6912 1990 22397 13747
is_linear=0
shrinkage=0.03


Tree=135
num_leaves=15
num_cat=0
split_feature=242 243 60 228 4 243 69 243 28 63 120 233 243 224
split_gain=78.8353 76.2582 76.5068 82.1471 105.343 86.0856 76.7127 117.614 74.6018 72.6526 92.3731 65.1805 74.855 62.5398
threshold=0.011427575256675484 -0.008629474323242901 71.500000000000014 93.500000000000014 62.500000000000007 -0.020887298509478566 11.500000000000002 -0.032472144812345498 12.500000000000002 41.500000000000007 58.500000000000007 45.500000000000007 -0.039337575435638421 25.500000000000004
decision_type=8 2 8 10 10 2 10 2 10 10 10 8 2 10
left_child=-1 2 3 4 6 -5 7 11 -8 -10 -11 12 -2 -12
right_child=1 -3 -4 5 -6 -7 8 -9 9 10 13 -13 -14 -15
leaf_value=-0.0095279242411878823 -0.0021168042308355312 -0.004021380007421132 0.0024067931553906764 -0.023486402121669973 0.0047730197671270822 0.00018484332867461573 -0.0060186297546489216 0.0058597344670999743 -0.0032358103401883644 -0.0021469442380671389 -0.00038626910127025998 0.0012521661834660237 -0.015862020508380193 0.0078059812319826493
leaf_weight=774.80606510490179 1239.1883793249726 3765.2205328941345 12391.320459406823 271.36676786094904 3394.1065493375063 271.57470405101776 3293.2034722343087 3352.7785064503551 6834.5926752015948 3848.6593878865242 1382.663175791502 2878.2276053503156 492.87216836959124 2118.1135233044624
leaf_count=3331 5961 16599 61115 1248 15506 1204 15706 14459 29234 16208 6295 13954 2117 9869
internal_value=-0.00010057 6.19028e-05 0.000430863 -0.000403116 -0.000183407 -0.011857 -0.000846283 0.00159295 -0.00195793 -0.00101156 0.00105847 -0.00151599 -0.00609672 0.00457849
internal_weight=46308.7 45533.9 41768.7 29377.3 28834.4 542.941 25440.3 7963.07 17477.2 14184 7349.44 4610.29 1732.06 3500.78
internal_count=212806 209475 192876 131761 129309 2452 113803 36491 77312 61606 32372 22032 8078 16164
is_linear=0
shrinkage=0.03


Tree=136
num_leaves=15
num_cat=0
split_feature=63 57 119 122 231 229 228 243 246 244 243 170 122 242
split_gain=83.1038 86.8847 72.9428 85.6806 72.9902 155.257 123.926 106.638 90.7234 75.197 74.9617 71.8226 77.8179 68.8535
threshold=76.500000000000014 70.500000000000014 51.500000000000007 76.500000000000014 82.500000000000014 27.500000000000004 39.500000000000007 -0.09550053626298903 0.047340508550405509 0.0034539608750492339 -0.036363912746310227 32.500000000000007 53.500000000000007 0.02260664384812117
decision_type=10 10 10 10 10 10 10 2 2 2 2 10 10 10
left_child=1 -1 3 -2 6 7 -4 -6 9 -9 -7 12 -3 -8
right_child=2 11 4 -5 5 10 13 8 -10 -11 -12 -13 -14 -15
leaf_value=-0.0016866238849890405 -0.0047567624158634915 0.0029848183883500524 0.0093945920694116138 0.0056477459982369645 0.016318208872965732 0.021564364229822008 -0.0069529734216306769 0.010757781255391927 0.0011251809510925831 -0.016262635696439192 0.0034139535973455306 0.0040778523611644541 -0.0038380937874239705 0.0044604485137195587
leaf_weight=23874.649309329689 2239.2961953803897 2761.6721247695386 3335.0479764789343 1032.8964013084769 174.58091820403934 312.12309028953314 782.27023866772652 96.647748611867428 624.36965262144804 873.64778444170952 575.2905960381031 5231.1859742440283 3281.1505197249353 1180.5482161343098
leaf_count=107149 9565 12505 16112 4620 1340 1698 3472 465 3192 4042 2868 24853 15523 5728
internal_value=5.59337e-05 -0.00066187 0.00230182 -0.00146529 0.00385137 -0.000207302 0.00588317 -0.00533784 -0.00779563 -0.0134889 0.00996701 0.0015078 -0.000720128 -0.000100493
internal_weight=46375.4 35148.7 11226.7 3272.19 7954.53 2656.66 5297.87 1769.25 1594.67 970.296 887.414 11274 6042.82 1962.82
internal_count=213132 160030 53102 14185 38917 13605 25312 9039 7699 4507 4566 52881 28028 9200
is_linear=0
shrinkage=0.03


Tree=137
num_leaves=15
num_cat=0
split_feature=238 125 70 246 222 144 243 249 192 226 229 243 226 226
split_gain=80.4176 80.4163 85.756 75.8627 72.1442 69.0376 64.1856 66.7445 127.441 110.833 124.767 151.583 94.847 157.833
threshold=-0.2522705197334289 3.5000000000000004 6.5000000000000009 0.010129196569323541 62.500000000000007 93.500000000000014 -0.008629474323242901 0.085858587175607695 79.500000000000014 52.500000000000007 49.500000000000007 -0.026222090236842629 41.500000000000007 12.500000000000002
decision_type=10 8 8 2 10 10 2 2 10 8 10 2 10 10
left_child=4 3 -3 -2 -1 -5 7 9 -9 10 12 -12 13 -4
right_child=1 2 6 5 -6 -7 -8 8 -10 -11 11 -13 -14 -15
leaf_value=0.010887912476952446 0.0048925747783143585 0.0040462405566475809 0.0038535527776438513 -0.003466614208882102 -0.0071768027563527343 -0.013132401786895698 -0.00420015005006913 -3.656780365123765e-05 0.0059781192093958622 -0.0042195016239857507 0.029115657146100968 0.0013937180678013656 0.0076861478148179717 -0.0056397235552451555
leaf_weight=1025.8254347294569 741.94680245965719 4699.664227835834 2741.1205805614591 3192.3531564474106 238.86085363477468 834.51060406863689 3361.1419786065817 13088.913023024797 4173.9091983959079 6596.8915953934193 291.67844316363335 433.92447504401207 1163.267953902483 3682.2022488489747
leaf_count=8058 3238 21355 12732 14577 1397 3847 14724 60866 19881 28467 1240 1788 4910 15568
internal_value=1.57782e-05 -0.000194657 0.000242305 -0.00387394 0.0074465 -0.00549728 -0.000261807 0.000150827 0.00142032 -0.00131905 0.000985169 0.0127817 -0.000158426 -0.00158882
internal_weight=46266.2 45001.5 40232.7 4768.81 1264.69 4026.86 35533 32171.9 17262.8 14909.1 8312.19 725.603 7586.59 6423.32
internal_count=212648 203193 181531 21662 9455 18424 160176 145452 80747 64705 36238 3028 33210 28300
is_linear=0
shrinkage=0.03


Tree=138
num_leaves=15
num_cat=0
split_feature=245 119 248 248 231 222 248 56 233 248 67 246 231 245
split_gain=108.639 111.203 89.1944 115.092 190.779 139.858 154.788 118.953 88.2948 117.638 122.77 101.946 84.9329 78.0974
threshold=-0.11150914430618285 19.500000000000004 0.95454546809196483 0.82323232293128978 98.500000000000014 5.5000000000000009 0.60101011395454418 2.5000000000000004 55.500000000000007 0.77272728085517894 21.500000000000004 0.050114713609218604 22.500000000000004 -0.10523993521928786
decision_type=2 8 2 2 10 8 2 10 10 2 8 2 8 2
left_child=1 -1 3 4 5 6 -3 -6 9 11 -11 13 -5 -2
right_child=8 2 -4 12 7 -7 -8 -9 -10 10 -12 -13 -14 -15
leaf_value=-0.018319701619498696 -0.022394841370184142 0.017346310084973622 -0.021518576722629537 -0.025583658472556742 0.0023666028599514674 0.014150498429290599 -0.012504062033584619 -0.033513980375205275 0.001032997672375623 -0.013040023797148158 -0.00014569918194243462 0.0031303046384529563 0.016697933485693376 -0.0018025723497031422
leaf_weight=164.37138937413692 157.45859704911709 217.76298745721579 91.040525391697884 35.937046229839325 146.46045434474945 1000.5775740742683 489.75278309732676 178.69811826944351 18509.857643030584 1562.4606020674109 1151.4101103618741 4344.8567979037762 1042.6182275898755 17265.521215647459
leaf_count=742 773 1534 465 164 1315 6287 2912 1071 82184 6829 5272 21188 6909 75417
internal_value=-0.000123375 0.0050577 0.00631073 0.00719124 0.00296015 0.0069857 -0.00320285 -0.017764 -0.000530253 -0.00171212 -0.00758999 -0.000976156 0.015067 -0.00200141
internal_weight=46358.8 3367.22 3202.85 3111.81 2033.25 1708.09 707.516 325.159 42991.6 24481.7 2713.87 21767.8 1078.56 17423
internal_count=213062 21399 20657 20192 13119 10733 4446 2386 191663 109479 12101 97378 7073 76190
is_linear=0
shrinkage=0.03


Tree=139
num_leaves=15
num_cat=0
split_feature=245 243 228 222 231 226 17 243 226 147 222 243 231 140
split_gain=86.7683 135.762 114.223 118.966 163.482 117.638 124.362 113.01 109.795 130.184 126.544 115.265 208.801 201.099
threshold=-0.075403515249490724 -0.054462255910038941 27.500000000000004 89.500000000000014 78.500000000000014 63.500000000000007 17.500000000000004 -0.055916944518685334 3.5000000000000004 21.500000000000004 38.500000000000007 -0.041091125458478921 92.500000000000014 49.500000000000007
decision_type=2 2 8 10 10 8 10 2 10 10 10 2 10 10
left_child=2 7 8 4 5 -4 -7 -2 9 -1 11 12 -10 -13
right_child=1 -3 3 -5 -6 6 -8 -9 10 -11 -12 13 -14 -15
leaf_value=0.016726538691356391 -0.0063319166205186529 -0.00038461105564671611 0.012783228696385431 -0.017559652403497796 0.021483804922131897 0.0077935976618826331 -0.013167074353733011 -0.030713975769358692 0.0035324338334844995 0.0018143026234975546 0.01919071055351047 -0.012680544850347348 -0.011678421881632053 0.0063484999295867102
leaf_weight=723.16494416072965 1344.8300389498472 31601.893640182912 815.70932238548994 150.11554076522589 691.96915972232819 510.4487089663744 489.55749134719372 187.79414880275726 4334.8373536169529 1883.1939270421863 257.99776373803616 1720.5020144581795 988.98086109757423 695.6452639400959
leaf_count=4615 5997 137806 3897 835 4219 3107 2441 822 21039 11160 1401 7491 5210 3317
internal_value=1.18453e-05 -0.000808942 0.00206159 0.00761042 0.00918092 0.0044003 -0.00249656 -0.00949921 0.000665009 0.00599999 -0.00107887 -0.00177841 0.000690187 -0.00719821
internal_weight=46396.6 33134.5 13262.1 2657.8 2507.68 1815.72 1000.01 1532.62 10604.3 2606.36 7997.96 7739.97 5323.82 2416.15
internal_count=213357 144625 68732 14499 13664 9445 5548 6819 54233 15775 38458 37057 26249 10808
is_linear=0
shrinkage=0.03


Tree=140
num_leaves=15
num_cat=0
split_feature=165 195 140 246 246 229 80 57 248 195 250 53 230 222
split_gain=88.2574 76.1985 94.1521 74.0027 71.2122 118.391 66.1877 64.4637 61.4421 61.3548 50.1922 51.1759 58.6517 82.645
threshold=17.500000000000004 35.500000000000007 22.500000000000004 0.036471085622906692 0.041526056826114661 25.500000000000004 22.500000000000004 68.500000000000014 0.92424240708351146 20.500000000000004 -2.2950000584387449e-06 6.5000000000000009 14.500000000000002 29.500000000000004
decision_type=8 10 10 2 2 8 10 8 2 8 2 10 8 10
left_child=-1 2 3 8 5 -5 -4 -3 10 -8 -2 -12 13 -13
right_child=1 7 6 4 -6 -7 9 -9 -10 -11 11 12 -14 -15
leaf_value=-0.0029530378466507178 0.00036397392361551791 0.00088869817249509465 0.0044603561560525471 0.02151210273292193 -0.0006961065338723704 -0.0079287211673702059 0.002046131537773234 0.0050569610110472937 0.027168142376792995 -0.0025760646412417093 -0.010329152090159954 -0.0026312777136900281 -0.0064683807164373471 0.014812646498265853
leaf_weight=7123.3571797087789 1625.6668847873807 9171.9197493121028 4070.1026700288057 347.4701226875186 2200.7706776410341 180.85035509616137 5696.1081125363708 5245.9331368021667 46.439377203583717 4714.6682279333472 1513.6947222687304 1220.8373078405857 2820.924012824893 295.04925493896008
leaf_count=32221 7147 41573 20098 1672 11289 824 25788 25208 279 20925 7150 5505 11959 1329
internal_value=0.000116098 0.000675134 -0.000335472 -0.00253404 0.00169319 0.0114741 0.00122167 0.00240777 -0.00406783 -4.75591e-05 -0.00429789 -0.00559168 -0.00391818 0.000838799
internal_weight=46273.8 39150.4 24732.6 10251.7 2729.09 528.32 14480.9 14417.9 7522.61 10410.8 7476.17 5850.51 4336.81 1515.89
internal_count=212967 180746 113965 47154 13785 2496 66811 66781 33369 46713 33090 25943 18793 6834
is_linear=0
shrinkage=0.03


Tree=141
num_leaves=15
num_cat=0
split_feature=165 238 66 52 139 230 144 231 231 229 246 144 226 231
split_gain=84.6201 98.9787 80.437 70.2717 106.269 94.199 87.583 86.554 97.6643 77.042 72.9376 108.141 72.1293 97.6739
threshold=7.5000000000000009 -0.29082198441028589 75.500000000000014 8.5000000000000018 40.500000000000007 3.5000000000000004 23.500000000000004 95.500000000000014 14.500000000000002 2.5000000000000004 0.060406224802136428 90.500000000000014 42.500000000000007 75.500000000000014
decision_type=8 10 10 10 10 10 10 10 8 10 2 8 10 10
left_child=-1 -2 3 5 12 7 -7 8 -3 -8 11 -10 -5 -14
right_child=1 2 -4 4 -6 6 9 -9 10 -11 -12 -13 13 -15
leaf_value=-0.0046280894537398488 0.01283724023665374 -0.018462650789918288 0.0024217360572322127 0.00062246229760348206 -0.0014163891653570235 0.006177187830711155 -0.021283767594212015 -0.013838404147694239 0.0077631099158832423 -0.0060561738296924855 0.015018588291923219 -0.0087438156413117626 0.0028298750147955345 0.013553470145859562
leaf_weight=3182.5593455582857 561.35595049709082 159.53823988139629 11398.218540579081 6164.9626546353102 14340.852693222463 475.80475309491158 319.23542852699757 285.13475922122598 1006.1291636303067 3549.0643891841173 505.32077744603157 541.14843936264515 2688.4699239581823 1062.4562088549137
leaf_count=14372 4738 788 55103 27670 61607 2086 1531 1544 5107 15356 3278 2854 11744 4990
internal_value=8.45288e-05 0.00043385 0.000267026 -0.000523252 0.000234441 -0.00320615 -0.0058705 0.00143353 0.00345543 -0.00736449 0.00524027 0.00197086 0.00262098 0.00589531
internal_weight=46240.3 43057.7 42496.3 31098.1 24256.7 6841.38 4344.1 2497.27 2212.14 3868.3 2052.6 1547.28 9915.89 3750.93
internal_count=212768 198396 193658 138555 106011 32544 18973 13571 12027 16887 11239 7961 44404 16734
is_linear=0
shrinkage=0.03


Tree=142
num_leaves=15
num_cat=0
split_feature=140 230 231 231 231 243 243 231 231 229 230 230 243 231
split_gain=72.3952 117.591 140.594 117.404 116.012 84.7184 92.6958 83.5562 126.967 80.6356 103.273 93.0114 94.0929 133.235
threshold=11.500000000000002 10.500000000000002 5.5000000000000009 98.500000000000014 26.500000000000004 -0.048201425001025193 -0.018048568628728386 92.500000000000014 73.500000000000014 41.500000000000007 54.500000000000007 24.500000000000004 -0.030691026709973809 41.500000000000007
decision_type=10 10 8 10 10 2 2 10 10 10 10 10 2 10
left_child=1 2 -1 -4 -3 7 9 8 -6 10 11 12 13 -7
right_child=-2 4 3 -5 5 6 -8 -9 -10 -11 -12 -13 -14 -15
leaf_value=-0.023777787222943745 0.00062302974354972048 0.0010242028823048148 0.0033270695272568278 -0.016027072226794999 -0.0040101584432685206 0.016712194725725389 -0.00072677107647016893 -0.019948551916296565 0.019670327921616132 -0.0031542638551033614 -0.034647208286804274 -0.0053203458551053682 -0.029121186056601994 -0.01911496508076891
leaf_weight=184.8898451924324 34620.627409081906 2079.0400824919343 4772.5217986889184 289.90897534787655 695.14773278683424 119.0774964094162 745.99886052310467 159.3897864818573 276.8839719966054 603.26774524897337 223.80017328262329 770.42907130718231 453.32132951915264 337.59305398911238
leaf_count=885 158698 8747 24371 1649 3148 500 3155 720 1347 2534 916 3197 1877 1407
internal_value=-6.67474e-05 -0.00210464 0.00123087 0.00218931 -0.00481008 -0.00757235 -0.0100249 -0.000493887 0.00286686 -0.0127773 -0.0157935 -0.0130924 -0.0195431 -0.00961505
internal_weight=46331.9 11711.3 5247.32 5062.43 6463.95 4384.91 3253.49 1131.42 972.032 2507.49 1904.22 1680.42 909.992 456.671
internal_count=213151 54453 26905 26020 27548 18801 13586 5215 4495 10431 7897 6981 3784 1907
is_linear=0
shrinkage=0.03


Tree=143
num_leaves=15
num_cat=0
split_feature=209 248 242 68 137 224 232 222 139 144 238 243 106 230
split_gain=91.6037 64.0979 71.655 71.9314 116.609 193.034 117.706 116.737 106.534 86.7729 84.1799 81.1204 72.256 69.6216
threshold=47.500000000000007 0.21717172116041186 0.041706146672368057 17.500000000000004 89.500000000000014 5.5000000000000009 89.500000000000014 40.500000000000007 39.500000000000007 88.500000000000014 -0.28074955940246576 -0.008629474323242901 90.500000000000014 3.5000000000000004
decision_type=10 2 8 10 10 10 10 10 8 10 10 2 10 8
left_child=1 -1 3 4 7 6 -6 10 -5 -7 -3 -10 13 -12
right_child=-2 2 -4 8 5 9 -8 -9 11 -11 12 -13 -14 -15
leaf_value=-0.0018147525765171467 -0.0033214249967337397 0.015537150297676845 0.0056669215385844523 0.004789670711279061 0.021551385878175778 -0.038230586618904099 -0.020031939648406476 0.0075812405819398422 0.0005934367337564558 -0.0050855044873992991 0.0017672069780125471 -0.011690312584137797 -0.031057080734404344 -0.0042088311340249098
leaf_weight=8366.3151024580002 6501.4676027037203 231.38373261317611 2849.2859328240156 6761.0040378645062 153.23844536393881 236.39491235464811 88.605635732412338 1349.9125913083553 11281.466649845243 104.70987752825022 2662.9536672346294 495.51200323551893 68.744158960878849 5107.3828889504075
leaf_count=36700 28584 2141 16361 31017 1090 1068 502 6355 49530 544 13876 2169 343 22683
internal_value=-2.29784e-05 0.000517118 0.00113899 0.000685144 -0.00136421 -0.0142684 0.00612582 -0.000551395 0.00179114 -0.0284906 -0.00191941 6.7123e-05 -0.0024538 -0.00216116
internal_weight=46258.4 39756.9 31390.6 28541.3 10003.3 582.949 241.844 9420.38 18538 341.105 8070.46 11777 7839.08 7770.34
internal_count=212963 184379 147679 131318 48602 3204 1592 45398 82716 1612 39043 51699 36902 36559
is_linear=0
shrinkage=0.03


Tree=144
num_leaves=15
num_cat=0
split_feature=149 242 231 248 238 224 228 77 234 231 228 248 231 59
split_gain=87.1056 74.1142 65.5072 84.3391 64.1237 63.8543 71.0652 57.5929 51.3312 58.135 149.251 102.359 91.4859 131.159
threshold=22.500000000000004 0.013895959593355657 25.500000000000004 0.40909090638160711 -0.23291394114494321 74.500000000000014 13.500000000000002 1.5000000000000002 81.500000000000014 91.500000000000014 11.500000000000002 0.90404042601585399 60.500000000000007 12.500000000000002
decision_type=8 8 10 2 10 8 10 10 10 8 8 2 10 10
left_child=2 -2 3 -1 -3 6 -5 -4 9 12 11 -11 13 -6
right_child=1 4 7 5 8 -7 -8 -9 -10 10 -12 -13 -14 -15
leaf_value=-0.0027739693470900462 -0.0047415765551516807 0.0073602388171707354 -0.018465249066748648 -0.0048155195402476243 0.0070430515407617824 -0.013423005489721054 0.016421359708765376 -0.0035909498529007895 0.0037484731230197632 -0.011102665296727194 0.0025240552778575637 0.02517167945593311 0.0033306792711660228 -0.0014332955893896862
leaf_weight=1460.7622277885675 2251.2584466710687 1305.8381577096879 233.15326824784279 178.18784759193659 1825.4041175097227 94.525995247066021 617.95295598357916 7032.1742488071322 4092.6718348115683 1689.2767932862043 1859.9865788444877 63.785479083657265 7972.8885520361364 15661.985601849854
leaf_count=6299 9746 9881 1144 773 8538 415 2733 32033 19184 8082 9456 354 36965 67724
internal_value=-0.000145634 0.000520108 -0.00268577 0.00166116 0.000865009 0.00888516 0.0116675 -0.00409301 0.000607132 0.000163786 -0.00339196 -0.00964753 0.000669514 -0.000544981
internal_weight=46339.9 36723.1 9616.76 2351.43 34471.8 890.667 796.141 7265.33 33166 29073.3 3613.05 1753.06 25460.3 17487.4
internal_count=213327 169930 43397 10220 160184 3921 3506 33177 150303 131119 17892 8436 113227 76262
is_linear=0
shrinkage=0.03


Tree=145
num_leaves=15
num_cat=0
split_feature=245 230 248 226 231 245 244 134 244 141 222 224 147 230
split_gain=94.5948 122.476 126.853 119.884 223.748 175.015 257.011 206.108 133.507 132.12 128.471 155.988 124.694 118.746
threshold=-0.044067097827792161 80.500000000000014 0.37878787517547613 12.500000000000002 88.500000000000014 -0.094257902354001985 0.033609466627240188 43.500000000000007 0.033123077824711807 83.500000000000014 4.5000000000000009 30.500000000000004 17.500000000000004 8.5000000000000018
decision_type=2 8 2 10 10 2 2 10 2 10 10 10 10 10
left_child=1 2 -1 4 8 6 -6 -7 13 -9 -8 -12 -11 -4
right_child=-2 -3 3 -5 5 7 10 9 -10 12 11 -13 -14 -15
leaf_value=0.0063007513458141285 -0.0020333022261781477 0.0054425857956852874 0.0093329272188750183 -0.0017581984410473684 0.016337881699964384 -0.023403446224703327 0.00031624469464828337 0.012864379100478128 0.030674627378659815 0.015593811889711864 -0.040283486493368444 0.021241537926175998 -0.015633885939434846 -0.0012173391653934945
leaf_weight=2783.2373943179846 13124.74019305408 4724.1410229206085 2882.1380297802389 18059.639560073614 734.58697741851211 630.68467428535223 399.75672905147076 355.41900870203972 194.74331790208817 135.79177526384592 170.71323639154434 39.89035988599062 556.99007923156023 1434.1389361843467
leaf_count=12126 57122 24182 14695 79959 4833 2738 2825 1659 1195 674 1187 292 2596 6804
internal_value=0.000120975 0.000975492 0.000230184 -0.000432154 0.00274425 -0.00356302 0.00448323 -0.00999721 0.00697067 -0.00178597 -0.00981757 -0.0281954 -0.00937817 0.00583275
internal_weight=46226.6 33101.9 28377.7 25594.5 7534.85 3023.83 1344.95 1678.89 4511.02 1048.2 610.36 210.604 692.782 4316.28
internal_count=212887 155765 131583 119457 39498 16804 9137 7667 22694 4929 4304 1479 3270 21499
is_linear=0
shrinkage=0.03


Tree=146
num_leaves=15
num_cat=0
split_feature=233 56 190 194 233 224 51 231 242 85 231 244 195 148
split_gain=71.6003 74.8277 71.1233 90.8335 68.6813 71.0417 89.7734 70.9986 72.2759 59.7868 58.7842 57.8466 55.9383 59.2688
threshold=99.500000000000014 40.500000000000007 73.500000000000014 30.500000000000004 68.500000000000014 4.5000000000000009 2.5000000000000004 29.500000000000004 0.023010413162410263 4.5000000000000009 67.500000000000014 0.10707041621208192 38.500000000000007 89.500000000000014
decision_type=10 10 10 10 10 8 8 10 10 10 10 2 10 10
left_child=2 -2 3 4 5 7 10 -1 -9 -6 -7 -8 13 -5
right_child=1 -3 -4 12 9 6 11 8 -10 -11 -12 -13 -14 -15
leaf_value=0.023597250006476569 0.0099942510513479771 -0.0022981311571740794 0.0029796131039461857 -0.0046067158077986023 0.0093599420685056903 -0.0057413551100753231 -0.00076176424730940945 -0.0035562509120729956 0.0096580493445442318 0.0018119633132114832 -0.022570035212281486 0.015646793114890756 -0.00021909036374568688 0.0017109197518915356
leaf_weight=161.95881355553865 1235.0069737918675 689.22684432566166 5253.6393417194486 9158.4487408772111 1138.8548319973052 951.87300727516413 12004.461507104337 723.31402452290058 749.53190423920751 5354.1448162645102 226.35755374282598 186.538365714252 6867.9413581229746 1559.1951064392924
leaf_count=736 6345 3095 24592 41099 5770 4211 54255 3501 4462 24583 1023 1256 31158 6994
internal_value=-4.78631e-05 0.00560222 -0.00029429 -0.00073503 0.000573036 -0.000542728 -0.0012657 0.00534137 0.00318829 0.00314822 -0.00913716 -0.000498073 -0.00233346 -0.00368689
internal_weight=46260.5 1924.23 44336.3 39082.6 21497 15004 13369.2 1634.8 1472.85 6493 1178.23 12191 17585.6 10717.6
internal_count=213080 9440 203640 179048 99797 69444 60745 8699 7963 30353 5234 55511 79251 48093
is_linear=0
shrinkage=0.03


Tree=147
num_leaves=15
num_cat=0
split_feature=190 228 230 232 137 70 231 249 124 248 228 140 10 120
split_gain=77.2356 75.4696 126.048 67.2694 92.4882 86.3503 158.739 91.2336 83.7144 80.2214 78.0156 77.619 95.1119 90.885
threshold=89.500000000000014 93.500000000000014 62.500000000000007 87.500000000000014 90.500000000000014 9.5000000000000018 89.500000000000014 0.57070705294609081 20.500000000000004 0.95454546809196483 38.500000000000007 24.500000000000004 79.500000000000014 17.500000000000004
decision_type=10 10 8 10 10 8 10 2 10 2 10 8 10 8
left_child=1 3 -3 5 8 6 9 -8 -5 -1 -10 12 -7 -13
right_child=-2 2 -4 4 -6 11 7 -9 10 -11 -12 13 -14 -15
leaf_value=0.0046603079193524126 0.0052666621982261855 -0.032428877891814985 -0.0037102474190735305 -0.0055667128696971421 -0.012841613488402537 -0.0026934132319673789 -0.014867194860593177 0.0048607778727779742 0.0031606702449587703 -0.03165056986046582 0.012462392679885317 0.0042226431547502889 -0.013865553303613908 -0.0011564121344896591
leaf_weight=5833.1978295445442 2405.0186933428049 152.81263092160225 910.16212435811758 788.90929981321096 317.07731663435698 7689.8405732810497 665.44778458029032 300.92943130806088 4552.7634926810861 45.421933136880398 981.05702192336321 3365.2265178486705 744.18413881957531 17395.019603610039
leaf_count=26491 11649 648 4212 3399 1584 33634 3212 1935 22744 210 4409 14509 3120 80921
internal_value=4.38793e-05 -0.000244417 -0.00810258 -4.68478e-05 0.00272562 -0.000558256 0.00247211 -0.00873705 0.00352534 0.00432647 0.00482922 -0.00126937 -0.00369445 -0.000282856
internal_weight=46147.1 43742 1062.97 42679.1 6639.81 36039.3 6845 966.377 6322.73 5878.62 5533.82 29194.3 8434.02 20760.2
internal_count=212677 201028 4860 196168 32136 164032 31848 5147 30552 26701 27153 132184 36754 95430
is_linear=0
shrinkage=0.03


Tree=148
num_leaves=15
num_cat=0
split_feature=245 226 233 101 224 128 224 228 134 120 229 122 230 68
split_gain=95.1604 115.558 86.4853 136.325 104.424 149.625 108.591 172.404 166.914 111.877 99.8042 89.4027 89.8576 84.4793
threshold=-0.11049801111221312 54.500000000000007 55.500000000000007 3.5000000000000004 6.5000000000000009 5.5000000000000009 35.500000000000007 21.500000000000004 95.500000000000014 51.500000000000007 21.500000000000004 19.500000000000004 29.500000000000004 18.500000000000004
decision_type=2 10 10 8 10 10 10 10 10 10 10 10 8 10
left_child=1 -1 3 -2 5 -4 8 11 9 -6 -9 -8 -13 -10
right_child=2 -3 4 -5 6 -7 7 10 13 -11 -12 12 -14 -15
leaf_value=0.0029743040525529881 -0.00918146527511071 0.021148804107783997 0.0040068005407123495 -0.00085596389281301195 0.00086679062612650068 -0.010624925067410843 0.0064279874219997672 -0.013891075661691166 -0.03897143279823323 0.0088343243121993108 0.0023147012084816215 -0.022717786000390434 -0.0041794802277743785 0.003848999349620302
leaf_weight=3145.570077534765 1911.3742473721504 340.62044908106327 1088.3836703449488 22524.857428349555 2602.5640822947025 1466.8892895206809 217.39672453701496 348.58035318553448 105.39991723001003 4060.7149718850851 7440.2012420520186 532.99885602295399 424.86830642819405 62.120915994048119
leaf_count=20026 8151 2292 5393 101218 10949 6624 992 1564 504 18442 32719 2273 1818 296
internal_value=4.66518e-05 0.00480547 -0.000342124 -0.00151066 0.00121396 -0.00440142 0.00212462 -4.76518e-05 0.00497118 0.0057283 0.00157254 -0.0107078 -0.0146231 -0.0237702
internal_weight=46272.5 3486.19 42786.4 24436.2 18350.1 2555.27 15794.8 8964.05 6830.8 6663.28 7788.78 1175.26 957.867 167.521
internal_count=213261 22318 190943 109369 81574 12017 69557 39366 30191 29391 34283 5083 4091 800
is_linear=0
shrinkage=0.03


Tree=149
num_leaves=15
num_cat=0
split_feature=245 77 245 190 228 249 229 4 120 228 243 137 52 139
split_gain=84.672 71.9472 76.5801 78.6473 87.6264 111.63 86.5321 72.7996 88.7677 91.5966 162.046 118.444 103.744 103.04
threshold=-0.20662932842969892 1.5000000000000002 -0.044067097827792161 90.500000000000014 93.500000000000014 0.48989899456501013 88.500000000000014 62.500000000000007 49.500000000000007 4.5000000000000009 -0.026379756629467007 91.500000000000014 38.500000000000007 41.500000000000007
decision_type=2 8 2 10 10 2 8 10 10 10 2 10 8 10
left_child=-1 -2 3 4 6 -6 7 8 -3 10 -10 13 -13 -11
right_child=1 2 -4 -5 5 -7 -8 -9 9 11 -12 12 -14 -15
leaf_value=0.018510682134537191 -0.0064137779969823542 -0.0022428912730359349 -0.001778640762504458 0.008127970186209324 0.00019614846260857327 -0.033507503465458693 0.0082983139074993047 0.0055975524953672078 -0.0040151309555570497 0.004972660144759355 0.02104692147201238 -0.02154098070935757 0.00074094648855342355 -0.0015209774766135403
leaf_weight=212.42064594849944 1532.3753735050559 9695.3152213171124 12818.534575939178 1313.3927667662501 209.70256318151951 142.8082737326622 1325.3812305256724 2295.6963208243251 3870.1119357794523 8911.4234927669168 237.08514198660851 318.59753518551588 438.22414292395115 2913.4775487557054
leaf_count=2554 7259 41261 55682 6614 992 704 7355 11036 19646 42250 1114 1542 2204 12895
internal_value=4.53698e-05 -4.38618e-05 0.000176931 0.000968737 0.000656427 -0.0140055 0.000833288 0.000485535 3.87857e-05 0.00136486 -0.00252084 0.00263431 -0.00879762 0.00337279
internal_weight=46234.5 46022.1 44489.8 31671.2 30357.8 352.511 30005.3 28679.9 26384.2 16688.9 4107.2 12581.7 756.822 11824.9
internal_count=213108 210554 203295 147613 140999 1696 139303 131948 120912 79651 20760 58891 3746 55145
is_linear=0
shrinkage=0.03


Tree=150
num_leaves=15
num_cat=0
split_feature=245 226 226 248 248 222 248 224 158 229 229 101 224 58
split_gain=91.6734 90.3135 101.675 171.439 132.536 97.965 187.883 117.341 115.635 96.1551 94.7747 83.0003 76.5027 76.0906
threshold=-0.11150914430618285 54.500000000000007 6.5000000000000009 0.60101011395454418 0.77272728085517894 2.5000000000000004 0.82323232293128978 19.500000000000004 36.500000000000007 32.500000000000007 5.5000000000000009 5.5000000000000009 11.500000000000002 29.500000000000004
decision_type=2 8 10 2 2 10 2 10 10 10 10 10 10 10
left_child=1 2 4 9 12 6 -5 -8 10 -4 -7 -2 -1 -13
right_child=11 -3 3 5 -6 8 7 -9 -10 -11 -12 13 -14 -15
leaf_value=-0.0049341723388914831 -0.0036318871319570862 0.017878927585779456 0.016812091123912857 -0.036354948195620962 0.02220772921964206 0.014895084708887941 0.025047808375215481 -0.022898538548878761 0.0057961319969294899 -0.030166357168673472 -0.023357747394937029 0.0021288206426559003 0.021858808244353378 -0.00080466636408386841
leaf_weight=452.87310506775975 6172.6447456330061 403.35029530525208 486.95845764130354 227.7085680142045 460.33248261734843 66.179213792085648 97.780377738177776 70.356873966753483 645.35062941163778 33.496462620794773 270.61654981225729 11640.818511806428 110.99041777849197 25097.891539826989
leaf_count=3721 27920 3028 3093 1070 3660 363 714 300 3308 203 1251 52606 799 111132
internal_value=-4.36873e-05 0.00474678 0.00287964 -0.00123706 0.0104485 -0.006775 -0.0191754 0.00482553 -0.00163421 0.0132769 -0.0156284 -0.000416008 0.00062874 0.000125148
internal_weight=46237.3 3325.99 2922.64 1898.45 1024.2 1377.99 395.846 168.137 982.146 520.455 336.796 42911.4 563.864 36738.7
internal_count=213168 21510 18482 10302 8180 7006 2084 1014 4922 3296 1614 191658 4520 163738
is_linear=0
shrinkage=0.03


Tree=151
num_leaves=15
num_cat=0
split_feature=238 60 241 78 64 244 224 226 244 230 121 140 242 224
split_gain=72.4772 96.8659 79.599 76.1438 76.1437 74.6826 75.6378 62.6864 62.6253 75.8653 62.4997 76.1974 61.7661 59.5417
threshold=-0.10940889641642569 72.500000000000014 -1.0000000180025095e-35 10.500000000000002 24.500000000000004 0.10707041621208192 1.5000000000000002 8.5000000000000018 0.022091862745583061 2.5000000000000004 22.500000000000004 88.500000000000014 0.022359840571880344 32.500000000000007
decision_type=10 10 8 10 10 2 10 8 2 8 8 8 10 10
left_child=1 2 4 -3 10 6 7 -2 9 -6 11 -1 -10 -8
right_child=5 3 -4 -5 8 -7 13 -9 12 -11 -12 -13 -14 -15
leaf_value=0.0068142616912986592 0.00062615118324636527 -0.00064484181273053429 0.01627659950328773 0.0069142071103566773 0.011595872951487963 0.017358730052271485 0.0011979978651995447 -0.017256292015289863 -0.010188978264836376 0.0014900794334180522 -0.005999576740059181 -0.021437179694108473 -0.00024882485549193183 -0.0019576523459580212
leaf_weight=705.31015422195196 280.09434824436903 1718.1499132737517 255.85175584256649 3949.6659232005477 732.31616632640362 185.86165048927069 7885.0548365712166 463.56336061656475 720.47842964529991 6781.2966764196754 2927.5610976442695 87.842210002243519 2450.4631221853197 16900.173798702657
leaf_count=3499 1271 9638 1931 20530 3836 1009 33864 2121 3357 30291 14866 432 12458 73215
internal_value=-3.95321e-05 0.00129878 1.03749e-05 0.00462565 -0.00028962 -0.00109763 -0.00123875 -0.010602 0.000997921 0.00248915 -0.00397974 0.00345744 -0.00253229 -0.000953651
internal_weight=46043.7 20328.9 14661.1 5667.82 14405.3 25714.7 25528.9 743.658 10684.6 7513.61 3720.71 793.152 3170.94 24785.2
internal_count=212318 100838 70670 30168 68739 111480 110471 3392 49942 34127 18797 3931 15815 107079
is_linear=0
shrinkage=0.03


Tree=152
num_leaves=15
num_cat=0
split_feature=164 237 239 209 195 194 70 29 140 81 13 229 230 230
split_gain=68.4572 86.7022 78.8087 57.3733 50.0135 51.2612 47.8321 65.3195 86.921 53.3005 52.4386 73.0806 48.4116 60.6744
threshold=50.500000000000007 0.24746993184089663 -0.02475720830261707 79.500000000000014 37.500000000000007 22.500000000000004 27.500000000000004 14.500000000000002 87.500000000000014 63.500000000000007 8.5000000000000018 70.500000000000014 15.500000000000002 20.500000000000004
decision_type=10 2 10 10 10 8 10 8 10 10 10 10 10 10
left_child=2 3 -1 4 5 -2 10 8 -8 -9 11 -4 -12 -14
right_child=1 -3 6 -5 -6 -7 7 9 -10 -11 12 -13 13 -15
leaf_value=0.0037483130076317126 0.0029621208066089987 0.014378812972533116 -0.0041347309379022781 -0.0040709143550491907 0.0033657664982403922 -0.0010044511150260713 -0.0054499949810712621 -0.0032728814841636528 -0.025058692248261613 0.0010545643265536774 0.0066907607753085973 0.017351997797734629 -0.014181398623070834 0.0014094672256514844
leaf_weight=2635.6666441708803 4331.4013780765235 429.18770980834961 2559.3920055702329 1889.8816728144884 7332.4027172140777 9024.2981044836342 1949.6856122873724 7908.3368491157889 218.85715226829052 3780.6440406739712 1503.193507373333 141.03726463764906 237.48916441202164 2424.4128762260079
leaf_count=13578 20360 2633 12556 8306 34209 41166 8811 34515 1022 17205 7279 708 1010 10444
internal_value=1.5204e-05 0.00117646 -0.00112859 0.000919241 0.00137684 0.000283206 -0.00175037 -0.00276426 -0.00753492 -0.00187352 0.000297134 -0.00295265 0.00240615 -2.93863e-05
internal_weight=46365.9 23007.2 23358.7 22578 20688.1 13355.7 20723 13857.5 2168.54 11689 6865.52 2700.43 4165.1 2661.9
internal_count=213802 106674 107128 104041 95735 61526 93550 61553 9833 51720 31997 13264 18733 11454
is_linear=0
shrinkage=0.03


Tree=153
num_leaves=15
num_cat=0
split_feature=57 242 244 228 249 224 249 244 249 144 244 77 249 249
split_gain=82.6683 77.8388 75.205 88.0123 81.8461 75.0446 162.103 197.391 123.001 73.5782 73.014 69.4962 71.3247 63.5751
threshold=70.500000000000014 0.025006541982293132 0.085841022431850447 93.500000000000014 0.89393940567970287 12.500000000000002 0.82323232293128978 0.035613799467682845 0.65151515603065502 89.500000000000014 0.0055125725921243438 10.500000000000002 0.015151515137404205 0.51010099053382885
decision_type=10 8 2 8 2 10 2 2 2 10 2 10 2 2
left_child=2 5 3 4 -1 6 7 8 10 -6 -2 -7 -13 -4
right_child=1 -3 13 -5 9 11 -8 -9 -10 -11 -12 12 -14 -15
leaf_value=-0.00057774724191310238 0.0057804948574980402 0.0045426752732708161 0.021175767339988574 -0.0099359416305233161 -0.00020495834756377449 -0.0026507520168603822 0.019710284298178518 -0.027597707814385936 0.02485605307319529 -0.026751478391502281 -0.0069686841529652049 0.015082870695801033 0.0028958505287769746 0.0022474847086495719
leaf_weight=29732.258224029094 501.80689091980457 5952.7879537343979 235.8268461599946 960.05358178168535 173.39797365665436 1766.5684250742197 237.39492478594184 315.97837179526687 127.26650422811508 195.53397042304277 1940.7259448468685 493.20791201293468 3125.586594030261 463.78570966422558
leaf_count=133218 2295 30518 1525 4968 837 7726 1460 1628 638 929 8954 2093 13718 2741
internal_value=3.49696e-05 0.00191442 -0.000821112 -0.00104141 -0.000754518 7.24472e-05 -0.00362049 -0.00560121 -0.00280006 -0.0146093 -0.00433654 0.00221686 0.00459381 0.00883637
internal_weight=46222.2 14461.3 31760.9 31061.2 30101.2 8508.54 3123.17 2885.78 2569.8 368.932 2442.53 5385.36 3618.79 699.613
internal_count=213248 69030 144218 139952 134984 38512 14975 13515 11887 1766 11249 23537 15811 4266
is_linear=0
shrinkage=0.03


Tree=154
num_leaves=15
num_cat=0
split_feature=245 248 230 230 249 193 245 248 244 230 244 222 140 245
split_gain=75.683 100.193 111.721 135.847 169.017 111.763 110.5 174.702 201.431 120.962 196.479 189.01 148.721 118.249
threshold=-0.044067097827792161 0.37878787517547613 80.500000000000014 78.500000000000014 0.04545454494655133 75.500000000000014 -0.071757920086383806 0.58080807328224193 0.021755583584308628 5.5000000000000009 0.0029686595080420379 13.500000000000002 43.500000000000007 -0.064950689673423753
decision_type=2 2 10 10 2 8 2 2 2 8 2 10 8 2
left_child=1 -1 3 6 -5 -4 7 -3 9 11 12 -9 -11 -8
right_child=-2 2 5 4 -6 -7 13 8 -10 10 -12 -13 -14 -15
leaf_value=0.0053120408894268651 -0.0019675529959824246 0.0087240385006856543 -0.0014636821561352564 -0.033588426302047614 0.0043961902843772582 0.010082793959433352 -0.007067100360347793 0.0038833751054637494 -0.0067981330536636062 -0.021872172306279219 0.0022177704654490755 0.025228826074882478 0.0053006949692002894 -0.00044549666402892422
leaf_weight=3784.7716661095619 13107.303538486362 2508.3478349484503 1252.2411797642708 234.75264990329742 181.56131766736507 1879.404737919569 3417.5066032484174 1925.0406120382249 2915.2557169497013 568.83462135493755 5331.1258105412126 454.78247896581888 259.06633424758911 8322.3586997911334
leaf_count=16988 56981 14142 5824 970 822 9704 14760 10268 15915 2514 24565 2503 1243 35718
internal_value=-3.956e-05 0.000725773 0.000130731 -0.000511995 -0.0173082 0.00547578 -0.000233313 0.00156991 -3.01931e-06 0.00232214 9.90852e-05 0.00805097 -0.0134075 -0.00237744
internal_weight=46142.4 33035.1 29250.3 26118.6 416.314 3131.65 25702.3 13962.5 11454.1 8538.85 6159.03 2379.82 827.901 11739.9
internal_count=212917 155936 138948 123420 1792 15528 121628 71150 57008 41093 28322 12771 3757 50478
is_linear=0
shrinkage=0.03


Tree=155
num_leaves=15
num_cat=0
split_feature=238 226 230 226 230 61 229 229 224 145 145 249 57 189
split_gain=69.0514 78.9066 173.49 120.983 96.4953 149.354 107.027 93.2475 93.1806 101.19 89.1499 88.6728 131.153 89.3154
threshold=-0.097038701176643358 43.500000000000007 28.500000000000004 12.500000000000002 69.500000000000014 47.500000000000007 24.500000000000004 75.500000000000014 14.500000000000002 61.500000000000007 62.500000000000007 0.83333334326744091 63.500000000000007 28.500000000000004
decision_type=10 10 8 10 8 10 10 10 10 10 8 2 10 8
left_child=1 3 8 10 5 7 -6 -4 -3 -10 -1 13 -13 -12
right_child=-2 2 4 -5 6 -7 -8 -9 9 -11 11 12 -14 -15
leaf_value=0.0078303307441612569 -0.0013263343390260065 0.025777451605655942 0.0066528924485018117 -0.0030006543657671572 -0.03073998411465978 -0.0055123755541814159 0.0058187332970444355 -0.023541097261791558 0.018150163304836174 -0.0025698339063052488 -0.0076355371868007567 -0.0088251992687907507 0.023216780550794649 0.0015588322992380911
leaf_weight=1965.5664034858346 21217.908478952944 380.95474778860807 1863.0521008372307 7681.9872928895056 63.672389626502991 2914.2599041834474 3777.9706319198012 87.136249169707298 416.5129621103406 417.7097100764513 1278.350733757019 168.11799035221338 326.16668304055929 3621.3575622290373
leaf_count=9875 91701 1820 8165 35109 269 13054 18388 390 1832 1899 6756 850 2109 20903
internal_value=-6.83989e-05 0.00100092 0.00307628 -0.000369095 0.00158688 -0.00121965 0.00513456 0.00519058 0.013647 0.00786775 0.0023781 0.000380498 0.0123596 -0.000850676
internal_weight=46180.7 24962.8 9921.27 15041.5 8706.09 4864.45 3841.64 1950.19 1215.18 834.223 7359.56 5393.99 494.285 4899.71
internal_count=213120 121419 45817 75602 40266 21609 18657 8555 5551 3731 40493 30618 2959 27659
is_linear=0
shrinkage=0.03


Tree=156
num_leaves=15
num_cat=0
split_feature=245 244 230 245 140 243 230 222 222 246 167 243 244 158
split_gain=82.1734 127.541 230.189 167.693 157.711 137.002 117.688 101.794 113.547 118.443 98.7404 98.5323 118.529 118.256
threshold=-0.075403515249490724 0.0029686595080420379 2.5000000000000004 -0.078810010105371461 54.500000000000007 -0.04506691358983516 25.500000000000004 86.500000000000014 40.500000000000007 0.029661133885383609 17.500000000000004 -0.054462255910038941 0.054979393258690841 30.500000000000004
decision_type=2 2 8 2 10 2 10 10 10 2 10 2 2 8
left_child=1 2 -1 7 5 6 -4 8 10 -10 -3 12 13 -2
right_child=11 3 4 -5 -6 -7 -8 -9 9 -11 -12 -13 -14 -15
leaf_value=0.02513715515126044 0.0033729137547403249 -0.0017656835212374478 -0.019877506910055159 0.013043133807378537 0.0066014886121142256 -0.033383143338778884 0.015297314679532365 -0.018610844102236065 0.022121207722845052 0.0012764907412739248 0.0043535256051156412 -0.00047738016291746393 0.01619618678634719 -0.016403379025503758
leaf_weight=155.33051279932261 368.63201120495796 5147.9974791742861 217.67005666345358 1290.6535008773208 259.02460011839867 354.74340398609638 128.1248022466898 209.07289353758097 484.11428025364876 489.85333372652531 4386.881275691092 31499.115001417696 151.14873571693897 998.06846858561039
leaf_count=927 1626 27413 1083 6143 1269 1502 580 1189 2610 2905 23070 137525 819 4315
internal_value=-4.02369e-05 0.001967 -0.0076958 0.00286976 -0.0132151 -0.0205321 -0.0067808 0.00163367 0.00205374 0.011757 0.0010513 -0.00083842 -0.00827872 -0.0110835
internal_weight=46140.4 13123.5 1114.89 12008.6 959.563 700.538 345.795 10717.9 10508.8 973.968 9534.88 33017 1517.85 1366.7
internal_count=212976 68691 5361 63330 4434 3165 1663 57187 55998 5515 50483 144285 6760 5941
is_linear=0
shrinkage=0.03


Tree=157
num_leaves=15
num_cat=0
split_feature=245 231 230 230 70 231 248 230 245 226 248 245 228 245
split_gain=85.4763 81.4705 216.42 177.365 116.103 132.396 209.016 218.787 104.047 103.873 139.838 119.269 142.219 114.885
threshold=-0.20662932842969892 91.500000000000014 62.500000000000007 18.500000000000004 9.5000000000000018 75.500000000000014 0.59090909361839306 25.500000000000004 -0.09013644233345984 12.500000000000002 0.65151515603065502 -0.064023561775684343 7.5000000000000009 -0.11049801111221312
decision_type=2 10 8 10 8 8 2 10 2 8 2 2 8 2
left_child=-1 4 3 -3 -2 9 -7 -8 -5 -6 13 12 -12 -11
right_child=1 2 -4 8 5 6 7 -9 -10 10 11 -13 -14 -15
leaf_value=0.018732245583339798 0.0037982569454564938 -0.0028441361850784987 0.007167860093375336 0.00070357442639991732 0.003537229566899227 -0.00049745410753113887 0.0017379122406400408 0.020634933158093886 -0.020459705232190602 0.016540668691164721 0.0010777274630567612 0.0054072079682113972 -0.011561513564519734 -0.0011261938619008603
leaf_weight=208.71637420728803 7468.1552556753159 3515.9658755585551 1374.6250761598349 264.22362761199474 3475.3510647192597 4009.9760021194816 1129.1117190122604 1071.5077581852674 980.05547375977039 327.69755217432976 1071.0233137309551 646.70382885634899 3151.9066471680999 17460.227810814977
leaf_count=2565 34447 17873 7236 1258 16217 19315 5844 5372 4117 2001 4650 2708 13595 75828
internal_value=2.2308e-05 -6.67412e-05 -0.0032819 -0.00630819 0.000429406 -0.0003494 0.00358435 0.0109908 -0.0159959 -0.00128528 -0.00202622 -0.00652517 -0.00836096 -0.000791616
internal_weight=46155.2 45946.5 6134.87 4760.24 39811.7 32343.5 6210.6 2200.62 1244.28 26132.9 22657.6 4869.63 4222.93 17787.9
internal_count=213026 210461 30484 23248 179977 145530 30531 11216 5375 114999 98782 20953 18245 77829
is_linear=0
shrinkage=0.03


Tree=158
num_leaves=15
num_cat=0
split_feature=149 190 209 10 140 116 226 96 249 61 242 246 249 222
split_gain=65.0896 64.6523 72.1114 55.3935 78.6824 68.5875 63.2008 61.5866 52.3448 65.5976 51.1383 48.631 83.1439 58.538
threshold=28.500000000000004 90.500000000000014 74.500000000000014 2.5000000000000004 17.500000000000004 35.500000000000007 90.500000000000014 22.500000000000004 0.015151515137404205 36.500000000000007 0.034204933792352683 0.036471085622906692 0.12626262754201892 59.500000000000007
decision_type=10 10 10 8 10 10 10 10 2 8 8 2 2 10
left_child=-1 2 3 -2 5 6 8 -7 9 -5 -6 13 -13 -10
right_child=1 -3 -4 4 10 7 -8 -9 11 -11 -12 12 -14 -15
leaf_value=-0.0018716519511664943 0.0046000050577004719 0.0063633552399651183 -0.004269104101506732 0.0086385130978023413 0.00074947958394106764 -0.016728592420490206 0.017115561078165236 -0.0034801393986067688 -0.0058619735578373982 -0.0039463985533568025 0.0051555159508696463 0.030260207887433884 -3.0456475821980461e-05 0.0086733584862310475
leaf_weight=12723.337767548859 3055.5579454191029 1681.474984228611 2773.1195133402944 902.62545764446259 15152.510741535574 482.07682381570339 161.53331636637449 901.63545079529285 3228.5244265943766 622.35265677422285 2801.6817005872726 76.641045317053795 1389.2171782888472 261.41541219502687
leaf_count=58548 16154 8293 12120 4068 67533 2054 702 3998 14495 2647 14398 374 6910 1139
internal_value=-4.58698e-05 0.000648115 0.000344093 0.000786003 0.000335838 -0.0021318 -0.000860874 -0.00818273 -0.00133462 0.00351029 0.00143951 -0.00282954 0.00174757 -0.00475153
internal_weight=46213.7 33490.4 31808.9 29035.8 25980.2 8026.02 6642.31 1383.71 6480.78 1524.98 17954.2 4955.8 1465.86 3489.94
internal_count=213433 154885 146592 134472 118318 36387 30335 6052 29633 6715 81931 22918 7284 15634
is_linear=0
shrinkage=0.03


Tree=159
num_leaves=15
num_cat=0
split_feature=245 248 244 146 244 230 245 228 245 93 230 243 47 243
split_gain=67.2905 182.357 174.877 148.529 182.44 171.545 160.471 143.752 141.03 135.223 134.53 115.128 112.048 109.265
threshold=-0.075403515249490724 0.58080807328224193 0.02421572990715504 71.500000000000014 0.0029686595080420379 1.0000000180025095e-35 -0.085580728948116289 26.500000000000004 -0.097591508179903017 38.500000000000007 47.500000000000007 -0.054462255910038941 28.500000000000004 -0.055916944518685334
decision_type=2 2 2 10 2 10 2 10 2 8 10 2 8 2
left_child=1 -1 3 4 5 -3 7 8 -6 10 -4 13 -10 -2
right_child=11 2 9 -5 6 -7 -8 -9 12 -11 -12 -13 -14 -15
leaf_value=0.0096270761414039858 -0.0054686751156320899 0.030922936690873051 -0.019216716802156707 0.0073942072250644071 0.00090725328950398297 -0.019849411265364117 0.0093188639359900859 0.015849384905397512 -0.00097542996271422614 -0.00080895868201918616 0.0093634340372971605 -0.00025268576705250858 -0.021216376004292888 -0.02902931253342388
leaf_weight=2259.8282052725554 1340.2077566981316 57.249646127223969 897.86626339331269 3264.1678110659122 1405.0121839120984 620.94420662522316 1504.1354838386178 317.88591443002224 395.50325594842434 1574.2577737569809 170.86078608036041 31414.061531834304 646.16693855822086 195.6794378310442
leaf_count=13290 5982 307 4776 17875 6961 2754 6677 1618 1753 8991 1051 137163 2772 853
internal_value=7.73022e-05 0.001894 0.000276581 0.00243753 -0.000841404 -0.0151764 0.00146623 -0.00282439 -0.00530522 -0.00642082 -0.0146031 -0.000646087 -0.0136136 -0.00863878
internal_weight=46063.8 13113.9 10854.1 8211.07 4946.9 678.194 4268.7 2764.57 2446.68 2642.98 1068.73 32949.9 1041.67 1535.89
internal_count=212823 68825 55535 40717 22842 3061 19781 13104 11486 14818 5827 143998 4525 6835
is_linear=0
shrinkage=0.03


Tree=160
num_leaves=15
num_cat=0
split_feature=184 138 178 231 134 120 231 246 80 149 231 248 244 246
split_gain=70.8686 71.6139 92.5242 62.9228 73.8067 61.8489 80.7003 72.9025 101.886 69.197 78.954 76.5543 66.9477 110.378
threshold=77.500000000000014 89.500000000000014 inf 99.500000000000014 52.500000000000007 98.500000000000014 92.500000000000014 0.0210980698466301 82.500000000000014 28.500000000000004 25.500000000000004 0.40909090638160711 0.032252604141831405 0.12327165156602861
decision_type=8 8 8 10 8 10 8 2 10 10 10 2 2 2
left_child=1 2 5 -2 -5 9 7 -7 -9 10 11 -1 -8 -14
right_child=3 -3 -4 4 -6 6 12 8 -10 -11 -12 -13 13 -15
leaf_value=-0.0032485123945457314 0.0028038287417540102 -0.0065194830376620397 0.012743160084133207 -0.026402723834492752 -0.00051214112610954027 -0.0014947040549043054 0.0040023025444785318 0.012385299128351221 -0.014517787444135564 -0.00014585840835343872 -0.0051394096701092304 0.0081285086577173784 -0.021780108665895401 0.0042451405208091602
leaf_weight=1257.0997370332479 8864.8627076484263 1790.5143982805312 466.64179893583059 133.62269789725542 320.95275978371501 704.99760466814041 579.14304856956005 1445.4788580164313 130.44849036633968 23019.174999080598 5973.7161775380373 908.441874794662 321.30095360055566 258.1870726570487
leaf_count=5288 43511 8514 2558 668 1956 3543 3295 7849 652 101832 26127 3922 1703 1906
internal_value=-9.32204e-05 -0.000684316 -0.00038458 0.00224259 -0.00852719 -0.000565272 0.00324664 0.00651214 0.0100809 -0.000986973 -0.00336269 0.00153956 -0.00318266 -0.0103094
internal_weight=46174.6 36855.1 35064.6 9319.44 454.575 34598 3439.56 2280.92 1575.93 31158.4 8139.26 2165.54 1158.63 579.488
internal_count=213324 167189 158675 46135 2624 156117 18948 12044 8501 137169 35337 9210 6904 3609
is_linear=0
shrinkage=0.03


Tree=161
num_leaves=15
num_cat=0
split_feature=66 242 224 222 231 76 193 148 231 137 224 147 248 249
split_gain=62.4065 85.3693 100.935 96.1976 82.1162 82.0581 97.1861 116.934 115.159 96.8691 78.9551 72.9431 68.6205 66.4353
threshold=15.500000000000002 0.021313942037522796 82.500000000000014 87.500000000000014 55.500000000000007 86.500000000000014 72.500000000000014 12.500000000000002 26.500000000000004 79.500000000000014 5.5000000000000009 59.500000000000007 0.28787878155708319 0.58080807328224193
decision_type=10 8 10 10 10 10 10 10 10 10 10 10 2 2
left_child=-1 2 11 4 -4 6 7 8 -3 -10 -11 -2 -6 -14
right_child=1 5 3 -5 12 -7 -8 -9 9 10 -12 -13 13 -15
leaf_value=-0.0021399918476622433 -0.00037941886595243597 0.0090248021385341149 0.00030290332260149487 -0.0056443824004451092 0.0017404565787726364 0.0058355734415603327 0.0050121121560863123 0.00086657700345744396 -0.0066804009378246378 0.0040224239036513749 -0.032605506560049589 -0.0050776859162474045 0.024269636095887538 -0.013914309667066242
leaf_weight=8710.7296334691346 8829.6617602147162 312.10469713062048 488.1898809671402 482.42637150734663 222.47234895825386 3840.2408570311964 4235.8023592680693 12605.996188439429 1157.4239227175713 63.832307498902082 251.92733529210091 4475.9954268932343 521.55108590424061 38.109193116426468
leaf_count=39036 38654 1400 2050 2265 959 21015 20079 58852 5571 359 1128 19331 2702 232
internal_value=0.000146148 0.000677251 -0.00107013 0.00567705 0.00998706 0.00184837 0.00102366 -0.000152937 -0.00731649 -0.010816 -0.0253048 -0.00196253 0.0159516 0.0214709
internal_weight=46236.5 37525.7 15058.4 1752.75 1270.32 22467.3 18627.1 14391.3 1785.29 1473.18 315.76 13305.7 782.133 559.66
internal_count=213633 174597 66193 8208 5943 108404 87389 67310 8458 7058 1487 57985 3893 2934
is_linear=0
shrinkage=0.03


Tree=162
num_leaves=15
num_cat=0
split_feature=230 229 230 231 116 47 231 229 126 233 134 224 228 226
split_gain=73.2471 126.111 145.385 121.322 101.326 113.041 92.4181 124.515 209.239 108.449 102.079 154.76 153.746 129.903
threshold=80.500000000000014 81.500000000000014 66.500000000000014 65.500000000000014 24.500000000000004 67.500000000000014 91.500000000000014 5.5000000000000009 43.500000000000007 53.500000000000007 39.500000000000007 7.5000000000000009 1.0000000180025095e-35 14.500000000000002
decision_type=8 10 10 10 8 8 10 10 10 10 10 10 10 10
left_child=1 6 -3 -4 -2 -6 7 8 -1 -9 11 12 -8 -13
right_child=4 2 3 -5 5 -7 10 9 -10 -11 -12 13 -14 -15
leaf_value=-0.0048558483208912904 0.010411576065312581 -0.023853730871086304 -0.010065874619242732 0.021291084239295231 -0.0053149712487461417 0.003329625202270637 0.0088997296340883152 -0.0021371658511517358 0.0095890558718019613 0.0016575992983196386 -0.0006777197573180695 0.011387783831761561 -0.024456137752419133 -0.0099891831563526101
leaf_weight=1296.5913744978607 1248.5213329792023 433.74766211211681 342.84431336820126 152.05008859932423 1799.5567744225264 5490.3094353303313 144.68665721267462 14668.641045816243 2921.6462028883398 12583.137144908309 3159.1382868476212 408.08815681934357 715.76495127379894 649.68648988753557
leaf_count=5851 6280 1827 1471 762 7847 27394 934 64071 15707 55510 16722 2141 3377 2784
internal_value=4.42059e-05 -0.00052726 -0.0113851 -0.000200962 0.00255012 0.00119129 -0.000248332 0.00035803 0.00514803 -0.000385019 -0.00399994 -0.00943944 -0.0188095 -0.00171256
internal_weight=46014.4 37476 928.642 494.894 8538.39 7289.87 36547.4 31470 4218.24 27251.8 5077.36 1918.23 860.452 1057.77
internal_count=212678 171157 4060 2233 41521 35241 167097 141139 21558 119581 25958 9236 4311 4925
is_linear=0
shrinkage=0.03


Tree=163
num_leaves=15
num_cat=0
split_feature=242 76 244 68 137 224 245 242 120 141 224 228 47 59
split_gain=71.3414 75.4315 67.6621 63.4346 161.782 162.011 101.181 97.9068 90.0207 86.791 99.1706 144.428 129.313 122.268
threshold=0.010344742331653835 96.500000000000014 0.054979393258690841 17.500000000000004 90.500000000000014 5.5000000000000009 -0.044067097827792161 0.029320130124688152 17.500000000000004 80.500000000000014 37.500000000000007 27.500000000000004 33.500000000000007 49.500000000000007
decision_type=8 10 2 8 10 10 2 8 8 10 10 10 8 10
left_child=-1 3 -3 4 7 -6 9 -2 -8 10 12 -12 -5 -13
right_child=1 2 -4 6 5 -7 8 -9 -10 -11 11 13 -14 -15
leaf_value=-0.012646907992226815 -0.0029206663432096323 0.0031932220827495146 0.017963184485120312 0.010135488351588604 0.0048925419656364278 -0.029460217517232767 0.003690458460483693 0.0035706749080651481 -0.0032585566074301467 0.0048691627857245451 -0.0088126152011110612 -0.0063976934562467351 0.00070311811879362118 0.0030299933659691065
leaf_weight=390.40644463151693 8504.7362118884921 2353.022004827857 307.98500829935074 1774.5552128851414 182.2210107408464 357.85615620017052 2077.6261320263147 2762.6537413075566 8555.822996750474 5645.4887062050402 1947.2424371242523 1678.7443991228938 4905.9407355412841 4629.6068970635533
leaf_count=1689 38145 12153 2170 7930 1158 1686 8743 15202 37338 27793 8453 7436 22552 20570
internal_value=-3.88959e-05 7.15951e-05 0.00496355 -0.000232063 -0.0021041 -0.0179914 0.000476505 -0.0013273 -0.00189863 0.00170394 0.000505103 -0.0016931 0.00322006 0.000514993
internal_weight=46073.9 45683.5 2661.01 43022.5 11807.5 540.077 31215 11267.4 10633.4 20581.6 14936.1 8255.59 6680.5 6308.35
internal_count=213018 211329 14323 197006 56191 2844 140815 53347 46081 94734 66941 36459 30482 28006
is_linear=0
shrinkage=0.03


Tree=164
num_leaves=15
num_cat=0
split_feature=245 231 228 244 248 245 248 229 244 245 231 248 244 230
split_gain=74.8291 63.9603 184.791 175.16 126.328 195.151 150.819 120.603 120.903 103.684 216.396 130.997 156.82 119.183
threshold=-0.20662932842969892 91.500000000000014 11.500000000000002 0.0045600938610732564 0.84343436360359203 -0.097591508179903017 0.62121212482452404 5.5000000000000009 0.0019807587377727036 -0.075403515249490724 76.500000000000014 0.55050507187843334 0.02421572990715504 3.5000000000000004
decision_type=2 10 8 2 2 2 2 8 2 2 10 2 2 8
left_child=-1 7 3 -3 6 -6 -5 -2 -9 10 11 -10 13 -13
right_child=1 2 -4 4 5 -7 -8 8 9 -11 -12 12 -14 -15
leaf_value=0.017693266804931537 0.0052108466843890019 0.015473342068210305 0.0025212241932919292 -0.0024666850739594637 0.017976984680645028 -0.023005687047843729 -0.018085736737960809 -0.0088449746039221417 0.011338649509546465 -0.00062713506860893084 0.015420926491677037 0.027110042469179342 -0.012427906641914741 0.00063977652118809886
leaf_weight=206.58225500956178 4278.0787037014961 256.64124441891909 2986.4374649375677 856.99454495310783 306.13420898467302 146.52223592996597 1595.2421625331044 1362.8045669794083 953.6568198800087 26780.221217609942 1128.95676612854 148.91696923971176 847.66481973975897 4190.5722283050418
leaf_count=2589 21818 1359 14754 4289 2082 625 7472 5847 5579 116408 6243 681 4098 19135
internal_value=0.000101014 1.78895e-05 -0.00282688 -0.0078708 -0.00997922 0.00450061 -0.0126595 0.000459135 -0.00011621 0.000235641 0.00341042 0.00118086 -0.000704868 0.00160839
internal_weight=46045.4 45838.8 6147.97 3161.53 2904.89 452.656 2452.24 39690.9 35412.8 34050 7269.77 6140.81 5187.15 4339.49
internal_count=212979 210390 30581 15827 14468 2707 11761 179809 157991 152144 35736 29493 23914 19816
is_linear=0
shrinkage=0.03


Tree=165
num_leaves=15
num_cat=0
split_feature=70 231 226 228 161 226 226 57 226 230 231 226 231 230
split_gain=76.7762 172.089 114.171 131.362 80.8305 80.145 88.5731 80.3584 75.9235 77.3773 65.9768 176.051 131.402 120.872
threshold=9.5000000000000018 89.500000000000014 1.5000000000000002 11.500000000000002 74.500000000000014 80.500000000000014 4.5000000000000009 42.500000000000007 29.500000000000004 30.500000000000004 75.500000000000014 41.500000000000007 81.500000000000014 33.500000000000007
decision_type=8 10 10 10 10 10 8 10 8 8 10 10 10 10
left_child=1 5 4 -4 -3 6 -1 -8 -9 -10 -2 12 13 -12
right_child=10 2 3 -5 -6 -7 7 8 9 -11 11 -13 -14 -15
leaf_value=0.011936811922796534 -0.0014714223021835132 0.011965194404571482 -0.021764389357528766 0.0032912882926009663 -0.012564346508775845 0.014557721117618468 -0.004945195040485649 -0.00074229089689581819 0.013911796429299551 0.003185699482975124 0.0028380560457566422 0.0057999085553557652 -0.0038242518152364537 0.029284442810795598
leaf_weight=918.19139041751623 26490.677188083529 350.69393453374505 586.54588913545012 271.73104305565357 172.39645967260003 617.96258924156427 1197.1042376458645 1939.8041829504073 942.57283644378185 1683.3772050961852 777.50135171413422 4539.0586574822664 5269.5280352048576 185.29034599661827
leaf_count=5210 117860 2162 2965 1285 1192 2810 5217 9015 4259 7434 4037 21831 26485 895
internal_value=-7.45713e-05 0.00246469 -0.00721026 -0.0138852 0.00379688 0.00430308 0.00333424 0.00194529 0.00375878 0.00707395 -0.000666608 0.00131225 -0.00196022 0.00817641
internal_weight=45942.4 8680.38 1381.37 858.277 523.09 7299.01 6681.05 5762.86 4565.75 2625.95 37262.1 10771.4 6232.32 962.792
internal_count=212657 41549 7604 4250 3354 33945 31135 25925 20708 11693 171108 53248 31417 4932
is_linear=0
shrinkage=0.03


Tree=166
num_leaves=15
num_cat=0
split_feature=98 120 249 75 14 233 61 140 52 226 248 243 226 248
split_gain=60.0939 65.5716 92.101 92.6339 101.085 84.7806 84.6186 87.6112 78.0867 74.553 70.1582 66.4711 64.9789 67.3713
threshold=42.500000000000007 98.500000000000014 0.89393940567970287 66.500000000000014 7.5000000000000009 36.500000000000007 52.500000000000007 90.500000000000014 40.500000000000007 12.500000000000002 0.45959596335887914 -0.049659393727779381 12.500000000000002 0.7525252401828767
decision_type=10 10 2 10 10 10 8 8 8 10 2 2 8 2
left_child=1 2 3 6 5 -5 7 9 -4 10 -1 -12 -8 -14
right_child=-2 -3 8 4 -6 -7 12 -9 -10 -11 11 -13 13 -15
leaf_value=-0.0077023520200685371 0.0018934984478819721 0.0032765191931197341 -0.025987534416090769 -0.0094215102057568553 0.003120339934165506 0.0006872889767824958 0.0071331929703625932 -0.022544290268709511 0.0076049981035833623 -0.005965883090337876 -0.0036413384213971837 0.0095629831523904307 -0.00041453699520822986 -0.0074390823980044676
leaf_weight=601.28452810645103 10952.839207045734 3440.1661921143532 224.69207719713449 1212.6831594035029 7848.9873243682086 1914.8288712985814 889.60821449011564 229.11623641848564 79.57401978969574 5184.3501758575439 555.04689595848322 870.89716964960098 10647.609734378755 1379.329792521894
leaf_count=2600 51716 19612 1029 5404 35156 9044 4175 1072 401 22090 2835 3979 47729 6172
internal_value=-4.53243e-05 -0.000651071 -0.00107904 -0.000916661 0.00130397 -0.0032499 -0.00211407 -0.00466016 -0.0172397 -0.00406154 0.000813924 0.00443365 -0.000644892 -0.00122567
internal_weight=46031 35078.2 31638 31333.7 10976.5 3127.51 20357.2 7440.7 304.266 7211.58 2027.23 1425.94 12916.5 12026.9
internal_count=213014 161298 141686 140256 49604 14448 90652 32576 1430 31504 9414 6814 58076 53901
is_linear=0
shrinkage=0.03


Tree=167
num_leaves=15
num_cat=0
split_feature=245 231 174 249 246 77 249 69 243 140 245 68 134 145
split_gain=77.931 67.1395 125.055 108.051 85.6457 97.5728 98.4281 88.3188 78.1658 104.531 82.975 97.1856 103.954 81.8967
threshold=-0.20662932842969892 91.500000000000014 7.5000000000000009 0.82323232293128978 0.056110747158527381 2.5000000000000004 0.91414141654968273 8.5000000000000018 -0.062983479350805269 27.500000000000004 -0.05028554052114486 8.5000000000000018 84.500000000000014 89.500000000000014
decision_type=2 10 8 2 2 8 2 8 2 10 2 10 10 10
left_child=-1 4 3 -3 7 6 -6 -2 -9 -10 11 12 -11 -13
right_child=1 2 -4 -5 5 -7 -8 8 9 10 -12 13 -14 -15
leaf_value=0.018241230974102126 0.0028151148066872631 -0.015327053343241517 -0.00086079909687974 0.011126992794010459 -0.00073431821665633325 0.0053510539884045411 -0.028704119671225228 0.0056132834209663288 -0.0038292101168420959 -0.0025267142661312665 -0.0019834977297186946 0.0017263639001631776 -0.038185545866548598 0.010398579449736739
leaf_weight=201.30702617019415 7229.7654923945665 1006.8097101077437 4981.4680761471391 153.59041933342814 505.14460825175047 4866.8430973663926 136.16046658158302 1545.2981272637844 9381.1358050853014 256.05521682649851 8090.4884387403727 6469.797230437398 94.156893111765385 1146.4034167304635
leaf_count=2565 32676 4996 24668 937 2569 24687 644 7928 40598 1210 34707 28797 438 5765
internal_value=6.42669e-05 -1.94763e-05 -0.00293587 -0.0117604 0.000432094 0.00390032 -0.00702234 -0.000127251 -0.000916363 -0.00131507 0.000155264 0.0023271 -0.0129078 0.00304364
internal_weight=46064.4 45863.1 6141.87 1160.4 39721.2 5508.15 641.305 34213.1 26983.3 25438 16056.9 7966.41 350.212 7616.2
internal_count=213185 210620 30601 5933 180019 27900 3213 152119 119443 111515 70917 36210 1648 34562
is_linear=0
shrinkage=0.03


Tree=168
num_leaves=15
num_cat=0
split_feature=245 228 231 244 118 224 224 231 231 244 231 244 230 244
split_gain=75.9621 95.2111 99.7635 134.468 110.336 101.922 184.831 88.4128 125.403 79.6489 91.2646 77.8311 99.8773 71.6784
threshold=-0.11150914430618285 30.500000000000004 22.500000000000004 0.022393216378986839 27.500000000000004 21.500000000000004 2.5000000000000004 95.500000000000014 99.500000000000014 0.039507569745182998 94.500000000000014 0.032649721950292594 8.5000000000000018 0.10707041621208192
decision_type=2 10 8 2 8 8 10 10 10 2 8 2 8 2
left_child=1 2 -1 4 -4 6 7 -5 -9 -7 -11 -8 -13 -2
right_child=13 -3 3 5 -6 9 11 8 -10 10 -12 12 -14 -15
leaf_value=-0.017285457192325424 -0.00036376054059323264 0.026682004976059253 -0.016261064860222631 0.021641872745001702 0.013076966721448676 0.029817381105921737 -0.029623921706120954 -0.026436936134495319 0.012389856724328125 -0.013236034637212596 0.024889947924388114 -0.018542451226406093 0.019211968771932028 0.012142104574827733
leaf_weight=188.76848944276571 42450.099393837154 155.51394370943308 117.05157007277012 195.95569779723883 1423.3293686322868 125.78506992012262 274.85332436859608 118.91305939853191 169.15449121594429 145.24426776915789 78.853321112692356 191.42131680622697 82.491171650588512 406.5303163304925
leaf_count=943 189689 1271 527 1582 9218 793 1286 867 1662 796 731 1178 602 2355
internal_value=9.42538e-05 0.00449635 0.0033057 0.00468986 0.0107571 -0.00209812 -0.00683502 0.00661689 -0.00398691 0.0116857 0.000669533 -0.018606 -0.00689617 -0.000242327
internal_weight=46124 3267.34 3111.82 2923.05 1540.38 1382.67 1032.79 484.023 288.068 349.883 224.098 548.766 273.912 42856.6
internal_count=213500 21456 20185 19242 9745 9497 7177 4111 2529 2320 1527 3066 1780 192044
is_linear=0
shrinkage=0.03


Tree=169
num_leaves=15
num_cat=0
split_feature=209 171 245 237 57 167 226 249 118 142 148 139 96 245
split_gain=60.9847 75.0668 68.6651 76.1851 61.5632 70.6834 78.115 64.118 64.8207 72.0608 60.3921 56.4151 51.7862 51.1206
threshold=64.500000000000014 23.500000000000004 -0.044067097827792161 0.075847342610359206 60.500000000000007 18.500000000000004 81.500000000000014 0.69191917777061474 97.500000000000014 88.500000000000014 82.500000000000014 83.500000000000014 20.500000000000004 -0.20662932842969892
decision_type=10 10 2 2 8 10 10 2 10 10 8 8 10 2
left_child=2 -2 4 -4 7 6 13 10 9 -9 11 -1 -3 -6
right_child=1 12 3 -5 5 -7 -8 8 -10 -11 -12 -13 -14 -15
leaf_value=3.1451522873633189e-06 -0.0078789012184024183 0.0050864350457210722 -0.0027570595887970845 0.003227078438310041 0.018828646085250558 0.0049437390537183622 0.01321586178229304 -0.0060657259781642173 0.006227541340957583 -0.030713580327810259 0.004297502639910993 -0.0077779996271943224 -0.0030974839692926065 -0.00098713944158702123
leaf_weight=12440.192869283259 1881.534429538995 1052.3087873719633 9599.6730720177293 2382.2492439746857 109.79036912322044 6348.8933794237673 387.56206753849983 303.77685768157244 170.55761937424541 160.34011649340391 2828.7828230448067 889.20779318362474 2007.5066264085472 5362.7386939525604
leaf_count=57291 8237 4622 40962 11290 1491 31219 1813 1369 1039 734 13230 4004 8943 26425
internal_value=-3.5847e-05 -0.00318076 0.000344013 -0.00156559 0.00113322 0.00275331 0.000375799 -4.55763e-05 -0.00932348 -0.0150491 0.00032439 -0.000521379 -0.000275531 -0.000555975
internal_weight=45925.1 4941.35 40983.8 11981.9 29001.8 12209 5860.09 16792.9 634.675 464.117 16158.2 13329.4 3059.82 5472.53
internal_count=212669 21802 190867 52252 138615 60948 29729 77667 3142 2103 74525 61295 13565 27916
is_linear=0
shrinkage=0.03


Tree=170
num_leaves=15
num_cat=0
split_feature=245 231 245 246 231 243 249 228 231 101 231 243 246 243
split_gain=63.1566 106.958 132.068 134.59 101.58 238.907 159.896 135.401 162.637 127.776 120.762 182.097 161.152 199.935
threshold=-0.099417231976985918 22.500000000000004 -0.10350605472922324 0.043478028848767288 26.500000000000004 -0.020430742762982842 0.015151515137404205 4.5000000000000009 31.500000000000004 3.5000000000000004 92.500000000000014 -0.032639296725392335 0.059577051550149925 -0.064760390669107423
decision_type=2 8 2 2 8 2 2 8 8 8 10 2 2 2
left_child=1 2 3 -1 5 6 -2 9 -9 -6 -11 12 -12 -14
right_child=4 -3 -4 -5 7 -7 -8 8 -10 10 11 -13 13 -15
leaf_value=-0.026223429852752979 0.019581991040352104 0.0045286349667439533 0.014948709702803152 0.015348848985487332 -0.017327593482266521 -0.0027759926198745728 0.0042929386105400374 -0.0089701556375031671 -4.4158254562438609e-06 0.0010877124919871073 -0.027310540110075686 0.033171185413213074 0.026005179829386601 -0.02546392804494009
leaf_weight=329.71588104963303 690.52068223059177 4651.1154763549566 141.40713709592819 81.182575091719627 818.59353124350309 5038.716463111341 5181.2870703935623 1955.4572998210788 24759.782251305878 1612.909894131124 484.20492272078991 61.071055382490158 135.54571820795536 117.42360559105873
leaf_count=1599 2886 28932 691 494 3556 21521 22660 8465 111602 7388 2027 278 667 513
internal_value=-6.68614e-05 0.0030427 -0.00932878 -0.0178403 -0.000463547 0.00201348 0.00612116 -0.00136643 -0.000663786 -0.00715843 -0.00364867 -0.0131139 -0.017341 0.00205437
internal_weight=46058.9 5203.42 552.306 410.898 40855.5 10910.5 5871.81 29945 26715.2 3229.75 2411.16 798.245 737.174 252.969
internal_count=213279 31716 2784 2093 181563 47067 25546 134496 120067 14429 10873 3485 3207 1180
is_linear=0
shrinkage=0.03


Tree=171
num_leaves=15
num_cat=0
split_feature=194 245 230 231 47 230 230 245 78 139 231 228 231 142
split_gain=63.5107 93.4395 83.8567 149.307 78.7821 78.238 71.3456 68.1734 66.8885 79.3226 114.594 130.74 79.0038 69.2882
threshold=30.500000000000004 -0.092096060514450059 43.500000000000007 65.500000000000014 inf 55.500000000000007 80.500000000000014 -0.10268675163388251 10.500000000000002 43.500000000000007 91.500000000000014 6.5000000000000009 93.500000000000014 36.500000000000007
decision_type=10 2 10 10 8 10 10 2 8 8 10 10 10 10
left_child=1 2 -1 5 -2 -4 8 -7 13 10 -10 -12 -13 -3
right_child=4 6 3 -5 -6 7 -8 -9 9 -11 11 12 -14 -15
leaf_value=0.0070988415674630399 -0.0012645839011732926 0.0047900168961886877 -0.029550415631048068 0.017674734842534109 0.011242776480581919 0.010173079881203539 0.0047990707645426045 -0.018343058023912468 0.0036963976912092215 -0.0022749825668210251 -0.02029753183360589 -0.010850490705710725 0.0083493122175753044 -0.0075850480854517711
leaf_weight=3524.3674397915602 22028.731999840587 508.60677113384008 167.29988717287779 180.92262507975101 452.83617405593395 144.04981508105993 2765.4039353430271 138.60529024899006 7166.8156839981675 5882.4367636740208 391.40465039014816 309.84998960793018 476.00376786291599 1921.0696945041418
leaf_count=21014 100183 2187 798 1066 2577 776 12666 623 31608 25876 1666 1363 2192 8729
internal_value=0.000132831 0.00122041 0.00529775 -0.00471774 -0.00100777 -0.0139101 0.000345785 -0.00395932 -0.000396024 0.00039075 0.00227052 -0.00636783 0.000737909 -0.00498555
internal_weight=46058.4 23576.8 4155.25 630.878 22481.6 449.955 19421.6 282.655 16656.2 14226.5 8344.07 1177.26 785.854 2429.68
internal_count=213324 110564 24277 3263 102760 2197 86287 1399 73621 62705 36829 5221 3555 10916
is_linear=0
shrinkage=0.03


Tree=172
num_leaves=15
num_cat=0
split_feature=193 245 76 229 37 242 233 106 189 245 229 176 241 38
split_gain=67.2939 118.621 89.9702 76.7 106.721 85.4583 92.7193 89.1263 71.5586 60.3719 57.0948 61.5467 58.0617 66.5407
threshold=72.500000000000014 -0.11150914430618285 83.500000000000014 67.500000000000014 11.500000000000002 0.019972822628915313 17.500000000000004 12.500000000000002 37.500000000000007 -0.049984075129032128 35.500000000000007 57.500000000000007 -1.0000000180025095e-35 47.500000000000007
decision_type=8 2 10 10 10 8 10 8 8 2 8 10 8 10
left_child=2 -2 -1 5 9 6 7 -3 -4 -5 11 -7 13 -12
right_child=1 3 8 4 -6 10 -8 -9 -10 -11 12 -13 -14 -15
leaf_value=-0.0018818352029779538 0.011301193464858575 -0.016074324343753731 -0.0016354766989736559 0.018786271054706913 0.0017363236458421505 0.002072864030631655 -0.00071901869222698535 -0.0012539750277784163 0.0051959360637812224 0.0040867233990350806 -0.0053862659608343898 0.01105685502739135 0.013583658942823424 0.0021688627466052868
leaf_weight=20414.224205829203 1015.3149499669671 848.32849615812302 2340.0315492600203 590.48882784694433 3785.2405419871211 4112.8643670082092 3217.226789727807 638.82544404268265 3340.4573408812284 444.52987989783287 2268.135106548667 815.62623616307974 219.61781974881887 1937.0432526320219
leaf_count=91770 6893 3561 11540 3281 17453 18542 13494 2663 17594 2004 10278 3841 1546 8609
internal_value=4.91543e-05 0.00136313 -0.000952689 0.000822928 0.0040843 -0.00029748 -0.00359137 -0.00975896 0.00238386 0.0125725 0.0013613 0.00357902 -0.00111138 -0.00190924
internal_weight=45988 19893.2 26094.7 18877.9 4820.26 14057.7 4704.38 1487.15 5680.49 1035.02 9353.29 4928.49 4424.8 4205.18
internal_count=213069 92165 120904 85272 22738 62534 19718 6224 29134 5285 42816 22383 20433 18887
is_linear=0
shrinkage=0.03


Tree=173
num_leaves=15
num_cat=0
split_feature=149 238 52 243 243 244 244 238 244 50 228 24 233 189
split_gain=62.0779 70.1919 63.9454 80.7425 101.667 80.6831 114.648 80.5262 70.4874 100.356 69.12 81.3696 67.6295 62.0512
threshold=24.500000000000004 -0.28074955940246576 13.500000000000002 -0.051270980387926095 -0.044571258127689355 0.015179728623479606 0.024016750976443294 -0.16649629175662992 0.015893945470452312 8.5000000000000018 1.5000000000000002 16.500000000000004 36.500000000000007 53.500000000000007
decision_type=10 10 10 2 2 2 2 10 2 8 8 10 10 10
left_child=-1 -2 3 8 -5 10 -7 -4 -3 -10 11 -6 -12 -8
right_child=1 2 7 4 5 6 13 -9 9 -11 12 -13 -14 -15
leaf_value=-0.0019326228183330981 0.012153024133742812 0.0072039370591364445 0.0072227877755291752 -0.012512471334781399 0.021706062200294612 0.0096626694360351234 -0.0083694385290750545 0.00082055170953060223 -0.011251024622646976 0.0044374094531589555 -0.01162362375016748 -0.011476510280240951 -0.0027435195597328983 0.005240915370452408
leaf_weight=10942.912428271025 461.42172327265143 1487.4047766663134 1908.083631247282 922.24675536155701 172.13686930388212 1072.5353201180696 837.21283482015133 22677.808072775602 610.91049383208156 888.20645252615213 1165.2247108891606 96.860181331634521 2275.1117777079344 459.64106570184231
leaf_count=50522 4179 7954 10259 4223 807 4825 3808 100550 3422 4901 4964 431 9908 2283
internal_value=3.87586e-05 0.000654884 0.000497958 -0.00152532 -0.00328577 -0.00186766 0.00245056 0.00132016 0.00259869 -0.00198803 -0.00462516 0.00977463 -0.00577614 -0.00354236
internal_weight=45977.7 35034.8 34573.4 9987.49 7000.97 6078.72 2369.39 24585.9 2986.52 1499.12 3709.33 268.997 3440.34 1296.85
internal_count=213036 162514 158335 47526 31249 27026 10916 110809 16277 8323 16110 1238 14872 6091
is_linear=0
shrinkage=0.03


Tree=174
num_leaves=15
num_cat=0
split_feature=242 76 226 226 229 230 115 249 226 34 147 242 62 52
split_gain=60.1066 60.8148 54.1172 83.7064 106.905 139.662 92.0872 83.307 95.4475 80.4269 78.5139 57.7528 68.4887 73.0257
threshold=0.010344742331653835 94.500000000000014 99.500000000000014 81.500000000000014 60.500000000000007 49.500000000000007 13.500000000000002 0.025252525694668296 97.500000000000014 23.500000000000004 20.500000000000004 0.044834546744823463 99.500000000000014 29.500000000000004
decision_type=8 10 10 10 10 8 10 2 10 10 10 8 8 10
left_child=-1 2 3 11 10 -6 -7 8 -8 -9 -5 12 13 -2
right_child=1 -3 -4 4 5 6 7 9 -10 -11 -12 -13 -14 -15
leaf_value=-0.01155886976366156 -0.0020551978945451245 0.0038167721116523748 -0.0094286447146787085 -0.0021061193794095334 -0.029175407105273828 0.013525878781018163 -0.015194304083359634 0.0058566210866528891 0.021427224603499551 -0.0025565794580251064 0.01503295960048877 0.003766061853142425 -0.0061308967615594963 0.00089849267351437782
leaf_weight=388.79733868688345 15452.773079767823 3706.3040602616966 552.66997069865465 316.89460369199514 123.25825740396976 540.98718410730362 471.73330174386501 2227.0789989233017 64.940906345844269 1875.700954541564 959.90849812328815 2466.8474964387715 2163.3889992795885 14682.070722922683
leaf_count=1683 70526 19762 2624 1398 553 2835 2040 10567 305 8544 4192 14103 10254 63874
internal_value=3.73454e-05 0.00013872 -0.000187472 -6.16945e-05 0.00303828 0.00115394 0.00193038 0.000552098 -0.010452 0.00201343 0.0107958 -0.000649178 -0.000987462 -0.000616302
internal_weight=45993.4 45604.6 41898.3 41345.6 6580.5 5303.7 5180.44 4639.45 536.674 4102.78 1276.8 34765.1 32298.2 30134.8
internal_count=213260 211577 191815 189191 30434 24844 24291 21456 2345 19111 5590 158757 144654 134400
is_linear=0
shrinkage=0.03


Tree=175
num_leaves=15
num_cat=0
split_feature=57 52 61 79 249 29 140 249 111 64 249 232 148 117
split_gain=60.559 58.2422 78.7475 68.4513 71.5199 57.5278 115.911 87.0558 92.389 80.6775 87.3982 80.1953 70.0719 58.2743
threshold=60.500000000000007 8.5000000000000018 38.500000000000007 3.5000000000000004 0.015151515137404205 10.500000000000002 88.500000000000014 0.82323232293128978 12.500000000000002 41.500000000000007 1.0000000180025095e-35 87.500000000000014 52.500000000000007 87.500000000000014
decision_type=10 10 10 8 2 8 10 2 10 8 2 10 10 10
left_child=5 3 -3 -2 -5 6 7 8 -1 10 -7 -12 -8 -11
right_child=1 2 -4 4 -6 9 12 -9 -10 13 11 -13 -14 -15
leaf_value=0.0032570006313691461 0.0053243072237038232 0.0062237595497319905 0.0010391235535560227 0.0058155837704955242 -0.0042299959465675278 0.01850419596921668 -0.028528782382077893 -0.022994889953834585 -0.00528643105728362 -0.0022018726419574717 0.00023265142983151883 0.0093098740642367506 0.0051313413256556381 0.0021325635638883831
leaf_weight=1950.2510894462466 1203.9267454631627 3701.5042268633842 9122.3609855175018 748.1293662711978 4038.2235710471869 295.02054290473461 240.9302396401763 169.79691951721907 2712.0865695513785 12577.599959738553 4490.7767173498869 1078.3949851877987 68.001386567950249 3578.4964907839894
leaf_count=9877 7120 17276 41766 3460 19869 1264 1200 775 12110 55689 19549 4951 358 17855
internal_value=9.13222e-05 0.00139913 0.00253931 -0.0010419 -0.00265097 -0.000814754 -0.00366885 -0.00250716 -0.0017134 -0.000147048 0.00286407 0.00200387 -0.021191 -0.00124109
internal_weight=45975.5 18814.1 12823.9 5990.28 4786.35 27161.4 5141.07 4832.13 4662.34 22020.3 5864.19 5569.17 308.932 16156.1
internal_count=213119 89491 59042 30449 23329 123628 24320 22762 21987 99308 25764 24500 1558 73544
is_linear=0
shrinkage=0.03


Tree=176
num_leaves=15
num_cat=0
split_feature=164 212 237 239 77 249 230 245 172 231 79 244 248 138
split_gain=59.8492 69.2877 58.5185 54.9981 51.6104 50.1647 47.7735 57.533 54.8789 41.9764 82.6572 44.2776 40.7765 39.4449
threshold=41.500000000000007 55.500000000000007 0.2703931480646134 -0.016708857379853722 3.5000000000000004 0.66161617636680614 29.500000000000004 -0.071757920086383806 13.500000000000002 99.500000000000014 64.500000000000014 0.085841022431850447 0.46969696879386907 80.500000000000014
decision_type=10 10 2 10 8 2 8 2 10 10 8 2 2 8
left_child=3 2 13 -1 -5 9 8 -8 -7 11 -11 -6 -9 -2
right_child=1 -3 -4 4 5 6 7 12 -10 10 -12 -13 -14 -15
leaf_value=0.0020189336505702111 0.0017480755981469445 -0.0032585749917626804 0.013128911822884627 -0.0086843720663125467 -0.0020848005426164769 -0.0062900297273581146 -0.019806111909048067 -0.0013258363389465728 0.015239420413496109 -0.025912453153911594 0.0063026256576612979 0.01084365668878377 0.020554098446789352 -0.0021471584914580922
leaf_weight=3721.5056395307183 20342.192014575005 3119.7970996834338 372.86898041889071 974.61532470956445 13088.541801616549 132.33815881982446 115.15715074539185 378.27244274318218 452.22471680119634 171.17357249557972 113.19799331575632 233.04695561900735 85.815918870270252 2635.0729971714318
leaf_count=18513 94647 13871 2397 4565 58171 661 531 1743 2254 814 543 1459 430 12367
internal_value=5.28042e-06 0.000933754 0.00149504 -0.0012571 -0.00203225 -0.00158771 0.00436568 -0.00173824 0.0103416 -0.00209978 -0.0133103 -0.00185067 0.00306826 0.00130062
internal_weight=45935.8 26469.9 23350.1 19465.9 15744.4 14769.8 1163.81 579.246 584.563 13606 284.372 13321.6 464.088 22977.3
internal_count=212966 123282 109411 89684 71171 66606 5619 2704 2915 60987 1357 59630 2173 107014
is_linear=0
shrinkage=0.03


Tree=177
num_leaves=15
num_cat=0
split_feature=70 222 54 239 92 106 252 120 189 246 244 67 248 244
split_gain=61.068 101.216 67.8433 62.79 62.7604 60.9432 86.1197 69.8013 68.4593 58.5023 64.739 56.2525 51.3321 48.4172
threshold=9.5000000000000018 40.500000000000007 82.500000000000014 -0.012970047537237404 70.500000000000014 81.500000000000014 0.080274578183889403 95.500000000000014 61.500000000000007 0.03623712249100209 0.033992469310760505 12.500000000000002 0.67171716690063488 0.11358200013637544
decision_type=8 10 10 10 10 10 2 10 10 2 2 10 2 2
left_child=1 2 11 -2 5 7 12 8 -5 -4 -11 -1 -7 -9
right_child=3 -3 9 4 -6 6 -8 13 -10 10 -12 -13 -14 -15
leaf_value=-0.0043553813305687418 0.00097629777154341259 0.0093266118346099977 0.0014879754615100263 -0.0035534249022643695 0.0072762493056393075 -0.014519552923467811 -0.0023053426682473699 0.003899887454112285 0.00029961866174593727 0.016178967784110768 -0.0014257060241298491 0.0026373175550557194 -0.044157387821111643 -0.022109827454526908
leaf_weight=2580.7586923725903 15411.869670465589 1514.0529154092073 1925.8509300835431 11348.773293521255 696.3385273963213 228.16453363001347 514.97343758121133 2418.273469042033 6537.2572599649429 605.82391429319978 268.41451701149344 1715.9561580941081 66.95148653537035 56.328960042446852
leaf_count=12819 72752 6947 8842 49659 3442 1018 2495 12358 29045 3249 1713 7809 309 362
internal_value=3.61991e-05 0.00231176 0.000804174 -0.000489899 -0.00152325 -0.00181597 -0.00983583 -0.00149222 -0.00214578 0.00442938 0.0108189 -0.00156311 -0.0224702 0.00322123
internal_weight=45889.8 8610.86 7096.8 37278.9 21867.1 21170.7 810.089 20360.6 17886 2800.09 874.238 4296.71 295.116 2474.6
internal_count=212819 41379 34432 171440 98688 95246 3822 91424 78704 13804 4962 20628 1327 12720
is_linear=0
shrinkage=0.03


Tree=178
num_leaves=15
num_cat=0
split_feature=245 101 245 248 226 140 144 243 147 117 228 249 145 226
split_gain=66.6429 60.9218 68.9697 87.6256 85.1195 114.507 94.3291 133.274 87.2965 78.3637 75.2843 115.334 89.5996 133.083
threshold=-0.20662932842969892 2.5000000000000004 -0.044067097827792161 0.37878787517547613 8.5000000000000018 27.500000000000004 4.5000000000000009 -0.035674674436449998 17.500000000000004 90.500000000000014 93.500000000000014 0.48989899456501013 89.500000000000014 61.500000000000007
decision_type=2 8 2 2 8 10 10 2 10 10 10 2 10 10
left_child=-1 -2 3 -3 6 -6 7 -5 -8 -10 12 -12 -7 -14
right_child=1 2 -4 4 5 10 8 -9 9 -11 11 -13 13 -15
leaf_value=0.016985087434528631 -0.0038218422895053739 0.0053440076977331833 -0.0016416143067701137 0.0094396224165526968 -0.003211598413334881 0.00044648614695263101 0.013111022462380507 -0.032763760718804734 0.0059763932568884636 -0.0029096774317735026 0.0039916290955869516 -0.028870840649190335 0.0013725300480796339 0.015736923207203365
leaf_weight=195.67080360278487 3688.2705747932196 3643.5966666042805 12801.839877001941 117.9433543458581 8255.8849504888058 9488.059262432158 913.06350452080369 136.71479097008705 2514.4200254902244 1374.6677924655378 196.8162524625659 173.99274861067533 1520.3455075472593 931.16639395803213
leaf_count=2605 17230 16440 55713 580 36977 43035 4989 595 12526 7733 1026 912 7380 5417
internal_value=-5.36949e-05 -0.000130254 0.00019423 0.000997553 0.000377644 -0.00048021 0.00386064 -0.0135994 0.00481288 0.00283605 0.0013527 -0.0117815 0.00177013 0.00687037
internal_weight=45952.5 45756.8 42068.5 29266.7 25623.1 20566.3 5056.81 254.658 4802.15 3889.09 12310.4 370.809 11939.6 2451.51
internal_count=213158 210553 193323 137610 121170 94747 26423 1175 25248 20259 57770 1938 55832 12797
is_linear=0
shrinkage=0.03


Tree=179
num_leaves=15
num_cat=0
split_feature=209 149 171 80 238 148 228 146 119 248 243 101 228 226
split_gain=61.6678 59.8892 58.2156 63.7577 57.752 56.6465 56.4873 101.804 61.8924 57.5849 50.1762 46.8755 57.3637 136.144
threshold=50.500000000000007 29.500000000000004 19.500000000000004 16.500000000000004 -0.27231599390506739 12.500000000000002 9.5000000000000018 82.500000000000014 97.500000000000014 0.60101011395454418 -0.029527312144637104 5.5000000000000009 3.5000000000000004 39.500000000000007
decision_type=10 10 10 10 10 8 10 10 10 2 2 8 10 8
left_child=1 5 -2 -4 -3 6 10 9 -9 -8 -1 12 13 -6
right_child=2 4 3 -5 11 -7 7 8 -10 -11 -12 -13 -14 -15
leaf_value=-0.0022771160437188996 -0.0067980018907160275 0.01118074250317861 0.005568239773653243 -0.0029064792841706367 -0.010789848495327188 -0.00048654189007482152 -0.0079069871989758383 -0.026341637041728077 0.001295776242244015 0.0095550113366836414 0.021574102638424308 0.0015224940807936382 0.00037506550286351868 0.017946283847088986
leaf_weight=398.01671988889575 2123.8080658465624 499.58267144113779 1072.3581842146814 3042.350608587265 1138.3892999961972 9665.865805182606 640.11357940733433 359.41962570697069 89.730038441717625 220.80819600820541 88.711244374513626 23344.712849825621 3090.795202806592 161.20362012833357
leaf_count=2114 9334 4506 4875 13369 6149 44853 2782 1587 460 996 426 107187 13777 759
internal_value=-6.42301e-06 0.000429525 -0.00277672 -0.000689688 0.00117188 -0.00139847 -0.00627433 -0.00949718 -0.0209123 -0.00337007 0.00241683 0.000987631 -0.00185335 -0.00711555
internal_weight=45935.9 39697.3 6238.52 4114.71 28234.7 11462.7 1796.8 1310.07 449.15 860.922 486.728 27735.1 4390.39 1299.59
internal_count=213174 185596 27578 18244 132378 53218 8365 5825 2047 3778 2540 127872 20685 6908
is_linear=0
shrinkage=0.03


Tree=180
num_leaves=15
num_cat=0
split_feature=242 63 245 140 231 228 46 231 242 78 243 248 139 229
split_gain=66.1377 64.1702 66.0659 69.4318 64.9564 87.3418 79.0297 80.297 72.423 64.0593 62.9351 62.4787 61.5697 56.988
threshold=0.010344742331653835 62.500000000000007 -0.11150914430618285 22.500000000000004 89.500000000000014 11.500000000000002 24.500000000000004 5.5000000000000009 0.023355600424110893 9.5000000000000018 -0.072390038520097719 0.83333334326744091 48.500000000000007 14.500000000000002
decision_type=8 10 2 10 10 10 10 10 10 10 2 2 10 10
left_child=-1 -2 -3 4 6 8 7 -4 -6 11 -9 -5 -11 -12
right_child=1 2 3 9 5 -7 -8 10 -10 12 13 -13 -14 -15
leaf_value=-0.012282701232491632 -0.00077798264746240312 0.0082870384315233241 -0.017642031436722314 -0.0018385321360122114 -0.026143151463717287 0.0042774012393897226 -0.0070238863265251941 -0.015856463735835089 0.00046870820627535419 0.0053021306159410121 0.0096850405974773911 -0.023863901668619285 0.00056678803627360503 0.00014450172622065038
leaf_weight=382.76810902357101 28765.709540393203 1208.0262709781528 158.85419034957886 1097.0070302560925 307.74964431673288 226.04652561992407 1171.3427149355412 129.01656489819288 129.07917656749487 5266.5143613219261 1129.7852497249842 119.91519214212894 4653.0689238831401 1115.037992939353
leaf_count=1661 131596 8323 668 5337 1335 1020 4896 623 651 25049 5240 580 20939 4890
internal_value=-2.49572e-05 8.08903e-05 0.00155886 0.0010296 -0.00217312 -0.0107481 -0.000613732 0.00236686 -0.0184451 0.00228629 0.00377422 -0.00418572 0.00308369 0.00496777
internal_weight=45859.9 45477.2 16711.4 15503.4 4366.91 662.875 3704.04 2532.69 436.829 11136.5 2373.84 1216.92 9919.58 2244.82
internal_count=212808 211147 79551 71228 19323 3006 16317 11421 1986 51905 10753 5917 45988 10130
is_linear=0
shrinkage=0.03


Tree=181
num_leaves=15
num_cat=0
split_feature=243 193 249 231 224 242 226 76 245 222 231 229 242 231
split_gain=67.8518 69.6819 97.4508 92.155 124.837 88.5325 101.931 86.2686 85.3649 82.0393 74.9175 102.2 73.9411 70.2435
threshold=-0.008629474323242901 72.500000000000014 0.085858587175607695 25.500000000000004 19.500000000000004 0.020671191625297073 61.500000000000007 80.500000000000014 -0.10268675163388251 9.5000000000000018 4.5000000000000009 58.500000000000007 0.021313942037522796 7.5000000000000009
decision_type=2 8 2 8 8 8 10 10 2 10 10 8 8 10
left_child=1 7 3 4 -3 6 -4 -1 -5 -8 11 -6 -9 -12
right_child=-2 2 5 8 10 -7 9 12 -10 -11 13 -13 -14 -15
leaf_value=-0.0016905636135725979 -0.0037761246471109057 0.018562812810312447 -0.0054002982121081041 0.011031971153643509 -0.01868333910228577 0.005739913977597386 0.026895490491476479 -0.0010636901603247745 -0.0038043254729143855 0.0030818707039321561 0.015491856150087803 0.021196652559919735 0.0055485384497125454 0.00057338809682117042
leaf_weight=18206.995783049613 3836.607993774116 433.52777618914843 1658.1325462795794 364.81986352428794 294.10501217842102 6729.7670309394598 137.23387426882982 2875.8692692928016 5140.3735749572515 1160.7846245989203 346.94732938706875 62.61056512594223 3216.7941658720374 1395.0813967138529
leaf_count=82037 16886 1867 7165 2116 1223 33918 790 13506 22357 5572 1465 267 17758 5911
internal_value=3.76006e-05 0.000386601 0.0018165 -0.000625381 0.00410104 0.00384135 -0.000485572 -0.000656639 -0.00280293 0.00578595 0.00103988 -0.0112965 0.00243079 0.00361606
internal_weight=45859.7 42023 17723.4 8037.47 2532.27 9685.92 2956.15 24299.7 5505.19 1298.02 2098.74 356.716 6092.66 1742.03
internal_count=212838 195952 82651 35206 10733 47445 13527 113301 24473 6362 8866 1490 31264 7376
is_linear=0
shrinkage=0.03


Tree=182
num_leaves=15
num_cat=0
split_feature=226 230 229 230 70 248 229 226 23 193 10 137 230 34
split_gain=59.5698 56.3201 124.575 102.759 82.8075 82.4944 74.2476 72.9613 92.2294 73.9244 68.3251 116.051 94.6155 91.862
threshold=99.500000000000014 80.500000000000014 78.500000000000014 66.500000000000014 81.500000000000014 0.20707070827484134 87.500000000000014 66.500000000000014 98.500000000000014 52.500000000000007 79.500000000000014 33.500000000000007 65.500000000000014 8.5000000000000018
decision_type=10 8 10 10 8 2 10 10 8 8 10 10 10 10
left_child=1 2 10 5 7 -4 -5 8 -3 -9 13 12 -12 -1
right_child=-2 4 3 6 -6 -7 -8 9 -10 -11 11 -13 -14 -15
leaf_value=-0.0022482846572262558 -0.0089046988294485055 -0.014565962865906395 -0.0051845793797421829 -0.0093265234510160871 -0.0017597772212434989 -0.028607752679414882 0.011332213506588593 -0.00021783863888266426 0.0046196238906047972 0.008748364573226643 -0.0044761408183298006 -0.00020017757334816859 -0.018767545768439909 0.0016719238167326978
leaf_weight=7147.7187079153955 644.99162788689137 359.06473083794117 236.2209418118 401.97694085538387 2684.2993279211223 324.31016871333122 242.69340888410807 1123.0216440111399 571.20661858469248 3130.7709522768855 1461.2903230935335 5315.3691775649786 578.82844481617212 21652.455679293722
leaf_count=34930 3090 1589 1004 1758 13699 1360 1146 5052 3264 15010 6305 24677 2402 97729
internal_value=7.77772e-05 0.000207812 -0.000278194 -0.00972608 0.00251291 -0.0190006 -0.00149501 0.00472443 -0.00286176 0.00638628 3.93412e-05 -0.00253922 -0.00860271 0.000698551
internal_weight=45874.2 45229.2 37360.9 1205.2 7868.36 560.531 644.67 5184.06 930.271 4253.79 36155.7 7355.49 2040.12 28800.2
internal_count=213015 209925 171311 5268 38614 2364 2904 24915 4853 20062 166043 33384 8707 132659
is_linear=0
shrinkage=0.03


Tree=183
num_leaves=15
num_cat=0
split_feature=231 244 224 224 238 246 249 231 120 231 249 222 165 244
split_gain=70.0226 149.065 129.548 124.593 116.008 110.894 104.351 147.922 101.735 99.0608 98.899 172.631 97.6122 91.7449
threshold=91.500000000000014 0.0040010181255638608 16.500000000000004 32.500000000000007 -0.25800333917140955 0.003783074789680541 0.82323232293128978 97.500000000000014 49.500000000000007 71.500000000000014 0.075757574290037169 63.500000000000007 6.5000000000000009 0.035613799467682845
decision_type=10 2 10 8 10 2 2 10 10 8 2 10 10 2
left_child=3 -2 4 8 -3 9 13 -8 -1 -5 -4 -12 -10 -6
right_child=1 2 10 5 6 -7 7 -9 12 -11 11 -13 -14 -15
leaf_value=-0.00081104351912040433 0.017629732462579005 0.0068621430152023422 -0.0088949625642705549 -0.021320962771987109 -0.0083374906186080566 -0.00069969667178406314 -0.018691212754620833 0.024675006300925582 -0.0073655514837454236 0.017775566696724532 0.012234952907993903 -0.0050370646746010382 0.0047768866522286783 -0.020859515131220124
leaf_weight=5812.8067101761699 291.41966731101274 399.01522273570299 704.86935121566057 382.42159373313189 1739.9956347644329 22286.628452222794 110.65157851576805 162.81034141778946 623.10069780051708 60.694342337548733 1086.1940951086581 984.17759221792221 10453.30416476354 762.82354404404759
leaf_count=24963 1480 3497 3114 1606 8156 100328 530 1056 2857 286 5941 4909 50359 3781
internal_value=-1.41912e-05 -0.00296487 -0.00400135 0.000451319 -0.00812973 -0.000998738 -0.0103013 0.00708727 0.00240226 -0.0156917 0.000734375 0.00403973 0.00408779 -0.0122218
internal_weight=45860.9 6241.96 5950.54 39619 3175.3 22729.7 2776.28 273.462 16889.2 443.116 2775.24 2070.37 11076.4 2502.82
internal_count=212863 32464 30984 180399 17020 102220 13523 1586 78179 1892 13964 10850 53216 11937
is_linear=0
shrinkage=0.03


Tree=184
num_leaves=15
num_cat=0
split_feature=245 246 252 233 140 10 222 248 224 143 245 230 228 226
split_gain=72.0041 63.1868 76.365 55.3934 70.3777 87.7745 80.3147 133.313 138.688 100.785 86.5894 78.9465 86.1189 106.956
threshold=-0.20662932842969892 0.2878901362419129 0.19211057573556903 99.500000000000014 30.500000000000004 65.500000000000014 3.5000000000000004 0.76262626051902782 18.500000000000004 39.500000000000007 -0.096670344471931444 4.5000000000000009 5.5000000000000009 30.500000000000004
decision_type=2 2 2 10 10 10 8 2 10 10 2 8 8 8
left_child=-1 2 3 4 5 6 7 -2 10 -10 -9 -8 13 -13
right_child=1 -3 -4 -5 -6 -7 11 8 9 -11 -12 12 -14 -15
leaf_value=0.017903914580957327 -0.013806151638914235 -0.019060215938168548 0.0076001516200080877 0.0049196713659444124 0.00063383764129774033 -0.0064601173497487964 0.0048360944474093665 0.017368631104521706 -0.034272700204359352 0.0015229278543971928 -0.0026806638796833281 -0.018570134418789547 -0.00042039864586346692 0.0065740066557856049
leaf_weight=191.23133056610823 1054.7068534940481 147.32999829947948 1144.9580925442278 1804.2678657360375 24079.073905713856 3060.8256479278207 2430.8431361988187 397.6613938100636 134.05978265404701 137.58735381811857 365.22786999493837 501.60931816697121 10085.751827582717 210.71409348398447
leaf_count=2607 5036 819 6580 8749 110401 13040 11942 2368 567 673 1591 2240 44927 963
internal_value=-1.94415e-06 -8.10231e-05 -1.52594e-05 -0.000213924 -0.000433184 -0.00183072 -0.000902076 -0.00635343 0.00130403 -0.0167321 0.00785968 -3.69947e-05 -0.00113748 -0.0111441
internal_weight=45745.8 45554.6 45407.3 44262.3 42458.1 18379 15318.2 2089.24 1034.54 271.647 762.889 13228.9 10798.1 712.323
internal_count=212503 209896 209077 202497 193748 83347 70307 10235 5199 1240 3959 60072 48130 3203
is_linear=0
shrinkage=0.03


Tree=185
num_leaves=15
num_cat=0
split_feature=66 224 230 122 245 248 248 245 248 230 224 226 246 246
split_gain=57.287 86.866 64.4184 76.7939 132.1 111.692 114.468 134.007 123.784 108.003 106.985 97.9556 106.184 153.967
threshold=14.500000000000002 87.500000000000014 71.500000000000014 37.500000000000007 -0.093721739947795854 0.69191917777061474 0.59090909361839306 -0.074086081236600862 0.46969696879386907 67.500000000000014 72.500000000000014 1.0000000180025095e-35 0.030001994222402576 0.033168479800224311
decision_type=10 10 8 10 2 2 2 2 2 10 10 10 2 2
left_child=1 -1 3 -2 -5 6 7 -6 -9 -8 11 -7 -13 -14
right_child=2 -3 -4 4 5 10 9 8 -10 -11 -12 12 13 -15
leaf_value=-0.0016312731474490492 0.0022299726688470327 -0.014186133251495382 0.0025432269271781572 0.0032893874596272217 0.011264144865826033 -0.019666687311771514 0.0060679421022541199 -0.0015739298151655639 -0.0097895151256639622 -0.030314270534320138 -0.028938430377309518 0.00044252406304965336 -0.033018909044102318 -0.005989834552581277
leaf_weight=7720.4389585368335 7514.7586219236255 520.41979671269655 8931.480853009969 4450.1830165199935 591.69466041773558 399.49342656135559 2232.5266292765737 7766.2083876058459 2087.9252424240112 66.113385587930679 179.71802222728729 1955.3204027637839 216.6730393320322 1208.3450961485505
leaf_count=34824 34086 2232 42141 26047 3045 1751 9913 33888 9060 277 781 8578 915 5395
internal_value=-0.000176629 -0.00244036 0.000320028 -0.000373229 -0.0012986 -0.00252214 -0.00115247 -0.00248658 -0.00332283 0.00489474 -0.00691665 -0.005796 -0.00410357 -0.010301
internal_weight=45841.3 8240.86 37600.4 28669 21154.2 16704 12744.5 10445.8 9854.13 2298.64 3959.55 3779.83 3380.34 1425.02
internal_count=212933 37056 175877 133736 99650 73603 56183 45993 42948 10190 17420 16639 14888 6310
is_linear=0
shrinkage=0.03


Tree=186
num_leaves=15
num_cat=0
split_feature=193 60 231 226 224 243 249 226 226 226 231 249 243 231
split_gain=59.0415 75.6187 87.9006 80.0544 62.3319 90.6213 59.9488 67.3758 108.075 105.759 107.081 106.437 85.3648 78.8189
threshold=74.500000000000014 68.500000000000014 5.5000000000000009 31.500000000000004 97.500000000000014 -0.013551279902458189 0.27777777612209326 98.500000000000014 67.500000000000014 20.500000000000004 69.500000000000014 0.83333334326744091 -0.028702303767204281 84.500000000000014
decision_type=8 10 10 10 10 2 2 10 8 10 10 2 2 10
left_child=1 4 3 -3 -1 -6 -2 8 9 10 -8 13 -10 -11
right_child=6 2 -4 -5 5 -7 7 -9 12 11 -12 -13 -14 -15
leaf_value=-0.0016564342856453021 0.00028298811881542714 -0.031399251611705127 0.0022208587823634844 -0.0023644632817654133 -0.02318949270246248 0.0086188474330657662 0.020239941675384784 -0.0078086618763469756 0.019665937504454695 0.00280962485152191 0.0018203107051403102 -0.019505407683197928 0.0060150070375508211 -0.014749072244672992
leaf_weight=17850.497204456478 13714.318568695337 122.3869154676795 7887.8762784004211 246.28135608881712 262.68164125084877 108.24239036440849 441.34606681391597 396.13839992135763 621.43352134153247 1544.9955465272069 772.37069168686867 275.28777902573347 1229.8845561258495 260.04357269406319
leaf_count=80549 61423 564 38962 1076 1194 472 2295 2104 4028 7014 4188 1305 6112 1187
internal_value=8.43202e-05 -0.000834784 0.00154566 -0.0125778 -0.00191367 -0.0139247 0.00134792 0.00397821 0.00489906 0.00162854 0.00862894 -0.00247741 0.0106783 0.000212702
internal_weight=45733.8 26478 8256.54 368.668 18221.4 370.924 19255.8 5541.5 5145.36 3294.04 1213.72 2080.33 1851.32 1805.04
internal_count=212473 122817 40602 1640 82215 1666 89656 28233 26129 15989 6483 9506 10140 8201
is_linear=0
shrinkage=0.03


Tree=187
num_leaves=15
num_cat=0
split_feature=245 77 186 232 108 140 244 231 230 231 245 244 245 224
split_gain=56.1203 59.3502 51.2435 49.6007 82.6529 61.0417 75.6872 77.1289 83.4199 119.232 102.738 102.049 90.7516 90.0557
threshold=-0.20662932842969892 1.5000000000000002 69.500000000000014 87.500000000000014 83.500000000000014 18.500000000000004 0.085841022431850447 5.5000000000000009 10.500000000000002 19.500000000000004 -0.10350605472922324 0.016473784111440185 -0.13242348283529279 6.5000000000000009
decision_type=2 8 10 10 10 10 2 10 10 10 2 2 2 10
left_child=-1 2 -2 5 -5 6 7 -3 -9 10 -10 12 -11 -13
right_child=1 3 -4 4 -6 -7 -8 8 9 11 -12 13 -14 -15
leaf_value=0.016050642704574312 -0.013089785373963927 -0.010451265707817455 -0.0017044700869053703 0.0032582842381882644 -0.012199305964188714 0.00045755350498749857 0.015820979107846665 0.0019017584071716772 -0.025414766584718296 0.022221333384080132 0.007091575214035719 -0.023625188902100414 -0.009659646443639586 0.0017059546620608319
leaf_weight=184.12374099344015 555.79445470124483 993.01241959631443 968.26868527010083 6244.7230492122471 317.92246004194021 26319.693303298205 196.494908683002 3638.2842508368194 84.991931296885014 73.199627831578255 1133.831299290061 126.1710297614336 3259.3758149370551 1734.6076977774501
leaf_count=2557 2508 4881 4763 30038 1552 120268 1403 17749 380 376 4729 545 13617 7582
internal_value=-4.54749e-05 -0.000113903 -0.00591472 8.77624e-05 0.00249203 -0.000332877 -0.00218252 -0.00251688 -0.00172333 -0.00377998 0.00463644 -0.00576033 -0.008895 -0.00012874
internal_weight=45830.5 45646.4 1524.06 44122.3 6562.65 37559.7 11240 11043.5 10050.5 6412.18 1218.82 5193.35 3332.58 1860.78
internal_count=212948 210391 7271 203120 31590 171530 51262 49859 44978 27229 5109 22120 13993 8127
is_linear=0
shrinkage=0.03


Tree=188
num_leaves=15
num_cat=0
split_feature=193 245 76 230 231 228 231 120 193 37 37 231 224 245
split_gain=62.8485 109.575 84.8762 81.1228 94.4131 138.733 97.3477 131.791 94.0063 81.3679 81.2521 104.907 77.4993 70.2068
threshold=71.500000000000014 -0.11150914430618285 78.500000000000014 71.500000000000014 91.500000000000014 19.500000000000004 26.500000000000004 50.500000000000007 97.500000000000014 16.500000000000004 11.500000000000002 50.500000000000007 32.500000000000007 -0.057978546246886246
decision_type=8 2 10 10 10 8 10 8 10 10 8 10 8 2
left_child=2 -2 -1 4 5 6 12 10 -7 -10 11 -8 -3 -5
right_child=1 3 -4 13 -6 8 7 -9 9 -11 -12 -13 -14 -15
leaf_value=-0.0021685900209629108 0.010762149592114332 0.01422174461320321 0.0017038504638816417 0.0085683197307009195 -0.0084448178270075634 -0.0011878612277603036 -0.025517530141335783 0.0055161221535235212 -0.02271609730413577 -0.0040944035594654149 0.00093998853443697796 0.0022731976807808594 -0.0098189417986905437 0.0013961829732437455
leaf_weight=18867.446702878922 996.3669751919806 1057.2348457723856 6968.1887556686997 1740.8430461212993 1270.34196960181 6365.408919736743 328.61514410376549 2395.7481396645308 346.29658099263906 532.30183070152998 550.23168857395649 188.92806087434292 128.98555061221123 4133.5239683389664
leaf_count=84667 6896 4570 35404 8984 5723 28511 1388 11018 1538 2389 2352 813 551 18427
internal_value=-0.000146199 0.0011145 -0.00112389 0.000604213 -0.000704229 0.000128923 0.00416801 0.00161467 -0.00246583 -0.0116071 -0.00710891 -0.0155218 0.0115474 0.00353256
internal_weight=45870.5 20034.8 25835.6 19038.5 13164.1 11893.8 4649.74 3463.52 7244.01 878.598 1067.77 517.543 1186.22 5874.37
internal_count=213231 93160 120071 86264 58853 53130 20692 15571 32438 3927 4553 2201 5121 27411
is_linear=0
shrinkage=0.03


Tree=189
num_leaves=15
num_cat=0
split_feature=226 226 248 246 226 226 19 122 146 243 248 222 248 226
split_gain=66.1535 57.5416 123.084 125.44 108.537 93.2045 62.1216 75.7451 93.5797 60.3952 74.38 133.434 61.2646 161.328
threshold=99.500000000000014 81.500000000000014 0.68181815743446361 0.014038795139640571 98.500000000000014 90.500000000000014 22.500000000000004 47.500000000000007 35.500000000000007 -0.011462657246738671 0.56060606241226207 36.500000000000007 0.69191917777061474 45.500000000000007
decision_type=10 10 2 2 10 10 10 10 10 2 2 8 2 10
left_child=1 9 6 5 -5 -4 -3 8 -8 12 -11 -12 -1 -14
right_child=-2 2 3 4 -6 -7 7 -9 -10 10 11 -13 13 -15
leaf_value=0.00091874287204406799 -0.0094644222188979242 0.0069484257758915553 -0.015981194981052421 0.027395065378562362 -0.0086577868224756004 0.015589794844014522 -0.00072770831777021485 0.0014666876489866901 -0.019644994898494465 -0.002299081967800513 -0.033621492820249184 -0.00089257071755493851 -0.0039782908753981123 0.005099909490320173
leaf_weight=23682.039527844638 649.97156301885843 1275.9138118326664 176.43305053561926 460.96268884092569 84.529893673956394 143.5152702704072 632.03240795433521 3776.6772844642401 365.73848406970501 4175.5091672167182 187.7545812278986 260.16648709774017 7638.4644032269716 2279.7859963402152
leaf_count=109246 3109 5849 798 2621 553 747 2661 17566 1582 18221 794 1207 37485 10343
internal_value=-3.50311e-05 0.00010281 0.00261888 0.0131334 0.021753 -0.00177649 0.0010957 -0.000479621 -0.00778807 -0.000352987 -0.00356383 -0.0150461 8.97576e-05 -0.00188856
internal_weight=45789.5 45139.5 6915.8 865.441 545.493 319.948 6050.36 4774.45 997.771 38223.7 4623.43 447.921 33600.3 9918.25
internal_count=212782 209673 32377 4719 3174 1545 27658 21809 4243 177296 20222 2001 157074 47828
is_linear=0
shrinkage=0.03


Tree=190
num_leaves=15
num_cat=0
split_feature=194 29 226 249 140 243 245 242 117 248 230 121 178 238
split_gain=64.0539 96.3617 85.3041 73.4965 73.9527 107.654 106.267 111.935 72.3647 62.8022 58.9747 57.6412 49.6295 78.5828
threshold=30.500000000000004 99.500000000000014 2.5000000000000004 0.82323232293128978 90.500000000000014 -0.046548811718821519 -0.099417231976985918 0.022686701267957691 97.500000000000014 0.84343436360359203 7.5000000000000009 41.500000000000007 11.500000000000002 -0.074958857148885713
decision_type=10 8 8 2 10 2 2 10 10 2 8 10 10 10
left_child=2 12 3 4 5 6 9 -8 -7 10 -1 -6 13 -2
right_child=1 -3 -4 -5 11 8 7 -9 -10 -11 -12 -13 -14 -15
leaf_value=0.0075602070757917273 -0.0026107146029408935 0.010343394468345606 0.00043095686781193394 0.026037557709215488 -0.033636294773791132 0.015997488430046877 -0.019134950652881448 0.00668068018231036 -0.011084804325129689 0.027926696848554866 -0.03286949991631119 0.0029482314605665328 -0.0007813853328499027 -0.013356112805345722
leaf_weight=301.73285757005215 4056.2034773938358 621.91725359857082 21143.496182303876 151.12680301442742 66.519775979220867 910.48610370606184 351.97727101296186 252.64921402931213 91.27580289542675 124.26161937043071 26.335184562951326 75.558178462088108 16995.902394186705 713.31870183348656
leaf_count=2419 20284 3460 97372 1005 287 4491 1543 1289 475 1124 171 471 75794 3038
internal_value=-5.87323e-05 -0.00120677 0.00103521 0.00644254 0.00498528 0.0064499 -0.000243508 -0.00841445 0.0134447 0.0106243 0.0034385 -0.0152658 -0.0015414 -0.00424235
internal_weight=45882.8 22387.3 23495.4 2351.92 2200.8 2058.72 1056.96 604.626 1001.76 452.33 328.068 142.078 21765.4 4769.52
internal_count=213223 102576 110647 13275 12270 11512 6546 2832 4966 3714 2590 758 99116 23322
is_linear=0
shrinkage=0.03


Tree=191
num_leaves=15
num_cat=0
split_feature=151 231 224 246 120 134 230 230 245 231 222 229 245 229
split_gain=56.0046 55.2278 128.649 127.631 119.098 120.679 119.093 162.779 108.222 194.673 118.209 110.583 99.3949 97.6628
threshold=3.5000000000000004 91.500000000000014 32.500000000000007 0.011282157152891161 52.500000000000007 90.500000000000014 64.500000000000014 18.500000000000004 -0.071757920086383806 79.500000000000014 12.500000000000002 73.500000000000014 -0.073709525167942033 74.500000000000014
decision_type=10 10 10 2 8 10 10 10 2 10 10 8 2 8
left_child=-1 2 3 -2 -5 -6 7 -3 9 13 11 -10 -11 -4
right_child=1 6 8 4 5 -7 -8 -9 10 12 -12 -13 -14 -15
leaf_value=-0.0033176726474923421 0.0093591205601221503 -0.0012660920839801409 0.0032198914528196554 -0.0022123092920194628 0.0047294490266064446 -0.0093753925372578456 0.006053459015164621 -0.014255394666244261 -0.014160439001653253 0.026624562633755514 -0.0011407828055320676 0.022409869728826876 -0.0060264014474038187 -0.01136587640089326
leaf_weight=4069.751712679863 2305.7754997387528 3449.6147933118045 2742.1825745068491 4538.7967402040958 8089.1549444533885 576.21614398434758 1195.2476385869086 1151.4204857125878 980.84287229925394 430.8349931910634 15561.774119108915 71.603907883167267 99.602966919541359 476.20189274847507
leaf_count=19541 10399 18808 13275 19501 39364 2950 6431 4997 4123 2587 67526 350 435 2458
internal_value=3.69154e-05 0.000365269 0.000804418 0.00286205 0.00172127 0.0037818 -0.00234931 -0.00454056 -0.000763455 0.00383422 -0.00180255 -0.0114848 0.0204955 0.00103322
internal_weight=45739 41669.3 35873 15509.9 13204.2 8665.37 5796.28 4601.04 20363 3748.82 16614.2 1052.45 530.438 3218.38
internal_count=212745 193204 162968 72214 61815 42314 30236 23805 90754 18755 71999 4473 3022 15733
is_linear=0
shrinkage=0.03


Tree=192
num_leaves=15
num_cat=0
split_feature=240 70 222 144 246 243 248 226 248 12 242 244 226 244
split_gain=55.3878 46.6752 79.4032 109.499 65.2991 62.3605 55.3591 82.6837 53.0236 58.6062 50.2593 48.656 44.7374 68.5602
threshold=0.082956656813621535 9.5000000000000018 39.500000000000007 87.500000000000014 0.03623712249100209 -0.008629474323242901 0.62121212482452404 22.500000000000004 0.4797979891300202 8.5000000000000018 0.012171091046184303 0.035613799467682845 29.500000000000004 0.0019807587377727036
decision_type=8 8 8 10 2 2 2 10 2 10 8 2 8 2
left_child=1 2 3 4 12 10 -4 -8 -7 -10 -3 -6 -1 -14
right_child=-2 5 6 -5 11 8 7 -9 9 -11 -12 -13 13 -15
leaf_value=-0.0025696372084512459 0.010305324892163742 -0.0076608187685540396 0.005373056425527831 -0.0067639125910038851 0.011802074434361664 -0.0033829276985095432 -0.015091158799468072 0.027766581822576641 0.0090013632885993632 -0.025289772689131837 -1.6096763274018896e-06 -0.00072912815411405084 -0.016886449396467797 0.0050587681015979644
leaf_weight=2042.399129729718 454.07790153101087 779.66624526679516 1302.9593364931643 1459.3591847494245 952.54068695753813 3128.2559390738606 42.634813070297241 216.23407322913408 52.376227125525475 188.02961871027946 32734.436778143048 391.0399809665978 127.30295640975237 1970.4445676729083
leaf_count=9833 2605 3421 5861 7690 4866 13679 231 1068 268 824 151459 2290 545 8577
internal_value=-6.23225e-06 -0.000111641 0.00189046 0.000511295 0.0024562 -0.000573699 0.00797926 0.0204093 -0.00445832 -0.0177578 -0.000182024 0.00817651 0.000584589 0.00365321
internal_weight=45841.8 45387.7 8504.91 6943.09 5483.73 36882.8 1561.83 258.869 3368.66 240.406 33514.1 1343.58 4140.15 2097.75
internal_count=213217 210612 40961 33801 26111 169651 7160 1299 14771 1092 154880 7156 18955 9122
is_linear=0
shrinkage=0.03


Tree=193
num_leaves=15
num_cat=0
split_feature=129 245 222 230 228 226 248 230 246 59 26 52 122 145
split_gain=50.0463 68.7713 78.673 126.876 134.659 105.932 144.293 139.119 118.602 109.885 101.246 99.514 99.8807 108.363
threshold=60.500000000000007 -0.044067097827792161 40.500000000000007 14.500000000000002 10.500000000000002 37.500000000000007 0.76262626051902782 30.500000000000004 0.033168479800224311 58.500000000000007 20.500000000000004 35.500000000000007 20.500000000000004 86.500000000000014
decision_type=10 2 8 8 10 8 2 8 2 10 8 10 10 10
left_child=1 2 11 4 -4 6 8 -7 9 -5 -9 -1 -13 -14
right_child=-2 -3 3 5 -6 7 -8 10 -10 -11 -12 12 13 -15
leaf_value=-0.0017526615509946702 0.0036278590324481884 -0.0021951754032876717 -0.0080287777876887016 -0.020540411355984164 0.019822013143920011 0.026993189936496225 -0.03485946386796767 0.010110859425443494 0.0094537876508220126 0.0075926586305921648 -3.9411096619032727e-05 0.0120901828771692 -0.00064312328245983916 0.0074669074226092098
leaf_weight=15184.47640934214 3324.4915785118937 11282.970160588622 193.77889305353165 374.00634493678808 706.88303983956575 210.29568220674992 131.65129465609789 1181.7396795712411 420.79106121510267 178.83256804943085 3429.6127505600452 825.40896539390087 6482.6844097524881 1912.0253142118454
leaf_count=73318 16177 48563 1058 1616 3590 928 598 5747 2006 800 16651 3701 28532 9890
internal_value=8.87181e-05 -0.000188815 0.000536476 0.00338061 0.0138075 0.00177554 -0.00656264 0.00369655 -0.00242093 -0.0114667 0.00257802 -0.000260276 0.00219675 0.00121075
internal_weight=45839.6 42515.2 31232.2 6827.59 900.662 5926.93 1105.28 4821.65 973.63 552.839 4611.35 24404.6 9220.12 8394.71
internal_count=213175 196998 148435 32994 4648 28346 5020 23326 4422 2416 22398 115441 42123 38422
is_linear=0
shrinkage=0.03


Tree=194
num_leaves=15
num_cat=0
split_feature=141 190 189 75 119 244 10 134 222 224 244 224 248 140
split_gain=52.2477 52.8474 50.8186 72.4547 70.0332 65.1982 64.2954 84.0122 63.4274 104.232 100.089 140.976 63.8004 59.6691
threshold=1.5000000000000002 86.500000000000014 46.500000000000007 40.500000000000007 97.500000000000014 0.089140471071004881 54.500000000000007 53.500000000000007 3.5000000000000004 31.500000000000004 0.004188523394986988 18.500000000000004 0.7222222387790681 14.500000000000002
decision_type=8 10 8 10 10 2 8 10 10 10 2 10 2 10
left_child=-1 2 4 5 6 -4 7 8 10 -10 11 -2 -12 -8
right_child=1 -3 3 -5 -6 -7 13 -9 9 -11 12 -13 -14 -15
leaf_value=0.011056848708070409 0.025103901979086254 0.003802944297421187 -0.0016878182640361124 0.0022379909003986185 0.0037705488345737524 0.013922083888566937 -0.0084606468770715686 -0.0066455384861233884 0.0049281727505071909 -0.0019122691368401697 -0.017462724105648603 -0.024445063528295872 -0.0028388703474394967 -0.0025422293695904984
leaf_weight=368.02016483992338 177.67881472781301 2852.869016751647 9366.5984826274216 11531.406705353409 2088.3106514029205 237.23103666678071 2022.9794290289283 1682.9678364135325 4141.1727326884866 3869.5345932543278 472.96332561969757 62.355062633752823 615.33636999875307 6301.3700842782855
leaf_count=1600 853 13959 42894 55954 11781 1628 8927 7738 18182 16554 2195 279 2933 27571
internal_value=-5.01948e-05 -0.000142599 -0.000407845 0.000635866 -0.00143679 -0.00128815 -0.00200055 -0.00049656 0.000617456 0.00162566 -0.00542941 0.0117694 -0.00929537 -0.00398895
internal_weight=45790.8 45422.8 42569.9 21135.2 21434.7 9603.83 19346.4 11022 9339.04 8010.71 1328.33 240.034 1088.3 8324.35
internal_count=213048 211448 197489 100476 97013 44522 85232 48734 40996 34736 6260 1132 5128 36498
is_linear=0
shrinkage=0.03


Tree=195
num_leaves=15
num_cat=0
split_feature=233 245 248 228 228 222 231 43 27 120 77 245 248 231
split_gain=55.0564 84.018 80.664 92.4005 112.618 114.333 138.825 87.1364 96.771 82.8493 73.2665 73.1618 72.4677 72.2668
threshold=68.500000000000014 -0.10954166948795317 0.71212121844291698 22.500000000000004 89.500000000000014 12.500000000000002 86.500000000000014 16.500000000000004 1.5000000000000002 16.500000000000004 37.500000000000007 -0.10523993521928786 0.7525252401828767 34.500000000000007
decision_type=10 2 2 8 10 8 10 10 10 8 10 2 2 10
left_child=1 -1 11 7 5 6 -5 8 -4 -9 -2 -3 -11 -7
right_child=10 2 3 4 -6 13 -8 9 -10 12 -12 -13 -14 -15
leaf_value=0.0052054720430122119 0.0036379293933529958 -0.019804925730522421 -0.0006917099109666439 -0.03414554548475765 -0.023472248505678365 -0.0016506459690801137 0.022284971103010927 -0.020929246769918492 -0.016024763494390887 -0.012780090844201022 -0.00054702503558664976 -0.00031601863771790994 0.0036896596705539644 0.013309567961203765
leaf_weight=1967.7073613293469 7148.1936185546219 164.65045380592346 512.80132585763931 123.72334876656532 136.92536130547523 475.44731561839581 47.506891191005707 178.47031387686729 1333.2868090197444 294.40197090804577 7937.8465266600251 23578.891806021333 1134.4030351638794 729.47878310829401
leaf_count=12959 34774 847 2340 515 735 2044 325 752 5832 1270 36374 105581 5063 3489
internal_value=-4.62586e-05 -0.000775906 -0.00118752 -0.00466039 0.00151512 0.00415272 -0.0181235 -0.00736274 -0.0117923 -0.00223361 0.00143702 -0.000459446 0.000230867 0.00744147
internal_weight=45763.7 30677.7 28710 4966.45 1513.08 1376.16 171.23 3453.36 1846.09 1607.28 15086 23743.5 1428.81 1204.93
internal_count=212900 141752 128793 22365 7108 6373 840 15257 8172 7085 71148 106428 6333 5533
is_linear=0
shrinkage=0.03


Tree=196
num_leaves=15
num_cat=0
split_feature=165 57 231 69 249 238 230 228 245 226 245 230 245 222
split_gain=70.256 57.7495 80.6063 98.776 108.808 101.314 89.6047 86.9083 127.594 103.392 67.6001 66.802 95.4349 143.589
threshold=6.5000000000000009 70.500000000000014 88.500000000000014 37.500000000000007 0.82323232293128978 -0.29082198441028589 12.500000000000002 5.5000000000000009 -0.096670344471931444 1.5000000000000002 -0.05634744465351104 3.5000000000000004 -0.096670344471931444 3.5000000000000004
decision_type=8 8 10 8 2 10 10 10 2 8 2 8 2 10
left_child=-1 -2 11 4 5 -4 -6 8 -7 -9 -10 12 -3 -14
right_child=1 2 3 -5 6 7 -8 9 10 -11 -12 -13 13 -15
leaf_value=-0.0046796390214297349 -0.00055341225342294613 0.022286088153233657 0.012804107487955485 0.0058170584304329089 0.023346622839863364 -0.0054863094840992468 -0.016424755171035567 0.019758174952363247 -0.034374225045330845 -0.010368971098988263 0.00095926213977294442 0.0020035540826281784 -0.013639546775192584 0.011223756475002707
leaf_weight=2799.2989281527698 28744.833095774055 351.92889939248562 149.19576993212104 764.62929197028279 162.90684719756246 354.26531044393778 64.044406376779079 123.07226788625121 372.39578877389431 439.14019841700792 55.237398535013199 10228.546288631856 281.03275606781244 735.81830408424139
leaf_count=12676 130624 2720 1492 4041 1172 2139 283 610 1592 2028 244 47809 1332 3644
internal_value=-8.37545e-05 0.000217668 0.00179089 -0.00310365 -0.00707948 -0.0100245 0.0119038 -0.0126343 -0.0190434 -0.00354389 -0.0298926 0.00284138 0.00904227 0.00428624
internal_weight=45626.3 42827 14082.2 2484.89 1720.26 1493.31 226.951 1344.11 781.898 562.212 427.633 11597.3 1368.78 1016.85
internal_count=212406 199730 69106 13601 9560 8105 1455 6613 3975 2638 1836 55505 7696 4976
is_linear=0
shrinkage=0.03


Tree=197
num_leaves=15
num_cat=0
split_feature=231 226 226 70 231 226 135 231 222 226 23 231 231 231
split_gain=54.83 139.786 203.051 131.311 130.006 106.531 103.228 105.139 90.9698 128.736 80.655 76.0951 108.332 76.5252
threshold=26.500000000000004 81.500000000000014 54.500000000000007 28.500000000000004 31.500000000000004 38.500000000000007 21.500000000000004 10.500000000000002 7.5000000000000009 58.500000000000007 81.500000000000014 8.5000000000000018 1.5000000000000002 23.500000000000004
decision_type=8 10 8 10 8 10 10 10 10 10 8 10 10 10
left_child=1 2 5 -3 -2 6 7 -1 -4 -10 -7 12 -11 -13
right_child=4 3 8 -5 -6 10 -8 -9 9 11 -12 13 -14 -15
leaf_value=-0.013929966745231554 -0.007312431868510748 0.024423891627432966 0.020783973305973501 0.0051795373265112812 7.968907637082354e-05 0.011997463955255989 0.0057104319907004264 0.00092839772759205211 -0.017856243874206788 -0.016255881317514591 -0.0026518418552032587 -0.0092205019489265128 0.0081686319108233828 0.0070648277084741709
leaf_weight=631.84185588359833 2285.3782990351319 405.73135112971067 109.80686493963003 1409.8888443112373 31885.670079499483 1764.3131000995636 1994.9511730074883 1286.7553648352623 645.70366242527962 193.20746597647667 413.95171558856964 1621.9194847866893 830.23872724175453 301.18079254776239
leaf_count=2687 10236 1848 493 6423 152149 7429 8675 5705 2904 881 1881 6954 3633 1295
internal_value=0.000188545 0.00196881 0.000547587 0.00959024 -0.000416695 0.00391281 0.000946135 -0.00401169 -0.00498557 -0.0058288 0.00921415 -0.00314164 0.00344506 -0.00664667
internal_weight=45780.5 11609.5 9793.87 1815.62 34171 6091.81 3913.55 1918.6 3702.06 3592.25 2178.26 2946.55 1023.45 1923.1
internal_count=213193 50808 42537 8271 162385 26377 17067 8392 16160 15667 9310 12763 4514 8249
is_linear=0
shrinkage=0.03


Tree=198
num_leaves=15
num_cat=0
split_feature=226 190 10 231 29 80 66 10 120 96 231 119 249 245
split_gain=52.9533 49.8503 50.7766 78.8471 74.5425 86.527 64.4613 105.424 109.358 73.5548 69.1213 66.478 75.9111 111.994
threshold=99.500000000000014 93.500000000000014 2.5000000000000004 77.500000000000014 13.500000000000002 76.500000000000014 75.500000000000014 83.500000000000014 92.500000000000014 47.500000000000007 30.500000000000004 97.500000000000014 0.015151515137404205 -0.064023561775684343
decision_type=10 10 8 10 8 10 10 10 10 10 10 10 2 2
left_child=1 2 3 -1 5 -4 7 11 9 10 -9 12 13 -6
right_child=-2 -3 4 -5 6 -7 -8 8 -10 -11 -12 -13 -14 -15
leaf_value=0.0061927054301486638 -0.0086176145498172395 0.0051304409931740933 -0.0028029250312360137 -0.0018496691049055133 -0.0016236049005213292 -0.023014577305518345 0.0026113083295687717 -0.0040994030469798052 0.0051060592604915732 -0.001199225793448135 -0.013747537629209645 0.0083844983791522987 -0.00081674743823462626 0.010791876889610861
leaf_weight=2570.9759000353515 649.59479001909494 1598.7555749118328 6962.0179818756878 1901.943416710943 1282.5894689410925 186.28029987215996 6815.7411375641823 1219.9048777446151 873.05052634701133 1514.6801733896136 1500.1882899329066 867.10353530198336 16445.074651889503 1319.2071560323238
leaf_count=12374 3097 7942 33264 11069 5653 829 32677 5132 4282 6699 6482 4542 73287 5420
internal_value=-0.000178956 -5.54103e-05 -0.000247323 0.00277649 -0.000594874 -0.00336104 2.70589e-05 -0.000677632 -0.00451809 -0.00650958 -0.00945142 0.000309196 -6.26364e-05 0.00468872
internal_weight=45707.1 45057.5 43458.8 4472.92 38985.8 7148.3 31837.5 25021.8 5107.82 4234.77 2720.09 19914 19046.9 2601.8
internal_count=212749 209652 201710 23443 178267 34093 144174 111497 22595 18313 11614 88902 84360 11073
is_linear=0
shrinkage=0.03


Tree=199
num_leaves=15
num_cat=0
split_feature=233 244 51 230 71 140 42 194 228 248 248 58 135 144
split_gain=44.9793 62.2897 65.1186 64.5824 74.8175 59.5851 105.916 65.0949 56.8986 79.0296 68.8862 57.4136 61.8297 54.5266
threshold=66.500000000000014 0.071225002408027663 3.5000000000000004 10.500000000000002 29.500000000000004 88.500000000000014 28.500000000000004 31.500000000000004 5.5000000000000009 0.81313130259513866 0.87373736500740062 35.500000000000007 46.500000000000007 5.5000000000000009
decision_type=10 2 10 10 8 8 10 10 10 2 2 10 10 10
left_child=1 2 -1 4 -4 7 -7 -2 9 -9 11 -10 -13 -6
right_child=5 -3 3 -5 13 6 -8 8 10 -11 -12 12 -14 -15
leaf_value=-0.0047261100363565631 0.0038078808722008983 0.006366262168264177 0.0073104685928314216 -0.0010214480241718042 -0.01797601832382981 -0.01710160758030645 0.001972169081440486 -0.011516180105243244 0.0050900230182055898 0.0063691772166265407 -0.017105594586154963 -0.0050359709202045513 0.0028483544735642776 0.00055674753972862921
leaf_weight=3465.9689383767545 7578.3515381217003 1100.2493529096246 1960.4143792949617 21160.071919262409 143.34075491130352 415.16856319457293 678.15087258070707 776.77234740182757 2392.8682191967964 302.48480229824781 174.56517749279737 1698.2594641000032 1871.3365276306868 2087.489807754755
leaf_count=16805 36156 6724 9862 94261 655 2200 3249 3833 11171 1672 820 7551 8271 10126
internal_value=7.79862e-05 -0.000607061 -0.00087542 -0.000347307 0.00305052 0.00136752 -0.00536011 0.00186798 -0.000171709 -0.00649098 0.000948348 0.00150468 -0.000906256 -0.000708971
internal_weight=45805.5 29917.5 28817.3 25351.3 4191.24 15888 1093.32 14794.6 7216.29 1079.26 6137.03 5962.46 3569.6 2230.83
internal_count=213356 138433 131709 114904 20643 74923 5449 69474 33318 5505 27813 26993 15822 10781
is_linear=0
shrinkage=0.03


Tree=200
num_leaves=15
num_cat=0
split_feature=165 98 233 245 230 230 224 19 145 111 52 230 143 56
split_gain=50.2234 50.6194 60.5887 84.3471 77.6602 78.2685 96.85 106.119 74.1158 65.8729 64.5236 67.9279 66.395 63.7946
threshold=5.5000000000000009 35.500000000000007 45.500000000000007 -0.11150914430618285 24.500000000000004 14.500000000000002 19.500000000000004 44.500000000000007 9.5000000000000018 15.500000000000002 72.500000000000014 61.500000000000007 83.500000000000014 40.500000000000007
decision_type=8 10 10 2 10 10 10 10 10 10 10 10 10 10
left_child=-1 2 3 -2 5 13 9 8 -8 -7 12 -12 -6 -4
right_child=1 -3 4 -5 10 6 7 -9 -10 -11 11 -13 -14 -15
leaf_value=-0.0042536064448645159 0.0068113838695565551 0.0017075525242808422 0.0024064074067341552 -0.0024807021151118298 0.0031832978147882866 -0.0086442762643646857 0.013122536790398154 0.0096465108070195593 -0.015996805721598173 0.012984076153565411 -0.011491753837219327 0.0017274101754120837 0.013284385802051392 -0.0051080876494734766
leaf_weight=2391.7327146939933 930.53801029548049 13737.486224368215 3906.3761151023209 13567.408995807171 5705.2632858157158 201.04054873809218 77.215814843773842 191.21120676398277 1120.1807568073273 309.90552370995283 504.93999847024679 1084.7544901967049 644.69211114197969 1363.3942028991878
leaf_count=10808 6234 64860 20427 60957 24415 980 319 854 4840 1378 2175 5011 3223 6325
internal_value=-3.07776e-05 0.000203164 -0.000495206 -0.00188001 0.000833962 -0.00142847 -0.00663213 -0.0107205 -0.0140259 0.00447145 0.00287611 -0.00251703 0.00422811 0.000456266
internal_weight=45736.1 43344.4 29606.9 14497.9 15109 7169.32 1899.55 1388.61 1197.4 510.946 7939.65 1589.69 6349.96 5269.77
internal_count=212806 201998 137138 67191 69947 35123 8371 6013 5159 2358 34824 7186 27638 26752
is_linear=0
shrinkage=0.03


Tree=201
num_leaves=15
num_cat=0
split_feature=245 101 244 71 222 239 233 117 226 231 229 245 226 10
split_gain=55.7679 50.3683 74.6557 72.482 71.5227 83.614 69.7073 76.3337 64.6393 92.0306 97.206 76.834 85.1318 62.7811
threshold=-0.20662932842969892 5.5000000000000009 0.020083720795810226 24.500000000000004 3.5000000000000004 0.014291074126958849 51.500000000000007 86.500000000000014 2.5000000000000004 89.500000000000014 16.500000000000004 -0.10694240778684615 18.500000000000004 91.500000000000014
decision_type=2 8 2 8 10 10 10 10 8 10 8 2 8 10
left_child=-1 2 6 8 5 -4 7 -2 -3 13 11 12 -11 -10
right_child=1 3 4 -5 -6 -7 -8 -9 9 10 -12 -13 -14 -15
leaf_value=0.016308223739876351 -0.0072203847217672057 0.0088648821879565558 -0.020751365172647883 -0.00031156137625052772 -0.0029282451937346506 0.0021157316204004945 0.0031116668609928381 0.0049732812402609686 0.0037436098631750308 0.017712525491048601 0.0058816031070155778 -0.016237642606152378 -0.029156200011495173 -0.011585070060742313
leaf_weight=179.04994812607765 1760.0084165968001 1321.4457795396447 531.74184055626392 29781.322812844068 1278.2657138109207 193.61314767226577 2503.4328594915569 617.2869674898684 6165.4714839719236 129.27730649709702 422.22807966172695 657.70043770968914 36.832888409495354 240.67048412561417
leaf_count=2553 7585 7216 2660 136262 6303 1088 11676 3040 28002 843 1903 3072 170 1033
internal_value=4.79555e-05 -1.93946e-05 -0.00238209 0.000400816 -0.0072424 -0.0147019 -0.00037612 -0.00404662 0.00276274 0.00169877 -0.00573088 -0.0116818 0.00625451 0.00315057
internal_weight=45818.3 45639.3 6884.35 38754.9 2003.62 725.355 4880.73 2377.3 8973.63 7652.18 1246.04 823.811 166.11 6406.14
internal_count=213406 210853 32352 178501 10051 3748 22301 10625 42239 35023 5988 4085 1013 29035
is_linear=0
shrinkage=0.03


Tree=202
num_leaves=15
num_cat=0
split_feature=194 224 243 248 222 29 232 245 147 78 224 117 222 66
split_gain=48.2536 75.753 96.1775 146.011 103.619 62.075 58.184 54.2257 62.5342 76.2161 82.5708 59.9469 54.0923 53.5224
threshold=29.500000000000004 6.5000000000000009 -0.040237210690975182 0.76262626051902782 15.500000000000002 inf 87.500000000000014 -0.092096060514450059 8.5000000000000018 9.5000000000000018 3.5000000000000004 47.500000000000007 94.500000000000014 83.500000000000014
decision_type=10 10 2 2 10 8 10 2 8 8 10 10 10 8
left_child=7 2 3 -2 -5 6 -3 -1 9 10 -9 -12 -8 -11
right_child=1 5 -4 4 -6 -7 12 8 -10 13 11 -13 -14 -15
leaf_value=0.0040900471674368338 -0.019367075946925633 -0.0013048586894293401 0.001881802708128814 0.004178624134315999 -0.037991343633361964 0.010739716983691288 0.0044589591723435918 0.011014612758951209 0.00088238721991382109 -0.0032077826859889069 0.00051003933699986042 -0.022927602847243468 -0.019020515761478417 0.01196684847642062
leaf_weight=4004.1048395447433 797.49996794387698 17615.871447719634 814.74556082487106 547.25305118411779 47.889667868614197 426.17707664892077 2385.2969839908183 101.38891877233982 16753.193553112447 1353.4496915712953 126.65860775113106 420.86750353127718 81.941781863570213 237.15006979554892
leaf_count=23858 4281 78919 3833 3086 237 2480 10995 514 74882 5874 539 1852 363 1125
internal_value=-4.65724e-05 -0.00102702 -0.00629464 -0.0110575 0.000213577 -0.000457282 -0.000700117 0.000921958 0.00025225 -0.0044446 -0.0130247 -0.0175939 0.00360553 -0.000884695
internal_weight=45713.5 22716.7 2207.39 1392.64 595.143 20509.3 20083.1 22996.8 18992.7 2239.51 648.915 547.526 2467.24 1590.6
internal_count=212838 104194 11437 7604 3323 92757 90277 108644 84786 9904 2905 2391 11358 6999
is_linear=0
shrinkage=0.03


Tree=203
num_leaves=15
num_cat=0
split_feature=195 140 195 226 193 136 244 226 249 10 52 224 62 230
split_gain=45.5371 69.4264 65.0198 64.1727 62.1677 55.3141 51.8516 56.6701 53.9368 48.9557 52.1298 48.6702 48.0015 47.0017
threshold=37.500000000000007 27.500000000000004 24.500000000000004 4.5000000000000009 52.500000000000007 9.5000000000000018 0.089140471071004881 5.5000000000000009 0.89393940567970287 2.5000000000000004 8.5000000000000018 4.5000000000000009 4.5000000000000009 99.500000000000014
decision_type=10 10 8 8 8 10 2 10 2 10 10 10 8 8
left_child=1 3 -3 5 -4 11 7 -5 9 10 -9 -1 -7 -2
right_child=13 2 4 6 -6 12 -8 8 -10 -11 -12 -13 -14 -15
leaf_value=0.0010179083817904264 0.00097758484142753603 0.0019880495475687776 -0.0059365584443620972 -0.011496883782130825 0.0003729772590748824 -0.011390979807018451 0.012286667103747378 -0.0024550461964207358 -0.024701472503522618 -0.0035544908215763334 0.0095030665147112468 0.014541908359083694 0.0019123325001161708 0.0095617148366009142
leaf_weight=483.01807092502713 15463.4618646577 10740.128540202975 2179.8710216656327 741.97772362828255 3920.4959971494973 333.43177356570959 179.79693013802171 765.56330543383956 91.634935162961483 8453.30498245731 560.11521598696709 468.20907040685415 836.55995270982385 586.43295495584607
leaf_count=3286 71770 50380 10291 4186 17865 1555 1322 3653 410 36195 2517 2531 4005 3295
internal_value=9.53676e-06 -0.000685142 0.000583809 -0.00233914 -0.00188766 0.00242246 -0.00327639 -0.00355138 -0.00294308 -0.00271417 0.00263072 0.00775667 -0.00194334 0.00129699
internal_weight=45804 29754.1 16840.5 12913.6 6100.37 2121.22 10792.4 10612.6 9870.62 9778.98 1325.68 951.227 1169.99 16049.9
internal_count=213261 138196 78536 59660 28156 11377 48283 46961 42775 42365 6170 5817 5560 75065
is_linear=0
shrinkage=0.03


Tree=204
num_leaves=15
num_cat=0
split_feature=149 151 228 224 224 10 249 246 248 230 226 230 248 249
split_gain=50.3424 42.9909 59.1925 47.3857 59.9818 47.35 42.0881 41.2032 135.097 77.1958 83.9538 146.402 73.5055 67.7029
threshold=24.500000000000004 4.5000000000000009 1.5000000000000002 86.500000000000014 14.500000000000002 28.500000000000004 1.0000000180025095e-35 0.0067677528131753215 0.71212121844291698 49.500000000000007 35.500000000000007 14.500000000000002 0.54040405154228222 0.055555555969476707
decision_type=10 10 8 8 10 10 2 2 2 10 10 10 2 2
left_child=-1 2 -2 4 6 -6 -4 8 12 10 11 -10 -3 -14
right_child=1 7 3 -5 5 -7 -8 -9 9 -11 -12 -13 13 -15
leaf_value=-0.0018101633790377012 -0.015889306884014923 0.0034801780089749948 0.023932173206696501 0.0094128883974920995 -0.010599759062200136 -0.0017809332136836666 0.0021667140150943448 0.00060447438354231393 0.010163434152320872 -0.019604863981545519 0.014203256100896925 -0.030699276398855571 0.021112698592924615 -0.010701619114521188
leaf_weight=10865.834157630801 265.7063113451004 613.02026971429586 81.30032953619957 318.40902813524008 833.47149904817343 1578.8340407311916 666.41471400484443 29179.180068004876 159.78301357105374 217.70064686238766 237.90792319178581 139.17071712017059 585.38083108514547 60.897401668131351
leaf_count=50326 1543 2567 416 1518 3763 6954 3174 136640 840 967 1033 577 2724 281
internal_value=-2.77042e-05 0.000527019 -0.00250633 -0.00144143 -0.00256137 -0.00485909 0.00481792 0.000891801 0.00503138 -0.00496597 0.00122014 -0.00923716 0.0110136 0.0179975
internal_weight=45803 34937.2 3744.14 3478.43 3160.02 2412.31 747.715 31193 2013.86 754.562 536.862 298.954 1259.3 646.278
internal_count=213323 162997 17368 15825 14307 10717 3590 145629 8989 3417 2450 1417 5572 3005
is_linear=0
shrinkage=0.03


Tree=205
num_leaves=15
num_cat=0
split_feature=233 103 66 230 229 249 228 228 249 229 178 224 242 224
split_gain=45.7967 59.2042 49.9598 65.0247 106.306 80.0082 160.326 95.0352 89.0399 130.804 88.2005 79.0679 70.9322 110.53
threshold=99.500000000000014 29.500000000000004 16.500000000000004 71.500000000000014 81.500000000000014 0.015151515137404205 28.500000000000004 36.500000000000007 0.065656565129756941 28.500000000000004 3.5000000000000004 51.500000000000007 0.022686701267957691 82.500000000000014
decision_type=10 10 10 8 10 2 10 10 2 10 10 10 10 10
left_child=2 -2 -1 4 12 6 -5 8 11 -10 -9 -7 13 -4
right_child=1 -3 3 5 -6 7 -8 10 9 -11 -12 -13 -14 -15
leaf_value=-0.0023533260466415853 0.0089457928189325443 -0.0018007530241918087 -0.0024333796964055034 -0.027626669012624318 -0.01461093178408455 0.0080481607047071003 0.0063281291527269943 0.013440382144449082 -0.0079288927128668592 0.020857287978081621 0.00058906951525955812 -0.015287144171857777 0.0011716422143121595 0.015114177080916138
leaf_weight=8656.1934787593782 1092.5496200956404 788.44901880249381 11883.03122055158 220.01422491669655 464.87645188719034 405.29310344904661 268.03421184420586 511.90060674399137 168.44139410182834 763.21267919242382 6094.2941347211599 180.70558566600084 13961.627300422639 322.21731640398502
leaf_count=38866 5752 3692 52060 942 2046 1904 1132 2910 962 3753 28498 776 68604 1369
internal_value=-0.00011579 0.00445551 -0.000312629 0.000189112 -0.000543797 0.00245359 -0.00922619 0.00316574 0.00991016 0.0156239 0.0016037 0.000716448 -0.000288397 -0.00195813
internal_weight=45780.8 1881 43899.8 35243.6 26631.8 8611.9 488.048 8123.85 1517.65 931.654 6606.19 585.999 26166.9 12205.2
internal_count=213266 9444 203822 164956 124079 40877 2074 38803 7395 4715 31408 2680 122033 53429
is_linear=0
shrinkage=0.03


Tree=206
num_leaves=15
num_cat=0
split_feature=69 222 248 243 171 47 140 228 222 228 209 10 62 120
split_gain=54.0552 63.6277 59.4285 59.8095 53.9807 69.5503 77.6454 89.6631 68.3639 59.2197 57.9825 68.0198 55.4349 55.8371
threshold=5.5000000000000009 37.500000000000007 0.33838383853435522 -0.014635153114795683 28.500000000000004 6.5000000000000009 89.500000000000014 6.5000000000000009 33.500000000000007 64.500000000000014 75.500000000000014 6.5000000000000009 22.500000000000004 17.500000000000004
decision_type=8 10 2 2 8 8 10 10 10 10 10 8 8 8
left_child=1 -1 -3 -4 10 6 9 -8 -9 -6 11 -2 -7 -14
right_child=4 2 3 -5 5 12 7 8 -10 -11 -12 -13 13 -15
leaf_value=0.00090038767672163446 0.0032983834452723643 0.0015120538860692767 0.0079205465049385915 0.026181123451799543 -0.0033266564880343125 0.0051657417694259888 0.0094236248727430777 -0.036343516861021982 -0.0092263650337669791 0.009812691968969561 -0.0081313648335533551 -0.0022843087948264873 0.0036741543905251433 -0.00039961831820279649
leaf_weight=5376.417408451438 2362.2783285155892 691.9379420503974 542.62826842814684 229.14220041781664 2608.4810673519969 2586.9844520501792 98.062740679830313 156.1633467040956 187.35096550732851 340.21569892764091 1217.9809709601104 11428.281678088009 3846.6510512083769 14088.056039329618
leaf_count=26166 12007 2997 2615 1041 12668 11983 607 697 919 1548 5317 51945 16752 65958
internal_value=-4.1597e-05 0.00241592 0.00793881 0.0136077 -0.000474006 0.00041116 -0.00356315 -0.0151501 -0.0222333 -0.00178262 -0.00188361 -0.00132631 0.00106915 0.000475688
internal_weight=45760.6 6840.13 1463.71 771.77 38920.5 23912 3390.27 441.577 343.514 2948.7 15008.5 13790.6 20521.7 17934.7
internal_count=213220 32819 6653 3656 180401 111132 16439 2223 1616 14216 69269 63952 94693 82710
is_linear=0
shrinkage=0.03


Tree=207
num_leaves=15
num_cat=0
split_feature=243 147 148 238 246 101 57 147 224 233 228 120 246 179
split_gain=56.026 52.3416 56.4578 55.2691 53.6219 52.914 57.082 58.977 58.6479 54.4848 52.0812 49.2338 48.2078 59.8594
threshold=-0.008629474323242901 97.500000000000014 93.500000000000014 -0.28074955940246576 0.2878901362419129 3.5000000000000004 62.500000000000007 79.500000000000014 7.5000000000000009 69.500000000000014 4.5000000000000009 17.500000000000004 0.11878263950347902 44.500000000000007
decision_type=2 10 10 10 2 8 8 10 10 8 10 8 2 8
left_child=1 2 3 10 5 9 -7 12 -9 -5 -1 -4 13 -8
right_child=-2 -3 11 4 -6 6 7 8 -10 -11 -12 -13 -14 -15
leaf_value=0.018228432514332597 -0.0033719974879959048 -0.0052222943931669744 0.012169649799950503 -0.0054980953777066842 -0.01964778749103345 -0.00030238829925344034 0.0044000438387694091 -0.016264858834544184 -0.00053112279058882149 0.0012871383813625023 0.00051666307814235088 0.0025950194982725444 0.012337934986299355 -0.00057762939606079806
leaf_weight=287.95824908092618 3844.0229416415095 1425.2946928553283 606.98785933852196 2712.1992248445749 112.71738477796316 20811.214205045253 6284.5848224945366 246.41770560666919 1270.1186455860734 1744.4202407300472 300.91978118568659 2272.5354662649333 480.09451226890087 3318.4874262027442
leaf_count=3172 16901 6506 2688 12396 694 94227 29376 1179 5908 8453 2200 10568 2911 15808
internal_value=8.93664e-05 0.000407848 0.00060748 0.000296603 0.000150151 0.000215992 0.000637674 0.00232306 -0.00317745 -0.00284527 0.00933738 0.00464843 0.00315268 0.00268112
internal_weight=45718 41874 40448.7 37569.1 36980.3 36867.5 32410.9 11599.7 1516.54 4456.62 588.878 2879.52 10083.2 9603.07
internal_count=212987 196086 189580 176324 170952 170258 149409 55182 7087 20849 5372 13256 48095 45184
is_linear=0
shrinkage=0.03


Tree=208
num_leaves=15
num_cat=0
split_feature=149 120 232 228 65 120 106 228 78 246 230 80 231 11
split_gain=57.1186 53.8241 53.087 62.6344 73.9005 56.0263 64.5526 54.4447 49.4939 65.4051 63.3362 71.4295 50.3283 55.3691
threshold=24.500000000000004 15.500000000000002 82.500000000000014 2.5000000000000004 99.500000000000014 55.500000000000007 78.500000000000014 13.500000000000002 12.500000000000002 0.039199566468596465 9.5000000000000018 46.500000000000007 25.500000000000004 16.500000000000004
decision_type=10 8 8 8 8 10 10 10 8 2 8 10 8 8
left_child=1 -1 -2 4 -4 -5 -7 -8 -3 10 11 -10 -12 -14
right_child=2 8 3 5 -6 6 7 -9 9 -11 12 -13 13 -15
leaf_value=0.0045346882925124789 1.8976666789402345e-05 -0.0074714833937857801 -0.0070671932022251145 0.00071352945225639224 0.018865680351169818 0.0080208189907172624 -0.017599142918171398 0.0049644880216219356 0.0067030530888006947 0.001995839071739447 0.00022329046440150091 -0.016188581704044563 -0.0023164460413488334 -0.01026341776677296
leaf_weight=1052.4257230758667 27893.805712252855 1553.9898579753935 855.95755441859365 2545.5241035893559 101.97108592092991 3060.1888132691383 162.78648167103529 209.81682117283344 825.41330034285784 2882.432885915041 1175.4571079015732 134.08839151263237 1345.2700455337763 1923.7010283693671
leaf_count=4452 128573 7496 4996 11140 804 15266 846 1042 4011 14384 5020 580 5977 8513
internal_value=1.03365e-05 -0.00188471 0.000603366 0.00295005 -0.00414026 0.00409118 0.00658646 -0.00509566 -0.00257517 -0.00164904 -0.0035933 0.00337001 -0.00510079 -0.00701006
internal_weight=45722.8 10892.8 34830.1 6936.24 957.929 5978.32 3432.79 372.603 9840.35 8286.36 5403.93 959.502 4444.43 3268.97
internal_count=213100 50433 162667 34094 5800 28294 17154 1888 45981 38485 24101 4591 19510 14490
is_linear=0
shrinkage=0.03


Tree=209
num_leaves=15
num_cat=0
split_feature=240 243 193 76 246 226 101 70 246 148 140 10 224 222
split_gain=45.6157 46.7218 52.9836 63.9781 79.493 81.6763 61.5921 52.6026 52.2713 52.1894 60.5355 59.9469 66.1634 92.233
threshold=0.13915926963090899 -0.008629474323242901 71.500000000000014 85.500000000000014 0.15343508869409564 10.500000000000002 5.5000000000000009 21.500000000000004 0.11109166219830514 12.500000000000002 89.500000000000014 55.500000000000007 36.500000000000007 3.5000000000000004
decision_type=10 2 8 10 2 8 10 8 2 8 8 10 10 10
left_child=1 2 3 4 9 -6 -5 -3 -4 10 -1 12 13 -11
right_child=-2 7 8 6 5 -7 -8 -9 -10 11 -12 -13 -14 -15
leaf_value=-0.0040117226390462349 0.016321815901470214 0.0039712070294379313 0.00098525584800168036 -0.0031426338267126043 -0.031283740207126813 0.0016333680388632837 0.0044989120622515553 -0.0050575572721671359 0.0087814646419215811 -0.0055413599359030201 -0.021239378150438398 -0.0030939054186088074 -0.0018011306554306078 0.0047972758557917735
leaf_weight=2231.3495068475604 141.14230638369918 706.88200098276138 17043.141426473856 1317.1112681291997 151.84385440871119 115.16924527287483 3336.0938429348171 3087.3416916429996 801.11945946142077 934.29170693829656 191.12918240576982 6144.5341321267188 5098.6895266920328 4389.7773454450071
leaf_count=10097 834 3090 78567 7310 908 687 17217 13547 5051 4514 862 27200 22802 20290
internal_value=-0.000132044 -0.000186601 0.000103362 -0.00081972 -0.00158256 -0.0175394 0.00233384 -0.00336944 0.00133999 -0.00134908 -0.00545268 -0.000746122 0.000639607 0.00297602
internal_weight=45689.6 45548.5 41754.3 23910 19256.8 267.013 4653.21 3794.22 17844.3 18989.8 2422.48 16567.3 10422.8 5324.07
internal_count=212976 212142 195505 111887 87360 1595 24527 16637 83618 85765 10959 74806 47606 24804
is_linear=0
shrinkage=0.03


Tree=210
num_leaves=15
num_cat=0
split_feature=194 178 57 244 146 238 171 78 188 117 244 108 10 246
split_gain=44.2916 51.8849 79.0317 74.4257 73.546 68.8074 68.3693 65.4405 55.1453 51.1654 62.5317 49.2934 46.0486 44.1465
threshold=29.500000000000004 13.500000000000002 70.500000000000014 0.10707041621208192 90.500000000000014 -0.097038701176643358 27.500000000000004 18.500000000000004 41.500000000000007 98.500000000000014 0.016473784111440185 31.500000000000004 5.5000000000000009 0.062664434313774123
decision_type=8 8 10 2 10 10 10 10 10 10 2 10 10 2
left_child=-1 2 4 6 5 11 -3 9 -4 10 -6 13 -10 -2
right_child=1 3 8 -5 7 -7 -8 -9 12 -11 -12 -13 -14 -15
leaf_value=0.0013115573413356029 -0.0012608528276666575 -0.0023037958327481018 -0.0030914645715298264 0.015729133398495437 -0.0027609791183552833 -0.0077246668047152587 0.0010000300749950341 -0.0040652979774824499 0.010301149587512519 0.00060949416170064195 -0.035769208573915884 0.0074809651130814904 -0.0012549647009117214 -0.020965235593165713
leaf_weight=14183.462047368288 1260.3265522606671 8937.9653847701848 1305.8454385697842 256.14209605380893 68.720782600343227 1936.6597717702389 15226.48764898628 304.01755359396338 758.99061079323292 66.848117094486952 221.99107125774026 582.71770995855331 517.01402777805924 101.54758913442492
leaf_count=66920 6017 40708 6411 1709 367 8338 69022 1575 4427 496 1097 2917 2640 524
internal_value=-8.0285e-05 -0.000706306 -0.0029569 -4.87567e-05 -0.00533487 -0.00373749 -0.000222439 -0.0145109 0.00123164 -0.0230402 -0.0283178 0.000252628 0.00564547 -0.00287221
internal_weight=45728.7 31545.3 7124.68 24420.6 4542.83 3881.25 24164.5 661.578 2581.85 357.56 290.712 1944.59 1276 1361.87
internal_count=213168 146248 34809 111439 21331 17796 109730 3535 13478 1960 1464 9458 7067 6541
is_linear=0
shrinkage=0.03


Tree=211
num_leaves=15
num_cat=0
split_feature=242 231 244 226 231 79 222 245 243 140 242 243 244 231
split_gain=55.7704 55.4997 113.817 88.5022 134.624 127.193 94.3201 111.008 101.691 86.0207 77.9418 73.4154 127.132 114.192
threshold=0.010344742331653835 91.500000000000014 0.0042838561348617086 4.5000000000000009 19.500000000000004 47.500000000000007 3.5000000000000004 -0.09611890465021132 -0.041930967941880219 7.5000000000000009 0.023439508862793449 -0.062983479350805269 0.015179728623479606 83.500000000000014
decision_type=8 8 2 8 10 10 10 2 2 8 10 2 2 10
left_child=-1 3 -3 4 -2 6 7 -6 10 -4 -9 12 -5 -14
right_child=1 2 9 11 5 -7 -8 8 -10 -11 -12 -13 13 -15
leaf_value=-0.011434998337500061 -0.010700673922209679 0.014316177171026082 -0.013382300098736441 0.011820937781485521 0.018218342369690697 -0.0020407416811463091 0.016200029890451939 -0.025409792351915279 0.021157360258888008 -0.0022339213841205854 0.0054197820668293838 -0.00038447433176522217 -0.0063224904988195283 0.024358847479749472
leaf_weight=379.43917352706194 411.97602598369122 331.20450324565172 691.93553344532847 1197.2847533449531 229.21451526135206 870.77923366054893 1330.1906974129379 209.36167170852423 78.845652364194393 5600.2163090631366 106.63974910974503 33283.374259546399 887.50036684051156 114.38923826813698
leaf_count=1653 1858 1709 3577 6228 2032 4176 7120 931 378 30164 568 147348 4738 665
internal_value=-0.000130633 -3.35348e-05 -0.00256907 0.000400744 0.00514145 0.00748131 0.0117129 0.00204406 -0.00756343 -0.00347918 -0.0151587 -3.3068e-05 0.00526295 -0.00261339
internal_weight=45722.4 45342.9 6623.36 38719.6 3237.01 2825.03 1954.25 624.062 394.847 6292.15 316.001 35482.5 2199.17 1001.89
internal_count=213145 211492 35450 176042 17063 15205 11029 3909 1877 33741 1499 158979 11631 5403
is_linear=0
shrinkage=0.03


Tree=212
num_leaves=15
num_cat=0
split_feature=190 138 47 245 248 224 231 249 230 231 246 249 1 230
split_gain=50.4556 47.1532 45.5277 45.2446 157.217 109.082 286.908 144.485 99.5856 135.8 99.1016 111.199 119.781 98.515
threshold=73.500000000000014 93.500000000000014 inf -0.075403515249490724 0.58080807328224193 26.500000000000004 79.500000000000014 0.34848484396934515 10.500000000000002 74.500000000000014 0.0045122965238988408 0.055555555969476707 6.5000000000000009 3.5000000000000004
decision_type=10 8 8 2 2 10 10 2 8 10 2 2 10 8
left_child=3 2 -2 4 -1 13 8 -8 9 -7 -10 -12 -13 -6
right_child=1 -3 -4 -5 5 6 7 -9 10 -11 11 12 -14 -15
leaf_value=0.0090790597330753838 0.002866913327234097 -0.0097292828793536911 0.017259455191042529 -0.0009459298149787984 0.0017479897311722644 0.020539142090840595 0.025864087312037046 -0.0020268754086035625 -0.025025074101700375 -0.02928206170606254 0.0050470073654062661 0.01127664219904748 -0.014504861580994408 -0.0056825107617810922
leaf_weight=1925.8775877207518 4791.1050214506686 246.6320020519197 196.93826408684254 28537.699320018291 2785.8081440031528 316.03124716132879 650.01410396769643 222.00896124541759 166.67821215838194 48.957528427243233 1064.9257907047868 198.46523387730122 745.84994827955961 3769.407348651439
leaf_count=11713 22464 1244 1225 124401 16789 1625 3938 1296 718 286 4875 984 3509 17850
internal_value=6.0928e-05 0.00282937 0.00346856 -0.000298112 0.00125571 -0.000263376 0.00407881 0.0188208 -0.00103451 0.0132537 -0.00348089 -0.00157859 -0.00902502 -0.00252688
internal_weight=45666.4 5234.68 4988.04 40431.7 11894 9968.15 3412.93 872.023 2540.91 364.989 2175.92 2009.24 944.315 6555.22
internal_count=212917 24933 23689 187984 63583 51870 17231 5234 11997 1911 10086 9368 4493 34639
is_linear=0
shrinkage=0.03


Tree=213
num_leaves=15
num_cat=0
split_feature=92 231 243 230 230 230 171 222 231 222 229 73 138 178
split_gain=45.8689 48.3194 162.497 119.9 206.139 204.224 126.504 108.648 106.368 100.079 90.2322 98.3102 86.415 98.9418
threshold=66.500000000000014 26.500000000000004 -0.020430742762982842 74.500000000000014 35.500000000000007 17.500000000000004 34.500000000000007 7.5000000000000009 31.500000000000004 10.500000000000002 11.500000000000002 10.500000000000002 84.500000000000014 1.5000000000000002
decision_type=10 8 2 10 8 10 10 10 8 10 10 10 8 10
left_child=1 2 3 4 5 6 -1 -6 10 -9 11 -3 13 -11
right_child=-2 8 -4 -5 7 -7 -8 9 -10 12 -12 -13 -14 -15
leaf_value=-0.003893984820399073 0.0045557634677217441 -0.011615688484363165 -0.0028171536054731813 0.014292666229076977 0.018875711723400565 0.020548510578616494 0.015232506513039741 -0.024793032489429264 -0.00049230597724916479 0.022494819207814955 -0.009913679186516396 0.019175082745444976 -0.015711948660642457 -0.0017710730267346468
leaf_weight=950.81199110299349 1757.906676158309 152.77674892544746 4860.0187572166324 939.47724740952253 195.89474771171808 907.16075226664543 450.65952644497156 179.03828945755959 30490.191020477563 151.86219134181738 1869.8944401144981 210.96859836578369 361.28972458094358 2291.7504917010665
leaf_count=4259 8770 781 20780 4299 869 3968 2085 763 145333 783 8184 1022 1727 9795
internal_value=-0.000182359 -0.0003726 0.00131911 0.00444596 0.00273754 0.00954093 0.00232071 -0.00221629 -0.000956374 -0.0036594 -0.00726068 0.00627788 -0.00222714 -0.000177496
internal_weight=45769.7 44011.8 11288 6427.94 5488.47 2308.63 1401.47 3179.84 32723.8 2983.94 2233.64 363.745 2804.9 2443.61
internal_count=213418 204648 49328 28548 24249 10312 6344 13937 155320 13068 9987 1803 12305 10578
is_linear=0
shrinkage=0.03


Tree=214
num_leaves=15
num_cat=0
split_feature=69 10 230 26 140 231 230 231 229 231 222 133 224 119
split_gain=45.3739 53.1137 60.5305 64.2161 48.2765 108.928 97.6635 91.9375 83.4202 74.8834 89.1461 86.8151 67.6299 71.4924
threshold=4.5000000000000009 81.500000000000014 66.500000000000014 19.500000000000004 11.500000000000002 5.5000000000000009 10.500000000000002 26.500000000000004 21.500000000000004 98.500000000000014 4.5000000000000009 45.500000000000007 6.5000000000000009 38.500000000000007
decision_type=8 10 8 8 10 8 10 10 10 10 10 10 10 10
left_child=1 2 -1 -4 5 8 9 -8 -2 10 -7 -12 -9 -14
right_child=4 -3 3 -5 -6 6 7 12 -10 -11 11 -13 13 -15
leaf_value=0.0023424518447656604 -0.031179670715415463 -0.0043514764569565533 0.016612977891759275 -0.0035342731488784895 0.00029648093178578195 -0.0028715600921519731 0.0024187602224214756 -0.019226973016730087 -0.0054188072886351317 -0.014458216934830905 0.0096352502085352565 -0.0050797063616474635 -0.010543184683460357 -0.0011976526547283429
leaf_weight=4306.8553417250514 186.51801256835461 849.66644798964262 555.69744607806206 186.13728502392769 30912.232989430428 1381.5727160125971 1288.5662418678403 354.56830575317144 279.12422479689121 221.8870638050139 1832.5912618376315 441.97915977239609 1351.6291614174843 1611.5595377385616
leaf_count=21004 822 3867 2717 821 142896 7710 5458 1572 1199 1253 9189 2159 5655 7112
internal_value=9.81493e-05 0.00255163 0.00371969 0.011578 -0.000265437 -0.0022044 -0.00141945 -0.00436854 -0.0161762 0.0020857 0.00312643 0.00676622 -0.00700397 -0.00548165
internal_weight=45760.6 5898.36 5048.69 741.835 39862.2 8950 8484.35 4606.32 465.642 3878.03 3656.14 2274.57 3317.76 2963.19
internal_count=213434 28409 24542 3538 185025 42129 40108 19797 2021 20311 19058 11348 14339 12767
is_linear=0
shrinkage=0.03


Tree=215
num_leaves=15
num_cat=0
split_feature=57 244 231 231 103 248 245 244 230 54 245 248 222 231
split_gain=54.127 87.9962 64.6495 100.203 104.477 114.012 121.818 101.406 89.2 88.8239 104.005 98.937 114.445 105.478
threshold=49.500000000000007 0.085841022431850447 88.500000000000014 97.500000000000014 46.500000000000007 0.40909090638160711 -0.087642636150121675 0.043269786983728416 3.5000000000000004 95.500000000000014 -0.097591508179903017 0.7525252401828767 3.5000000000000004 41.500000000000007
decision_type=10 2 10 10 10 2 2 2 10 10 2 2 10 10
left_child=1 -1 8 4 5 -4 7 -7 9 11 -11 12 -2 -14
right_child=2 -3 3 -5 -6 6 -8 -9 -10 10 -12 -13 13 -15
leaf_value=-0.0012465153898564671 -0.010728852217546991 0.011875012996538238 0.005334505642702706 0.0034804766864140906 0.0029676328933942193 0.0048903666094577431 -0.022125220895409053 -0.021315098298859567 0.001039195789933994 0.016486867457627383 -0.017934079333372488 0.020457320109934212 -0.0022473430167202864 0.015945866418320537
leaf_weight=21877.568345338106 302.68535492941737 459.90967085212469 328.12798678874969 1588.8410734944046 764.75290273874998 392.87836228683591 754.98783157020807 188.78788738325238 16909.494812052697 107.96225192397833 232.81062436103821 538.77159374952316 438.11848700791597 808.33072369545698
leaf_count=99070 1652 2989 1495 9403 3784 2367 3372 1159 76153 707 1076 3341 2212 4331
internal_value=8.44265e-05 -0.000971161 0.00109394 -0.00236443 -0.00618542 -0.0103827 -0.014252 -0.00383149 0.00181343 0.00717757 -0.00686985 0.00949211 0.00557178 0.00958409
internal_weight=45694 22337.5 23356.5 4018.38 2429.53 1664.78 1336.65 581.666 19338.2 2428.68 340.773 2087.91 1549.13 1246.45
internal_count=213111 102059 111052 21580 12177 8393 6898 3526 89472 13319 1783 11536 8195 6543
is_linear=0
shrinkage=0.03


Tree=216
num_leaves=15
num_cat=0
split_feature=194 47 195 226 144 243 126 248 144 249 24 22 239 147
split_gain=49.6504 76.3269 64.1094 62.7611 97.3282 69.4794 91.8657 67.6115 64.1172 67.1936 64.4945 62.064 57.0519 54.3683
threshold=30.500000000000004 inf 45.500000000000007 2.5000000000000004 3.5000000000000004 -0.040493238717317574 31.500000000000004 0.84343436360359203 43.500000000000007 0.67171716690063488 1.0000000180025095e-35 3.5000000000000004 -0.014559376053512095 77.500000000000014
decision_type=10 8 10 8 10 2 10 2 10 2 10 10 10 10
left_child=3 2 11 4 -1 6 -6 8 -8 10 -10 -2 -12 -7
right_child=1 -3 -4 -5 5 13 7 -9 9 -11 12 -13 -14 -15
leaf_value=-0.023018213243264699 -0.0091972366297328415 0.011556862219804507 0.00082465488349476354 0.00051501770678365894 -0.017300366309421056 0.017735947760590363 0.016406116529426858 0.020480694556085022 0.00837685769684543 0.012384687546584129 0.0010299528454407415 -0.0018665861804365799 -0.021918540827385858 -0.0010893388590439048
leaf_weight=91.981816902756691 1127.3945520743728 421.12864712253213 8628.5706201009452 20969.592545155436 168.08528698980808 654.65767119452357 217.35673422366381 218.9147852063179 166.18902984261513 212.19930750131607 154.20525421947241 12216.178799167275 251.15945327654481 172.86748847365379
leaf_count=422 6071 2524 39705 96961 786 3335 1220 1882 1285 1263 932 54664 1355 826
internal_value=6.3066e-05 -0.000945209 -0.00118998 0.00103304 0.00571785 0.00700889 0.00286823 0.00576496 0.00237631 -0.00167222 -0.00701431 -0.00249237 -0.0133741 0.0138374
internal_weight=45670.5 22393.3 21972.1 23277.2 2307.62 2215.64 1388.11 1220.02 1001.11 783.753 571.554 13343.6 405.365 827.525
internal_count=213231 102964 100440 110267 13306 12884 8723 7937 6055 4835 3572 60735 2287 4161
is_linear=0
shrinkage=0.03


Tree=217
num_leaves=15
num_cat=0
split_feature=233 77 228 248 244 248 56 120 231 228 101 244 242 120
split_gain=48.5269 76.9695 62.0274 110.294 90.9771 91.6402 60.2939 62.4381 71.4345 63.2215 56.6157 53.162 53.0978 45.4006
threshold=68.500000000000014 37.500000000000007 32.500000000000007 0.57070705294609081 0.042475797235965736 0.55050507187843334 40.500000000000007 45.500000000000007 88.500000000000014 11.500000000000002 2.5000000000000004 0.16497132927179339 0.029192895628511909 73.500000000000014
decision_type=10 10 10 2 2 2 10 10 10 10 8 2 10 10
left_child=10 11 4 -4 6 -6 7 -3 -9 12 -1 13 -10 -2
right_child=1 2 3 -5 5 -7 -8 8 9 -11 -12 -13 -14 -15
leaf_value=-0.0051100914801871728 0.0020844350557912773 -0.008271755809814485 -0.0001616880186221144 0.013343942464187426 -0.0027810239724081675 -0.038317637428912692 -0.005639123591988318 0.0079079348132558135 -0.01853631369152926 0.011400536329398832 -0.00022409719808827647 -0.021687631273493907 0.0054324854645805068 0.007026337892585618
leaf_weight=2298.4448991976678 4312.4983454570174 453.9449657201767 2804.5837157890201 665.16532032936811 137.79883106052876 117.12746062129736 1957.332394041121 1266.6610455140471 268.4397957958281 141.59741519391537 28323.276380520314 63.419145174324512 113.20990423858166 2737.1487432383001
leaf_count=11000 19054 1919 12120 3375 740 674 8740 6206 1270 682 130815 384 706 15362
internal_value=9.29873e-05 0.00148798 -0.000545311 0.0024583 -0.00288434 -0.0199386 -0.00180461 0.00155045 0.00407361 -0.00518262 -0.000592385 0.0037512 -0.0114692 0.00401045
internal_weight=45660.6 15038.9 7925.86 3469.75 4456.11 254.926 4201.19 2243.85 1789.91 523.247 30621.7 7113.07 381.65 7049.65
internal_count=213047 71232 36432 15495 20937 1414 19523 10783 8864 2658 141815 34800 1976 34416
is_linear=0
shrinkage=0.03


Tree=218
num_leaves=15
num_cat=0
split_feature=164 246 227 237 231 222 228 19 222 231 224 226 246 23
split_gain=49.1321 65.2742 47.1923 42.4069 45.3308 59.9868 91.9909 72.5991 54.8899 48.8576 96.8144 54.6157 65.9118 64.8936
threshold=50.500000000000007 0.2878901362419129 5.5000000000000009 0.19211057573556903 99.500000000000014 1.5000000000000002 8.5000000000000018 5.5000000000000009 8.5000000000000018 97.500000000000014 3.5000000000000004 2.5000000000000004 0.027127852663397792 1.0000000180025095e-35
decision_type=10 2 10 2 10 10 10 10 10 10 8 8 2 8
left_child=1 -1 -3 4 9 7 8 -6 -7 11 -11 12 -2 -13
right_child=3 2 -4 -5 5 6 -8 -9 -10 10 -12 13 -14 -15
leaf_value=-0.00089353015801984267 0.0012646392318820944 0.0048105059360086487 -0.030478169419169341 0.0081215716622426073 0.023613098330231608 -0.030343438771782302 0.00051954703906889881 -0.015157794642605154 -0.00080951014660650758 -0.012565852601098064 0.020986135909410959 -0.0074005262651339653 0.013460185628539017 0.00071070159975702518
leaf_weight=22907.446074344218 1044.8473846800625 45.156426277011633 104.08395384997129 706.85530616343021 104.25393509119749 210.66063733771443 314.41128116101027 61.550212640315294 76.943389989435673 100.03592525795102 264.94553147256374 923.35575310513377 637.45396074652672 18147.830926828086
leaf_count=105793 5349 435 554 4384 925 1079 1677 290 441 686 1402 4547 3997 81543
internal_value=-5.29479e-05 -0.00102699 -0.0201691 0.000941089 0.00070558 -0.00640777 -0.0107799 0.00917695 -0.0227349 0.000967116 0.0117002 0.000772815 0.00593798 0.000314314
internal_weight=45649.8 23056.7 149.24 22593.1 21886.3 767.819 602.015 165.804 287.604 21118.5 364.981 20753.5 1682.3 19071.2
internal_count=213102 106782 989 106320 101936 4412 3197 1215 1520 97524 2088 95436 9346 86090
is_linear=0
shrinkage=0.03


Tree=219
num_leaves=15
num_cat=0
split_feature=195 231 106 243 249 47 236 249 226 143 226 245 248 246
split_gain=44.0571 66.2604 61.9028 62.3518 59.691 106.437 52.8203 63.9054 52.6425 51.652 58.9537 106.239 54.4541 67.2951
threshold=37.500000000000007 81.500000000000014 52.500000000000007 -0.013094342313706873 0.015151515137404205 93.500000000000014 -0.08004655689001082 0.025252525694668296 63.500000000000007 84.500000000000014 66.500000000000014 -0.058301864191889756 0.76262626051902782 0.2878901362419129
decision_type=10 10 8 2 2 8 2 2 10 10 8 2 2 2
left_child=9 2 4 -4 5 -2 -3 -8 -7 -1 12 -12 13 -11
right_child=1 6 3 -5 -6 8 7 -9 -10 10 11 -13 -14 -15
leaf_value=-0.001271582014134842 0.01038910831777564 0.0018941378374693638 0.0099562711743236536 -0.0009539009366584339 0.00039660104663305132 0.0070148855034297738 -0.018153318634302106 -0.0030925966283929657 -0.022576666597347764 -0.00095840745293814694 0.017367112130258617 0.0011593904813973622 0.0066158577374903823 -0.027756301943211201
leaf_weight=23478.966203182936 1232.7627222388983 1737.7266098745167 1641.3295724503696 657.51684495061636 8308.2849035933614 79.083767224103212 282.30531758069992 1968.8786758333445 138.46939444541931 3498.8451656140387 545.65233963727951 1059.7859979718924 898.40286238119006 76.452984359115362
leaf_count=106180 5370 10163 7879 2997 37587 345 1216 9123 595 17384 3449 5045 5147 459
internal_value=5.35218e-05 0.00131859 0.00242699 0.00684512 0.00138026 0.00697395 -0.00202949 -0.00505319 -0.0119842 -0.000633467 0.00182911 0.00674144 5.51655e-05 -0.00160726
internal_weight=45604.5 16046.4 12057.4 2298.85 9758.6 1450.32 3988.91 2251.18 217.553 29558.1 6079.14 1605.44 4473.7 3575.3
internal_count=212939 75275 54773 10876 43897 6310 20502 10339 940 137664 31484 8494 22990 17843
is_linear=0
shrinkage=0.03


Tree=220
num_leaves=15
num_cat=0
split_feature=238 226 80 226 231 56 238 50 231 231 224 224 246 66
split_gain=48.4221 66.3646 114.458 90.856 116.266 93.351 95.8833 83.7005 78.7347 97.5749 157.814 84.5288 77.3453 73.4761
threshold=-0.10779553279280661 43.500000000000007 24.500000000000004 2.5000000000000004 68.500000000000014 18.500000000000004 -0.28074955940246576 4.5000000000000009 29.500000000000004 44.500000000000007 50.500000000000007 30.500000000000004 0.05662451125681401 73.500000000000014
decision_type=10 10 10 8 10 10 10 8 10 10 10 10 2 10
left_child=1 3 8 -1 7 6 -6 -5 11 10 -10 12 -3 -4
right_child=-2 2 13 4 5 -7 -8 -9 9 -11 -12 -13 -14 -15
leaf_value=0.0046363456307434757 -0.00085032548571537371 0.023922077684703211 -0.0031923041971498884 -0.0057752214021572577 0.0096786602948483909 0.00032798824000454524 -0.011001692791106396 0.0028592572063028177 -0.016250416952753262 0.0072246748007341365 0.017198866971312603 0.0055229996624873174 -0.013279636995615051 0.0054632122553595463
leaf_weight=2727.8519813753664 25075.754719227552 576.49642262607813 2605.6525127664208 1265.9680616036057 214.17589215934277 1511.26306886971 2223.3817899860442 4848.4147336408496 427.43125012516975 1869.7261274382472 169.61292739585042 679.30446311831474 48.740557819604874 1322.2883243262768
leaf_count=16593 109476 2553 11994 6008 1769 7788 10861 23638 1915 8864 791 3187 204 7089
internal_value=3.35624e-05 0.00111514 0.0033138 -0.000209843 -0.00152681 -0.00553253 -0.00915249 0.001065 0.00703943 0.00386031 -0.0066211 0.0129758 0.0208586 -0.000272067
internal_weight=45566.1 20490.3 7699.25 12791.1 10063.2 3948.82 2437.56 6114.38 3771.31 2466.77 597.044 1304.54 625.237 3927.94
internal_count=212730 103254 36597 66657 50064 20418 12630 29646 17514 11570 2706 5944 2757 19083
is_linear=0
shrinkage=0.03


Tree=221
num_leaves=15
num_cat=0
split_feature=165 120 151 244 244 243 243 229 81 244 243 246 238 224
split_gain=56.5724 52.7275 52.2165 50.7626 79.6884 83.9025 73.1173 73.5502 71.3773 85.1448 57.8516 60.8047 56.3689 88.5909
threshold=6.5000000000000009 17.500000000000004 3.5000000000000004 0.0044088005088269719 0.0029686595080420379 -0.019831457175314423 -0.026791313663125035 2.5000000000000004 20.500000000000004 0.0025954176671803002 -0.04506691358983516 0.016153385862708095 -0.23291394114494321 12.500000000000002
decision_type=8 8 8 2 2 2 2 8 8 2 2 2 10 10
left_child=1 -1 -2 4 5 6 7 -4 9 10 -9 -12 -5 -14
right_child=2 -3 3 12 -6 -7 -8 8 -10 -11 11 -13 13 -15
leaf_value=0.0075487988315987957 -0.0032029089718306155 -0.0055547177594029657 0.013408477183756826 0.0062747363862629872 0.0080201771004082285 -0.011090554843787062 0.013518070998136025 0.0071432103213917341 0.0033758489002463578 -0.036455682943606169 -0.017898743447720186 0.016404012117886224 -0.0029809321922659618 0.00078552147927377536
leaf_weight=302.1445299834013 3507.6503178849816 2478.7924798354506 280.21613135188818 1322.1079815477133 2017.5156862661242 482.34371930360794 431.2830463051796 193.83024620264769 690.68151175230742 86.934962682425976 300.09655198454857 46.643062330782413 7134.8239740915596 26332.031568203121
leaf_count=1295 16251 11269 1477 10416 8961 2017 1829 923 3093 398 1294 214 34544 118991
internal_value=2.94058e-05 -0.00410909 0.000299038 0.000612186 0.00359589 2.48565e-05 0.0027078 -0.000274957 -0.00326279 -0.0105081 -0.00574889 -0.0129539 0.000222783 -1.81022e-05
internal_weight=45607.1 2780.94 42826.2 39318.5 4529.54 2512.03 2029.69 1598.4 1318.19 627.505 540.57 346.74 34789 33466.9
internal_count=212972 12564 200408 184157 20206 11245 9228 7399 5922 2829 2431 1508 163951 153535
is_linear=0
shrinkage=0.03


Tree=222
num_leaves=15
num_cat=0
split_feature=103 226 134 189 231 138 134 226 231 229 231 117 226 231
split_gain=46.9926 64.8753 70.1641 59.3819 90.1081 64.3575 63.7325 53.1019 81.3544 119.324 99.2237 86.7911 86.1102 100.32
threshold=3.5000000000000004 1.5000000000000002 16.500000000000004 53.500000000000007 99.500000000000014 89.500000000000014 51.500000000000007 75.500000000000014 81.500000000000014 35.500000000000007 75.500000000000014 86.500000000000014 46.500000000000007 97.500000000000014
decision_type=8 8 8 8 10 8 10 10 10 10 10 10 10 10
left_child=1 -1 -3 5 -5 7 -6 8 9 11 -11 -2 13 -10
right_child=3 2 -4 4 6 -7 -8 -9 12 10 -12 -13 -14 -15
leaf_value=0.012657210186584684 2.6437598713202481e-05 0.0052820633592650336 -0.0031040491328763902 0.0013722688493264217 -0.020405979576461147 -0.0093665226561127253 -0.0025743778815424507 0.0018155115849028808 -0.011696890438180729 -0.0051690989732858916 0.011918859624709913 0.0078197620280711817 0.0036827757442275027 0.00095493331232236777
leaf_weight=538.17708272859454 6540.6573602482677 2020.4562620706856 1600.9490878768265 18067.536434389651 272.42379923164845 854.98904251307249 508.97243119031191 4658.3471800498664 2025.4037532955408 5163.2429156005383 315.71375950425863 1590.8926879167557 676.52982032299042 778.31411296129227
leaf_count=3717 28503 9197 8075 85577 1331 4103 2923 21821 9451 21938 1374 7749 3077 4133
internal_value=1.11005e-06 0.00303698 0.0015764 -0.000304181 0.000938975 -0.00134077 -0.00897043 -0.00102111 -0.00179488 -0.000746454 -0.00416452 0.00155889 -0.00588118 -0.00819382
internal_weight=45612.6 4159.58 3621.41 41453 18848.9 22604.1 781.396 21749.1 17090.8 13610.5 5478.96 8131.55 3480.25 2803.72
internal_count=212969 20989 17272 191980 89831 102149 4254 98046 76225 59564 23312 36252 16661 13584
is_linear=0
shrinkage=0.03


Tree=223
num_leaves=15
num_cat=0
split_feature=245 231 230 230 224 52 226 248 222 248 231 71 222 226
split_gain=46.0514 53.7369 117.736 150.521 98.3306 113.071 90.2389 85.3436 80.372 103.021 90.0833 76.6944 128.367 102.027
threshold=-0.20662932842969892 91.500000000000014 62.500000000000007 21.500000000000004 32.500000000000007 13.500000000000002 98.500000000000014 0.90404042601585399 19.500000000000004 0.78282830119133007 62.500000000000007 25.500000000000004 3.5000000000000004 6.5000000000000009
decision_type=2 10 8 10 10 10 10 2 10 2 10 8 10 8
left_child=-1 4 3 7 11 8 -4 -3 10 -10 -6 12 -2 -14
right_child=1 2 6 -5 5 -7 -8 -9 9 -11 -12 -13 13 -15
leaf_value=0.014795569515121858 -0.0040954144892491997 -0.0027667721023755041 0.010903770744288032 -0.01505297986294068 -0.021022425858683257 -0.00019406589606554917 -0.0052649584807738427 0.031030807939109853 -0.0050971152963532216 0.017646227297684725 -0.0024497419835975997 0.00020747890646374969 0.01363337535241642 0.0040849704384050669
leaf_weight=176.20743365585804 1354.9604819491506 3622.7249937355518 849.25518772006035 1035.540397554636 569.00327755510807 18940.486088421196 478.98517064005136 58.552181366831064 2038.7956715673208 186.66061036288738 400.58382474631071 9898.1890714727342 1267.9553620181978 4834.6060709729791
leaf_count=2559 7012 18381 4616 4479 2537 84269 2642 389 9206 928 1886 45987 6816 21773
internal_value=-9.32163e-05 -0.000154066 -0.0027857 -0.00500595 0.00024937 -0.00107598 0.00507729 -0.0021466 -0.00628712 -0.00311911 -0.0134525 0.00193937 0.00423472 0.00608794
internal_weight=45712.5 45536.3 6045.06 4716.82 39491.2 22135.5 1328.24 3681.28 3195.04 2225.46 969.587 17355.7 7457.52 6102.56
internal_count=213480 210921 30507 23249 180414 98826 7258 18770 14557 10134 4423 81588 35601 28589
is_linear=0
shrinkage=0.03


Tree=224
num_leaves=15
num_cat=0
split_feature=240 231 230 230 224 244 52 224 246 120 78 245 231 120
split_gain=44.8396 55.7853 119.547 149.606 109.764 109.031 101.333 95.5244 89.09 82.4808 124.008 80.2164 191.394 79.8812
threshold=0.0414930246770382 91.500000000000014 62.500000000000007 21.500000000000004 32.500000000000007 0.0057192372623831042 16.500000000000004 70.500000000000014 0.0095281628891825693 47.500000000000007 10.500000000000002 -0.077565338462591157 79.500000000000014 17.500000000000004
decision_type=8 8 10 10 10 2 10 10 2 8 8 2 10 10
left_child=1 4 3 5 9 -3 -6 -7 -5 -1 -11 12 -8 -13
right_child=-2 2 -4 8 6 7 11 -9 -10 10 -12 13 -14 -15
leaf_value=-0.00097790451877418087 0.0050402706876556081 0.013626737527335701 0.0058545817579396392 0.014924052855742985 -0.0056702833979712323 -0.0047756027085719497 0.0013901955947757847 0.018769856343295557 -0.017753683372866664 -0.0033881639969686622 0.0050092415564059641 0.0027796870267126784 0.02617648107734083 -0.0021836252772378635
leaf_weight=5292.6109149754047 1525.4330827593803 346.36104845628142 1154.4480165950954 74.230180621147156 3691.124688860029 3532.7813314273953 1821.2622552551329 152.45114024728537 918.67665573954582 1903.1605861894786 9214.0718500167131 3864.5057826563716 321.68356797844172 11822.503047168255
leaf_count=22663 8322 1833 6271 325 16675 19544 9005 848 3951 10001 43760 16396 2020 51651
internal_value=5.30109e-07 -0.00017486 -0.00281578 -0.00481559 0.000255975 -0.00223023 -0.00115304 -0.00375341 -0.0151862 0.00210343 0.00356994 -0.000215231 0.00521524 -0.000959918
internal_weight=45635.3 44109.9 6178.95 5024.5 37930.9 4031.59 21521.1 3685.23 992.907 16409.8 11117.2 17830 2142.95 15687
internal_count=213265 204943 32772 26501 172171 22225 95747 20392 4276 76424 53761 79072 11025 68047
is_linear=0
shrinkage=0.03


Tree=225
num_leaves=15
num_cat=0
split_feature=124 141 231 230 230 224 230 127 231 230 231 116 231 224
split_gain=44.8604 46.1299 42.3846 112.426 141.287 82.9855 113.074 133.759 108.919 95.2996 97.9214 82.114 81.5578 80.1069
threshold=5.5000000000000009 1.5000000000000002 91.500000000000014 62.500000000000007 18.500000000000004 32.500000000000007 24.500000000000004 47.500000000000007 61.500000000000007 14.500000000000002 6.5000000000000009 31.500000000000004 13.500000000000002 48.500000000000007
decision_type=8 8 10 8 8 8 8 10 10 10 10 10 10 10
left_child=-1 -2 5 4 -4 -3 7 9 -8 10 -7 -12 -13 -11
right_child=1 2 3 -5 -6 6 8 -9 -10 13 11 12 -14 -15
leaf_value=-0.0055695494909792755 0.01187650580525788 0.0019796165805390678 -0.0013941043886609057 0.0054396845810487414 -0.013105272373063758 -0.028414443732128133 -0.0013354629194660662 0.0047435996342351308 0.0038774699864098944 -0.022944584268836363 0.0055855276852384145 0.023210490894587127 -0.013527423575270951 -0.007955263153907044
leaf_weight=1292.778186544776 286.28120121359825 16412.59033799544 3585.6210771873593 1314.4616326317191 1241.8587952032685 118.54249708354473 12944.837866891176 831.85284783691168 4989.4107824936509 583.61518186330795 733.63922047615051 51.845779284834862 492.29316421598196 735.35618864744902
leaf_count=5506 1253 76901 19621 7218 5397 488 58069 3887 23069 2518 3591 227 2217 3219
internal_value=-8.26462e-05 7.86145e-05 -7.63503e-07 -0.00231048 -0.00442764 0.000374112 -0.000852904 -0.005739 0.000116158 -0.00895606 -0.00345448 -0.00093622 -0.00967133 -0.0147104
internal_weight=45615 44322.2 44035.9 6141.94 4827.48 37894 21481.4 3547.14 17934.2 2715.29 1396.32 1277.78 544.139 1318.97
internal_count=213181 207675 206422 32236 25018 174186 97285 16147 81138 12260 6523 6035 2444 5737
is_linear=0
shrinkage=0.03


Tree=226
num_leaves=15
num_cat=0
split_feature=226 193 120 76 67 246 245 81 193 245 226 226 178 81
split_gain=52.8413 55.7237 82.8908 76.8306 61.6694 56.211 106.644 54.0921 74.2622 66.9523 58.5315 67.469 56.1541 55.1717
threshold=99.500000000000014 73.500000000000014 97.500000000000014 80.500000000000014 68.500000000000014 0.062664434313774123 -0.071955781430006013 51.500000000000007 97.500000000000014 -0.11150914430618285 60.500000000000007 35.500000000000007 65.500000000000014 19.500000000000004
decision_type=10 8 10 10 10 2 2 10 10 2 10 8 8 10
left_child=1 3 7 5 -4 -1 -7 8 13 -10 11 -11 -12 -3
right_child=-2 2 4 -5 -6 6 -8 -9 9 10 12 -13 -14 -15
leaf_value=-0.00095515071115885792 -0.008201672632525827 0.0028300034409667807 0.008892741498250787 0.0022842902590279593 -0.0047190421511150776 -0.014332912114267723 -0.00058302154648178807 0.0034770863651957707 0.017770493818748272 -0.0025033307927049948 -0.014665809290621818 -0.02072180407099625 0.0048337876130051692 -0.001534232830952267
leaf_weight=17519.137872453779 654.75088226795197 5113.7576826885343 1975.0521330349147 6336.5701970420778 346.30205660313368 842.22631596773863 1257.8637880757451 4851.0199598297477 85.905473601073027 302.10473975539207 182.34352847933769 466.05238193273544 420.57820051908493 5298.3135316930711
leaf_count=77802 3120 24165 10878 32741 1835 4717 5849 22532 554 1314 821 1996 2005 23017
internal_value=0.000194833 0.000318805 0.00155097 -0.000585371 0.00685059 -0.0015129 -0.00613911 0.000811534 -0.000279918 -0.00659941 -0.00824393 -0.013681 -0.0012066 0.000609866
internal_weight=45652 44997.2 19041.4 25955.8 2321.35 19619.2 2100.09 16720.1 11869.1 1456.98 1371.08 768.157 602.922 10412.1
internal_count=213346 210226 89117 121109 12713 88368 10566 76404 53872 6690 6136 3310 2826 47182
is_linear=0
shrinkage=0.03


Tree=227
num_leaves=15
num_cat=0
split_feature=240 240 245 222 245 151 245 231 57 231 226 231 222 244
split_gain=46.1751 46.8632 59.4217 55.1037 53.5513 117.106 76.7795 58.9092 51.2775 71.409 53.8942 68.9974 84.7592 70.5868
threshold=0.082956656813621535 -0.0085072293877601606 -0.15800683945417401 4.5000000000000009 -0.091523844748735414 83.500000000000014 -0.089687976986169801 55.500000000000007 70.500000000000014 88.500000000000014 38.500000000000007 97.500000000000014 1.5000000000000002 0.0037825293838977818
decision_type=10 10 2 8 2 10 2 8 10 10 8 10 10 2
left_child=1 8 3 -3 5 -4 -6 -7 -1 -10 11 13 -13 -11
right_child=-2 2 4 -5 6 7 -8 -9 9 10 -12 12 -14 -15
leaf_value=-0.00022241848698411162 0.009673237319899294 0.0021750581106435439 0.007160280707702223 -0.030373569326144479 -0.020030947886626259 -0.031845744326764798 -0.0015472126818437872 -0.0014229309714257547 0.0038029872083463743 0.0185474980189431 0.0055312187121493604 0.023645660603183065 -0.0057725920919640874 -0.016482989017600785
leaf_weight=20551.51245445013 426.51811857894063 74.29515939578414 1397.2565539926291 110.99679074436426 195.30372975021601 99.581309907138348 14080.648565374315 122.08773387223482 7029.5011489987373 48.639904297888279 420.02075854316354 110.1171814315021 321.84739488735795 566.07331635802984
leaf_count=94795 2512 617 7697 681 911 472 62834 709 33397 266 2174 1023 1893 2982
internal_value=-3.71105e-05 -0.000131009 -0.00142986 -0.0178797 -0.00122698 0.00392817 -0.00181393 -0.0158746 0.000588252 0.00254714 -0.00345678 -0.00708178 0.00209209 -0.0134586
internal_weight=45554.4 45127.9 16080.2 185.292 15894.9 1618.93 14276 221.669 29047.7 8496.2 1466.7 1046.68 431.965 614.713
internal_count=212963 210451 73921 1298 72623 8878 63745 1181 136530 41735 8338 6164 2916 3248
is_linear=0
shrinkage=0.03


Tree=228
num_leaves=15
num_cat=0
split_feature=57 170 226 7 226 226 178 146 80 7 246 9 222 194
split_gain=46.0405 55.7939 67.0649 63.3832 53.6705 51.0471 48.3066 96.5299 97.1176 85.1496 79.6083 67.4381 59.213 51.7936
threshold=70.500000000000014 28.500000000000004 81.500000000000014 2.5000000000000004 99.500000000000014 84.500000000000014 11.500000000000002 98.500000000000014 75.500000000000014 6.5000000000000009 0.13885851949453357 11.500000000000002 65.500000000000014 39.500000000000007
decision_type=8 10 10 10 8 10 8 10 10 10 2 10 10 8
left_child=4 2 -2 -3 6 -4 7 8 9 10 13 -8 -11 -1
right_child=1 3 5 -5 -6 -7 11 -9 -10 12 -12 -13 -14 -15
leaf_value=0.012761599953415683 -0.0014674865287418334 0.010186643322733595 0.023853551723926524 0.0020515361492336823 -0.0088319002640683333 0.0040207168749298158 0.0061887781762218416 -0.016038183827843479 -0.028724891362072302 -0.0045791176856337257 -0.021901234066602503 -0.00033294425982793396 0.0063596793577144978 0.0010308509386024287
leaf_weight=665.03286797180772 6672.3112661503255 990.26968020200729 138.5439383238554 6304.2280814051628 708.88946091383696 575.03950973600149 1514.4343555010855 453.60602605342865 108.35462751984596 3902.378556329757 82.819783262908459 22316.49855357036 493.76547832041979 683.78965747728944
leaf_count=3553 33061 6010 622 29961 3568 2709 6949 2633 461 17835 437 99656 2255 3415
internal_value=-7.37697e-05 0.0013092 -0.000528756 0.00316836 -0.000730392 0.00814775 -0.000537495 -0.00285164 -0.00181872 -0.00127011 0.00506147 8.39274e-05 -0.00333885 0.00686601
internal_weight=45610 14680.4 7385.89 7294.5 30929.6 713.583 30220.7 6389.75 5936.14 5827.79 1431.64 23830.9 4396.14 1348.82
internal_count=213125 72363 36392 35971 140762 3331 137194 30589 27956 27495 7405 106605 20090 6968
is_linear=0
shrinkage=0.03


Tree=229
num_leaves=15
num_cat=0
split_feature=101 71 140 246 246 238 231 118 249 230 224 231 231 178
split_gain=55.7486 68.4623 63.9792 62.0275 54.8874 56.5109 63.0504 76.9841 97.8841 50.9195 97.2008 68.8642 90.0161 70.1857
threshold=5.5000000000000009 24.500000000000004 24.500000000000004 0.0021583283087238674 0.010129196569323541 -0.28074955940246576 89.500000000000014 91.500000000000014 0.80303028225898754 15.500000000000002 6.5000000000000009 10.500000000000002 92.500000000000014 1.5000000000000002
decision_type=8 8 8 2 2 10 10 10 2 10 10 10 10 8
left_child=4 9 -3 -4 -1 -6 7 8 -7 11 -11 13 -13 -2
right_child=1 2 3 -5 5 6 -8 -9 -10 10 -12 12 -14 -15
leaf_value=0.005044627109248764 -0.032464031614632106 -0.0029018094571260748 -0.026329140247458978 0.00068542975989249689 0.012014331203202252 -0.0029067299468412433 -0.010710056447590561 0.0070783411332247699 -0.024965263222604606 -0.015908584254539511 0.0018966944397916098 0.0091725735780215211 -0.0007476238740541575 0.0043395373779580018
leaf_weight=798.92423574998975 75.869258522987366 5841.689352452755 66.746292099356651 23775.275962445885 200.9137065783143 4160.8926735110581 982.99627589434385 656.57337082177401 179.60334640741348 283.97512555867434 4493.3769164159894 2734.8102285265923 1173.8793669380248 97.590685069561005
leaf_count=3668 328 25327 280 110815 2168 18705 5166 3582 797 1288 19721 13947 6512 442
internal_value=0.000153265 0.000600155 -9.08615e-05 0.000598795 -0.0023118 -0.00326927 -0.00380196 -0.00242436 -0.00387477 0.00291289 0.000807294 0.00536909 0.00619898 -0.01265
internal_weight=45523.1 38543.2 29683.7 23842 6979.9 6180.98 5980.07 4997.07 4340.5 8859.5 4777.35 4082.15 3908.69 173.46
internal_count=212746 178660 136422 111095 34086 30418 28250 23084 19502 42238 21009 21229 20459 770
is_linear=0
shrinkage=0.03


Tree=230
num_leaves=15
num_cat=0
split_feature=57 63 62 249 119 224 59 249 224 237 226 42 249 126
split_gain=39.8691 51.9195 86.4523 63.5039 57.7121 57.171 101.95 71.2969 70.1321 110.05 104.826 77.5171 61.7884 84.1202
threshold=70.500000000000014 62.500000000000007 96.500000000000014 0.65151515603065502 15.500000000000002 31.500000000000004 50.500000000000007 0.13636363297700885 16.500000000000004 0.033405691385269172 42.500000000000007 63.500000000000007 0.12626262754201892 54.500000000000007
decision_type=10 10 10 2 10 8 8 2 10 2 8 10 2 10
left_child=1 2 3 5 -3 8 7 -7 10 11 12 -10 13 -1
right_child=-2 4 -4 -5 -6 6 -8 -9 9 -11 -12 -13 -14 -15
leaf_value=-0.0059537725210928021 0.0012185120793732705 -0.0064932118829867892 -0.0098657436087849111 -0.0084203698633788914 0.0014823785273813191 -0.0087780692623960505 0.00012291045738807671 -0.00017600982148036128 0.003492198011259778 0.01363933500953184 0.0083144034715020559 -0.01205305578329853 -0.0091128845221307275 0.0077224596354886835
leaf_weight=957.89634134620428 14181.596193689853 873.21111386269331 1076.9307435974479 1014.1230933554471 10830.551234394312 2623.6512497439981 6816.7138446383178 1293.5020965263247 1919.5032278522849 880.12396484613419 775.67081801220775 329.57276060432196 1227.3337766118348 685.72727763280272
leaf_count=4247 69094 3665 4900 4759 51273 11114 30938 5796 8275 4050 3402 1397 6302 3494
internal_value=-0.000100563 -0.00069833 -0.0016421 -0.00115893 0.000882289 -0.000733798 -0.00209503 -0.00594522 0.0014225 0.00471012 -0.00140381 0.00117097 -0.00404921 -0.000235791
internal_weight=45486.1 31304.5 19600.7 18523.8 11703.8 17509.7 10733.9 3917.15 6775.83 3129.2 3646.63 2249.08 2870.96 1643.62
internal_count=212706 143612 88674 83774 54938 79015 47848 16910 31167 13722 17445 9672 14043 7741
is_linear=0
shrinkage=0.03


Tree=231
num_leaves=15
num_cat=0
split_feature=165 120 233 103 242 238 52 226 231 35 231 226 231 69
split_gain=46.8784 51.6586 48.2485 49.1515 44.631 42.0743 47.8367 94.2996 98.2537 94.9801 80.3311 55.9226 64.8911 55.4521
threshold=5.5000000000000009 21.500000000000004 99.500000000000014 29.500000000000004 0.010344742331653835 -0.29082198441028589 9.5000000000000018 4.5000000000000009 99.500000000000014 13.500000000000002 19.500000000000004 73.500000000000014 1.5000000000000002 6.5000000000000009
decision_type=8 8 10 10 8 10 10 8 10 10 10 10 8 10
left_child=1 -1 4 -4 -2 -6 7 8 10 -10 -7 12 -9 -14
right_child=2 -3 3 -5 5 6 -8 11 9 -11 -12 -13 13 -15
leaf_value=0.0071104434592910108 -0.010289721237420078 -0.0058283579661648965 0.0089824684164533704 -0.0010082418612047525 0.0087544709961120855 -0.014195522331179062 0.00050626665285736171 -0.022944875237527654 -0.002381247977106159 -0.042410455895708583 0.0084131615900516626 0.0070200622198937669 9.3298456618618622e-05 -0.0056328232049930151
leaf_weight=311.28805297613144 369.42664819955826 2094.1982098519802 1080.0152744613588 743.73361684009433 483.40289753675461 146.09629265218973 31164.418310280889 151.90702015906572 212.15995587781072 61.873251385986805 1593.5127667710185 419.10176949203014 2297.5312709920108 4497.8491424992681
leaf_count=1336 1615 9506 5736 3484 4488 689 141210 693 1300 304 8964 1952 11397 20707
internal_value=-6.42529e-05 -0.00413147 0.000163014 0.00492493 -4.79104e-05 4.67947e-05 -5.91582e-05 -0.00193628 0.00380381 -0.0125943 0.00644415 -0.00350839 -0.00415271 -0.00369952
internal_weight=45626.5 2405.49 43221 1823.75 41397.3 41027.9 40544.4 9380.03 2013.64 274.033 1739.61 7366.39 6947.29 6795.38
internal_count=213381 10842 202539 9220 193319 191704 187216 46006 11257 1604 9653 34749 32797 32104
is_linear=0
shrinkage=0.03


Tree=232
num_leaves=15
num_cat=0
split_feature=238 226 230 230 244 104 249 222 226 249 110 119 229 59
split_gain=43.0167 54.4136 140.323 81.8718 97.9574 102.858 116.61 94.5635 83.2107 92.5819 80.8981 119.077 73.6308 69.1971
threshold=-0.11328832060098647 43.500000000000007 28.500000000000004 3.5000000000000004 0.0054192107636481532 87.500000000000014 0.7525252401828767 7.5000000000000009 3.5000000000000004 0.10606060549616815 17.500000000000004 97.500000000000014 8.5000000000000018 2.5000000000000004
decision_type=10 10 8 10 2 10 2 10 10 2 10 10 10 8
left_child=1 3 -3 4 -1 6 7 8 9 -6 11 12 -5 -7
right_child=-2 2 -4 10 5 13 -8 -9 -10 -11 -12 -13 -14 -15
leaf_value=0.015222346172606824 -0.0008226376332888919 0.014356543322889027 0.0015249696507076652 -0.013926317844040598 -0.0098578294375811192 -0.033850647307495978 0.016595365540998722 0.0064045697880076883 -0.012302434236822948 0.0069911405701132473 0.0016661732611598637 0.0046712427285251568 -0.0043710614823303864 0.0053506158066370779
leaf_weight=514.34428144991398 26951.916189223528 871.43544458225369 5936.1647356636822 1040.9135161414742 455.74338952079415 110.39626292139292 450.92580882459879 1391.9753765724599 667.44642409682274 783.83828482031822 3024.1872485131025 948.31314123421907 2397.9610262475908 57.411286406219006
leaf_count=3049 117986 4183 28518 4928 2655 546 3001 8092 3578 5743 14883 4992 10805 318
internal_value=-5.62756e-05 0.00105101 0.00318618 -0.000177931 0.00304353 0.00140994 0.00246086 0.000484564 -0.00384743 0.00076715 -0.0021059 -0.00470396 -0.00729534 -0.0208922
internal_weight=45603 18651.1 6807.6 11843.5 4432.08 3917.74 3749.93 3299 1907.03 1239.58 7411.37 4387.19 3438.87 167.808
internal_count=213277 95291 32701 62590 26982 23933 23069 20068 11976 8398 35608 20725 15733 864
is_linear=0
shrinkage=0.03


Tree=233
num_leaves=15
num_cat=0
split_feature=141 232 224 56 155 52 106 8 248 222 222 248 70 184
split_gain=53.3276 48.1887 82.3629 112.016 77.8721 68.0412 60.0372 78.1762 76.9784 57.1026 100.106 53.4924 56.3004 64.9934
threshold=1.5000000000000002 83.500000000000014 16.500000000000004 35.500000000000007 40.500000000000007 4.5000000000000009 81.500000000000014 6.5000000000000009 0.7525252401828767 94.500000000000014 71.500000000000014 0.95454546809196483 7.5000000000000009 69.500000000000014
decision_type=8 10 10 10 10 10 10 8 2 10 10 2 8 10
left_child=-1 11 4 5 -3 -4 7 8 -6 10 -5 12 -2 -14
right_child=1 2 3 9 6 -7 -8 -9 -10 -11 -12 -13 13 -15
leaf_value=0.011172773516516351 0.0022602179835750757 0.0041008969995226753 -0.00039760185250228543 -0.0011796132241057116 -0.0036691160279620871 0.01212661501582502 -0.020954869342977866 -0.0089347914098572481 0.015084883965190346 -0.017571615782256966 0.014796001056849351 -0.026213225272857028 -0.0018709505280586787 0.0012231601074389293
leaf_weight=368.52458762377501 5443.15426819399 1276.7038148231804 502.05842170119286 2228.988328024745 524.26649827137589 1735.7282577827573 189.40789733827114 1068.5082743652165 302.78673785552382 141.86180032044649 409.18674924969673 63.264051478356123 22844.081873461604 8331.666885074228
leaf_count=1617 25852 6970 2403 10039 2933 8213 940 5062 2048 627 1857 308 104090 39630
internal_value=-4.05566e-05 -0.00013472 0.00191653 0.00434758 -0.00171431 0.00932748 -0.00527776 -0.00360953 0.00329497 0.000319956 0.00134476 -0.000603694 -0.000552306 -0.00104393
internal_weight=45430.2 45061.7 8379.5 5017.82 3361.67 2237.79 2084.97 1895.56 827.053 2780.04 2638.18 36682.2 36618.9 31175.7
internal_count=212589 210972 41092 23139 17953 10616 10983 10043 4981 12523 11896 169880 169572 143720
is_linear=0
shrinkage=0.03


Tree=234
num_leaves=15
num_cat=0
split_feature=71 68 245 243 120 231 246 245 224 243 224 222 245 244
split_gain=41.0755 81.8811 80.3331 83.5534 89.9709 74.4207 109.807 107.203 109.614 96.9445 89.2849 91.3228 88.2386 84.1925
threshold=24.500000000000004 20.500000000000004 -0.044067097827792161 -0.048201425001025193 26.500000000000004 70.500000000000014 0.051278099417686469 -0.055736036971211426 86.500000000000014 -0.024593934416770932 22.500000000000004 94.500000000000014 -0.075403515249490724 0.0017953263013623657
decision_type=8 8 2 2 8 8 2 2 10 2 10 10 2 2
left_child=-1 -2 5 -4 -5 13 7 9 -9 10 -7 12 -12 -3
right_child=1 2 3 4 -6 6 -8 8 -10 -11 11 -13 -14 -15
leaf_value=0.0013993127719940273 -0.0038350204960201266 -0.010472933776241164 -0.024575746535719725 0.0029362426326813413 -0.0035182531909534183 5.6832554098334633e-05 -0.0044276810994137127 -0.006847300849242839 0.014307827406205091 0.025373245797304211 0.020135291283089871 -0.026122134257640279 0.0065294980962427324 0.00069269587720164423
leaf_weight=13814.868860837072 5638.2076418958604 634.34269025176764 135.69546908885241 2710.8995002359152 6802.4825053587556 924.36976612731814 1011.4764550291002 835.58650440722704 288.23444272577763 302.42096634209156 780.91587130725384 47.274871967732906 969.7431313842535 10702.334457501769
leaf_count=66924 26653 2757 608 11551 29965 4559 6048 3718 1334 1708 4668 270 4420 48126
internal_value=3.41631e-05 -0.000559451 0.000148106 -0.00202498 -0.00167785 0.00141962 0.00440249 0.00656089 -0.00134316 0.00949234 0.00764173 0.0115195 0.0126785 5.92448e-05
internal_weight=45598.9 31784 26145.8 9649.08 9513.38 16496.7 5160.02 4148.55 1123.82 3024.72 2722.3 1797.93 1750.66 11336.7
internal_count=213309 146385 119732 42124 41516 77608 26725 20677 5052 15625 13917 9358 9088 50883
is_linear=0
shrinkage=0.03


Tree=235
num_leaves=15
num_cat=0
split_feature=231 243 245 249 231 248 228 246 231 249 248 245 243 246
split_gain=41.4867 142.391 159.089 193.634 131.464 209.343 113.27 112.807 89.2107 97.6268 150.886 87.0925 146.082 181.863
threshold=26.500000000000004 -0.02067068591713905 -0.10350605472922324 0.015151515137404205 22.500000000000004 0.56060606241226207 16.500000000000004 0.0047018700279295453 31.500000000000004 0.66161617636680614 0.80303028225898754 -0.069022819399833665 -0.0414503626525402 0.069588184356689467
decision_type=8 2 2 2 10 2 8 2 8 2 2 2 2 2
left_child=1 2 4 -4 5 -1 -3 -8 9 10 -2 12 -5 -14
right_child=8 6 3 11 -6 -7 7 -9 -10 -11 -12 -13 13 -15
leaf_value=0.019841362246802073 -0.0051401367452377786 0.019741273215919255 0.020587395749341899 0.00042452099201917325 0.013992516741672614 -0.030445677523954315 -0.030430507360416206 -0.0024805974584456037 -0.00027796656949510888 0.020717175412458509 -0.031403568191543281 0.00079936444457453268 0.021011498640895347 -0.021888773618511891
leaf_weight=88.539202157407999 1952.5759772211313 190.93449905514717 691.55204936861992 953.39450822025537 134.25052917003632 321.40338426083326 123.71665652096272 4796.2954927608371 31632.865272833034 104.06944303959608 209.91712082922459 3278.939036205411 891.37279860675335 90.558062441647053
leaf_count=610 8640 810 2925 4365 734 1451 509 20631 151792 600 934 14203 4083 415
internal_value=-0.000161607 0.00138953 0.00435031 0.00578437 -0.0110363 -0.0193709 -0.00234817 -0.00324371 -0.000690857 -0.00642675 -0.00782239 0.00378544 0.00881451 0.0168743
internal_weight=45460.4 11561 6450.01 5905.82 544.193 409.943 5110.95 4920.01 33899.4 2266.56 2162.49 5214.26 1935.33 981.931
internal_count=212702 50736 28786 25991 2795 2061 21950 21140 161966 10174 9574 23066 8863 4498
is_linear=0
shrinkage=0.03


Tree=236
num_leaves=15
num_cat=0
split_feature=194 29 224 244 229 195 248 224 244 244 246 226 144 231
split_gain=47.364 73.0712 65.6841 82.9922 90.932 77.9058 61.0885 60.4883 59.5431 74.1327 72.7634 57.0639 101.721 52.9408
threshold=30.500000000000004 inf 6.5000000000000009 0.016473784111440185 4.5000000000000009 38.500000000000007 0.58080807328224193 65.500000000000014 0.05744940601289273 0.033992469310760505 0.042744737118482597 2.5000000000000004 3.5000000000000004 18.500000000000004
decision_type=10 8 10 2 10 10 2 10 2 2 2 8 10 10
left_child=11 2 3 13 8 -4 -6 -7 9 10 -5 12 -1 -2
right_child=1 -3 5 4 6 7 -8 -9 -10 -11 -12 -13 -14 -15
leaf_value=-0.024555646206398083 0.021428923760879758 0.011176253041598925 -0.0024397423176985549 -0.015415238595294006 -0.00830302269030532 0.0030968847874350601 -0.038019169325007325 -0.0021436642486351958 0.0069998982893354116 -0.026934426476627697 0.0095297783932172132 0.00041188554608986876 0.0066731337638438635 -0.0023534410230171012
leaf_weight=88.328174903988838 82.019177421927452 422.92209142073989 10804.200684566051 223.07373854517937 108.15766684710979 5930.9208553358912 162.69642917811871 2966.3459184318781 200.91169531270862 183.15261666104198 182.81673572584987 21020.227481182665 2216.1996114961803 986.88255042210221
leaf_count=408 363 2539 48425 1143 508 26821 736 13620 1475 902 982 97390 13004 4944
internal_value=-4.00678e-05 -0.00102991 -0.00127138 -0.00626372 -0.0121668 -0.000728804 -0.026871 0.00134924 -0.00685224 -0.0116149 -0.00422079 0.00090437 0.00537527 -0.000346864
internal_weight=45578.9 22254.1 21831.2 2129.71 1060.81 19701.5 270.854 8897.27 789.955 589.043 405.89 23324.8 2304.53 1068.9
internal_count=213260 102458 99919 11053 5746 88866 1244 40441 4502 3027 2125 110802 13412 5307
is_linear=0
shrinkage=0.03


Tree=237
num_leaves=15
num_cat=0
split_feature=231 231 249 230 230 244 249 229 230 230 222 245 245 245
split_gain=43.3525 90.0073 84.2933 80.5342 106.007 100.627 113.782 121.752 218.973 130.309 97.8381 105.015 88.1223 154.538
threshold=26.500000000000004 31.500000000000004 0.66161617636680614 80.500000000000014 84.500000000000014 0.0017953263013623657 0.035353535786271102 38.500000000000007 57.500000000000007 44.500000000000007 13.500000000000002 -0.049618283286690705 -0.10093915089964865 -0.12353134900331496
decision_type=8 8 2 10 10 2 2 8 10 8 10 2 2 2
left_child=3 2 -2 5 -5 10 7 8 12 -9 -1 -12 13 -7
right_child=1 -3 -4 4 -6 6 -8 9 -10 -11 11 -13 -14 -15
leaf_value=0.021537068422889237 -0.0076099289077531662 -0.0001990829221000826 0.019225112532863135 0.01874397816327536 0.002360091762836625 0.018962513487638485 -0.0010355674471671625 0.023499050661692274 0.037496700799860533 -0.0053757114892177601 -0.033080751348908234 0.00071979434403869017 0.0092621824438378544 -0.038631647731634855
leaf_weight=51.023556545376778 2189.1642359942198 31659.053065109998 101.26400762051344 518.46097358688712 1096.2057072892785 65.698965258896351 6670.6111279539764 153.24519281089306 234.3949316740036 1008.0781176388264 205.05683342367411 133.76421828567982 1323.4831184968352 86.916690528392792
leaf_count=213 9694 151974 594 2373 5000 334 29546 625 986 4162 878 552 5669 372
internal_value=-7.53767e-05 -0.000615474 -0.00634509 0.00151174 0.00770386 0.000498362 0.00111504 0.0060967 0.0111633 -0.00139738 -0.0142468 -0.0200984 0.00675753 -0.0141967
internal_weight=45496.4 33949.5 2290.43 11546.9 1614.67 9932.27 9542.43 2871.82 1710.49 1161.32 389.845 338.821 1476.1 152.616
internal_count=212972 162262 10288 50710 7373 43337 41694 12148 7361 4787 1643 1430 6375 706
is_linear=0
shrinkage=0.03


Tree=238
num_leaves=15
num_cat=0
split_feature=245 246 234 231 224 226 231 246 226 226 245 226 245 7
split_gain=43.1611 39.1206 44.0102 47.6909 139.948 116.351 108.04 100.479 101.364 187.229 154.374 146.288 127.354 89.5614
threshold=-0.26005084812641138 0.2878901362419129 84.500000000000014 26.500000000000004 4.5000000000000009 5.5000000000000009 21.500000000000004 0.0021583283087238674 81.500000000000014 49.500000000000007 -0.069022819399833665 38.500000000000007 -0.10350605472922324 38.500000000000007
decision_type=2 2 10 8 8 10 10 2 10 10 2 10 2 10
left_child=-1 2 3 4 -2 6 -6 -7 9 11 13 12 -9 -11
right_child=1 -3 -4 -5 5 7 -8 8 -10 10 -12 -13 -14 -15
leaf_value=0.024865571759389068 0.022197013092897899 -0.014175195146419258 0.0028688479821413143 -0.00086179385152196646 -0.016820538279510015 -0.032413682809212759 0.017398112953385642 -0.022222151061931525 0.0087761485614109361 0.016154669077851246 -0.0076367347810928233 0.012851015592993105 0.0027280284528854028 -0.0021551443909530697
leaf_weight=52.954314444214106 275.28172695636749 164.34964559227228 4518.102277610451 30068.186871850863 526.80832014977932 67.160993963479996 89.837107084691525 187.35616715252399 1626.3448053114116 432.31105327606201 2903.653313793242 1391.6338360756636 2740.0541381165385 522.29875559359789
leaf_count=861 1248 1049 22177 142031 2414 275 522 837 7428 1985 12246 5961 11764 2440
internal_value=4.25501e-05 8.21301e-06 6.2729e-05 -0.000248406 0.00146444 0.000899616 -0.0116372 0.0016938 0.00196025 0.000595602 -0.00420152 0.00488075 0.00106098 0.00621827
internal_weight=45566.3 45513.4 45349 40830.9 10762.7 10487.5 616.645 9870.81 9803.65 8177.31 3858.26 4319.04 2927.41 954.61
internal_count=213238 212377 211328 189151 47120 45872 2936 42936 42661 35233 16671 18562 12601 4425
is_linear=0
shrinkage=0.03


Tree=239
num_leaves=15
num_cat=0
split_feature=209 245 224 224 231 246 224 244 244 244 231 245 243 224
split_gain=44.895 48.6588 63.7332 66.6454 122.616 81.6325 79.2108 82.4044 77.576 77.2535 72.872 114.06 153.094 113.335
threshold=81.500000000000014 -0.044067097827792161 98.500000000000014 82.500000000000014 51.500000000000007 0.055370567366480834 86.500000000000014 0.0047598674427717933 0.094444546848535552 0.032252604141831405 26.500000000000004 -0.10350605472922324 -0.020430742762982842 60.500000000000007
decision_type=10 2 10 8 8 2 8 2 2 2 10 2 2 10
left_child=1 2 3 10 6 -6 -5 -8 -7 -9 11 -1 13 -13
right_child=-2 -3 -4 4 5 8 7 9 -10 -11 -12 12 -14 -15
leaf_value=-0.010150869462813537 -0.0035127137631158932 -0.0014255043573289919 -0.013559442071380743 0.011061975394882431 0.013373760517565352 -0.010574600994855927 0.0246430143665071 -0.017769690590358326 0.020895486833977683 0.0074960252975159493 -0.00040136199387418438 0.0052056686439602455 -0.0036826717756574313 0.018914311501140764
leaf_weight=522.08467155694962 3223.1390880793333 12387.981414094567 265.30546124279499 235.79027936607599 1385.2198913283646 269.26651209592819 51.084352314472198 468.01192603260279 84.430963050574064 134.85909785330296 20275.585735270754 4021.2452846691012 1592.7695552706718 620.77612389624119
leaf_count=2705 14361 54025 1370 1080 7304 1714 240 2022 776 670 99301 17869 6880 2792
internal_value=-0.00010533 0.000154983 0.00080948 0.00094253 0.00549345 0.0101088 -0.00353881 -0.00889059 -0.00269441 -0.0120878 0.000498126 0.00319386 0.00432577 0.00707564
internal_weight=45537.6 42314.4 29926.4 29661.1 2628.66 1738.92 889.746 653.955 353.697 602.871 27032.5 6756.88 6234.79 4642.02
internal_count=213109 198748 144723 143353 13806 9794 4012 2932 2490 2692 129547 30246 27541 20661
is_linear=0
shrinkage=0.03


Tree=240
num_leaves=15
num_cat=0
split_feature=71 140 120 248 138 10 244 231 119 222 243 244 231 31
split_gain=39.8439 63.4481 70.486 126.037 72.7132 60.6082 61.1907 57.4321 60.3337 62.0162 110.505 110.748 82.9832 80.775
threshold=24.500000000000004 22.500000000000004 17.500000000000004 0.76262626051902782 78.500000000000014 2.5000000000000004 0.10114844888448717 89.500000000000014 95.500000000000014 3.5000000000000004 -0.048201425001025193 0.016473784111440185 18.500000000000004 54.500000000000007
decision_type=8 10 10 2 10 8 2 10 10 10 2 2 10 10
left_child=7 5 3 -3 -4 -2 -7 8 9 -1 12 13 -11 -12
right_child=1 2 4 -5 -6 6 -8 -9 -10 10 11 -13 -14 -15
leaf_value=-0.0050162591195794665 0.0042929941442755365 0.0050025182370627315 0.00034247825350231897 -0.018311900326341581 -0.0040641314592635251 -0.0043990450607768444 0.016627204643759729 -0.0025275807178099896 0.01011497649084756 -0.012277222792223602 0.00014258632149343836 0.0055980129912744985 0.011377086106410399 -0.0094281370537668916
leaf_weight=1108.2848451323807 890.95014068111777 3825.854497667402 15779.259546890855 210.97823479026556 4274.9656392261386 6540.0482550524175 117.3585048019886 2789.9550742805004 810.20273530110717 137.86469273269176 3593.0293563604355 2784.2170196175575 1547.2658188678324 1008.5552673712373
leaf_count=5508 4231 16802 73622 903 19794 29479 988 15308 4943 608 15504 12664 7943 4318
internal_value=-3.58635e-05 -0.000622234 0.000130086 0.00374179 -0.000598438 -0.00302031 -0.00400401 0.00131 0.00228569 0.00165321 0.00247271 0.000886006 0.00938086 -0.00197098
internal_weight=45418.8 31639.4 24091.1 4036.83 20054.2 7548.36 6657.41 13779.4 10989.4 10179.2 9070.93 7385.8 1685.13 4601.58
internal_count=212615 145819 111121 17705 93416 34698 30467 66796 51488 46545 41037 32486 8551 19822
is_linear=0
shrinkage=0.03


Tree=241
num_leaves=15
num_cat=0
split_feature=226 230 244 226 231 231 222 222 18 230 244 226 228 231
split_gain=49.2542 48.949 100.579 81.3877 179.362 141.004 93.2704 88.1999 84.2936 68.9835 108.964 82.7793 67.4796 64.5477
threshold=99.500000000000014 80.500000000000014 0.085841022431850447 66.500000000000014 25.500000000000004 59.500000000000007 38.500000000000007 19.500000000000004 11.500000000000002 78.500000000000014 0.0058110107202082881 88.500000000000014 93.500000000000014 17.500000000000004
decision_type=10 8 2 10 10 10 10 10 10 10 2 10 10 8
left_child=1 9 3 13 6 7 -5 -6 -9 12 -11 -12 -1 -3
right_child=-2 2 -4 4 5 -7 -8 8 -10 10 11 -13 -14 -15
leaf_value=5.0158101165269226e-05 -0.0080125844417595817 -0.015988771845581624 0.018387284134321891 0.026596765305862816 -0.020766309390450693 0.0051913199367366498 0.0082132503253394187 0.017172003467660006 -0.004961548644719229 -0.028825900448281642 0.0041870125898363624 -0.029043326693861966 -0.015481580450340043 -0.0012141058799428413
leaf_weight=36213.37923514843 652.77791543677449 328.46336229145527 328.31419359147549 331.49996816366911 278.46685414016247 2535.4144598059356 972.13039556890726 161.55184493213892 1598.9388501755893 183.22685858607292 369.13594844937325 72.113319411873817 243.51535055041313 1254.388443749398
leaf_count=167563 3105 1616 2238 1534 1238 12865 4494 760 6999 762 1660 307 1059 6908
internal_value=0.000105948 0.000225815 0.00238615 0.00165835 0.00328397 0.000476996 0.0130549 -0.00538192 -0.00284494 -0.000228497 -0.0100356 -0.00176709 -5.78037e-05 -0.00436118
internal_weight=45523.3 44870.5 7789.17 7460.85 5878 4574.37 1303.63 2038.96 1760.49 37081.4 624.476 441.249 36456.9 1582.85
internal_count=213108 210003 38652 36414 27890 21862 6028 8997 7759 171351 2729 1967 168622 8524
is_linear=0
shrinkage=0.03


Tree=242
num_leaves=15
num_cat=0
split_feature=242 190 194 29 124 233 244 14 117 85 244 127 190 231
split_gain=43.8707 42.1459 42.3853 46.039 41.8113 43.4496 45.9338 78.9963 59.299 42.746 39.2825 38.0345 43.2196 42.3719
threshold=0.010344742331653835 91.500000000000014 29.500000000000004 99.500000000000014 16.500000000000004 69.500000000000014 0.0031855513807386164 17.500000000000004 88.500000000000014 4.5000000000000009 0.020083720795810226 1.5000000000000002 8.5000000000000018 99.500000000000014
decision_type=8 10 10 8 8 10 2 10 10 10 2 10 10 10
left_child=-1 2 4 11 -2 6 7 8 -6 10 -7 12 -4 -13
right_child=1 -3 3 -5 5 9 -8 -9 -10 -11 -12 13 -14 -15
leaf_value=-0.0098892884032480994 -0.0034297898676715136 0.0044374500706311605 -0.019342736782220066 0.0081053066456230737 -0.019705816572897449 0.011361741830400569 0.00082873285380644687 0.0013938715397991297 0.0089282020002737269 0.0021567436432824243 -0.0019646416368357018 -0.00066177830196250959 -0.0036756338254151709 -0.0083563985267924527
leaf_weight=383.18220321089029 1844.4713440388441 1985.7301148287952 193.81136806309223 478.6356287188828 378.11868501454592 911.01119487918913 12965.809076070786 614.21376249939203 72.130521189421415 5317.7591532915831 250.56498051807284 18728.957622624934 745.04953249543905 657.1713851429522
leaf_count=1674 7902 9985 1119 2724 1679 4668 61836 2716 389 25456 1667 84331 3672 3370
internal_value=8.84043e-05 0.000175267 -2.18225e-05 -0.000996136 0.000884954 0.00127447 0.000335366 -0.00562592 -0.0150243 0.00330434 0.00849486 -0.00121435 -0.0070796 -0.000926792
internal_weight=45526.6 45143.4 43157.7 20803.6 22354.1 20509.6 14030.3 1064.46 450.249 6479.34 1161.58 20325 938.861 19386.1
internal_count=213188 211514 201529 95216 106313 98411 66620 4784 2068 31791 6335 92492 4791 87701
is_linear=0
shrinkage=0.03


Tree=243
num_leaves=15
num_cat=0
split_feature=124 233 230 229 230 245 231 244 224 222 245 245 228 6
split_gain=43.0535 42.2836 46.0769 141.314 91.0232 88.1446 91.146 104.37 87.4419 92.811 96.6442 114.741 86.2047 85.2417
threshold=6.5000000000000009 99.500000000000014 69.500000000000014 81.500000000000014 65.500000000000014 -0.10268675163388251 78.500000000000014 0.0058110107202082881 82.500000000000014 25.500000000000004 -0.053277680650353425 -0.088814865797758089 43.500000000000007 22.500000000000004
decision_type=8 10 8 10 10 2 10 2 10 10 2 2 10 10
left_child=-1 2 3 4 8 -6 7 13 -2 -10 11 -11 -9 -7
right_child=1 -3 -4 -5 5 6 -8 12 9 10 -12 -13 -14 -15
leaf_value=-0.0049307315252732934 -0.00037324058606923421 0.0046435114020077668 0.001586146726525825 -0.016356548539315615 0.026995693580995104 0.028003090766894483 0.012946770760015474 -0.02602524253174112 0.024184366653563154 0.023043385188105919 0.011815331876556468 -0.01889335484948064 -0.0057895206689625505 -0.0081412423245640665
leaf_weight=1557.3673991709948 28285.156921131536 1781.3210423029959 11202.013313092291 497.61054634302855 51.1367007791996 77.878991827368736 129.20702609419823 487.01265118271112 245.93716859817505 67.109362579882145 469.56969161331654 245.06960763782263 317.63540139049292 168.053596124053
leaf_count=6636 131515 9105 53998 2136 303 327 628 2047 1191 416 2016 1128 1381 693
internal_value=-4.48329e-05 0.000129085 -6.23329e-05 -0.000657545 -0.000396511 -0.00835483 -0.0101011 -0.013031 -5.95852e-05 0.0084936 0.0033142 -0.00944276 -0.0182063 0.00395145
internal_weight=45582.1 44024.7 42243.4 31041.4 30543.8 1230.92 1179.79 1050.58 29312.8 1027.69 781.749 312.179 804.648 245.933
internal_count=213520 206884 197779 143781 141645 5379 5076 4448 136266 4751 3560 1544 3428 1020
is_linear=0
shrinkage=0.03


Tree=244
num_leaves=15
num_cat=0
split_feature=245 248 229 245 249 79 76 245 101 52 229 243 92 243
split_gain=52.8016 93.5956 79.5293 78.2742 55.022 51.1379 55.5081 65.0475 92.1742 60.6636 95.4764 80.2075 69.2611 65.632
threshold=-0.044067097827792161 0.37878787517547613 78.500000000000014 -0.049079552292823785 0.095959596335887923 88.500000000000014 91.500000000000014 -0.071955781430006013 9.5000000000000018 9.5000000000000018 15.500000000000002 -0.018048568628728386 18.500000000000004 -0.008629474323242901
decision_type=2 2 10 2 2 10 10 2 10 10 10 2 8 2
left_child=1 2 -1 4 -4 6 9 -8 -9 10 11 12 -3 -11
right_child=-2 5 3 -5 -6 -7 7 8 -10 13 -12 -13 -14 -15
leaf_value=0.0070813784449051641 -0.0017449564174138853 0.0020961409544266048 0.033745872901861984 -0.010702819794665381 0.0015378415868784879 0.0039108237684267206 0.0064193170754508816 -0.01409875109677243 0.0035427533351459458 0.00018122814147434113 -0.0090810154288510983 0.021085268083055695 -0.0058959752655020131 -0.013539083761001844
leaf_weight=3039.3533188849688 13116.998882755637 2008.5086312815547 54.354818359017372 490.98396280407906 188.92018080502748 2619.5882261916995 2046.4497603122145 392.00303722172976 782.7248606979847 16503.024432837963 1923.8882898129523 133.23205920308828 1881.2280660197139 309.86191052943468
leaf_count=13757 57101 10574 236 2182 973 13399 12653 1725 3673 75828 8577 694 10305 1383
internal_value=-0.000140004 0.000510611 0.00494483 -0.00387543 0.00978232 -7.59722e-05 -0.0004793 0.00320059 -0.00241348 -0.00100129 -0.00360276 -0.000966898 -0.00177436 -7.95352e-05
internal_weight=45491.1 32374.1 3773.61 734.259 243.275 28600.5 25980.9 3221.18 1174.73 22759.7 5946.86 4022.97 3889.74 16812.9
internal_count=213060 155959 17148 3391 1209 138811 125412 18051 5398 107361 30150 21573 20879 77211
is_linear=0
shrinkage=0.03


Tree=245
num_leaves=15
num_cat=0
split_feature=238 222 29 243 137 231 144 139 64 228 245 243 144 246
split_gain=41.3562 51.4766 64.1782 81.3942 84.6516 73.7963 79.5373 68.5628 65.2275 60.9846 91.494 91.2352 68.9569 58.2726
threshold=-0.10512246936559676 59.500000000000007 9.5000000000000018 -0.030536260455846783 90.500000000000014 69.500000000000014 49.500000000000007 16.500000000000004 20.500000000000004 93.500000000000014 -0.065237458795309053 -0.015127439983189104 53.500000000000007 0.034106060862541206
decision_type=10 10 8 2 10 10 10 10 8 8 2 2 10 2
left_child=-1 2 3 5 13 7 -7 -2 -4 11 -11 12 -3 -5
right_child=1 9 8 4 -6 6 -8 -9 -10 10 -12 -13 -14 -15
leaf_value=0.00096500323210366732 0.011699780030352692 0.000661921998060805 0.0045911590861602127 -0.012443160118481716 -0.035590474884299478 0.0028173435651135757 -0.016803924652164078 -0.0054206957770883777 -0.0015916251205585861 -0.032040338674452135 -0.0021910534860783925 -0.0015020231855192728 0.010215863569932719 0.0035480645616945165
leaf_weight=21347.239106331021 505.74690049141645 1128.7200865969062 1725.9885665476322 897.14222265779972 109.43936255574226 329.63595660030842 409.22294967621565 347.89696659147739 13315.420247219503 93.364668726921082 891.67780678719282 2409.4618482068181 1705.5560474842787 260.0939224511385
leaf_count=107574 2322 5055 7534 3766 452 1537 1809 1481 57719 492 4047 10418 7653 1138
internal_value=3.40883e-06 -0.000847361 -0.00166454 -0.00577655 -0.0114205 -0.00124408 -0.00812933 0.00474047 -0.000879577 0.00149999 -0.00531381 0.00278764 0.00642681 -0.00884946
internal_weight=45476.6 24129.4 17900.6 2859.18 1266.68 1592.5 738.859 853.644 15041.4 6228.78 985.042 5243.74 2834.28 1157.24
internal_count=212997 105423 77758 12505 5356 7149 3346 3803 65253 27665 4539 23126 12708 4904
is_linear=0
shrinkage=0.03


Tree=246
num_leaves=15
num_cat=0
split_feature=243 248 231 147 228 224 246 248 28 231 120 231 63 243
split_gain=41.2551 55.5414 94.8758 46.0108 44.0171 117.604 100.238 130.586 108.587 99.1084 106.435 88.0894 97.7426 87.6884
threshold=-0.008629474323242901 0.4797979891300202 27.500000000000004 97.500000000000014 34.500000000000007 37.500000000000007 0.014373266138136389 0.60101011395454418 9.5000000000000018 92.500000000000014 51.500000000000007 71.500000000000014 63.500000000000007 -0.052742749452590935
decision_type=2 2 8 10 8 8 2 2 10 10 8 10 10 2
left_child=3 -2 -3 4 5 9 -7 -8 -9 10 13 12 -10 -1
right_child=1 2 -4 -5 -6 6 7 8 11 -11 -12 -13 -14 -15
leaf_value=0.0051924122372519919 -0.0018660095344586432 -0.043545256722652866 -0.005297992103249014 -0.0049734492476707541 0.0017853444012359326 -0.0089757665218529441 -0.0057023625741802518 -0.0088365837905705798 -0.0053431304432336015 -0.0039185715022622969 0.0036028920921247739 0.01943110821407603 0.021262533644413668 -0.0033815933299756822
leaf_weight=1386.7755753025413 3531.6964549124241 68.89701883494854 238.06917925179005 1430.5604018568993 14776.765798099339 2248.0630006343126 2048.7288269549608 329.83385360985994 415.72172009199858 3293.3165821768343 10458.213790273294 519.72867162153125 165.67469766736031 4633.9585481658578
leaf_count=6333 15457 280 1120 6551 68590 9695 9262 1629 1801 17889 51644 2749 765 19605
internal_value=2.06299e-05 -0.00295134 -0.0149854 0.000294806 0.000483113 -0.000271909 -0.00405326 -0.000856458 0.00607293 0.000824992 0.00177479 0.0105783 0.00246975 -0.00140138
internal_weight=45546 3838.66 306.966 41707.3 40276.8 25500 5727.75 3479.69 1430.96 19772.3 16478.9 1101.13 581.396 6020.73
internal_count=213370 16857 1400 196513 189962 121372 25901 16206 6944 95471 77582 5315 2566 25938
is_linear=0
shrinkage=0.03


Tree=247
num_leaves=15
num_cat=0
split_feature=232 248 222 106 231 76 114 231 140 52 120 231 230 234
split_gain=43.1025 60.4094 72.2032 70.6005 75.3422 71.9605 56.08 60.7782 52.7592 108.948 84.3116 94.4609 98.4061 48.7528
threshold=78.500000000000014 0.80303028225898754 3.5000000000000004 89.500000000000014 73.500000000000014 85.500000000000014 14.500000000000002 40.500000000000007 88.500000000000014 49.500000000000007 67.500000000000014 64.500000000000014 44.500000000000007 83.500000000000014
decision_type=8 2 8 10 8 10 10 10 10 10 10 10 10 10
left_child=-1 2 -2 4 5 6 -3 -8 10 -10 13 -12 -13 -4
right_child=1 3 8 -5 -6 -7 7 -9 9 -11 11 12 -14 -15
leaf_value=-0.00052950515118523761 -0.006971053624916717 -0.016108641749878159 -0.001388121323579039 -0.028584000757626418 0.014548149322053306 0.01537205462473629 -0.014855441979623756 0.012962890134602287 -0.023034725759610079 0.0048308937083536207 0.012608071959048901 -9.9482094215068372e-05 0.018388475967847682 0.010619713432002903
leaf_weight=34433.288799863309 974.86152615398169 218.2467045225203 4203.9509261250496 38.899751558899879 787.93672010302544 214.71395777538419 97.480132259428501 197.8613695949316 220.35344656184316 273.29961462318897 1166.1679407730699 2085.3975358754396 285.8568117916584 318.01552993059158
leaf_count=158337 5182 1001 19389 190 5070 1133 420 892 1022 1334 5678 10784 1416 1489
internal_value=-5.70549e-06 0.00162067 0.000722591 0.00708317 0.00817951 0.00118568 -0.00492548 0.00359538 0.00160662 -0.00781796 0.00219286 0.00565512 0.00219712 -0.000522079
internal_weight=45516.3 11083 9527.9 1555.14 1516.24 728.302 513.588 295.342 8553.04 493.653 8059.39 3537.42 2371.25 4521.97
internal_count=213337 55000 46294 8706 8516 3446 2313 1312 41112 2356 38756 17878 12200 20878
is_linear=0
shrinkage=0.03


Tree=248
num_leaves=15
num_cat=0
split_feature=245 224 244 245 224 244 141 222 224 246 245 28 245 245
split_gain=38.5914 86.8922 117.953 122.025 124.83 108.827 121.974 159.387 96.4088 102.317 100.837 93.2306 86.5398 94.5871
threshold=-0.075403515249490724 16.500000000000004 0.0029686595080420379 -0.085580728948116289 26.500000000000004 0.050011685118079192 51.500000000000007 4.5000000000000009 15.500000000000002 0.010129196569323541 -0.11049801111221312 60.500000000000007 -0.064950689673423753 -0.069022819399833665
decision_type=2 10 2 2 10 2 10 10 10 2 2 8 2 2
left_child=1 8 3 4 -3 6 7 -4 9 -1 -10 -9 13 -2
right_child=12 2 5 -5 -6 -7 -8 11 10 -11 -12 -13 -14 -15
leaf_value=0.011475010056185921 -0.00057834180155151647 -0.018236197374406075 -0.023220413539777017 -0.022754526466691582 0.01448077706826811 -0.0092649802479076223 0.0094168109440249444 0.0072866963955264541 0.014932471927445963 -0.0018841962031398349 -0.028307901081397802 -0.007946389885346232 6.2903878914561279e-05 -0.0083223396975314404
leaf_weight=564.55115516670048 3229.1178057491779 157.72244133800268 221.47461470216513 283.83949018269777 270.82078658789396 439.34887109324336 3589.7314954325557 1334.2484284266829 55.779164433479309 5052.4670366048813 205.04087819159031 485.48109545558691 27071.796210601926 2525.3413935825229
leaf_count=3064 14569 742 955 1264 1400 2667 19079 6458 317 29252 942 2411 118879 11138
internal_value=-0.000105088 0.00130134 0.00361263 -0.00786051 0.00229825 0.00496978 0.00609489 0.000235427 -0.00136736 -0.000523492 -0.0188506 0.00320148 -0.000647752 -0.00398533
internal_weight=45486.8 12660.5 6782.67 712.383 428.543 6070.28 5630.94 2041.2 5877.84 5617.02 260.82 1819.73 32826.3 5754.46
internal_count=213137 68551 34976 3406 2142 31570 28903 9824 33575 32316 1259 8869 144586 25707
is_linear=0
shrinkage=0.03


Tree=249
num_leaves=15
num_cat=0
split_feature=141 147 242 229 22 229 248 119 144 31 222 229 248 7
split_gain=39.932 41.1729 101.563 65.6311 78.235 50.0694 45.9457 42.7296 50.3224 41.7414 60.6842 92.7536 60.8675 55.6739
threshold=1.5000000000000002 82.500000000000014 0.027391103096306327 21.500000000000004 46.500000000000007 68.500000000000014 0.66161617636680614 42.500000000000007 51.500000000000007 65.500000000000014 36.500000000000007 53.500000000000007 0.21717172116041186 27.500000000000004
decision_type=8 10 8 10 8 8 2 8 10 8 10 8 2 8
left_child=-1 9 3 7 6 -4 -5 -3 -9 -2 13 12 -12 -11
right_child=1 2 5 4 -6 -7 -8 8 -10 10 11 -13 -14 -15
leaf_value=0.0098598159181925195 0.00092802920851732713 -0.02433614349474467 0.0052107330248642881 0.0017276766865341228 -0.0048030844256303374 -0.0032540210688896927 0.01840512152481295 -0.0014630197248646339 -0.013811874444354989 -0.0057261579133786262 -0.00044871123616413059 -0.0030956478493186406 0.014403412355552817 -8.0270949884395521e-05
leaf_weight=359.68180782347918 28623.567153133452 160.78119775652885 1956.1890214085579 651.83569298684597 2904.8908929415047 916.56578820571303 183.58007891476154 557.57152985036373 631.99237743765116 3212.230144649744 385.33830492198467 1157.9937461540103 685.53483753651381 3069.7306953668594
leaf_count=1580 133569 673 9726 2721 12798 4499 876 2496 2921 16041 1705 5297 3310 14893
internal_value=4.01819e-05 -4.0304e-05 -0.00199633 -0.00453821 -0.00247824 0.00250809 0.00556685 -0.0101839 -0.00808418 0.000379588 -0.00146385 0.00278042 0.00910438 -0.00297176
internal_weight=45457.5 45097.8 7963.41 5090.65 3740.31 2872.75 835.416 1350.35 1189.56 37134.4 8510.83 2228.87 1070.87 6281.96
internal_count=213105 211525 36710 22485 16395 14225 3597 6090 5417 174815 41246 10312 5015 30934
is_linear=0
shrinkage=0.03


Tree=250
num_leaves=15
num_cat=0
split_feature=151 244 244 229 226 244 248 117 243 243 226 226 171 243
split_gain=40.0643 57.7442 53.4325 78.8409 88.6838 102.337 121.793 92.3982 91.1583 81.4048 78.5803 67.6078 71.6457 61.4153
threshold=3.5000000000000004 0.085841022431850447 0.0044088005088269719 2.5000000000000004 5.5000000000000009 0.0029686595080420379 0.68181815743446361 89.500000000000014 -0.048831390216946595 -0.033624595031142228 49.500000000000007 42.500000000000007 28.500000000000004 -0.013743780087679623
decision_type=10 2 2 8 10 2 2 10 2 2 10 10 10 2
left_child=1 -1 3 -2 9 6 13 8 -8 -5 11 12 -7 -6
right_child=2 -3 -4 4 5 10 7 -9 -10 -11 -12 -13 -14 -15
leaf_value=-0.0035132875193128765 0.015077384076762349 0.017193491566292241 -0.00014863068807816312 0.0085340332316351155 0.0066555367138486097 0.00088784581776862317 0.0069681604139422175 0.010278696167417136 -0.022007585610589755 -0.025481571594961422 0.002136825900939564 0.031651114360085941 0.019690682007957601 -0.011362245096611948
leaf_weight=3950.3149402216077 449.41394979134202 115.23934077844024 36803.254507016391 88.750434257090092 1134.9435912892222 360.147865280509 117.15988876670599 139.3298128247261 476.68721181154251 180.53929348289967 914.25139340758324 163.24697813391685 361.57357984781265 190.67840388417244
leaf_count=18708 2447 933 172855 486 4906 1563 566 698 2022 787 3952 690 1612 785
internal_value=-4.76051e-05 -0.0028856 0.000231856 0.00328515 0.00196778 0.00314213 -0.00142584 -0.0111546 -0.0162702 -0.0143668 0.00834813 0.0146694 0.0104482 0.00399818
internal_weight=45445.5 4065.55 41380 4576.72 4127.31 3858.02 2058.8 733.177 593.847 269.29 1799.22 884.968 721.721 1325.62
internal_count=213010 19641 193369 20514 18067 16794 8977 3286 2588 1273 7817 3865 3175 5691
is_linear=0
shrinkage=0.03


Tree=251
num_leaves=15
num_cat=0
split_feature=164 246 244 77 245 237 163 52 60 106 231 226 226 193
split_gain=38.0386 58.1153 64.8124 61.1019 48.6481 44.6588 46.544 68.2146 50.4741 45.2475 46.389 57.6182 49.2518 43.7153
threshold=47.500000000000007 0.2878901362419129 0.089140471071004881 1.5000000000000002 -0.14216400682926175 0.24746993184089663 64.500000000000014 80.500000000000014 56.500000000000007 89.500000000000014 5.5000000000000009 34.500000000000007 54.500000000000007 72.500000000000014
decision_type=10 2 2 10 2 2 10 8 10 10 10 10 10 8
left_child=1 2 3 -1 -3 6 7 -2 -8 10 11 -10 -13 -5
right_child=5 4 -4 13 -6 -7 8 -9 9 -11 -12 12 -14 -15
leaf_value=-0.0088950734670873444 0.0034454979443371051 0.0050772213912738135 0.010266784540280419 -0.0019346568994535749 -0.030254046149451059 0.010336186395354465 -0.0018778770659034234 -0.0064903747679304746 -0.025189553673356613 -0.0090430654676130224 0.0026689369471849939 0.016180097527858515 -0.010556491871436324 0.00085778888518549376
leaf_weight=844.35612500831485 6920.1956100687385 47.97570625692606 456.78326726704836 11452.576241306961 98.85134094953537 424.96996457874775 8427.3760071117431 673.98516622185707 111.77288506180048 335.67372027039528 6438.1466839332134 93.526328161358833 144.62400228530169 9004.7002969607711
leaf_count=4390 31695 467 3027 52038 484 2807 38361 3239 480 1648 32135 396 687 41254
internal_value=-2.41863e-05 -0.000923991 -0.000792462 -0.00103432 -0.0191219 0.000812092 0.000632832 0.00255631 -0.000307512 0.00155025 0.00208663 -0.00840353 0.000172392 -0.000705685
internal_weight=45475.5 21905.2 21758.4 21301.6 146.827 23570.3 23145.3 7594.18 15551.1 7123.74 6788.07 349.923 238.15 20457.3
internal_count=213108 101660 100709 97682 951 111448 108641 34934 73707 35346 33698 1563 1083 93292
is_linear=0
shrinkage=0.03


Tree=252
num_leaves=15
num_cat=0
split_feature=209 228 229 204 229 231 175 137 178 77 229 240 194 226
split_gain=36.6889 41.0465 68.1338 45.441 44.4623 39.5617 37.9327 55.7999 66.687 93.4456 67.5787 51.8563 41.4794 63.7168
threshold=52.500000000000007 93.500000000000014 67.500000000000014 12.500000000000002 11.500000000000002 88.500000000000014 94.500000000000014 90.500000000000014 15.500000000000002 28.500000000000004 8.5000000000000018 -0.042307676747441285 34.500000000000007 3.5000000000000004
decision_type=10 10 10 10 10 10 10 8 8 10 10 10 10 8
left_child=6 2 3 4 -2 -3 7 12 9 10 -9 -11 13 -1
right_child=1 5 -4 -5 -6 -7 -8 8 -10 11 -12 -13 -14 -15
leaf_value=0.0062893428479606174 0.011744211036534171 -0.0010511089251137326 0.0054016034542946631 -0.0045108079579704976 -0.0026510054141625533 -0.03139775192065096 0.0067597478411928662 0.010670677699577979 -0.0013785684049708491 8.9936676278713209e-07 -0.014837835245105464 -0.027872774720273101 -0.00057410297007783842 0.00087841573200977421
leaf_weight=2214.9868078958243 320.91656925529242 72.922781705856323 972.81435648351908 4115.5406187474728 456.81993809342384 74.05347254127264 789.76931601017714 204.00657748803496 3731.5211507305503 75.90727549418807 155.96904516220093 277.89479850977659 15529.104882771149 16407.001315344125
leaf_count=12935 1564 324 4598 18057 1964 385 4063 1503 19537 423 782 1293 70982 74457
internal_value=-4.05128e-05 -0.00222116 -0.00181276 -0.00325511 0.00336256 -0.0173673 0.000292885 0.000158841 -0.00299897 -0.0113341 -0.000483886 -0.0220569 0.000570638 0.00152505
internal_weight=45399.2 6013.07 5866.09 4893.28 777.737 146.976 39386.2 38596.4 4445.3 713.778 359.976 353.802 34151.1 18622
internal_count=212867 26892 26183 21585 3528 709 185975 181912 23538 4001 2285 1716 158374 87392
is_linear=0
shrinkage=0.03


Tree=253
num_leaves=15
num_cat=0
split_feature=189 76 228 178 15 193 228 248 178 28 71 55 79 176
split_gain=45.4654 51.6083 50.5558 56.3719 57.5905 49.722 77.2975 62.2114 59.2366 58.6238 57.4587 55.9491 53.1785 52.8855
threshold=49.500000000000007 87.500000000000014 3.5000000000000004 45.500000000000007 10.500000000000002 75.500000000000014 19.500000000000004 0.71212121844291698 50.500000000000007 9.5000000000000018 11.500000000000002 5.5000000000000009 61.500000000000007 11.500000000000002
decision_type=10 8 10 8 10 10 10 2 10 10 10 10 10 10
left_child=5 2 3 4 -2 8 7 -7 9 13 11 -11 -9 -1
right_child=1 -3 -4 -5 -6 6 -8 12 -10 10 -12 -13 -14 -15
leaf_value=-0.0014243420248797717 5.4747865703764509e-05 0.0043016875580566549 0.00072361886963120698 0.0046310242473559674 -0.016022890586862768 0.0089287794025386998 -0.0012550213949938395 -0.0027072732909115965 -0.0044022521507073786 -0.0054872946189692441 -0.00036594225618364088 0.0085855900971456602 0.018394040772125624 -0.0086473972330684701
leaf_weight=4246.1013028789312 325.96002473682165 3443.5900462511927 16013.233004175127 332.90280599892139 510.74884263426065 1596.2046923600137 4455.2460762783885 966.11790286004543 5443.7791180685163 304.43274445086718 5204.3323856592178 1369.5175687596202 110.79319967329502 1153.961367957294
leaf_count=22886 2018 18820 73340 1755 2473 7339 20560 4570 23706 1377 22664 6058 546 5194
internal_value=-8.56436e-05 0.000955275 0.000282513 -0.00571164 -0.00983279 -0.000949665 0.00116507 0.00518826 -0.00180045 -0.000644264 0.00119194 0.00600884 -0.0003871 -0.002981
internal_weight=45476.9 20626.4 17182.8 1169.61 836.709 24850.5 7128.36 2673.12 17722.1 12278.3 6878.28 1673.95 1076.91 5400.06
internal_count=213306 98406 79586 6246 4491 114900 33015 12455 81885 58179 30099 7435 5116 28080
is_linear=0
shrinkage=0.03


Tree=254
num_leaves=15
num_cat=0
split_feature=149 151 222 209 230 243 91 230 246 242 47 222 230 177
split_gain=44.3563 42.4067 48.3016 40.293 46.6285 64.6087 60.8422 59.8793 78.5868 62.6485 51.8701 48.4525 84.0491 65.4342
threshold=24.500000000000004 3.5000000000000004 55.500000000000007 51.500000000000007 38.500000000000007 -0.087502673268318162 81.500000000000014 24.500000000000004 0.0077608018182218083 0.025825210846960548 1.0000000180025095e-35 11.500000000000002 30.500000000000004 4.5000000000000009
decision_type=10 10 10 10 10 2 10 10 2 8 10 10 10 10
left_child=-1 2 -2 4 7 -6 10 9 -9 -3 -7 12 -10 -13
right_child=1 3 -4 -5 5 6 -8 8 11 -11 -12 13 -14 -15
leaf_value=-0.0016748244398338255 -0.0047396944213586286 -0.00066867887094263065 0.0048925630424124207 -0.0018599454783344302 -0.020200678755205505 0.010171076595671943 -0.0072173042415100402 0.022568236518856914 0.024990367798261415 0.0039341220830501041 0.00037607297308861465 -0.014022280230646562 0.0019300761069354219 0.0042858273570235399
leaf_weight=10869.034074243158 2418.1649052165449 5849.3361137136817 571.94374617189169 4274.3794778473675 130.84475690126419 497.34891859814525 910.43103632703424 232.60859969630837 254.28848001360893 4869.4679033402354 11911.19645119831 181.61173251271248 312.01075230538845 2139.3869886994362
leaf_count=50515 11331 27655 2617 19217 638 2588 4083 1024 1168 26973 53413 806 1444 9515
internal_value=-4.19346e-06 0.000521654 -0.00288708 0.000845393 0.00126967 1.15406e-05 0.000225111 0.00249156 0.00614283 0.00142406 0.000776542 0.00474623 0.0125389 0.00279926
internal_weight=45422.1 34553 2990.11 31562.9 27288.5 13449.8 13319 13838.7 3119.91 10718.8 12408.5 2887.3 566.299 2321
internal_count=212987 162472 13948 148524 129307 60722 60084 68585 13957 54628 56001 12933 2612 10321
is_linear=0
shrinkage=0.03


Tree=255
num_leaves=15
num_cat=0
split_feature=195 194 127 230 231 231 59 242 73 244 117 103 162 57
split_gain=40.5153 47.4763 71.1555 59.1989 80.0939 83.1078 68.8925 70.522 67.3971 55.9895 73.1511 53.8905 42.5883 42.2332
threshold=67.500000000000014 30.500000000000004 2.5000000000000004 3.5000000000000004 77.500000000000014 38.500000000000007 18.500000000000004 0.02610908076167107 11.500000000000002 0.0019807587377727036 88.500000000000014 38.500000000000007 57.500000000000007 67.500000000000014
decision_type=10 10 10 8 10 10 10 10 10 2 10 10 10 8
left_child=1 3 -3 4 5 8 -6 -8 -1 10 -5 -7 -10 -2
right_child=13 2 -4 9 6 11 7 -9 12 -11 -12 -13 -14 -15
leaf_value=-0.02009605953788433 0.00021728894613835128 -0.009109830950339461 -0.0011536578691083291 -0.013398684367466799 0.004939908179983292 0.017025143869182989 -0.015802782500047376 0.0050525119568864034 -0.0061511859034427355 0.00017142873245751367 0.012923530080732805 -0.0049860216231767743 0.016253410744196062 0.0041431865132734273
leaf_weight=115.23206072300673 6770.4861108586192 1080.211381662637 14125.402029588819 528.77388016134501 904.69611340202391 849.08104145899415 379.31105851382017 227.18055642023683 133.14553973823786 16145.084732566029 107.00766791403294 108.84528313577175 157.00363656878471 3870.1788985934108
leaf_count=548 31023 5342 64390 2280 6054 4676 1807 1370 604 74600 531 542 752 18921
internal_value=2.83134e-05 -0.00046632 -0.00172448 0.00050739 0.00447748 0.0097215 -0.000286175 -0.00803554 -0.00164381 -0.000174932 -0.0088369 0.0144984 0.00610984 0.00164775
internal_weight=45501.6 34861 15205.6 19655.4 2874.5 1363.31 1511.19 606.492 405.381 16780.9 635.782 957.926 290.149 10640.7
internal_count=213440 163496 69732 93764 16353 7122 9231 3177 1904 77411 2811 5218 1356 49944
is_linear=0
shrinkage=0.03


Tree=256
num_leaves=15
num_cat=0
split_feature=151 228 246 248 245 230 248 14 245 230 148 245 62 140
split_gain=39.3951 46.3571 45.9759 117.943 84.8633 90.022 76.6041 63.181 50.8703 63.3142 49.243 74.6055 61.8646 57.0608
threshold=3.5000000000000004 1.5000000000000002 0.0067677528131753215 0.69191917777061474 -0.092737466096878038 9.5000000000000018 0.54040405154228222 10.500000000000002 -0.051101721823215478 53.500000000000007 12.500000000000002 -0.11049801111221312 1.0000000180025095e-35 87.500000000000014
decision_type=10 8 2 2 2 10 2 10 2 10 8 2 10 10
left_child=1 -1 3 6 7 -6 8 -5 9 -2 12 -12 13 -4
right_child=2 -3 10 4 5 -7 -8 -9 -10 -11 11 -13 -14 -15
leaf_value=-0.01576035718145035 0.0043793278201531022 -0.0020875589605175247 -0.0057533888297315499 -0.013480118275261115 0.011275385748739531 -0.014877608544395732 0.017435396033863401 0.019837761280169158 0.008887973976379691 -0.025510489208370148 0.0063260508669821238 8.52784253661333e-05 -0.0011252660058797368 -0.02407976561109864
leaf_weight=227.5271895006299 155.01027265936136 3809.6681833639741 873.07725081779063 62.230158245190978 143.08610604703426 538.90606373548508 636.13515598326921 179.33203115873039 474.67951495945454 95.618963971734047 1815.8213893473148 30919.121486514807 5309.7673046141863 178.48191098496318
leaf_count=1314 662 18143 4706 377 660 2306 3007 942 1987 402 12593 139898 25231 821
internal_value=-7.02484e-05 -0.00289516 0.000205986 0.00433274 -0.00391841 -0.0093069 0.00991778 0.0110599 0.00317698 -0.00756537 -3.62503e-05 0.000433283 -0.00244932 -0.00906147
internal_weight=45418.5 4037.2 41381.3 2285 923.554 681.992 1361.44 241.562 725.309 250.629 39096.3 32734.9 6361.33 1051.56
internal_count=213049 19457 193592 10343 4285 2966 6058 1319 3051 1064 183249 152491 30758 5527
is_linear=0
shrinkage=0.03


Tree=257
num_leaves=15
num_cat=0
split_feature=141 63 150 69 52 243 63 121 231 120 78 227 47 127
split_gain=43.3302 41.0468 46.5269 46.3616 67.8745 66.9203 38.5708 37.591 89.024 41.4916 111.118 45.9298 52.94 48.3381
threshold=1.5000000000000002 63.500000000000007 62.500000000000007 14.500000000000002 69.500000000000014 -0.032227225601673119 22.500000000000004 2.5000000000000004 66.500000000000014 73.500000000000014 11.500000000000002 5.5000000000000009 2.5000000000000004 20.500000000000004
decision_type=8 10 10 8 10 2 8 10 10 10 10 10 8 10
left_child=-1 2 3 4 5 -2 -7 8 -3 -9 11 -11 13 -13
right_child=1 7 -4 -5 -6 6 -8 9 -10 10 -12 12 -14 -15
leaf_value=0.010313691509004446 0.00025049442422513379 0.008435909615277102 -0.0027621400306590011 -0.00083915406063238404 -0.010318176349566967 0.011431568394575925 0.0036796426844290602 -1.6613000315553656e-05 -0.028207274367109715 0.0025421731374311398 0.0047682660879136045 -0.008213088169208474 -0.0032721311855720323 -0.032958750254989719
leaf_weight=359.61234594881535 3277.7463510893285 108.13815463334322 7205.8473093025386 15785.055375471711 354.14327992498875 969.12460079789162 1445.7438833266497 8639.2464148513973 114.00328546762466 460.35437744669616 5983.3448973186314 174.25323516875505 509.88224193826318 121.80027527362108
leaf_count=1583 16414 518 33097 72348 1556 4205 6369 38833 545 3002 30620 1008 2777 536
internal_value=8.37583e-05 1.03966e-08 -0.000673715 1.6543e-05 0.00224804 0.00304652 0.00682493 0.00121396 -0.0107744 0.00138824 0.0030601 -0.00498528 -0.00926345 -0.019138
internal_weight=45508.3 45148.7 29037.7 21831.8 6046.76 5692.61 2414.87 16111 222.141 15888.9 7249.64 1266.29 805.936 296.054
internal_count=213411 211828 133989 100892 28544 26988 10574 77839 1063 76776 37943 7323 4321 1544
is_linear=0
shrinkage=0.03


Tree=258
num_leaves=15
num_cat=0
split_feature=141 149 232 224 244 114 143 224 224 244 224 111 226 229
split_gain=36.6642 37.637 50.0586 43.7565 69.8969 90.0939 65.482 60.5876 55.9594 48.7243 47.1443 44.2558 43.5284 55.8025
threshold=1.5000000000000002 26.500000000000004 87.500000000000014 16.500000000000004 0.0087581565603613871 3.5000000000000004 66.500000000000014 31.500000000000004 6.5000000000000009 0.0054192107636481532 26.500000000000004 77.500000000000014 2.5000000000000004 11.500000000000002
decision_type=8 8 10 10 2 8 10 10 10 2 10 10 10 10
left_child=-1 -2 -3 4 -4 -6 7 9 -7 10 -5 -8 -10 -14
right_child=1 2 3 6 5 8 11 -9 12 -11 -12 -13 13 -15
leaf_value=0.0093843883404909848 -0.001568131650588905 -3.5449979400202844e-05 0.0082212626781579604 -0.017240639935127231 0.0065372604060896702 -0.016220789625353622 0.014158690072454459 -0.0017084473822509044 0.012912802933145066 0.01380451098246269 0.015676608488043225 -0.0031856502959731422 -0.016474725061392401 0.0065601571801357532
leaf_weight=363.78471264243126 11076.513294883072 28957.423757186159 626.23177886195481 96.29258930683136 504.61032281443477 475.15671614557505 881.63424365594983 1231.8815830647945 123.89604928344488 513.08325954526663 52.62508861720562 151.64648147672415 217.36222169548273 154.79480457305908
leaf_count=1609 50504 135698 3339 434 3445 2482 4443 5470 647 2362 244 738 1036 694
internal_value=2.73575e-05 -5.0245e-05 0.000444762 0.00320433 -9.96811e-05 -0.00366206 0.00556926 0.00223145 -0.00897392 0.00947931 -0.00535374 0.0116071 -0.00184897 -0.00697266
internal_weight=45426.9 45063.2 33986.6 5029.22 2102.05 1475.82 2927.16 1893.88 971.21 662.001 148.918 1033.28 496.053 372.157
internal_count=213145 211536 161032 25334 11643 8304 13691 8510 4859 3040 678 5181 2377 1730
is_linear=0
shrinkage=0.03


Tree=259
num_leaves=15
num_cat=0
split_feature=228 228 230 229 195 120 193 244 62 231 67 226 229 147
split_gain=37.2434 47.3998 84.9339 45.8198 42.1325 63.9388 71.8316 62.0209 50.168 56.2268 52.4006 48.2401 64.7171 73.7657
threshold=99.500000000000014 93.500000000000014 62.500000000000007 86.500000000000014 35.500000000000007 98.500000000000014 90.500000000000014 0.034388624131679542 97.500000000000014 81.500000000000014 33.500000000000007 81.500000000000014 60.500000000000007 7.5000000000000009
decision_type=10 10 8 10 10 10 10 2 10 10 10 10 10 10
left_child=1 4 3 -3 5 11 7 -7 9 -6 -11 -1 13 -13
right_child=-2 2 -4 -5 8 6 -8 -9 -10 10 -12 12 -14 -15
leaf_value=-0.0015508231264384346 0.016211472971190365 -0.00073886618346701211 -0.0026042518874437306 -0.0355009836624057 0.0030890595740071291 0.0043751484849638275 0.013759743151201849 -0.0074687983796791419 -0.0029484342705292719 -0.0039581275940867959 0.0037304476005169994 -0.014065237902547111 -4.5631276592955148e-05 0.012319097698181137
leaf_weight=21313.193260062486 118.26908112317324 48.218833178281784 1028.8229935020208 110.45105884969234 10821.855157166719 1579.5017059072852 522.59984657913446 521.04240749031305 2086.5673905722797 2281.2277034558356 1214.6135005280375 100.01603519171476 2914.0044552646577 780.13364581018686
leaf_count=96761 590 209 4905 451 49100 8976 3032 3588 10190 12076 5956 439 13488 3438
internal_value=6.89512e-05 2.32601e-05 -0.00586601 -0.0256071 0.00018301 -0.000529879 0.00391794 0.00141578 0.0013877 0.00202123 -0.00128375 -0.000995949 0.00211687 0.00919658
internal_weight=45440.5 45322.2 1187.49 158.67 44134.8 27730.5 2623.14 2100.54 16404.3 14317.7 3495.84 25107.3 3794.15 880.15
internal_count=213199 212609 5565 660 207044 129722 15596 12564 77322 67132 18032 114126 17365 3877
is_linear=0
shrinkage=0.03


Tree=260
num_leaves=15
num_cat=0
split_feature=242 133 226 108 226 231 248 231 249 244 244 243 246 249
split_gain=40.4723 64.3019 59.5826 54.0746 49.7046 106.323 117.341 171.133 128.761 112.267 122.102 119.479 109.967 99.0272
threshold=0.044180873781442649 30.500000000000004 99.500000000000014 57.500000000000007 80.500000000000014 24.500000000000004 0.68181815743446361 34.500000000000007 1.0000000180025095e-35 0.020473793148994449 0.0079357689246535319 -0.019000568427145478 0.0051153034437447795 0.025252525694668296
decision_type=8 8 8 8 10 10 2 10 2 2 2 2 2 2
left_child=2 -2 4 -3 -1 9 8 -8 -7 10 11 -6 -10 -13
right_child=1 3 -4 -5 5 6 7 -9 12 -11 -12 13 -14 -15
leaf_value=-0.00039354137054316442 0.0090225976554801929 -0.0044067592278150044 -0.0075784237834278572 0.0057273351211770337 0.022126036931219221 -0.038476978053906229 -0.026628884224226195 0.016054944439849537 0.033950982524330806 -0.0047086340163013871 0.021984644657550619 -0.028711978173298416 -0.0014723953466587441 0.0046882915177101012
leaf_weight=34666.621692968532 1153.2117439359426 1063.3273204639554 928.43847484141588 838.48697923123837 167.6903263553977 73.318433031439781 86.951938346028328 692.58946148306131 70.348599135875702 383.74044717848301 681.16567297279835 120.72231833636761 4298.0794697999954 199.55321560800076
leaf_count=159262 7255 5178 4437 5180 723 303 388 4086 316 1907 3051 493 19695 859
internal_value=0.000137457 0.00346648 -0.000103343 6.78278e-05 6.59165e-05 0.0024143 0.000358839 0.0110169 -0.00153224 0.00927893 0.013871 0.00233095 -0.000825703 -0.00838951
internal_weight=45424.2 3055.03 42369.2 1901.81 41440.8 6774.16 5221.29 779.541 4441.75 1552.87 1169.13 487.966 4368.43 320.276
internal_count=213133 17613 195520 10358 191083 31821 24788 4474 20314 7033 5126 2075 20011 1352
is_linear=0
shrinkage=0.03


Tree=261
num_leaves=15
num_cat=0
split_feature=124 146 137 60 116 249 66 242 233 47 232 137 224 35
split_gain=41.7351 44.9466 56.1961 71.5601 58.2868 52.369 48.8037 61.9374 79.7178 49.8142 42.2727 77.9836 58.6755 54.4835
threshold=6.5000000000000009 13.500000000000002 17.500000000000004 57.500000000000007 29.500000000000004 1.0000000180025095e-35 15.500000000000002 0.019271383993327621 14.500000000000002 inf 87.500000000000014 89.500000000000014 16.500000000000004 85.500000000000014
decision_type=8 8 8 10 10 2 10 8 10 8 10 10 10 10
left_child=-1 2 4 5 -2 -4 -3 8 -8 10 -9 12 13 -12
right_child=1 6 3 -5 -6 -7 7 9 -10 -11 11 -13 -14 -15
leaf_value=-0.0047608479499854769 0.0035066955324234194 -0.0023931486280662673 0.033891750979170326 -0.0029548852095324287 -0.0069943721688628295 0.009512003021176229 -0.0059701449619479806 0.00049624800172987853 5.1074336233605471e-05 0.010294210781073903 0.0026174600302133872 -0.010857506901506227 0.0091528390831096679 -0.019495568105003049
leaf_weight=1545.238386683166 1519.8985928967595 6687.3445975743234 77.944768033921719 419.57532227039337 680.39749924838543 1095.9878797531128 2678.6364069059491 19174.602562339976 7496.1973177045584 527.59136030822992 1432.0867565963417 280.66412338986993 1725.9292851015925 97.80130797624588
leaf_count=6586 6666 30573 323 1799 2853 4721 11731 92152 33602 3311 8509 1424 8452 483
internal_value=6.88096e-05 0.000239875 0.00335648 0.00762791 0.000242498 0.0114033 -5.57397e-05 0.000412643 -0.00153838 0.00126718 0.00105303 0.00406198 0.00537741 0.00108641
internal_weight=45439.9 43894.7 3793.8 1593.51 2200.3 1173.93 40100.9 33413.5 10174.8 23238.7 22711.1 3536.48 3255.82 1529.89
internal_count=213185 206599 16362 6843 9519 5044 190237 159664 45333 114331 111020 18868 17444 8992
is_linear=0
shrinkage=0.03


Tree=262
num_leaves=15
num_cat=0
split_feature=245 246 92 67 120 176 79 34 229 245 248 226 146 222
split_gain=46.1769 49.3829 53.9414 39.6294 73.1469 53.8584 48.4107 51.9715 60.341 74.9827 69.1185 89.153 115.97 77.3382
threshold=-0.20662932842969892 0.2878901362419129 66.500000000000014 81.500000000000014 23.500000000000004 95.500000000000014 88.500000000000014 7.5000000000000009 59.500000000000007 -0.076485164463520036 0.82323232293128978 51.500000000000007 53.500000000000007 5.5000000000000009
decision_type=2 2 10 10 8 10 10 8 8 2 2 8 10 10
left_child=-1 2 3 6 -5 -6 7 8 10 -10 -2 12 -12 -14
right_child=1 -3 -4 4 5 -7 -8 -9 9 -11 11 -13 13 -15
leaf_value=0.015326967000774478 -0.0053253882236524771 -0.016407278161348262 0.0053919014915076507 0.0029279729086865514 -0.0077079746865716782 0.0029461750782409759 0.0036325513317100543 0.00046273043386094225 0.017556313197603056 -0.00053661712859430207 -0.015104376508251145 0.015707712997158185 0.010630394468130357 -0.0060782113847466712
leaf_weight=168.86478984542191 4684.8855347447097 153.42975725233555 1667.4588418267667 1302.7449174374342 2226.4081470444798 522.14740227907896 3371.1692150197923 28395.68004303053 272.09709625691175 763.65642037987709 398.17703234031796 320.45522887259722 598.99067259207368 413.62514826282859
leaf_count=2554 21708 815 8309 5858 10252 2622 16059 129857 1778 3449 1801 1532 3754 2139
internal_value=0.000114075 5.37174e-05 0.000113558 -9.10477e-05 -0.00291205 -0.00568065 0.00020103 -0.0001226 -0.00235065 0.00433891 -0.00343562 0.00167946 -0.00159512 0.0038127
internal_weight=45259.8 45090.9 44937.5 43270 4051.3 2748.56 39218.7 35847.6 7451.89 1035.75 6416.13 1731.25 1410.79 1012.62
internal_count=212487 209933 209118 200809 18732 12874 182077 166018 36161 5227 30934 9226 7694 5893
is_linear=0
shrinkage=0.03


Tree=263
num_leaves=15
num_cat=0
split_feature=245 77 98 249 245 226 70 81 230 226 10 222 226 228
split_gain=47.118 49.8694 43.2763 52.3306 46.1375 56.5657 42.3371 89.7821 71.7892 100.923 80.4778 77.8305 71.8679 70.7293
threshold=-0.20662932842969892 1.5000000000000002 72.500000000000014 0.45959596335887914 -0.076485164463520036 41.500000000000007 79.500000000000014 57.500000000000007 80.500000000000014 66.500000000000014 80.500000000000014 3.5000000000000004 87.500000000000014 4.5000000000000009
decision_type=2 8 10 2 2 10 10 10 10 10 10 10 10 8
left_child=-1 2 3 4 5 -2 8 -8 10 -10 13 -12 -11 -3
right_child=1 6 -4 -5 -6 -7 7 -9 9 12 11 -13 -14 -15
leaf_value=0.015383554404076268 -0.0037692841665661722 -0.0027711954095192399 0.008534674904627353 -0.014375975931540467 -0.0087765703194965222 0.019955157218352254 -0.0063755861608144554 0.00059229167749127629 -0.011899411573411523 0.010443056132368064 0.010204702728654667 -0.0041831115307550369 0.0023211437182940461 0.0013925046726488508
leaf_weight=168.00386358425021 226.75334675610065 4392.2114055305719 168.84928948432207 538.42688792943954 439.50519029796124 137.737110350281 2649.6401810161769 4443.122326914221 323.11541517451406 1529.9574871622026 352.32976691797376 5228.5615166351199 2721.1133570745587 22131.694043897092
leaf_count=2551 1166 22471 849 2786 1907 611 11819 20742 1428 7032 1849 23492 13264 101438
internal_value=-2.0979e-05 -8.1515e-05 -0.00542121 -0.00722671 -0.00232113 0.0054894 0.000104041 -0.00201601 0.00051444 0.0040263 1.29848e-05 -0.00325816 0.00526186 0.000702235
internal_weight=45451 45283 1511.27 1342.42 803.996 364.49 43771.7 7092.76 36679 4574.19 32104.8 5580.89 4251.07 26523.9
internal_count=213405 210854 7319 6470 3684 1777 203535 32561 170974 21724 149250 25341 20296 123909
is_linear=0
shrinkage=0.03


Tree=264
num_leaves=15
num_cat=0
split_feature=151 231 230 230 248 231 229 230 230 243 248 249 69 249
split_gain=40.352 47.95 63.418 61.6135 41.7426 39.1871 86.1092 77.1422 123.943 87.0813 121.329 132.485 90.8139 73.6845
threshold=3.5000000000000004 84.500000000000014 23.500000000000004 3.5000000000000004 0.69191917777061474 91.500000000000014 4.5000000000000009 62.500000000000007 18.500000000000004 -0.023841213434934613 0.84343436360359203 0.81313130259513866 75.500000000000014 0.62121212482452404
decision_type=10 10 8 10 2 10 8 8 10 2 2 2 10 2
left_child=1 2 3 -1 -5 6 13 8 9 10 11 12 -7 -2
right_child=5 -3 -4 4 -6 7 -8 -9 -10 -11 -12 -13 -14 -15
leaf_value=0.0018850775911409749 0.0037108623239216708 0.0049170107182406426 -0.0015657402952132418 -0.0079971648454872368 -0.022089981536632438 -0.0088987102968671999 0.0001073673631890303 0.0044385347874880141 -0.012380829577275581 0.0099866489858902799 0.014114380863304743 0.02146208704399101 0.011988285593954871 0.018765572129905966
leaf_weight=272.2568790577352 2896.9173216801137 588.53934092447162 2389.4998956210911 429.33721359819174 356.24219425022602 2149.0745341144502 32379.438574966043 1261.2028751708567 1150.3233551681042 534.74528468772769 316.06268905475736 146.16581928730011 196.52867482602596 316.84682576544583
leaf_count=1400 15299 3200 11390 1902 1578 11518 145848 6978 5024 2628 2357 858 1002 2054
internal_value=-7.8293e-05 -0.00293771 -0.00428904 -0.0103683 -0.0145853 0.000201456 0.000572932 -0.00209339 -0.00393276 -0.00099716 -0.00311702 -0.00535038 -0.00710521 0.00524872
internal_weight=45383.2 4035.88 3447.34 1057.84 785.579 41347.3 35593.2 5754.1 4492.9 3342.58 2807.83 2491.77 2345.6 3213.76
internal_count=213036 19470 16270 4880 3480 193566 163201 30365 23387 18363 15735 13378 12520 17353
is_linear=0
shrinkage=0.03


Tree=265
num_leaves=15
num_cat=0
split_feature=140 244 23 249 230 10 244 234 57 249 230 226 230 148
split_gain=35.7488 75.6304 62.6799 60.9485 70.2691 68.8053 54.9722 66.9466 59.4727 60.5472 106.89 84.4019 66.1615 55.3563
threshold=11.500000000000002 0.011048888321965935 23.500000000000004 0.015151515137404205 6.5000000000000009 17.500000000000004 0.012253088876605036 3.5000000000000004 53.500000000000007 0.025252525694668296 76.500000000000014 87.500000000000014 80.500000000000014 96.500000000000014
decision_type=10 2 10 2 10 10 2 10 10 2 8 10 10 10
left_child=1 3 -3 4 5 -1 8 -8 9 10 11 13 -12 -2
right_child=6 2 -4 -5 -6 -7 7 -9 -10 -11 12 -13 -14 -15
leaf_value=0.0011819535629872782 -0.0029356150525533076 0.0024907952737432508 -0.0052122394847928999 -0.0062712719928002467 -0.0032618803485354253 0.023165815412878737 0.0051785928975093248 -0.0010251021602375636 0.0042856045699574529 0.002167408912892385 -0.031191974821266621 0.026019582154411375 -0.0080309566335996108 0.01485385452133841
leaf_weight=342.14563675783575 2100.0562192797661 4724.6187354288995 1179.8077356740832 3542.0258205570281 1348.1541365608573 195.95495636388659 1704.468725644052 18023.499574670568 5827.4970268160105 5610.683265235275 153.9209596440196 94.031310096383095 377.86068956553936 160.21678176522255
leaf_count=1772 9144 24147 5045 16315 5785 1052 9441 85389 26611 25064 642 391 1693 676
internal_value=5.45824e-05 -0.00140417 0.000945384 -0.00395686 0.000399312 0.0094642 0.000540331 -0.00048676 0.00195424 0.00035211 -0.00317221 -0.000405653 -0.0151868 -0.00161476
internal_weight=45384.9 11332.7 5904.43 5428.28 1886.25 538.101 34052.2 19728 14324.3 8496.77 2886.09 2354.3 531.782 2260.27
internal_count=213167 54116 29192 24924 8609 2824 159051 94830 64221 37610 12546 10211 2335 9820
is_linear=0
shrinkage=0.03


Tree=266
num_leaves=15
num_cat=0
split_feature=140 103 244 224 176 243 186 224 147 47 242 144 70 30
split_gain=35.045 52.7006 65.485 72.7446 86.1119 66.9943 64.4936 61.1119 76.7427 57.3597 55.3721 53.3943 52.6997 87.1472
threshold=10.500000000000002 3.5000000000000004 0.012751386500895025 6.5000000000000009 14.500000000000002 -0.043846346437931054 39.500000000000007 19.500000000000004 50.500000000000007 41.500000000000007 0.02781393472105265 93.500000000000014 11.500000000000002 5.5000000000000009
decision_type=10 8 2 8 8 2 8 8 10 10 8 10 10 10
left_child=1 -1 7 9 5 11 -6 8 -3 -4 -10 -5 13 -2
right_child=12 2 3 4 6 -7 -8 -9 10 -11 -12 -13 -14 -15
leaf_value=0.0027925548823754358 -0.0036497464009436409 0.0029161533246383196 -0.0032665068316786701 0.0033955137954597959 -0.0092181569652322898 0.012717470182492913 0.0018894769485843404 -0.0080690975937318388 -0.012744921365998243 -0.023370524990643432 0.0088464410644089365 -0.02356187965578881 -3.9368357855286724e-05 0.0053833845282764805
leaf_weight=2069.0465297847986 1256.5502495765686 1403.3027019165456 448.76692004129291 310.23506185412407 680.32706917822361 878.13926877826452 1469.2247257381678 2542.265295676887 602.68029228970408 170.90125923976302 122.0379423648119 73.442160442471504 29248.462749583647 3999.0557690300047
leaf_count=10235 7128 6636 2413 1668 3113 4051 7684 11145 2723 816 657 354 135021 18962
internal_value=-8.36011e-06 -0.00150147 -0.00252456 0.000277475 0.00200142 0.00819001 -0.00165246 -0.00493849 -0.00117823 -0.00909419 -0.00903815 -0.00223201 0.000458012 0.00322085
internal_weight=45274.4 10770.4 8701.32 4031.04 3411.37 1261.82 2149.55 4670.29 2128.02 619.668 724.718 383.677 34504.1 5255.61
internal_count=212606 51495 41260 20099 16870 6073 10797 21161 10016 3229 3380 2022 161111 26090
is_linear=0
shrinkage=0.03


Tree=267
num_leaves=15
num_cat=0
split_feature=165 151 244 222 231 76 231 230 144 230 120 231 158 17
split_gain=37.8057 46.4999 54.9666 48.7702 61.8702 55.4515 71.7312 52.0014 48.5291 46.7584 41.8526 43.6528 40.5404 40.3526
threshold=17.500000000000004 4.5000000000000009 0.085841022431850447 12.500000000000002 69.500000000000014 41.500000000000007 26.500000000000004 8.5000000000000018 46.500000000000007 5.5000000000000009 20.500000000000004 15.500000000000002 46.500000000000007 15.500000000000002
decision_type=8 10 2 10 10 8 10 10 10 8 8 10 10 10
left_child=10 2 3 4 5 6 -2 8 -6 -5 11 -1 -12 -14
right_child=1 -3 -4 9 7 -7 -8 -9 -10 -11 12 -13 13 -15
leaf_value=0.012309002981246979 0.0080714952713217165 0.00076663677820234307 0.017965252913697997 0.011110683402801785 0.013181048798129492 -0.0062239904127830261 -0.026480681113828668 0.013197699833591729 -0.014781117515772732 -0.00192961947897982 -1.162291550264374e-05 -0.00084925159239775333 0.00012373640371003193 -0.0069474699598647636
leaf_weight=336.7177659869194 60.63368371874094 33863.934301150963 105.35677690431476 264.10502469539642 69.651332411915064 726.96354307234287 300.47677974030375 197.70549680292606 183.7316863052547 2539.7476946674287 2534.7282260172069 653.30090743303299 1008.914898853749 2579.9113472029567
leaf_count=1456 264 159581 871 1355 412 3785 1353 948 1153 11298 11719 2818 4842 11525
internal_value=1.46065e-05 0.000387661 -0.0024926 -0.00302902 -0.00730125 -0.0111453 -0.0206179 0.00201166 -0.0068861 -0.000666186 -0.00199231 0.00370437 -0.00291786 -0.00496474
internal_weight=45425.9 38312.3 4448.37 4343.02 1539.16 1088.07 361.11 451.089 253.383 2803.85 7113.57 990.019 6123.55 3588.83
internal_count=213380 181020 21439 20568 7915 5402 1617 2513 1565 12653 32360 4274 28086 16367
is_linear=0
shrinkage=0.03


Tree=268
num_leaves=15
num_cat=0
split_feature=141 140 246 246 249 249 245 116 122 70 31 189 246 228
split_gain=42.6507 44.5994 65.9085 122.618 99.2092 79.4856 89.4578 66.9069 65.2682 62.2149 67.7254 60.2299 51.7918 46.5099
threshold=1.5000000000000002 24.500000000000004 0.036471085622906692 0.029661133885383609 0.12626262754201892 0.075757574290037169 -0.11049801111221312 29.500000000000004 74.500000000000014 8.5000000000000018 5.5000000000000009 42.500000000000007 0.0021583283087238674 1.0000000180025095e-35
decision_type=8 10 2 2 2 2 2 8 10 10 10 8 2 8
left_child=-1 2 3 7 -4 6 -5 -2 -7 10 -3 13 -11 -6
right_child=1 9 4 5 11 8 -8 -9 -10 12 -12 -13 -14 -15
leaf_value=0.010287838928945954 0.00035263285750142964 -0.0057890656905551178 0.026829633460200793 0.0051663631650309657 0.019185268343273037 -0.0022608556352341456 -0.030530999519121083 -0.0048199632417846808 -0.017689117391352139 -0.023369615632731315 0.0069806091095892288 0.0046879127511139347 0.00036934314399494764 -0.0030624643573480036
leaf_weight=357.64324174076319 7644.2346132323146 435.38331554830074 129.05198373645544 78.29167415946722 77.955215156078339 922.44117855653167 269.00668324530125 3178.9744386486709 328.78820097446442 72.988843992352486 2375.7471168413758 2167.6100624203682 25126.221977896988 2257.6335284225643
leaf_count=1582 34980 2486 650 452 628 4423 1152 13659 1573 307 11802 12000 117080 10603
internal_value=0.000111147 2.8117e-05 -0.00118101 -0.00231945 0.00187023 -0.0100484 -0.0225644 -0.0011697 -0.00642308 0.000764448 0.00498935 0.00109708 0.000291341 -0.00224127
internal_weight=45422 45064.3 17054 12421.7 4632.25 1598.53 347.298 10823.2 1251.23 28010.3 2811.13 4503.2 25199.2 2335.59
internal_count=213377 211795 80120 56239 23881 7600 1604 48639 5996 131675 14288 23231 117387 11231
is_linear=0
shrinkage=0.03


Tree=269
num_leaves=15
num_cat=0
split_feature=245 119 230 249 245 226 193 35 249 229 140 229 243 224
split_gain=40.0972 90.3762 116.168 77.778 78.6518 80.8925 72.9003 59.5193 57.8604 56.5854 90.8133 62.8896 50.6065 72.3277
threshold=-0.11150914430618285 17.500000000000004 17.500000000000004 1.0000000180025095e-35 -0.11823166906833647 1.5000000000000002 61.500000000000007 18.500000000000004 0.085858587175607695 12.500000000000002 7.5000000000000009 21.500000000000004 -0.069657869637012468 1.5000000000000002
decision_type=2 8 10 2 2 10 8 10 2 10 10 10 2 10
left_child=1 -1 3 -3 5 7 -7 -5 -9 -4 11 -11 13 -6
right_child=-2 2 9 4 12 6 -8 8 -10 10 -12 -13 -14 -15
leaf_value=-0.019510004588023669 -0.00011237465489350445 0.025887233437627125 0.028433706075492657 0.013966836965206297 0.02744156220966322 -0.011021595555385819 0.003924467638817976 0.018281966164844406 -0.025445615796960603 -0.035944709586621465 0.015645995221090062 0.0054811200530621683 0.023425116601944924 -0.020633951235822894
leaf_weight=137.50784079730511 42324.946426436305 97.598589800298214 190.0750806927681 353.6056173145771 35.273660276085138 916.36317472159863 423.8574179019779 32.678062293678522 69.994757503271103 48.794215105473995 451.26584513857961 70.04019571095705 178.65731120109558 64.733202155679464
leaf_count=629 192000 724 1204 3908 292 5590 2755 284 478 227 2997 384 1378 395
internal_value=0.000128109 0.00343269 0.00457098 0.00101747 -0.000270741 -0.00259297 -0.0063007 0.00819927 -0.0111409 0.0145827 0.00955409 -0.0129983 0.0142715 -0.00272402
internal_weight=45395.4 3070.44 2932.94 2172.76 2075.16 1796.5 1340.22 456.278 102.673 760.175 570.1 118.834 278.664 100.007
internal_count=213245 21245 20616 15804 15080 13015 8345 4670 762 4812 3608 611 2065 687
is_linear=0
shrinkage=0.03


Tree=270
num_leaves=15
num_cat=0
split_feature=245 246 244 245 224 245 230 231 244 228 134 246 243 245
split_gain=37.6017 41.1036 45.5602 98.0234 54.3864 55.0636 81.3592 46.1872 111.153 129.522 145.466 124.627 107.176 91.7156
threshold=-0.20662932842969892 0.2878901362419129 0.089140471071004881 -0.17363885045051572 39.500000000000007 -0.053608149290084832 80.500000000000014 91.500000000000014 0.0040010181255638608 8.5000000000000018 51.500000000000007 0.05662451125681401 -0.052742749452590935 -0.088235203176736818
decision_type=2 2 2 2 10 2 8 8 2 10 8 2 2 2
left_child=-1 2 7 -4 -5 6 -6 -2 -9 10 13 12 -11 -10
right_child=1 -3 3 4 5 -7 -8 8 9 11 -12 -13 -14 -15
leaf_value=0.013807413842773881 0.00024877785964502085 -0.015217574538517117 -0.027003062354765434 0.019833736920755775 -0.04637627369542837 0.0092816559853668937 0.0078109918081004787 0.014950972332063241 -0.0084359330756936489 0.019639732613385679 -0.0017285459292045639 -0.007903446449761032 0.0017654455424026111 -0.024899235132970057
leaf_weight=166.57946739345789 38418.001136768609 150.51407139748335 58.454453863203526 307.37032452225685 35.314948320388794 272.00166352838278 50.120063409209251 298.56450140848756 712.51155585050583 362.31897826865315 1429.7936418987811 979.78549575805664 1609.786750856787 544.0198862850666
leaf_count=2592 175323 801 356 2319 175 1396 351 1577 3727 2011 7685 4897 7770 2369
internal_value=-9.44385e-06 -6.3373e-05 -9.40981e-06 0.00740754 0.0107885 0.0026821 -0.0171 -0.000131995 -0.00259232 -0.00354613 -0.00829962 0.000793133 0.00513186 -0.0157041
internal_weight=45395.1 45228.6 45078 723.261 664.807 357.437 85.435 44354.8 5936.78 5638.22 2686.33 2951.89 1972.11 1256.53
internal_count=213349 210757 209956 4597 4241 1922 526 205359 30036 28459 13781 14678 9781 6096
is_linear=0
shrinkage=0.03


Tree=271
num_leaves=15
num_cat=0
split_feature=66 64 148 231 249 249 229 226 229 140 226 7 226 78
split_gain=38.3086 51.3799 43.1006 92.335 129.513 120.981 120.84 112.27 98.9608 116.557 62.2765 57.973 60.541 54.1603
threshold=15.500000000000002 94.500000000000014 12.500000000000002 68.500000000000014 0.91414141654968273 0.90404042601585399 58.500000000000007 49.500000000000007 3.5000000000000004 86.500000000000014 24.500000000000004 11.500000000000002 6.5000000000000009 10.500000000000002
decision_type=10 10 10 10 2 2 10 8 10 10 10 10 8 10
left_child=1 -1 3 5 6 7 8 -2 10 13 11 12 -5 -10
right_child=2 -3 -4 4 -6 -7 -8 -9 9 -11 -12 -13 -14 -15
leaf_value=-0.0011624998376882436 0.0061463855210863502 -0.011207787144475496 0.00095086287336552608 0.0078498673189091438 0.026302721160912926 -0.026292818322974941 0.01206583977515022 -0.0057710217097183833 -0.02005774917063605 -0.030773248562921972 0.021230472813780911 -0.018711411387745121 -0.013430568360889914 -0.0058013333577420249
leaf_weight=8139.6011644601822 2332.8987829592079 475.89507246762514 30635.881444294006 361.18460191972554 97.554631512612104 126.39041490852833 251.07237051427364 1012.6226056143641 325.96294174343348 291.71713873371482 90.364230129867792 170.31488659977913 168.06848137453198 887.83972598239779
leaf_count=36832 10783 2080 144313 2643 810 564 1252 4479 1519 1292 716 836 1031 4047
internal_value=6.96145e-05 -0.00172972 0.000491777 -0.00180565 -0.00601869 0.00141092 -0.00735493 0.00253278 -0.00952226 -0.0140098 -0.000901298 -0.004019 0.000968356 -0.00976246
internal_weight=45367.4 8615.5 36751.9 6115.99 2644.08 3471.91 2546.52 3345.52 2295.45 1505.52 789.932 699.568 529.253 1213.8
internal_count=213197 38912 174285 29972 14146 15826 13336 15262 12084 6858 5226 4510 3674 5566
is_linear=0
shrinkage=0.03


Tree=272
num_leaves=15
num_cat=0
split_feature=165 79 170 52 232 249 226 58 64 178 226 245 178 245
split_gain=38.5425 40.5221 70.5146 60.7681 74.2997 72.8962 68.2362 58.411 56.8462 51.8516 45.9704 43.7965 43.3263 62.9164
threshold=5.5000000000000009 10.500000000000002 15.500000000000002 4.5000000000000009 87.500000000000014 0.015151515137404205 12.500000000000002 34.500000000000007 36.500000000000007 9.5000000000000018 41.500000000000007 -0.051887895911931985 2.5000000000000004 -0.074394576251506792
decision_type=8 8 10 10 10 2 8 10 10 10 10 2 8 2
left_child=-1 2 -2 5 -5 6 -3 -6 9 10 -9 -8 13 -7
right_child=1 3 -4 4 7 12 11 8 -10 -11 -12 -13 -14 -15
leaf_value=-0.0037998187977658676 -0.0024078201575193701 0.018183299556984271 0.0048631090068328164 -0.00034348594468862885 0.0080750769297600195 -0.0033832285603625271 -0.0057615426960234972 -0.0050470070601733577 -0.0039783001655741479 0.0099088516837720214 0.020424316066336354 0.018792877796392875 -0.0025299347807119722 -0.015664642598922168
leaf_weight=2402.5521156340837 1768.7502709422261 240.83465054631233 3693.570383509621 28341.110494118184 1758.1427581198514 851.3187382761389 361.33821673691273 501.19492670148611 1139.831489995122 803.06748715788126 62.930584542453289 69.397636502981186 2680.5457321181893 671.90882844477892
leaf_count=10852 9389 1341 19807 128286 8454 4889 1590 2444 5079 3721 286 285 13849 2929
internal_value=-0.000110173 9.70856e-05 0.00250862 -0.00025493 0.000212514 -0.00337523 0.00574208 0.00389918 0.000950226 0.0050582 -0.00189932 -0.00146884 -0.00484193 -0.0088675
internal_weight=45346.5 42943.9 5462.32 37481.6 32606.3 4875.34 671.571 4265.17 2507.02 1367.19 564.126 430.736 4203.77 1523.23
internal_count=213201 202349 29196 173153 148270 24883 3216 19984 11530 6451 2730 1875 21667 7818
is_linear=0
shrinkage=0.03


Tree=273
num_leaves=15
num_cat=0
split_feature=240 147 189 17 34 28 126 108 245 192 105 189 224 245
split_gain=49.4292 48.7375 36.3217 38.7682 54.5868 53.7404 57.0599 55.6304 45.308 45.2187 40.6359 38.7726 38.4692 40.7436
threshold=0.082956656813621535 94.500000000000014 53.500000000000007 27.500000000000004 84.500000000000014 8.5000000000000018 50.500000000000007 17.500000000000004 -0.12353134900331496 87.500000000000014 1.5000000000000002 18.500000000000004 31.500000000000004 -0.071302972733974443
decision_type=10 10 8 10 10 10 8 10 2 10 10 10 10 2
left_child=1 2 3 4 5 6 10 8 9 -7 -1 -8 -9 -14
right_child=-2 -3 -4 -5 -6 7 11 12 -10 -11 -12 -13 13 -15
leaf_value=0.0038915161910316682 0.010071869843188962 -0.0038215973059113856 0.0012437085165725769 -0.0025368265253326049 0.019863659003806294 0.0038882288289429313 -0.0034966003404586546 0.0067599143499278641 -0.00083526830832758754 0.026648991714334606 -0.0087172150308226729 0.0031925019757586184 0.0095220911356600785 -0.00095719712300059898
leaf_weight=264.01005361229181 426.72055055573583 2904.2573486156762 17311.687467604876 6490.4294805042446 115.68904837593436 408.78214015066624 1560.4383193813264 2074.4737426415086 8484.0405554026365 88.724290184676647 1546.5131561756134 1539.2807259187102 402.24570092558861 1750.1080150529742
leaf_count=1329 2542 13262 83881 28929 682 2213 8151 9062 37827 652 7015 8415 1980 7372
internal_value=2.77558e-05 -6.98345e-05 0.000190219 -0.000547615 0.000161439 2.47507e-05 -0.00265175 0.001021 -0.000315361 0.00839245 -0.00686734 -0.000175293 0.00385466 0.00103622
internal_weight=45367.4 44940.7 42036.4 24724.7 18234.3 18118.6 4910.24 13208.4 8981.55 497.506 1810.52 3099.72 4226.83 2152.35
internal_count=213312 210770 197508 113627 84698 84016 24910 59106 40692 2865 8344 16566 18414 9352
is_linear=0
shrinkage=0.03


Tree=274
num_leaves=15
num_cat=0
split_feature=171 228 120 248 248 248 226 81 69 63 120 62 152 248
split_gain=33.4039 69.9973 54.8413 72.974 51.0834 67.0357 50.8422 50.0998 49.0423 53.3563 63.8161 62.8071 47.8064 48.2049
threshold=28.500000000000004 1.0000000180025095e-35 17.500000000000004 0.73232322931289684 0.7525252401828767 0.69191917777061474 52.500000000000007 9.5000000000000018 4.5000000000000009 62.500000000000007 34.500000000000007 96.500000000000014 38.500000000000007 0.88383838534355175
decision_type=8 8 8 2 2 2 8 8 10 10 10 8 10 2
left_child=8 4 3 6 5 -2 -3 -4 -1 11 -11 12 13 -10
right_child=1 2 7 -5 -6 -7 -8 -9 9 10 -12 -13 -14 -15
leaf_value=0.0021991896236067728 0.016768233625155497 0.010110797398006599 0.0038484455496229104 -0.011025073557530076 0.020137410375213043 -0.013744114008441843 0.00261164899588078 -0.00058777036585676561 -0.00043475484451295895 -0.0054179265067828735 0.0024737124462366261 -0.011676269567933878 -0.0059330693095495761 -0.012392217679897363
leaf_weight=3850.6915517058223 117.69960294663906 1107.7257609441876 2604.6143417172134 276.8029723316431 278.50037178397179 121.64698280394077 3033.1569610610604 18509.643648881465 6616.796895455569 1162.0106367766857 4319.4296875204891 672.70509838685393 2345.9706398397684 308.06240496598184
leaf_count=18980 743 4740 13256 1178 1788 619 13400 86536 30061 5038 21360 3197 10686 1508
internal_value=0.000120951 0.000821388 0.000597591 0.00363321 0.0116351 0.00133118 0.00463727 -3.89645e-05 -0.000825578 -0.00158162 0.000793944 -0.00289064 -0.00224125 -0.000983802
internal_weight=45325.5 26049.8 25531.9 4417.69 517.847 239.347 4140.88 21114.3 19275.7 15425 5481.44 9943.54 9270.83 6924.86
internal_count=213090 122260 119110 19318 3150 1362 18140 99792 90830 71850 26398 45452 42255 31569
is_linear=0
shrinkage=0.03


Tree=275
num_leaves=15
num_cat=0
split_feature=194 52 244 228 230 230 192 244 10 229 64 231 144 231
split_gain=37.6811 52.3506 58.3865 43.5052 78.2743 42.7954 62.1912 44.6324 44.3727 45.8569 64.6887 44.8998 42.6124 41.1661
threshold=29.500000000000004 8.5000000000000018 0.10707041621208192 93.500000000000014 62.500000000000007 3.5000000000000004 21.500000000000004 0.0062856737058609733 4.5000000000000009 2.5000000000000004 46.500000000000007 80.500000000000014 50.500000000000007 17.500000000000004
decision_type=8 8 2 8 8 10 10 2 10 10 10 10 10 10
left_child=5 -2 3 -3 -5 6 7 -1 11 10 12 -7 -10 -9
right_child=1 2 -4 4 -6 8 -8 13 9 -11 -12 -13 -14 -15
leaf_value=0.013400476658700951 -0.0033754580938766504 0.00016206521156343797 0.013129048534581838 -0.026275879196346795 -0.0028569374737540845 0.010232742965637706 0.010031562494550955 -0.023662687072083344 0.0064725937866428659 0.00042696769234217414 0.0032082800930334325 -0.0028742603955995804 -0.024342390995506922 -0.00035972982944423133
leaf_weight=193.2357176207006 4835.1736704669893 24709.925312165171 292.13182840868831 132.84387429058552 1313.8918500766158 770.13694681599736 1143.5378756262362 62.998527586460114 44.91570058465004 10040.426985114813 210.29602947086096 331.47294412180781 211.82362762838602 1049.2218000032008
leaf_count=1122 24013 112777 2023 552 6830 3654 6344 276 231 45262 1054 1714 1008 6467
internal_value=7.11032e-05 -0.00050864 1.65283e-05 -0.000134881 -0.00517295 0.00136067 0.00495604 0.00046758 0.000598599 -4.40139e-06 -0.00909262 0.00629849 -0.0189109 -0.00187875
internal_weight=45342 31284 26448.8 26156.7 1446.74 14058.1 2448.99 1305.46 11609.1 10507.5 467.035 1101.61 256.739 1112.22
internal_count=213327 146195 122182 120159 7382 67132 14209 7865 52923 47555 2293 5368 1239 6743
is_linear=0
shrinkage=0.03


Tree=276
num_leaves=15
num_cat=0
split_feature=226 226 79 226 195 246 244 245 233 64 5 226 245 226
split_gain=48.4457 35.9181 79.0903 57.4006 51.219 58.3029 70.3776 65.5389 61.2652 61.0177 71.4972 59.2689 55.9644 76.0308
threshold=99.500000000000014 81.500000000000014 23.500000000000004 86.500000000000014 38.500000000000007 0.03623712249100209 0.022393216378986839 -0.12919023633003232 42.500000000000007 1.0000000180025095e-35 5.5000000000000009 42.500000000000007 -0.040305234491825097 2.5000000000000004
decision_type=10 10 10 10 10 2 2 2 10 10 10 8 2 10
left_child=1 4 3 -3 5 6 7 -1 -9 -10 -11 12 13 -8
right_child=-2 2 -4 -5 -6 -7 11 8 9 10 -12 -13 -14 -15
leaf_value=0.011363408969233177 -0.0079495736784546359 0.022921633643199379 0.00091774627743356656 0.0056318703896221503 0.001326410963955024 0.0010339318251112849 0.0048117905315919664 -0.0038856667799831205 -0.0079114464129711546 0.0089218957311169491 -0.00022840325655768302 -0.0023090288473032834 0.0024015486641482311 -0.023352041495403673
leaf_weight=342.31954221054912 665.94197770953178 236.40419401973486 5961.7221434116364 612.99489076808095 12747.261157598346 8345.9194691888988 101.07240462303162 6577.9240224063396 782.9981065094471 860.4254905693233 6561.2574978247285 746.28606673330069 141.72555962204933 478.11191970854998
leaf_count=2358 3141 1142 28068 3197 60077 42469 592 28834 3854 4128 28631 3267 603 2171
internal_value=2.1582e-05 0.000142639 0.00214586 0.0106547 -0.000219889 -0.00101051 -0.00203887 -0.00142741 -0.00173109 -1.07286e-06 0.000843005 -0.00828994 -0.0143651 -0.018439
internal_weight=45162.4 44496.4 6811.12 849.399 37685.3 24938 16592.1 15124.9 14782.6 8204.68 7421.68 1467.2 720.91 579.184
internal_count=212532 209391 32407 4339 176984 116907 74438 67805 65447 36613 32759 6633 3366 2763
is_linear=0
shrinkage=0.03


Tree=277
num_leaves=15
num_cat=0
split_feature=98 244 245 224 226 142 243 222 68 51 226 142 245 224
split_gain=40.0107 51.1945 93.4762 81.1077 78.1221 120.196 70.8164 68.7139 70.5004 49.5607 70.2063 54.3692 59.2532 48.9351
threshold=42.500000000000007 0.021082200109958652 -0.12919023633003232 82.500000000000014 44.500000000000007 57.500000000000007 -0.042562799528241151 62.500000000000007 49.500000000000007 4.5000000000000009 7.5000000000000009 20.500000000000004 -0.20662932842969892 84.500000000000014
decision_type=8 2 2 10 10 10 2 10 10 8 8 10 2 10
left_child=1 2 6 -4 -5 7 -1 8 -6 11 -11 -3 -13 -10
right_child=-2 9 3 4 5 -7 -8 -9 13 10 -12 12 -14 -15
leaf_value=0.014995323780635565 0.0014959416732947812 0.009414177115210972 -0.00073961918895514239 0.017122068782811441 0.0066127566346333216 0.009973569002819491 -0.012462486867766544 0.0090189102870196734 0.0083669634966519746 0.0063784289395055526 -0.0027563863239495777 0.013567850361544703 -0.012182491771706827 -0.018749957796004902
leaf_weight=574.21172077395022 11289.664126437157 134.47037906199694 22832.358180295676 396.93393543362617 169.4284232147038 953.8747844286263 91.050525508821011 221.88820822536945 62.99528843164444 854.30526867322624 6122.1206256300211 78.945842586457729 1039.8159826099873 451.81437230855227
leaf_count=4209 55125 632 101634 1782 749 4810 509 936 284 4809 29108 1220 5274 1907
internal_value=-5.06035e-05 -0.00056466 9.38081e-05 -0.000202563 0.00520988 0.00258979 0.0111084 -0.00520709 -0.00988383 -0.00262293 -0.00163024 -0.00809234 -0.0102613 -0.0153356
internal_weight=45273.9 33984.2 25754.6 25089.3 2256.94 1860 665.262 906.126 684.238 8229.66 6976.43 1253.23 1118.76 514.81
internal_count=212988 157863 116820 112102 10468 8686 4718 3876 2940 41043 33917 7126 6494 2191
is_linear=0
shrinkage=0.03


Tree=278
num_leaves=15
num_cat=0
split_feature=67 237 81 137 70 244 245 228 230 31 178 190 169 238
split_gain=35.2503 67.1643 46.0954 71.9128 66.2607 61.0563 56.4806 80.3467 68.8672 55.9771 51.1321 50.5221 47.266 47.0447
threshold=85.500000000000014 0.17459345608949664 54.500000000000007 91.500000000000014 79.500000000000014 0.060594769194722183 -0.15800683945417401 5.5000000000000009 36.500000000000007 67.500000000000014 11.500000000000002 86.500000000000014 10.500000000000002 -0.13530305027961728
decision_type=10 2 10 10 10 2 2 10 10 8 8 10 10 10
left_child=2 -2 3 4 5 9 7 -7 -8 13 12 -10 -4 -1
right_child=1 -3 10 -5 -6 6 8 -9 11 -11 -12 -13 -14 -15
leaf_value=0.0029328767756393371 -0.0041726433527607652 0.0064371481193368869 0.0071218949679888325 -0.0077708778936950457 -0.0050224037764323637 0.0026140768668280055 0.013590353345523018 -0.04446292658486211 -0.0082211629825241963 -0.0022653124127496194 0.0034719664286790297 0.01728470322852111 -0.009910282147889353 5.5262211495481007e-05
leaf_weight=7452.4367957822978 3360.1337114833295 629.54769701883197 197.8504536524415 1028.4452805630863 2007.4952469840646 121.26140454784036 847.77049886062741 34.147343583405018 275.38432524353266 6071.0285292658955 6499.4913500286639 82.672560006380081 498.01271945238113 16242.91104259342
leaf_count=39157 15373 3452 1090 5557 8875 1078 5399 305 1389 28413 29986 447 2391 70497
internal_value=0.000202851 -0.00248657 0.000462825 2.92861e-06 0.000246483 0.00058779 0.00677727 -0.00979267 0.00897581 0.00030256 0.00264338 -0.00202244 -0.00503534 0.000961158
internal_weight=45348.6 3989.68 41358.9 34163.6 33135.1 31127.6 1361.24 155.409 1205.83 29766.4 7195.35 358.057 695.863 23695.3
internal_count=213409 18825 194584 161117 155560 146685 8618 1383 7235 138067 33467 1836 3481 109654
is_linear=0
shrinkage=0.03


Tree=279
num_leaves=15
num_cat=0
split_feature=147 140 176 122 141 195 230 228 224 249 147 69 230 149
split_gain=40.765 39.9112 51.1992 49.4498 55.8651 46.9237 45.1539 46.4905 58.6688 43.4164 43.2922 42.7964 42.448 40.7878
threshold=97.500000000000014 11.500000000000002 13.500000000000002 10.500000000000002 53.500000000000007 9.5000000000000018 6.5000000000000009 3.5000000000000004 18.500000000000004 1.0000000180025095e-35 50.500000000000007 6.5000000000000009 60.500000000000007 29.500000000000004
decision_type=10 10 10 8 10 10 10 8 10 2 10 10 8 10
left_child=1 2 5 12 11 10 7 8 9 -7 -1 -5 -4 -3
right_child=-2 13 3 4 -6 6 -8 -9 -10 -11 -12 -13 -14 -15
leaf_value=-0.0017017341964384808 -0.0046178301471050094 -0.00095694540708924996 0.0078674579428398752 -0.00061399825993363683 -0.00060759208906316624 0.018718464041941447 -0.00058915248407770827 0.0093594133645941071 -0.032822950321368081 -0.00091400577176377774 -0.014490775454472523 -0.0098219379771626366 -0.0097478768355960602 0.001370791570081158
leaf_weight=1310.2468001954257 1664.9818802289665 9610.9464912898839 520.08121594041586 592.83806498348713 1652.7917071394622 108.32110498100519 2742.0441807955503 1114.6177498474717 36.249242298305035 702.5634444206953 282.14600794762373 1953.4478263929486 151.14859582483768 22902.547391107306
leaf_count=7087 7602 44014 2309 2583 7444 682 12418 6114 186 4196 1386 8346 677 108335
internal_value=-2.48974e-05 0.000151192 -0.00139543 -0.00370177 -0.0049097 0.000391635 0.00189865 0.00536134 5.30438e-05 0.00190466 -0.00404403 -0.00768889 0.00381594 0.000682633
internal_weight=45345 43680 11166.5 4870.31 4199.08 6296.19 4703.8 1961.75 847.134 810.885 1592.39 2546.29 671.23 32513.5
internal_count=213379 205777 53428 21359 18373 32069 23596 11178 5064 4878 8473 10929 2986 152349
is_linear=0
shrinkage=0.03


Tree=280
num_leaves=15
num_cat=0
split_feature=245 232 224 56 52 244 64 118 228 59 244 244 130 224
split_gain=35.1124 34.3944 70.2828 99.6364 59.2291 58.2725 49.3475 48.5157 47.7993 46.3948 42.7472 77.107 62.3061 62.4347
threshold=-0.26005084812641138 83.500000000000014 16.500000000000004 34.500000000000007 4.5000000000000009 0.0017953263013623657 28.500000000000004 44.500000000000007 97.500000000000014 34.500000000000007 0.0019807587377727036 0.0044088005088269719 10.500000000000002 4.5000000000000009
decision_type=2 8 10 10 10 2 10 10 10 10 2 2 10 10
left_child=-1 10 5 4 -4 -3 9 -5 -9 -7 -2 12 13 -12
right_child=1 2 3 7 -6 6 -8 8 -10 -11 11 -13 -14 -15
leaf_value=0.02405056433243305 -0.0055202460812415199 0.018596704275214482 -0.00022963824477389224 -0.0041852692965972486 0.011581337674633842 0.0018534581489310486 -0.0064760700080447901 0.0046569240429918833 -0.021941084460881929 -0.013776415442243535 0.016648908155946343 -0.00063385186257468686 0.00690989418285466 -0.0048674238743206151
leaf_weight=44.81504650041461 1391.9946274608374 117.60252856090665 494.72620026022196 1210.2289918288589 1663.2194656506181 2174.4898204822093 1392.1822534352541 1612.3677248358727 53.381890431046486 175.45137344300747 130.4159327968955 31644.18433464691 2289.9028574228287 889.69997143745422
leaf_count=811 6209 680 2390 5200 8018 12978 6881 7655 236 814 694 146530 10003 4015
internal_value=5.45697e-05 2.54892e-05 0.00169663 0.00402857 0.00888501 -0.00134729 -0.00202196 0.000366458 0.0036787 0.000633069 -0.00038378 -0.000177708 0.00417185 -0.00198177
internal_weight=45284.7 45239.8 8893.65 5033.92 2157.95 3859.73 3742.12 2875.98 1665.75 2349.94 36346.2 34954.2 3310.02 1020.12
internal_count=213114 212303 44852 23499 10408 21353 20673 13091 7891 13792 167451 161242 14712 4709
is_linear=0
shrinkage=0.03


Tree=281
num_leaves=15
num_cat=0
split_feature=77 248 194 231 228 244 228 195 230 230 231 231 245 79
split_gain=39.5916 48.9056 38.1748 53.0204 64.1281 94.6725 58.2434 51.7379 48.626 42.0523 54.1704 64.5939 80.3684 47.0646
threshold=1.5000000000000002 0.93434342741966259 29.500000000000004 99.500000000000014 8.5000000000000018 0.04881622642278672 91.500000000000014 37.500000000000007 89.500000000000014 3.5000000000000004 17.500000000000004 77.500000000000014 -0.053608149290084832 15.500000000000002
decision_type=8 2 8 10 8 2 10 10 8 10 10 10 2 10
left_child=-1 2 9 7 5 -5 -6 -4 -8 10 -2 12 -12 -13
right_child=1 -3 3 4 6 -7 8 -9 -10 -11 11 13 -14 -15
leaf_value=-0.0047265219428105146 -0.012004789599985567 0.017970734864177437 -0.0013812114783942936 -0.021355526344681252 0.0063868647622799188 0.014594056438612986 -0.032402909413992771 0.0011603592071971658 -0.0011135138578194385 0.00064584855894336791 0.01706802179157637 0.0076521664926415631 -0.0046246073534586844 -0.0040155168492604539
leaf_weight=1555.2900992259383 146.02861700206995 127.83848176524043 16638.641969043761 382.14758683368564 372.47634930163622 71.888469390571117 66.657983615994453 12703.39298042655 109.01283423602581 10985.038985341787 704.10999422520399 614.72192320227623 191.18047939240932 610.8818356320262
leaf_count=8065 649 900 76833 1936 1978 539 293 59077 607 49930 3907 4146 895 3352
internal_value=-3.85117e-05 0.000129286 7.28602e-05 -0.000513809 -0.00726457 -0.0154717 -0.0003111 -0.000280839 -0.014092 0.00141558 0.00512634 0.00635666 0.0124359 0.00185117
internal_weight=45279.3 43724 43596.2 30344.2 1002.18 454.036 548.147 29342 175.671 13252 2266.92 2120.89 895.29 1225.6
internal_count=213107 205042 204142 141263 5353 2475 2878 135910 900 62879 12949 12300 4802 7498
is_linear=0
shrinkage=0.03


Tree=282
num_leaves=15
num_cat=0
split_feature=226 226 231 224 122 231 245 226 243 224 243 244 176 231
split_gain=39.7126 35.7289 105.507 126.766 118.946 143.7 96.002 137.062 88.3021 118.756 86.509 73.0929 71.0031 66.616
threshold=99.500000000000014 81.500000000000014 24.500000000000004 87.500000000000014 56.500000000000007 40.500000000000007 -0.067085083574056611 98.500000000000014 -0.011876889970153568 42.500000000000007 -0.040237210690975182 0.0014736409066244962 48.500000000000007 83.500000000000014
decision_type=10 10 10 10 10 10 2 10 2 10 2 2 10 10
left_child=1 -1 3 11 8 12 7 -7 9 -4 13 -3 -6 -11
right_child=-2 2 4 -5 5 6 -8 -9 -10 10 -12 -13 -14 -15
leaf_value=-0.00013319331166400066 -0.0072058538552037671 -0.020256558924393302 0.0070313551899437807 -0.014903548884280081 -0.022491699963367633 0.021934501706669714 0.0029342306361174147 -0.010287477790784937 0.0099782496513964869 -0.03360042484247748 -0.0085992344987582976 0.01374985818079682 -0.0025716563075732107 0.0034613679671906586
leaf_weight=37789.612220706418 646.21873246133327 50.92840164899826 274.71201054751873 165.47063659876585 223.76186246797442 569.39147693291306 2424.3692070022225 143.04733085259795 224.00816459953785 264.72914685308933 646.41917684674263 1282.4469467736781 527.7455345839262 49.798564046621323
leaf_count=177479 3046 208 1221 785 975 3552 11429 891 995 1172 2769 6007 2366 221
internal_value=0.000120618 0.000228277 0.00222062 0.00922667 0.000243518 0.00298503 0.00580817 0.015412 -0.00703005 -0.0101688 -0.0151077 0.0123099 -0.00872033 -0.0278067
internal_weight=45282.7 44636.4 6846.83 1498.85 5347.98 3888.32 3136.81 712.439 1459.67 1235.66 960.947 1333.38 751.507 314.528
internal_count=213116 210070 32591 7000 25591 19213 15872 4443 6378 5383 4162 6215 3341 1393
is_linear=0
shrinkage=0.03


Tree=283
num_leaves=15
num_cat=0
split_feature=238 171 224 212 59 47 231 224 130 230 231 120 146 52
split_gain=34.84 44.1864 53.1626 61.3372 56.7136 41.525 40.4092 38.6713 49.8041 43.6894 88.5552 75.1783 92.9168 82.3544
threshold=-0.096575204282999025 24.500000000000004 32.500000000000007 58.500000000000007 59.500000000000007 2.5000000000000004 83.500000000000014 77.500000000000014 43.500000000000007 3.5000000000000004 19.500000000000004 51.500000000000007 17.500000000000004 11.500000000000002
decision_type=10 10 8 10 8 8 10 10 10 10 10 8 10 10
left_child=7 2 3 6 -4 -3 -2 9 -9 -1 -11 -12 -13 -14
right_child=1 5 4 -5 -6 -7 -8 8 -10 10 11 12 13 -15
leaf_value=0.0028159122557068266 0.0043208413954615556 -0.0052033485743963699 -0.0097326434186924913 -0.010753074444263653 -0.001796581275891742 0.00042411619251850189 -0.010581901428693079 0.0060406770225533753 -0.0094778709686037556 0.0039944013300646517 -0.004850607740937412 0.015808815995028969 -0.0044548715326759346 0.0015237016641056105
leaf_weight=5278.6953665502369 1585.2623919919133 1277.3629991784692 1552.1544595733285 351.86318391561508 1695.8216051235795 14156.543767035007 172.92282099276781 1988.5522413104773 196.30784844607115 3426.291779011488 3989.8261683657765 315.23507556319237 3129.1697354875505 6099.8383883349597
leaf_count=31460 6815 5674 6520 1489 7408 62185 757 10344 908 15405 17447 1493 15198 29715
internal_value=4.21846e-05 -0.000860152 -0.00320462 0.000502848 -0.00560733 -4.46997e-05 0.00280356 0.000810375 0.00460952 0.000435227 -0.000306953 -0.00139803 4.88322e-05 -0.00050601
internal_weight=45215.8 20791.9 5358.02 2110.05 3247.98 15433.9 1758.19 24423.9 2184.86 22239.1 16960.4 13534.1 9544.24 9229.01
internal_count=212818 90848 22989 9061 13928 67859 7572 121970 11252 110718 79258 63853 46406 44913
is_linear=0
shrinkage=0.03


Tree=284
num_leaves=15
num_cat=0
split_feature=141 233 245 224 104 244 8 101 193 70 222 248 248 231
split_gain=42.0833 34.0703 75.9791 71.7748 88.5413 118.002 97.1078 70.3 61.3161 53.0197 72.5429 71.0382 72.6483 56.5354
threshold=1.5000000000000002 55.500000000000007 -0.11150914430618285 6.5000000000000009 84.500000000000014 0.016473784111440185 4.5000000000000009 2.5000000000000004 90.500000000000014 22.500000000000004 47.500000000000007 0.88383838534355175 0.65151515603065502 88.500000000000014
decision_type=8 10 2 10 8 2 10 8 10 10 10 2 2 10
left_child=-1 2 8 4 6 -6 -3 -4 -2 10 11 12 -5 -14
right_child=1 3 7 9 5 -7 -8 -9 -10 -11 -12 -13 13 -15
leaf_value=0.010029129908921712 0.0030961722855408391 0.0047217726683281055 -0.0076560132702905041 0.00011456728954154744 0.011949592305507002 -0.031832997640969835 -0.006268325497038112 -0.00079104497942509493 0.01979406102988622 0.00052242233989956859 0.011774124810052999 -0.015422642695581348 0.010832022020200395 -0.0053569690577583541
leaf_weight=363.57474471628666 1120.8585740290582 1223.6490513272583 1417.8641426414251 2417.0894322879612 71.020515158772469 186.49164959043264 1741.5603137165308 22537.217259950936 231.84889078885317 11347.870437137783 923.04698094725609 180.20578884333372 1303.4543135091662 221.56333092600107
leaf_count=1610 7742 8414 6160 11336 399 868 8564 102683 1629 51506 4382 927 6043 1037
internal_value=1.70701e-06 -8.16604e-05 -0.000808882 0.000856509 -0.00322982 -0.0197627 -0.00173243 -0.0012004 0.00608238 0.00166131 0.00421677 0.00250017 0.00335643 0.00846042
internal_weight=45287.3 44923.7 25307.8 19616 3222.72 257.512 2965.21 23955.1 1352.71 16393.2 5045.36 4122.31 3942.11 1525.02
internal_count=213300 211690 118214 93476 18245 1267 16978 108843 9371 75231 23725 19343 18416 7080
is_linear=0
shrinkage=0.03


Tree=285
num_leaves=15
num_cat=0
split_feature=147 101 246 238 229 231 96 243 246 224 230 243 243 242
split_gain=34.5817 39.0039 61.8114 55.4575 50.174 138.98 76.8522 73.8608 71.6091 59.3591 58.2433 57.8991 58.3346 53.1931
threshold=97.500000000000014 5.5000000000000009 0.010129196569323541 -0.28074955940246576 5.5000000000000009 90.500000000000014 24.500000000000004 -0.087502673268318162 0.045384194701910026 3.5000000000000004 1.0000000180025095e-35 -0.085815604776144014 -0.10225159302353858 0.022925619967281822
decision_type=10 8 2 10 8 10 10 2 2 10 8 2 2 8
left_child=1 2 -1 -4 5 -3 7 -7 9 -9 -6 12 13 -12
right_child=-2 4 3 -5 10 6 -8 8 -10 -11 11 -13 -14 -15
leaf_value=0.0060068487588534197 -0.0041968100061894331 0.0087370306578377702 0.012476672422850771 -0.0034671892430976439 -0.026457434319993225 0.007547099681855198 0.0030786601950867605 -0.0072997287539652324 0.0010179276179047938 -0.029225146961240331 -0.018219753439881942 0.00035695999270242488 -0.020396179043581254 0.013331217113448091
leaf_weight=775.52234983816743 1694.0277199819684 2230.1703968755901 193.48574062623084 5872.827245797962 63.879252508282661 186.73896006494761 1090.9600186925381 204.09368299692869 211.89571317657828 259.00780908763409 66.179839044809341 31955.018475126475 233.57265432924032 120.66241110116243
leaf_count=3609 7717 11880 2236 27968 279 1490 5764 1084 1076 1171 327 145705 1418 979
internal_value=-4.46106e-06 0.000159865 -0.00191767 -0.00293896 0.000548412 0.00363665 -0.00220332 -0.00884893 -0.0134289 -0.0199209 0.000149203 0.000209853 -0.01072 0.00179794
internal_weight=45158 43464 6841.84 6066.31 36622.2 4182.87 1952.7 861.736 674.997 463.101 32439.3 32375.4 420.415 186.842
internal_count=212703 204986 33813 30204 171173 22465 10585 4821 3331 2255 148708 148429 2724 1306
is_linear=0
shrinkage=0.03


Tree=286
num_leaves=15
num_cat=0
split_feature=204 63 64 71 124 249 230 148 228 226 77 228 226 122
split_gain=38.8215 30.1068 49.875 52.044 52.1253 44.0346 50.2385 70.6575 43.7138 51.7512 41.9432 47.1247 47.4193 68.0851
threshold=82.500000000000014 86.500000000000014 92.500000000000014 85.500000000000014 87.500000000000014 0.27777777612209326 1.5000000000000002 19.500000000000004 19.500000000000004 7.5000000000000009 1.5000000000000002 93.500000000000014 81.500000000000014 30.500000000000004
decision_type=10 10 10 10 10 2 10 10 10 10 8 10 10 10
left_child=1 2 10 -4 -5 6 7 -3 -8 -10 -1 12 -12 -14
right_child=-2 5 3 4 -6 -7 8 -9 9 -11 11 -13 13 -15
leaf_value=-0.0053228058024326281 -0.0038975023874798847 -0.020972924917827138 -0.00064754422361601633 -0.011248202144397377 0.0014704876762861468 0.0055532454027247598 0.0060706978055618003 0.00085341557948356828 -0.014777120000756013 0.00049925262746485476 4.4546410365356452e-05 -0.0066847650106427337 -0.0044874413000684241 0.0057718798019691887
leaf_weight=1239.3848445191979 2379.3380493335426 219.33790981210768 2167.149791162461 1096.9228702820837 390.07127726823092 2039.3199641276151 1231.5384413152933 317.60545680299401 207.42683075368404 2425.4465876482427 27106.121602479368 840.4019204005599 721.45943704992533 2874.1833131685853
leaf_count=6386 10802 1118 10261 4918 2003 10899 5968 1704 944 11145 126581 3855 3153 13451
internal_value=-0.000175786 3.1604e-05 -0.00030277 -0.00362224 -0.00792427 0.00192074 0.000228878 -0.00828295 0.00142989 -0.000755632 6.82412e-05 0.000281691 0.000474499 0.00370663
internal_weight=45255.7 42876.4 36435.7 3654.14 1486.99 6440.68 4401.36 536.943 3864.41 2632.87 32781.6 31542.2 30701.8 3595.64
internal_count=213188 202386 170608 17182 6921 31778 20879 2822 18057 12089 153426 147040 143185 16604
is_linear=0
shrinkage=0.03


Tree=287
num_leaves=15
num_cat=0
split_feature=147 124 190 212 242 42 231 226 226 226 79 6 248 140
split_gain=40.9252 40.1912 40.9363 46.2375 39.8851 39.776 36.9245 97.9457 161.719 99.0814 96.6847 94.3877 89.8607 86.0294
threshold=95.500000000000014 5.5000000000000009 86.500000000000014 94.500000000000014 0.025284422561526302 29.500000000000004 26.500000000000004 81.500000000000014 54.500000000000007 38.500000000000007 15.500000000000002 40.500000000000007 0.80303028225898754 11.500000000000002
decision_type=10 8 10 10 8 8 8 10 8 10 8 10 2 10
left_child=1 4 3 6 -1 -6 7 8 9 13 -10 -9 -11 -3
right_child=-2 2 -4 -5 5 -7 -8 11 10 12 -12 -13 -14 -15
leaf_value=0.0018975774870461852 -0.0038149180459485402 -0.0053874739431726288 0.0039711705674810418 -0.0060365330394088193 -3.8374490568366374e-05 -0.014034969006127733 -0.00036479274707400846 0.019692061555213396 0.0098210677516020091 0.0081141875911736848 -0.0070288978540756194 0.0029212648221289923 0.039886318812810156 0.0045589705357942925
leaf_weight=450.76615804433823 2585.2364852316678 1240.8710753843188 2459.8949696607888 1103.6423680968583 279.14752542227507 519.37391036003828 28644.886040842161 490.92501475661993 338.96699345484376 1600.9402194544673 2568.6546903774142 771.40702193230391 75.350698195397854 2081.2079524025321
leaf_count=1846 11845 5415 12307 4986 1217 2249 138154 2255 1565 6865 11141 3523 343 9225
internal_value=-0.000157333 6.53397e-05 0.000225974 -1.17155e-05 -0.00521446 -0.00920302 0.000165679 0.00182164 0.000577646 0.00384766 -0.00503762 0.00954699 0.00977044 0.000838732
internal_weight=45211.3 42626 41376.7 38916.9 1249.29 798.521 37813.2 9168.32 7905.99 4998.37 2907.62 1262.33 1676.29 3322.08
internal_count=212936 201091 195779 183472 5312 3466 178486 40332 34554 21848 12706 5778 7208 14640
is_linear=0
shrinkage=0.03


Tree=288
num_leaves=15
num_cat=0
split_feature=194 190 57 230 233 39 178 171 222 80 147 79 229 242
split_gain=33.1629 54.7566 71.494 62.1311 45.022 49.1926 42.6446 39.5894 37.9384 35.7531 33.0528 40.4581 40.458 34.248
threshold=30.500000000000004 1.5000000000000002 86.500000000000014 25.500000000000004 69.500000000000014 3.5000000000000004 99.500000000000014 24.500000000000004 41.500000000000007 8.5000000000000018 97.500000000000014 90.500000000000014 62.500000000000007 0.013895959593355657
decision_type=10 10 10 10 10 10 8 8 10 8 8 10 10 10
left_child=4 2 3 8 7 -6 10 -1 -2 -9 11 13 -12 -3
right_child=1 6 -4 -5 5 -7 -8 9 -10 -11 12 -13 -14 -15
leaf_value=-0.0018705448121665966 -0.018752588636438892 -0.0061544965036696734 0.0098991167244597313 0.0042093215654128236 0.008899062123811155 0.0018169517735391525 0.007895238360660339 0.0060413774508114105 -0.0021435957928588327 0.00049638866270461433 -8.3677732944748885e-05 0.0030435286738628611 -0.013011355727002318 -0.00057878347828028498
leaf_weight=6302.0275720413774 531.63656996563077 1047.2400529757142 171.96312277391553 190.18130786716938 1021.635699974373 6182.0933201499283 530.69112481176853 1186.4612612612545 164.07065963000059 8371.3317718617618 449.39260033518076 2665.0713291428983 413.14559332281351 15997.684110699221
leaf_count=29619 2717 4583 1049 838 6208 29093 3144 5987 807 39493 2004 12782 1841 72829
internal_value=7.1215e-05 -0.000757369 -0.00738522 -0.0108134 0.00086736 0.00283228 -0.000421791 -2.63556e-05 -0.0149215 0.00119031 -0.000640069 -0.000386922 -0.00635404 -0.000924763
internal_weight=45224.6 22161.1 1057.85 885.889 23063.5 7203.73 21103.2 15859.8 695.707 9557.79 20572.5 19710 862.538 17044.9
internal_count=212994 102594 5411 4362 110400 35301 97183 75099 3524 45480 94039 90194 3845 77412
is_linear=0
shrinkage=0.03


Tree=289
num_leaves=15
num_cat=0
split_feature=154 248 2 143 25 62 222 248 222 222 119 248 222 222
split_gain=32.7912 42.8028 81.9439 43.4213 54.6491 45.5104 42.3988 39.3791 95.6235 127.198 84.8345 68.9574 98.7777 75.3671
threshold=27.500000000000004 0.81313130259513866 5.5000000000000009 49.500000000000007 23.500000000000004 30.500000000000004 14.500000000000002 0.74242421984672557 74.500000000000014 40.500000000000007 14.500000000000002 0.59090909361839306 3.5000000000000004 7.5000000000000009
decision_type=8 2 10 10 10 10 10 2 10 8 10 2 10 10
left_child=1 2 -1 5 6 -3 -5 11 9 10 -9 -2 -13 -14
right_child=7 3 -4 4 -6 -7 -8 8 -10 -11 -12 12 13 -15
leaf_value=-0.0069380853811384455 0.00018889763020092122 -0.012982019854178619 -0.00065803950446193221 0.0055219949789097516 -0.014970099276415997 0.0035082836408316894 0.020612186213903778 -0.018820688961385317 -0.023507594153273366 0.018090805579684489 -0.0013066570287289458 -0.0043743347660332183 0.014076392966162152 0.0040202706833910029
leaf_weight=2276.922701139003 20251.041794423014 242.12054626457393 10271.181194704026 810.50251910090446 86.524279620498419 366.39095414802432 205.86620609462261 254.44346632808447 167.74391160160303 282.24198222532868 4279.2673439886421 1049.4682270511985 805.41170880571008 3877.9597773440182
leaf_count=11378 92885 1199 46789 4930 468 1679 1225 1106 823 1543 21231 5598 3851 18440
internal_value=-4.88707e-06 -0.00119482 -0.00180221 0.00324314 0.00677092 -0.00315685 0.00874957 0.000543246 -0.001897 -0.00109713 -0.00232885 0.00101183 0.00391344 0.00577596
internal_weight=45227.1 14259.5 12548.1 1711.4 1102.89 608.512 1016.37 30967.6 4983.7 4815.95 4533.71 25983.9 5732.84 4683.37
internal_count=213145 67668 58167 9501 6623 2878 6155 145477 24703 23880 22337 120774 27889 22291
is_linear=0
shrinkage=0.03


Tree=290
num_leaves=15
num_cat=0
split_feature=228 228 243 140 224 2 71 38 228 248 58 243 249 228
split_gain=35.0494 42.5209 85.3511 62.5167 37.4086 86.963 61.9123 71.6658 49.8338 41.0916 40.4429 99.5729 88.1869 80.9423
threshold=99.500000000000014 93.500000000000014 -0.020887298509478566 82.500000000000014 81.500000000000014 12.500000000000002 76.500000000000014 71.500000000000014 25.500000000000004 0.30808080732822424 35.500000000000007 -0.021857713349163529 0.17676767706871035 47.500000000000007
decision_type=10 10 2 8 10 10 8 10 10 2 10 2 2 10
left_child=1 4 3 -3 10 9 8 -8 -7 -6 -1 13 -13 -12
right_child=-2 2 -4 -5 5 6 7 -9 -10 -11 11 12 -14 -15
leaf_value=0.00070121224775187706 0.015303286541136664 -0.024872345315648338 0.00085164548492937654 -0.002937313200273281 0.00094996783866907269 -0.021446033534957495 -0.012933259196992305 0.00097869626227846634 0.0045205795083746942 0.013447021220274887 -0.00064973886607131879 -0.0067431219799118204 0.00013386534219473809 0.0059993817231409497
leaf_weight=20462.269585072994 123.6580730676651 263.18744834512472 727.15983135253191 209.70842060446739 336.67433878034353 59.130046963691711 549.91066673025489 820.07841736078262 1897.2499067597091 801.25831827521324 9994.4929954893887 4275.6678962185979 2757.748184338212 1962.7007933408022
leaf_count=99915 627 1166 3284 1155 1482 300 2502 3888 8615 4325 46005 18108 12654 9090
internal_value=-3.66088e-05 -8.20344e-05 -0.0056298 -0.0154074 7.08076e-05 0.00267049 0.000212876 -0.00465879 0.00363069 0.00979007 -0.000223962 -0.00122068 -0.00405035 0.000445775
internal_weight=45240.9 45117.2 1200.06 472.896 43917.2 4464.3 3326.37 1369.99 1956.38 1137.93 39452.9 18990.6 7033.42 11957.2
internal_count=213116 212489 5605 2321 206884 21112 15305 6390 8915 5807 185772 85857 30762 55095
is_linear=0
shrinkage=0.03


Tree=291
num_leaves=15
num_cat=0
split_feature=150 222 240 226 245 245 222 138 226 226 29 225 148 194
split_gain=35.729 64.7675 72.313 58.8293 77.1366 70.5976 65.0057 48.5502 48.3455 76.5222 38.1673 77.0905 62.2859 48.7998
threshold=68.500000000000014 28.500000000000004 -0.0079019134864211065 57.500000000000007 -0.06002403795719146 -0.057049972936511033 31.500000000000004 55.500000000000007 7.5000000000000009 16.500000000000004 14.500000000000002 69.500000000000014 54.500000000000007 32.500000000000007
decision_type=10 10 10 8 2 2 10 10 8 10 8 10 10 10
left_child=10 2 8 4 7 -6 -5 -3 -2 -10 11 12 13 -1
right_child=1 3 -4 6 5 -7 -8 -9 9 -11 -12 -13 -14 -15
leaf_value=0.0003892323973589971 0.0090272270458096257 0.018061192572986818 -0.0069255417021194194 0.016728261394277119 -0.024771389412076846 0.0025456623069068643 -0.0040749900366353975 -0.0023109926936931559 -0.015199535403252864 0.0012874763235158277 0.00095616856061221092 -0.01022243625744482 0.0041589343939491671 -0.0049168289305243033
leaf_weight=3626.0345971528441 445.86567365005612 466.50530374795198 3010.4099320620298 135.87194485589862 80.58958987891674 1410.0844209045172 1864.4697271473706 132.44498323649168 308.38433930277824 1234.4792465157807 27037.523359620944 783.35290817543864 2006.3032770343125 2726.0355397835374
leaf_count=18905 2700 2403 14182 619 348 6186 8482 615 1516 5715 124487 3793 9783 13470
internal_value=-3.29007e-05 -0.00171336 -0.00400065 0.00108533 0.00459515 0.000913606 -0.00258576 0.0135923 0.000439352 -0.00208457 0.000389627 -0.00128519 -0.000436367 -0.00189205
internal_weight=45268.4 9089.11 4999.14 4089.97 2089.62 1490.67 2000.34 598.95 1988.73 1542.86 36179.2 9141.73 8358.37 6352.07
internal_count=213204 42766 24113 18653 9552 6534 9101 3018 9931 7231 170438 45951 42158 32375
is_linear=0
shrinkage=0.03


Tree=292
num_leaves=15
num_cat=0
split_feature=69 10 222 248 228 249 242 249 225 230 10 215 145 143
split_gain=35.1239 55.1437 65.2654 52.334 92.2699 41.6897 40.4212 38.626 42.1063 38.7622 38.4753 38.0712 43.3876 37.6162
threshold=8.5000000000000018 82.500000000000014 28.500000000000004 0.52020201086997997 11.500000000000002 0.015151515137404205 0.010954848490655424 0.015151515137404205 4.5000000000000009 43.500000000000007 2.5000000000000004 61.500000000000007 90.500000000000014 94.500000000000014
decision_type=10 10 10 2 8 2 8 2 8 10 10 10 10 10
left_child=1 2 6 10 -5 -3 -1 8 -8 13 -4 -2 -13 -10
right_child=11 5 3 4 -6 -7 7 -9 9 -11 -12 12 -14 -15
leaf_value=-0.015774638928190688 -0.00022305884716645886 -0.01585903180875825 0.013353353212573547 -0.019281243167230889 0.016091324453762334 -0.0017446721893351741 -0.0090236219563633573 -8.4803503368578313e-05 0.013442031029252663 -0.0030277257132792904 0.0010630525680926197 -0.0051140222427092791 0.0023758332227989351 -0.011898037404672979
leaf_weight=120.7214029058814 31957.959467852488 220.69029792398214 272.64935443550348 64.660828944295645 715.40993729233742 1044.1147973127663 134.5445197224617 4685.0752709899098 688.22069141082466 203.68127058446407 1224.5780263543129 2971.5091195553541 901.5314988270402 49.459667254239321
leaf_count=534 149181 958 1428 356 3500 4853 706 24699 3298 866 5320 12773 4446 271
internal_value=-0.000135286 0.00149345 0.00239766 0.00669785 0.0129523 -0.00431251 0.000724158 0.00109663 0.00619461 0.00844167 0.0033749 -0.000563952 -0.00336897 0.0116066
internal_weight=45254.8 9423.81 8159 2277.3 780.071 1264.81 5881.7 5760.98 1075.91 941.362 1497.23 35831 3873.04 737.68
internal_count=213189 46789 40978 10604 3856 5811 30374 29840 5141 4435 6748 166400 17219 3569
is_linear=0
shrinkage=0.03


Tree=293
num_leaves=15
num_cat=0
split_feature=170 29 241 26 246 228 63 62 118 29 246 10 226 75
split_gain=38.5516 42.8723 43.6155 35.2228 44.7587 36.5367 34.9191 58.3545 71.9866 50.6885 48.503 62.8485 62.6066 95.0887
threshold=59.500000000000007 1.0000000180025095e-35 -1.7239730954170225 4.5000000000000009 0.18666904419660571 66.500000000000014 76.500000000000014 99.500000000000014 49.500000000000007 inf 0.020878712646663192 90.500000000000014 40.500000000000007 81.500000000000014
decision_type=10 10 10 10 2 10 10 8 8 8 2 10 10 10
left_child=6 -2 -3 -4 -5 -6 7 9 -9 10 11 12 -1 -14
right_child=1 2 3 4 5 -7 -8 8 -10 -11 -12 -13 13 -15
leaf_value=-0.00096785725678979594 0.0098882332388073885 -0.0039900340601048481 0.015850653046318136 0.0021316617627246122 -0.027083966674189257 0.0068443401320218795 0.0012116684977639591 -0.015054091128159138 -0.0025044258239049202 0.012909746548588475 -0.0019091439186569373 -0.0065684250942770429 0.0016268425352655889 0.011455170312799396
leaf_weight=5226.0509105138481 538.2646494153887 1220.3355447165668 154.79064513370395 6668.4475035779178 75.438224077224731 37.806298553943634 8621.4089962635189 541.18472510576248 1643.6984565705061 238.64403044804931 13748.250069508329 966.48056037724018 4388.2796988338232 1101.5505692213774
leaf_count=23721 3283 6363 858 30497 424 223 42020 2541 9063 1380 64827 4128 18744 4800
internal_value=-2.78207e-05 0.00176606 0.00121863 0.00213942 0.00180358 -0.0161208 -0.000455815 -0.000972184 -0.00566734 -0.000570497 -0.000702022 0.000718984 0.00138176 0.00361617
internal_weight=45170.6 8695.08 8156.82 6936.48 6781.69 113.245 36475.5 27854.1 2184.88 25669.3 25430.6 11682.4 10715.9 5489.83
internal_count=212872 41648 38365 32002 31144 647 171224 129204 11604 117600 116220 51393 47265 23544
is_linear=0
shrinkage=0.03


Tree=294
num_leaves=15
num_cat=0
split_feature=194 188 250 243 226 146 226 226 126 242 230 194 230 226
split_gain=29.9084 33.2741 32.0735 43.6676 51.4653 39.9499 84.9292 67.4684 52.6989 38.2051 37.786 37.484 35.9857 41.6177
threshold=22.500000000000004 83.500000000000014 0.00010001500049838798 -0.028059318661689755 43.500000000000007 11.500000000000002 52.500000000000007 40.500000000000007 41.500000000000007 0.021885712631046775 57.500000000000007 66.500000000000014 43.500000000000007 58.500000000000007
decision_type=8 10 2 2 8 8 8 10 10 8 8 8 8 10
left_child=-1 2 5 4 11 6 7 8 -2 -9 -11 -4 -8 -14
right_child=1 -3 3 -5 -6 -7 12 9 -10 10 -12 -13 13 -15
leaf_value=0.0014481991584719706 0.0074509159252271022 0.0025450164100115909 -0.0091564349925128911 -0.00063874177387238064 0.013191456902493353 -0.001302881415738998 0.011534352389861698 0.031311064222954613 -0.0090730659920438914 0.017103949751214761 -0.0091190720579581788 0.0086385220092241293 -0.014382865093682782 -0.0013151668345603548
leaf_weight=11259.315324708819 724.10008385032415 3252.1454232260585 213.20563986711204 1469.1663590706885 576.23094449192286 25411.230146577582 138.9057666733861 128.81021353602409 218.34187317639589 193.83095401525497 58.24588343501091 193.86833519861102 267.13283293694258 1063.874069057405
leaf_count=54150 3140 16326 1042 7010 3268 118118 603 524 956 823 244 996 1205 4477
internal_value=0.00010923 -0.000335663 -0.000641981 0.00264198 0.00750081 -0.000928367 0.00247124 0.0079562 0.00356763 0.0184459 0.010928 -0.00067769 -0.00248714 -0.00402555
internal_weight=45168.4 33909.1 30656.9 2452.47 983.305 28204.5 2793.24 1323.33 942.442 380.887 252.077 407.074 1469.91 1331.01
internal_count=212882 158732 142406 12316 5306 130090 11972 5687 4096 1591 1067 2038 6285 5682
is_linear=0
shrinkage=0.03


Tree=295
num_leaves=15
num_cat=0
split_feature=240 70 230 229 230 245 231 10 222 140 140 231 115 231
split_gain=37.1732 36.1986 48.813 110.108 63.555 53.1016 52.8187 74.2705 94.3321 76.5863 74.433 73.1498 84.0659 63.2855
threshold=0.082956656813621535 84.500000000000014 80.500000000000014 78.500000000000014 66.500000000000014 -0.064950689673423753 92.500000000000014 80.500000000000014 2.5000000000000004 37.500000000000007 93.500000000000014 97.500000000000014 16.500000000000004 99.500000000000014
decision_type=8 8 8 10 10 2 10 8 10 10 10 10 10 10
left_child=1 2 3 6 5 -5 7 10 -9 -10 -1 12 -8 -13
right_child=-2 -3 -4 4 -6 -7 11 8 9 -11 -12 13 -14 -15
leaf_value=0.0014892664067118462 0.0087504669176247211 -0.0024268912204590196 0.00269825011471422 -0.040828100736397269 -0.0031807103243832098 -0.013336814804706892 -0.011920877823532095 0.018877948212024799 -0.0096285631548178076 -0.0013075223850232136 -0.010075275560212656 0.0071721535479407593 0.00035815998126243387 -0.0036233898451842501
leaf_weight=22485.113533686846 418.28356633335352 5417.8374350406229 5907.3321678452194 76.549818098545074 458.78905901312828 312.00874444842339 1260.9329082109034 168.20575057715178 1302.1035005226731 4142.8301509059966 502.42656952887774 838.49994517117739 828.25425999239087 1143.0107554178685
leaf_count=103133 2512 25905 28810 323 2064 1294 6423 912 5540 18953 2318 4655 3813 6688
internal_value=-4.5981e-05 -0.000129963 0.000186211 -0.000257183 -0.0108699 -0.0196414 2.13059e-05 0.000476708 -0.0026141 -0.00331142 0.00123224 -0.00317167 -0.00707436 0.000957948
internal_weight=45262.2 44843.9 39426.1 33518.7 847.348 388.559 32671.4 28600.7 5613.14 5444.93 22987.5 4070.7 2089.19 1981.51
internal_count=213343 210831 184926 156116 3681 1617 152435 130856 25405 24493 105451 21579 10236 11343
is_linear=0
shrinkage=0.03


Tree=296
num_leaves=15
num_cat=0
split_feature=189 231 134 120 104 171 243 69 231 230 230 243 232 243
split_gain=30.3617 49.9387 53.3648 44.3645 54.0651 51.1226 48.9254 48.9818 46.4207 103.688 82.3487 110.969 110.155 85.1564
threshold=53.500000000000007 99.500000000000014 51.500000000000007 98.500000000000014 79.500000000000014 27.500000000000004 -0.011215558741241692 10.500000000000002 26.500000000000004 80.500000000000014 35.500000000000007 -0.019000568427145478 8.5000000000000018 -0.07447489351034163
decision_type=10 10 10 10 10 10 2 8 10 10 8 2 10 2
left_child=3 -2 -3 6 5 -5 8 -8 9 10 11 13 -13 -1
right_child=1 2 -4 4 -6 -7 7 -9 -10 -11 -12 12 -14 -15
leaf_value=-0.0238946290992227 0.0011939084770153914 -0.016482802555567753 -0.0005449824318251638 -0.00011986188023112045 -0.016788150963712958 0.0086571205555390097 0.0035621656325289268 -0.0066451407466032435 -0.0015182535431203861 0.013703816369767162 -0.0021564110945414459 0.025289374225123343 -0.014746519557456461 0.011257449119438781
leaf_weight=55.869747161865234 18204.048805329949 288.96217751316726 516.36845650523901 1253.7406897135079 107.68438177555799 1130.179947450757 510.25582832843065 2320.630199611187 14726.061719778925 565.64870361238718 3818.8698803968728 65.429389461874962 345.74434964358807 1326.5224473625422
leaf_count=270 86664 1482 3174 7273 560 6654 2199 10160 67120 2664 17419 279 1465 5840
internal_value=-4.34725e-05 0.000869182 -0.00639568 -0.000705055 0.00309541 0.00405995 -0.00110515 -0.00479925 -0.000602828 0.0015781 0.000333815 0.00561858 -0.00792649 0.00967536
internal_weight=45236 19009.4 805.331 26226.6 2491.61 2383.92 23735 2830.89 20904.1 6178.08 5612.44 1793.57 411.174 1382.39
internal_count=213223 91320 4656 121903 14487 13927 107416 12359 95057 27937 25273 7854 1744 6110
is_linear=0
shrinkage=0.03


Tree=297
num_leaves=15
num_cat=0
split_feature=233 56 224 228 224 222 92 67 120 29 225 24 120 246
split_gain=33.4295 52.3203 37.5459 35.1994 33.4865 32.767 32.5557 35.938 44.5456 41.1547 81.9839 69.3629 56.6111 55.3947
threshold=99.500000000000014 42.500000000000007 7.5000000000000009 34.500000000000007 33.500000000000007 3.5000000000000004 66.500000000000014 85.500000000000014 15.500000000000002 14.500000000000002 70.500000000000014 17.500000000000004 98.500000000000014 0.0210980698466301
decision_type=10 10 10 10 10 10 10 10 8 8 10 8 10 2
left_child=6 2 -2 -3 5 -4 7 9 -9 10 -1 -11 -13 -14
right_child=1 3 4 -5 -6 -7 -8 8 -10 11 -12 12 13 -15
leaf_value=-0.00094889417575618395 1.2635139661045873e-05 -0.0098579876243575625 -0.0033174291668965693 0.0040490300751357964 0.0025397839289032355 0.018476720559852736 0.0039138885377250233 0.0027472612058799203 -0.0055675199432028743 0.005184181424240937 -0.01080113751360528 -0.00041676615565674319 -0.0028263393753948968 0.0077083636066818456
leaf_weight=9405.5884365495294 391.12226833961904 319.38220976665616 68.33239484578371 317.6111528351903 266.51260066777468 460.36296086013317 1655.9501771070063 767.56100914627314 2298.3871003724635 2548.6513621825725 817.28371726348996 23758.463557843119 627.88161246851087 1531.301991969347
leaf_count=47162 2542 1494 329 1428 1265 2321 8391 3475 10773 11918 3917 106570 3221 8505
internal_value=-3.11885e-05 0.00393696 0.00763857 -0.00296841 0.0113426 0.0156506 -0.000198724 -0.000362723 -0.00348375 -0.000114559 -0.00174633 0.000471854 6.63983e-06 0.00464601
internal_weight=45234.4 1823.32 1186.33 636.993 795.208 528.695 43411.1 41755.1 3065.95 38689.2 10222.9 28466.3 25917.6 2159.18
internal_count=213311 9379 6457 2922 3915 2650 203932 195541 14248 181293 51079 130214 118296 11726
is_linear=0
shrinkage=0.03


Tree=298
num_leaves=15
num_cat=0
split_feature=124 190 92 228 140 137 52 248 77 229 243 243 141 232
split_gain=36.6496 38.6826 35.5238 46.6316 54.2331 42.5677 45.8484 76.5524 63.7903 57.4136 39.4446 37.7534 36.9364 36.5771
threshold=6.5000000000000009 73.500000000000014 66.500000000000014 93.500000000000014 89.500000000000014 91.500000000000014 38.500000000000007 0.55050507187843334 42.500000000000007 8.5000000000000018 -0.01962373778223991 -0.057884484529495232 2.5000000000000004 87.500000000000014
decision_type=8 10 10 10 10 10 8 2 10 10 2 2 8 10
left_child=-1 2 3 5 10 12 8 -8 9 11 -5 -7 -2 -14
right_child=1 -3 -4 4 -6 6 7 -9 -10 -11 -12 -13 13 -15
leaf_value=-0.0045749982564205283 0.0094800934855202214 0.0026158636615185257 0.0044497851369311387 -0.023852813251203572 0.0032209671040415748 -0.004724228417394641 -0.0048602680701643544 0.0086903800237177892 -0.023078744627742453 -0.014911455005954366 -0.0062227454563984251 0.021107297599911097 -0.00047765673940492235 0.0021926197819795226
leaf_weight=1537.9894744232297 360.92355712503195 4952.9723499845713 1416.3429359942675 193.04460342973471 257.34168151766062 96.468749843537807 1612.2684032917023 478.38678012043238 231.66052690148354 178.0351530611515 284.17700935155153 91.244830820709467 28085.526268785819 5514.6072671040893
leaf_count=6553 1597 23964 7134 845 1247 849 7487 2692 1095 857 1215 579 129419 27981
internal_value=-3.84777e-05 0.000121997 -0.000196946 -0.000374138 -0.00780682 -0.000223075 -0.00384997 -0.00173298 -0.011108 -0.0031134 -0.0136976 0.00826459 6.50476e-05 -3.88768e-05
internal_weight=45291 43753 38800 37383.7 734.563 36649.1 2688.06 2090.66 597.409 365.749 477.222 187.714 33961.1 33600.1
internal_count=213514 206961 182997 175863 3307 172556 13559 10179 3380 2285 2060 1428 158997 157400
is_linear=0
shrinkage=0.03


Tree=299
num_leaves=15
num_cat=0
split_feature=68 134 244 144 224 226 77 244 224 243 224 243 42 238
split_gain=35.8984 59.5259 116.684 77.5725 88.1565 85.9175 75.7694 65.0482 69.7549 77.9463 63.6082 67.8651 58.0859 57.7866
threshold=18.500000000000004 83.500000000000014 0.060594769194722183 86.500000000000014 15.500000000000002 49.500000000000007 26.500000000000004 0.01766470912843943 2.5000000000000004 -0.02416135091334581 4.5000000000000009 -0.056399995461106293 24.500000000000004 -0.22514960169792173
decision_type=10 10 2 8 10 8 10 2 10 2 8 2 8 10
left_child=1 2 3 -1 7 -6 10 -5 13 -10 11 -3 -2 -9
right_child=12 6 -4 4 5 -7 -8 8 9 -11 -12 -13 -14 -15
leaf_value=2.9070710038880557e-05 0.0037149435894671301 -0.0029781686189974013 0.01201693233726802 -0.0036873922667641067 0.007267864568879916 -0.0086883549404311831 -0.017987406910150862 0.012617466352998805 -0.026631496012270568 0.0091146842683090951 -0.009845665230499831 0.020014527485796019 -6.4087382087612172e-05 -0.011854184442019666
leaf_weight=9382.6263111419976 4239.5464691780508 331.48736714757979 607.77090634405613 924.75252089463174 739.94961965084076 500.49661800265312 403.31504494324327 103.83888060413301 447.82007567584515 57.434527032077312 534.98891248181462 165.63848935812712 26410.880057491362 368.14817987009883
leaf_count=44975 19809 2550 4264 4803 3439 2360 2031 1035 2080 290 2761 1084 119705 1954
internal_value=-0.000123092 -0.00134864 -0.000712095 -0.00133886 -0.00541032 0.000811835 -0.00712724 -0.00945132 -0.0148131 -0.02247 -0.00275158 0.00492642 0.000459667 -0.00632025
internal_weight=45218.7 14568.3 13132.8 12525.1 3142.44 1240.45 1435.43 1901.99 977.242 505.255 1032.11 497.126 30650.4 471.987
internal_count=213140 73626 65200 60936 15961 5799 8426 10162 5359 2370 6395 3634 139514 2989
is_linear=0
shrinkage=0.03


end of trees

feature_importances:
Column_231=312
Column_245=282
Column_226=269
Column_248=223
Column_230=213
Column_243=165
Column_224=154
Column_244=150
Column_222=132
Column_228=130
Column_229=120
Column_249=117
Column_242=110
Column_120=87
Column_246=83
Column_238=81
Column_140=68
Column_233=46
Column_119=43
Column_63=33
Column_10=32
Column_52=31
Column_76=29
Column_126=29
Column_147=28
Column_47=27
Column_144=27
Column_190=27
Column_66=26
Column_70=26
Column_77=26
Column_178=25
Column_193=25
Column_57=24
Column_101=24
Column_137=23
Column_148=23
Column_232=23
Column_24=22
Column_106=21
Column_209=21
Column_29=20
Column_60=20
Column_134=19
Column_194=19
Column_237=19
Column_78=17
Column_236=17
Column_122=15
Column_139=15
Column_189=15
Column_240=15
Column_79=14
Column_98=14
Column_117=14
Column_195=14
Column_69=13
Column_141=13
Column_149=13
Column_165=13
Column_61=12
Column_68=12
Column_146=12
Column_59=11
Column_64=11
Column_118=11
Column_138=11
Column_171=11
Column_62=10
Column_71=10
Column_80=10
Column_81=10
Column_104=10
Column_124=10
Column_143=10
Column_151=10
Column_56=9
Column_67=9
Column_121=9
Column_34=8
Column_192=8
Column_252=8
Column_4=7
Column_7=7
Column_14=7
Column_28=7
Column_35=7
Column_145=7
Column_176=7
Column_239=7
Column_51=6
Column_58=6
Column_92=6
Column_103=6
Column_108=6
Column_127=6
Column_142=6
Column_215=6
Column_225=6
Column_241=6
Column_23=5
Column_31=5
Column_42=5
Column_75=5
Column_96=5
Column_116=5
Column_136=5
Column_164=5
Column_170=5
Column_212=5
Column_2=4
Column_37=4
Column_115=4
Column_125=4
Column_133=4
Column_158=4
Column_188=4
Column_227=4
Column_234=4
Column_17=3
Column_19=3
Column_26=3
Column_44=3
Column_110=3
Column_111=3
Column_150=3
Column_174=3
Column_250=3
Column_5=2
Column_6=2
Column_8=2
Column_9=2
Column_22=2
Column_38=2
Column_50=2
Column_54=2
Column_65=2
Column_73=2
Column_85=2
Column_95=2
Column_114=2
Column_128=2
Column_129=2
Column_130=2
Column_131=2
Column_132=2
Column_135=2
Column_167=2
Column_169=2
Column_184=2
Column_186=2
Column_204=2
Column_208=2
Column_0=1
Column_1=1
Column_11=1
Column_12=1
Column_13=1
Column_15=1
Column_16=1
Column_18=1
Column_25=1
Column_27=1
Column_30=1
Column_39=1
Column_40=1
Column_41=1
Column_43=1
Column_45=1
Column_46=1
Column_49=1
Column_53=1
Column_55=1
Column_72=1
Column_74=1
Column_91=1
Column_93=1
Column_99=1
Column_100=1
Column_105=1
Column_107=1
Column_123=1
Column_152=1
Column_154=1
Column_155=1
Column_161=1
Column_162=1
Column_163=1
Column_172=1
Column_175=1
Column_177=1
Column_179=1
Column_191=1
Column_199=1
Column_202=1
Column_247=1

parameters:
[boosting: gbdt]
[objective: binary]
[metric: binary_logloss]
[tree_learner: serial]
[device_type: cpu]
[data_sample_strategy: bagging]
[data: ]
[valid: ]
[num_iterations: 300]
[learning_rate: 0.03]
[num_leaves: 15]
[num_threads: 4]
[seed: 21]
[deterministic: 0]
[force_col_wise: 0]
[force_row_wise: 0]
[histogram_pool_size: -1]
[max_depth: -1]
[min_data_in_leaf: 200]
[min_sum_hessian_in_leaf: 0.001]
[bagging_fraction: 0.7]
[pos_bagging_fraction: 1]
[neg_bagging_fraction: 1]
[bagging_freq: 1]
[bagging_seed: 4060]
[bagging_by_query: 0]
[feature_fraction: 0.5]
[feature_fraction_bynode: 1]
[feature_fraction_seed: 16246]
[extra_trees: 0]
[extra_seed: 28722]
[early_stopping_round: 0]
[early_stopping_min_delta: 0]
[first_metric_only: 0]
[max_delta_step: 0]
[lambda_l1: 0]
[lambda_l2: 10]
[linear_lambda: 0]
[min_gain_to_split: 0]
[drop_rate: 0.1]
[max_drop: 50]
[skip_drop: 0.5]
[xgboost_dart_mode: 0]
[uniform_drop: 0]
[drop_seed: 3169]
[top_rate: 0.2]
[other_rate: 0.1]
[min_data_per_group: 100]
[max_cat_threshold: 32]
[cat_l2: 10]
[cat_smooth: 10]
[max_cat_to_onehot: 4]
[top_k: 20]
[monotone_constraints: ]
[monotone_constraints_method: basic]
[monotone_penalty: 0]
[feature_contri: ]
[forcedsplits_filename: ]
[refit_decay_rate: 0.9]
[cegb_tradeoff: 1]
[cegb_penalty_split: 0]
[cegb_penalty_feature_lazy: ]
[cegb_penalty_feature_coupled: ]
[path_smooth: 0]
[interaction_constraints: ]
[verbosity: -1]
[saved_feature_importance_type: 0]
[use_quantized_grad: 0]
[num_grad_quant_bins: 4]
[quant_train_renew_leaf: 0]
[stochastic_rounding: 1]
[linear_tree: 0]
[max_bin: 255]
[max_bin_by_feature: ]
[min_data_in_bin: 3]
[bin_construct_sample_cnt: 200000]
[data_random_seed: 107]
[is_enable_sparse: 1]
[enable_bundle: 1]
[use_missing: 1]
[zero_as_missing: 0]
[feature_pre_filter: 1]
[pre_partition: 0]
[two_round: 0]
[header: 0]
[label_column: ]
[weight_column: ]
[group_column: ]
[ignore_column: ]
[categorical_feature: ]
[forcedbins_filename: ]
[precise_float_parser: 0]
[parser_config_file: ]
[objective_seed: 28853]
[num_class: 1]
[is_unbalance: 0]
[scale_pos_weight: 1]
[sigmoid: 1]
[boost_from_average: 1]
[reg_sqrt: 0]
[alpha: 0.05]
[fair_c: 1]
[poisson_max_delta_step: 0.7]
[tweedie_variance_power: 1.5]
[lambdarank_truncation_level: 30]
[lambdarank_norm: 1]
[label_gain: ]
[lambdarank_position_bias_regularization: 0]
[eval_at: ]
[multi_error_top_k: 1]
[auc_mu_weights: ]
[num_machines: 1]
[local_listen_port: 12400]
[time_out: 120]
[machine_list_filename: ]
[machines: ]
[gpu_platform_id: -1]
[gpu_device_id: -1]
[gpu_device_id_list: ]
[gpu_use_dp: 0]
[num_gpu: 1]

end of parameters

pandas_categorical:null
