tree
version=v4
num_class=1
num_tree_per_iteration=1
label_index=0
max_feature_idx=252
objective=binary sigmoid:1
feature_names=Column_0 Column_1 Column_2 Column_3 Column_4 Column_5 Column_6 Column_7 Column_8 Column_9 Column_10 Column_11 Column_12 Column_13 Column_14 Column_15 Column_16 Column_17 Column_18 Column_19 Column_20 Column_21 Column_22 Column_23 Column_24 Column_25 Column_26 Column_27 Column_28 Column_29 Column_30 Column_31 Column_32 Column_33 Column_34 Column_35 Column_36 Column_37 Column_38 Column_39 Column_40 Column_41 Column_42 Column_43 Column_44 Column_45 Column_46 Column_47 Column_48 Column_49 Column_50 Column_51 Column_52 Column_53 Column_54 Column_55 Column_56 Column_57 Column_58 Column_59 Column_60 Column_61 Column_62 Column_63 Column_64 Column_65 Column_66 Column_67 Column_68 Column_69 Column_70 Column_71 Column_72 Column_73 Column_74 Column_75 Column_76 Column_77 Column_78 Column_79 Column_80 Column_81 Column_82 Column_83 Column_84 Column_85 Column_86 Column_87 Column_88 Column_89 Column_90 Column_91 Column_92 Column_93 Column_94 Column_95 Column_96 Column_97 Column_98 Column_99 Column_100 Column_101 Column_102 Column_103 Column_104 Column_105 Column_106 Column_107 Column_108 Column_109 Column_110 Column_111 Column_112 Column_113 Column_114 Column_115 Column_116 Column_117 Column_118 Column_119 Column_120 Column_121 Column_122 Column_123 Column_124 Column_125 Column_126 Column_127 Column_128 Column_129 Column_130 Column_131 Column_132 Column_133 Column_134 Column_135 Column_136 Column_137 Column_138 Column_139 Column_140 Column_141 Column_142 Column_143 Column_144 Column_145 Column_146 Column_147 Column_148 Column_149 Column_150 Column_151 Column_152 Column_153 Column_154 Column_155 Column_156 Column_157 Column_158 Column_159 Column_160 Column_161 Column_162 Column_163 Column_164 Column_165 Column_166 Column_167 Column_168 Column_169 Column_170 Column_171 Column_172 Column_173 Column_174 Column_175 Column_176 Column_177 Column_178 Column_179 Column_180 Column_181 Column_182 Column_183 Column_184 Column_185 Column_186 Column_187 Column_188 Column_189 Column_190 Column_191 Column_192 Column_193 Column_194 Column_195 Column_196 Column_197 Column_198 Column_199 Column_200 Column_201 Column_202 Column_203 Column_204 Column_205 Column_206 Column_207 Column_208 Column_209 Column_210 Column_211 Column_212 Column_213 Column_214 Column_215 Column_216 Column_217 Column_218 Column_219 Column_220 Column_221 Column_222 Column_223 Column_224 Column_225 Column_226 Column_227 Column_228 Column_229 Column_230 Column_231 Column_232 Column_233 Column_234 Column_235 Column_236 Column_237 Column_238 Column_239 Column_240 Column_241 Column_242 Column_243 Column_244 Column_245 Column_246 Column_247 Column_248 Column_249 Column_250 Column_251 Column_252
feature_infos=[0:100] [0:100] [0:100] [0:100] [0:100] [0:100] [0:100] [0:100] [0:100] [0:100] [0:100] [0:100] [0:100] [0:100] [0:100] [0:100] [0:100] [0:100] [0:100] [0:100] [0:100] [0:100] [0:100] [0:100] [0:100] [0:100] [0:100] [0:100] [0:100] [0:100] [0:100] [0:100] [0:100] [0:100] [0:100] [0:100] [0:100] [0:100] [0:100] [0:100] [0:100] [0:100] [0:100] [0:100] [0:100] [0:100] [0:100] [0:100] [0:100] [0:100] [0:100] [0:100] [0:100] [0:100] [0:100] [0:100] [0:100] [0:100] [0:100] [0:100] [0:100] [0:100] [0:100] [0:100] [0:100] [0:100] [0:100] [0:100] [0:100] [0:100] [0:100] [0:100] [0:100] [0:100] [0:100] [0:100] [0:100] [0:100] [0:100] [0:100] [0:100] [0:100] [0:100] [0:100] [0:100] [0:100] [0:100] [0:100] [0:100] [0:100] [0:100] [0:100] [0:99] [0:100] [0:100] [0:100] [0:100] [0:100] [0:94] [0:100] [0:100] [0:100] [0:100] [0:100] [0:100] [0:100] [0:100] [0:100] [0:100] [0:100] [0:100] [0:100] none none [0:100] [0:100] [0:100] [0:100] [0:100] [0:100] [0:100] [0:100] [0:100] [0:100] [0:100] [0:100] [0:100] [0:100] [0:100] [0:99] [0:99] [0:100] [0:100] [0:100] [0:100] [0:100] [0:100] [0:100] [0:100] [0:100] [0:100] [0:100] [0:100] [0:100] [0:100] [0:100] [0:100] [0:100] [0:100] [0:100] [0:100] [0:100] [0:100] [0:100] [0:100] [0:100] [0:100] [0:100] [0:100] [0:100] [0:100] [0:100] [0:100] [0:100] [0:100] [0:100] [0:100] [0:100] [0:100] [0:100] [0:100] [0:100] [0:100] [0:100] [0:100] [0:100] [0:100] [0:100] [0:100] [0:100] [0:100] [0:100] [0:100] [0:100] [0:100] [0:100] [0:100] [0:100] [0:100] [0:100] [0:100] [0:100] [0:100] [0:100] [0:100] [0:100] [0:100] [0:100] [0:100] [0:100] [0:100] [0:100] [0:100] [0:100] [0:100] [0:100] none none [0:100] [0:100] none [0:100] [0:100] none [0:100] [0:100] none [0:100] [0:100] none [0:100] [0:100] [0:100] [0:100] [0:100] [0:100] [0:100] [0:100] [0:100] [0:100] [0:100] [0:100] [0:100] [0:100] [0:100] [0:100] [-0.99573081731796265:-0.05000000074505806] [0:10.260660171508789] [-0.99952542781829834:-0.05000000074505806] [-1.5006817579269409:0.81259286403656006] [-2.5528819561004639:1.3220154047012329] [-66.470733642578125:-0.18333682417869568] [0.00084889802383258939:0.2135617733001709] [-0.23561988770961761:0] [2.5925926820491441e-05:0.44481456279754639] [-0.3861553966999054:-0.00061426201136782765] [0.00047802733024582267:1.2675960063934326] [-0.78832495212554932:0.22734209895133972] [0.010101010091602802:0.96969699859619141] [0:0.96969699859619141] [-0.05000000074505806:0.0074999998323619366] [0.1666666716337204:166.66667175292969] [0:10.260660171508789]
tree_sizes=1757 1814 1820 1826 1822 1818 1828 1798 1817 1805 1813 1816 1823 1826 1808 1814 1814 1820 1819 1824 1807 1835 1818 1826 1817 1817 1832 1802 1815 1822 1816 1830 1824 1817 1818 1822 1818 1823 1819 1815 1822 1836 1821 1811 1836 1818 1814 1810 1823 1823 1819 1823 1813 1826 1824 1819 1825 1817 1817 1806 1813 1814 1822 1816 1827 1811 1831 1818 1818 1826 1818 1833 1806 1803 1811 1799 1838 1819 1809 1809 1822 1812 1830 1817 1822 1826 1823 1810 1830 1820 1817 1826 1825 1816 1813 1807 1812 1806 1807 1831 1824 1808 1817 1825 1808 1821 1818 1806 1832 1818 1829 1815 1818 1814 1811 1827 1834 1818 1811 1831 1824 1811 1831 1815 1814 1806 1820 1823 1815 1816 1837 1813 1826 1813 1809 1808 1822 1818 1826 1812 1825 1813 1814 1804 1817 1819 1814 1831 1828 1826 1821 1804 1812 1810 1838 1832 1803 1802 1805 1799 1811 1808 1823 1826 1818 1813 1829 1828 1809 1808 1815 1823 1824 1808 1819 1821 1823 1816 1805 1812 1817 1833 1819 1832 1822 1812 1822 1817 1800 1814 1811 1830 1794 1826 1818 1799 1822 1818 1821 1818 1802 1814 1815 1834 1815 1788 1806 1810 1806 1815 1816 1821 1814 1811 1823 1819 1819 1828 1807 1813 1819 1825 1821 1802 1824 1824 1827 1816 1803 1812 1827 1831 1801 1824 1803 1814 1823 1803 1815 1810 1824 1823 1813 1817 1803 1812 1823 1830 1818 1806 1806 1803 1814 1800 1813 1829 1820 1807 1812 1802 1797 1835 1827 1813 1813 1828 1821 1807 1819 1807 1816 1811 1827 1802 1808 1824 1810 1800 1834 1816 1820 1799 1783 1811 1821 1839 1814 1817 1814 1807 1825 1822 1800 1809 1833 1821 1819 1816 1809 1806

Tree=0
num_leaves=15
num_cat=0
split_feature=238 126 236 237 237 238 238 230 230 137 3 226 137 119
split_gain=3172.35 1557.53 590.919 413.63 410.723 311.457 245.464 231.539 305.098 243.749 194.474 194.471 193.474 192.127
threshold=-0.18710061907768247 60.500000000000007 -0.094199504703283296 0.035516532137990005 0.061479629948735244 -0.25163900852203364 -0.13513922691345212 71.500000000000014 15.500000000000002 88.500000000000014 3.5000000000000004 1.0000000180025095e-35 59.500000000000007 98.500000000000014
decision_type=10 8 2 2 2 10 10 8 10 10 10 10 10 10
left_child=5 3 -3 6 7 -1 -2 8 9 13 -5 -11 -8 -4
right_child=1 2 4 10 -6 -7 12 -9 -10 11 -12 -13 -14 -15
leaf_value=0.63045806208131827 0.59899595696625918 0.61374617246747354 0.60855218938371447 0.58239010997431351 0.61034314362923603 0.61635984536695565 0.58785331615396552 0.60573547679769701 0.59081344312365336 0.54531556961797423 0.60125893670243002 0.59391173684192367 0.59828721983854327 0.58011712490852818
leaf_weight=2193.561447262764 2767.107330262661 4945.5754648149014 2525.1569537818432 525.52170619368553 3668.3610483258963 4064.6748502552509 12274.750905111432 3000.3676176071167 4402.6735803484917 93.075428381562233 5997.3049368709326 278.08285236358643 1847.1013145893812 223.88413853943348
leaf_count=9592 12100 21626 11042 2298 16041 17774 53675 13120 19252 407 26225 1216 8077 979
internal_value=0.601414 0.59848 0.604827 0.593292 0.601713 0.62134 0.590815 0.598699 0.595891 0.603066 0.599712 0.580572 0.589215 0.606167
internal_weight=48807.2 42549 19137.2 23411.8 14191.6 6258.24 16889 10523.2 7522.87 3120.2 6522.83 371.158 14121.9 2749.04
internal_count=213424 186058 83683 102375 62057 27366 73852 46016 32896 13644 28523 1623 61752 12021
is_linear=0
shrinkage=1


Tree=1
num_leaves=15
num_cat=0
split_feature=238 126 242 242 238 120 226 248 4 226 231 147 231 248
split_gain=3008.78 1433.95 663.092 551.326 461.116 356.858 343.825 378.268 296.388 255.356 275.561 216.646 197.061 196.557
threshold=-0.17274262756109235 64.500000000000014 0.031183547340333465 0.0255378931760788 -0.23227746784687039 60.500000000000007 69.500000000000014 0.54040405154228222 11.500000000000002 12.500000000000002 86.500000000000014 17.500000000000004 66.500000000000014 0.56060606241226207
decision_type=10 8 8 8 10 8 10 2 10 8 10 10 10 2
left_child=4 2 5 6 -1 8 9 -8 -2 10 13 -12 -9 -3
right_child=1 3 -4 -5 -6 -7 7 12 -10 -11 11 -13 -14 -15
leaf_value=0.026280100278005147 -0.021410253099942989 -0.00071525477015028525 0.001535912834207439 0.010342619070291334 0.011270250716691566 -0.0050003414755466864 -0.00041435000110860037 0.0028986173420991784 -0.010805926112133841 -0.0088515765232928395 0.019154907581335128 -0.015380742728195547 0.02966838296411262 0.021815417851177223
leaf_weight=2931.2982324957848 3225.6229301542044 625.95907618105412 5182.5746177881956 6420.4932315796614 5009.8075547218323 6741.1534216552973 2071.6058796197176 367.06816045939922 9113.5794407874346 4512.5120502710342 194.53314602375031 820.01744745671749 764.85728669166565 774.40326420962811
leaf_count=12915 14065 2740 22630 28119 21977 29413 9072 1607 39754 19728 852 3586 3351 3392
internal_value=-4.65516e-05 -0.00333483 -0.0079779 0.0034722 0.0168369 -0.0105615 -0.000887825 0.00722545 -0.0135931 -0.00464475 0.00322021 -0.00863644 0.0210887 0.0118106
internal_weight=48755.5 40814.4 24262.9 16551.4 7941.11 19080.4 10131 3203.53 12339.2 6927.42 2414.91 1014.55 1131.93 1400.36
internal_count=213201 178309 105862 72447 34892 83232 44328 14030 53819 30298 10570 4438 4958 6132
is_linear=0
shrinkage=0.03


Tree=2
num_leaves=15
num_cat=0
split_feature=238 126 245 242 245 229 242 245 242 119 231 226 226 242
split_gain=2828.36 1308.33 653.63 641.124 525.602 436.743 502.163 311.083 285.101 256.925 245.917 237.287 284.171 226.114
threshold=-0.16869729757308957 64.500000000000014 -0.082056250423192964 0.030858463607728485 -0.10813168063759802 67.500000000000014 0.024451079778373245 -0.049014667049050324 0.032971432432532317 80.500000000000014 65.500000000000014 81.500000000000014 4.5000000000000009 0.019356190226972107
decision_type=10 8 2 8 2 8 8 2 8 8 10 10 8 10
left_child=4 3 -3 10 9 6 -4 -7 -6 -1 11 12 -2 -14
right_child=1 2 5 -5 8 7 -8 -9 -10 -11 -12 -13 13 -15
leaf_value=0.010199545253584637 0.0024991234220782081 0.015327331466008152 -0.0097246513855543219 0.0015615875255616306 0.0042684637678336024 0.018667396671415225 0.0049180044190567998 0.001983831563443375 0.018424962514942834 0.030400427790985625 -0.0049876060621530322 -0.0035684909432632497 -0.021621000388314653 -0.012282593209514801
leaf_weight=760.93090756237507 833.40886208415031 3248.7575113475323 5026.8655772805214 5253.5868960469961 3155.5276917815208 1571.670894369483 3616.655226290226 2770.617465659976 2154.1142731457949 2374.5713449120522 5572.8778612017632 2230.6275135278702 3700.8197666555643 6486.7652697265148
leaf_count=3354 3626 14263 21950 22947 13900 6906 15866 12149 9512 10509 24254 9699 16076 28213
internal_value=4.18857e-05 -0.00326611 0.00331459 -0.00770266 0.0158177 0.000299797 -0.00359921 0.00805139 0.0100356 0.025546 -0.0102876 -0.012511 -0.0143161 -0.0156928
internal_weight=48757.8 40312.7 16234.6 24078.1 8445.14 12985.8 8643.52 4342.29 5309.64 3135.5 18824.5 13251.6 11021 10187.6
internal_count=213224 175949 71134 104815 37275 56871 37816 19055 23412 13863 81868 57614 47915 44289
is_linear=0
shrinkage=0.03


Tree=3
num_leaves=15
num_cat=0
split_feature=238 126 245 242 230 242 230 226 226 243 245 248 228 231
split_gain=2619.18 1357.74 773.57 663.926 534.465 389.712 275.361 268.75 362.636 333.938 285.306 281.862 327.087 281.105
threshold=-0.19479026645421979 67.500000000000014 -0.082527365535497652 0.031017750501632694 74.500000000000014 0.024451079778373245 3.5000000000000004 81.500000000000014 12.500000000000002 -0.087426684796810136 -0.099457733333110795 0.7929292917251588 5.5000000000000009 69.500000000000014
decision_type=10 8 2 8 8 10 10 10 8 2 2 2 10 10
left_child=6 3 -3 7 5 -4 -1 8 10 -10 -2 -12 -13 -11
right_child=1 2 4 -5 -6 -7 -8 -9 9 13 11 12 -14 -15
leaf_value=0.026918020136381945 0.015957015826139963 0.01645430399379583 -0.0093027429184490869 0.0021566065380918568 0.0092648630009936426 0.0035952981458874747 0.013219659465543449 -0.0016317269624681768 -0.052923347134706353 -0.014669773359524386 -0.0018180262189015528 -0.03905014285580561 0.017650213756239812 -0.0041509759872395023
leaf_weight=2548.8958725035191 631.81262971460819 3656.9297818690538 4719.2068771868944 5996.0757709443569 4447.0685000866652 3796.8167090117931 2809.7903984040022 3529.7683989852667 176.41949380934238 10523.567452386022 2401.4952529370785 391.25915357470512 112.21050365269184 2933.1190069615841
leaf_count=11366 2756 16141 20561 26236 19560 16686 12484 15347 767 45592 10445 1702 488 12756
internal_value=8.09494e-06 -0.00244111 0.00428881 -0.00663101 0.000846843 -0.00355476 0.0197734 -0.00917633 -0.0107255 -0.0129448 -0.00215828 -0.00613947 -0.0263155 -0.0123818
internal_weight=48674.4 43315.7 16620 26695.7 12963.1 8516.02 5358.69 20699.7 17169.9 13633.1 3536.78 2904.96 503.47 13456.7
internal_count=212887 189037 72948 116089 56807 37247 23850 89853 74506 59115 15391 12635 2190 58348
is_linear=0
shrinkage=0.03


Tree=4
num_leaves=15
num_cat=0
split_feature=238 24 245 226 242 245 252 245 119 242 119 248 230 228
split_gain=2602.49 967.078 641.286 622.738 422.741 406.438 377.156 371.588 360.484 353.083 274.561 295.536 265.749 258.587
threshold=-0.15583280473947522 80.500000000000014 -0.10813168063759802 12.500000000000002 0.019275386817753318 -0.071332886815071092 0.054876631125807769 -0.099457733333110795 72.500000000000014 0.031941937282681472 77.500000000000014 0.88383838534355175 80.500000000000014 4.5000000000000009
decision_type=10 8 2 10 10 2 2 2 10 8 8 2 10 10
left_child=2 3 10 7 12 -3 -7 -2 -6 -4 11 -1 -5 -9
right_child=1 5 9 4 8 6 -8 13 -10 -11 -12 -13 -14 -15
leaf_value=0.016573081839824061 0.019168970295323905 0.016772607477482541 0.0025829635877460512 -0.017604026890356183 -0.0088122254590613652 -0.003569610499993746 0.009640031422219357 -0.012357209513693918 0.0019335037574537558 0.016358568950039284 0.028640046846249628 -0.03059078728383096 -0.00034099103064664312 0.0023934790020594477
leaf_weight=719.97353535890579 922.18380795419216 1922.7781313657761 4207.1797591149807 5712.5614668428898 10981.186692863703 5079.9370014220476 3138.9495788067579 1410.644802749157 3770.3226199150085 2776.8428988158703 2626.4837023019791 133.50361742079258 933.94743983447552 4319.9119050055742
leaf_count=3185 4058 8461 18534 24693 47689 22179 13787 6135 16472 12348 11793 589 4062 18858
internal_value=8.98162e-05 -0.00354238 0.0133377 -0.00641224 -0.00890365 0.00439382 0.00148099 0.00160255 -0.00606629 0.00807569 0.0238447 0.00892672 -0.0151824 -0.00125278
internal_weight=48656.4 38192.4 10464 28050.8 21398 10141.7 8218.89 6652.74 14751.5 6984.02 3479.96 853.477 6646.51 5730.56
internal_count=212843 166394 46449 121967 92916 44427 35966 29051 64161 30882 15567 3774 28755 24993
is_linear=0
shrinkage=0.03


Tree=5
num_leaves=15
num_cat=0
split_feature=245 242 126 119 230 178 230 231 140 124 245 228 225 230
split_gain=2353.7 1375.83 743.693 653.571 397.612 386.514 366.916 392.424 321.418 296.276 266.001 259.62 248.545 228.928
threshold=-0.099457733333110795 0.031649146229028709 54.500000000000007 84.500000000000014 71.500000000000014 1.5000000000000002 14.500000000000002 91.500000000000014 47.500000000000007 62.500000000000007 -0.054689845070242875 8.5000000000000018 55.500000000000007 2.5000000000000004
decision_type=2 8 10 8 8 10 10 10 8 10 2 10 10 10
left_child=3 2 8 13 6 -3 12 -8 -2 -7 -6 -9 -4 -1
right_child=1 5 4 -5 10 9 7 11 -10 -11 -12 -13 -14 -15
leaf_value=0.019378377274153459 -0.013522278523484858 0.018519157993087086 0.0066023725025510143 0.024520044531385256 0.015717895205783254 -0.0013241961924725146 -0.0063102850906666267 -0.055191798602658236 -0.0043123806673323866 0.010969882899285481 0.00078201069342028764 -0.01644511573925464 -0.0081549770605582501 0.0017755417760024386
leaf_weight=888.09352242946625 10555.272352039814 2106.8677064180374 3319.3133090734482 3675.5271680951118 1619.7473330944777 4126.8197838813066 6423.8994746506214 231.71125918626785 5054.5609631091356 3069.0812391191721 3145.6160015612841 476.1210568100214 1475.8166984468699 2570.4424372017384
leaf_count=3929 45555 9337 14568 16538 7159 18088 27971 1008 21881 13606 13811 2075 6451 11277
internal_value=-0.000181267 -0.00291221 -0.00583971 0.015727 -0.0014361 0.00724831 -0.00436212 -0.0086722 -0.0105447 0.00392723 0.005881 -0.0297211 0.00205292 0.00633849
internal_weight=48738.9 41604.8 32302.1 7134.06 16692.2 9302.77 11926.9 7131.73 15609.8 7195.9 4765.36 707.832 4795.13 3458.54
internal_count=213254 181510 140479 31744 73043 41031 52073 31054 67436 31694 20970 3083 21019 15206
is_linear=0
shrinkage=0.03


Tree=6
num_leaves=15
num_cat=0
split_feature=238 126 245 242 230 242 120 228 230 245 230 230 245 106
split_gain=2307.74 1192.19 695.97 579.559 471.081 409.053 276.749 273.064 265.526 243.697 230.979 219.607 217.163 332.69
threshold=-0.19479026645421979 61.500000000000007 -0.082056250423192964 0.030858463607728485 73.500000000000014 0.024365069344639782 60.500000000000007 29.500000000000004 1.5000000000000002 -0.055017109960317605 37.500000000000007 14.500000000000002 -0.096207998692989335 8.5000000000000018
decision_type=10 8 2 8 8 10 10 10 10 2 10 10 2 10
left_child=8 3 -3 6 5 11 7 12 -1 -6 -5 -4 -2 -14
right_child=1 2 4 10 9 -7 -8 -9 -10 -11 -12 -13 13 -15
leaf_value=0.027761261004539243 -0.0038420068118011686 0.014177737602083547 -0.00095955123811880159 0.0076342632535447551 0.018548768328183651 0.0032891665422138047 -0.0041712764523574135 -0.0072309058166541334 0.013652817034670849 0.003718126594621422 -0.0045876197534218495 -0.013499054321919056 -0.03202948601329475 -0.014342620758964825
leaf_weight=1889.1137719005346 1065.2938796728849 4177.2424375116825 1970.9486594647169 2928.69081120193 1377.4764811396599 4449.6425700485706 6511.8461833000183 5971.8381005376577 3387.6686205118895 3570.7279659360647 2634.4423736482859 3467.8406304866076 1276.633386015892 3904.8539278507233
leaf_count=8617 4604 18608 8583 12850 6130 19571 28183 25717 15258 15740 11521 14986 5469 16782
internal_value=3.49553e-05 -0.00224877 0.00337656 -0.00665112 0.000328001 -0.00345306 -0.00917529 -0.0118366 0.0187467 0.00787575 0.0018487 -0.008965 -0.0162209 -0.0187537
internal_weight=48584.3 43307.5 19013.9 24293.6 14836.6 9888.43 18730.5 12218.6 5276.78 4948.2 5563.13 5438.79 6246.78 5181.49
internal_count=212619 188744 83618 105126 65010 43140 80755 52572 23875 21870 24371 23569 26855 22251
is_linear=0
shrinkage=0.03


Tree=7
num_leaves=15
num_cat=0
split_feature=236 252 120 126 178 101 230 108 243 249 248 230 248 232
split_gain=2104.2 977.952 551.649 456.773 341.104 271.01 253.712 217.658 199.853 169.031 166.189 162.966 254.45 183.556
threshold=-0.1091872490942478 0.037476601079106338 73.500000000000014 77.500000000000014 inf 2.5000000000000004 80.500000000000014 14.500000000000002 -0.063107468187808977 0.91414141654968273 0.28787878155708319 71.500000000000014 0.58080807328224193 74.500000000000014
decision_type=2 2 8 8 8 10 8 10 2 2 2 10 2 8
left_child=3 2 6 8 5 -3 7 -2 -1 -10 -8 13 -13 -4
right_child=1 4 11 -5 -6 -7 10 -9 9 -11 -12 12 -14 -15
leaf_value=0.014649017971544482 -0.015893762755516693 -0.017699950677335412 -0.0053568579772611145 0.020326944835334863 0.020034357360460411 0.003140914820275799 -0.010436191377556621 -0.0082113015517280164 0.0034877313129604891 -0.035545894512396314 0.0030252728470613606 0.00042686896759070554 0.028962252516989105 0.0046110512463365888
leaf_weight=1843.7283108830452 5567.2302093207836 579.44549225270748 4824.7307987958193 4140.7853501588106 1031.431546151638 11908.871128514409 1340.0104492455721 8320.6103870272636 3051.0520781129599 93.246915027499199 2115.7617664337158 871.69551891088486 405.41377380490303 2525.0262957066298
leaf_count=8249 23946 2514 21016 18758 4609 52271 5816 35890 13452 413 9221 3823 1799 11049
internal_value=-2.19636e-06 -0.00300355 -0.00640898 0.0129704 0.00353794 0.00216053 -0.00949118 -0.0113002 0.00683498 0.00222113 -0.0022096 -0.000208657 0.00963996 -0.00193075
internal_weight=48619 39490.2 25970.5 9128.81 13519.7 12488.3 17343.6 13887.8 4988.03 3144.3 3455.77 8626.87 1277.11 7349.76
internal_count=212826 171954 112560 40872 59394 54785 74873 59836 22114 13865 15037 37687 5622 32065
is_linear=0
shrinkage=0.03


Tree=8
num_leaves=15
num_cat=0
split_feature=236 249 226 47 242 126 126 120 104 230 106 231 226 140
split_gain=2074.65 870.527 493.907 443.494 390.456 348.573 334.055 297.851 349.634 256.792 219.563 222.981 253.086 201.043
threshold=-0.10363893955945967 0.13636363297700885 3.5000000000000004 98.500000000000014 0.03399165906012059 47.500000000000007 77.500000000000014 65.500000000000014 10.500000000000002 14.500000000000002 33.500000000000007 88.500000000000014 4.5000000000000009 27.500000000000004
decision_type=2 2 10 8 8 8 10 10 10 8 10 10 10 10
left_child=2 5 -1 7 6 13 -4 8 -3 10 11 -7 -13 -2
right_child=1 3 4 -5 -6 9 -8 -9 -10 -11 -12 12 -14 -15
leaf_value=0.022930889842748037 -0.014528438580170151 -0.022340776936549997 -0.0024666284447175538 0.011593451722555775 0.017783843603938355 0.0037109669636930351 0.012535574900421422 0.0036921678003375251 -0.0022928773107739322 -0.0061661608479760197 0.014384214220109048 -0.035642068630896702 0.0093724475572778427 -0.0065136225677727014
leaf_weight=2640.1093298345804 6016.8885921239853 930.47669592499733 3336.9466746896505 3455.3564311861992 2506.8330151289701 1464.1110946536064 2214.6444997787476 6762.9551536291838 4691.7568428963423 7694.2317398637533 1150.4590007066727 305.70652104914188 169.15477405488491 5342.134014248848
leaf_count=12044 25806 4013 14637 15308 11277 6391 10006 29748 20378 33454 5054 1335 740 22971
internal_value=2.48792e-05 -0.00326238 0.0116879 0.0021066 0.00798055 -0.00710249 0.00352984 -0.000547361 -0.00564457 -0.00323488 0.00406183 -0.00210518 -0.0197444 -0.0107681
internal_weight=48681.8 37983.2 10698.5 15840.5 8058.42 22142.7 5551.59 12385.2 5622.23 10783.7 3089.43 1938.97 474.861 11359
internal_count=213162 165198 47964 69447 35920 95751 24643 54139 24391 46974 13520 8466 2075 48777
is_linear=0
shrinkage=0.03


Tree=9
num_leaves=15
num_cat=0
split_feature=118 226 24 136 226 248 215 140 248 98 205 231 231 248
split_gain=1546.45 664.83 576.064 563.814 406.207 432.022 390.592 309.834 193.641 184.272 166.674 161.845 161.712 148.222
threshold=80.500000000000014 12.500000000000002 97.500000000000014 1.5000000000000002 67.500000000000014 0.49999998509883886 35.500000000000007 30.500000000000004 0.83333334326744091 39.500000000000007 99.500000000000014 5.5000000000000009 70.500000000000014 0.7929292917251588
decision_type=8 10 8 10 8 2 10 10 2 10 8 8 10 2
left_child=1 11 6 8 10 -6 7 9 -2 -3 -5 -1 -8 -13
right_child=3 2 -4 4 5 -7 12 -9 -10 -11 -12 13 -14 -15
leaf_value=-0.019003727521704494 0.013178615078950519 -0.01205894192616638 0.0120862412345663 -0.0059735384791199829 0.0037382577093882283 0.023834992345304448 -0.019995327211540355 -0.002281108330946034 0.029005764139385888 -0.001917768764337999 0.0030233081064204668 0.0084260036333319022 -0.0045946203206575914 -0.0055022448745732635
leaf_weight=227.48993825912476 3326.2469060868025 7091.3089244514704 1454.4586242884398 2471.996061488986 2313.5724472552538 1644.3822981417179 2720.868394985795 10951.683804109693 886.55316217243671 2091.875530898571 7306.4817743450403 4544.8495706468821 800.65135368704796 802.77233657240868
leaf_count=996 15068 30512 6449 10819 10216 7349 11657 47500 4080 9065 32411 19933 3458 3505
internal_value=-1.07142e-05 -0.0041017 -0.00618209 0.00698161 0.00403101 0.0121267 -0.00730991 -0.00569227 0.0165701 -0.00975344 0.000745129 0.0052629 -0.0165168 0.00632876
internal_weight=48635.2 30686 25110.8 17949.2 13736.4 3957.95 23656.4 20134.9 4212.8 9183.18 9778.48 5575.11 3521.52 5347.62
internal_count=213018 133075 108641 79943 60795 17565 102192 87077 19148 39577 43230 24434 15115 23438
is_linear=0
shrinkage=0.03


Tree=10
num_leaves=15
num_cat=0
split_feature=238 126 120 4 238 229 230 24 236 231 229 63 226 231
split_gain=2112.53 865.882 426.282 395.352 366.181 326.045 274.483 207.631 174.777 172.529 277.251 180.169 197.124 144.282
threshold=-0.17417061328887937 75.500000000000014 67.500000000000014 11.500000000000002 -0.23227746784687039 67.500000000000014 15.500000000000002 96.500000000000014 -0.088771779090166078 91.500000000000014 19.500000000000004 54.500000000000007 4.5000000000000009 88.500000000000014
decision_type=10 8 10 10 10 8 10 8 2 10 10 8 10 10
left_child=4 2 3 -2 -1 6 13 8 -5 11 -11 12 -4 -3
right_child=1 5 9 7 -6 -7 -8 -9 -10 10 -12 -13 -14 -15
leaf_value=0.023251905802483857 -0.01586905252443483 0.011348021563570562 0.012383038651170278 0.00159277235602833 0.0094554230651383662 0.010917475866763469 -0.0044517287319601152 0.0062006159897637454 -0.008154072437793659 -0.019448441751558184 0.007705454776642388 0.006728783104484588 -0.0048956142611257412 -0.0008410846003767355
leaf_weight=2763.5822419971228 4530.2672377675772 2229.4738119989634 685.87957401573658 1920.749832674861 4678.0415007919073 4033.1430108994246 4507.2370465397835 1195.2548769116402 11859.163939908147 941.37151665985584 518.3946461379528 3302.7488808333874 4067.4070588648319 1431.2870508134365
leaf_count=12858 19338 9876 3004 8323 21094 18035 19719 5274 50911 4122 2271 14389 17628 6349
internal_value=-9.69031e-05 -0.00275354 -0.0055722 -0.00811067 0.0146033 0.0039499 0.000500347 -0.00575459 -0.00679531 -0.000365818 -0.00981869 0.00135711 -0.00238161 0.00659301
internal_weight=48664 41222.4 29021.2 19505.4 7441.62 12201.1 8168 14975.2 13779.9 9515.8 1459.77 8056.04 4753.29 3660.76
internal_count=213191 179239 125260 83846 33952 53979 35944 64508 59234 41414 6393 35021 20632 16225
is_linear=0
shrinkage=0.03


Tree=11
num_leaves=15
num_cat=0
split_feature=238 126 98 120 215 229 248 230 224 237 226 226 248 230
split_gain=1891.45 885.439 414.633 384.971 315.152 243.14 338.612 325.883 217.923 181.895 167.516 238.079 221.572 184.587
threshold=-0.19479026645421979 76.500000000000014 42.500000000000007 69.500000000000014 35.500000000000007 67.500000000000014 0.3686868697404862 15.500000000000002 2.5000000000000004 0.02248206548392773 66.500000000000014 4.5000000000000009 0.57070705294609081 41.500000000000007
decision_type=10 8 10 10 10 8 2 10 10 2 8 10 2 8
left_child=8 2 3 4 -2 7 -7 -3 -1 -9 11 -5 -12 -14
right_child=1 5 -4 10 -6 6 -8 9 -10 -11 12 -13 13 -15
leaf_value=0.025521478813134092 -0.0072578017030469648 0.0079705492087983991 0.0019969081295741105 0.0076618952676491504 -0.018327514448930011 0.0028589183537070413 0.020167690292609217 -0.011317472669123276 0.012554396895351932 0.00092664188461739775 -0.0029318342971827362 -0.0062335774944390085 -0.0021843963993618916 0.032304323418058042
leaf_weight=1828.5774435251951 13990.278978213668 4054.4945297837257 6429.7784359753132 1435.5406929403543 2772.8616850525141 2277.1172056496143 1834.2156150192022 1733.9945866912603 3315.6652272939682 2917.059871673584 704.27787330746651 4775.7224895954132 202.82610547542572 430.09554788470268
leaf_count=8606 60056 18058 27975 6313 11788 10134 8328 7536 15225 12820 3069 20736 882 1899
internal_value=1.89886e-05 -0.00201408 -0.0047755 -0.00656671 -0.00909872 0.00460776 0.0106112 0.00176363 0.0172043 -0.00365267 -0.000939165 -0.00301492 0.00865347 0.02139
internal_weight=48702.5 43558.3 30741.4 24311.6 16763.1 12816.9 4111.33 8705.55 5144.24 4651.05 7548.46 6211.26 1337.2 632.922
internal_count=213425 189594 132718 104743 71844 56876 18462 38414 23831 20356 32899 27049 5850 2781
is_linear=0
shrinkage=0.03


Tree=12
num_leaves=15
num_cat=0
split_feature=245 242 126 226 248 226 29 229 248 242 126 248 126 245
split_gain=1992.21 1054.91 525.181 492.02 435.723 366.161 323.697 289.363 355.95 284.094 280.184 256.474 225.049 217.762
threshold=-0.099457733333110795 0.031183547340333465 55.500000000000007 6.5000000000000009 0.60101011395454418 54.500000000000007 1.5000000000000002 67.500000000000014 0.49999998509883886 0.02428459003567696 77.500000000000014 0.71212121844291698 45.500000000000007 -0.075521316379308687
decision_type=2 8 10 10 2 10 10 10 2 10 10 2 10 2
left_child=3 2 11 -1 -5 10 -3 9 -9 -4 -6 13 -8 -2
right_child=1 6 7 4 5 -7 12 8 -10 -11 -12 -13 -14 -15
leaf_value=0.025052067817777208 0.0052388066483437584 0.016690876433014916 -0.0068199881256993397 0.023818750830178391 -0.0096471547299551014 0.022150314044389365 -0.0031035655621982363 -0.00024845482422916924 0.01897425218383126 0.0030435374433478591 0.012021143173977714 -0.016536125094797693 0.0074475014469774382 -0.0083068381650831004
leaf_weight=2638.915002822876 1171.8085977137089 2069.1881355047226 8113.3106944859028 1208.3645220398903 1671.8371562510729 669.00502750277519 2977.1270366609097 2844.9228908121586 1236.8094429075718 3877.9418867379427 779.39440613985062 3218.4252389967442 4650.6244629323483 11393.30865778029
leaf_count=12299 5007 9386 35232 5464 7337 2984 12981 12555 5612 17128 3620 13705 20774 48644
internal_value=2.65493e-05 -0.00246363 -0.00510064 0.0148599 0.00860291 0.00265304 0.00619585 -0.00128209 0.00560837 -0.00363027 -0.00273665 -0.00898594 0.00333073 -0.00704043
internal_weight=48521 41553.5 31856.5 6967.52 4328.6 3120.24 9696.94 16073 4081.73 11991.3 2451.23 15783.5 7627.75 12565.1
internal_count=212728 181024 137883 31704 19405 13941 43141 70527 18167 52360 10957 67356 33755 53651
is_linear=0
shrinkage=0.03


Tree=13
num_leaves=15
num_cat=0
split_feature=245 242 140 224 106 245 178 224 10 117 117 230 242 121
split_gain=1821.74 987.591 508.419 477.861 466.582 318.986 312.815 284.996 229.581 225.038 217.712 194.89 194.313 187.027
threshold=-0.09883002936840056 0.031183547340333465 44.500000000000007 3.5000000000000004 29.500000000000004 -0.071332886815071092 1.5000000000000002 66.500000000000014 63.500000000000007 59.500000000000007 95.500000000000014 15.500000000000002 0.036602236330509193 82.500000000000014
decision_type=2 8 10 10 10 2 10 10 10 10 10 10 8 8
left_child=3 2 4 -1 8 -4 -3 12 13 -8 -7 -6 -5 -2
right_child=1 6 5 7 11 10 9 -9 -10 -11 -12 -13 -14 -15
leaf_value=0.025436009058493348 -0.0072157760511347207 0.016294675608592775 0.0078026156535048324 0.0027233164364445319 0.0057296665531298982 -0.0047652010268690176 -0.0019898295311255323 0.029367270411679955 -0.020104065118744369 0.008365536654065418 0.0063805275435277918 -0.0058139236270455408 0.017907059900493162 -0.017736549714960491
leaf_weight=2274.2654414325953 6437.8533028811216 2105.0814031511545 3023.2065858989954 3345.2361396253109 2110.600905969739 10340.291726335883 3740.2960214018822 527.85200017690659 2493.1864331811666 3798.9425837248564 1851.9059399217367 3461.5144760161638 972.90563482046127 1994.724159091711
leaf_count=10738 27522 9602 13320 14915 9238 44818 16340 2397 10597 17058 8210 14815 4491 8556
internal_value=0.000109051 -0.00230491 -0.00486124 0.014114 -0.00850746 -0.000904694 0.00609737 0.00875898 -0.0121077 0.0032323 -0.0030684 -0.00143902 0.00617778 -0.00972252
internal_weight=48477.9 41357.6 31713.3 7120.26 16497.9 15215.4 9644.32 4845.99 10925.8 7539.24 12192.2 5572.12 4318.14 8432.58
internal_count=212617 180076 137076 32541 70728 66348 43000 21803 46675 33398 53028 24053 19406 36078
is_linear=0
shrinkage=0.03


Tree=14
num_leaves=15
num_cat=0
split_feature=245 24 119 119 248 35 231 226 248 231 226 228 78 226
split_gain=1736.04 740.892 612.066 461.258 352.67 329.024 313.118 262.803 435.1 310.124 379.988 320.592 258.683 253.084
threshold=-0.09883002936840056 95.500000000000014 58.500000000000007 84.500000000000014 0.6111111342906953 7.5000000000000009 24.500000000000004 66.500000000000014 0.59090909361839306 91.500000000000014 5.5000000000000009 5.5000000000000009 9.5000000000000018 4.5000000000000009
decision_type=2 8 10 8 2 10 10 10 2 8 10 10 10 10
left_child=3 2 5 4 -1 -2 -6 9 -9 10 -4 12 -11 -8
right_child=1 -3 7 -5 6 -7 13 8 -10 11 -12 -13 -14 -15
leaf_value=0.020665226777353454 -0.019828290081318801 0.0083327457126241202 0.011157262225801592 0.021324394118958999 -0.028739441007101008 -0.0065448309142170256 0.024290425743188689 -0.00027860941494455325 0.020260863325562442 0.0010217253134030919 -0.0024865034065613039 -0.0038128011881886506 -0.034123810469295614 -0.0011869723002490994
leaf_weight=1032.6913199573755 1881.436914280057 5087.77503657341 2242.046136200428 3540.9755038172007 292.33728267252445 15168.936021342874 426.16636708378792 2863.592839717865 1363.223337829113 254.71586678922176 9961.9061863124371 1951.0805902332067 708.65968084335327 1791.0754733532667
leaf_count=4670 7977 22880 9925 16762 1281 64889 1954 12559 6086 1148 43377 8619 3091 7869
internal_value=-3.51601e-05 -0.00237979 -0.00387919 0.0136803 0.00600047 -0.00802137 -9.21441e-05 -0.000226119 0.00637792 -0.00207548 2.71403e-05 -0.0108499 -0.0249163 0.003797
internal_weight=48566.6 41483.4 36395.6 7083.25 3542.27 17050.4 2509.58 19345.2 4226.82 15118.4 12204 2914.46 963.376 2217.24
internal_count=213087 180551 157671 32536 15774 72866 11104 84805 18645 66160 53302 12858 4239 9823
is_linear=0
shrinkage=0.03


Tree=15
num_leaves=15
num_cat=0
split_feature=245 242 119 226 248 226 248 226 222 66 224 53 232 248
split_gain=1678.46 1004.37 481.968 477.712 394.52 392.734 482.509 352.948 302.479 293.939 292.982 275.855 246.252 239.61
threshold=-0.099457733333110795 0.031649146229028709 49.500000000000007 6.5000000000000009 0.60101011395454418 66.500000000000014 0.57070705294609081 54.500000000000007 17.500000000000004 74.500000000000014 3.5000000000000004 9.5000000000000018 86.500000000000014 0.69191917777061474
decision_type=2 8 10 10 2 10 2 10 10 8 10 10 8 2
left_child=3 2 11 -1 -5 12 -7 8 10 -3 -6 -2 13 -4
right_child=1 9 5 4 7 6 -8 -9 -10 -11 -12 -13 -14 -15
leaf_value=0.023906060432223861 -0.019370504385965489 0.0028777756561783117 -0.0035181606898191222 0.022244728751874415 0.015518500657889218 -0.0011028510567298192 0.017877006160867161 0.021074238148612184 0.025661586527961133 0.014436609342319639 -0.012413447106013793 -0.0073545476737395359 0.0041202764102145706 -0.01285392153514886
leaf_weight=2583.6989848464727 2060.0625519305468 6321.9041100144386 8641.2057495713234 1184.3963358551264 408.3839199244976 3778.8303521573544 1759.4691483676434 670.94650810956955 276.67348225414753 2877.6054455786943 1766.126055046916 10359.509810745716 2506.1556503176689 3464.0289278179407
leaf_count=12340 8687 27980 37469 5469 1925 16560 7882 3032 1260 13143 7827 44103 10926 14974
internal_value=2.06304e-05 -0.00224329 -0.0047156 0.0137279 0.00758035 -0.00184872 0.00494824 0.00196409 -0.00333119 0.00650513 -0.00712066 -0.00936164 -0.00442666 -0.00619808
internal_weight=48659 41768.8 32569.3 6890.23 4306.53 20149.7 5538.3 3122.13 2451.18 9199.51 2174.51 12419.6 14611.4 12105.2
internal_count=213577 181724 140601 31853 19513 87811 24442 14044 11012 41123 9752 52790 63369 52443
is_linear=0
shrinkage=0.03


Tree=16
num_leaves=15
num_cat=0
split_feature=245 242 226 237 248 226 226 119 245 248 47 245 228 119
split_gain=1553.57 869.172 446.969 413.744 396.6 350.817 317.022 246.916 271.856 225.922 224.777 224.644 231.158 219.077
threshold=-0.09883002936840056 0.025000139139592651 6.5000000000000009 0.029412223026156429 0.60101011395454418 81.500000000000014 54.500000000000007 78.500000000000014 -0.10101302340626715 0.69191917777061474 96.500000000000014 -0.053768776357173913 21.500000000000004 49.500000000000007
decision_type=2 8 10 2 2 10 10 10 2 2 8 2 10 10
left_child=2 5 -1 -3 -4 13 7 8 -6 -8 -5 12 -7 -2
right_child=1 3 4 10 6 11 9 -9 -10 -11 -12 -13 -14 -15
leaf_value=0.022958217663700129 -0.012232170241034405 -0.0023867553533917238 0.021715356788776563 0.0039269433651280003 -0.017216491391331488 -0.0098553908880069478 -0.01970735492259244 0.006403627026255884 0.025751841063630224 0.026835080528399682 0.013859873827452051 -0.0042208009226832339 0.014603755378613874 -0.0054341282177329956
leaf_weight=2587.0704163759947 6762.7313157021999 8121.1573351174593 1219.7248613536358 7451.0805480480194 1152.3685854971409 443.82985034584999 104.06514094769955 1209.9429006129503 140.62431913614273 580.93219888210297 2825.9913503229618 2814.524113073945 1502.7629914432764 11619.709835976362
leaf_count=12462 28502 35357 5674 32935 5004 1928 462 5620 607 2649 12891 12211 6690 50145
internal_value=9.69207e-06 -0.00219356 0.0130793 0.00267264 0.00724201 -0.00606148 0.00165382 -0.00331126 -0.0123815 0.0195825 0.00666912 0.00119418 0.00900512 -0.00794036
internal_weight=48536.5 41541.8 6994.73 18398.2 4407.66 23143.6 3187.93 2502.94 1292.99 684.997 10277.1 4761.12 1946.59 18382.4
internal_count=213137 180659 32478 81183 20016 99476 14342 11231 5611 3111 45826 20829 8618 78647
is_linear=0
shrinkage=0.03


Tree=17
num_leaves=15
num_cat=0
split_feature=238 143 226 226 245 35 245 245 94 245 119 248 79 129
split_gain=1541.77 599.478 340.715 328.529 483.488 307.852 292.553 225.035 230.75 220.007 172.519 222.282 162.716 153.288
threshold=-0.17274262756109235 75.500000000000014 8.5000000000000018 66.500000000000014 -0.055702306330204003 6.5000000000000009 -0.10813168063759802 -0.096207998692989335 42.500000000000007 -0.082056250423192964 78.500000000000014 0.88383838534355175 78.500000000000014 53.500000000000007
decision_type=10 8 8 8 2 10 2 2 10 2 8 2 10 10
left_child=6 2 -2 9 -5 -4 10 -7 -9 12 11 -1 -3 -11
right_child=1 3 5 4 -6 7 -8 8 -10 13 -12 -13 -14 -15
leaf_value=0.014244455456240311 0.0035612389746689497 0.0036860890410893767 -0.015613284460548032 0.02137635166754822 0.0014295143563070381 0.0065068734313054512 0.0079045150269429747 -0.0077439146963435776 -0.0003675192729289079 -0.0054040154370436433 0.024434385151899645 -0.032618337718384599 0.024620447794674181 0.0061698012592251491
leaf_weight=524.7430467903614 3686.8475692272186 1624.3229261636734 2772.4396151900291 1803.1989956051111 2759.8684736341238 1420.5949860662222 4716.1475813537836 14634.742017894983 5163.537982031703 5426.4207007884979 2081.1881986856461 100.06094390153885 412.35378608107567 1261.7868329286575
leaf_count=2444 16122 7317 11780 8340 12255 6254 21540 62359 22435 23536 10304 443 1875 5571
internal_value=-0.000127813 -0.00240794 -0.00492189 0.00282826 0.00934146 -0.00622646 0.0124435 -0.00499321 -0.00582125 -0.0005849 0.0202961 0.00634388 0.00802413 -0.00321457
internal_weight=48388.3 40966.1 27678.2 13288 4563.07 23991.3 7422.14 21218.9 19798.3 8724.88 2705.99 624.804 2036.68 6688.21
internal_count=212575 177844 118950 58894 20595 102828 34731 91048 84794 38299 13191 2887 9192 29107
is_linear=0
shrinkage=0.03


Tree=18
num_leaves=15
num_cat=0
split_feature=245 242 229 66 119 245 106 122 24 229 228 186 242 231
split_gain=1350.3 853.674 503.273 443.656 404.093 308.128 256.476 214.291 209.918 208.988 186.042 159.732 142.88 140.907
threshold=-0.099457733333110795 0.025092794559895996 68.500000000000014 40.500000000000007 84.500000000000014 -0.047014810144901269 30.500000000000004 31.500000000000004 1.5000000000000002 3.5000000000000004 27.500000000000004 23.500000000000004 0.036602236330509193 26.500000000000004
decision_type=2 8 10 8 8 2 10 8 10 10 10 10 8 8
left_child=4 2 6 -3 9 -4 7 -2 -5 -1 12 -8 -11 -9
right_child=1 3 5 8 -6 -7 11 13 -10 10 -12 -13 -14 -15
leaf_value=0.018163457937789826 -0.0016358754299601204 -0.0026139584358662311 0.010292279152920678 0.015573764355686668 0.019841701846367393 -0.0042543009640726411 -0.014287165862984784 -0.0065597895519027205 0.0048387121743955182 -0.0064079883623244082 0.018974193468313347 5.7574135234019981e-05 0.013634120946313725 -0.014109502383423395
leaf_weight=825.34336902201176 2167.9530061036348 7557.3444832414389 2426.940489128232 2018.2194735407829 3382.2370712906122 2826.6896886527538 826.87417748570442 3140.3477316647768 8654.5091634392738 1741.2451511472464 415.35209302604198 4228.9031855762005 382.02374847233295 7862.790649369359
leaf_count=3819 9167 32858 10791 9323 16531 12225 3557 13289 38365 7642 1906 18193 1782 33526
internal_value=9.07195e-05 -0.00192416 -0.0057048 0.00294579 0.0125328 0.00247235 -0.00806181 -0.0102654 0.0068814 0.00514717 0.000860722 -0.00231209 -0.00275495 -0.0119627
internal_weight=48456.8 41710.6 23480.5 18230.1 6746.2 5253.63 18226.9 13171.1 10672.7 3363.96 2538.62 5055.78 2123.27 11003.1
internal_count=212974 181294 100748 80546 31680 23016 77732 55982 47688 15149 11330 21750 9424 46815
is_linear=0
shrinkage=0.03


Tree=19
num_leaves=15
num_cat=0
split_feature=236 249 178 245 245 120 37 243 60 244 243 226 230 77
split_gain=1365.37 598.113 314.2 313.107 299.859 276.421 275.298 256.215 235.518 244.053 322.614 223.196 222.177 198.214
threshold=-0.11304316669702529 0.085858587175607695 99.500000000000014 -0.071768112480640397 -0.20590560883283612 78.500000000000014 25.500000000000004 -0.045085355639457696 83.500000000000014 0.0029695603298023347 -0.045085355639457696 6.5000000000000009 66.500000000000014 4.5000000000000009
decision_type=2 2 8 2 2 10 10 2 8 2 2 10 8 10
left_child=4 3 5 8 -1 6 13 -5 9 10 -2 -6 -13 -3
right_child=1 2 -4 7 11 -7 -8 -9 -10 -11 -12 12 -14 -15
leaf_value=0.033950533059939697 0.0050263167136629901 -0.022783157375063857 0.014396921051112474 -0.021837941761332788 0.018060703572007501 0.0046773000776665456 0.0012367153404220933 -0.0071838037427756846 0.013529775277038433 -9.0440352061122342e-05 -0.037612199012002911 0.0031831821747971508 0.017808579567352434 -0.0055118311515624987
leaf_weight=495.34135521948338 270.83945162594318 688.03689752519131 1527.6669663637877 1172.2590076178312 2175.9176165610552 7931.3596413135529 7172.7937074452639 12107.496569499373 943.52289175987244 4088.0223094075918 371.93979895114899 3998.2173015475273 1212.6267091929913 4269.6304510086775
leaf_count=2548 1182 2916 7073 4993 10560 35340 31167 51635 4162 17614 1580 18161 5605 18400
internal_value=0.000135215 -0.00208659 0.00132747 -0.005974 0.0115518 0.000325586 -0.00252124 -0.00849284 -7.45355e-05 -0.00281063 -0.0198444 0.0100059 0.00661428 -0.00794982
internal_weight=48425.7 40543.6 21589.5 18954.1 7882.1 20061.8 12130.5 13279.8 5674.32 4730.8 642.779 7386.76 5210.84 4957.67
internal_count=212936 176062 94896 81166 36874 87823 52483 56628 24538 20376 2762 34326 23766 21316
is_linear=0
shrinkage=0.03


Tree=20
num_leaves=15
num_cat=0
split_feature=245 237 126 248 120 248 226 226 248 245 224 137 29 244
split_gain=1287.28 629.242 394.657 342.01 319.417 264.068 289.303 326.277 300.405 244.788 289.753 210.527 203.497 199.916
threshold=-0.09883002936840056 0.037476601079106338 70.500000000000014 0.74242421984672557 72.500000000000014 0.60101011395454418 12.500000000000002 40.500000000000007 0.82323232293128978 -0.071768112480640397 10.500000000000002 50.500000000000007 99.500000000000014 0.0010916370083577933
decision_type=2 2 8 2 10 2 8 8 2 2 10 8 8 2
left_child=2 4 5 12 11 -1 -7 -8 -9 10 -6 -2 -3 -12
right_child=1 3 -4 -5 9 6 7 8 -10 -11 13 -13 -14 -15
leaf_value=0.017989746479489591 -0.0092152607506937427 0.0032729190440227386 0.019602338495334538 -0.010340068950378962 -0.0055089542037100219 0.012703026685177549 -0.019500332676725358 -0.013303996984246752 0.024881667917435825 -0.0033730132263814824 -0.035035351811451412 -0.0020656096432473798 0.014943962271166587 0.016500976913289618
leaf_weight=1035.3132317662239 12431.478949144483 11229.158308267593 3222.3912040442228 1519.5498912334442 1018.4080347418785 1013.9973929077387 908.77259284257889 335.62901185452938 391.692437723279 6674.5624434351921 61.386199176311493 5289.4715315401554 1519.3424597680569 1704.2014743685722
leaf_count=4889 52492 49591 15896 6676 4464 4752 3946 1468 1722 29079 264 22868 7093 7546
internal_value=-3.19798e-05 -0.00203104 0.0119482 0.0030693 -0.00470864 0.00522079 0.000183462 -0.00760579 0.0073191 -0.000256387 0.00720098 -0.00708355 0.00467447 0.0145219
internal_weight=48355.4 41447.6 6907.8 14268.1 27179.5 3685.4 2650.09 1636.09 727.321 9458.56 2784 17721 12748.5 1765.59
internal_count=212746 180073 32673 63360 116713 16777 11888 7136 3190 41353 12274 75360 56684 7810
is_linear=0
shrinkage=0.03


Tree=21
num_leaves=15
num_cat=0
split_feature=238 140 245 238 226 222 252 245 224 243 245 222 245 243
split_gain=1316.76 630.348 423.778 420.438 358.493 364.756 331.68 232.122 203.373 271.671 296.975 231.89 208.315 191.456
threshold=-0.14807781577110288 44.500000000000007 -0.070096693933010087 -0.23227746784687039 12.500000000000002 28.500000000000004 0.037065148353576667 -0.071973379701375947 32.500000000000007 -0.046565869823098176 -0.099457733333110795 4.5000000000000009 -0.075033970177173601 -0.048831390216946595
decision_type=10 8 2 10 10 10 2 2 10 2 2 10 2 2
left_child=3 4 -3 -1 8 13 -4 -7 9 10 -2 -12 -10 -6
right_child=1 2 6 -5 5 7 -8 -9 12 -11 11 -13 -14 -15
leaf_value=0.019540372961078235 0.014427975294643999 0.0094093958791252024 -0.0052717653791982408 0.0058373227785744339 -0.0057078648662008454 0.011642701877694988 0.0039025395636774689 -0.0058115437349127224 0.011319756830583555 0.010950970574456965 -0.029270023754222281 0.00039918643696177942 -0.020067722951306117 -0.016364685126805573
leaf_weight=2599.0222251266241 423.93329882621765 4325.9631493091583 8153.5397902727127 8925.9398906230927 2113.2561062276363 777.20648999512196 6261.6927468627691 5335.3265905380249 254.82064063847065 2088.2851408421993 501.91901935636997 441.12874685227871 683.45245498418808 5505.6130744814873
leaf_count=12907 1975 19403 35078 40502 9021 3350 27803 22658 1129 9049 2144 1908 2948 23115
internal_value=9.54173e-05 -0.00267178 0.00118595 0.00894179 -0.00665913 -0.00904419 -0.00128669 -0.00357685 0.000798661 0.00416569 -0.00620417 -0.0155331 -0.0115139 -0.0134201
internal_weight=48391.1 36866.1 18741.2 11525 18124.9 13731.4 14415.2 6112.53 4393.54 3455.27 1366.98 943.048 938.273 7618.87
internal_count=212990 159581 82284 53409 77297 58144 62881 26008 19153 15076 6027 4052 4077 32136
is_linear=0
shrinkage=0.03


Tree=22
num_leaves=15
num_cat=0
split_feature=245 126 226 252 245 226 224 108 108 230 120 230 228 69
split_gain=1157.72 594.537 413.143 315.922 299.765 293.887 230.708 223.386 189.779 189.309 179.65 173.37 169.354 163.956
threshold=-0.099457733333110795 53.500000000000007 6.5000000000000009 0.061479629948735244 -0.071768112480640397 54.500000000000007 3.5000000000000004 10.500000000000002 13.500000000000002 80.500000000000014 60.500000000000007 71.500000000000014 18.500000000000004 6.5000000000000009
decision_type=2 8 10 2 2 10 10 10 10 8 10 8 8 10
left_child=2 7 -1 4 12 6 -4 9 13 10 -2 -6 -3 -8
right_child=1 3 5 -5 11 -7 8 -9 -10 -11 -12 -13 -14 -15
leaf_value=0.021361252196869119 -0.019898277527508262 0.0010252263831725342 0.017638756941675444 0.0074308476644203278 -0.0053929301557315871 0.020185873075209436 0.0068087646464096126 -0.0040667058633333027 0.011391051237318728 0.0040728049165370704 -0.0064776102178364095 0.0023972391846477556 0.013470637034285858 -0.012485344621780553
leaf_weight=2421.0942418128252 2150.9950610697269 2289.1466469019651 627.25889338552952 5781.0704590380192 8576.5036080777645 972.38994356989861 541.12961861491203 15432.875781863928 654.48847514390945 580.12773832678795 1558.9349595606327 3663.2315156459808 1718.4422699511051 1419.2802575826645
leaf_count=12198 8922 10065 3096 26257 37102 4545 2454 65834 3037 2482 6651 16292 7753 6357
internal_value=-0.000122122 -0.00197286 0.0115081 0.00141445 -0.000729544 0.00581069 0.00145046 -0.00575491 -0.00248517 -0.0118044 -0.0142914 -0.00306136 0.00638203 -0.00715209
internal_weight=48387 41751.3 6635.64 22028.4 16247.3 4214.55 3242.16 19722.9 2614.9 4290.06 3709.93 12239.7 4007.59 1960.41
internal_count=213045 181358 31687 97469 71212 19489 14944 83889 11848 18055 15573 53394 17818 8811
is_linear=0
shrinkage=0.03


Tree=23
num_leaves=15
num_cat=0
split_feature=238 126 245 120 228 243 245 244 106 232 228 229 71 245
split_gain=1221.39 608.394 442.545 291.705 285.245 299.535 268.933 249.817 243.292 212.111 186.571 177.809 175.495 162.524
threshold=-0.20386540889739987 75.500000000000014 -0.081628073006868349 52.500000000000007 29.500000000000004 -0.05699856020510196 -0.075521316379308687 0.046076284721493728 10.500000000000002 78.500000000000014 3.5000000000000004 67.500000000000014 55.500000000000007 -0.20590560883283612
decision_type=10 8 2 10 10 2 2 2 10 10 10 10 10 2
left_child=13 3 -3 4 5 12 -6 11 -7 -5 -11 -4 -2 -1
right_child=1 2 7 9 6 8 -8 -9 -10 10 -12 -13 -14 -15
leaf_value=0.032922676269132506 0.0078380002063044296 0.014091819773193407 -0.0033849119953127602 -0.0029198836901228892 0.01359220577553515 -0.022583724567710663 -0.004527895663524982 0.01269162660775126 -0.0095353030471893151 -0.0088682425613347392 0.0078618234062438914 0.006191168436907972 -0.013757381700571886 0.01354924795540168
leaf_weight=433.50289006531239 1042.0512525588274 3005.8859793841839 6543.7098144292831 10780.770316749811 805.11371716856956 1964.5075009167194 7724.7809096723795 1414.9505100399256 3774.9009250998497 714.90013353526592 3499.7794862091541 2368.5698308795691 489.50264976918697 3707.10271525383
leaf_count=2342 4505 14239 28664 46713 3520 8174 32893 6442 15898 3164 15272 10684 2111 18034
internal_value=9.31631e-05 -0.00136992 0.00398158 -0.00368736 -0.00653038 -0.0108925 -0.00280367 0.00102806 -0.0140331 -0.000689291 0.00500977 -0.000835841 0.000891392 0.015652
internal_weight=48270 44129.4 13333.1 30796.3 15800.9 7270.96 8529.89 10327.2 5739.41 14995.4 4214.68 8912.28 1531.55 4140.61
internal_count=212655 192279 60029 132250 67101 30688 36413 45790 24072 65149 18436 39348 6616 20376
is_linear=0
shrinkage=0.03


Tree=24
num_leaves=15
num_cat=0
split_feature=238 137 238 248 226 226 231 222 248 76 231 228 249 63
split_gain=1141.71 597.371 393.872 257.507 219.17 217.598 275.39 238.838 227.621 266.111 297.221 224.954 201.743 196.842
threshold=-0.14383794367313382 58.500000000000007 -0.23643594980239865 0.32828283309936529 2.5000000000000004 8.5000000000000018 89.500000000000014 39.500000000000007 0.71212121844291698 83.500000000000014 67.500000000000014 26.500000000000004 0.24747474491596225 72.500000000000014
decision_type=10 8 10 2 10 8 10 10 2 10 10 10 2 8
left_child=2 5 -1 12 -4 6 11 8 -7 10 -10 -2 -3 -5
right_child=1 3 4 13 -6 7 -8 -9 9 -11 -12 -13 -14 -15
leaf_value=0.018867379619520987 0.0088830765077609741 -0.0073539545529349966 0.014210434391427849 0.001914399322580823 0.0030982104486844296 -0.0067904917092688651 -0.014287315636213138 -0.0020239558672154579 -0.026237189630439514 0.0029785868393363188 -0.0059286094167931248 -0.014634445592102679 0.003494342730038924 0.011734634573113568
leaf_weight=2388.2989662885666 2450.1907093971968 3250.9910798966885 1988.1968210488558 4386.0954561978579 8011.9726325273514 9158.7520264834166 812.21312876045704 6020.8731827586889 1937.2225390821695 565.92495001852512 983.18394909799099 420.77353239059448 2919.7285124361515 3156.9018810391426
leaf_count=12139 10672 14081 9453 19390 36050 38695 3601 25711 8094 2401 4198 1829 13011 14264
internal_value=9.09382e-05 -0.00260838 0.00794442 0.00231968 0.00531949 -0.00563198 0.00102966 -0.00694631 -0.0092866 -0.0158058 -0.0194437 0.00539747 -0.00222364 0.00603447
internal_weight=48451.3 36062.9 12388.5 13713.7 10000.2 22349.1 3683.18 18666 12645.1 3486.33 2920.41 2870.96 6170.72 7543
internal_count=213589 155947 57642 60746 45503 95201 16102 79099 53388 14693 12292 12501 27092 33654
is_linear=0
shrinkage=0.03


Tree=25
num_leaves=15
num_cat=0
split_feature=245 242 126 140 178 106 126 245 248 231 245 178 231 228
split_gain=981.845 688.636 338.66 328.363 308.745 295.04 255.473 226.281 206.456 329.568 251.477 165.626 170.423 236.794
threshold=-0.099457733333110795 0.028139004483819011 80.500000000000014 32.500000000000007 1.5000000000000002 22.500000000000004 39.500000000000007 -0.045480564236640923 0.6111111342906953 22.500000000000004 -0.10350605472922324 48.500000000000007 89.500000000000014 7.5000000000000009
decision_type=2 8 8 10 10 10 10 2 2 10 2 8 10 10
left_child=2 3 8 5 -3 11 -6 -5 -1 10 -10 12 -2 -14
right_child=1 4 -4 7 6 -7 -8 -9 9 -11 -12 -13 13 -15
leaf_value=0.016442102828837849 -0.0072835329171149453 0.01383122440579296 0.0200802833902229 0.0014218106471048531 -0.0042882089297763704 -0.0026447488777260487 0.0053606708769412346 -0.005886708847285595 -0.041893294107546428 0.0050067011232911973 0.020854863147419165 -0.020191810138778184 -0.038431751780755821 -0.00050236036569755588
leaf_weight=1180.3161541968584 4586.5042943805456 2399.7078141719103 2333.7555760145187 10042.403921306133 3810.8633019179106 5477.6362959593534 6976.7102139145136 6133.2653153687716 234.193742826581 2749.679690733552 68.395171523094177 1670.7877256721258 379.10152959823608 239.63789382576942
leaf_count=5722 19283 11194 12030 43665 16384 23328 31347 26432 1038 12647 296 6962 1607 1022
internal_value=0.000152687 -0.00154536 0.0109265 -0.0041655 0.00412191 -0.00784635 0.00195125 -0.00135126 0.00584385 0.00170518 -0.0274967 -0.0119802 -0.00931079 -0.0239833
internal_weight=48283 41716.6 6566.34 28529.3 13187.3 12353.7 10787.6 16175.7 4232.58 3052.27 302.589 6876.03 5205.24 618.739
internal_count=212957 181224 31733 122299 58925 52202 47731 70097 19703 13981 1334 28874 21912 2629
is_linear=0
shrinkage=0.03


Tree=26
num_leaves=15
num_cat=0
split_feature=238 137 238 98 120 242 242 35 231 232 120 243 238 33
split_gain=1079.78 507.512 386.93 261.772 196.623 190.662 185.164 142.978 142.251 137.686 136.69 132.999 119.462 112.154
threshold=-0.14550471305847165 59.500000000000007 -0.23227746784687039 40.500000000000007 70.500000000000014 0.033792551606893546 0.028139004483819011 6.5000000000000009 91.500000000000014 75.500000000000014 97.500000000000014 -0.05089097470045089 -0.091318119317293153 10.500000000000002
decision_type=10 8 10 10 10 8 8 10 10 10 10 2 10 10
left_child=2 3 13 4 7 11 10 -2 -5 -6 -3 -4 -9 -1
right_child=1 6 5 8 9 -7 -8 12 -10 -11 -12 -13 -14 -15
leaf_value=0.021697106158611409 -0.01702941445056283 -0.0018688409215596193 0.0084687820565513255 0.002545175190275006 -0.0055676125810148799 0.011875309836635935 0.0072261237736871604 -0.0043827929017742845 -0.012096638144959515 0.0049636879154010619 0.0083464431530039414 -0.00051062986797133106 -0.010701435309002664 0.0063343155068067477
leaf_weight=1939.1214055418968 1740.933840110898 7903.7010400891304 2174.4158892482519 4502.1534252613783 3290.5076832473278 2626.0008537918329 4219.1861829906702 5063.2203544229269 678.30092726647854 1679.9216298609972 1375.2799897044897 4630.3178317248821 5798.4536061435938 561.28085504472256
leaf_count=10099 7244 34555 10178 19422 14154 12341 19184 21404 2980 7348 6184 20528 24263 2756
internal_value=-7.57721e-06 -0.0025842 0.00781686 -0.00531731 -0.00706355 0.00502431 0.00202347 -0.00905531 0.000608443 -0.00200539 -0.000347432 0.00236691 -0.00776271 0.0182875
internal_weight=48182.8 36251.7 11931.1 22753.5 17573 9430.73 13498.2 12602.6 5180.45 4970.43 9278.98 6804.73 10861.7 2500.4
internal_count=212640 156738 55902 96815 74413 43047 59923 52911 22402 21502 40739 30706 45667 12855
is_linear=0
shrinkage=0.03


Tree=27
num_leaves=15
num_cat=0
split_feature=236 249 24 77 126 242 119 249 242 76 119 76 6 122
split_gain=986.195 505.25 316.42 256.836 245.878 187.411 220.129 188.868 164.846 158.691 151.264 138.479 120.07 112.951
threshold=-0.11864726617932318 0.13636363297700885 79.500000000000014 3.5000000000000004 50.500000000000007 0.043599063530564315 84.500000000000014 0.91414141654968273 0.019747124984860424 72.500000000000014 16.500000000000004 80.500000000000014 1.5000000000000002 68.500000000000014
decision_type=2 2 8 10 10 8 8 2 8 10 10 10 10 10
left_child=5 4 3 12 -2 6 7 10 -6 -5 -1 -8 -3 -11
right_child=1 2 -4 9 8 -7 11 -9 -10 13 -12 -13 -14 -15
leaf_value=-0.031228224414628844 -0.0072471295984245137 0.0040248757673269648 0.007887637872893245 -0.0017555036498751277 -0.0055632929382831379 0.02114891217058357 0.0079697649392265618 -0.039548783254573415 0.001865624557582578 0.011854941379204389 0.0047884121587676784 0.020927877715939232 -0.022297458029716988 0.00041464477033552886
leaf_weight=100.7283066213131 13273.289920791984 198.93735435605049 5837.3004205524921 7506.3113946318626 4559.5981471389532 1265.4251255393028 1773.519591987133 88.490115284919739 6521.0459155142307 1590.4094178676605 2024.8581335842609 1293.3127855956554 668.57391846179962 1510.5705396085978
leaf_count=434 55924 901 26500 32772 19626 6335 8645 391 28658 7080 9246 6687 2867 6794
internal_value=-8.47465e-06 -0.00170993 0.0022076 -0.000686227 -0.00449448 0.010807 0.00829357 0.00107493 -0.00119358 0.000603576 0.0029434 0.0134846 -0.0162842 0.00630131
internal_weight=48212.4 41666 17312.1 11474.8 24353.9 6546.33 5280.91 2214.08 11080.6 10607.3 2125.59 3066.83 867.511 3100.98
internal_count=212860 181122 76914 50414 104208 31738 25403 10071 48284 46646 9680 15332 3768 13874
is_linear=0
shrinkage=0.03


Tree=28
num_leaves=15
num_cat=0
split_feature=236 249 226 242 178 101 226 231 231 226 228 244 243 79
split_gain=953.158 403.424 274.917 265.786 246.603 205.541 178.162 180.645 157.058 301.102 294.702 317.46 188.294 184.614
threshold=-0.10243791341781615 0.085858587175607695 3.5000000000000004 0.032442985102534301 99.500000000000014 2.5000000000000004 54.500000000000007 66.500000000000014 88.500000000000014 12.500000000000002 12.500000000000002 0.0037825293838977818 -0.042969025671482079 16.500000000000004
decision_type=2 2 10 8 8 10 10 10 8 8 8 2 2 10
left_child=2 8 -1 6 5 -3 -4 -8 9 -2 11 -10 -12 -11
right_child=1 4 3 -5 -6 -7 7 -9 10 13 12 -13 -14 -15
leaf_value=0.016775601640291897 0.0044429420043882797 -0.014280820004756393 -0.0024069721283295304 0.012885979497474071 0.013055017074122186 0.00049294620157595793 0.0010130048489126028 0.021028860897209036 0.01351246787477392 0.0018674025036329528 0.0162927406323575 -0.033484044340383178 -0.011892369611076151 -0.0079479359852846366
leaf_weight=2447.9127770662308 2755.5746201723814 880.05694842338562 3600.0308986008167 2717.3050767034292 1342.3481124639511 17731.298881322145 964.13099372386932 692.11108297109604 149.51951876282692 2033.2855043411255 325.91160742938519 766.36933794617653 574.79004563391209 11228.065262049437
leaf_count=12517 11900 3737 16385 12992 6357 77713 4285 3257 656 8663 1426 3279 2476 47308
internal_value=-2.92375e-05 -0.00224485 0.00799877 0.00528662 0.000685729 -0.00021294 0.00134102 0.00945325 -0.00552238 -0.00456834 -0.013863 -0.0257488 -0.0016269 -0.00644273
internal_weight=48208.7 37787.2 10421.5 7973.58 19953.7 18611.4 5256.27 1656.24 17833.5 16016.9 1816.59 915.889 900.702 13261.4
internal_count=212951 163515 49436 36919 87807 81450 23927 7542 75708 67871 7837 3935 3902 55971
is_linear=0
shrinkage=0.03


Tree=29
num_leaves=15
num_cat=0
split_feature=238 242 229 66 226 231 231 226 231 228 224 222 168 215
split_gain=991.142 467.757 332.343 330.912 231.363 290.051 237.807 281.588 234.365 233.018 202.438 195.006 184.298 170.687
threshold=-0.20386540889739987 0.0251840353012085 68.500000000000014 49.500000000000007 8.5000000000000018 92.500000000000014 71.500000000000014 41.500000000000007 86.500000000000014 8.5000000000000018 32.500000000000007 17.500000000000004 12.500000000000002 48.500000000000007
decision_type=10 8 10 8 8 8 10 10 10 8 10 10 10 10
left_child=-1 2 4 -3 8 6 13 12 10 -7 -2 -4 -8 -6
right_child=1 3 11 -5 5 9 7 -9 -10 -11 -12 -13 -14 -15
leaf_value=0.014188480046801811 0.009455256422115605 -0.0015503549501435997 0.019709438274391138 0.0064779405077401977 -0.0063130653929311274 -0.036822138049146892 -0.028949346568112898 0.010761107337032007 -0.0087060767892320305 -0.0079411628045424204 -0.012254199451848346 0.00078048371843760325 -0.0022583899077760318 -0.015202435760066002
leaf_weight=4039.0165614336729 2272.5966940373182 9587.7927998900414 535.46267515420914 8903.6277733445168 9803.4343066215515 513.73925770819187 291.97136816382408 1445.1010144352913 1573.4433507174253 497.00094226002693 456.42644645273685 4811.5428522974253 1025.6179787963629 2427.1310722827911
leaf_count=20517 9976 41831 2452 40485 41264 2219 1246 6157 7061 2141 1978 21069 4373 10158
internal_value=-1.72269e-05 -0.00131989 -0.00394107 0.00231669 -0.0056927 -0.00735212 -0.00629366 0.00165103 0.000482618 -0.0228377 0.00579289 0.00270933 -0.00834648 -0.00808812
internal_weight=48183.9 44144.9 25653.5 18491.4 20306.5 16004 14993.3 2762.69 4302.47 1010.74 2729.02 5347.01 1317.59 12230.6
internal_count=212927 192410 110094 82316 86573 67558 63198 11776 19015 4360 11954 23521 5619 51422
is_linear=0
shrinkage=0.03


Tree=30
num_leaves=15
num_cat=0
split_feature=245 178 63 226 222 77 245 245 139 193 55 140 10 244
split_gain=928.973 420.151 308.206 270.777 315.839 197.165 189.665 176.981 163.491 162.97 192.275 135.44 118.958 118.089
threshold=-0.09883002936840056 95.500000000000014 75.500000000000014 6.5000000000000009 22.500000000000004 3.5000000000000004 -0.047774229198694222 -0.20590560883283612 40.500000000000007 89.500000000000014 4.5000000000000009 30.500000000000004 80.500000000000014 0.01519708661362529
decision_type=2 8 10 10 10 10 2 2 10 10 10 10 10 2
left_child=3 2 5 -1 7 -2 -3 -5 13 10 -9 12 -10 -7
right_child=1 6 -4 4 -6 8 -8 9 11 -11 -12 -13 -14 -15
leaf_value=0.018601257541604008 -0.015319207328934163 0.01420471375920576 0.0021143171895238355 0.030892749617448916 0.024301222659745075 -0.0037876308392917049 0.0018415251811564294 -0.011450201302633805 -0.0079422791140592759 0.016521745610302275 0.0042580474546715591 -0.0038323605509643977 -0.020872382552077944 0.001930624896080669
leaf_weight=2380.6399945169687 1353.6841740012169 1910.5117115974426 9312.404211640358 175.7241023927927 697.87293270230293 7295.4076252281666 2676.9290881454945 1142.4859418869019 3579.9238447844982 497.1387577354908 1782.3850536346436 8859.9703279733658 778.79092398285866 5847.0890059769154
leaf_count=12524 5801 8983 40594 971 3410 31226 12176 5276 14973 2312 8202 38029 3245 25785
internal_value=0.000122984 -0.00154435 -0.00260579 0.0105026 0.00598159 -0.00419198 0.00701007 0.00237052 -0.00361498 0.000820126 -0.00189587 -0.00596953 -0.010295 -0.00124405
internal_weight=48291 41614.7 37027.3 6676.25 4295.61 27714.9 4587.44 3597.73 26361.2 3422.01 2924.87 13218.7 4358.71 13142.5
internal_count=213507 180812 159653 32695 20171 119059 21159 16761 113258 15790 13478 56247 18218 57011
is_linear=0
shrinkage=0.03


Tree=31
num_leaves=15
num_cat=0
split_feature=238 242 229 248 66 226 243 243 140 248 228 244 229 243
split_gain=866.821 507.639 305.802 365.424 300.914 220.31 347.618 212.051 298.136 224.091 223.511 219.061 168.827 167.554
threshold=-0.20386540889739987 0.025092794559895996 67.500000000000014 0.43939393758773809 55.500000000000007 12.500000000000002 -0.087426684796810136 -0.048513010144233697 30.500000000000004 0.7929292917251588 8.5000000000000018 0.013948018196970226 40.500000000000007 -0.017477467656135556
decision_type=10 8 10 2 8 8 2 2 10 2 10 2 8 2
left_child=-1 2 5 -4 -3 -2 -7 9 11 10 -8 -9 -12 -10
right_child=1 4 3 -5 -6 6 7 8 13 -11 12 -13 -14 -15
leaf_value=0.01339634698813418 -0.00036648733150639593 -0.0007938078529484573 -0.0038070684808626958 0.012010842534794978 0.0068978798233995525 -0.04698013865283656 -0.020087393649325207 -0.017544349850125422 -0.0009774366855338733 0.014568453607071522 0.011565709242185222 -0.0048080098154989186 -0.013745922948286381 -0.011333710290151735
leaf_weight=3971.6757529377937 5174.8971333354712 10536.799091950059 3415.9052196145058 2123.2545804083347 8081.5831919461489 188.91620527207851 568.40851098299026 3937.4557360857725 4495.7320549637079 755.66602437198162 699.44294603168964 1769.9870351552963 346.59555098414421 2037.2797358781099
leaf_count=20383 22774 46031 14732 9643 36957 808 2406 16269 19057 3287 2949 7404 1458 8623
internal_value=-9.66444e-06 -0.00121891 -0.00396683 0.00226692 0.00254679 -0.0056958 -0.00755778 -0.00701626 -0.00860548 0.00119294 -0.00511881 -0.0136099 0.00312818 -0.00421936
internal_weight=48103.6 44131.9 25513.5 5539.16 18618.4 19974.4 14799.5 14610.6 12240.5 2370.11 1614.45 5707.44 1046.04 6533.01
internal_count=212781 192398 109410 24375 82988 85035 62261 61453 51353 10100 6813 23673 4407 27680
is_linear=0
shrinkage=0.03


Tree=32
num_leaves=15
num_cat=0
split_feature=238 24 238 233 246 101 242 226 226 209 248 139 248 224
split_gain=808.891 349.228 307.415 245.523 193.716 187.295 164.293 175.968 139.591 134.07 133.73 129.328 111.086 107.918
threshold=-0.14383794367313382 81.500000000000014 -0.23227746784687039 66.500000000000014 0.031433695927262313 3.5000000000000004 0.032126853242516525 1.0000000180025095e-35 70.500000000000014 50.500000000000007 0.28787878155708319 25.500000000000004 0.1565656587481499 2.5000000000000004
decision_type=10 8 10 10 2 10 8 8 10 10 2 8 2 10
left_child=2 3 13 5 10 -2 7 -4 -9 -7 -3 -5 -6 -1
right_child=1 4 6 11 12 9 -8 8 -10 -11 -12 -13 -14 -15
leaf_value=0.023767338513880843 -0.016009670122703799 -0.0082085577339210593 0.01726564563201078 0.0031259014928061361 0.00038255517331453576 -0.0039535308899527177 0.010097210636909654 -0.0016908972403070722 0.011347263969582801 -0.012122040071334326 0.0024166761209619709 -0.0033418882181757564 0.010364760248068065 0.010805437554229344
leaf_weight=1019.9296804368496 1608.9329147040844 1679.5473100692034 586.14724922180176 4911.5619406104088 1470.096669241786 11760.693688631058 3091.1149069964886 5151.4351337254047 852.54748599231243 2132.3249526321888 2880.5619970709085 6391.9639978706837 3155.4812381863594 1393.1530137658119
leaf_count=5706 6722 7242 2852 21363 6600 50152 14705 23063 3866 9009 12718 27085 14546 7148
internal_value=9.07437e-05 -0.00216497 0.00679971 -0.00389454 0.00288097 -0.00634503 0.00440249 0.00172011 0.000176272 -0.00521507 -0.00150613 -0.000531252 0.00719989 0.0163595
internal_weight=48085.5 35991.2 12094.3 26805.5 9185.69 15502 9681.24 6590.13 6003.98 13893 4560.11 11303.5 4625.58 2413.08
internal_count=212777 155437 57340 114331 41106 65883 44486 29781 26929 59161 19960 48448 21146 12854
is_linear=0
shrinkage=0.03


Tree=33
num_leaves=15
num_cat=0
split_feature=242 120 118 60 24 229 226 248 231 225 228 243 233 52
split_gain=698.719 430.85 321.868 281.16 246.019 206.675 166.864 175.416 277.501 171.557 184.405 161.776 145.858 172.437
threshold=0.029432145878672603 96.500000000000014 76.500000000000014 62.500000000000007 8.5000000000000018 68.500000000000014 66.500000000000014 0.80303028225898754 90.500000000000014 4.5000000000000009 6.5000000000000009 -0.037436131387948983 43.500000000000007 35.500000000000007
decision_type=8 10 8 10 10 10 8 2 10 10 10 2 10 10
left_child=1 3 4 12 -2 -6 7 8 -3 -10 -11 -5 13 -1
right_child=2 6 -4 11 5 -7 -8 -9 9 10 -12 -13 -14 -15
leaf_value=-0.01436525645985319 0.0099891727308036304 0.0062783564823407608 0.011514860532209775 0.0050928744392554192 0.0019462593665125255 -0.011045897782951024 0.015903638430474189 0.013684616086108527 0.0042927280620526217 -0.032251302773225562 -0.0018847781197938818 -0.0025374798479680478 -0.0035596102781105094 -0.0053731270893546436
leaf_weight=3196.8910539895296 2500.1390611976385 1872.0703408122063 5316.5862624943256 3838.0567364096642 4548.3051064014435 1443.4447197020054 1127.8442528992891 999.15564991533756 364.5025878995657 460.86205387115479 293.45304855704308 7132.2684473991394 10221.360735282302 4832.4275194108486
leaf_count=13455 11645 8299 26154 16996 20017 6310 5264 4970 1854 2122 1312 30795 43383 20587
internal_value=3.66688e-05 -0.0022551 0.00573335 -0.0036616 0.00210439 -0.00119681 0.00576687 0.00286897 -0.00077774 -0.0125354 -0.020617 0.000134268 -0.00594208 -0.00896678
internal_weight=48147.4 34338.9 13808.5 29221 8491.89 5991.75 5117.89 3990.04 2990.89 1118.82 754.315 10970.3 18250.7 8029.32
internal_count=213163 149037 64126 125216 37972 26327 23821 18557 13587 5288 3434 47791 77425 34042
is_linear=0
shrinkage=0.03


Tree=34
num_leaves=15
num_cat=0
split_feature=245 242 224 230 231 228 77 226 231 226 78 245 224 222
split_gain=776.956 493.684 310.762 291.109 274.085 383.596 350.89 348.626 280.618 283.33 297.477 267.702 259.078 289.487
threshold=-0.099457733333110795 0.031649146229028709 3.5000000000000004 80.500000000000014 91.500000000000014 6.5000000000000009 14.500000000000002 8.5000000000000018 69.500000000000014 44.500000000000007 10.500000000000002 -0.047014810144901269 32.500000000000007 4.5000000000000009
decision_type=2 8 10 10 8 8 10 8 10 10 8 2 10 10
left_child=2 3 -1 4 7 6 -6 12 -9 10 -10 -5 13 -2
right_child=1 -3 -4 11 5 -7 -8 8 9 -11 -12 -13 -14 -15
leaf_value=0.019583423973021236 -0.0047280892494464483 0.004638592077514157 0.0052247580984723851 0.0089063953835307099 0.00024427435720137883 -0.0045737704718168768 -0.035998141918702181 -0.0069622886484810706 -0.029540193904272059 0.010572203720639894 -0.00036551498569800753 -0.0035223280677730462 -0.010234955051334727 0.015552997829914371
leaf_weight=1948.0316939800978 926.80550481379032 8957.2294516712427 4454.0635661035776 3028.8733183890581 329.52073740959167 1895.0407107919455 877.86852663755417 15681.62920409441 368.68033485114574 1836.7496349811554 1858.765793338418 3196.0674427747726 789.8430899977684 1964.945925116539
leaf_count=10592 4009 40989 21211 13564 1481 8254 3758 65938 1630 7879 7973 13854 3416 8619
internal_value=-0.000104927 -0.00159911 0.00961755 -0.00330579 -0.00467546 -0.0130419 -0.0261861 -0.00356243 -0.00514252 0.00187886 -0.00530487 0.00252971 0.00490321 0.00905902
internal_weight=48114.1 41712 6402.1 32754.8 26529.8 3102.43 1207.39 23427.4 19745.8 4064.2 2227.45 6224.94 3681.59 2891.75
internal_count=213167 181364 31803 140375 112957 13493 5239 99464 83420 17482 9603 27418 16044 12628
is_linear=0
shrinkage=0.03


Tree=35
num_leaves=15
num_cat=0
split_feature=245 242 230 119 230 245 237 101 60 242 244 231 245 244
split_gain=773.863 448.942 341.34 276.35 273.844 235.501 234.427 177.317 157.765 176.883 226.433 156.257 148.328 192.085
threshold=-0.11059064790606497 0.0251840353012085 5.5000000000000009 17.500000000000004 80.500000000000014 -0.047014810144901269 0.024724225513637069 3.5000000000000004 49.500000000000007 0.026005803607404235 0.025094280019402507 24.500000000000004 -0.075521316379308687 0.0029695603298023347
decision_type=2 8 10 8 10 2 2 10 8 8 2 10 2 2
left_child=3 4 -3 -1 7 -6 -4 -2 9 10 11 -5 13 -9
right_child=1 2 6 8 5 -7 -8 12 -10 -11 -12 -13 -14 -15
leaf_value=-0.026910017435609387 -0.012461917449150985 0.010307629646904973 -0.0042733530037953275 -0.030300250058113203 0.0092538006784930026 -0.0039435827661244496 0.0033900539299839515 -0.016701407798978787 0.018643602424756125 0.01541388494403719 -0.023515635138482215 0.01501426950496091 -0.0057239328854273028 0.0032244543709093682
leaf_weight=148.38768811523914 2689.6504783332348 3869.6752979010344 5983.7836930751801 70.654660105705261 2414.9497517496347 2434.3774436563253 8957.768160700798 485.35791124403477 2383.4509492963552 984.39750264585018 303.93610765039921 459.70086906850338 13299.912482574582 3589.2204569578171
leaf_count=651 11310 18335 25910 314 10893 10491 40250 2078 12536 5073 1505 2157 55991 15575
internal_value=8.31152e-05 -0.0011185 0.00237912 0.0121347 -0.00375931 0.00263419 0.000320212 -0.00530511 0.0135741 0.00686474 -0.00328565 0.00852838 -0.00419067 0.000815836
internal_weight=48075.2 43724.7 18811.2 4350.53 24913.5 4849.33 14941.6 20064.1 4202.14 1818.69 834.292 530.356 17374.5 4074.58
internal_count=213069 190833 84495 22236 106338 21384 66160 84954 21585 9049 3976 2471 73644 17653
is_linear=0
shrinkage=0.03


Tree=36
num_leaves=15
num_cat=0
split_feature=236 252 126 120 231 224 100 224 63 239 125 222 106 224
split_gain=725.513 324.864 289.445 173.574 153.213 283.684 224.308 223.294 250.379 138.127 131.393 126.338 134.786 134.127
threshold=-0.097257617861032472 0.042006459087133415 59.500000000000007 59.500000000000007 88.500000000000014 7.5000000000000009 27.500000000000004 34.500000000000007 40.500000000000007 -0.030936668626964089 4.5000000000000009 23.500000000000004 12.500000000000002 77.500000000000014
decision_type=2 2 8 10 10 8 10 10 8 10 8 8 8 10
left_child=2 3 -1 11 7 6 -6 -5 -9 -4 -3 12 13 -2
right_child=1 10 9 4 5 -7 -8 8 -10 -11 -12 -13 -14 -15
leaf_value=0.00084888300196772311 -0.016816183267971994 -0.012239797114380467 0.016375431099084455 0.0048377822999545591 -0.033520646138243661 -0.00011406811624453486 0.0024537390620053964 -0.012670979455069453 0.0015733748807536378 0.007376025013295727 0.0030912851761677332 -0.0038641004964673487 -0.005508560090815246 0.01112498616808095
leaf_weight=4912.0825148671865 2280.2571005374193 519.8969618678093 2296.2004833966494 4923.8364595919847 531.65535621345043 1302.511598855257 217.26328082382679 1895.0006240606308 2658.6320073753595 4699.9698858559132 10036.650786116719 8518.4687237739563 3097.2647628486156 159.10175201296806
leaf_count=22108 9416 2238 11729 21238 2283 5720 966 8086 11560 23078 45075 35982 12933 676
internal_value=1.52417e-05 -0.00210098 0.00643418 -0.0039276 -0.00119763 -0.0086099 -0.0231896 0.000414163 -0.00436921 0.0103489 0.00232538 -0.00616445 -0.00969034 -0.0149558
internal_weight=48048.8 36140.5 11908.3 25584 11528.9 2051.43 748.919 9477.47 4553.63 6996.17 10556.5 14055.1 5536.62 2439.36
internal_count=213088 156173 56915 108860 49853 8969 3249 40884 19646 34807 47313 59007 23025 10092
is_linear=0
shrinkage=0.03


Tree=37
num_leaves=15
num_cat=0
split_feature=236 249 66 230 245 242 242 245 244 140 233 77 222 8
split_gain=705.678 304.401 297.138 236.245 240.273 238.103 230.399 171.648 232.401 209.642 175.848 142.903 141.76 131.996
threshold=-0.09373708069324492 0.13636363297700885 75.500000000000014 74.500000000000014 -0.049014667049050324 0.024813068099319938 0.032126853242516525 -0.071768112480640397 0.0010916370083577933 55.500000000000007 57.500000000000007 3.5000000000000004 23.500000000000004 36.500000000000007
decision_type=2 2 8 8 2 10 8 2 2 10 10 10 10 10
left_child=2 7 6 5 -5 11 -1 8 -2 10 12 -3 -10 -13
right_child=1 3 -4 4 -6 -7 -8 -9 9 -11 -12 13 -14 -15
leaf_value=-0.0011376092714230361 -0.031584113853605544 -0.021557301304815601 0.011769051512592842 0.016209376831951911 0.0015080283193410304 0.0028060071618318085 0.0093303226720006516 -0.0061314228673163117 -0.014783861133935825 0.012953081340834591 0.004395368836126283 0.0002808523353275839 0.0046950612086745606 -0.010613522529166917
leaf_weight=5555.1758413314819 186.52358683943748 496.74496495723724 4813.6270779967308 1579.8299534618855 2705.6262265741825 5357.4181288331747 2858.5662932991982 15853.121814116836 1145.0524337738752 1119.4502031505108 1841.3145456314087 2220.0702494084835 468.7006139755249 1811.9121141433716
leaf_count=25038 787 2092 23983 7428 12087 23949 13875 66854 4834 4979 7855 9584 1993 7693
internal_value=-6.3243e-05 -0.00230604 0.00583221 0.00107828 0.00695279 -0.00147266 0.00242572 -0.00463205 0.000362906 0.00173158 -0.0019311 -0.00652928 -0.0091323 -0.00462906
internal_weight=48013.1 34785.8 13227.4 14171.6 4285.46 9886.15 8413.74 20614.2 4761.04 4574.52 3455.07 4528.73 1613.75 4031.98
internal_count=213031 150135 62896 62833 19515 43318 38913 87302 20448 19661 14682 19369 6827 17277
is_linear=0
shrinkage=0.03


Tree=38
num_leaves=15
num_cat=0
split_feature=242 118 47 140 226 248 243 243 136 148 140 119 226 243
split_gain=602.561 426.305 321.57 235.736 337.066 209.263 187.168 304.599 170.093 213.866 168.624 164.821 163.23 160.765
threshold=0.0251840353012085 75.500000000000014 16.500000000000004 31.500000000000004 4.5000000000000009 0.28787878155708319 -0.092125352472066865 -0.046565869823098176 1.5000000000000002 12.500000000000002 87.500000000000014 15.500000000000002 83.500000000000014 -0.10134678333997725
decision_type=8 8 10 10 8 2 2 2 8 8 10 10 10 2
left_child=3 2 -2 4 6 -5 -1 -8 -3 10 -10 -4 -7 -6
right_child=1 8 11 5 13 12 7 -9 9 -11 -12 -13 -14 -15
leaf_value=0.030291234971244523 0.0071210773489078921 0.01840633346104923 -0.011727276716500184 -0.0060015280102473437 -0.043778128344426466 -0.0004012877099176305 -0.011020255920781164 0.011664745703408955 0.0016099666046940804 0.0090527999921828813 -0.026232637960265672 -0.0010897253118426367 0.0083034665989814901 -0.008190586196338525
leaf_weight=211.36626794934273 4111.7978064566851 1401.4889299720526 1595.4317414164543 4390.1486569046974 106.19857235252857 7563.9665333032608 971.57270818948746 1155.1012855470181 703.81686627864838 6060.075606122613 260.6533545255661 7160.0242591053247 2596.6166856139898 9749.1434387415648
leaf_count=1160 18671 7458 6771 18708 480 32973 4402 5055 3405 29030 1209 31342 11749 40772
internal_value=-0.000117643 0.00364694 0.000210522 -0.00311519 -0.00619018 -0.000535893 0.00403693 0.00129801 0.00888816 0.00696569 -0.00610663 -0.00303928 0.00182926 -0.00861806
internal_weight=48037.4 21293.3 12867.3 26744.1 12193.4 14550.7 2338.04 2126.67 8426.03 7024.55 964.47 8755.46 10160.6 9855.34
internal_count=213185 97886 56784 115299 51869 63430 10617 9457 41102 33644 4614 38113 44722 41252
is_linear=0
shrinkage=0.03


Tree=39
num_leaves=15
num_cat=0
split_feature=238 242 120 226 248 35 245 24 75 228 37 245 60 245
split_gain=707.86 322.789 260.807 271.524 387.329 251.565 184.721 180.21 166.538 163.728 144.05 129.772 122.843 142.223
threshold=-0.20628812164068219 0.031649146229028709 77.500000000000014 66.500000000000014 0.58080807328224193 6.5000000000000009 -0.095538403838872896 8.5000000000000018 55.500000000000007 93.500000000000014 9.5000000000000018 -0.20590560883283612 72.500000000000014 -0.10101302340626715
decision_type=10 8 10 8 2 10 2 10 10 10 10 2 10 2
left_child=11 2 5 12 -5 -2 -7 -3 -8 -6 -10 -1 -4 -14
right_child=1 7 3 4 9 6 8 -9 10 -11 -12 -13 13 -15
leaf_value=0.029217549172742184 -0.011430701399271664 0.010221107154098512 -0.0033865982109968166 0.000926782390321006 0.029525421983996589 0.0079855527476282145 -0.0060396648160502562 0.0011584549427567207 -0.0093619820835183377 -0.013437828031646106 0.0013465621053267106 0.010709016426989295 0.019079792282390023 0.001159510217467533
leaf_weight=375.66041642427444 3548.8612917363644 2891.8204688578844 6073.1726184934378 1505.8597716093063 836.30769945681095 1330.6730182617903 10576.30265365541 6190.6983041614294 1337.0758520364761 82.436417624354362 7024.510284230113 3318.069796666503 467.76553739607334 2414.4455207288265
leaf_count=2342 15008 13941 26564 6709 4032 5920 44516 27888 5543 429 29864 17296 2413 10600
internal_value=6.6199e-05 -0.000987401 -0.00228858 0.00144652 0.0103304 -0.00407307 -0.00277981 0.00405202 -0.00354006 0.0255673 -0.000374946 0.0126652 -0.000967546 0.00412378
internal_weight=47973.7 44279.9 35197.4 11380 2424.6 23817.4 20268.6 9082.52 18937.9 918.744 8361.59 3693.73 8955.38 2882.21
internal_count=213065 193427 151598 50747 11170 100851 85843 41829 79923 4461 35407 19638 39577 13013
is_linear=0
shrinkage=0.03


Tree=40
num_leaves=15
num_cat=0
split_feature=245 242 140 230 231 226 226 248 243 224 244 231 230 230
split_gain=651.671 397.932 232.416 293.303 282.038 232.393 325.219 340.88 256.253 245.449 228.593 232.382 210.575 234.163
threshold=-0.11059064790606497 0.031649146229028709 44.500000000000007 10.500000000000002 99.500000000000014 6.5000000000000009 54.500000000000007 0.60101011395454418 -0.10134678333997725 3.5000000000000004 0.018158914521336559 23.500000000000004 24.500000000000004 54.500000000000007
decision_type=2 8 10 8 10 10 10 2 2 10 2 8 8 8
left_child=5 2 3 4 -2 -1 7 -7 -9 -10 11 -5 -13 -14
right_child=1 -3 -4 10 -6 6 -8 8 9 -11 -12 12 13 -15
leaf_value=0.019949423126925433 0.0026327637123487557 0.0044341004732175934 8.7960187487122769e-05 -0.002836154577372275 -0.029404923604820318 0.019170324462134194 0.028931144876989574 -0.043885410614916659 0.023532896348914045 -0.0086605325854603038 -0.00062060668409189023 -0.021416456646775307 -0.0030180009831998764 -0.016578849642979052
leaf_weight=1663.5604989081621 5060.1873407363892 9367.7397662252188 16086.720886230469 3038.8432826548815 249.99541661143303 633.64948505163193 436.2626451253891 141.34809367358685 251.15207915008068 1151.5651626735926 3396.5844786167145 1858.9375321567059 2433.2654735594988 2165.5637873709202
leaf_count=9421 21995 43468 70348 12546 1097 3321 2215 716 1355 5241 14426 7752 10106 9006
internal_value=5.32321e-05 -0.0010426 -0.00253964 -0.00486048 0.00107204 0.011214 0.00559981 0.000814955 -0.00679256 -0.00277062 -0.00730279 -0.00968959 -0.0129052 -0.00942585
internal_weight=47935.4 43657.8 34290.1 18203.4 5310.18 4277.54 2613.98 2177.71 1544.07 1402.72 12893.2 9496.61 6457.77 4598.83
internal_count=213013 190744 147276 76928 23092 22269 12848 10633 7312 6596 53836 39410 26864 19112
is_linear=0
shrinkage=0.03


Tree=41
num_leaves=15
num_cat=0
split_feature=238 126 245 237 228 244 226 120 228 245 228 106 245 244
split_gain=709.501 345.246 307.428 205.555 170.081 225.031 228.185 152.549 177.086 191.929 161.551 157.3 151.469 135.418
threshold=-0.20628812164068219 59.500000000000007 -0.071768112480640397 0.072028838098049178 14.500000000000002 0.021734355017542843 8.5000000000000018 58.500000000000007 5.5000000000000009 -0.043975865468382828 29.500000000000004 9.5000000000000018 -0.075521316379308687 0.002858823630958796
decision_type=10 8 2 2 8 2 10 10 10 2 10 10 2 2
left_child=-1 7 4 -4 5 6 -3 10 -9 13 11 -2 -12 -10
right_child=1 2 3 -5 -6 -7 -8 8 9 -11 12 -13 -14 -15
leaf_value=0.012608771132442676 -0.015099100109003501 0.018262736553884478 -0.0027052298317135474 0.0061880465134288836 0.012692665937429844 -0.0080623781176420179 -0.00052178778300180609 -0.008701258815856731 -0.013675137064404303 -0.0063822456656989456 0.01049128981107077 -0.0056098691086751444 -0.0037998199051708747 0.0057871316068489739
leaf_weight=3623.8574084192514 2325.0557977855206 1066.7350412160158 10795.926961928606 2975.4212047457695 2812.1572259962559 1147.1733895540237 1265.5227799266577 1890.4758374243975 334.51244661211967 1977.4237171560526 726.88674814999104 4881.7426452636719 7109.6707177758217 4989.4566611200571
leaf_count=19465 9622 5177 47105 13743 13434 5441 5674 8260 1426 8465 3190 20477 29932 21647
internal_value=-0.00013502 -0.00118015 0.00173025 -0.000780663 0.00721877 0.00277094 0.00811122 -0.00358922 -0.000543314 0.00157795 -0.00544874 -0.00868796 -0.00246255 0.00454094
internal_weight=47922 44298.2 20062.9 13771.3 6291.59 3479.43 2332.26 24235.2 9191.87 7301.39 15043.4 7206.8 7836.56 5323.97
internal_count=213058 193593 90574 60848 29726 16292 10851 103019 39798 31538 63221 30099 33122 23073
is_linear=0
shrinkage=0.03


Tree=42
num_leaves=15
num_cat=0
split_feature=236 246 233 29 101 137 106 60 124 229 228 232 248 248
split_gain=568.458 270.388 176.335 169.418 142.839 141.001 140.962 120.918 118.706 114.59 113.647 111.73 104.862 100.881
threshold=-0.1148877441883087 0.037281651049852378 44.500000000000007 99.500000000000014 2.5000000000000004 40.500000000000007 15.500000000000002 71.500000000000014 22.500000000000004 69.500000000000014 1.0000000180025095e-35 87.500000000000014 0.95454546809196483 0.69191917777061474
decision_type=2 2 10 8 10 10 8 8 10 8 10 10 2 2
left_child=7 2 5 4 -3 6 9 12 -4 -2 -6 -10 -1 -12
right_child=1 3 8 -5 10 -7 -8 -9 11 -11 13 -13 -14 -15
leaf_value=0.0057738211374167153 -0.015894490779638226 -0.0118127891267409 -0.0058509726172102979 0.013214919030594446 0.02721749206049957 -0.0021716115122770779 -0.0048671079103569919 0.013394262559487237 -0.00087732783992040819 0.0037730215263207709 0.0029577249332123664 0.0060046370697893064 -0.026039876942009151 -0.005230629394892777
leaf_weight=4494.7690387368202 2400.1480208188295 693.36969113349915 3111.7502426207066 1172.303551286459 150.23681156337261 6268.6966462135315 4052.5272239595652 2447.8103958815336 9129.1851477026939 295.93298834562302 9242.5565742850304 2755.8971945941448 85.486979335546494 1576.9157389253378
leaf_count=22138 9972 2964 13086 5809 686 27276 17223 12920 38994 1251 41241 11940 408 7118
internal_value=0.000145126 -0.00121132 -0.00286312 0.00239327 0.00129515 -0.00541643 -0.00842282 0.00801979 -0.000644715 -0.0137297 0.00213368 0.00072216 0.00512461 0.00176056
internal_weight=47877.6 40849.5 28014.1 12835.4 11663.1 13017.3 6748.61 7028.07 14996.8 2696.08 10969.7 11885.1 4580.26 10819.5
internal_count=213026 177560 119742 57818 52009 55722 28446 35466 64020 11223 49045 50934 22546 48359
is_linear=0
shrinkage=0.03


Tree=43
num_leaves=15
num_cat=0
split_feature=238 230 104 52 120 230 231 226 231 226 228 224 35 61
split_gain=558.146 249.795 231.916 194.754 193.857 209.709 209.305 191.619 235.698 209.422 169.127 156.493 145.744 141.406
threshold=-0.14550471305847165 3.5000000000000004 44.500000000000007 11.500000000000002 96.500000000000014 44.500000000000007 91.500000000000014 12.500000000000002 77.500000000000014 81.500000000000014 5.5000000000000009 32.500000000000007 90.500000000000014 17.500000000000004
decision_type=10 10 8 10 10 8 10 8 10 10 10 10 10 8
left_child=1 12 4 -3 7 6 -6 8 11 -9 -10 -2 13 -1
right_child=2 3 -4 -5 5 -7 -8 9 10 -11 -12 -13 -14 -15
leaf_value=0.018701699373536131 0.012598080858054929 -0.0035468470621430092 0.0013702951074712466 0.0062951667459074101 0.0048479794979523656 0.014658511350429395 -0.021017390634004898 -0.0074651211517347167 -0.024205776180343273 0.00019793990913627668 0.0017927633213801243 -0.0049688522277889606 -0.022614819934056112 0.0069343096297207248
leaf_weight=1880.466450124979 1581.0621226131916 2904.8772269040346 12718.800079345703 4766.4434477239847 863.53576946258545 1023.3626974672079 405.89891485869884 14065.400861173868 420.55198237299919 4157.1385839134455 469.46336875855923 633.62205448746681 97.935563132166862 1824.8912460207939
leaf_count=10036 6834 13567 56238 22255 3802 4714 1779 59021 1818 18021 2057 2749 488 9402
internal_value=-7.34915e-05 0.00569175 -0.00189503 0.00256855 -0.00365316 0.00462105 -0.00352204 -0.00454444 0.00233858 -0.00571778 -0.0106246 0.00757243 0.0119681 0.0129405
internal_weight=47813.5 11474.6 36338.8 7671.32 23620 2292.8 1269.43 21327.2 3104.7 18222.5 890.015 2214.68 3803.29 3705.36
internal_count=212781 55748 157033 35822 100795 10295 5581 90500 13458 77042 3875 9583 19926 19438
is_linear=0
shrinkage=0.03


Tree=44
num_leaves=15
num_cat=0
split_feature=245 60 129 140 244 243 233 243 119 59 245 224 226 224
split_gain=553.174 297.568 260.023 235.157 239.789 298.597 180.789 154.606 179.874 158.046 152.757 149.892 141.991 181.933
threshold=-0.075521316379308687 57.500000000000007 43.500000000000007 46.500000000000007 0.0029695603298023347 -0.045085355639457696 92.500000000000014 -0.054124308750033372 47.500000000000007 64.500000000000014 -0.045770712196826928 50.500000000000007 66.500000000000014 33.500000000000007
decision_type=2 8 8 8 2 2 10 2 10 10 2 8 8 10
left_child=1 3 7 4 5 -1 11 -2 9 -9 12 -6 13 -10
right_child=2 -3 -4 -5 6 -7 -8 8 10 -11 -12 -13 -14 -15
leaf_value=0.0035001170068199414 -0.013845930556047775 0.0096418769512249848 0.0026351413596907977 0.0083708559625854887 -0.0058180221399541411 -0.042659876389764317 0.011740766818384471 -0.0090800664341143238 0.0032062519396654277 -0.001283939350751046 -0.0047416422922639621 0.010520466906914605 0.0081046942973686722 -0.0072869626657862804
leaf_weight=224.27125214040279 1238.3957422822714 6627.7488462775946 8062.901115462184 2599.6826810836792 3292.0130799263716 274.1119075268507 869.0067266523838 6132.9336061477661 4049.1670087128878 3786.6093286126852 5503.5713662356138 587.24674470722675 2253.5013407915831 2336.9697947353125
leaf_count=1021 5349 32407 36287 12396 14783 1135 3985 25567 17489 15880 23949 2619 10070 10043
internal_value=7.07861e-05 0.00496668 -0.00205401 0.00101032 -0.00264576 -0.0222277 -0.000548027 -0.00354879 -0.00301332 -0.00610832 -0.000839807 -0.00332399 0.00164833 -0.000639068
internal_weight=47838.1 14474.1 33364 7846.33 5246.65 498.383 4748.27 25301.1 24062.8 9919.54 14143.2 3879.26 8639.64 6386.14
internal_count=212980 68346 144634 35939 23543 2156 21387 108347 102998 41447 61551 17402 37602 27532
is_linear=0
shrinkage=0.03


Tree=45
num_leaves=15
num_cat=0
split_feature=245 242 226 226 51 120 226 242 76 189 118 4 245 244
split_gain=561.399 356.929 227.896 250.809 211.429 186.437 179.485 169.509 166.508 137.075 135.24 126.931 152.459 179.834
threshold=-0.099457733333110795 0.031183547340333465 6.5000000000000009 54.500000000000007 3.5000000000000004 95.500000000000014 66.500000000000014 0.02759431675076485 87.500000000000014 75.500000000000014 80.500000000000014 6.5000000000000009 -0.20590560883283612 0.022354646585881714
decision_type=2 8 10 10 10 10 8 8 8 8 10 10 2 2
left_child=2 4 -1 7 -2 8 -7 11 -6 -3 -9 12 -4 -14
right_child=1 9 3 -5 5 6 -8 10 -10 -11 -12 -13 13 -15
leaf_value=0.016223964350741873 -0.010366737736032978 0.0012547975440963539 0.025173531708533266 0.017944289086761354 -0.0039423541938182691 1.5710159150811016e-05 0.013878367449820477 -0.00076039273959362737 0.0030934258338577007 0.0088804318946955202 0.018397819436115175 0.0058685991631230059 -0.0065616233832673171 -0.032766836588731134
leaf_weight=2168.703961789608 2976.7987544089556 6177.8333249390125 87.017731264233589 908.57154320180416 21664.240693122149 3013.7170666903257 1155.7258137911558 704.42563416063786 3511.1439151912928 3224.3672531098127 615.32535280287266 563.60674819350243 827.10073578357697 323.68222969770432
leaf_count=12302 12453 28117 522 4493 91625 13314 5459 3394 15338 15392 3333 2536 3667 1524
internal_value=-1.31803e-05 -0.00126529 0.0084037 0.00416528 -0.00276177 -0.00198704 0.00388231 0.000109696 -0.00296025 0.00387657 0.00824318 -0.00586169 -0.0112071 -0.0141512
internal_weight=47922.3 41723.8 6198.43 4029.73 32321.6 29344.8 4169.44 3121.16 25175.4 9402.2 1319.75 1801.41 1237.8 1150.78
internal_count=213469 181698 31771 19469 138189 125736 18773 14976 106963 43509 6727 8249 5713 5191
is_linear=0
shrinkage=0.03


Tree=46
num_leaves=15
num_cat=0
split_feature=238 237 230 52 63 209 231 249 248 230 231 224 238 249
split_gain=569.27 262.99 225.813 192.244 167.909 159.928 137.034 131.65 127.918 169.043 196.611 241.598 123.047 150.242
threshold=-0.14905110746622083 0.12946237623691562 3.5000000000000004 10.500000000000002 76.500000000000014 52.500000000000007 92.500000000000014 0.88383838534355175 0.23737373948097232 1.5000000000000002 78.500000000000014 16.500000000000004 -0.2799654603004455 0.83333334326744091
decision_type=10 2 10 10 10 10 10 2 2 8 10 10 10 2
left_child=2 4 6 7 5 -2 -1 -4 -6 10 11 -10 -8 -14
right_child=1 -3 3 -5 8 -7 12 -9 9 -11 -12 -13 13 -15
leaf_value=0.017160954505490225 -0.0025470795771201575 0.0089718577200570155 -0.0018845885578719266 0.0067218607321543585 -0.0052243774817976076 -0.0090826070636528464 0.019997235271649719 -0.031243913729336988 0.020324568226151356 0.0050379150862395333 -0.024140477258923935 -0.033168899734635861 -0.0043039444753554777 0.024809605714763667
leaf_weight=2094.7078697532415 22463.642160773277 1943.093541353941 2437.5163683593273 4488.7967859208584 2067.6703591942787 3958.2524388879538 375.26752039790154 135.80064967274666 270.94820259511471 5867.1770225763321 400.15907211601734 94.386194467544556 974.8910930454731 180.36802418529987
leaf_count=10913 96427 9117 11464 21154 8910 16742 2378 628 1193 25742 1761 405 5040 962
internal_value=1.50459e-05 -0.00174404 0.00611174 0.00297964 -0.00233927 -0.00352923 0.0121882 -0.0035489 0.00127441 0.00330516 -0.00986941 0.00598873 0.00531528 0.000415392
internal_weight=47752.7 37065.3 10687.3 7062.11 35122.2 26421.9 3625.23 2573.32 8700.34 6632.67 765.493 365.334 1530.53 1155.26
internal_count=212836 160297 52539 33246 151180 113169 19293 12092 38011 29101 3359 1598 8380 6002
is_linear=0
shrinkage=0.03


Tree=47
num_leaves=15
num_cat=0
split_feature=245 242 63 229 248 229 230 248 248 245 178 141 246 248
split_gain=556.4 273.973 237.294 202.999 204.036 207.618 217.949 197.744 180.561 203.313 174.686 170.58 205.879 189.713
threshold=-0.099457733333110795 0.031183547340333465 75.500000000000014 3.5000000000000004 0.6111111342906953 28.500000000000004 43.500000000000007 0.83333334326744091 0.7222222387790681 -0.073769964277744279 1.5000000000000002 49.500000000000007 0.02009451296180487 0.91414141654968273
decision_type=2 8 10 10 2 10 10 2 2 2 10 10 2 2
left_child=3 2 8 7 -5 6 11 -1 9 -2 -3 12 -6 -13
right_child=1 10 -4 4 5 -7 -8 -9 -10 -11 -12 13 -14 -15
leaf_value=0.0079337230439028971 0.0061415874738378669 0.011197842219288679 0.0016459171960491886 0.014789723764013813 -0.039823751922344101 0.014321179873731767 -0.038486872621821808 0.025418940446580735 -0.0094623389364105401 -0.0039392178351753846 0.0010913459019767332 0.0050547646875342732 0.0071036132668035653 -0.033625958049620666
leaf_weight=1449.2569985985756 2002.5544452667236 1934.2309713959694 8564.4050371646881 1085.6281415373087 202.01408426463604 627.2935408949852 153.88062882423401 979.03838406503201 4664.513290271163 17161.232392981648 7401.9238307476044 1404.7934846580029 135.12394547462463 114.15938259661198
leaf_count=8260 8760 9657 37213 5651 869 3081 662 5403 19821 72655 33670 6687 609 512
internal_value=-8.84201e-05 -0.00133065 -0.00263558 0.00832719 0.0039079 -0.000610547 -0.00531843 0.0150587 -0.00417449 -0.00288315 0.00319491 -0.00237707 -0.0213526 0.00194674
internal_weight=47880 41728.9 32392.7 6151.19 3722.89 2637.27 2009.97 2428.3 23828.3 19163.8 9336.15 1856.09 337.138 1518.95
internal_count=213510 181776 138449 31734 18071 12420 9339 13663 101236 81415 43327 8677 1478 7199
is_linear=0
shrinkage=0.03


Tree=48
num_leaves=15
num_cat=0
split_feature=245 248 126 237 120 222 245 245 140 38 165 246 248 222
split_gain=474.226 542.349 375.543 254.016 159.242 158.958 158.379 141.991 124.404 123.866 132.966 121.635 119.506 257.365
threshold=-0.075521316379308687 0.58080807328224193 60.500000000000007 0.058839701116085059 52.500000000000007 15.500000000000002 -0.044325016438961022 -0.20590560883283612 29.500000000000004 14.500000000000002 73.500000000000014 0.020859843119978908 0.69191917777061474 49.500000000000007
decision_type=2 2 10 2 10 10 2 2 8 8 10 2 2 10
left_child=1 -1 5 4 8 -3 12 -4 -2 10 -9 -7 -6 -14
right_child=3 2 7 -5 6 11 -8 9 -10 -11 -12 -13 13 -15
leaf_value=0.016902919831140135 -0.0089940501712208482 -0.0065596491891072419 0.0272296800088404 0.0034091764310940705 0.0031684753234530513 0.010351133894304978 -0.0053127683963179991 -0.0040661590502103408 -0.002999625828279554 0.010782119623292835 0.0092502138566105639 -0.0052374998238219851 -0.0091105794079523756 0.021300399893309983
leaf_weight=2623.1192280054092 5586.0687300562859 4222.2631935179234 297.11391574144363 6479.6012098938227 7107.931010439992 1089.6790310889482 5007.1287796646357 1548.8666984885931 7065.7510229945183 2683.2393379956484 1180.5498807430267 754.95970702171326 1818.1545964479446 280.57056234776974
leaf_count=13078 23057 18569 1991 29763 30900 4675 21676 7676 30085 13011 6129 3314 7751 1249
internal_value=4.60163e-05 0.00459392 0.00184021 -0.00191874 -0.00320454 -0.00335462 -0.00102421 0.00735618 -0.00565131 0.00621708 0.00170629 0.0039773 0.0013114 -0.00496332
internal_weight=47745 14399.8 11776.7 33345.2 26865.6 6066.9 14213.8 5709.77 12651.8 5412.66 2729.42 1844.64 9206.66 2098.73
internal_count=212924 68443 55365 144481 114718 26558 61576 28807 53142 26816 13805 7989 39900 9000
is_linear=0
shrinkage=0.03


Tree=49
num_leaves=15
num_cat=0
split_feature=245 230 245 215 119 230 231 68 231 231 245 193 226 231
split_gain=488.659 251.82 289.994 269.418 229.683 216.013 211.275 191.616 200.981 180.685 234.922 180.448 158.076 216.291
threshold=-0.11059064790606497 80.500000000000014 -0.047014810144901269 56.500000000000007 15.500000000000002 10.500000000000002 92.500000000000014 17.500000000000004 81.500000000000014 69.500000000000014 -0.075521316379308687 74.500000000000014 54.500000000000007 22.500000000000004
decision_type=2 8 2 10 8 10 10 10 10 10 2 8 8 10
left_child=4 3 11 5 -1 6 -2 8 -7 -9 -11 -3 13 -6
right_child=1 2 -4 -5 12 7 -8 9 -10 10 -12 -13 -14 -15
leaf_value=-0.027561866407664282 0.0060826766461825488 0.0015827323834623167 -0.001632233713511869 -0.0088228065658189168 -0.024465894085497705 -0.0046860898923678038 -0.0055823987639251295 -0.0027046705174690135 -0.019892271039625844 0.016972071503939722 0.00044508239770993331 0.014276193918004746 0.02585347719724819 0.010381696373685599
leaf_weight=133.4850088506937 5917.9469322115183 1658.1172225177288 4472.3700402826071 4532.1506368219852 159.06566359102726 4085.0952977240086 1819.7791868150234 13323.797077551484 960.82046863436699 1007.1439841389656 3241.4224183112383 2571.4345330893993 558.87215720117092 3332.8120841681957
leaf_count=577 26297 7589 19867 19172 749 17324 8440 57063 4197 4533 14025 12241 3110 18041
internal_value=7.13803e-05 -0.000869482 0.00369344 -0.00200831 0.0098517 -0.000988339 0.00333559 -0.00246838 -0.0076152 -0.000986974 0.00439354 0.00931543 0.0111494 0.00872895
internal_weight=47774.3 43590.1 8701.92 34888.2 4184.23 30356 7737.73 22618.3 5045.92 17572.4 4248.57 4229.55 4050.75 3491.88
internal_count=213225 190748 39697 151051 22477 131879 34737 97142 21521 75621 18558 19830 21900 18790
is_linear=0
shrinkage=0.03


Tree=50
num_leaves=15
num_cat=0
split_feature=242 76 60 120 134 122 177 244 249 120 145 242 224 120
split_gain=406.247 350.608 179.162 176.147 179.169 130.781 137.898 116.445 115.763 115.3 114.332 107.663 108.002 105.361
threshold=0.024365069344639782 86.500000000000014 54.500000000000007 47.500000000000007 20.500000000000004 33.500000000000007 41.500000000000007 0.060558125376701362 0.82323232293128978 82.500000000000014 10.500000000000002 0.043599063530564315 91.500000000000014 54.500000000000007
decision_type=8 8 10 10 10 8 10 2 2 10 10 8 10 10
left_child=2 3 5 4 -2 -1 13 10 -4 -8 -3 -5 -13 -7
right_child=1 7 8 11 -6 6 9 -9 -10 -11 -12 12 -14 -15
leaf_value=0.001734387080119346 -0.0087419719481448069 -0.0053486156192269476 -0.00062971856716287496 0.0020216302036263124 0.0014686070241017759 -0.014919856766238832 -0.0051970127983053541 0.02203043309673202 0.01426399468909934 0.0057394271777269201 0.010768036097379958 0.011374563199334239 -0.020778856493547451 -0.0063874905744504109
leaf_weight=2104.2504669129848 2711.5125779658556 454.10145927965641 11438.808318048716 10463.075099900365 3577.4351692348719 2166.5692237019539 4370.7559515237808 696.30295483767986 479.77865308523178 1073.0580321997404 2831.5754546821117 1818.5554655641317 90.134937942028046 3316.1012149304152
leaf_count=8716 11620 2362 50017 48038 15760 8885 18260 3885 2345 4782 13867 9009 415 14487
internal_value=-3.74447e-05 0.00287137 -0.00267742 0.00114447 -0.00294063 -0.00510733 -0.00642531 0.0109409 -1.8722e-05 -0.0030347 0.00853114 0.00322176 0.00975578 -0.00978022
internal_weight=47592 22642.7 24949.3 18660.7 6288.95 13030.7 10926.5 3981.98 11918.6 5443.81 3285.68 12371.8 1908.69 5482.67
internal_count=212448 104956 107492 84842 27380 55130 46414 20114 52362 23042 16229 57462 9424 23372
is_linear=0
shrinkage=0.03


Tree=51
num_leaves=15
num_cat=0
split_feature=238 226 140 242 248 106 226 228 252 118 41 140 226 145
split_gain=469.125 238.935 225.543 181.774 173.598 159.665 158.191 158.851 143.007 132.68 103.587 116.304 103.695 151.327
threshold=-0.13885765522718427 1.5000000000000002 55.500000000000007 0.032281152904033668 0.32828283309936529 17.500000000000004 12.500000000000002 34.500000000000007 0.13382766395807269 97.500000000000014 10.500000000000002 89.500000000000014 14.500000000000002 86.500000000000014
decision_type=10 10 8 8 2 10 10 10 2 10 8 8 8 8
left_child=1 -1 5 9 8 6 -2 -8 -4 -3 11 -6 -12 -14
right_child=2 3 4 -5 10 -7 7 -9 -10 -11 12 -13 13 -15
leaf_value=0.013608194042699214 0.0010552911379997829 -0.0017885287848296949 -0.0044314960090602352 0.0086167380337286801 0.0008722461161739907 -0.0016659980072809145 -0.012166163595880001 -0.001758481776819638 0.0083327490288511857 0.0085559556970453334 0.013606659344364102 -0.030094034385657276 0.00031828468900676148 0.0099679714869995006
leaf_weight=2304.2520521432161 1691.7905761152506 5739.3801423162222 5671.7657389044762 3433.3551283031702 322.58370535075665 11793.66299906373 4677.5962773859501 1842.3717484474182 908.12096111476421 1374.6733463257551 1013.2684973180294 154.57284140586853 4656.6331774741411 2122.8620759695768
leaf_count=12536 7328 25699 24625 17331 1442 50114 19256 7684 4243 7001 4612 684 20438 10085
internal_value=-1.99257e-05 0.0048771 -0.00182641 0.00295856 0.000974311 -0.00390481 -0.00711424 -0.00923242 -0.00265987 0.000219576 0.00386554 -0.00957098 0.00469947 0.00335012
internal_weight=47706.9 12851.7 34855.2 10547.4 14849.8 20005.4 8211.76 6519.97 6579.89 7114.05 8269.92 477.157 7792.76 6779.5
internal_count=213078 62567 150511 50031 66129 84382 34268 26940 28868 32700 37261 2126 35135 30523
is_linear=0
shrinkage=0.03


Tree=52
num_leaves=15
num_cat=0
split_feature=245 242 66 230 119 233 244 231 245 224 249 245 230 231
split_gain=428.769 262.512 295.969 218.362 208.922 195.014 173.766 245.726 190.673 244.194 287.568 188.538 151.661 164.525
threshold=-0.11059064790606497 0.019747124984860424 56.500000000000007 80.500000000000014 17.500000000000004 16.500000000000004 0.022354646585881714 22.500000000000004 -0.20590560883283612 21.500000000000004 0.30808080732822424 -0.15722699463367459 5.5000000000000009 92.500000000000014
decision_type=2 8 8 10 8 10 2 8 2 8 2 2 10 10
left_child=4 3 12 5 -1 -2 7 -6 -8 10 -10 -12 13 -3
right_child=1 2 -4 -5 6 -7 8 -9 9 -11 11 -13 -14 -15
leaf_value=-0.024292536083403891 -0.013565531832679899 0.0088326301110695383 0.0039793968181154266 0.0031343198472486289 -0.016275945240063185 -0.0040364911734921665 0.025539963618586004 0.01942514735636228 -0.036996487573627695 0.016330946983409051 -0.017547152273819634 0.012260342307179015 -0.003125535455729828 -0.011942904345930393
leaf_weight=151.42946216464043 2537.7548926174641 1906.5570039153099 13497.989564761519 2761.7007116228342 182.68009205162525 8075.3961659669876 289.80442099273205 1970.485033839941 241.00695808231831 498.68243603408337 314.63628143072128 453.87835682928562 14476.712773263454 408.75661008059978
leaf_count=659 10585 8677 61915 12245 867 33809 1986 10467 1208 2720 1799 2564 62080 1891
internal_value=-5.55017e-07 -0.000872559 0.000673332 -0.00437143 0.00925992 -0.00632564 0.0106039 0.0163349 0.00368845 -0.00065093 -0.00911752 -1.17337e-05 -0.00198498 0.00512923
internal_weight=47767.5 43664.9 30290 13374.9 4102.6 10613.2 3951.17 2153.17 1798.01 1508.2 1009.52 768.515 16792 2315.31
internal_count=213472 191202 134563 56639 22270 44394 21611 11334 10277 8291 5571 4363 72648 10568
is_linear=0
shrinkage=0.03


Tree=53
num_leaves=15
num_cat=0
split_feature=120 10 190 189 76 230 52 215 35 230 242 215 231 243
split_gain=343.32 278.411 227.813 181.056 181.437 174.505 165.77 116.068 113.423 105.212 151.528 101.61 93.385 125.544
threshold=98.500000000000014 2.5000000000000004 81.500000000000014 46.500000000000007 86.500000000000014 3.5000000000000004 13.500000000000002 78.500000000000014 6.5000000000000009 46.500000000000007 1.0000000180025095e-35 34.500000000000007 99.500000000000014 -0.03837595880031585
decision_type=8 10 10 10 10 10 10 10 8 10 10 10 10 2
left_child=1 7 3 5 11 -3 -7 -1 -2 10 -10 12 13 -5
right_child=8 2 -4 4 -6 6 -8 -9 9 -11 -12 -13 -14 -15
leaf_value=0.0076421286931294642 0.011932214574554879 0.0054723637003103115 0.005787600638290165 0.0044112501238618446 0.0072707006523962028 -0.010185018491997348 -0.0034646284308006117 -0.010944445297315145 0.016992054729710906 0.01175530112098064 -0.0030943613757398849 -0.0077364125050445025 -0.014178934899300914 -0.0021187494718869957
leaf_weight=4097.8163953870535 2392.3906219750643 1416.5477269142866 3343.5288103222847 3919.3905306011438 2479.9276999682188 4728.0415088236332 10972.796040296555 317.73838384449482 392.90483555197716 969.11292736232281 2088.6184873282909 2010.7297227084637 422.59398108720779 8126.9711204469204
leaf_count=18864 12653 6471 14877 17823 11420 20131 46860 1342 2273 4640 10247 8504 1937 35153
internal_value=0.000118905 -0.000832991 -0.00167411 -0.00240772 -0.000210381 -0.00458341 -0.00549355 0.00628295 0.00692426 0.00342771 0.000141398 -0.0014958 -0.000484047 7.74041e-06
internal_weight=47679.1 41836.1 37420.5 34077 16959.6 17117.4 15700.8 4415.55 5843.03 3450.64 2481.52 14479.7 12469 12046.4
internal_count=213195 183382 163176 148299 74837 73462 66991 20206 29813 17160 12520 63417 54913 52976
is_linear=0
shrinkage=0.03


Tree=54
num_leaves=15
num_cat=0
split_feature=238 66 120 209 242 98 231 230 230 190 233 231 228 248
split_gain=461.871 234.593 195.397 198.263 142.412 137.164 134.567 176.04 107.822 106.858 98.7875 100.689 196.633 169.439
threshold=-0.21185418963432309 75.500000000000014 98.500000000000014 44.500000000000007 0.020837960764765743 42.500000000000007 91.500000000000014 45.500000000000007 82.500000000000014 88.500000000000014 37.500000000000007 92.500000000000014 8.5000000000000018 0.83333334326744091
decision_type=10 8 10 10 8 10 10 10 10 10 10 10 10 2
left_child=-1 2 3 5 -3 9 -4 -8 -5 10 -2 -12 13 -13
right_child=1 4 6 8 -6 -7 7 -9 -10 -11 11 12 -14 -15
leaf_value=0.011069522895203129 -0.0062185057101194468 -0.0010517613981053013 0.012622238820061339 -0.010457731244790516 0.0053255027919789774 0.0023446537314195759 -0.014050391792861112 0.023136084866226814 0.0035813335842351684 0.0074857759841638156 -0.00088932398608045343 -0.035481637224843973 0.0027233836149800398 0.0049872186184854719
leaf_weight=3189.7245684713125 6925.4239600002766 5399.2473783642054 1290.2176114320755 3777.3976154178381 7550.6806263327599 5800.4795780479908 440.10197004675865 143.97378821671009 560.91345432400703 842.82934211194515 10855.543947026134 338.59993366897106 461.14944027364254 123.97374488413334
leaf_count=18044 29585 23785 5912 15772 35369 25554 2043 735 2434 3670 46360 1469 2040 573
internal_value=6.03775e-05 -0.000730872 -0.00212584 -0.00271966 0.00266785 -0.00170364 0.00724404 -0.00464883 -0.00863852 -0.00290551 -0.00337748 -0.0017033 -0.0111571 -0.0247596
internal_weight=47700.3 44510.5 31560.6 29686.3 12949.9 25348 1874.29 584.076 4338.31 19547.5 18704.7 11779.3 923.723 462.574
internal_count=213345 195301 136147 127457 59154 109251 8690 2778 18206 83697 80027 50442 4082 2042
is_linear=0
shrinkage=0.03


Tree=55
num_leaves=15
num_cat=0
split_feature=236 66 106 242 77 66 249 226 229 29 244 119 226 104
split_gain=378.834 204.601 200.415 143.492 127.72 116.004 98.847 97.0284 103.342 96.4641 92.8063 103.959 99.7016 79.7792
threshold=-0.09373708069324492 75.500000000000014 36.500000000000007 0.034676304087042815 2.5000000000000004 17.500000000000004 0.16666666418313983 92.500000000000014 94.500000000000014 1.5000000000000002 0.021734355017542843 17.500000000000004 80.500000000000014 6.5000000000000009
decision_type=2 8 8 8 10 10 2 10 10 10 2 10 8 8
left_child=1 3 4 10 -2 13 7 8 -7 -4 11 -1 -12 -6
right_child=2 -3 9 -5 5 6 -8 -9 -10 -11 12 -13 -14 -15
leaf_value=-0.015936128595434921 -0.015324035184753634 0.0094355025511004137 0.0082293456592405136 0.0080247441089814839 0.0051231352476664108 -0.003624479032813903 0.0019455994114743371 0.0050879772078821512 -0.028812276163862564 0.00040290518086217024 -0.010412286988004267 0.0024945150484552599 0.010297364646171417 -0.0080383356131920186
leaf_weight=284.55709046125412 760.40532636642456 4535.1757684201002 1644.3949617743492 2220.653692767024 448.25129672884941 11371.575727924705 4772.8755261898041 1169.0182036757469 138.76654060184956 9900.9102915078402 1314.6564841717482 4245.2945818454027 240.14072600007057 4649.7396054118872
leaf_count=1181 3154 23703 7839 11292 1905 47845 21130 5095 586 43502 6348 19157 1180 19437
internal_value=-8.49094e-05 0.00431815 -0.00170771 0.0015158 -0.00330818 -0.00289638 -0.00173141 -0.00311598 -0.00395288 0.00152378 -0.000868978 0.00130418 -0.00716829 -0.00687332
internal_weight=47696.4 12840.5 34855.9 8305.3 23310.6 22550.2 17452.2 12679.4 11510.3 11545.3 6084.65 4529.85 1554.8 5097.99
internal_count=213354 62861 150493 39158 99152 95998 74656 53526 48431 51341 27866 20338 7528 21342
is_linear=0
shrinkage=0.03


Tree=56
num_leaves=15
num_cat=0
split_feature=238 24 120 233 245 53 245 245 224 231 248 245 245 228
split_gain=424.44 228.423 220.214 188.074 168.62 146.118 147.457 190.223 145.433 235.557 209.636 163.545 145.713 134.03
threshold=-0.21470323204994199 95.500000000000014 51.500000000000007 69.500000000000014 -0.047774229198694222 8.5000000000000018 -0.075521316379308687 -0.064694110304117189 6.5000000000000009 92.500000000000014 0.81313130259513866 -0.097722966223955141 -0.04497063718736171 27.500000000000004
decision_type=10 8 10 10 2 10 2 2 10 10 2 2 2 10
left_child=-1 2 5 -4 -3 -2 13 -8 9 -5 -11 -12 -10 -7
right_child=1 4 3 8 -6 6 7 -9 12 10 11 -13 -14 -15
leaf_value=0.010912402318282303 -0.010688808293722301 0.011536549728880182 -0.0016605532197303133 0.0051632934396472216 0.00035813977395223601 -0.0011422243924792666 -0.013269225578378372 -0.0026720834767532875 0.0082350083838142411 -0.028013210766124588 0.022332735116685147 -0.027496074192005612 -0.0025378680258851985 0.013605509563360001
leaf_weight=2998.3966655284166 2586.7728254050016 2193.6388998329639 14885.236086279154 1103.6632760763168 2707.0966037213802 1716.4927912056446 1813.0637138932943 9363.4737616032362 5311.3316982388496 481.9475934356451 165.91870637238026 79.700590699911118 1429.5569332838058 808.40776954591274
leaf_count=17187 10728 11015 65818 5101 12443 7361 7550 39093 23805 2198 921 345 6184 3565
internal_value=5.42079e-06 -0.00072936 -0.00148321 0.000377756 0.00537506 -0.00416186 -0.00292271 -0.00440148 0.00391503 -0.00356747 -0.0167018 0.00572074 0.00595 0.00361466
internal_weight=47644.7 44646.3 39745.6 23457.4 4900.74 16288.2 13701.4 11176.5 8572.12 1831.23 727.567 245.619 6740.89 2524.9
internal_count=213314 196127 172669 104372 23458 68297 57569 46643 38554 8565 3464 1266 29989 10926
is_linear=0
shrinkage=0.03


Tree=57
num_leaves=15
num_cat=0
split_feature=245 224 226 226 98 140 245 222 229 178 226 244 245 151
split_gain=418.797 208.602 205.83 191.225 174.061 190.234 205.012 168.685 225.843 160.913 153.221 147.578 145.663 143.16
threshold=-0.09883002936840056 1.5000000000000002 54.500000000000007 12.500000000000002 42.500000000000007 27.500000000000004 -0.070096693933010087 2.5000000000000004 5.5000000000000009 47.500000000000007 50.500000000000007 0.041080594062805183 -0.10456265509128569 6.5000000000000009
decision_type=2 10 8 10 8 10 2 10 10 10 10 2 2 10
left_child=1 -1 3 11 5 9 -7 12 -9 -2 13 -3 -5 -10
right_child=4 2 -4 7 -6 6 -8 8 10 -11 -12 -13 -14 -15
leaf_value=0.017853353555844088 -0.0033574807535990217 0.014025968098163999 0.016369234036969139 -0.032223877034708255 0.0022313463553033262 0.0052796785914032097 -0.002067085698704724 0.025340404025678498 -0.022350875963380437 -0.011962180416404646 -0.039160519636626367 -0.007695953961821842 0.0045270726635359155 0.0021918249222369359
leaf_weight=1321.4582708850503 9517.416046127677 1246.6103235930204 1019.7365422844887 300.22163160145283 10888.313308775425 4504.8496611267328 14067.071686655283 255.43948984146118 248.29130265116692 2456.9019115120173 97.382401347160339 355.71167498826981 138.00195704400539 1237.0190877169371
leaf_count=8095 40409 6656 5229 1388 49109 20195 60909 1271 1115 10070 444 2085 605 5874
internal_value=6.61134e-05 0.00731838 0.00444574 0.00127693 -0.00102405 -0.0021848 -0.000283155 -0.00430603 -0.000280605 -0.00513151 -0.00454886 0.00918593 -0.0208078 -0.00203288
internal_weight=47654.4 6219.87 4898.41 3878.68 41434.6 30546.2 18571.9 2276.36 1838.13 11974.3 1582.69 1602.32 438.224 1485.31
internal_count=213454 32762 24667 19438 180692 131583 81104 10697 8704 50479 7433 8741 1993 6989
is_linear=0
shrinkage=0.03


Tree=58
num_leaves=15
num_cat=0
split_feature=245 228 226 243 118 231 249 245 249 224 226 228 122 231
split_gain=386.046 276.439 375.295 294.34 328.441 316.18 253.928 239.11 233.175 228.256 221.688 215.904 201.622 172.557
threshold=-0.075521316379308687 27.500000000000004 6.5000000000000009 -0.03936598822474479 79.500000000000014 92.500000000000014 0.035353535786271102 -0.20590560883283612 0.13636363297700885 32.500000000000007 80.500000000000014 21.500000000000004 34.500000000000007 81.500000000000014
decision_type=2 8 10 2 10 10 2 2 2 8 10 8 8 10
left_child=1 2 -1 5 6 -4 -5 -7 9 12 -9 -11 -2 -14
right_child=8 -3 3 4 -6 7 -8 10 -10 11 -12 -13 13 -15
leaf_value=0.0098208205251906506 0.0077025657373967554 0.012164875220613528 0.0048057795296581607 -0.037560208205413524 0.0010134024855576072 0.023625231168370921 -0.0084819680154849687 -0.026306020052834111 0.0011043795831011357 -0.016953505749042804 0.028664558622628761 -0.0049848514046081007 -0.00043455608177284685 -0.014201133448534324
leaf_weight=3629.2773785591125 2211.7222819626331 2977.8337528556585 4677.0484558790922 527.08744828402996 991.60769326984882 116.47868682444096 559.35811078548431 677.13010542094707 13979.781379550695 1555.8262833952904 64.844650521874428 10306.476809278131 4297.929768666625 1002.6964349448681
leaf_count=19228 9384 14627 21340 2177 4570 788 2355 3182 62780 6498 348 43585 18114 4256
internal_value=-8.36426e-05 0.00405341 0.00189606 -0.00188949 -0.0114879 0.00172802 -0.0228031 -0.0149026 -0.00184816 -0.00397804 -0.0211846 -0.00656758 0.000114258 -0.00306056
internal_weight=47575.1 14220.7 11242.8 7613.56 2078.05 5535.5 1086.45 858.453 33354.4 19374.7 741.975 11862.3 7512.35 5300.63
internal_count=213232 68615 53988 34760 9102 25658 4532 4318 144617 81837 3530 50083 31754 22370
is_linear=0
shrinkage=0.03


Tree=59
num_leaves=15
num_cat=0
split_feature=245 229 230 237 245 231 230 37 243 246 249 231 230 63
split_gain=361.98 228.849 251.204 195.776 191.374 239.652 242.517 341.096 264.147 290.729 262.778 183.253 166.029 161.642
threshold=-0.075521316379308687 45.500000000000007 50.500000000000007 0.10160642489790918 -0.20590560883283612 92.500000000000014 3.5000000000000004 24.500000000000004 -0.048831390216946595 0.037660181522369392 0.82323232293128978 10.500000000000002 39.500000000000007 67.500000000000014
decision_type=2 8 10 2 2 10 10 10 2 2 2 10 8 10
left_child=1 2 4 -2 -1 6 -6 8 10 11 -8 -10 -7 -4
right_child=3 -3 13 -5 5 12 7 -9 9 -11 -12 -13 -14 -15
leaf_value=0.025953615711826319 -0.002280823754100993 0.012383220095126584 -0.019638004834499258 0.0058924440381380085 0.013782413415914501 -0.0032428130553937154 0.008295317544147196 0.015548065637299298 0.0077626076438356362 0.0044357668376638348 -0.043328465589001795 -0.021920258161856963 -0.035936406610013773 0.0040768523923731537
leaf_weight=330.08036421984434 30381.496106699109 2491.3930309563875 709.6284392029047 2878.7164050340652 2286.7252767533064 2212.4598597884178 1962.9575797021389 1315.1476173549891 216.78636173903942 906.40901085734367 83.069455608725548 1183.0954313725233 139.48248371481895 399.19280050694942
leaf_count=2383 130514 12390 3052 13652 11416 11359 9114 6123 927 4198 362 5069 599 1790
internal_value=0.0001416 0.004143 0.00238602 -0.00157186 0.00380525 0.00307143 0.00555789 0.00222101 -0.00183246 -0.0087759 0.00599883 -0.0173011 -0.00532565 -0.0111402
internal_weight=47496.6 14236.4 11745 33260.2 10636.2 10306.1 7954.19 5667.47 4352.32 2306.29 2046.03 1399.88 2351.94 1108.82
internal_count=212948 68782 56392 144166 51550 49167 37209 25793 19670 10194 9476 5996 11958 4842
is_linear=0
shrinkage=0.03


Tree=60
num_leaves=15
num_cat=0
split_feature=242 126 226 226 79 249 140 80 47 47 117 249 79 228
split_gain=270.03 222.386 146.767 159.166 190.012 176.479 172.436 146.392 144.972 127.249 125.078 109.224 115.721 128.65
threshold=0.024365069344639782 50.500000000000007 81.500000000000014 4.5000000000000009 47.500000000000007 0.89393940567970287 27.500000000000004 16.500000000000004 80.500000000000014 16.500000000000004 83.500000000000014 0.025252525694668296 25.500000000000004 22.500000000000004
decision_type=8 8 10 8 10 2 10 10 8 10 10 2 10 10
left_child=2 9 3 4 -1 6 -5 -3 -9 -2 -11 12 -4 -14
right_child=1 7 11 5 -6 -7 -8 8 -10 10 -12 -13 13 -15
leaf_value=0.0070288281022155953 0.0041307070624596034 0.0090052439170386824 0.018305931509505449 -0.0073323938630848193 -0.0099896285344045228 -0.03146532217939834 -0.0012394770030850278 -0.0014863044298833604 0.0068152039518666269 -0.0044949753274737469 0.0096234496940493536 0.004825429356364817 -0.028682024075439887 -0.0024149920903570473
leaf_weight=2419.3768146708608 3045.862390011549 5024.565134614706 129.13770747184753 7747.7474772334099 770.53811334073544 204.24328818917274 9076.417140558362 4036.592527218163 3550.8441666215658 6258.3295440375805 611.29323263466358 3818.5497383773327 248.24818930029869 485.18198543787003
leaf_count=11505 13806 26196 552 32167 3335 898 38715 18654 16983 26814 2916 17091 1039 2061
internal_value=1.74369e-05 0.00239675 -0.00213532 -0.00324338 0.00289957 -0.00439516 -0.00404803 0.0050381 0.00240257 -0.000964601 -0.00322649 0.00264724 -0.00694032 -0.011572
internal_weight=47426.9 22527.5 24899.4 20218.3 3189.91 17028.4 16824.2 12612 7587.44 9915.49 6869.62 4681.12 862.568 733.43
internal_count=212732 105369 107363 86620 14840 71780 70882 61833 35637 43536 29730 20743 3652 3100
is_linear=0
shrinkage=0.03


Tree=61
num_leaves=15
num_cat=0
split_feature=120 66 215 148 140 231 242 229 242 229 24 248 231 228
split_gain=286.525 239.946 162.48 133.648 265.915 208.311 165.982 134.004 129.551 120.162 120.566 110.369 158.181 207.935
threshold=98.500000000000014 74.500000000000014 21.500000000000004 12.500000000000002 89.500000000000014 78.500000000000014 0.022510886192321781 3.5000000000000004 0.031649146229028709 68.500000000000014 3.5000000000000004 0.83333334326744091 91.500000000000014 9.5000000000000018
decision_type=8 10 10 10 8 10 8 10 8 10 10 2 10 8
left_child=1 2 8 4 -3 -6 -5 -7 -1 -10 -11 12 -2 -14
right_child=11 3 -4 6 5 7 -8 -9 9 10 -12 -13 13 -15
leaf_value=-0.0024582006625761947 0.0081116264836434415 0.00086887666133566048 -0.0068025492180713871 0.00025839613684725113 0.0071914142090358851 -0.00037274236231647957 0.0082790667482111214 -0.052293202852198774 0.0046843129777827666 0.010826868488116804 -0.0098799458942014015 0.016375550943323249 -0.01203098858335752 0.011179864662917795
leaf_weight=18187.091163113713 3443.8340171873569 1948.10090380162 5652.8280876427889 4439.0646362155676 111.32626101374626 57.16030877828598 4860.7875623628497 198.29061254858971 4995.9668508768082 318.86854550242424 1099.812564432621 830.86177396029234 943.21495262533426 537.12049230188131
leaf_count=77260 17104 8861 23767 19415 521 265 23034 896 23400 1568 4871 4904 5088 2791
internal_value=4.94961e-05 -0.000813688 -0.0022207 0.00285012 -0.00358873 -0.0266595 0.00445498 -0.0411271 -0.00116558 0.00249745 -0.00518259 0.0063199 0.00459344 -0.00359073
internal_weight=47624.3 41869.3 30254.6 11614.7 2314.88 366.777 9299.85 255.451 24601.7 6414.65 1418.68 5755.03 4924.17 1480.34
internal_count=213745 183858 130866 52992 10543 1682 42449 1161 107099 29839 6439 29887 24983 7879
is_linear=0
shrinkage=0.03


Tree=62
num_leaves=15
num_cat=0
split_feature=238 60 245 140 10 226 248 243 243 222 226 245 243 249
split_gain=369.741 197.544 189.901 170.797 180.275 181.64 168.236 260.675 167.529 147.028 117.879 108.589 153.659 140.587
threshold=-0.21185418963432309 68.500000000000014 -0.095538403838872896 30.500000000000004 5.5000000000000009 4.5000000000000009 0.69191917777061474 -0.060479853302240365 -0.083881396800279603 43.500000000000007 38.500000000000007 -0.071768112480640397 -0.054571384564042084 0.51010099053382885
decision_type=10 8 2 8 10 10 2 2 2 10 10 2 2 2
left_child=-1 3 -3 4 -2 -6 -7 8 -8 -9 -10 13 -13 -5
right_child=1 2 -4 11 5 6 7 9 10 -11 -12 12 -14 -15
leaf_value=0.010025775873874498 0.0023601948842374202 0.011264081926709997 0.00089830755774363653 0.006320163109900025 0.0056598919760995313 -0.0052223209059326274 -0.029665320216132468 -0.020710114920624016 -0.0035266844393213245 0.0088632526944181222 0.029391854943474138 -0.018236292345748216 -0.00089046445587941776 -0.00784418183807533
leaf_weight=3104.0123344436288 2553.1397451758385 1806.335938796401 12818.45978538692 3680.5126893371344 978.30701872706413 6295.2612747699022 86.075224041938782 2034.4186997115612 175.05568341910839 157.96907123923302 206.71637739241123 467.47496496140957 12346.901647120714 751.74329802393913
leaf_count=18044 11166 9481 57003 16877 4427 26263 372 8389 757 672 908 2025 53148 3571
internal_value=3.31345e-05 -0.000668211 0.00218543 -0.00207207 -0.0047427 -0.0065688 -0.00790949 -0.0142251 0.00599974 -0.0185487 0.0145928 -0.000136838 -0.00153698 0.00390554
internal_weight=47462.4 44358.4 14624.8 29733.6 12486.9 9933.8 8955.5 2660.24 467.847 2192.39 381.772 17246.6 12814.4 4432.26
internal_count=213103 195059 66484 128575 52954 41788 37361 11098 2037 9061 1665 75621 55173 20448
is_linear=0
shrinkage=0.03


Tree=63
num_leaves=15
num_cat=0
split_feature=245 190 60 248 245 224 248 248 63 248 224 141 248 76
split_gain=332.168 206.589 201.654 185.839 276.246 170.737 155.325 153.32 156.285 146.378 252.245 203.843 167.266 138.672
threshold=-0.095538403838872896 88.500000000000014 74.500000000000014 0.7929292917251588 -0.075521316379308687 61.500000000000007 0.58080807328224193 0.58080807328224193 39.500000000000007 0.82323232293128978 4.5000000000000009 53.500000000000007 0.91414141654968273 78.500000000000014
decision_type=2 10 8 2 2 10 2 2 10 2 10 10 2 10
left_child=2 3 5 4 7 6 -1 -2 -9 -8 -11 -12 -13 -5
right_child=1 -3 -4 13 -6 -7 9 8 -10 10 11 12 -14 -15
leaf_value=0.013930101568101122 0.014869871726697197 0.007299113535387554 0.014000669449544919 -0.012444181116090251 -0.0018846941799128996 0.020171303372892403 -0.0071340814648812225 -0.0056036066484750312 0.0081820236947514197 0.021715400798465869 -0.024083441957949984 0.010195060430453862 -0.024011693485027828 0.0016441175082112448
leaf_weight=686.93134439736605 1281.7187430560589 2546.8139006644487 2061.5493073090911 2245.3215073794127 30669.812044963241 450.03793093562126 1945.2574975267053 1247.8317373692989 1790.2171138674021 536.04332259297371 295.07917441427708 735.65439185500145 145.71326497197151 868.91648823022842
leaf_count=3765 6116 11528 11819 9611 132680 2320 9723 5471 8053 3053 1264 3473 677 3848
internal_value=7.41586e-05 -0.000956489 0.00617734 -0.00151005 -0.000883821 0.00279146 0.000949003 0.0062102 0.00251998 -0.0015202 0.00486113 -0.00293676 0.00433385 -0.00852067
internal_weight=47506.9 40650.6 6856.27 38103.8 34989.6 4794.72 4344.68 4319.77 3038.05 3657.75 1712.49 1176.45 881.368 3114.24
internal_count=213401 177307 36094 165779 152320 24275 21955 19640 13524 18190 8467 5414 4150 13459
is_linear=0
shrinkage=0.03


Tree=64
num_leaves=15
num_cat=0
split_feature=136 209 29 140 248 233 63 46 229 14 44 140 243 248
split_gain=270.891 178.238 151.84 132.086 160.139 136.724 111.531 117.771 109.277 108.858 102.792 97.4153 86.7856 86.3171
threshold=3.5000000000000004 50.500000000000007 99.500000000000014 27.500000000000004 0.28787878155708319 92.500000000000014 81.500000000000014 8.5000000000000018 68.500000000000014 7.5000000000000009 36.500000000000007 88.500000000000014 -0.092125352472066865 0.71212121844291698
decision_type=10 10 8 10 2 10 10 10 10 10 10 10 2 2
left_child=12 2 3 5 -5 9 7 11 -3 13 -11 -6 -1 -2
right_child=1 8 -4 4 6 -7 -8 -9 -10 10 -12 -13 -14 -15
leaf_value=0.016452477793336574 -0.0050649274672932643 -0.0081661637125707755 0.0097795532155868347 -0.0026824680595631742 -0.003750777977150079 0.0035817725299387201 0.0079122621712121761 0.0020696741898789525 0.0024219333066976558 -0.00043389287475044516 -0.0075218693108990431 -0.032919548581318937 0.004492029882350995 -0.0168507885225695
leaf_weight=591.88937193900347 1316.9796020463109 4286.4533041417599 1323.1560913622379 7226.5476335287094 325.09534677863121 2373.4636017680168 3021.2369693219662 10259.727420352399 1097.4421355575323 5590.7247748374939 2736.8466953784227 143.00316444039345 6131.4939104691148 978.91412688791752
leaf_count=4046 5745 18022 6619 31355 1564 10400 13944 45502 4924 24079 11410 654 30425 4272
internal_value=-5.93642e-06 -0.000928292 -0.000152055 -0.000541634 0.000930803 -0.00291687 0.00283052 0.00139333 -0.00600742 -0.00437078 -0.00276958 -0.0131639 0.00556783 -0.0101414
internal_weight=47403 40679.6 35295.7 33972.5 20975.6 12996.9 13749.1 10727.8 5383.9 10623.5 8327.57 468.099 6723.38 2295.89
internal_count=212961 178490 155544 148925 93019 55906 61664 47720 22946 45506 35489 2218 34471 10017
is_linear=0
shrinkage=0.03


Tree=65
num_leaves=15
num_cat=0
split_feature=76 190 119 248 230 231 249 226 248 230 231 249 226 224
split_gain=242.247 199.082 144.088 196.373 198.176 261.458 162.591 156.861 322.11 197.491 222.754 160.749 149.867 140.283
threshold=91.500000000000014 88.500000000000014 58.500000000000007 0.7222222387790681 5.5000000000000009 69.500000000000014 0.14646464586257937 66.500000000000014 0.68181815743446361 40.500000000000007 91.500000000000014 0.14646464586257937 93.500000000000014 13.500000000000002
decision_type=8 10 10 2 8 10 2 8 2 10 10 2 10 10
left_child=1 2 3 -1 -5 -6 -7 9 11 10 -4 -9 -13 -10
right_child=-2 -3 7 4 5 6 -8 8 13 -11 -12 12 -14 -15
leaf_value=-0.0020116462613375794 0.0053568160532591847 0.0076685449983295816 0.0031196518954706614 0.0037481936634632135 -0.020958780801643206 0.012051909772200969 -0.03123576278294948 -0.0049035095642000984 -0.026349891260521292 -0.0070804430453407265 -0.0061472763976202086 0.013859196068207753 -0.0038400670459403045 0.023690688006187212
leaf_weight=15223.955692440271 6499.5247748792171 2307.3720869719982 9153.7461426779628 648.53645747900009 1613.9171984046698 404.23075200617313 86.360395550727844 1893.5268030017614 45.425068989396095 3772.3327310085297 3122.6638687998056 1184.7473018169403 667.5260296612978 874.34278263151646
leaf_count=64622 32051 10498 41815 2771 6625 1715 374 8368 207 16330 15253 5500 3131 4284
internal_value=-1.9496e-05 -0.000872902 -0.00138412 -0.00334853 -0.0107073 -0.0151586 0.00396008 0.000321484 0.00515719 -0.00108665 0.000759404 0.00123077 0.00749433 0.0209625
internal_weight=47498.2 40998.7 38691.3 17977 2753.04 2104.51 490.591 20714.3 4665.57 16048.7 12276.4 3745.8 1852.27 919.768
internal_count=213544 181493 170995 76107 11485 8714 2089 94888 21490 73398 57068 16999 8631 4491
is_linear=0
shrinkage=0.03


Tree=66
num_leaves=15
num_cat=0
split_feature=238 63 230 228 245 245 249 249 145 249 249 122 23 245
split_gain=350.898 177.608 188.693 177.065 264.945 168.208 164.574 160.49 137.83 126.212 123.697 122.375 119.794 108.927
threshold=-0.21470323204994199 72.500000000000014 2.5000000000000004 27.500000000000004 -0.082056250423192964 -0.041642572730779641 0.65151515603065502 0.075757574290037169 68.500000000000014 0.22727272659540179 0.20707070827484134 23.500000000000004 68.500000000000014 -0.071332886815071092
decision_type=10 8 10 10 2 2 2 2 10 2 2 10 10 2
left_child=-1 2 8 6 10 7 11 13 -2 -7 -5 -4 -9 -3
right_child=1 5 3 4 -6 9 -8 12 -10 -11 -12 -13 -14 -15
leaf_value=0.0099990323264978649 0.011598933577875658 0.0051911443887177784 0.0024863285060390374 0.019944040630297529 -0.0017728200162701671 -0.0085318363304247805 -0.019420012124527274 0.004291534139314844 -0.00071746959617377602 0.002458442833964309 -0.0016380137918801801 -0.0059254869676517562 0.01363192476325892 -0.0043487453608829427
leaf_weight=2886.7858313247561 1458.6657443344593 1921.7803579866886 1837.2944584935904 772.13553138077259 14051.498875826597 1963.7389333993196 708.57247902452946 3504.9392991736531 1842.6255103051662 1789.6006050854921 342.12447117269039 10001.798894643784 1911.6621670126915 2424.9558067470789
leaf_count=17077 6541 8863 7873 3681 60214 8420 3135 16648 8736 8198 1759 42659 9084 10311
internal_value=-0.00011845 -0.000776422 -0.002027 -0.00283489 -0.000652775 0.00209247 -0.00546969 0.00416639 0.00474309 -0.00329904 0.0133618 -0.00461907 0.00760705 -0.000128732
internal_weight=47418.2 44531.4 31014.7 27713.4 15165.8 13516.7 12547.7 9763.34 3301.29 3753.34 1114.26 11839.1 5416.6 4346.74
internal_count=213199 196122 134598 119321 65654 61524 53667 44906 15277 16618 5440 50532 25732 19174
is_linear=0
shrinkage=0.03


Tree=67
num_leaves=15
num_cat=0
split_feature=245 230 231 245 224 245 231 137 224 248 77 248 243 231
split_gain=309.661 174.65 273.828 232.952 229.268 217.472 290.89 206.665 265.233 187.085 176.687 190.88 291.5 255.617
threshold=-0.096207998692989335 80.500000000000014 91.500000000000014 -0.047014810144901269 31.500000000000004 -0.075521316379308687 76.500000000000014 22.500000000000004 7.5000000000000009 0.63131311535835277 4.5000000000000009 0.77272728085517894 -0.03837595880031585 81.500000000000014
decision_type=2 8 10 2 10 2 10 10 10 2 10 2 2 10
left_child=-1 2 4 -3 10 6 9 8 -4 -6 -2 -12 13 -13
right_child=1 3 7 -5 5 -7 -8 -9 -10 -11 11 12 -14 -15
leaf_value=0.0059893556320783437 -0.0096484068681456387 0.0081535508909010273 -0.03831256685475664 -0.00187365297958015 0.012026459776831174 -0.0049791455293434188 0.027756431901957698 -0.0055328835338264194 -0.006165776990367404 -0.0079389705536622012 0.0044568008681207085 0.011939647133215811 -0.019144763999781451 -0.022837636127280261
leaf_weight=6569.1664008647203 1100.4305959194899 3923.7603096067905 448.66779172420502 4430.986480474472 685.56773927807808 13303.52893178165 407.92657347023487 2592.9042752087116 474.59714989364147 1065.5592453479767 10370.286001384258 858.15952803194523 827.20811980962753 233.83645650744438
leaf_count=34939 4674 18568 1905 19787 3125 56535 1910 11617 2036 4545 44814 3713 3530 1025
internal_value=-4.96754e-05 -0.00102507 -0.00202318 0.00283969 -0.00105832 -0.00354585 0.00526798 -0.00991507 -0.0220309 -9.85822e-05 0.00181476 0.00284821 -0.00582172 0.00435289
internal_weight=47292.6 40723.4 32368.7 8354.75 28852.5 15462.6 2159.05 3516.17 923.265 1751.13 13389.9 12289.5 1919.2 1092
internal_count=212723 177784 139429 38355 123871 66115 9580 15558 3941 7670 57756 53082 8268 4738
is_linear=0
shrinkage=0.03


Tree=68
num_leaves=15
num_cat=0
split_feature=236 66 106 242 165 230 231 228 226 231 248 226 226 248
split_gain=234.865 153.316 143.295 123.091 105.598 103.018 141.744 239.43 186.069 188.678 152.757 147.265 138.324 245.146
threshold=-0.093250364065170274 75.500000000000014 33.500000000000007 0.041178045794367797 15.500000000000002 80.500000000000014 91.500000000000014 8.5000000000000018 12.500000000000002 75.500000000000014 0.59090909361839306 30.500000000000004 52.500000000000007 0.69191917777061474
decision_type=2 8 8 8 8 10 10 10 8 10 2 8 8 2
left_child=1 3 5 -1 -4 6 8 -8 -2 12 -11 -12 13 -10
right_child=2 -3 4 -5 -6 -7 7 -9 9 10 11 -13 -14 -15
leaf_value=-0.000532513349086604 0.0039517065828899604 0.007929411892758911 -0.0058707931300712307 0.0093920996297698327 0.0023066975709136084 0.001552752904825824 -0.02316244594807956 0.00096093515433460196 0.00076588490266572872 -0.0033894541658226526 -0.0041865997707210409 0.024545677062429983 -0.0092919962678492968 -0.012281651536625608
leaf_weight=6991.8337599262595 2910.7170583307743 4507.6053882911801 1620.0731309503317 1330.1076464578509 11096.548503100872 4082.9721190780401 831.34638407826424 660.00321254134178 4778.9475940167904 827.69037339091301 232.45437961816788 490.89267471432686 5302.9478530734777 1767.7320920974016
leaf_count=32613 12635 24216 7196 7026 49360 18024 3542 2845 19864 3533 1004 2094 22195 7283
internal_value=1.45356e-05 0.00347986 -0.00127094 0.00106312 0.00126111 -0.00274208 -0.0037274 -0.0125512 -0.00291344 -0.00440643 0.0054069 0.0153811 -0.00569441 -0.00277056
internal_weight=47431.9 12829.5 34602.3 8321.94 12716.6 21885.7 17802.7 1491.35 16311.4 13400.7 1551.04 723.347 11849.6 6546.68
internal_count=213430 63855 149575 39639 56556 93019 74995 6387 68608 55973 6631 3098 49342 27147
is_linear=0
shrinkage=0.03


Tree=69
num_leaves=15
num_cat=0
split_feature=238 60 237 51 242 184 249 224 243 243 243 132 248 244
split_gain=306.17 197.519 162.713 124.502 124.058 84.089 81.7568 108.288 131.779 98.0497 95.2066 94.3174 90.8409 219.514
threshold=-0.12744051963090894 72.500000000000014 0.12946237623691562 3.5000000000000004 0.040266549214720733 49.500000000000007 0.13636363297700885 16.500000000000004 -0.036657257005572312 -0.021483560092747208 -0.073343258351087556 42.500000000000007 0.59090909361839306 0.0188986249268055
decision_type=10 8 2 8 8 8 2 10 2 2 2 10 2 2
left_child=1 4 3 -2 -1 -3 9 -8 -9 10 11 -5 -12 -14
right_child=2 5 -4 6 -6 -7 7 8 -10 -11 12 -13 13 -15
leaf_value=-0.00032768855235418043 -0.0092424889423076903 0.003812543220367148 0.0073206659991074136 -0.020234377837899296 0.008492552098359217 0.011733802480361374 -0.006117590378846318 0.0088802263370032896 -0.00014057673665295877 -0.0061167901909846556 -0.0033492116827770085 0.0099632048339984361 0.0002690542745816111 0.022827704039508807
leaf_weight=8918.9460093677044 2115.8823776841164 2124.9865786209702 1681.5599730014801 414.3722876906395 1700.2523151487112 2821.519124314189 1854.5775011330843 1866.6022082716227 6524.1412840634584 5853.7454154938459 5931.4301278591156 112.58804203569889 4996.8106153905392 410.94663339853287
leaf_count=41371 8756 10460 8083 1815 8886 15177 8246 8510 28727 24495 24914 536 21250 1806
internal_value=-4.5177e-05 0.00340034 -0.00173424 -0.00224268 0.00109119 0.00834544 -0.00170995 0.000423135 0.00187437 -0.0029428 -0.0013732 -0.0137171 -0.000787965 0.0020223
internal_weight=47328.4 15565.7 31762.7 30081.1 10619.2 4946.51 27965.2 10245.3 8390.74 17719.9 11866.1 526.96 11339.2 5407.76
internal_count=213032 75894 137138 129055 50257 25637 120299 45483 37237 74816 50321 2351 47970 23056
is_linear=0
shrinkage=0.03


Tree=70
num_leaves=15
num_cat=0
split_feature=238 230 231 226 249 242 65 252 119 228 230 146 101 139
split_gain=317.693 193.264 216.921 154.717 191.345 155.768 153.03 144.037 140.853 150.006 138.867 112.232 109.219 104.718
threshold=-0.12810961902141568 3.5000000000000004 92.500000000000014 70.500000000000014 0.90404042601585399 0.034676304087042815 98.500000000000014 0.12946237623691562 97.500000000000014 12.500000000000002 11.500000000000002 95.500000000000014 2.5000000000000004 69.500000000000014
decision_type=10 10 10 10 2 10 10 2 10 10 10 10 8 10
left_child=1 2 -1 4 5 8 -4 12 9 -3 -11 -12 -2 -5
right_child=7 3 6 13 -6 -7 -8 -9 -10 10 11 -13 -14 -15
leaf_value=0.014211363344809273 -0.0097241603882928743 -0.0099529443438524483 -0.0040506908333740217 0.011433818150476074 -0.036576584108231877 0.0074625352742069212 0.017327295717948388 0.0069711398658476127 0.0071736763500423132 0.014937797784731735 -0.00038419418614186161 -0.020327264158266217 -0.0016805517839397455 -0.0058515981630594691
leaf_weight=2691.5040774717927 1595.2243715077639 2269.3784749954939 1366.8718631342053 1849.9164897501469 119.13622458279133 2028.64404014498 375.81648677587509 1649.1714478433132 1212.9416546300054 474.69945107400417 2366.3280372172594 274.55705882608891 28607.797625213861 373.36075091362
leaf_count=14425 6586 10061 7551 8934 517 10348 2243 7956 5904 2221 10216 1230 122976 1694
internal_value=7.41648e-05 0.00361005 0.00888799 0.0014703 -0.000328968 0.000213398 0.0006321 -0.00163632 -0.0020234 -0.00410446 0.000173761 -0.00252642 -0.00210847 0.00851783
internal_weight=47255.3 15403.2 4434.19 10969 8745.68 8626.55 1742.69 31852.2 6597.9 5384.96 3115.58 2640.89 30203 2223.28
internal_count=212862 75344 24219 51125 40497 39980 9794 137518 29632 23728 13667 11446 129562 10628
is_linear=0
shrinkage=0.03


Tree=71
num_leaves=15
num_cat=0
split_feature=238 60 238 148 47 140 209 38 230 224 137 10 248 118
split_gain=258.035 167.903 165.203 132.256 172.352 161.91 143.166 111.414 121.467 127.795 96.2044 118.118 104.502 90.026
threshold=-0.23227746784687039 71.500000000000014 -0.10507627576589583 12.500000000000002 1.0000000180025095e-35 87.500000000000014 52.500000000000007 10.500000000000002 13.500000000000002 12.500000000000002 59.500000000000007 79.500000000000014 0.59090909361839306 23.500000000000004
decision_type=10 8 10 10 8 10 10 10 10 10 10 10 2 8
left_child=-1 3 7 4 5 -2 10 8 -3 -10 11 -5 -12 -4
right_child=1 2 13 6 -6 -7 -8 -9 9 -11 12 -13 -14 -15
leaf_value=0.010425119735417133 -0.011633684742498162 0.0050523520503186819 -0.0091698908976615978 -3.7093390559706374e-05 -0.0037579289474880357 -0.045156794598140343 -0.0062418701402454507 0.0088226211127592959 -0.02691737204662659 5.9288259858317507e-05 0.00094138795188782466 -0.0067134603914975723 0.0095137688373354203 0.00060342423223369926
leaf_weight=2057.8134631514549 564.51810951530933 1558.395823687315 972.52512177824974 13482.328984841704 3687.2657236605883 163.16585157811642 3772.4059868305922 4121.3918321803212 245.09058359265327 415.31268694996834 5443.5293594300747 2887.5264091640711 1664.361052647233 6200.1646263748407
leaf_count=12805 2509 8058 4121 58123 15942 709 16029 19519 1066 1850 24254 12243 7868 27681
internal_value=6.20436e-05 -0.000412187 0.00238635 -0.00160682 -0.00641757 -0.0196607 -0.000825337 0.00591047 0.000485883 -0.0102045 4.72785e-05 -0.00121814 0.00295922 -0.000732634
internal_weight=47235.8 45178 13512.9 31665.1 4414.95 727.684 27250.2 6340.19 2218.8 660.403 23477.7 16369.9 7107.89 7172.69
internal_count=212777 199972 62295 137677 19160 3218 118517 30493 10974 2916 102488 70366 32122 31802
is_linear=0
shrinkage=0.03


Tree=72
num_leaves=15
num_cat=0
split_feature=245 242 66 229 245 233 119 226 226 242 230 245 144 230
split_gain=254.769 175.241 204.484 175.957 175.255 174.837 161.682 153.608 173.752 208.251 185.821 136.035 152.66 119.944
threshold=-0.11150914430618285 0.019898323342204097 25.500000000000004 59.500000000000007 -0.058829825371503823 16.500000000000004 17.500000000000004 54.500000000000007 6.5000000000000009 0.026686009019613269 17.500000000000004 -0.20590560883283612 90.500000000000014 47.500000000000007
decision_type=2 8 8 10 2 10 8 8 10 8 8 2 10 8
left_child=6 3 -3 5 -5 -2 -1 8 -8 10 11 -10 -13 -6
right_child=1 2 -4 4 13 -7 7 -9 9 -11 -12 12 -14 -15
leaf_value=-0.022599158837244952 -0.012635791588044072 -0.0032430403317579358 0.0022659860081391775 0.012820113953722975 -0.028222071361595439 -0.0032796527872528832 0.015019729835667435 0.024773397073651133 0.021957639808711186 0.010522394207362047 0.013012086767787383 -0.0065125230373383356 -0.036114701825202974 -0.0003227016318871291
leaf_weight=144.12509155273438 2354.0722169131041 8469.2690005451441 21279.544620044529 993.11628514528275 136.04853041470051 7551.9387350678444 1246.9507504627109 464.12483085691929 64.064759112894535 936.5441999733448 239.09005512297153 317.07144784927368 310.9338893443346 2756.1034128069878
leaf_count=626 9788 36329 96953 4704 559 31552 8109 2858 455 5253 1065 1494 1455 11791
internal_value=4.57962e-05 -0.000598934 0.000697044 -0.00339293 0.00201415 -0.00551355 0.00756744 0.0088419 0.00639621 0.00058949 -0.0094065 -0.0172265 -0.0215053 -0.00172783
internal_weight=47263 43540.1 29748.8 13791.3 3885.27 9906.01 3722.91 3578.78 3114.66 1867.7 931.16 692.07 628.005 2892.15
internal_count=212991 191676 133282 58394 17054 41340 21315 20689 17831 9722 4469 3404 2949 12350
is_linear=0
shrinkage=0.03


Tree=73
num_leaves=15
num_cat=0
split_feature=236 66 98 165 136 35 226 231 228 226 231 226 134 79
split_gain=221.08 153.747 151.4 100.902 94.4802 111.02 82.461 143.772 207.817 146.114 166.906 183.917 144.291 132.945
threshold=-0.09373708069324492 77.500000000000014 42.500000000000007 11.500000000000002 1.5000000000000002 4.5000000000000009 81.500000000000014 92.500000000000014 6.5000000000000009 12.500000000000002 75.500000000000014 44.500000000000007 72.500000000000014 15.500000000000002
decision_type=2 8 8 8 10 10 10 8 10 8 10 10 10 8
left_child=1 4 6 -4 -1 -6 7 9 12 -2 13 -12 -9 -11
right_child=2 -3 3 -5 5 -7 -8 8 -10 10 11 -13 -14 -15
leaf_value=0.009631020649879498 0.0028559879411646149 0.0081212047501433987 -0.0074231560679381726 0.0029650481598211863 -0.0065280330989262135 0.0019905136869844279 0.00096410502486690176 -0.031324071572940655 -0.001705745406954934 0.0020149715190149499 -0.0046346879518042901 0.014465367194031678 0.010539130263007016 -0.0063112663248835292
leaf_weight=1006.8094086721539 3514.6829229742289 4145.2063222676516 922.2542307972908 8673.6477774232626 1821.8414487838745 5534.6504151821136 5037.775860697031 524.20776669681072 699.18998223543167 2025.780476808548 927.67837770283222 871.32577694952488 81.049021422863007 11489.778458595276
leaf_count=5726 15326 22673 4121 39028 8578 25844 22131 2192 3036 8553 3972 3748 375 47884
internal_value=-1.43843e-05 0.00340429 -0.00124497 0.00195996 0.00105947 -0.00012511 -0.00246705 -0.00332563 -0.0129208 -0.0026544 -0.00392006 0.00464502 -0.0256381 -0.00506272
internal_weight=47275.9 12508.5 34767.4 9595.9 8363.3 7356.49 25171.5 20133.7 1304.45 18829.2 15314.6 1799 605.257 13515.6
internal_count=213187 62821 150366 43149 40148 34422 107217 85086 5603 79483 64157 7720 2567 56437
is_linear=0
shrinkage=0.03


Tree=74
num_leaves=15
num_cat=0
split_feature=238 60 81 230 230 243 231 229 230 120 120 231 73 243
split_gain=246.048 192.891 128.977 115.355 114.232 107.893 146.266 197.3 139.091 119.752 115.913 91.5024 168.972 107.658
threshold=-0.11849735304713248 72.500000000000014 60.500000000000007 86.500000000000014 1.5000000000000002 -0.021245250478386875 91.500000000000014 26.500000000000004 21.500000000000004 92.500000000000014 69.500000000000014 92.500000000000014 10.500000000000002 -0.041479542851448052
decision_type=10 8 10 8 8 2 10 8 8 10 8 10 8 2
left_child=1 3 5 -1 -3 6 10 8 -8 -7 -2 -6 13 -13
right_child=2 4 -4 -5 11 9 7 -9 -10 -11 -12 12 -14 -15
leaf_value=-6.0514230934530081e-07 -0.0021773276757949696 0.016189946366702485 0.0016797034468110014 0.011243874456163388 0.007398598505199758 -0.0072869842145603112 -0.01114562492325127 0.0050698650917266851 -0.03724404100357654 0.0049708838002169419 0.0040066971921418762 -0.032051339415101687 0.010151437959353091 -0.0022854761609646412
leaf_weight=11552.747852653265 8828.5429862588644 1086.4827209711075 7986.7359037548304 873.93522080779076 3711.9192258641124 6128.4684658497572 701.48921118676662 489.60760621726513 246.67756682634354 805.1243147701025 3935.7722662687302 199.27003057301044 409.94716374576092 232.54141047596931
leaf_count=53889 36818 6192 35756 4385 18499 25668 3042 2209 1012 3542 17435 1061 2200 1181
internal_value=0.000139487 0.0028889 -0.00156659 0.000798594 0.0074848 -0.00279351 -0.00129408 -0.0103309 -0.0182533 -0.0058585 -0.00026889 0.00537688 -0.00352053 -0.0164362
internal_weight=47189.3 18066.8 29122.4 12426.7 5640.16 21135.7 14202.1 1437.77 948.167 6933.59 12764.3 4553.68 841.759 431.811
internal_count=212889 87407 125482 58274 29133 89726 60516 6263 4054 29210 54253 22941 4442 2242
is_linear=0
shrinkage=0.03


Tree=75
num_leaves=15
num_cat=0
split_feature=245 229 226 231 231 231 229 193 226 249 224 231 226 69
split_gain=249.004 168.052 250.232 200.706 180.891 156.988 200.708 194.882 174.1 153.245 152.776 234.14 245.309 314.836
threshold=-0.075521316379308687 45.500000000000007 12.500000000000002 95.500000000000014 97.500000000000014 76.500000000000014 65.500000000000014 53.500000000000007 98.500000000000014 0.1565656587481499 32.500000000000007 81.500000000000014 45.500000000000007 37.500000000000007
decision_type=2 8 10 10 10 10 10 8 8 2 8 10 8 10
left_child=1 2 3 -1 -5 6 -3 -8 -7 10 11 -2 13 -13
right_child=9 5 -4 4 -6 8 7 -9 -10 -11 -12 12 -14 -15
leaf_value=0.01089861974532776 0.0024655926162874989 0.013475962094036018 -0.0019438852375890281 -0.025773104592739148 0.0024027469098269641 0.029293461990207919 -0.025317802884416214 0.0076186315826176918 -0.0037378651806510505 0.0011569424555491527 -0.0050909437688567436 -0.032036518354350146 0.013059961897908 0.0013313873377121038
leaf_weight=3438.9661059081554 6732.0011705756187 999.85443210601807 6666.6425332799554 238.88203689455986 1157.6448901370168 595.48900571465492 296.42997580766678 334.89094629883766 185.51935441046953 12685.821513831615 12609.488384068012 597.31123845279217 283.66540932655334 436.72388654947281
leaf_count=17885 28453 5098 30326 1258 6672 3160 1375 1681 1059 57457 53235 2534 1196 1901
internal_value=-3.11863e-05 0.00333845 0.00182429 0.00701272 -0.00256583 0.0105212 0.00516595 -0.00799995 0.0214992 -0.00143786 -0.00303099 0.000198135 -0.0113174 -0.0180658
internal_weight=47259.3 13914.3 11502.1 4835.49 1396.53 2412.18 1631.18 631.321 781.008 33345 20659.2 8049.7 1317.7 1034.04
internal_count=213290 68514 56141 25815 7930 12373 8154 3056 4219 144776 87319 34084 5631 4435
is_linear=0
shrinkage=0.03


Tree=76
num_leaves=15
num_cat=0
split_feature=242 136 229 233 193 242 229 126 224 224 249 119 142 104
split_gain=200.815 171.929 152.855 138.495 135.321 112.596 111.174 134.94 118.044 173.465 189.262 94.8787 135.985 124.814
threshold=0.019747124984860424 1.5000000000000002 68.500000000000014 21.500000000000004 71.500000000000014 0.019747124984860424 66.500000000000014 65.500000000000014 48.500000000000007 36.500000000000007 0.12626262754201892 20.500000000000004 86.500000000000014 8.5000000000000018
decision_type=8 8 10 10 10 10 8 10 10 10 2 10 10 10
left_child=2 -2 3 -1 5 -3 8 -8 9 11 -11 13 -13 -7
right_child=1 4 -4 -5 -6 6 7 -9 -10 10 -12 12 -14 -15
leaf_value=-0.0098779212272997897 0.0087273912580541381 0.012433695524920773 0.0031437511070201707 -0.0025075904960429702 0.0043645783047241487 -0.02831105818777143 -0.0083495824570446412 0.0018981889842810788 0.0043534785726422531 -0.014067317368846175 0.0028712414589457504 0.0035289653662420664 -0.0049263950192936579 -0.0029633909412858043
leaf_weight=3205.345498457551 2532.8819425776601 585.07491167634726 2860.7706445157528 8050.7155213877559 6720.7842478230596 199.51511283218861 3253.2031264975667 1786.3340812250972 4780.4180430173874 1672.4132937192917 912.86058309674263 7345.3644206598401 2221.7077387943864 1075.5131994485855
leaf_count=13439 14088 3487 12839 34258 30253 825 14398 8430 21107 7145 4194 33195 10860 4547
internal_value=-4.58545e-05 0.00123229 -0.00304024 -0.00461332 0.00060829 -0.000452378 -0.000781893 -0.00472055 0.000310238 -0.00113141 -0.00809829 0.000535763 0.00156233 -0.00711922
internal_weight=47202.9 33086.1 14116.8 11256.1 30553.2 23832.4 23247.3 5039.54 18207.8 13427.4 2585.27 10842.1 9567.07 1275.03
internal_count=213065 152529 60536 47697 138441 108188 104701 22828 81873 60766 11339 49427 44055 5372
is_linear=0
shrinkage=0.03


Tree=77
num_leaves=15
num_cat=0
split_feature=120 230 52 231 248 231 248 144 228 222 119 75 249 222
split_gain=199.945 190.914 214.215 158.639 320.256 280.033 276.609 217.145 167.888 186.556 159.636 139.692 132.399 123.937
threshold=98.500000000000014 10.500000000000002 13.500000000000002 70.500000000000014 0.58080807328224193 89.500000000000014 0.65151515603065502 42.500000000000007 15.500000000000002 94.500000000000014 44.500000000000007 78.500000000000014 0.095959596335887923 4.5000000000000009
decision_type=10 10 10 10 2 10 2 10 10 10 10 10 2 8
left_child=1 13 -3 6 7 -6 -4 -5 -7 -10 -8 -12 -13 -1
right_child=-2 2 3 4 5 8 10 -9 9 -11 11 12 -14 -15
leaf_value=-0.0030105189681843333 0.0057216094677892066 -0.0068774934630527768 -0.00039105162777768618 -0.011211924826418154 0.020359016230960331 -0.017798887349703769 -0.017893880137387155 0.0031303072845118864 0.013480792439979353 -0.031701287095078412 -0.008414099405054597 0.022111389298491088 -0.013903765668654365 0.0047069901746163963
leaf_weight=2462.0621708407998 4798.4491784498096 6186.5915884524584 15975.66207061708 1428.0867892354727 1439.1412768065929 319.4246726334095 1325.9959144592285 2790.9856861382723 649.22323869168758 84.367555364966393 1673.1611150503159 283.02080368995667 125.75089919567108 7738.4778265804052
leaf_count=11756 25190 26432 68937 6261 6582 1370 5445 12333 3098 420 7250 1220 563 36681
internal_value=-7.66315e-05 -0.000732751 -0.00186321 -0.000672244 0.00329987 0.0118038 -0.00204851 -0.00173934 2.99958e-05 0.00792812 -0.00979447 -0.00457502 0.0109646 0.00284312
internal_weight=47280.4 42482 32281.4 26094.8 6711.23 2492.16 19383.6 4219.07 1053.02 733.591 3407.93 2081.93 408.772 10200.5
internal_count=213538 188348 139911 113479 30064 11470 83415 18594 4888 3518 14478 9033 1783 48437
is_linear=0
shrinkage=0.03


Tree=78
num_leaves=15
num_cat=0
split_feature=245 248 228 226 147 244 222 228 246 190 244 228 246 249
split_gain=224.769 377.86 173.948 254.351 174.267 145.356 203.467 154.263 218.823 139.563 139.02 182.84 219.723 161.345
threshold=-0.075521316379308687 0.58080807328224193 26.500000000000004 6.5000000000000009 18.500000000000004 0.030413470230996612 7.5000000000000009 5.5000000000000009 0.027318597771227363 89.500000000000014 0.02342629432678223 14.500000000000002 0.1728123873472214 0.65151515603065502
decision_type=2 2 10 8 10 2 10 10 2 10 2 8 2 2
left_child=1 -1 3 4 -3 7 -7 8 -6 -2 13 12 -12 -5
right_child=9 2 -4 10 5 6 -8 -9 -10 -11 11 -13 -14 -15
leaf_value=0.013757694222315577 -0.0018873928322710566 0.01791239159071813 0.0090773400823515177 -0.00061645139991013144 -0.010266536462136884 0.0039804389081203343 -0.03220956926009353 0.020314727021415614 0.016410084942599046 0.0061345415151391825 -0.024176652467723624 0.011060712858320113 0.0091168998346769226 -0.023943291159002913
leaf_weight=2475.0409128665924 31207.602583572268 836.03354771435261 1911.3474004045129 4836.6595442891121 688.77460826188326 330.21180438995361 230.08656670153141 488.82426634430885 448.21291697025299 2072.4115239828825 902.30777247995138 233.97171850502491 216.12253836542368 272.48663671314716
leaf_count=13193 135097 4777 9363 21556 3464 2009 1285 2439 2524 9430 4183 1117 1345 1226
internal_value=-4.89735e-05 0.00315817 0.000845873 -0.000820915 0.00635009 0.00186689 -0.0111852 0.00640587 0.000301065 -0.00138616 -0.00417951 -0.0126956 -0.0177193 -0.00190489
internal_weight=47150.1 13870.1 11395 9483.69 3022.14 2186.11 560.298 1625.81 1136.99 33280 6461.55 1352.4 1118.43 5109.15
internal_count=213008 68481 55288 45925 16498 11721 3294 8427 5988 144527 29427 6645 5528 22782
is_linear=0
shrinkage=0.03


Tree=79
num_leaves=15
num_cat=0
split_feature=242 66 233 76 119 62 231 192 242 134 67 17 136 63
split_gain=185.654 211.437 144.035 121.413 115 119.03 104.007 102.456 106.419 93.956 171.959 125.556 85.2956 76.6356
threshold=0.019747124984860424 40.500000000000007 14.500000000000002 87.500000000000014 97.500000000000014 95.500000000000014 66.500000000000014 84.500000000000014 0.043599063530564315 85.500000000000014 33.500000000000007 25.500000000000004 51.500000000000007 76.500000000000014
decision_type=8 8 10 10 10 10 10 10 8 8 8 10 10 8
left_child=2 4 6 7 5 -2 -1 8 9 -3 11 -11 -7 -4
right_child=1 3 13 -5 -6 12 -8 -9 -10 10 -12 -13 -14 -15
leaf_value=-0.010847371925566451 -0.0013880425184384405 0.0011797182694985202 -0.0025977421689659889 0.0078891347642701011 0.012459485725072104 -0.0020795871298215272 0.0018690459538576239 0.0077216994511851746 0.0081357964114756286 -0.0052337577281440402 -0.00070037560500735697 -0.035935762611652884 -0.022406968314206462 0.0031461011635461069
leaf_weight=2700.6865526735783 12368.573142923415 9379.9127114787698 7923.1414852142334 4111.3883413299918 497.38661486655474 330.49943958222866 732.65642139315605 2428.4988442957401 1635.888514764607 232.08203418552876 1345.7659155055881 247.06833455711603 420.9377418756485 2829.2976921796799
leaf_count=11316 53713 42456 33744 20919 2619 1479 3332 11417 9120 1292 6357 1176 1824 12456
internal_value=7.29227e-05 0.00130674 -0.00279599 0.00331898 -0.00155747 -0.00209795 -0.00813621 0.00208407 0.00101267 -3.36197e-05 -0.00624251 -0.0214759 -0.0136112 -0.00108484
internal_weight=47183.8 32998 14185.8 19380.6 13617.4 13120 3433.34 15269.2 12840.7 11204.8 1824.92 479.15 751.437 10752.4
internal_count=213220 152372 60848 92737 59635 57016 14648 71818 60401 51281 8825 2468 3303 46200
is_linear=0
shrinkage=0.03


Tree=80
num_leaves=15
num_cat=0
split_feature=245 101 232 190 245 148 215 249 118 165 245 231 24 231
split_gain=232.69 154.647 133.502 130.572 126.317 182.591 121.27 112.358 107.289 98.9748 98.3058 92.4505 83.9367 109.408
threshold=-0.11150914430618285 2.5000000000000004 87.500000000000014 88.500000000000014 -0.20590560883283612 1.5000000000000002 50.500000000000007 0.45959596335887914 28.500000000000004 9.5000000000000018 -0.076012752950191484 58.500000000000007 53.500000000000007 22.500000000000004
decision_type=2 8 10 10 2 8 10 2 8 10 2 10 8 10
left_child=4 7 3 6 -1 -6 10 -2 11 -4 -3 -7 13 -10
right_child=1 2 9 -5 5 8 -8 -9 12 -11 -12 -13 -14 -15
leaf_value=0.024878465890919188 -0.0049584250420574277 0.002831517566156086 -0.010479721200298674 0.0059430006925577537 -0.012524371554521555 0.0070332122905103584 -0.0061071901021944172 -0.022132166641495706 -0.020790719458632614 0.0052194594459789015 -0.0015333741888613123 -0.03419454024906881 0.020512312552825606 0.0086195825464946939
leaf_weight=322.68343187123537 2429.3995268493891 5830.4118829965591 379.06852979958057 2366.5314157307148 433.10390211641788 92.664956539869308 4177.8807347416878 391.44253312051296 110.93681761622429 5217.0116895660758 22660.864880472422 87.494784452021122 511.70629370212555 2111.366282068193
leaf_count=2582 10362 27268 1714 10952 2265 456 17735 1708 531 23293 98650 366 3109 12014
internal_value=-1.8374e-05 -0.000631662 -0.000159277 -0.000846842 0.00722499 0.00545413 -0.00134036 -0.00741135 0.00815979 0.00413923 -0.000639469 -0.0137344 0.00964732 0.00706487
internal_weight=47122.6 43452.6 40631.8 35035.7 3669.96 3347.27 32669.2 2820.84 2914.17 5596.08 28491.3 180.16 2734.01 2222.3
internal_count=213005 191682 179612 154605 21323 18741 143653 12070 16476 25007 125918 822 15654 12545
is_linear=0
shrinkage=0.03


Tree=81
num_leaves=15
num_cat=0
split_feature=242 76 229 248 231 244 137 233 50 70 248 57 243 248
split_gain=194.082 224.644 146.727 183.476 174.553 226.179 203.609 188.606 137.769 136.895 117.505 108.961 105.886 130.67
threshold=0.024365069344639782 87.500000000000014 68.500000000000014 0.43939393758773809 91.500000000000014 0.0040039366576820621 25.500000000000004 43.500000000000007 77.500000000000014 29.500000000000004 0.84343436360359203 70.500000000000014 -0.017477467656135556 0.38888889551162725
decision_type=8 10 10 2 8 2 10 8 10 8 2 8 2 2
left_child=2 11 4 -4 7 -6 -7 12 -5 -9 -8 -2 -1 -14
right_child=1 -3 3 8 5 6 10 9 -10 -11 -12 -13 13 -15
leaf_value=-0.0029800547090677049 -0.00059246416404142 0.0098721306131477685 -0.0016874937983457868 0.012145695758250545 0.020564273691156241 -0.023290466465759718 -0.0090709631906214956 0.0048663543379916553 -0.022297993797084682 -0.0025310161817718889 0.013894457792347653 0.0043437040261367519 -0.0056487610413785165 -0.020800000553637836
leaf_weight=5712.1438270360231 13738.7932767272 2840.7346035838127 3152.0454196482897 1765.3024351000786 193.64618073403835 952.85576878488064 1395.2532638683915 4431.4152943715453 102.02841597795486 4557.3445024117827 224.75929649919271 5681.0483254566789 1608.7432468682528 749.84268838167191
leaf_count=24184 63085 14929 13507 8448 889 4283 6418 19056 498 19083 1257 27610 6682 3117
internal_value=-2.59867e-05 0.00200791 -0.00184836 0.00272963 -0.00300817 -0.0099847 -0.0123547 -0.00187161 0.010155 0.00111721 -0.00581906 0.000853047 -0.00519766 -0.0105331
internal_weight=47106 22260.6 24845.4 5019.38 19826 2766.51 2572.87 17059.5 1867.33 8988.76 1620.01 19419.8 8070.73 2358.59
internal_count=213046 105624 107422 22453 84969 12847 11958 72122 8946 38139 7675 90695 33983 9799
is_linear=0
shrinkage=0.03


Tree=82
num_leaves=15
num_cat=0
split_feature=245 230 224 231 231 231 209 245 230 231 230 244 144 244
split_gain=238.169 130.069 169.569 191.858 160.554 175.541 129.677 102.074 146.677 147.01 238.678 214.088 187.657 152.16
threshold=-0.11150914430618285 65.500000000000014 1.5000000000000002 98.500000000000014 94.500000000000014 92.500000000000014 48.500000000000007 -0.045173915103077882 80.500000000000014 88.500000000000014 5.5000000000000009 0.0019773815292865042 6.5000000000000009 0.0040039366576820621
decision_type=2 10 10 10 8 10 10 2 8 10 10 2 10 2
left_child=1 2 -1 4 5 -4 7 8 9 10 -2 -12 -11 -14
right_child=6 -3 3 -5 -6 -7 -8 -9 -10 12 11 -13 13 -15
leaf_value=0.01719275084701016 0.0091995729084563965 0.029721849128507814 0.0049701894319391119 -0.022267936852331471 0.02748846356972472 -0.022759996778760422 -0.0047136679730184674 -0.0022559523535541086 0.0064787066976466894 -0.034478209190997061 -0.015994895796566599 0.00053858863222296528 0.020283616429362973 -0.0054203265550887151
leaf_weight=872.39348615705967 2833.7473022714257 208.85140096396208 1890.2949685156345 254.59028640389442 238.47914773970842 220.42411452531815 6138.5417126864195 12232.426156744361 3833.4596380144358 179.40582120418549 732.17317770421505 14013.622029140592 211.73487621545792 3219.6420172229409
leaf_count=6188 12997 1299 10006 1455 1457 1140 26213 53420 18584 783 3092 60565 958 14840
internal_value=-5.48077e-05 0.00725683 0.00582574 0.00196604 0.00467561 0.00198064 -0.000677233 -1.10809e-05 0.00108675 0.000108712 0.00124183 -0.000292632 -0.00539621 -0.00377992
internal_weight=47079.8 3685.03 3476.18 2603.79 2349.2 2110.72 43394.8 37256.2 25023.8 21190.3 17579.5 14745.8 3610.78 3431.38
internal_count=212997 21545 20246 14058 12603 11146 191452 165239 111819 93235 76654 63657 16581 15798
is_linear=0
shrinkage=0.03


Tree=83
num_leaves=15
num_cat=0
split_feature=245 119 125 233 70 231 134 190 232 148 245 81 243 248
split_gain=212.568 165.476 129.279 135.961 130.789 184.176 135.714 127.247 125.395 119.385 169.71 103.358 96.8042 118.217
threshold=-0.11150914430618285 17.500000000000004 3.5000000000000004 59.500000000000007 9.5000000000000018 91.500000000000014 54.500000000000007 89.500000000000014 87.500000000000014 12.500000000000002 -0.20590560883283612 72.500000000000014 -0.0086467983201146108 0.4797979891300202
decision_type=2 8 8 10 8 10 10 10 8 8 2 10 2 2
left_child=1 -1 3 -2 5 -4 -7 8 11 10 -3 12 -6 -14
right_child=2 9 4 -5 7 6 -8 -9 -10 -11 -12 -13 13 -15
leaf_value=-0.022651659303029013 -0.010933101300672621 0.025935501810611109 0.0058988133936368498 0.00038653972540308746 -0.0023976534026601739 -0.020220423401581283 0.0075339093150093989 0.0060269984732037865 0.0030919250127859443 0.011972999850355572 -0.0051198198109053249 0.0019932994041407647 -0.0069541476637448724 -0.032224557974964874
leaf_weight=154.28037782013416 2143.7929473519325 180.28272090107203 5175.0204822123051 1714.5084682255983 20262.137394525111 444.20423497259617 237.01711712777615 2226.0179600268602 4776.6565294340253 2387.550402790308 934.36442873626947 4440.3666110187769 1786.5359652489424 175.30106566846371
leaf_count=668 9117 1462 22586 7436 88127 1970 1138 10326 21982 14214 5113 20309 7687 755
internal_value=-9.47294e-05 0.00684165 -0.000680814 -0.00591501 -0.000168479 0.00396545 -0.0105946 -0.000888523 -0.0013799 0.00820169 8.90076e-05 -0.00218184 -0.00301656 -0.00936417
internal_weight=47038 3656.48 43381.6 3858.3 39523.3 5856.24 681.221 33667 31441 3502.2 1114.65 26664.3 22224 1961.84
internal_count=212890 21457 191433 16553 174880 25694 3108 149186 138860 20789 6575 116878 96569 8442
is_linear=0
shrinkage=0.03


Tree=84
num_leaves=15
num_cat=0
split_feature=76 244 189 140 10 59 70 45 119 106 228 244 222 244
split_gain=174.459 177.466 120.904 114.893 209.829 116.28 107.781 131.446 116.874 116.111 99.2242 168.729 146.977 122.457
threshold=89.500000000000014 0.05331044644117356 41.500000000000007 31.500000000000004 66.500000000000014 7.5000000000000009 9.5000000000000018 2.5000000000000004 97.500000000000014 82.500000000000014 5.5000000000000009 0.0019773815292865042 19.500000000000004 0.014560965821146967
decision_type=8 2 10 8 10 10 10 10 10 10 10 2 10 2
left_child=3 2 -2 4 5 -1 -5 9 -9 -8 13 12 -12 -7
right_child=1 -3 -4 6 -6 10 7 8 -10 -11 11 -13 -14 -15
leaf_value=0.0065151569124071666 -0.0019176493748136328 0.015628855054301838 0.0063736007517852982 0.0064548750662591567 -0.010202278356550019 -0.0026855432696600845 -0.0045334010115633608 -0.0006482935577255735 0.0064312183688954765 -0.034870956028182999 -0.036428597510822183 -5.8111633854840632e-06 0.0015569288770902851 -0.016871415488176868
leaf_weight=1535.7504219859838 3123.2640743777156 1035.0088904723525 3191.9341630041599 2424.9257044792175 2834.1272589042783 1571.0569851249456 323.83308024704456 18418.49139817059 2358.4608810544014 167.917470484972 208.67460507154465 8944.7935946807265 156.49353423714638 834.72018913179636
leaf_count=7504 14888 6179 15667 11263 11909 6917 1706 81161 11763 823 860 38148 648 3944
internal_value=-6.75862e-05 0.00417538 0.00227651 -0.000852432 -0.00280836 -0.0012205 0.000476071 -0.000208308 0.000158033 -0.0153813 -0.00223922 -0.000832496 -0.0205422 -0.00765701
internal_weight=47129.5 7350.21 6315.2 39779.2 16085.6 13251.5 23693.6 21268.7 20777 491.751 11715.7 9309.96 365.168 2405.78
internal_count=213380 36734 30555 176646 69930 58021 106716 95453 92924 2529 50517 39656 1508 10861
is_linear=0
shrinkage=0.03


Tree=85
num_leaves=15
num_cat=0
split_feature=60 120 228 230 244 226 231 229 231 226 248 230 231 226
split_gain=160.16 123.315 224.367 112.643 140.311 149.574 256.46 141.338 121.943 105.434 223.509 180.233 213.995 151.602
threshold=71.500000000000014 52.500000000000007 29.500000000000004 14.500000000000002 0.03817409276962281 43.500000000000007 88.500000000000014 12.500000000000002 60.500000000000007 66.500000000000014 0.68181815743446361 54.500000000000007 88.500000000000014 3.5000000000000004
decision_type=8 10 10 8 2 10 10 8 10 8 2 10 10 10
left_child=1 2 -1 -2 5 6 7 -5 -7 11 -11 12 13 -3
right_child=3 9 -4 4 -6 8 -8 -9 -10 10 -12 -13 -14 -15
leaf_value=-0.0074854260867035852 0.0064721679127368384 0.010821599560037292 0.00016609342745510332 0.013471334069457667 0.0084063948997737982 -0.0011659619744631333 -0.030953632983300967 -0.006023704612552392 0.0086574345760022323 0.0013915922536491309 0.020316122284274714 -0.0098796688698597219 -0.0064553960689950375 0.00091059637464568617
leaf_weight=6395.7832541167736 4559.1042357757688 1647.4314656928182 7471.7139621376991 384.02602590620518 1757.9277241826057 3311.2451216503978 326.64742279052734 2224.1524815261364 1720.7295641601086 3075.1903739869595 677.67616726458073 1716.9004786983132 3113.4157762601972 8592.0644633173943
leaf_count=26701 22923 7921 31739 1822 9141 14575 1419 10164 8077 13984 3414 7384 15139 38237
internal_value=-6.22185e-05 -0.00122012 -0.00336569 0.00258677 0.000760458 -0.000935093 -0.00630607 -0.00311278 0.00220375 0.000361564 0.00485381 -0.000759626 0.000419533 0.00251418
internal_weight=46974 32690.2 13867.5 14283.8 9724.73 7966.8 2934.83 2608.18 5031.97 18822.7 3752.87 15069.8 13352.9 10239.5
internal_count=212640 144519 58440 68121 45198 36057 13405 11986 22652 86079 17398 68681 61297 46158
is_linear=0
shrinkage=0.03


Tree=86
num_leaves=15
num_cat=0
split_feature=245 245 228 226 147 63 224 190 2 224 228 122 224 230
split_gain=195.683 144.557 218.345 191.951 146.892 136.989 122.857 112.257 104.017 96.0902 274.595 191.221 94.9756 118.139
threshold=-0.20590560883283612 -0.075521316379308687 27.500000000000004 3.5000000000000004 21.500000000000004 63.500000000000007 16.500000000000004 86.500000000000014 10.500000000000002 31.500000000000004 29.500000000000004 45.500000000000007 52.500000000000007 69.500000000000014
decision_type=2 2 8 10 10 10 10 10 10 10 10 8 10 8
left_child=-1 2 3 4 -2 -5 -7 9 -6 11 12 -3 13 -11
right_child=1 7 -4 5 8 6 -8 -9 -10 10 -12 -13 -14 -15
leaf_value=0.023368467245317586 0.018784653772200999 0.005654308179765628 0.0099336073371096654 -0.0045449927547814867 -0.0041092649512028514 -0.0033603434423078449 0.0095400876842701727 0.0049650592225614866 0.0097956699368793865 -0.010339017301259848 -0.0011496957789413674 -0.0023319040191517662 -0.017005417794398476 0.0046207435302140767
leaf_weight=311.99509558826685 739.77542468905449 4141.7886533737183 2816.981819562614 5328.1578759998083 926.13853903114796 1196.1258913353086 1473.4957550466061 2481.5472387224436 995.01049825549126 2028.8724121153355 15083.582699254155 7698.1232758164406 1221.408180758357 613.01383689045906
leaf_count=2616 4099 17844 14468 24276 4985 5815 7052 11316 5335 8463 65365 33754 5108 2659
internal_value=6.16881e-05 -9.88389e-05 0.00252135 0.000554892 0.00751881 -0.00176856 0.00376907 -0.00116061 0.00310588 -0.00165582 -0.00298017 0.000464213 -0.0101055 -0.00686347
internal_weight=47056 46744 13475.7 10658.7 2660.92 7997.78 2669.62 33268.3 1921.15 30786.8 18946.9 11839.9 3863.29 2641.89
internal_count=213155 210539 66030 51562 14419 37143 12867 144509 10320 133193 81595 51598 16230 11122
is_linear=0
shrinkage=0.03


Tree=87
num_leaves=15
num_cat=0
split_feature=245 245 248 224 231 230 231 248 230 245 226 226 231 231
split_gain=186.114 131.939 340.8 222.546 578.725 223.931 187.881 292.761 279.936 246.217 207.251 169.974 163.152 191.833
threshold=-0.20590560883283612 -0.075521316379308687 0.58080807328224193 26.500000000000004 76.500000000000014 10.500000000000002 92.500000000000014 0.82323232293128978 3.5000000000000004 -0.097722966223955141 18.500000000000004 98.500000000000014 73.500000000000014 84.500000000000014
decision_type=2 2 2 10 10 8 10 2 8 2 8 10 8 8
left_child=-1 2 -2 6 5 -5 8 10 -4 -9 -8 -6 -10 -14
right_child=1 -3 3 4 11 -7 7 9 12 -11 -12 -13 13 -15
leaf_value=0.02314135409900157 0.012735441913734701 -0.0010626511008008624 0.0098067713753933698 0.019543287911449984 0.025151471808933804 -0.0059615792381482319 -0.013811884135645694 0.017516498734015836 -0.0080838040852765636 -0.020538974546531179 -0.045568499307336141 -0.0074728146953713008 0.023517921799670799 -0.007703119849218963
leaf_weight=303.49063849449158 2378.2630701437593 33307.88188290596 1709.7129940837622 349.06676280498505 1233.8489032909274 2254.000029169023 874.10797922313213 432.20562729984522 2864.2223884090781 224.28011986613274 230.72237823158503 158.00021167844534 346.68335931748152 344.44263304024935
leaf_count=2585 12756 144653 8761 1701 6372 10050 4580 2595 12710 948 980 948 1703 1658
internal_value=0.000103278 -5.13382e-05 0.00246145 0.000234905 0.00588015 -0.00247972 -0.00297855 -0.0114302 -0.000134914 0.00440223 -0.0207929 0.0214211 -0.00492982 0.00807007
internal_weight=47010.9 46707.4 13399.6 11021.3 3994.92 2603.07 7026.38 1761.32 5265.06 656.486 1104.83 1391.85 3555.35 691.126
internal_count=213000 210415 65762 53006 19071 11751 33935 9103 24832 3543 5560 7320 16071 3361
is_linear=0
shrinkage=0.03


Tree=88
num_leaves=15
num_cat=0
split_feature=245 60 245 140 10 24 244 245 233 248 244 231 63 246
split_gain=174.58 160.983 124.501 116.967 158.979 113.865 139.99 127.175 112.927 113.687 148.964 117.485 112.628 103.945
threshold=-0.20590560883283612 67.500000000000014 -0.094856888055801378 30.500000000000004 76.500000000000014 5.5000000000000009 0.085680648684501662 -0.04497063718736171 92.500000000000014 0.71212121844291698 0.0033115847036242489 68.500000000000014 62.500000000000007 0.059796860441565521
decision_type=2 8 2 10 10 8 2 2 10 2 2 10 10 2
left_child=-1 3 -3 4 8 6 -5 12 9 -2 11 -11 -7 -4
right_child=1 2 13 5 -6 7 -8 -9 -10 10 -12 -13 -14 -15
leaf_value=0.022391772609414506 -0.0016009089898180607 0.0089092821895163724 0.00011568032780465669 -0.0058875378044177537 -0.012912851816453959 0.00047235411490128453 -0.044172953378758588 -0.0026454293298738417 0.0037309051976551696 -0.033143760555474917 -0.0060219280753410652 0.012132069628524337 0.0068556428751815361 0.0069413694447313457
leaf_weight=304.46049290895462 6695.0532006844878 2260.9930466786027 11326.519414126873 829.47821337729692 1414.0792943388224 6766.9934139996767 86.589417055249214 5959.2844630777836 2253.1510409340262 316.8525258153677 2422.8672046065331 55.907741978764534 3925.4026830717921 2430.7197993695736
leaf_count=2638 28920 13201 50393 4052 5882 29986 458 25719 9950 1320 10605 257 17961 11994
internal_value=0.000113571 -3.62938e-05 0.00240115 -0.00130738 -0.00344501 0.000294716 -0.00994431 0.000863631 -0.00229497 -0.00372797 -0.00879806 -0.0262136 0.00282001 0.00132585
internal_weight=47048.4 46743.9 16018.2 30725.7 13157.9 17567.7 916.068 16651.7 11743.8 9490.68 2795.63 372.76 10692.4 13757.2
internal_count=213336 210698 75588 135110 56934 78176 4510 73666 51052 41102 12182 1577 47947 62387
is_linear=0
shrinkage=0.03


Tree=89
num_leaves=15
num_cat=0
split_feature=63 230 231 115 7 14 229 249 249 229 243 230 143 75
split_gain=137.691 169.039 155.965 164.094 129.446 112.943 121.447 157.902 103.462 101.111 161.498 110.822 119.602 87.801
threshold=76.500000000000014 3.5000000000000004 91.500000000000014 23.500000000000004 9.5000000000000018 11.500000000000002 57.500000000000007 0.90404042601585399 0.27777777612209326 18.500000000000004 -0.025770388543605801 39.500000000000007 60.500000000000007 57.500000000000007
decision_type=10 10 8 8 10 10 10 2 2 10 2 10 10 10
left_child=1 2 3 -1 -4 6 7 9 -2 10 11 12 -3 -7
right_child=8 5 4 -5 -6 13 -8 -9 -10 -11 -12 -13 -14 -15
leaf_value=0.011817000960407859 0.00095165191731059117 -0.010591947408448652 0.0023988675236597369 -0.001589823841380111 -0.013028255224326967 -0.0023372483906556928 0.0041015759848321825 -0.040043917296956458 0.0071241486417666696 -0.0096907505887249279 0.011868638665922727 -0.026922447451476358 0.003550723287860864 0.0014990456026080475
leaf_weight=2506.8381281197071 7848.2778818383813 1064.1030020937324 1509.6439559012651 1216.6706595271826 712.72600681334734 13198.981489576399 1096.6708356812596 115.53168437629938 3541.7775817662477 3182.7498715519905 594.66120943427086 189.56518642604351 1071.0591807439923 9037.8461331352592
leaf_count=12561 35328 4663 9122 5852 3387 56860 5051 486 17535 13584 2601 791 5210 39653
internal_value=7.05048e-06 -0.000913934 0.00369733 0.00744375 -0.00258489 -0.00184269 -0.00507382 -0.00669616 0.00287558 -0.00600031 -0.0019576 -0.00553002 -0.00351409 -0.000778068
internal_weight=46887.1 35497 5945.88 3723.51 2222.37 29551.2 7314.34 6217.67 11390.1 6102.14 2919.39 2324.73 2135.16 22236.8
internal_count=212684 159821 30922 18413 12509 128899 32386 27335 52863 26849 13265 10664 9873 96513
is_linear=0
shrinkage=0.03


Tree=90
num_leaves=15
num_cat=0
split_feature=238 190 231 228 248 229 245 243 242 249 231 248 224 230
split_gain=188.483 118.981 121.183 296.326 303.112 192.749 179.063 181.067 178.45 174.962 161.643 407.246 313.39 202.191
threshold=-0.2282094210386276 89.500000000000014 91.500000000000014 8.5000000000000018 0.82323232293128978 5.5000000000000009 -0.097722966223955141 -0.045457849279046052 0.030098678544163707 0.83333334326744091 75.500000000000014 0.58080807328224193 7.5000000000000009 10.500000000000002
decision_type=10 10 10 8 2 8 2 2 10 2 10 2 10 10
left_child=-1 2 5 4 8 -2 -6 -8 9 -4 -7 -12 -13 -14
right_child=1 -3 3 -5 6 10 7 -9 -10 -11 11 12 13 -15
leaf_value=0.0086882468358501757 0.0059731128000433354 0.0060241103542445686 -0.027749362140931145 0.0014447064620048526 0.014633547429419351 -0.0018386321480928875 -0.02772144762206465 0.024936583922496827 0.00088439325050304553 0.011471623680033715 -0.0025481653362922413 -0.028943821251534801 -0.0073518722814411462 0.022092194270554741
leaf_weight=2137.2233065068722 4074.3015073612332 2435.305648945272 1240.7170927673578 2893.2562441974878 456.2739962041378 27850.123143561184 226.14528746902943 69.624640300869942 301.66681029647589 106.13603809475899 3237.1026040017605 127.97759572416544 237.62962539494038 1548.5409398376942
leaf_count=13792 19080 11393 5455 13453 2610 120654 943 302 1555 485 14362 548 1109 7239
internal_value=5.52359e-06 -0.000410495 -0.000781676 -0.00502314 -0.0127921 -0.000174872 0.00296902 -0.0149155 -0.0199568 -0.0245969 -0.000935472 0.00394154 0.0148728 0.0181559
internal_weight=46942 44804.8 42369.5 5293.82 2400.56 37075.7 752.044 295.77 1648.52 1346.85 33001.4 5151.25 1914.15 1786.17
internal_count=212980 199188 187795 24803 11350 162992 3855 1245 7495 5940 143912 23258 8896 8348
is_linear=0
shrinkage=0.03


Tree=91
num_leaves=15
num_cat=0
split_feature=238 60 140 246 242 226 233 226 244 125 249 47 226 147
split_gain=190.581 131.162 114.269 113.588 111.827 143.129 104.743 97.7592 104.65 87.9535 84.0066 82.5204 82.405 131.858
threshold=-0.12214885652065276 83.500000000000014 27.500000000000004 0.037281651049852378 0.029313304461538795 43.500000000000007 42.500000000000007 6.5000000000000009 0.022065882571041587 4.5000000000000009 0.015151515137404205 53.500000000000007 23.500000000000004 19.500000000000004
decision_type=10 10 10 2 8 10 10 8 2 8 2 10 8 10
left_child=1 4 3 10 5 7 -7 -1 -9 -10 12 -5 13 -2
right_child=2 -3 -4 11 -6 6 -8 8 9 -11 -12 -13 -14 -15
leaf_value=0.0017897788444714657 0.027584709522438227 0.0080736664999023679 -8.7433935018418581e-05 0.0047160824908606108 0.0045841827784187991 -0.00092498211061937214 0.010329697126689845 -0.0035896374730063729 -0.027206552440185869 -0.0082462750488673277 -0.0071219026069293291 -0.010323057444037569 -0.0050993012199165256 2.6038225832293929e-05
leaf_weight=1779.2187388688326 203.44907581806183 3108.8193415701389 19408.15843514353 1850.8864786028862 5451.8995095342398 1602.4371999651194 1377.1538084670901 2514.2631833255291 342.84444908797741 622.90432371944189 6607.3795719146729 389.00146852433681 1159.9317491650581 583.21124956011772
leaf_count=9187 875 16399 84813 8444 28526 7119 6133 10886 1645 2847 27645 1616 4717 2452
internal_value=-3.94165e-05 0.00252109 -0.00146403 -0.00393689 0.00125527 -0.000950471 0.00429403 -0.00392423 -0.00684238 -0.0151871 -0.00551039 0.00206996 -3.19216e-05 0.00741016
internal_weight=47001.6 16799.5 30202 10793.9 13690.7 8238.82 2979.59 5259.23 3480.01 965.749 8553.97 2239.89 1946.59 786.66
internal_count=213304 82742 130562 45749 66343 37817 13252 24565 15378 4492 35689 10060 8044 3327
is_linear=0
shrinkage=0.03


Tree=92
num_leaves=15
num_cat=0
split_feature=236 66 244 165 25 119 70 226 231 228 231 226 148 140
split_gain=133.522 103.749 102.081 102.173 105.559 116.626 114.462 88.1712 83.4376 84.9724 75.9048 189.124 98.0139 168.676
threshold=-0.09373708069324492 75.500000000000014 0.1067665070295334 15.500000000000002 8.5000000000000018 44.500000000000007 8.5000000000000018 70.500000000000014 91.500000000000014 5.5000000000000009 60.500000000000007 49.500000000000007 12.500000000000002 88.500000000000014
decision_type=2 10 2 10 10 8 8 10 10 10 10 8 10 10
left_child=1 -1 3 -2 5 -5 8 -7 -6 -10 11 -8 13 -12
right_child=2 -3 -4 4 6 7 10 -9 9 -11 12 -13 -14 -15
leaf_value=0.00086668452853375425 -0.004894576445988833 0.0067795441293329178 0.015562754159334993 -0.011791151280561043 0.0067136629094852168 -0.0035841527503476037 0.0021960185472345607 0.0089874913307153737 -0.026994197768306447 0.0042780331280851923 -0.0012778454411273654 -0.0052457044443365809 0.0032260424277834278 -0.032308300837860113
leaf_weight=8377.2794839665294 5245.6098510846496 3913.178130671382 326.41177064925432 1357.9698473662138 3355.3552221283317 3007.4283555522561 5600.2955738008022 592.52172993123531 129.24700041115284 173.11629246175289 1054.1843628287315 6790.6735144555569 6933.3903748244047 175.57911570370197
leaf_count=41217 23060 21661 1723 5542 14401 12797 23715 2714 563 768 4667 29034 30845 777
internal_value=6.71039e-05 0.00275327 -0.000883689 -0.00104415 -0.000350286 -0.00433375 0.000466869 -0.0014958 0.00534893 -0.00952571 -0.000404099 -0.00188324 0.00184067 -0.00593307
internal_weight=47032.2 12290.5 34741.8 34415.4 29169.8 4957.92 24211.8 3599.95 3657.72 302.363 20554.1 12391 8163.15 1229.76
internal_count=213484 62878 150606 148883 125823 21053 104770 15511 15732 1331 89038 52749 36289 5444
is_linear=0
shrinkage=0.03


Tree=93
num_leaves=15
num_cat=0
split_feature=238 63 226 35 231 229 230 57 226 231 119 230 81 222
split_gain=171.022 125.697 120.057 173.055 160.368 133.975 117.101 109.527 107.899 130.447 105.932 104.501 101.48 98.4007
threshold=-0.26396778225898737 72.500000000000014 2.5000000000000004 6.5000000000000009 99.500000000000014 69.500000000000014 4.5000000000000009 70.500000000000014 43.500000000000007 68.500000000000014 46.500000000000007 27.500000000000004 17.500000000000004 64.500000000000014
decision_type=10 10 8 8 10 8 10 10 8 10 10 10 8 10
left_child=13 2 4 5 6 -4 -2 -5 9 -9 -3 -11 -10 -1
right_child=1 10 3 7 -6 -7 -8 8 12 11 -12 -13 -14 -15
leaf_value=0.015555628280971033 0.011967896114492973 -0.0021537276364361172 -0.0082802196966615081 -0.0019026375441073956 -0.014195678121372466 0.010439603248822803 -0.0045862302908372234 0.0023783481633225202 0.012015327095156455 -0.004690832365787552 0.0040304475165118536 -0.026195742932207545 0.002278503138687223 -0.0080437706123570717
leaf_weight=943.42663523554802 1668.6278953626752 3375.9877044484019 4428.7833427265286 18099.702837862074 322.82595852017403 364.56052476167679 492.98557491600513 2161.3904944807291 1414.6082451716065 759.04929736256599 9463.2507801577449 270.90713623166084 2995.1676016375422 184.34195526689291
leaf_count=6748 8341 14483 19595 79210 1591 1784 2334 9416 6118 3447 44476 1161 13443 1056
internal_value=0.000172027 -0.000113256 -0.00109369 -0.00161084 0.0052349 -0.0068377 0.00818877 -0.000633722 0.00238633 -0.00181228 0.00240395 -0.0105447 0.00542209 0.0116613
internal_weight=46945.6 45817.8 32978.6 30494.2 2484.44 4793.34 2161.61 25700.8 7601.12 3191.35 12839.2 1029.96 4409.78 1127.77
internal_count=213203 205399 146440 134174 12266 21379 10675 112795 33585 14024 58959 4608 19561 7804
is_linear=0
shrinkage=0.03


Tree=94
num_leaves=15
num_cat=0
split_feature=238 101 245 119 226 231 226 245 249 244 119 226 230 244
split_gain=188.118 142.665 143.113 122.214 194.86 216.115 282.15 170.55 184.153 141.804 132.944 132.119 131.159 129.217
threshold=-0.23643594980239865 3.5000000000000004 -0.044325016438961022 60.500000000000007 66.500000000000014 88.500000000000014 8.5000000000000018 -0.089278537780046449 0.015151515137404205 0.022065882571041587 79.500000000000014 98.500000000000014 8.5000000000000018 0.0019773815292865042
decision_type=10 8 2 8 10 10 8 2 2 2 10 10 8 2
left_child=-1 -2 3 13 5 6 12 9 -9 -7 -6 -12 -5 -3
right_child=1 2 -4 4 10 7 -8 8 -10 -11 11 -13 -14 -15
leaf_value=0.0094993101501905739 -0.0053022170593295852 -0.013199644875586686 -0.0024126659331916724 0.020116489838816594 0.0021398960728727292 0.01537631166442434 0.001138769967670166 -0.03321502326151738 -0.0065173687270549752 -0.0056090148294232946 0.018515740678144318 -0.0016448963246440745 0.0032207097002979294 4.9450058477053795e-05
leaf_weight=1817.2385153248906 4629.6618565022945 689.68229395151138 12512.65162153542 1220.5562732890248 1218.5830739811063 547.8297800347209 6394.1243162080646 255.40745757520199 1956.876108661294 595.11571212857962 1574.7080371677876 356.88147599250078 629.36111868917942 12468.316704407334
leaf_count=12080 20575 2872 54226 6011 5537 2987 29289 1065 8609 3152 7969 1944 3000 53544
internal_value=6.2899e-05 -0.000319775 0.000252077 0.00144728 0.00332147 0.0015208 0.0041321 -0.00488856 -0.0097352 0.00449567 0.00992591 0.0148016 0.0144166 -0.000654504
internal_weight=46867 45049.8 40420.1 27907.4 14749.4 11599.3 8244.04 3355.23 2212.28 1142.95 3150.17 1931.59 1849.92 13158
internal_count=212860 200780 180205 125979 69563 54113 38300 15813 9674 6139 15450 9913 9011 56416
is_linear=0
shrinkage=0.03


Tree=95
num_leaves=15
num_cat=0
split_feature=245 101 226 226 245 244 230 117 193 241 245 244 119 230
split_gain=165.871 144.885 141.133 182.86 112.323 124.324 120.476 121.522 104.846 123.709 110.064 127.475 113.691 106.336
threshold=-0.11150914430618285 3.5000000000000004 54.500000000000007 6.5000000000000009 -0.044325016438961022 0.0019773815292865042 3.5000000000000004 88.500000000000014 87.500000000000014 -1.6022739410400388 -0.20590560883283612 0.017290022224187854 18.500000000000004 16.500000000000004
decision_type=2 8 8 10 2 2 8 8 10 10 2 2 10 10
left_child=2 -2 3 -1 5 6 -3 -8 9 10 -5 12 -12 -13
right_child=1 4 -4 8 -6 -7 7 -9 -10 -11 11 13 -14 -15
leaf_value=0.013375063417748582 -0.0060903060524276301 0.01387236570263959 0.021824007852363721 0.024320959429460907 -0.0022254904697899991 0.001639919383868721 -0.016176568465657633 0.011485356801248984 0.016407301029437903 0.0090332819093655661 -0.034361158682985476 -0.027222989470054255 0.0027111156525887565 0.0091389235368588805
leaf_weight=1156.1206413209438 3737.2795909866691 183.88807606697083 448.48671767115593 73.94526994228363 12832.37836612761 25536.369176931679 902.26367651671171 162.07121223211288 243.23984940350056 453.36538754403591 75.651580289006233 467.95855318754911 561.27177506685257 80.260871186852455
leaf_count=8157 16034 817 2968 638 55909 114513 3787 743 1300 2542 309 2278 2744 464
internal_value=5.97641e-05 -0.000451985 0.00627521 0.00397153 8.13104e-05 0.00118691 -0.00802029 -0.0118967 -0.00162719 -0.00426922 -0.00909255 -0.0113634 -0.00215528 -0.0218312
internal_weight=46914.6 43354.3 3560.3 3111.81 39617 26784.6 1248.22 1064.33 1955.69 1712.45 1259.09 1185.14 636.923 548.219
internal_count=213203 191803 21400 18432 175769 119860 5347 4530 10275 8975 6433 5795 3053 2742
is_linear=0
shrinkage=0.03


Tree=96
num_leaves=15
num_cat=0
split_feature=242 76 229 248 231 224 244 231 248 231 50 244 122 231
split_gain=131.805 167.639 135.649 179.468 173.438 210.433 174.777 170.417 208.232 164.826 205.2 162.684 122.219 117.14
threshold=0.0251840353012085 86.500000000000014 59.500000000000007 0.49999998509883886 91.500000000000014 32.500000000000007 0.0040039366576820621 96.500000000000014 0.84343436360359203 67.500000000000014 77.500000000000014 0.05088420398533345 45.500000000000007 77.500000000000014
decision_type=8 10 10 2 8 8 2 10 2 10 10 2 8 10
left_child=2 -2 4 -4 5 12 -6 -8 11 -5 -11 -9 -1 -7
right_child=1 -3 3 9 6 13 7 8 -10 10 -12 -13 -14 -15
leaf_value=0.0064658602536462684 0.00081950280750286118 0.0087936048058996664 -0.00097070351249461343 0.00031210920371552451 0.017770589972612789 -0.0074289762004055657 -0.019140939334634805 -0.013652401801797597 0.030097619356117055 0.020310629743930105 -0.025777266710916923 0.012525215836536126 -0.00082558874063830355 0.0040481276395465081
leaf_weight=2872.4381384551525 17666.075122177601 2731.4076565653086 4871.5571286976337 995.06018173694611 189.37897229939699 5385.8721542581916 1303.0183065384626 958.87435588240623 135.02751992642879 1109.0368761569262 85.823507606983185 265.60672731697559 7324.6872400045395 933.1794309169054
leaf_count=12170 83350 14686 20783 4378 881 22316 5739 4388 944 5742 422 1393 31690 4010
internal_value=7.98601e-05 0.00189109 -0.00131818 0.00223905 -0.00261561 -0.00143322 -0.00943419 -0.0114285 -0.00395065 0.00935123 0.0168138 -0.00791865 0.00123267 -0.00573035
internal_weight=46827 20397.5 26429.6 7061.48 19368.1 16516.2 2851.91 2662.53 1359.51 2189.92 1194.86 1224.48 10197.1 6319.05
internal_count=212892 98036 114856 31325 83531 70186 13345 12464 6725 10542 6164 5781 43860 26326
is_linear=0
shrinkage=0.03


Tree=97
num_leaves=15
num_cat=0
split_feature=245 119 244 231 224 224 246 233 248 226 222 224 246 248
split_gain=173.187 131.354 155.026 181.507 149.774 274 203.788 126.427 163.379 198.364 159.459 304.263 150.367 207.561
threshold=-0.11150914430618285 17.500000000000004 0.022354646585881714 22.500000000000004 21.500000000000004 2.5000000000000004 0.041735390201210983 68.500000000000014 0.71212121844291698 28.500000000000004 30.500000000000004 91.500000000000014 0.083265803754329695 0.84343436360359203
decision_type=2 8 2 10 8 10 2 10 2 8 10 8 2 2
left_child=1 -1 3 -3 5 -4 -7 8 -2 -10 12 -12 13 -11
right_child=7 2 4 -5 -6 6 -8 -9 9 10 11 -13 -14 -15
leaf_value=-0.019556190552593819 -0.0005940320637218675 -0.014788093017835152 0.009687921515255599 0.01670904445395209 0.015163234228978171 -0.047819849983685186 -0.0081169295792271612 0.0018314701928580474 -0.013295710710890467 -0.0076704457778759951 0.020948773881841312 -0.021439883193022081 -0.034542714133824634 0.017498009698610078
leaf_weight=158.35495440661907 24112.777015887201 175.24797105044127 559.8734499886632 1636.6983789429069 450.97896400094032 155.52572558820248 410.40873006731272 13988.436634294689 2191.5928960070014 1730.6385371983051 583.83230851590633 196.04661174118519 140.10520509630442 345.32070319354534
leaf_count=684 106950 942 4162 9663 2882 739 2364 61726 9736 7443 2620 974 591 1540
internal_value=8.65598e-06 0.00637203 0.00763763 0.0135983 0.000745518 -0.00511262 -0.0196686 -0.000514112 -0.00163417 -0.00645852 -0.00142939 0.0101565 -0.00553403 -0.00342004
internal_weight=46835.8 3547.09 3388.73 1811.95 1576.79 1125.81 565.934 43288.7 29300.3 5187.54 2995.94 779.879 2216.06 2075.96
internal_count=213016 21436 20752 10605 10147 7265 3103 191580 129854 22904 13168 3594 9574 8983
is_linear=0
shrinkage=0.03


Tree=98
num_leaves=15
num_cat=0
split_feature=245 224 224 101 165 244 238 233 224 244 229 244 228 119
split_gain=172.128 139.634 127.161 125.921 121.569 115.209 113.059 91.3352 82.1994 79.094 155.531 133.954 173.915 124.21
threshold=-0.099457733333110795 1.5000000000000002 64.500000000000014 3.5000000000000004 6.5000000000000009 0.13983219861984256 -0.10774684697389601 55.500000000000007 1.5000000000000002 0.022354646585881714 3.5000000000000004 0.032521236687898643 3.5000000000000004 81.500000000000014
decision_type=2 10 10 8 8 2 10 10 10 2 10 2 10 8
left_child=1 -1 5 7 -5 9 -6 -2 -9 10 -3 12 -11 -14
right_child=3 2 -4 4 6 -7 -8 8 -10 11 -12 -13 13 -15
leaf_value=0.014491951778501462 -0.011054172644446317 0.017910140404427261 0.018696577914150848 -0.0062450239653099211 0.0025851636979000877 -0.045106840932780425 -0.00091698753048117772 -0.015853826057508798 0.0023477563987742245 -0.04095322978610294 0.00065949716449016985 0.002701050533899658 -0.017880726925042934 0.019238729481662175
leaf_weight=1117.2752792686224 1682.9632164388895 602.02027376741171 394.83510916680098 2663.6192883849144 13217.877978757024 38.083476021885872 22242.991786971688 261.62798361480236 1245.8877515941858 163.31109200417995 2036.081541351974 896.81826636940241 198.8706791549921 122.90102239698172
leaf_count=8003 7057 3535 2392 11881 60408 225 95722 1144 5276 780 9813 5319 972 723
internal_value=0.000111796 0.00505737 0.00266298 -0.000556042 -7.62119e-05 0.00106086 0.000388784 -0.0062716 -0.000894768 0.00160907 0.0046489 -0.00418579 -0.0167155 -0.00355037
internal_weight=46885.2 5570.2 4452.92 41315 38124.5 4058.09 35460.9 3190.48 1507.52 4020 2638.1 1381.9 485.083 321.772
internal_count=213250 31762 23759 181488 168011 21367 156130 13477 6420 21142 13348 7794 2475 1695
is_linear=0
shrinkage=0.03


Tree=99
num_leaves=15
num_cat=0
split_feature=239 230 229 215 248 230 193 246 122 230 243 78 229 233
split_gain=122.671 106.914 159.098 140.145 136.001 119.479 107.592 106.579 89.6301 117.449 90.5224 86.9593 86.8799 73.2817
threshold=-0.042636269703507416 80.500000000000014 78.500000000000014 52.500000000000007 0.28787878155708319 66.500000000000014 74.500000000000014 0.063522674143314375 33.500000000000007 59.500000000000007 -0.032071664929389947 39.500000000000007 87.500000000000014 53.500000000000007
decision_type=8 8 10 10 2 10 8 2 10 10 2 8 10 10
left_child=-1 2 3 8 7 -4 -6 11 9 10 -2 -3 -7 -5
right_child=1 4 5 13 6 12 -8 -9 -10 -11 -12 -13 -14 -15
leaf_value=0.0047887790554981078 0.0079985225665496103 0.0014747006833344136 -0.022240533398813205 -0.0092829257694595664 0.00028791563229153979 -0.011602016730585318 0.0098292831300607428 0.0079348912754135179 -0.0010401071633204266 -0.0073958807574508421 0.00096993536111730479 -0.0091701559724017313 0.011312611604119518 -0.001683777971808139
leaf_weight=4397.6258231848478 2994.3900397494435 1232.1885607093573 541.11952759325504 2403.5267138257623 1739.5201929211617 381.90118078887463 2730.0936081111431 791.58553411066532 21097.350554019213 892.74359691143036 3663.0494919866323 1554.6300229132175 230.59568976610899 2178.2556187659502
leaf_count=22623 13673 5442 2303 10205 8142 1660 13693 3902 94989 3727 15678 6752 1062 9302
internal_value=2.51904e-05 -0.000469529 -0.00119817 -0.000816091 0.00264101 -0.0121022 0.00612483 -0.0017154 -3.61925e-05 0.00276669 0.00413852 -0.0044751 -0.00293187 -0.0056817
internal_weight=46828.6 42431 34382.9 33229.3 8048.02 1153.62 4469.61 3578.4 28647.5 7550.18 6657.44 2786.82 612.497 4581.78
internal_count=213153 190530 152599 147574 37931 5025 21835 16096 128067 33078 29351 12194 2722 19507
is_linear=0
shrinkage=0.03


Tree=100
num_leaves=15
num_cat=0
split_feature=245 242 193 76 224 119 245 228 232 63 246 226 243 246
split_gain=146.823 129.783 121.196 156.645 105.716 97.8679 97.4079 102.146 92.49 91.156 100.587 95.701 88.9713 80.2508
threshold=-0.20590560883283612 0.019747124984860424 74.500000000000014 86.500000000000014 82.500000000000014 97.500000000000014 -0.043975865468382828 93.500000000000014 87.500000000000014 77.500000000000014 0.02009451296180487 3.5000000000000004 -0.098864674568176256 0.16108135133981707
decision_type=2 8 10 10 10 10 2 10 8 10 2 8 2 2
left_child=-1 4 3 8 9 -4 7 -6 -3 10 -2 -12 -13 -10
right_child=1 2 5 -5 6 -7 -8 -9 13 -11 11 12 -14 -15
leaf_value=0.021356998020870991 -0.0018441805805500559 -0.0018965602705125434 0.003087414285719391 0.0055954913692765392 0.017104591054453808 0.013626435310922608 -0.0032970124907517277 -0.007959619352477033 0.0039458456483086072 0.00081061212178249462 0.0034688961753241232 -0.042741900097175427 -0.0091348620894966866 -0.017460056403552648
leaf_weight=278.7096289023757 4577.0783475041389 17880.812051095068 5673.4718434363604 3838.6764051616192 660.81915735453367 914.14358721673489 713.74485583603382 180.70148923993111 3938.6427276208997 3326.3637841939926 555.04394157975912 63.075301252305508 3919.4938902705908 154.40539480745792
leaf_count=2591 19004 80047 25460 19429 3142 4790 3040 951 19211 14611 2633 291 16409 902
internal_value=2.94916e-05 -0.0001032 0.000939658 1.21769e-05 -0.00251626 0.00456832 0.00483623 0.0116922 -0.00096529 -0.00343855 -0.00498845 -0.00814904 -0.00977285 0.00309775
internal_weight=46675.2 46396.5 32400.2 25812.5 13996.3 6587.62 1555.27 841.521 21973.9 12441.1 9114.69 4537.61 3982.57 4093.05
internal_count=212511 209920 149839 119589 60081 30250 7133 4093 100160 52948 38337 19333 16700 20113
is_linear=0
shrinkage=0.03


Tree=101
num_leaves=15
num_cat=0
split_feature=120 231 98 229 77 248 66 68 233 61 148 229 137 53
split_gain=109.091 154.695 142.777 113.348 159.682 110.98 107.315 106.404 93.6659 81.7029 81.6379 85.1122 146.133 75.6417
threshold=98.500000000000014 92.500000000000014 42.500000000000007 57.500000000000007 27.500000000000004 0.85353535413742077 75.500000000000014 74.500000000000014 45.500000000000007 25.500000000000004 12.500000000000002 3.5000000000000004 93.500000000000014 6.5000000000000009
decision_type=10 10 8 10 10 2 10 10 10 10 8 8 8 10
left_child=2 7 6 4 9 -6 8 -2 13 -3 11 -4 -13 -1
right_child=1 3 10 -5 5 -7 -8 -9 -10 -11 -12 12 -14 -15
leaf_value=-0.0097626503374361861 0.011460348586590376 0.0081603177770274773 0.012480259434881628 0.014548907605355311 -0.023168713778543445 0.012520166469104912 0.0016583445866420745 -0.0022578247124861246 -0.00073473718615999384 -0.012923170391350706 0.0037268416267003859 -0.0024472944827325857 -0.030273558944441788 -0.0033065886683518201
leaf_weight=1997.8247354328632 2329.5409756824374 590.95595507323742 251.90528126060963 270.87681199610233 512.68711061775684 85.719462260603905 7535.763737924397 646.56007816642523 13110.125905275345 218.49306127429008 8866.3457000181079 1318.055755995214 185.38465474545956 8887.6772397607565
leaf_count=8774 12052 3935 1291 1598 2633 481 34791 3196 56704 1258 41400 5906 846 38259
internal_value=3.18428e-05 0.00438506 -0.000449796 -0.00288617 -0.0063197 -0.0179347 -0.00146313 0.00848249 -0.0024437 0.00238104 0.00255691 -0.00334013 -0.00605583 -0.00449935
internal_weight=46807.9 4654.83 42153.1 1678.73 1407.86 598.407 31531.4 2976.1 23995.6 809.449 10621.7 1755.35 1503.44 10885.5
internal_count=213124 25153 187971 9905 8307 3114 138528 15248 103737 5193 49443 8043 6752 47033
is_linear=0
shrinkage=0.03


Tree=102
num_leaves=15
num_cat=0
split_feature=57 242 231 137 47 120 76 248 231 226 140 226 226 121
split_gain=129.42 122.441 114.497 185.383 141.447 101.795 112.79 124.813 192.602 158.761 155.164 143.486 256.45 129.682
threshold=70.500000000000014 0.024909113533794883 86.500000000000014 22.500000000000004 42.500000000000007 98.500000000000014 96.500000000000014 0.71212121844291698 60.500000000000007 44.500000000000007 55.500000000000007 12.500000000000002 1.0000000180025095e-35 47.500000000000007
decision_type=8 8 8 10 10 10 10 2 10 10 10 8 10 8
left_child=5 2 -2 4 -4 6 7 -1 10 11 -9 12 -10 -13
right_child=1 -3 3 -5 -6 -7 -8 8 9 -11 -12 13 -14 -15
leaf_value=-0.0010433770333723336 0.0016866927963442285 0.0052372558145370183 -0.0074912389020498652 0.00030625478153339209 -0.035384517971541511 0.0044288927317005745 0.0086714606133711306 -0.01539916534754121 -0.020077613397746812 0.010434836040960958 0.0017293718325892841 0.0090748081355883203 0.013267255282614828 -0.019838978354767983
leaf_weight=22514.619627773762 6648.6852471008897 6686.147640556097 403.46625752747059 1240.3693452849984 273.69164498895407 2666.9141704589128 906.30596287548542 2154.9419074207544 293.51021195948124 834.25833112001419 607.70941180735826 168.15198995172977 647.44378615915775 689.01257322728634
leaf_count=98921 28765 34023 1944 6287 1218 13933 4232 9001 1305 3908 2657 719 3067 2963
internal_value=-6.92043e-05 0.00219808 -0.000177418 -0.00661611 -0.0191159 -0.00116797 -0.00168732 -0.00202668 -0.00612072 -0.000307522 -0.0116387 -0.00532171 0.00276429 -0.0141277
internal_weight=46735.2 15252.4 8566.21 1917.53 677.158 31482.9 28816 27909.6 5395.03 2632.38 2762.65 1798.12 940.954 857.165
internal_count=212943 72237 38214 9449 3162 140706 126773 122541 23620 11962 11658 8054 4372 3682
is_linear=0
shrinkage=0.03


Tree=103
num_leaves=15
num_cat=0
split_feature=238 242 226 226 248 243 231 244 37 117 248 243 237 67
split_gain=138.818 110.517 113.547 139.217 127.419 144.107 122.84 130.514 118.36 105.468 110.308 164.591 104.334 101.636
threshold=-0.12408110871911048 0.044130932539701469 2.5000000000000004 43.500000000000007 0.82323232293128978 -0.087426684796810136 81.500000000000014 0.062363374978303916 19.500000000000004 86.500000000000014 0.83333334326744091 -0.063107468187808977 0.22897648811340335 3.5000000000000004
decision_type=10 8 8 10 2 2 10 2 10 10 2 2 2 10
left_child=1 2 -1 6 5 -5 7 8 9 10 -4 -12 13 -2
right_child=12 -3 3 4 -6 -7 -8 -9 -10 -11 11 -13 -14 -15
leaf_value=0.0074379266466693328 -0.0082817960338742291 0.0090461478854920573 -0.0039078929429780052 -0.03042531063850485 0.018541316825931454 0.0033584058650084647 -0.0086960698337819418 0.029132618270844148 0.007728717377923704 0.0034910114424778018 0.013198910636693916 -0.029435535162849746 0.012955460595477284 -0.00095367233166172697
leaf_weight=2298.790681399405 1802.5180609151721 1897.0300628766418 2006.3234904780984 106.85059518367052 484.43580592423677 4189.7411140874028 2040.1418564245105 124.85059927403927 1122.8602423220873 1323.5884784758091 98.366584919393063 357.33265571296215 453.09408189356327 28369.576908171177
leaf_count=13096 7818 11006 8970 486 2529 19113 10289 746 5255 6544 462 1562 2324 122482
internal_value=6.72783e-06 0.00226585 0.00135131 0.000165732 0.00411534 0.00244955 -0.00250589 1.54247e-05 -0.000782918 -0.00332129 -0.0069829 -0.0201467 -0.0011776 -0.00139406
internal_weight=46675.5 16050.3 14153.3 11854.5 4781.03 4296.59 7073.46 5033.32 4908.47 3785.61 2462.02 455.699 30625.2 30172.1
internal_count=212682 80058 69052 55956 22128 19599 33828 23539 22793 17538 10994 2024 132624 130300
is_linear=0
shrinkage=0.03


Tree=104
num_leaves=15
num_cat=0
split_feature=238 230 231 52 65 226 244 252 67 144 226 142 231 222
split_gain=143.884 128.557 186.788 162.035 123.43 103.825 98.9493 98.8616 92.2567 87.7536 106.182 80.8852 79.3056 80.7402
threshold=-0.11318949237465857 3.5000000000000004 92.500000000000014 9.5000000000000018 98.500000000000014 41.500000000000007 0.0029695603298023347 0.21341408044099811 5.5000000000000009 81.500000000000014 4.5000000000000009 32.500000000000007 17.500000000000004 3.5000000000000004
decision_type=10 10 8 10 10 10 2 2 10 10 8 10 10 10
left_child=1 2 12 5 -4 6 -3 8 9 10 -2 -7 -1 -14
right_child=7 3 4 -5 -6 11 -8 -9 -10 -11 -12 -13 13 -15
leaf_value=-0.004948120729533499 0.015091799367238361 -0.02791016246876761 -0.0037465322603419241 0.0025600118475348726 0.014867629641802653 0.013575263677583532 -0.0060222353798548706 0.011643411736863828 -0.0011823734039757836 -0.016709920114952315 -0.0072705128304176251 -0.0023653161488519717 0.0051709763944851024 0.016550993851823709
leaf_weight=244.01549459248781 222.67053085565567 190.69991451501846 1809.9139745086432 10248.501042939723 379.17800875008106 404.21621840447187 2743.8647239804268 500.99990375339985 24772.112452037632 664.76445966959 1066.4742928668857 921.7420155107975 853.66096690297127 1698.5206926390529
leaf_count=1226 990 871 10504 47865 2401 1764 12834 2556 106652 2768 4618 4146 4859 8945
internal_value=-2.12404e-05 0.00194571 0.00609666 0.000516228 -0.000469381 -0.00439449 -0.00753456 -0.00142976 -0.00167909 -0.00793843 -0.0033215 0.00255938 0.0112204 0.0127796
internal_weight=46721.3 19494.3 4985.29 14509 2189.09 4260.52 2934.56 27227 26726 1953.91 1289.14 1325.96 2796.2 2552.18
internal_count=212999 95415 27935 67480 12905 19615 13705 117584 115028 8376 5608 5910 15030 13804
is_linear=0
shrinkage=0.03


Tree=105
num_leaves=15
num_cat=0
split_feature=245 228 101 70 81 139 193 69 232 106 245 193 230 230
split_gain=136.7 120.736 110.069 100.207 92.7514 105.14 90.1915 86.0952 85.2029 150.957 81.2391 78.8738 83.3672 74.7741
threshold=-0.11150914430618285 30.500000000000004 2.5000000000000004 11.500000000000002 63.500000000000007 40.500000000000007 86.500000000000014 3.5000000000000004 78.500000000000014 88.500000000000014 -0.20590560883283612 72.500000000000014 80.500000000000014 59.500000000000007
decision_type=2 10 8 8 10 8 8 10 10 10 2 8 10 10
left_child=1 6 -2 -4 5 8 7 -1 -5 -10 -9 13 -13 -7
right_child=2 -3 3 4 -6 11 -8 10 9 -11 -12 12 -14 -15
leaf_value=0.012501657317633971 -0.0061700310476335103 0.028685051303716125 0.0031766090332035709 -0.0013509812767681421 0.0020889270302970261 -0.0030463260529465259 0.012655396428497395 0.020097373549076387 0.0053412825049203947 -0.021078131240635463 -0.0030911642757194017 -0.0032617468303362458 0.004270519737599082 -0.0096894978649090541
leaf_weight=492.34960209578276 2824.8173876479268 184.45620188117027 7106.9288136735559 8457.4802667945623 7915.1957225799561 3506.220230281353 857.66147579997778 136.77330316603184 3750.177350781858 195.52606645226479 1845.0045520141721 4995.1432750746608 1787.9072420448065 2707.7350020706654
leaf_count=3238 12088 1280 31426 37649 36211 14926 5332 1306 16951 956 10390 21998 7964 11498
internal_value=7.40745e-06 0.00568719 -0.0004556 -5.48334e-05 -0.00074492 -0.00162848 0.00433194 0.00140727 0.000347426 0.00398211 -0.00139793 -0.00351292 -0.00127299 -0.00595201
internal_weight=46763.4 3516.25 43247.1 40422.3 33315.4 25400.2 3331.79 2474.13 12403.2 3945.7 1981.78 12997 6783.05 6213.96
internal_count=213213 21546 191667 179579 148153 111942 20266 14934 55556 17907 11696 56386 29962 26424
is_linear=0
shrinkage=0.03


Tree=106
num_leaves=15
num_cat=0
split_feature=236 233 51 231 244 63 56 231 189 231 178 50 66 193
split_gain=108.295 100.164 108.637 99.6664 99.0136 97.9925 78.5454 134.863 148.922 96.2703 95.2761 93.0585 87.976 74.1818
threshold=-0.11864726617932318 61.500000000000007 3.5000000000000004 81.500000000000014 0.1067665070295334 62.500000000000007 36.500000000000007 92.500000000000014 50.500000000000007 97.500000000000014 11.500000000000002 39.500000000000007 26.500000000000004 88.500000000000014
decision_type=2 10 8 10 2 10 10 10 10 10 8 10 10 10
left_child=13 2 3 -2 5 -4 7 8 11 -9 -8 -3 -12 -1
right_child=1 6 4 -5 -6 -7 10 9 -10 -11 12 -13 -14 -15
leaf_value=0.0026750368686077946 -0.0056374793050816699 0.0028014666037798753 -0.0028277667485986577 -0.025162291372079471 0.017471006762636951 0.0012180866529489952 -0.0069477916230357524 -0.013047526678531004 0.011462660892537049 0.0026935476932392153 -0.0038013935366990191 -0.021935244337001669 0.0036606222935655448 0.013157698574870657
leaf_weight=4910.6588057428598 1784.9011636972427 4447.3128429055214 13976.181037284434 263.15657146275043 246.62793678790331 8756.5506191328168 1733.8157024532557 680.0868267044425 2250.5826627090573 703.13895012438297 2204.2919791787863 131.28076386451721 3965.4404935464263 685.03008845448494
leaf_count=28085 7484 19243 60878 1145 1410 39237 7647 3120 10404 3398 9272 584 17348 3880
internal_value=6.77026e-05 -0.00046516 -0.00165271 -0.00825631 -0.00106083 -0.00126947 0.00137894 0.00343175 0.00516148 -0.00508392 -0.000755726 0.00204594 0.000992792 0.00397952
internal_weight=46739.1 41143.4 25027.4 2048.06 22979.4 22732.7 16116 8212.4 6829.18 1383.23 7903.55 4578.59 6169.73 5595.69
internal_count=213135 181170 110154 8629 101525 100115 71016 36749 30231 6518 34267 19827 26620 31965
is_linear=0
shrinkage=0.03


Tree=107
num_leaves=15
num_cat=0
split_feature=57 231 134 244 249 224 229 229 246 229 101 249 233 101
split_gain=104.838 110.629 196.159 164.301 214.507 148.525 135.554 114.867 138.144 101.034 98.628 90.0248 87.9454 85.9493
threshold=64.500000000000014 88.500000000000014 49.500000000000007 0.032521236687898643 0.82323232293128978 13.500000000000002 5.5000000000000009 1.0000000180025095e-35 0.039429554715752609 12.500000000000002 4.5000000000000009 0.6111111342906953 46.500000000000007 22.500000000000004
decision_type=8 10 10 2 2 10 8 10 2 10 10 2 8 8
left_child=-1 6 5 -4 13 7 10 -3 9 -9 11 12 -2 -5
right_child=1 2 3 4 -6 -7 -8 8 -10 -11 -12 -13 -14 -15
leaf_value=-0.001170972345852119 -0.012898755515594875 0.0010931309851042259 0.013760366069626797 -0.020226973811277315 0.016350968543664423 0.0023730596055690409 0.0016745767681867992 -0.037596304833550698 -0.0032431580515853487 0.0076575108956422888 0.016238250400247931 0.025314965597564191 0.0066156967335878319 -0.00064612245245587643
leaf_weight=28766.424839451909 314.15995940566063 194.69050996750593 742.20106256753206 487.41376059502363 318.10313088446856 421.1823977008462 12689.049960143864 443.01743101328611 193.52245377004147 45.83103135228157 1068.2730699703097 132.32603043317795 569.28888845443726 340.56904126703739
leaf_count=128403 1482 1208 3821 2866 1873 2000 57420 1958 987 189 5356 845 2975 1717
internal_value=-4.82953e-05 0.00174958 -0.00331286 0.00285925 -0.00425823 -0.0122434 0.00284304 -0.0192101 -0.0249351 -0.0332852 0.00991543 0.00317235 -0.000390465 -0.0122767
internal_weight=46726.1 17959.6 3186.53 1888.29 1146.09 1298.24 14773.1 877.061 682.371 488.848 2084.05 1015.77 883.449 827.983
internal_count=213100 84697 16619 10277 6456 6342 68078 4342 3134 2147 10658 5302 4457 4583
is_linear=0
shrinkage=0.03


Tree=108
num_leaves=15
num_cat=0
split_feature=238 231 230 244 230 229 244 245 249 231 6 245 244 229
split_gain=145.893 103.558 280.853 221.424 194.557 151.797 209.825 136.389 259.736 189.554 152.772 163.548 129.098 124.069
threshold=-0.25163900852203364 91.500000000000014 62.500000000000007 0.0042838561348617086 18.500000000000004 5.5000000000000009 0.0019773815292865042 -0.071768112480640397 0.74242421984672557 76.500000000000014 6.5000000000000009 -0.073769964277744279 0.047676445916295059 11.500000000000002
decision_type=10 10 8 2 10 8 2 2 2 10 10 2 2 10
left_child=-1 5 3 -3 13 -2 -7 8 9 -8 -11 -12 -9 -5
right_child=1 2 -4 4 -6 6 7 12 -10 10 11 -13 -14 -15
leaf_value=0.0094857642680863091 0.0054311312089259708 0.016843148072579351 0.0075333383373813161 -0.0083928479726494472 -0.020042548958563128 -0.012167996768280214 0.0023526428286049718 -0.0018459275978037772 -0.017192100392640186 -0.0135936562301036 0.022207609916559241 -0.0088700359081694269 0.0062786137117655707 0.0076910085989655933
leaf_weight=1346.7382134124637 4208.98846886307 294.56560561805964 1383.8942775651813 2465.2208825945854 1165.63957439363 1344.6292370259762 6709.2768280804157 23454.043286979198 521.73388973623514 148.52015157043934 1076.0498307496309 171.74502176046371 1893.2431131154299 514.58724957704544
leaf_count=9513 20205 1444 7071 12148 4976 5705 30917 100390 2424 695 5490 763 8923 2337
internal_value=-0.000208023 -0.000497909 -0.00422904 -0.00790391 -0.00969868 5.27493e-05 -0.000589548 -0.000127856 0.00312806 0.00445558 0.0144716 0.0178936 -0.00123685 -0.00559887
internal_weight=46698.9 45352.1 5823.91 4440.01 4145.45 39528.2 35319.2 33974.6 8627.33 8105.59 1396.32 1247.79 25347.3 2979.81
internal_count=213001 203488 27976 20905 19461 175512 155307 149602 40289 37865 6948 6253 109313 14485
is_linear=0
shrinkage=0.03


Tree=109
num_leaves=15
num_cat=0
split_feature=238 245 78 244 222 229 244 248 246 246 66 224 229 47
split_gain=133.841 106.551 118.56 103.626 94.0715 149.337 125.48 84.7052 83.6682 83.2904 82.4294 80.0416 172.781 133.335
threshold=-0.12156971544027327 -0.20590560883283612 8.5000000000000018 0.094041008502244963 3.5000000000000004 27.500000000000004 0.014560965821146967 0.55050507187843334 0.2755925059318543 0.019301841966807846 70.500000000000014 32.500000000000007 22.500000000000004 46.500000000000007
decision_type=10 2 8 2 10 10 2 2 2 2 10 10 10 10
left_child=1 -1 8 4 5 6 7 -2 -3 -7 -4 13 -13 -6
right_child=3 2 10 -5 11 9 -8 -9 -10 -11 -12 12 -14 -15
leaf_value=0.020554262746892892 -0.022212362066884889 -0.0023813241394830434 0.0015010581093943514 0.01514180237498306 0.0049620620319962951 -0.013106616497925798 -0.020486207744380276 0.00038493253580627272 -0.030149478603794039 0.026816947004929068 0.0066271714632014584 -0.011852694056736496 -0.0012298492830627079 -0.0022948690280592933
leaf_weight=268.1867311745882 173.56183286756277 3231.550332993269 9020.0337978154421 334.82992336153984 4563.0093439072371 59.378193452954292 699.07131388783455 797.95395867526531 90.835103914141655 150.76352462172508 4105.211694739759 1488.9036876782775 17136.704335391521 4533.1102119088173
leaf_count=2619 755 16364 42836 1753 19738 262 3085 3449 486 741 21061 6468 74096 19284
internal_value=-1.01163e-05 0.00213953 0.00182696 -0.00121071 -0.00140072 -0.00787561 -0.0108846 -0.00383726 -0.00322871 0.0154531 0.00310819 -0.000958764 -0.00208493 0.00134697
internal_weight=46653.1 16715.8 16447.6 29937.3 29602.5 1880.73 1670.59 971.516 3322.39 210.142 13125.2 27721.7 18625.6 9096.12
internal_count=212997 83366 80747 129631 127878 8292 7289 4204 16850 1003 63897 119586 80564 39022
is_linear=0
shrinkage=0.03


Tree=110
num_leaves=15
num_cat=0
split_feature=245 245 222 140 226 243 242 245 229 243 70 229 243 222
split_gain=124.753 97.4713 138.786 146.659 209.437 191.628 163.407 187.361 161.557 153.792 144.17 139.374 215.356 211.376
threshold=-0.20590560883283612 -0.044325016438961022 40.500000000000007 55.500000000000007 6.5000000000000009 -0.039191382005810731 0.023087766952812675 -0.11150914430618285 14.500000000000002 -0.01061772834509611 22.500000000000004 43.500000000000007 -0.03936598822474479 4.5000000000000009
decision_type=2 2 8 8 10 2 10 2 10 2 8 10 2 10
left_child=-1 2 3 4 5 6 7 -2 -7 11 -4 12 13 -6
right_child=1 -3 10 -5 9 8 -8 -9 -10 -11 -12 -13 -14 -15
leaf_value=0.020334699012468281 0.014365812131069135 -0.0022089875238075316 0.011913031770660245 0.0032727499931113169 -0.0096261519606081047 0.016649555252897047 0.0075722624325761639 -0.012632581111893956 -0.020093732505598299 -0.027406402662873697 0.0021302432668102284 0.0029291484496908843 -0.00924431227395822 0.0028455757948614474
leaf_weight=262.02989998459816 280.39921426773071 13301.160699725151 1741.5309807211161 7499.3526615947485 1708.0470561906695 1230.3922162055969 1241.679331228137 1145.0134791657329 109.55306193232536 227.62981773912907 6029.202193275094 2782.6691713854671 4891.6701138839126 4235.4753794372082
leaf_count=2589 1848 57902 8073 35960 7507 5728 7104 5116 480 937 28518 11897 20475 18943
internal_value=7.79752e-05 -4.07145e-05 0.00083041 -0.000245146 -0.00172392 0.00430884 -0.000351477 -0.00725853 0.0135189 -0.00347172 0.0043352 -0.00305182 -0.00458912 -0.000748693
internal_weight=46685.8 46423.8 33122.6 25351.9 17852.5 4007.04 2667.09 1425.41 1339.95 13845.5 7770.73 13617.9 10835.2 5943.52
internal_count=213077 210488 152586 115995 80035 20276 14068 6964 6208 59759 36591 58822 46925 26450
is_linear=0
shrinkage=0.03


Tree=111
num_leaves=15
num_cat=0
split_feature=245 149 140 61 231 231 98 222 248 174 245 222 249 249
split_gain=126.656 93.352 95.4435 128.326 102.037 105.973 76.1524 75.7132 78.315 70.7548 70.0658 111.707 83.4226 117.573
threshold=-0.20590560883283612 23.500000000000004 30.500000000000004 12.500000000000002 89.500000000000014 10.500000000000002 30.500000000000004 1.5000000000000002 0.76262626051902782 11.500000000000002 -0.071332886815071092 89.500000000000014 0.55050507187843334 0.76262626051902782
decision_type=2 8 10 10 8 10 10 10 2 8 2 10 2 2
left_child=-1 -2 3 4 5 -3 -5 8 -7 -6 11 12 -4 -14
right_child=1 2 10 6 9 7 -8 -9 -10 -11 -12 -13 13 -15
leaf_value=0.020408764584481751 -0.0026725811557278107 -0.011079836761489784 0.0072614032925509761 -0.0041839248134029824 -0.014203132358740732 -0.018044545183249796 0.001157780218772015 0.0094801750972532614 0.016096449088190953 0.00089988677827934432 0.00083782751584241021 -0.019286093246928451 -0.010956559000663599 0.0080828905424052862
leaf_weight=262.22248347848654 10045.770559504628 282.04037274420261 4558.1604958027601 8685.646958976984 396.03521155565977 179.20408508181572 3313.5695065632463 2586.9045415446162 79.832573510706425 890.05511213839054 14070.437306597829 159.65179037302732 594.00304778665304 555.23846654593945
leaf_count=2623 45088 1233 22453 37437 2097 932 14467 12354 477 5080 61708 859 3165 3124
internal_value=5.4079e-06 -0.00011428 0.000593263 -0.00110062 0.00326808 0.00618717 -0.00270908 0.00793118 -0.00731542 -0.0038246 0.00198758 0.00473882 0.00544342 -0.00176756
internal_weight=46658.8 46396.6 36350.8 16413.3 4414.07 3127.98 11999.2 2845.94 259.037 1286.09 19937.5 5867.05 5707.4 1149.24
internal_count=213097 210474 165386 74077 22173 14996 51904 13763 1409 7177 91309 29601 28742 6289
is_linear=0
shrinkage=0.03


Tree=112
num_leaves=15
num_cat=0
split_feature=245 228 230 244 117 244 245 239 57 249 249 230 52 228
split_gain=123.7 146.715 114.605 170.299 166.269 257.905 159.471 151.913 147.955 158.227 140.178 118.885 101.766 106.999
threshold=-0.075521316379308687 27.500000000000004 3.5000000000000004 0.021064508706331257 78.500000000000014 0.0039171681273728618 -0.085616555064916597 -0.032243389636278146 60.500000000000007 0.83333334326744091 0.54040405154228222 47.500000000000007 6.5000000000000009 4.5000000000000009
decision_type=2 10 10 2 10 2 2 10 8 2 2 10 8 10
left_child=1 2 3 12 5 7 -7 -4 -5 -10 11 -6 -1 -14
right_child=-2 -3 4 8 10 6 -8 -9 9 -11 -12 -13 13 -15
leaf_value=0.017815885873318112 -0.00086637662498805206 0.0089784904620282251 -0.0033721847923795303 -0.014098477522487617 0.0039430043953188436 -0.0065921989822823688 0.0082557892365378791 -0.033497509505083227 -0.00095846097758111042 0.026509992011532795 -0.005904951290396635 0.020249454500178017 -0.0034263060490645762 0.015316844334871148
leaf_weight=997.01062796264887 33150.547490790486 2568.0523748025298 238.20049813389778 572.86363718658686 1854.0195317566395 2072.189039953053 937.50990995764732 411.62711194902658 988.94948477298021 223.06678555160761 986.13744662702084 506.61614049971104 636.97415040433407 467.42672172933817
leaf_count=5699 144368 13281 1058 3131 9028 9382 4056 1745 6240 1608 5040 2504 3389 2436
internal_value=0.000118456 0.00254272 0.00101857 0.00514345 -0.00127351 -0.0056858 -0.00195508 -0.0226732 -0.00166938 0.00427257 0.00355368 0.00751319 0.0109106 0.00457281
internal_weight=46611.2 13460.6 10892.6 3886.29 7006.3 3659.53 3009.7 649.828 1784.88 1212.02 3346.77 2360.64 2101.41 1104.4
internal_count=212965 68597 55316 22503 32813 16241 13438 2803 10979 7848 16572 11532 11524 5825
is_linear=0
shrinkage=0.03


Tree=113
num_leaves=15
num_cat=0
split_feature=120 226 4 243 192 75 230 243 71 243 53 243 226 226
split_gain=102.797 109.919 127.528 111.743 109.297 108.045 121.066 95.4806 131.095 128.416 127.612 112.618 131.939 105.527
threshold=98.500000000000014 12.500000000000002 3.5000000000000004 -0.098864674568176256 79.500000000000014 55.500000000000007 3.5000000000000004 -0.04822121933102607 50.500000000000007 -0.047064391896128648 7.5000000000000009 -0.087426684796810136 23.500000000000004 40.500000000000007
decision_type=10 8 8 2 10 8 8 2 10 2 8 2 10 10
left_child=1 3 -3 -1 -2 6 -4 8 11 -9 -11 13 -13 -7
right_child=4 2 5 -5 -6 7 -8 9 -10 10 -12 12 -14 -15
leaf_value=0.020080130751619057 0.0017541728272571387 -0.0080048610264541863 -0.019021538161115247 0.0020252108738432516 0.012683659447401118 0.0091616797532596134 -0.0018744293536718383 -0.024439702025795981 -0.0027911748116864797 -0.0080659606024451672 0.0016571405913166912 0.0020296746313764164 0.020296978248663985 -0.033995397054594409
leaf_weight=311.54682978242636 3502.1615024581552 2267.6601652428508 369.02584644407034 7744.243017077446 1068.3678878694773 107.58962241560221 16974.098790943623 178.83506022393703 914.81451407819986 1368.9519382491708 10200.433652594686 552.84479343891144 1001.0523516908288 81.719648227095604
leaf_count=2007 19480 10020 1622 36129 5647 772 73691 784 4228 5825 45234 2896 4523 377
internal_value=6.31445e-05 -0.000401415 -0.00114772 0.00274749 0.00433107 -0.000655587 -0.00225004 0.00126414 0.00638738 0.000100566 0.000500679 0.0111926 0.0138524 -0.010239
internal_weight=46643.3 42072.8 34017 8055.79 4570.53 31749.4 17343.1 14406.2 2658.02 11748.2 11569.4 1743.21 1553.9 189.309
internal_count=213235 188108 149972 38136 25127 139952 75313 64639 12796 51843 51059 8568 7419 1149
is_linear=0
shrinkage=0.03


Tree=114
num_leaves=15
num_cat=0
split_feature=245 244 230 244 224 224 246 57 222 230 230 230 209 230
split_gain=112.264 101.633 140.488 177.793 107.994 189.448 204.532 125.027 105.981 127.269 102.667 102.055 97.8398 84.1547
threshold=-0.09883002936840056 0.021734355017542843 2.5000000000000004 0.0027341865934431557 2.5000000000000004 16.500000000000004 0.050049435347318656 91.500000000000014 21.500000000000004 43.500000000000007 24.500000000000004 53.500000000000007 50.500000000000007 80.500000000000014
decision_type=2 2 8 2 10 10 2 10 10 10 10 10 10 10
left_child=1 2 -1 -4 -3 6 -6 -8 9 10 -5 -11 -2 -14
right_child=12 4 3 8 5 -7 7 -9 -10 11 -12 -13 13 -15
leaf_value=0.017473756743731507 0.00018051810332554949 0.0082526378096613416 -0.018378941330846887 0.0029574097734062373 -0.042692870385064877 0.0043486269020083824 -0.013571303703887821 0.02511449396172755 0.022265200103444509 -0.029685052945335608 0.020298877411386387 0.00043947885913354413 -0.0057694998872762308 0.0037350062534203484
leaf_weight=895.76778950542212 35314.021793432534 747.06308038532734 281.74437575787306 1083.789240732789 191.44597379118204 775.26501954346895 392.12826492637396 82.889171786606312 319.0880790874362 148.55489702522755 421.29563184082508 279.06822450459003 4650.5013852268457 1015.0514962226152
leaf_count=5671 156334 5601 1383 5794 917 4523 2196 543 1856 634 1967 1398 19541 4637
internal_value=0.000138529 0.00411153 0.00732774 0.00368588 -0.000937904 -0.00572423 -0.0173326 -0.00644212 0.00651568 0.00381423 0.00791348 -0.0104649 -0.00040702 -0.00406307
internal_weight=46597.7 5618.1 3429.31 2533.54 2188.79 1441.73 666.463 475.017 2251.8 1932.71 1505.08 427.623 40979.6 5665.55
internal_count=212995 32483 18703 13032 13780 8179 3656 2739 11649 9793 7761 2032 180512 24178
is_linear=0
shrinkage=0.03


Tree=115
num_leaves=15
num_cat=0
split_feature=238 140 245 222 23 242 60 63 64 246 92 244 245 246
split_gain=118.018 102.879 103.439 95.2607 96.4803 93.0983 100.795 90.9277 95.5351 124.354 84.8245 82.8999 79.4944 75.6018
threshold=-0.12883383780717847 28.500000000000004 -0.044325016438961022 59.500000000000007 47.500000000000007 0.041671160608530051 79.500000000000014 88.500000000000014 92.500000000000014 0.054679449647665031 66.500000000000014 0.11348605155944826 -0.053768776357173913 0.037281651049852378
decision_type=10 10 2 10 10 8 10 10 10 2 10 2 2 2
left_child=5 3 7 4 13 6 11 8 9 -3 -4 -1 -11 -2
right_child=1 2 10 -5 -6 -7 -8 -9 -10 12 -12 -13 -14 -15
leaf_value=3.89947078291169e-05 -0.004584067980189256 0.0034469878345750409 -0.0036131339841552206 0.003594806461630397 -0.011759005702508188 0.0078654317714550222 0.0061489604208620876 0.0079673214324496103 -0.0057223544258580023 -0.012069181112483273 0.0063360473295982298 -0.02336008679547685 0.0060758482620717116 0.0022181268207842946
leaf_weight=9478.1304255947471 7173.9623831212521 7662.9825033918023 6825.3336793780327 1567.4345218911767 1355.3490893244743 2189.0964827761054 2814.6557419672608 1894.5699467286468 1667.6936646848917 811.41960257291794 860.12271553277969 128.25687514990568 288.43821580708027 1842.510865457356
leaf_count=45473 30178 33307 29059 6719 5526 12812 15148 8866 7558 3795 3978 752 1320 8408
internal_value=-5.71872e-05 -0.00107851 0.000236667 -0.00328114 -0.00432273 0.00217548 0.00116716 0.00193935 0.000837862 0.00209146 -0.00249288 -0.000297378 -0.00729877 -0.00319313
internal_weight=46560 31949.8 20010.6 11939.3 10371.8 14610.1 12421 12325.1 10430.5 8762.84 7685.46 9606.39 1099.86 9016.47
internal_count=212899 138714 87883 50831 44112 74185 61373 54846 45980 38422 33037 46225 5115 38586
is_linear=0
shrinkage=0.03


Tree=116
num_leaves=15
num_cat=0
split_feature=245 243 193 249 178 245 76 242 231 231 245 229 222 229
split_gain=118.743 91.8807 112.589 125.978 113.611 154.95 109.135 95.1212 89.9934 119.018 115.432 87.6189 86.8597 121.623
threshold=-0.20590560883283612 -0.0086467983201146108 72.500000000000014 0.085858587175607695 70.500000000000014 -0.049014667049050324 83.500000000000014 0.021313502453267578 22.500000000000004 4.5000000000000009 -0.10268675163388251 58.500000000000007 12.500000000000002 68.500000000000014
decision_type=2 2 8 2 8 2 8 8 8 10 2 10 10 8
left_child=-1 2 6 8 -5 -6 12 -8 9 11 -10 -4 -2 -14
right_child=1 -3 3 4 5 -7 7 -9 10 -11 -12 -13 13 -15
leaf_value=0.019848137467261353 -0.0052916590135952315 -0.0046045563522470346 -0.015959557926166757 0.0010852074836857687 0.01281442946773444 0.0021811701910361375 -0.0014700893922198464 0.0065025097619227984 0.012726505391248276 0.0075667220175581751 -0.0038259951966480728 0.022261751636122352 0.00067661648831638538 -0.0061516234951958315
leaf_weight=258.11771229654551 5611.8836085125804 3852.0821161344647 344.88134227693081 4944.1680799946189 2469.7061278298497 2463.8349096477032 2585.6842925995588 2794.2808323428035 397.5842768996954 1848.2561153247952 5485.0216686204076 54.654397591948509 10478.564010262489 3014.9802366271615
leaf_count=2653 25532 16997 1434 22614 12953 11321 11845 14512 2182 7802 23564 230 46218 13293
internal_value=-5.91158e-05 -0.000174245 0.000228356 0.0020284 0.00430314 0.00751928 -0.00109579 0.00267515 -0.000737105 0.00435668 -0.00268757 -0.0103152 -0.00215851 -0.000852502
internal_weight=46603.7 46345.6 42493.5 18008.1 9877.71 4933.54 24485.4 5379.97 8130.4 2247.79 5882.61 399.536 19105.4 13493.5
internal_count=213150 210497 193500 82100 46888 24274 111400 26357 35212 9466 25746 1664 85043 59511
is_linear=0
shrinkage=0.03


Tree=117
num_leaves=15
num_cat=0
split_feature=238 190 231 230 230 229 244 244 222 222 230 243 230 244
split_gain=109.637 94.5705 95.4319 185.393 198.796 158.709 197.97 154.466 148.918 131.988 160.18 127.71 112.606 111.816
threshold=-0.25163900852203364 91.500000000000014 91.500000000000014 62.500000000000007 18.500000000000004 5.5000000000000009 0.0019773815292865042 0.0054192107636481532 13.500000000000002 7.5000000000000009 13.500000000000002 -0.026419281028211113 3.5000000000000004 0.010154518764466049
decision_type=10 10 10 8 10 8 2 2 8 10 8 2 8 2
left_child=-1 2 5 4 7 9 -7 -4 13 10 -2 -12 -11 -9
right_child=1 -3 3 -5 -6 6 -8 8 -10 12 11 -13 -14 -15
leaf_value=0.008413387483247289 -0.001669843731232933 0.0059054195603614303 0.018403063218546581 0.0064556714759259172 -0.017531643786320758 -0.012197560727477652 -0.00030253777935671764 -0.028440718243519413 0.0033850536601613434 0.017990430467853133 0.025559288276977253 -0.020992909812496553 -6.3107687060696128e-05 -0.007344397367024357
leaf_weight=1321.6514573469758 2258.2957263439894 2084.2197645679116 263.4272854924202 1133.3124779164791 1188.6435558646917 1300.5164668262005 32206.945744015276 258.43183932453394 1117.908788010478 1034.0832211077213 341.8111152946949 54.667931720614433 442.72186030447483 1530.3764358684421
leaf_count=9533 10930 9940 1350 5710 5093 5497 141636 1137 5333 5091 1659 231 2074 7698
internal_value=-7.06862e-05 -0.000320482 -0.000622635 -0.00431307 -0.00712138 -8.31425e-05 -0.000767718 -0.0031752 -0.00518717 0.00545727 0.00144356 0.018782 0.0126143 -0.0105334
internal_weight=46537 45215.4 43131.1 5492.1 4358.79 37639 33507.5 3170.14 2906.72 4131.58 2654.77 396.479 1476.81 1788.81
internal_count=212912 203379 193439 26321 20611 167118 147133 15518 14168 19985 12820 1890 7165 8835
is_linear=0
shrinkage=0.03


Tree=118
num_leaves=15
num_cat=0
split_feature=76 193 120 230 108 189 243 231 92 164 230 106 222 212
split_gain=101.008 116.899 118.258 99.6022 85.5314 84.3011 79.3678 87.1664 80.3802 73.2463 68.3611 68.1107 67.6337 64.0642
threshold=86.500000000000014 73.500000000000014 98.500000000000014 80.500000000000014 17.500000000000004 48.500000000000007 -0.021106611937284466 68.500000000000014 51.500000000000007 24.500000000000004 78.500000000000014 16.500000000000004 37.500000000000007 27.500000000000004
decision_type=8 8 10 10 10 10 2 10 10 10 10 8 10 10
left_child=1 9 3 4 10 6 7 -2 -9 -1 13 -8 -12 -3
right_child=5 2 -4 -5 -6 -7 11 8 -10 -11 12 -13 -14 -15
leaf_value=-0.0050879163258975837 0.0065526271478784067 -0.0012346724640936971 0.0086425452816047167 0.0050414649171890381 0.00157492536277497 0.006168440425221351 -0.017800614572349101 -0.006475961657129963 0.013217408438797163 -0.0010800852675636212 -0.029951625348508908 -0.0019703353818607289 0.0079981228890124659 -0.009321300873667929
leaf_weight=5486.646076284349 1992.6664707809687 4157.5616876259446 1736.8119129389524 3205.8512679561973 5869.031520344317 3941.7289824187756 327.93705778568983 1137.0350462272763 213.15185702592134 16230.9800497666 151.38095091283321 896.85982347279787 52.386464759707451 1110.4378561601043
leaf_count=24297 10012 18184 8962 14519 25420 20313 1430 6127 1275 72633 630 4212 224 4633
internal_value=7.61e-06 -0.000654118 0.00126703 0.000381096 -0.000939592 0.00296005 0.000183884 0.00257812 -0.00329268 -0.00209448 -0.00363462 -0.0063187 -0.0202774 -0.00295368
internal_weight=46510.5 38001.1 16283.5 14546.6 11340.8 8509.38 4567.65 3342.85 1350.19 21717.6 5471.77 1224.8 203.767 5268
internal_count=212871 169502 72572 63610 49091 43369 23056 17414 7402 96930 23671 5642 854 22817
is_linear=0
shrinkage=0.03


Tree=119
num_leaves=15
num_cat=0
split_feature=63 245 209 249 245 228 54 86 224 194 165 52 224 228
split_gain=110.398 109.514 102.453 81.9593 95.1056 113.921 83.9311 87.2969 73.6609 84.5353 72.8888 74.6147 95.0363 82.9319
threshold=76.500000000000014 -0.093776538968086229 42.500000000000007 0.27777777612209326 -0.071332886815071092 12.500000000000002 82.500000000000014 1.5000000000000002 76.500000000000014 29.500000000000004 17.500000000000004 8.5000000000000018 29.500000000000004 9.5000000000000018
decision_type=10 2 10 2 2 10 10 10 10 10 8 8 8 8
left_child=1 8 10 4 5 6 -2 -8 9 -1 -3 -12 -13 -14
right_child=3 2 -4 -5 -6 -7 7 -9 -10 -11 11 12 13 -15
leaf_value=0.0052342396020267426 0.0051972208218771243 -0.004471120877959949 -0.0057489954713338086 0.0063049957683426906 -0.0014981436942421208 0.012311504395939275 0.0092305108445298427 -0.018613960049566818 0.015958279277036042 -0.0028232052573225136 -0.0040436000544608209 0.0040302633371112929 -0.018635039766020853 -0.0004553897050258077
leaf_weight=2973.7148153781891 829.5847479775548 4252.390352666378 4607.9472517222166 3462.0688722208142 5322.8709988296032 1179.7703208774328 136.41170561313629 334.38262883573771 360.27223698049784 1921.6530231609941 3688.3586776778102 5225.9740528315306 220.16046613454819 12064.275195173919
leaf_count=16804 4199 18736 19432 17473 23085 5866 753 1583 2218 10204 16114 22770 932 53004
internal_value=-0.00011416 -0.000939091 -0.00163776 0.00247044 0.000763225 0.00560308 -0.000530657 -0.0105219 0.00305242 0.00207202 -0.000891458 -0.000171621 0.000645807 -0.000796096
internal_weight=46579.8 35314.7 30059.1 11265.1 7803.02 2480.15 1300.38 470.794 5255.64 4895.37 25451.2 21198.8 17510.4 12284.4
internal_count=213173 160214 130988 52959 35486 12401 6535 2336 29226 27008 111556 92820 76706 53936
is_linear=0
shrinkage=0.03


Tree=120
num_leaves=15
num_cat=0
split_feature=239 233 230 215 226 226 231 79 231 230 244 231 228 243
split_gain=86.4063 79.08 92.5563 99.8459 83.3876 219.935 99.8151 84.3524 83.9739 126.195 80.3135 79.8595 80.8309 79.7806
threshold=-0.042636269703507416 68.500000000000014 80.500000000000014 50.500000000000007 49.500000000000007 42.500000000000007 61.500000000000007 16.500000000000004 85.500000000000014 17.500000000000004 0.055755071341991431 20.500000000000004 21.500000000000004 -0.089691597968339906
decision_type=10 10 8 10 10 10 10 10 10 10 2 10 10 2
left_child=-1 2 3 4 5 8 7 -6 -2 10 -10 12 -7 -8
right_child=1 -3 -4 -5 6 11 13 -9 9 -11 -12 -13 -14 -15
leaf_value=0.0040691612062752763 -0.00016447662363847207 0.0014817517502587439 0.0018568754468861566 -0.0071009668858064649 0.0040029007801237635 0.034516101091744647 -0.028522895472555286 -0.0073417631595449305 -0.0061811730737251032 -0.019471223848399589 0.0098858920184996171 0.005160497060672814 0.010805629338887408 0.0044903215817736555
leaf_weight=4340.409878179431 7848.8170208260417 13890.378416396677 6505.0001884028316 3204.6706576496363 668.58047591894865 186.24169680476189 59.22901976108551 4665.9704494923353 1256.2655089050531 526.21437706053257 349.93460215628147 1208.8333475664258 426.33811427652836 1387.3000691756606
leaf_count=22694 34855 62999 31161 13627 2945 784 246 19979 6108 2315 2038 5268 1794 6153
internal_value=4.36659e-05 -0.000371395 -0.00128138 -0.00221874 -0.00137346 0.000150357 -0.00402202 -0.0059151 -0.00160161 -0.00686584 -0.00264121 0.00970736 0.0184529 0.00295203
internal_weight=46524.2 42183.8 28293.4 21788.4 18583.7 11802.6 6781.08 5334.55 9981.23 2132.41 1606.2 1821.41 612.58 1446.53
internal_count=212966 190272 127273 96112 82485 53162 29323 22924 45316 10461 8146 7846 2578 6399
is_linear=0
shrinkage=0.03


Tree=121
num_leaves=15
num_cat=0
split_feature=245 244 245 117 224 222 245 224 244 245 222 224 249 249
split_gain=112.744 124.139 204.501 162.897 146.534 183.81 92.1512 105.08 224.266 170.312 143.161 246.397 205.357 157.95
threshold=-0.075521316379308687 0.0029695603298023347 -0.079278688877820955 79.500000000000014 73.500000000000014 89.500000000000014 -0.20590560883283612 16.500000000000004 0.0054192107636481532 -0.08072290942072867 4.5000000000000009 19.500000000000004 0.025252525694668296 0.91414141654968273
decision_type=2 2 2 8 10 10 2 8 2 2 10 10 2 2
left_child=1 3 4 -1 6 -6 -3 8 -8 -10 12 -12 -9 -13
right_child=-2 2 -4 -5 5 -7 7 10 9 -11 11 13 -14 -15
leaf_value=-0.015514371516045121 -0.00084561831665144001 0.018830681379156559 0.01396880180158082 0.0074386618716062707 0.01745901728753458 -0.028809464143960871 0.018009256815823174 -0.029160848127399684 -0.0034426019916627437 -0.033417014082969806 0.02730169805737535 0.0043144728993480316 0.0027640238367488998 -0.036893222032061058
leaf_weight=728.07598435878754 33142.554029300809 239.37476339191198 1421.2673800215125 438.99644033610821 836.2043165564537 76.037304773926735 421.68183565139771 261.30833614617586 4386.9331335872412 167.74638366699219 424.19352526217699 3340.9357415065169 542.31351258605719 75.92721401154995
leaf_count=3240 144417 2511 6609 2269 4723 445 2192 1113 22935 724 2062 16380 3027 320
internal_value=9.22999e-05 0.00241774 0.00331356 -0.0068907 0.00189613 0.0133319 0.000825716 0.000358659 -0.00266775 -0.00461733 0.00359996 0.00600916 -0.00784759 0.0032938
internal_weight=46503.5 13361 12193.9 1167.07 10772.7 912.242 9860.41 9621.04 4976.36 4554.68 4644.68 3841.06 803.622 3416.86
internal_count=212967 68550 63041 5509 56432 5168 51264 48753 25851 23659 22902 18762 4140 16700
is_linear=0
shrinkage=0.03


Tree=122
num_leaves=15
num_cat=0
split_feature=238 242 63 226 249 228 229 246 226 226 249 75 222 246
split_gain=100.288 88.6833 82.1641 86.454 99.5949 99.4716 99.6619 89.3405 77.5158 149.138 142.09 141.203 121.443 105.471
threshold=-0.25163900852203364 0.01030772738158703 67.500000000000014 2.5000000000000004 0.63131311535835277 22.500000000000004 5.5000000000000009 0.087525047361850752 40.500000000000007 49.500000000000007 1.0000000180025095e-35 80.500000000000014 6.5000000000000009 0.036356613039970405
decision_type=10 8 10 8 2 10 8 2 10 10 2 10 8 2
left_child=-1 -2 3 -3 8 6 7 -6 12 10 -10 -11 13 -5
right_child=1 2 -4 4 5 -7 -8 -9 9 11 -12 -13 -14 -15
leaf_value=0.0081652912667990064 -0.014449957189452346 0.0047617447591321478 0.0017427202544999497 -0.013677115138769591 0.016121057621917925 -0.0017142039755355281 -0.023437373532614676 -0.01476530855872012 0.030757834300789016 -0.0025103409045418375 0.0048152521740180212 0.0056306406631413198 -0.0013830186306994707 0.0015894978808766896
leaf_weight=1305.2548074200749 381.75507888197899 2165.5123661234975 14503.510726727545 1469.1092406511307 130.62187327444553 1022.0851327106357 532.63661099225283 200.78092452138662 196.31222498416901 10040.001778647304 2509.3786392807961 2359.8028257116675 9177.8196866586804 559.36860563606024
leaf_count=9546 1637 10869 66957 6406 609 4665 2382 1033 825 43522 10654 10347 41121 2679
internal_value=-8.9683e-07 -0.000238213 -0.000114098 -0.00100131 -0.00144543 -0.00808621 -0.0155179 -0.00247588 -0.000966504 0.000436091 0.00680385 -0.000957745 -0.00285583 -0.00948008
internal_weight=46554 45248.7 44866.9 30363.4 28197.9 1886.12 864.039 331.403 26311.8 15105.5 2705.69 12399.8 11206.3 2028.48
internal_count=213252 203706 202069 135112 124243 8689 4024 1642 115554 65348 11479 53869 50206 9085
is_linear=0
shrinkage=0.03


Tree=123
num_leaves=15
num_cat=0
split_feature=232 224 244 57 141 244 222 141 70 144 222 117 14 64
split_gain=83.0799 109.376 122.597 142.043 106.444 97.1374 96.2076 103.857 88.9281 124.739 95.5861 91.6117 96.9318 85.005
threshold=87.500000000000014 16.500000000000004 0.0075430017895996579 61.500000000000007 73.500000000000014 0.07109642401337625 94.500000000000014 67.500000000000014 9.5000000000000018 82.500000000000014 38.500000000000007 86.500000000000014 5.5000000000000009 64.500000000000014
decision_type=10 10 2 10 10 2 10 10 8 10 10 10 10 10
left_child=5 2 13 4 -4 8 7 -3 9 -1 -11 12 -10 -2
right_child=1 6 3 -5 -6 -7 -8 -9 11 10 -12 -13 -14 -15
leaf_value=0.0045088348997478428 0.013978016872624193 0.0028580318997050028 -0.0016092014043637862 0.00216883812013182 -0.021157849689203336 0.0071029589196534423 -0.018313000011296588 0.012731191878682654 -0.0084585698420114944 -0.0079565540972108585 0.013075305460595182 0.0013013462829504297 -0.0018105743216227633 -0.014810888519649916
leaf_weight=5268.9907905235887 586.07403332740068 2257.9686083048582 433.69765371084213 1206.4104141443968 589.84831087291241 1441.3962858617306 129.7544384598732 1666.6855262368917 2169.2277630418539 1380.7484225034714 216.87239943444729 7913.9174008220434 21092.942337103188 100.76030192524195
leaf_count=23716 2953 9971 2093 6592 2955 8433 580 7719 9943 6516 984 38544 91367 435
internal_value=1.8838e-05 0.00303572 -0.00139259 -0.00480692 -0.0129704 -0.000514448 0.00621709 0.00707257 -0.000804854 0.00228353 -0.00503797 -0.00148559 -0.00243388 0.00960268
internal_weight=46455.3 6971.2 2916.79 2229.96 1023.55 39484.1 4054.41 3924.65 38042.7 6866.61 1597.62 31176.1 23262.2 686.834
internal_count=212801 33298 15028 11640 5048 179503 18270 17690 171070 31216 7500 139854 101310 3388
is_linear=0
shrinkage=0.03


Tree=124
num_leaves=15
num_cat=0
split_feature=57 231 134 244 47 244 243 231 231 243 248 243 62 101
split_gain=91.1022 92.8064 144.488 132.088 101.015 88.2919 87.0938 172.35 115.332 80.8582 80.6906 126.489 92.7084 76.8074
threshold=70.500000000000014 89.500000000000014 51.500000000000007 0.032088652253150947 41.500000000000007 0.07109642401337625 -0.020918488502502438 26.500000000000004 68.500000000000014 -0.022958738729357716 0.39898990094661718 -0.018550975248217579 36.500000000000007 3.5000000000000004
decision_type=10 10 10 2 10 2 2 8 10 2 2 2 8 8
left_child=5 -2 4 -4 -3 6 7 9 -8 -1 -10 12 -12 -9
right_child=1 2 3 -5 -6 -7 8 13 10 -11 11 -13 -14 -15
leaf_value=0.0037083697301783331 0.0030176694553201672 -0.0034199167408212982 0.014055520047112082 -0.0040473477418890482 -0.022015544618583023 0.0072715072467752139 -0.0053020812071900613 -0.0081697674071873911 -0.00076580010033600336 0.01744113471605431 -0.02777940779465168 0.022887975504919954 0.01431119824044663 -0.00095400918552531768
leaf_weight=4111.7509771063924 12020.119539633393 599.48516228049994 565.65703402459621 972.39704658836126 464.54957237839699 1123.1687641590834 7660.9688943326473 1446.8428857401013 1584.230118483305 417.3525907099247 89.477029874920845 349.06336314976215 80.726513594388962 15022.497600220144
leaf_count=17943 55205 3088 2971 5590 2190 6456 32842 6634 6969 1805 386 1699 392 68894
internal_value=-5.41396e-05 0.0019058 -0.00322225 0.00265821 -0.011668 -0.00095324 -0.00125579 -0.000166824 -0.00359505 0.00500947 0.00261764 0.0127596 -0.00812974 -0.00159249
internal_weight=46508.3 14622.2 2602.09 1538.05 1064.03 31886.1 30762.9 20998.4 9764.47 4529.1 2103.5 519.267 170.204 16469.3
internal_count=213064 69044 13839 8561 5278 144020 137564 95276 42288 19748 9446 2477 778 75528
is_linear=0
shrinkage=0.03


Tree=125
num_leaves=15
num_cat=0
split_feature=245 228 224 10 248 209 164 224 224 228 230 224 224 248
split_gain=96.4798 123.647 97.4507 101.494 90.2497 85.2918 85.0659 83.8216 107.299 80.063 114.46 96.8957 83.3627 75.7046
threshold=-0.11150914430618285 30.500000000000004 1.5000000000000002 42.500000000000007 0.57070705294609081 53.500000000000007 50.500000000000007 29.500000000000004 58.500000000000007 4.5000000000000009 11.500000000000002 1.5000000000000002 32.500000000000007 0.84343436360359203
decision_type=2 10 10 8 2 10 10 10 10 8 8 10 10 2
left_child=1 2 13 4 -4 6 -2 -6 -9 -8 11 -11 -13 -1
right_child=5 -3 3 -5 7 -7 9 8 -10 10 -12 12 -14 -15
leaf_value=0.0062967046916474687 -0.0011836604625273209 0.028890173704363538 0.01589073607963204 0.0087046208732671285 -0.010108055271007006 -0.0037477966085174507 -0.0037960669804632872 0.020878301891347064 -0.014485332741657253 -0.017313868868282369 0.0012548447618148252 0.012460252801791317 2.8441684358903593e-06 0.026863937239215645
leaf_weight=509.72498722374439 19581.948567174375 173.00733380019665 175.88732796907425 898.01199292391539 1126.7551239952445 5727.9159903079271 2108.0423215329647 190.11926721781492 116.86017211526632 120.15688007324934 13017.988727942109 1906.6719940900803 646.54683201014996 231.77233421057463
leaf_count=4144 88191 1273 1138 5036 6223 24568 9527 1112 631 582 57049 8840 2902 1959
internal_value=4.31067e-05 0.004884 0.00352102 0.000678392 -0.00382556 -0.000342221 0.000180476 -0.00633762 0.00738388 0.00168105 0.00241881 0.00806095 0.009318 0.0129974
internal_weight=46531.4 3422.14 3249.13 2507.63 1609.62 43109.3 37381.4 1433.73 306.979 17799.4 15691.4 2673.38 2553.22 741.497
internal_count=213175 21516 20243 14140 9104 191659 167091 7966 1743 78900 69373 12324 11742 6103
is_linear=0
shrinkage=0.03


Tree=126
num_leaves=15
num_cat=0
split_feature=238 60 242 52 62 222 224 137 226 222 224 249 229 226
split_gain=96.1994 104.376 81.2468 80.4129 114.475 107.759 102.255 138.238 137.636 100.838 93.5429 85.6091 103.662 84.0669
threshold=-0.11318949237465857 83.500000000000014 1.0000000180025095e-35 33.500000000000007 18.500000000000004 59.500000000000007 32.500000000000007 90.500000000000014 12.500000000000002 4.5000000000000009 1.5000000000000002 1.0000000180025095e-35 45.500000000000007 22.500000000000004
decision_type=10 10 10 10 10 10 10 10 8 10 8 2 8 8
left_child=1 2 -1 5 -5 6 8 11 9 -2 -10 13 -13 -8
right_child=3 -3 -4 4 -6 -7 7 -9 10 -11 -12 12 -14 -15
leaf_value=0.016701393748896853 -0.00560467100286115 0.0062884990117891646 0.00025369858069010267 0.0092276455002978305 -0.00058093908929130053 0.0039850370520703136 0.026705264756418642 -0.039118613600606478 -0.024655500582192656 0.0084558764092165697 -0.0043917193395967271 -0.012513282765146239 -0.0012104931293212789 -0.0052926536684579735
leaf_weight=265.07681819051504 660.73379591107368 3454.0230639278889 15575.740591339767 1139.1392158120871 15715.335907228291 1562.8630334958434 117.23546323180199 117.69413667172194 211.40447284281254 1452.9127957373857 2920.8461043089628 2129.001911483705 1112.3828650042415 169.9582387059927
leaf_count=1912 2858 18558 74910 5061 68374 6768 481 518 878 6482 12387 8953 4709 693
internal_value=-4.98915e-05 0.0015712 0.000539294 -0.00119539 8.70698e-05 -0.00326094 -0.00453751 -0.00838952 -0.00184922 0.0040548 -0.00583349 -0.00725692 -0.00865003 0.0082283
internal_weight=46604.3 19294.8 15840.8 27309.5 16854.5 10455 8892.17 3646.27 5245.9 2113.65 3132.25 3528.58 3241.38 287.194
internal_count=213542 95380 76822 118162 73435 44727 37959 15354 22605 9340 13265 14836 13662 1174
is_linear=0
shrinkage=0.03


Tree=127
num_leaves=15
num_cat=0
split_feature=165 136 68 140 245 70 63 245 241 244 78 9 127 100
split_gain=94.5695 94.8381 85.4324 208.783 135.096 98.4601 100.097 90.7927 88.0224 79.5251 73.5213 89.9001 70.2336 63.6573
threshold=5.5000000000000009 2.5000000000000004 17.500000000000004 89.500000000000014 -0.088243547827005372 11.500000000000002 61.500000000000007 -0.075521316379308687 -1.4626165628433225 0.1067665070295334 12.500000000000002 81.500000000000014 16.500000000000004 22.500000000000004
decision_type=8 8 8 10 2 8 10 2 8 2 8 8 10 8
left_child=-1 -2 3 8 -5 -4 9 12 -3 10 -7 -12 -8 -13
right_child=1 2 5 4 -6 6 7 -9 -10 -11 11 13 -14 -15
leaf_value=-0.0057350354885861588 0.0045268415998273841 -0.0044773663248769396 0.0055288310668708766 0.0065675453460468068 -0.040429287175390231 0.0042048428965422574 -0.00024470685318127012 0.0010773796686901111 0.0011859790780376633 0.016868074353400726 -0.0010573731497086195 -0.01558886227793441 0.012249883250765906 -0.0046603372273551595
leaf_weight=2404.0994817689061 4418.4134213700891 5119.7718727439642 3375.720571808517 71.592628128826618 196.70339670777321 1771.4568097814918 583.9633077904582 7573.9857051223516 4757.1714995875955 203.76803328841925 11624.147240743041 596.15377119928598 1307.5774370208383 2383.4027656987309
leaf_count=10864 24397 23085 14775 393 850 8240 2763 33614 21565 1288 49988 2639 6894 11431
internal_value=4.61886e-05 0.000363415 -0.000102557 -0.00247509 -0.0281032 0.000716149 9.04763e-05 0.00255032 -0.00175121 -0.00131463 -0.00155105 -0.00225165 0.00841151 -0.00689176
internal_weight=46387.9 43983.8 39565.4 10145.2 268.296 29420.2 26044.5 9465.53 9876.94 16578.9 16375.2 14603.7 1891.54 2979.56
internal_count=212786 201922 177525 45893 1243 131632 116857 43271 44650 73586 72298 64058 9657 14070
is_linear=0
shrinkage=0.03


Tree=128
num_leaves=15
num_cat=0
split_feature=238 244 140 246 244 246 224 134 121 67 117 60 184 248
split_gain=84.5824 104.048 92.0705 93.1981 85.4391 84.7667 103.342 77.8604 88.9378 95.9481 96.2992 88.2112 85.1458 73.282
threshold=-0.1344642639160156 0.094041008502244963 28.500000000000004 0.037281651049852378 0.021064508706331257 0.029565268196165565 19.500000000000004 90.500000000000014 88.500000000000014 23.500000000000004 95.500000000000014 72.500000000000014 49.500000000000007 0.7222222387790681
decision_type=10 2 10 2 2 2 8 10 10 10 10 10 10 2
left_child=7 2 3 5 -4 6 -2 11 9 10 -9 -1 -13 -7
right_child=1 -3 4 -5 -6 13 -8 8 -10 -11 -12 12 -14 -15
leaf_value=0.0012841602389104929 0.0014535781065263089 0.01502836065758836 0.0015970355457713304 0.0020671388895430812 -0.0026057105763544666 -0.0075904254851442273 -0.0055162623397306803 -0.041540121449686683 0.0011311522025741609 0.0012489131026024122 -0.0061201371712573871 0.0020667726558087078 0.011900066682621399 -0.025368479418623462
leaf_weight=8593.7531064003706 2828.452516131103 362.04393777996302 14230.878363832831 2625.2895419299603 6260.38376840204 907.36036732047796 5892.8175010085106 150.75248407572508 818.17575851082802 192.26079217344522 128.17693715542555 1545.417742215097 1627.745538957417 267.50937094539404
leaf_count=42506 12052 1953 61800 11739 28330 3895 24461 767 5017 1063 780 8067 9386 1138
internal_value=5.2174e-05 -0.000748714 -0.000926237 -0.00295188 0.00031239 -0.00428408 -0.00325675 0.00209843 -0.00487464 -0.0151099 -0.0260387 0.00286599 0.00713252 -0.0118183
internal_weight=46431 33374.7 33012.7 12521.4 20491.3 9896.14 8721.27 13056.3 1289.37 471.19 278.929 11766.9 3173.16 1174.87
internal_count=212954 145368 143415 53285 90130 41546 36513 67586 7627 2610 1547 59959 17453 5033
is_linear=0
shrinkage=0.03


Tree=129
num_leaves=15
num_cat=0
split_feature=10 119 190 65 188 146 65 226 68 137 226 241 70 171
split_gain=86.8956 114.236 97.1179 94.1695 92.8895 86.1124 94.8506 76.2134 69.8262 227.965 210.056 89.9213 75.0991 75.777
threshold=2.5000000000000004 97.500000000000014 72.500000000000014 32.500000000000007 40.500000000000007 98.500000000000014 98.500000000000014 16.500000000000004 17.500000000000004 90.500000000000014 4.5000000000000009 -1.3101571202278135 6.5000000000000009 29.500000000000004
decision_type=10 10 10 10 10 10 8 8 10 10 10 10 10 10
left_child=4 2 8 -3 -1 -6 7 -7 9 10 -2 -11 -10 -14
right_child=1 3 -4 -5 5 6 -8 -9 12 11 -12 -13 13 -15
leaf_value=-0.00022200168274322057 0.0072293704771676419 0.015392605006038933 0.003053472109612473 0.0023782455170718035 0.0096481293302302599 -0.021139958819463876 0.011674432750477436 0.015261297884152706 0.0048218002190355417 -0.0034283768619548954 -0.0051958807119688623 -0.041194766695639165 -0.0035783484374971941 0.00010667777668700621
leaf_weight=3156.7135187759995 1475.0889453366399 582.16741290688515 4545.983927257359 3266.20938834548 2354.9660660848022 251.73471809178591 204.11193756014109 56.825985364615917 1968.8229971528053 81.71875137835741 6988.3969974592328 191.22641262412071 8069.0059652552009 13272.348743669689
leaf_count=16060 7470 2903 20481 17391 12284 1551 1366 358 8543 391 30661 833 34853 57975
internal_value=-2.71643e-05 -0.00052813 -0.00104555 0.0043818 0.00333108 0.00722951 -0.00385246 -0.0141675 -0.00162779 -0.00391365 -0.00302433 -0.0304084 -0.000769766 -0.00128763
internal_weight=46465.3 40441 36592.6 3848.38 6024.35 2867.64 512.673 308.561 32046.6 8736.43 8463.49 272.945 23310.2 21341.4
internal_count=213120 181501 161207 20294 31619 15559 3275 1909 140726 39355 38131 1224 101371 92828
is_linear=0
shrinkage=0.03


Tree=130
num_leaves=15
num_cat=0
split_feature=190 228 230 245 248 244 222 143 230 244 245 248 222 249
split_gain=94.1754 105.543 120.514 88.3634 243.891 174.315 194.313 192.301 162.1 199.055 147.966 152.906 156.669 153.515
threshold=88.500000000000014 93.500000000000014 62.500000000000007 -0.071768112480640397 0.58080807328224193 0.021734355017542843 40.500000000000007 73.500000000000014 3.5000000000000004 0.0029695603298023347 -0.064694110304117189 0.59090909361839306 5.5000000000000009 0.49999998509883886
decision_type=10 10 8 2 2 2 10 10 8 2 2 2 8 2
left_child=1 3 -3 4 -1 6 7 8 -6 -10 -5 12 13 -12
right_child=-2 2 -4 10 5 -7 -8 -9 9 -11 11 -13 -14 -15
leaf_value=0.010087406513373295 0.0055318434637043942 -0.033569015072370124 -0.0053157845299963719 -0.0065227888738458462 0.0071098824445531622 -0.0061764839147804987 0.017759170597250039 0.0076232014881275753 -0.020533274290008809 -0.002340409433433398 -0.019310599169546014 0.0063618218772573103 -0.00053987512733814555 0.014719306639178828
leaf_weight=2618.7214924246073 2620.5967649295926 151.10717608034611 906.76879926025867 3845.5956548899412 1291.2364148870111 3055.6966322511435 651.42673833668232 2593.958946749568 621.57296965271235 3811.6618206426501 702.56568363308907 2817.4987598210573 20641.641268536448 135.61890739202499
leaf_count=14467 12547 650 4220 16664 6451 16543 3194 13720 2708 16875 2971 12082 89504 623
internal_value=1.85281e-05 -0.000312186 -0.00962804 -7.96638e-05 0.00180956 6.57727e-08 0.00210872 0.000863263 -0.00220785 -0.00493166 -0.00106302 -0.000196563 -0.00105938 -0.0136959
internal_weight=46465.7 43845.1 1057.88 42787.2 14644.3 12025.6 8969.86 8318.43 5724.47 4433.23 28142.9 24297.3 21479.8 838.185
internal_count=213219 200672 4870 195802 73958 59491 42948 39754 26034 19583 121844 105180 93098 3594
is_linear=0
shrinkage=0.03


Tree=131
num_leaves=15
num_cat=0
split_feature=165 120 226 35 248 231 229 228 110 75 231 249 244 244
split_gain=82.015 90.1613 151.789 141.567 141.298 119.767 194.329 108.121 106.053 99.4877 96.0235 114.008 144.959 127.618
threshold=7.5000000000000009 75.500000000000014 66.500000000000014 6.5000000000000009 0.68181815743446361 91.500000000000014 25.500000000000004 93.500000000000014 32.500000000000007 55.500000000000007 97.500000000000014 0.83333334326744091 0.03543821536004544 0.04406618885695935
decision_type=8 10 8 8 2 10 10 10 10 8 10 2 2 2
left_child=-1 3 5 -2 -4 6 -3 -6 -8 -5 -7 12 -12 -14
right_child=1 2 4 9 7 10 8 -9 -10 -11 11 -13 13 -15
leaf_value=-0.0047563726986032404 -0.0063614954325360391 0.0056401757980940759 0.0049924469134226494 -0.0017242382091938594 0.026295146761244594 -0.008869819609801528 -0.0092141277249828853 -0.015879591751302543 0.00147984293448709 0.0021213524897297077 0.0066929014103378499 0.02422120974890582 -0.033264225122686654 -0.0032691988718522068
leaf_weight=3141.5613429099321 3537.5813478156924 6122.0483070611954 2079.8600549995899 13089.012813590467 501.1074949875474 1782.6898462027311 1506.3783178180456 54.620309881865978 1851.1397299841046 11248.489539600909 804.38236279040575 163.82824122905731 177.7140147536993 407.04485740512609
leaf_count=14180 15452 30314 10001 56264 2975 8874 6751 340 8434 50633 4399 1215 827 2578
internal_value=-8.37624e-05 0.000256068 0.00209352 -0.000762792 0.00863589 0.000742321 0.00246249 0.0219425 -0.00333121 5.3287e-05 -0.00413894 0.00131375 -0.00154165 -0.012791
internal_weight=46467.5 43325.9 15450.8 27875.1 2635.59 12815.2 9479.57 555.728 3357.52 24337.5 3335.66 1552.97 1389.14 584.759
internal_count=213237 199057 76708 122349 13316 63392 45499 3315 15185 106897 17893 9019 7804 3405
is_linear=0
shrinkage=0.03


Tree=132
num_leaves=15
num_cat=0
split_feature=238 242 192 230 230 229 244 79 141 130 230 228 6 244
split_gain=92.6208 77.4364 75.0775 86.2179 70.9774 203.37 117.342 103.119 96.1362 87.7545 130.377 129.277 130.868 86.2185
threshold=-0.22109775990247724 0.01030772738158703 1.0000000180025095e-35 1.5000000000000002 72.500000000000014 81.500000000000014 0.00095623909146524977 24.500000000000004 60.500000000000007 9.5000000000000018 63.500000000000007 46.500000000000007 15.500000000000002 0.033885154873132713
decision_type=10 8 8 10 8 10 2 8 10 10 10 10 10 2
left_child=2 -2 3 -1 5 9 -6 -8 -9 13 -11 12 -12 -3
right_child=1 4 -4 -5 6 -7 7 8 -10 10 11 -13 -14 -15
leaf_value=0.012946155943257908 -0.013501042426353022 -0.0019757081350496347 0.0084662725364439469 -0.015328883268040378 -0.031611121132396683 -0.018000649683401031 0.010661663775619688 -0.0019485599080112945 0.0041100422464307338 0.0012067233733715321 0.011441064502627812 0.0039496344338022914 -0.014230891695679903 -0.011312717835388203
leaf_weight=139.56312703341246 383.15153795480728 7877.0076727047563 1876.7462081238627 269.61661349236965 82.732546269893646 598.24176595360041 1167.2785726413131 4466.8289575651288 4970.1870902702212 21272.466212853789 196.96134876459837 759.42197108268738 1404.5144981369376 994.64305144548416
leaf_count=1193 1647 35722 12684 1630 353 2604 5584 20200 23704 93073 841 3260 5918 4892
internal_value=5.90542e-05 -0.000246236 0.00593389 -0.00560605 -0.000127205 -0.000813492 0.00199736 0.0022891 0.00124329 -0.000491731 0.000463514 -0.00620989 -0.0110222 -0.00303408
internal_weight=46459.4 44173.4 2285.93 409.18 43790.3 33103.3 10687 10604.3 9437.02 32505 23633.4 2360.9 1601.48 8871.65
internal_count=213305 197798 15507 2823 196151 146310 49841 49488 43904 143706 103092 10019 6759 40614
is_linear=0
shrinkage=0.03


Tree=133
num_leaves=15
num_cat=0
split_feature=57 242 63 231 178 224 110 148 224 71 122 120 222 224
split_gain=78.1928 82.9525 73.2822 89.8241 170.684 110.843 140.259 104.323 100.829 112.309 91.6724 89.4606 87.1025 92.4398
threshold=70.500000000000014 0.0251840353012085 78.500000000000014 69.500000000000014 11.500000000000002 31.500000000000004 5.5000000000000009 81.500000000000014 1.5000000000000002 14.500000000000002 59.500000000000007 22.500000000000004 19.500000000000004 37.500000000000007
decision_type=8 8 10 10 8 8 8 10 10 10 8 8 10 8
left_child=2 -2 3 5 -5 6 -1 12 10 -10 -8 -9 13 -7
right_child=1 -3 -4 4 -6 7 8 11 9 -11 -12 -13 -14 -15
leaf_value=-0.011369986662337976 -8.8904079423709486e-05 0.004414078488920543 0.0018094772114448897 -0.0067941152481322967 0.0035103890961321002 0.00027982335930094778 -0.034919552720612493 0.0080395900823011096 0.0098494487644284773 4.8060783328631964e-05 0.0040137612469656808 -0.0037438307760901813 -0.0047964863199642382 -0.016183737152420705
leaf_weight=789.2184429243207 8707.3462310358882 6368.9513031989336 7328.1562383621931 1900.0620507523417 5955.3490106910467 396.77508848160505 113.30941323190928 897.4734441190958 1493.5840933397412 3504.7948593571782 94.101489029824734 1596.4167662709951 5883.7648899331689 1340.6191208660603
leaf_count=3536 39211 33169 34032 9576 27512 1711 478 3787 6609 15119 437 7000 25066 5716
internal_value=4.08605e-05 0.00181504 -0.000814189 -0.00161687 0.00101247 -0.0028988 0.000333592 -0.00481302 0.0021263 0.00299067 -0.0178835 0.000511828 -0.00655387 -0.0124438
internal_weight=46369.9 15076.3 31293.6 23965.5 7855.41 16110.1 5995.01 10115 5205.79 4998.38 207.411 2493.89 7621.16 1737.39
internal_count=212959 72380 140579 106547 37088 69459 26179 43280 22643 21728 915 10787 32493 7427
is_linear=0
shrinkage=0.03


Tree=134
num_leaves=15
num_cat=0
split_feature=238 237 230 231 52 249 249 58 103 243 244 120 244 5
split_gain=105.456 84.5072 82.8454 142.641 123.527 117.265 100.344 92.1049 91.7662 106.383 87.3372 82.7091 101.303 89.7936
threshold=-0.11849735304713248 0.21341408044099811 3.5000000000000004 92.500000000000014 11.500000000000002 0.88383838534355175 0.82323232293128978 8.5000000000000018 3.5000000000000004 -0.028348694555461403 0.0029695603298023347 91.500000000000014 0.033885154873132713 8.5000000000000018
decision_type=10 2 10 8 10 2 2 8 10 2 2 10 2 10
left_child=2 -2 3 -1 5 10 8 -8 -5 11 -4 -10 13 -13
right_child=1 -3 4 6 -6 -7 7 -9 9 -11 -12 12 -14 -15
leaf_value=0.010048085308941673 -0.0013800826373512657 0.010846475240688656 -0.018187612783154779 0.0069717131330833586 0.0026538813760541473 -0.025803227939561042 0.027170870499651487 -0.022241761883838362 0.0012310458519101809 0.012675234896247212 -0.001253901681586785 0.0085103281719010864 -0.027278297015359613 -0.020728222998817804
leaf_weight=2506.9721220694482 28417.537793144584 508.14296861737967 285.07036212086678 578.40136928856373 8562.5751657634974 193.14724741131067 175.84727773070335 33.584876962006092 339.1994526013732 193.49007555097342 3892.2276050522923 196.80538765341043 376.90587604790926 165.10346366465092
leaf_count=14092 122771 2659 1278 4090 40738 863 1203 184 1829 1031 18235 1201 2183 825
internal_value=-4.96316e-05 -0.00116162 0.00178806 0.0052572 0.000560079 -0.00353879 -0.000595445 0.0185945 -0.00285628 -0.0073465 -0.00245018 -0.0110236 -0.0165912 -0.00502704
internal_weight=46425 28925.7 17499.3 4566.31 12933 4370.45 2059.34 209.432 1849.91 1271.5 4177.3 1078.01 738.815 361.909
internal_count=213182 125430 87752 26638 61114 20376 12546 1387 11159 7069 19513 6038 4209 2026
is_linear=0
shrinkage=0.03


Tree=135
num_leaves=15
num_cat=0
split_feature=245 231 228 248 245 226 231 79 248 231 248 6 37 248
split_gain=104.185 97.7226 283.751 185.556 179.362 163.314 172.562 143.995 138.714 135.998 297.594 214.18 183.728 128.343
threshold=-0.20590560883283612 91.500000000000014 10.500000000000002 0.82323232293128978 -0.097722966223955141 4.5000000000000009 21.500000000000004 60.500000000000007 0.6111111342906953 75.500000000000014 0.59090909361839306 8.5000000000000018 33.500000000000007 0.71212121844291698
decision_type=2 10 8 2 2 8 10 10 2 10 2 10 10 2
left_child=-1 5 3 8 -5 6 13 -8 -3 -7 -11 12 -12 -2
right_child=1 2 -4 4 -6 9 7 -9 -10 10 11 -13 -14 -15
leaf_value=0.019453020132152988 -0.0013010559500171832 -0.0048903139933359173 0.0027393156789496161 0.012423017338723181 -0.015521340898997283 -0.00092955889210441056 0.012628643817073732 -0.0036371052298651233 -0.020679980176931425 -0.0012749013252668024 0.0043147221120347782 0.017883090186177605 -0.042154960697954984 -0.038605164427132778
leaf_weight=236.42914266884327 319.56533525884151 803.68439683318138 3093.8680095374584 525.74448768794537 326.69364453852177 30919.631256125867 2358.2525380179286 612.71032587438822 1353.2179469913244 3467.537731602788 367.1089216247201 1674.4161652550101 86.280070580542088 102.4831551015377
leaf_count=2593 1442 4011 15190 3342 1383 136485 12207 2901 6310 15801 1845 8074 413 478
internal_value=-1.433e-06 -0.000105605 -0.00363776 -0.0101813 0.00165766 0.00043535 0.00672103 0.00927316 -0.0148463 -0.000150402 0.00414916 0.012953 -0.00524735 -0.0110432
internal_weight=46247.6 46011.2 6103.21 3009.34 852.438 39908 3393.01 2970.96 2156.9 36515 5595.34 2127.81 453.389 422.048
internal_count=212475 209882 30236 15046 4725 179646 17028 15108 10321 162618 26133 10332 2258 1920
is_linear=0
shrinkage=0.03


Tree=136
num_leaves=15
num_cat=0
split_feature=190 10 140 230 231 231 226 244 29 230 249 230 74 231
split_gain=93.2183 96.103 85.1904 99.3023 138.32 97.1914 112.03 103.048 96.1487 125.069 85.5432 85.2208 100.809 81.553
threshold=90.500000000000014 2.5000000000000004 22.500000000000004 10.500000000000002 98.500000000000014 26.500000000000004 87.500000000000014 0.018158914521336559 54.500000000000007 24.500000000000004 1.0000000180025095e-35 39.500000000000007 81.500000000000014 3.5000000000000004
decision_type=10 10 8 10 10 10 10 2 10 10 2 10 10 8
left_child=1 -1 3 4 -3 6 10 8 9 -7 -5 12 -11 -12
right_child=-2 2 -4 5 -6 7 -8 -9 -10 11 13 -13 -14 -15
leaf_value=0.003321065071480926 0.0059746364191260925 0.0029921327760128965 0.00019608640336788333 0.015853880567225278 -0.018294748975932869 -0.014459745447752696 0.025848189855364776 -0.00083373287133503874 -0.018741791981209396 -0.0025009342263220841 -0.016229970054459725 -0.0069054961611048331 0.020676912882690215 -0.00070233242702605759
leaf_weight=5883.27296359092 2271.0446632280946 3426.0143033564091 25656.812724851072 228.29014793038368 288.64650758355856 1275.0249031484127 134.1302632316947 1874.7391087040305 781.93610452115536 472.20321061462164 346.91083864122629 1390.1650777161121 251.35062824934721 2076.9523965269327
leaf_count=31060 10961 16357 115825 940 1487 5375 560 8262 3225 1972 1430 5786 1081 8703
internal_value=6.10317e-05 -0.000244884 -0.000794764 -0.00281956 0.00129337 -0.00454898 8.7596e-05 -0.00668256 -0.00930334 -0.00707673 -0.00130742 -0.00257608 0.00572278 -0.00298225
internal_weight=46357.5 44086.4 38203.2 12546.4 3714.66 8831.7 2786.28 6045.42 4170.68 3388.74 2652.15 2113.72 723.554 2423.86
internal_count=213024 202063 171003 55178 17844 37334 11633 25701 17439 14214 11073 8839 3053 10133
is_linear=0
shrinkage=0.03


Tree=137
num_leaves=15
num_cat=0
split_feature=245 77 245 248 119 226 226 226 243 243 232 229 222 244
split_gain=86.5038 80.6793 92.685 113.04 121.935 138.858 136.974 135.28 138.685 124.219 118.28 138.405 114.37 145.317
threshold=-0.20590560883283612 1.5000000000000002 -0.044325016438961022 0.37878787517547613 51.500000000000007 66.500000000000014 87.500000000000014 92.500000000000014 -0.05699856020510196 -0.046565869823098176 85.500000000000014 33.500000000000007 5.5000000000000009 0.015757683664560321
decision_type=2 8 2 2 8 8 8 10 2 2 10 10 10 2
left_child=-1 -2 3 -3 7 10 9 8 12 -7 11 -6 -5 -14
right_child=1 2 -4 4 5 6 -8 -9 -10 -11 -12 -13 13 -15
leaf_value=0.017961786366197205 -0.0067751717295525624 0.0060154161593177777 -0.0019757132639501829 -0.0067450127298588763 0.00073879365936044576 -0.0043819935561030384 0.00147384608953152 0.0099676562350401229 -0.004960641966422305 0.016653879892354995 0.0054224732722490078 -0.0076263641422283828 0.018702245207354893 -0.0023932414678149556
leaf_weight=230.66943879425526 1550.7619560435414 3625.84572545439 12921.442140467465 555.74374300986528 8579.3099149167538 300.45362206548452 1900.9824390560389 746.97013608366251 7634.4227191284299 1465.3543929755688 3384.4639387130737 2235.6909465640783 673.12345439940691 512.19958090037107
leaf_count=2558 7331 16208 56218 2455 40757 1511 10498 3325 32149 7034 17232 9975 3146 2416
internal_value=2.28173e-05 -7.08463e-05 0.00016407 0.00103899 0.000392387 0.0018825 0.00707858 -0.00223695 -0.00321891 0.0130701 0.000536661 -0.00099591 0.00440317 0.00964274
internal_weight=46317.4 46086.8 44536 31614.6 27988.7 17866.3 3666.79 10122.5 9375.49 1765.81 14199.5 10815 1741.07 1185.32
internal_count=212813 210255 202924 146706 130498 87007 19043 43491 40166 8545 67964 50732 8017 5562
is_linear=0
shrinkage=0.03


Tree=138
num_leaves=15
num_cat=0
split_feature=238 101 231 139 165 233 81 231 228 77 229 126 140 71
split_gain=84.0583 94.4132 105.129 92.9875 108.105 91.9781 84.0975 70.327 176.283 119.039 103.929 115.337 76.6455 92.6697
threshold=-0.23227746784687039 5.5000000000000009 89.500000000000014 42.500000000000007 8.5000000000000018 45.500000000000007 63.500000000000007 91.500000000000014 20.500000000000004 32.500000000000007 5.5000000000000009 41.500000000000007 27.500000000000004 24.500000000000004
decision_type=10 8 10 8 10 10 10 10 10 10 10 10 10 10
left_child=-1 2 5 4 -3 -2 -5 10 9 -9 11 -6 13 -12
right_child=1 3 -4 6 7 -7 -8 8 -10 -11 12 -13 -14 -15
leaf_value=0.0062073827312800894 -0.0064225305590969771 -0.0058759498396768377 -0.013114595482474711 -0.0025048942126464869 -0.0053950859047386191 0.0012855193529022874 0.0017366854327494445 0.0019000763053270921 0.0095940475388222035 -0.012892307203207078 0.0034952461473846124 0.013371949700851773 0.0045696465937027243 -0.0042196182996192422
leaf_weight=1804.735892675817 2512.30627053231 1522.8202086687088 909.62470342218876 13886.481611669064 357.85665805637836 3106.5899317190051 6025.2623844668269 839.79161398857832 842.61481174081564 1156.5778543651104 2866.6078006774187 1544.2951730117202 6249.6641469225287 2722.2591508477926
leaf_count=12878 10889 6876 4403 60635 1576 13914 27686 4137 4192 5358 12546 7753 28641 11580
internal_value=-0.000121654 -0.000379423 -0.00370935 0.00019328 0.00174891 -0.00216617 -0.00122117 0.00245237 -0.00184107 -0.0066913 0.00334014 0.00983151 0.00228972 -0.000263382
internal_weight=46347.5 44542.8 6528.52 38014.2 18102.5 5618.9 19911.7 16579.7 2838.98 1996.37 13740.7 1902.15 11838.5 5588.87
internal_count=213064 200186 29206 170980 82659 24803 88321 75783 13687 9495 62096 9329 52767 24126
is_linear=0
shrinkage=0.03


Tree=139
num_leaves=15
num_cat=0
split_feature=238 231 228 248 134 246 248 224 120 148 231 248 246 229
split_gain=83.5055 91.7713 233.617 259.888 150.89 127.556 135.946 115.981 128.525 138.46 125.971 273.735 168.626 160.613
threshold=-0.26396778225898737 91.500000000000014 8.5000000000000018 0.82323232293128978 48.500000000000007 0.058399440720677383 0.28787878155708319 32.500000000000007 51.500000000000007 2.5000000000000004 76.500000000000014 0.58080807328224193 0.003783074789680541 22.500000000000004
decision_type=10 10 8 2 10 2 2 8 8 8 10 2 2 10
left_child=-1 7 3 4 -3 6 -4 8 -2 -10 12 -12 -9 -13
right_child=1 2 5 -5 -6 -7 -8 10 9 -11 11 13 -14 -15
leaf_value=0.0084327932624069669 -0.0012830185021076373 -0.024985452330665601 -0.0084817945430847273 0.0039686822282952675 -0.0076843111124882497 -0.0067866226357489916 0.0096939842125371 -0.021326351740939567 -0.0086901862092141 0.0050791700582968908 -0.0017700293670744648 -0.0119214020011936 -0.0016345416741640965 0.020033608879140952
leaf_weight=1022.9110422581434 6043.5560516864061 925.43078292906284 462.60541911423206 794.64014841616154 905.76911910623312 1064.7728793099523 1723.9793541952968 389.89370414614677 694.23961813747883 10054.310677804053 2404.0960303172469 156.98901629447937 18611.574580051005 1034.6141769886017
leaf_count=7869 25701 4169 2010 4374 4431 5258 8443 1624 3227 46995 10831 753 82076 5133
internal_value=-1.508e-06 -0.000193923 -0.00368755 -0.0103253 -0.016516 0.00168842 0.00582751 0.000328157 0.00221589 0.00418257 -0.00107499 0.00406679 -0.00204961 0.0157595
internal_weight=46289.4 45266.5 5877.2 2625.84 1831.2 3251.36 2186.58 39389.3 16792.1 10748.6 22597.2 3595.7 19001.5 1191.6
internal_count=212894 205025 28685 12974 8600 15711 10453 176340 75923 50222 100417 16717 83700 5886
is_linear=0
shrinkage=0.03


Tree=140
num_leaves=15
num_cat=0
split_feature=245 248 228 43 120 226 120 243 228 18 244 229 226 245
split_gain=94.6069 118.988 97.8653 111.381 103.837 190.944 147.782 114.089 177.081 130.326 130.209 124.673 111.424 105.912
threshold=-0.044325016438961022 0.37878787517547613 93.500000000000014 69.500000000000014 59.500000000000007 66.500000000000014 79.500000000000014 -0.05699856020510196 27.500000000000004 24.500000000000004 0.014951169025152923 71.500000000000014 22.500000000000004 -0.070595789700746522
decision_type=2 2 10 10 8 10 10 2 10 10 2 10 8 2
left_child=1 -1 3 4 7 -6 -7 10 12 13 -3 -11 -9 -10
right_child=-2 2 -4 -5 5 6 -8 8 9 11 -12 -13 -14 -15
leaf_value=0.0059574605123096022 -0.0021067311879651653 0.010439133786932901 -0.014122032252091929 0.0051647174301491959 0.00014075217729628912 0.0009905511062774262 0.019159444176428418 2.9755933805768947e-06 0.017810193560680865 0.00066489386424227167 -0.004479305896440018 -0.018331810354027017 -0.010123695521997895 0.0019946432497160915
leaf_weight=3689.0579021573067 13325.14574161917 1151.0644030049443 410.46149326860905 3900.4125990644097 12872.289234101772 730.51148176938295 891.58191702514887 1309.4529345929623 529.58193249255419 963.19127923995256 955.53374566137791 448.67617943137884 3851.8503282889724 1307.7961312532425
leaf_count=16500 58004 5253 2096 18790 64561 3388 4790 5544 2439 4041 4390 1938 15984 5387
internal_value=2.5956e-05 0.000887197 0.000247492 0.000456308 -0.000279713 0.00136652 0.0110333 -0.00254764 -0.00411077 0.00137372 0.00368307 -0.00545852 -0.00755946 0.00662484
internal_weight=46336.6 33011.5 29322.4 28911.9 25011.5 14494.4 1622.09 10517.1 8410.55 3249.25 2106.6 1411.87 5161.3 1837.38
internal_count=213105 155101 138601 136505 117715 72739 8178 44976 35333 13805 9643 5979 21528 7826
is_linear=0
shrinkage=0.03


Tree=141
num_leaves=15
num_cat=0
split_feature=245 231 228 245 134 224 70 231 245 148 42 224 148 222
split_gain=86.0943 86.6463 199.993 124.157 167.011 130.407 118.776 137.098 213.481 128.964 187.476 127.344 113.855 105.087
threshold=-0.20590560883283612 91.500000000000014 10.500000000000002 -0.091631781309843049 39.500000000000007 7.5000000000000009 9.5000000000000018 75.500000000000014 -0.076765697449445711 9.5000000000000018 16.500000000000004 25.500000000000004 7.5000000000000009 86.500000000000014
decision_type=2 10 8 2 10 10 8 10 2 10 10 10 10 10
left_child=-1 6 3 -3 5 -5 -2 -8 11 10 -10 -9 -6 -4
right_child=1 2 13 4 12 -7 7 8 9 -11 -12 -13 -14 -15
leaf_value=0.017936851758429063 0.0036693953570736005 -0.0025354660156308175 0.0047546320995059035 -0.035610619997200881 0.015248933600047133 -0.0073281153564945913 -0.0014221514765617683 0.0047176057617756301 -0.028503297708709893 0.002231147456426128 0.0081716903259337337 0.022595522568641866 -0.01135809085355915 -0.0083849109793721812
leaf_weight=225.71885297074914 7500.814526706934 1415.1494168192148 2408.9810272678733 435.7218309789896 168.44666366279125 227.9906659424305 26715.612479075789 727.18041481077671 300.03845498710871 3821.3150635063648 204.61613716185093 710.48302867263556 773.1751457452774 698.49863518029451
leaf_count=2559 34411 8021 11869 1817 819 980 118377 4046 1343 17241 890 3966 3417 3427
internal_value=-0.00014761 -0.000240012 -0.00355875 -0.00904282 -0.014728 -0.0261483 0.000269432 -0.00051665 0.00367573 0.000337845 -0.0137633 0.0136478 -0.00648814 0.00178371
internal_weight=46333.7 46108 6127.96 3020.48 1605.33 663.712 39980.1 32479.2 5763.63 4325.97 504.655 1437.66 941.622 3107.48
internal_count=213183 210624 30350 15054 7033 2797 180274 145863 27486 19474 2233 8012 4236 15296
is_linear=0
shrinkage=0.03


Tree=142
num_leaves=15
num_cat=0
split_feature=242 76 248 143 229 243 243 228 178 178 231 229 224 231
split_gain=78.1769 85.912 83.1934 204.878 133.466 99.0381 126.38 114.642 114.478 103.52 109.691 113.962 202.545 97.3755
threshold=0.01030772738158703 91.500000000000014 0.71212121844291698 72.500000000000014 49.500000000000007 -0.016632182523608204 -0.048513010144233697 24.500000000000004 50.500000000000007 1.0000000180025095e-35 19.500000000000004 45.500000000000007 23.500000000000004 19.500000000000004
decision_type=8 10 2 10 8 2 2 8 8 10 10 10 10 8
left_child=-1 2 -2 5 -5 6 13 9 -7 -8 -11 -12 -13 -4
right_child=1 -3 3 4 -6 8 7 -9 -10 10 11 12 -14 -15
leaf_value=-0.013763825625357282 0.00017669482533417467 0.0035660957101843215 -0.036096941561175544 0.00023542790598152214 0.01754375479804491 0.025989931731618142 0.0033904869421878276 -0.00042197669386606304 -0.0083644103362167863 -0.00071150300820904124 -0.022088928886187412 0.042971342660098701 -0.020827495670217605 2.0238327542148299e-05
leaf_weight=366.22966533899307 32653.312394220382 5274.7724844776094 60.054837182164192 2587.5393913090229 464.55046180635691 162.63156682252884 251.56080301105976 642.61732009798288 169.19651845097542 323.75420419871807 1645.1904160007834 62.058012872934341 108.52782262861729 1639.0344799384475
leaf_count=1581 147230 27173 259 12616 2844 714 1130 2732 739 1338 6957 265 465 7541
internal_value=-0.000144142 -3.28487e-05 -0.000499236 -0.00321536 0.00291857 -0.0069103 -0.00802375 -0.011683 0.00874068 -0.0146951 -0.0168274 -0.0196813 0.00347642 -0.00146007
internal_weight=46411 46044.8 40770 8116.72 3052.09 5064.63 4732.8 3033.71 331.828 2391.09 2139.53 1815.78 170.586 1699.09
internal_count=213584 212003 184830 37600 15460 22140 20687 12887 1453 10155 9025 7687 730 7800
is_linear=0
shrinkage=0.03


Tree=143
num_leaves=15
num_cat=0
split_feature=149 190 215 76 231 230 226 68 35 135 226 224 141 226
split_gain=96.3766 73.6438 78.7957 72.5204 63.9097 82.0305 68.714 67.4712 67.2612 60.6242 90.8597 55.5057 53.835 53.6392
threshold=22.500000000000004 90.500000000000014 72.500000000000014 91.500000000000014 19.500000000000004 3.5000000000000004 81.500000000000014 19.500000000000004 79.500000000000014 49.500000000000007 28.500000000000004 86.500000000000014 72.500000000000014 47.500000000000007
decision_type=8 10 10 10 10 10 10 10 10 10 10 10 10 8
left_child=4 2 3 -2 6 8 13 9 -6 -7 -11 -8 -9 -1
right_child=1 -3 -4 -5 5 7 11 12 -10 10 -12 -13 -14 -15
leaf_value=0.0049593138349332162 0.00024291365598440163 0.0065097664680384519 -0.0042770217925374651 0.0046192066525547817 0.0051388662228787924 -0.0082387274960074725 0.018797709388984219 -0.0059758302129428228 -0.023019254753114306 -0.040234041484079136 0.006321375983254056 -0.01401350569946711 0.00047558705501043298 -0.0065512787018301415
leaf_weight=752.36609753966331 27913.986195739359 1820.4943079203367 3031.5949521958828 3872.060717266053 1133.7339108511806 1673.0843853875995 302.28840836882591 2810.2942921221256 71.96423415094614 118.14680963009596 50.006867788732052 47.000643812119961 1980.0170509591699 687.99708116799593
leaf_count=3257 127263 8891 13161 20224 5770 7542 1344 12083 350 506 273 216 9177 2979
internal_value=-5.74305e-05 0.00064457 0.000336118 0.000777303 -0.00272701 -0.00389429 0.002378 -0.00520213 0.00328267 -0.0100706 -0.0268113 0.0141155 -0.00331378 -0.000546043
internal_weight=46265 36638.1 34817.6 31786 9626.9 7837.25 1789.65 6631.55 1205.7 1841.24 168.154 349.289 4790.31 1440.36
internal_count=213036 169539 160648 147487 43497 35701 7796 29581 6120 8321 779 1560 21260 6236
is_linear=0
shrinkage=0.03


Tree=144
num_leaves=15
num_cat=0
split_feature=238 68 231 224 244 80 231 249 225 224 222 38 171 141
split_gain=115.803 74.1149 100.094 167.868 112.689 102.198 99.5007 98.4789 90.7663 84.7917 85.8088 81.6724 75.497 75.4745
threshold=-0.11849735304713248 19.500000000000004 88.500000000000014 65.500000000000014 0.01519708661362529 6.5000000000000009 70.500000000000014 0.015151515137404205 69.500000000000014 65.500000000000014 12.500000000000002 56.500000000000007 19.500000000000004 21.500000000000004
decision_type=10 10 10 8 2 8 10 2 10 10 10 10 10 10
left_child=-1 2 4 8 7 -6 9 -2 -4 -3 -11 -12 -13 -8
right_child=1 6 3 -5 5 -7 13 -9 -10 10 11 12 -14 -15
leaf_value=0.0018340002111773182 0.00321588590778615 -0.00014005133086679393 -0.011262405701638908 0.019701659131761664 0.018912348255067098 0.00033342951167455466 -0.011823598912176946 -0.0083478352507823216 -0.033175936380425389 -0.024570137082876923 -0.0098837370772092963 -0.013810086973015449 -8.2011944308262117e-05 0.003528861956122272
leaf_weight=17407.668002460152 865.90797431766987 10709.13903310895 686.63455092906952 119.34212280064821 307.95636680722237 1647.794626288116 293.28048175573349 2754.0925263091922 225.59799251705408 180.25287228822708 1505.5833767130971 395.27886709570885 3267.1091137826443 5919.8825583457947
leaf_count=87651 3617 45613 2981 568 1382 7386 1258 11708 968 763 6305 1671 14173 27048
internal_value=-9.8114e-05 -0.00126303 -0.00405073 -0.0125903 -0.00245111 0.00334023 -0.000434515 -0.00558054 -0.0169827 -0.00168174 -0.00476275 -0.00402577 -0.00159724 0.00278634
internal_weight=46285.5 28877.9 6607.33 1031.57 5575.75 1955.75 22270.5 3620 912.233 16057.4 5348.22 5167.97 3662.39 6213.16
internal_count=213092 125441 28610 4517 24093 8768 96831 15325 3949 68525 22912 22149 15844 28306
is_linear=0
shrinkage=0.03


Tree=145
num_leaves=15
num_cat=0
split_feature=63 230 52 64 144 57 245 52 140 245 126 230 7 224
split_gain=77.1388 86.0519 81.4198 88.7854 85.6136 79.2227 67.8271 91.1557 143.9 81.9517 75.0063 67.0453 66.4817 63.7471
threshold=72.500000000000014 1.5000000000000002 8.5000000000000018 95.500000000000014 23.500000000000004 69.500000000000014 -0.044325016438961022 33.500000000000007 89.500000000000014 -0.087675306946039186 52.500000000000007 81.500000000000014 9.5000000000000018 12.500000000000002
decision_type=10 8 8 10 10 10 2 10 10 2 10 8 10 10
left_child=1 12 4 5 -3 -4 7 8 10 -10 -2 -6 -1 -14
right_child=6 2 3 -5 11 -7 -8 -9 9 -11 -12 -13 13 -15
leaf_value=0.0093272346704779754 -0.0034356147972555012 0.0058685761936769221 -0.0010058694043771491 -0.0065445462853497803 -0.0063174621190004816 0.0029392076740271953 -0.0013466018448123191 0.0065581670506810854 0.0046636477027182576 -0.032815334702436763 0.004698047466120586 0.013650658960020176 -0.00399712594878723 0.0098753770871807794
leaf_weight=1275.5852168165147 1592.4351436123252 638.90089213848114 16807.378402687609 1973.9245920628309 4943.7308984473348 6286.4393191933632 3816.8666359931231 4315.5727810263634 71.668603900820017 165.66444886475801 2802.7873225994408 146.97294246405363 1037.9753832370043 406.64645676314831
leaf_count=7929 6994 2898 74426 8980 22479 28371 16881 20883 477 732 14518 705 4979 1855
internal_value=1.55378e-05 -0.000740314 -0.00119249 -0.000454324 -0.00441565 6.88395e-05 0.00199923 0.00342633 0.000500941 -0.0217667 0.00175003 -0.00571533 0.00436473 -5.11121e-05
internal_weight=46282.5 33517.6 30797.3 25067.7 5729.6 23093.8 12765 8948.13 4632.56 237.333 4395.22 5090.7 2720.21 1444.62
internal_count=213107 152622 137859 111777 26082 102797 60485 43604 22721 1209 21512 23184 14763 6834
is_linear=0
shrinkage=0.03


Tree=146
num_leaves=15
num_cat=0
split_feature=245 231 228 249 231 226 231 231 245 238 245 134 226 249
split_gain=80.9046 83.0392 201.304 156.275 133.647 115.032 179.284 130.05 144.043 136.042 111.484 139.949 131.564 128.444
threshold=-0.20590560883283612 91.500000000000014 8.5000000000000018 0.83333334326744091 94.500000000000014 4.5000000000000009 21.500000000000004 69.500000000000014 -0.043717956170439713 -0.14464974403381345 -0.087675306946039186 47.500000000000007 8.5000000000000018 0.2575757503509522
decision_type=2 10 8 2 10 8 10 10 2 10 2 10 8 2
left_child=-1 5 3 10 -5 6 -2 8 -8 -9 12 -12 13 -3
right_child=1 2 -4 4 -6 -7 7 9 -10 -11 11 -13 -14 -15
leaf_value=0.017614078451182482 -0.012222703443066476 0.011133982467985682 0.0015042391401730814 -0.014171794449035813 0.027002033250353785 -0.00013717799279875989 0.019010834599831938 0.013868756484672848 -0.0041371817050496768 -0.0050773434325155535 -0.029321856817730477 -0.007645411735536534 -0.017918251681350351 -0.011986919997109347
leaf_weight=222.03010963648558 432.12026688456535 488.06253425776958 3382.0878369733691 107.02754175662994 175.09142988920212 36483.318922176957 1206.2786779254675 527.18293323367834 298.05282738804817 925.1379691362381 559.86524663865566 524.02838891744614 516.77246218919754 372.24714434891939
leaf_count=2573 1966 2855 16694 511 1178 162759 6013 3453 1362 4338 2340 2340 2399 2124
internal_value=-5.62163e-05 -0.000145321 -0.0033945 -0.00941791 0.0114315 0.000354547 0.00563325 0.00827534 0.0144275 0.00184778 -0.0118446 -0.0190077 -0.00611023 0.00110702
internal_weight=46219.3 45997.3 6125.18 2743.09 282.119 39872.1 3388.77 2956.65 1504.33 1452.32 2460.98 1083.89 1377.08 860.31
internal_count=212905 210332 30441 13747 1689 179891 17132 15166 7375 7791 12058 4680 7378 4979
is_linear=0
shrinkage=0.03


Tree=147
num_leaves=15
num_cat=0
split_feature=245 230 228 231 231 226 231 244 120 243 224 226 243 228
split_gain=94.019 110.712 154.349 124.303 228.825 207.647 110.699 177.007 147.698 170.83 160.958 160.427 142.123 172.066
threshold=-0.044325016438961022 80.500000000000014 97.500000000000014 25.500000000000004 58.500000000000007 66.500000000000014 91.500000000000014 0.0040039366576820621 49.500000000000007 -0.011465981137007473 35.500000000000007 75.500000000000014 -0.05699856020510196 29.500000000000004
decision_type=2 8 10 8 8 10 10 2 10 2 10 10 2 8
left_child=1 2 6 5 -5 -3 8 -8 9 12 11 -10 -1 -14
right_child=-2 3 -4 4 -6 -7 7 -9 10 -11 -12 -13 13 -15
leaf_value=0.0074170459668800089 -0.0021248422632837421 -0.0090167753032650427 -0.050109877076889908 -0.0066650912843062354 0.0084797306897611176 0.023234557148285172 0.018470328551508909 -0.0055975688339736695 0.0045980853062179338 -0.024389942027505638 -0.0013274896364124406 0.027111666175637008 -0.0062503892737252702 0.0031104312693492667
leaf_weight=1454.9260063245893 13309.180458284914 236.31290881335735 44.882621139287949 1444.5035844743252 2338.3873352408409 684.03076879680157 284.37623332440853 4237.6004765555263 9028.856014162302 283.69915124773979 5063.2288052216172 284.72231084108353 4769.8213465511799 2796.3189635872841
leaf_count=6533 57908 1281 187 6705 13006 3233 1443 22108 43415 1176 23201 1293 19876 11810
internal_value=2.28945e-06 0.000861822 0.000151574 0.00511832 0.00269433 0.0149456 0.000249292 -0.00404658 0.00107095 -0.00187281 0.00297614 0.00531468 -0.00113845 -0.00279125
internal_weight=46260.8 32951.7 28248.4 4703.23 3782.89 920.344 28203.5 4521.98 23681.6 9304.77 14376.8 9313.58 9021.07 7566.14
internal_count=213175 155267 131042 24225 19711 4514 130855 23551 107304 39395 67909 44708 38219 31686
is_linear=0
shrinkage=0.03


Tree=148
num_leaves=15
num_cat=0
split_feature=245 193 76 245 230 231 243 226 231 248 106 230 245 246
split_gain=79.6255 75.6699 118.927 104.365 92.7033 104.856 127.09 126.149 154.86 145.752 108.442 97.6623 96.3204 98.1439
threshold=-0.20590560883283612 73.500000000000014 80.500000000000014 -0.11150914430618285 71.500000000000014 91.500000000000014 -0.053317919373512261 52.500000000000007 68.500000000000014 0.85353535413742077 12.500000000000002 21.500000000000004 -0.047014810144901269 0.017240092158317569
decision_type=2 8 8 2 10 10 2 8 10 2 8 10 2 2
left_child=-1 2 -2 -3 5 6 -5 9 10 -8 -9 -7 13 -6
right_child=1 3 -4 4 12 11 7 8 -10 -11 -12 -13 -14 -15
leaf_value=0.017366954220920931 -0.002336960753455295 0.010905799694980456 0.0023245069781397138 0.010807117802389072 0.00032608753393587595 -0.0021943344548523208 0.0024216195198747061 -0.015269334311220076 0.010731590479388084 -0.025302028700676299 -0.0036273569308057202 -0.019437563118637362 -6.1974367428342892e-05 0.011699224170870246
leaf_weight=225.21211732923985 19849.698681399226 953.77392918616533 6541.7033056095243 933.19761679321527 1057.0136326029897 766.06297082453966 6757.5435546785593 1058.7502494379878 477.14486832916737 165.12524212151766 2235.6531637832522 474.43571150302887 2803.2206238806248 1922.3309712931514
leaf_count=2647 88260 5968 32150 4563 4674 3544 29475 4518 2177 733 10219 2025 12321 9760
internal_value=-4.35088e-05 -0.000132513 -0.00118107 0.00127894 0.00078105 -0.000637184 0.000250364 -0.000680074 -0.00508708 0.00172479 -0.00740372 -0.00889181 0.00393269 0.00767884
internal_weight=46220.9 45995.7 26391.4 19604.3 18650.5 12867.9 11627.4 10694.2 3771.55 6922.67 3294.4 1240.5 5782.57 2979.34
internal_count=213034 210387 120410 89977 84009 57254 51685 47122 16914 30208 14737 5569 26755 14434
is_linear=0
shrinkage=0.03


Tree=149
num_leaves=15
num_cat=0
split_feature=245 231 244 229 229 126 244 245 231 248 231 248 95 248
split_gain=76.2684 74.8858 142.843 139.791 119.798 205.766 163.509 110.866 237.198 195.118 178.179 175.496 123.072 118.94
threshold=-0.20590560883283612 91.500000000000014 0.0040039366576820621 26.500000000000004 5.5000000000000009 48.500000000000007 0.0019773815292865042 -0.075521316379308687 76.500000000000014 0.60101011395454418 54.500000000000007 0.58080807328224193 51.500000000000007 0.7929292917251588
decision_type=2 10 2 10 8 10 2 2 10 2 8 2 10 2
left_child=-1 4 -3 -4 5 -2 -6 8 9 10 -8 -12 -10 -9
right_child=1 2 3 -5 6 -7 7 13 12 -11 11 -13 -14 -15
leaf_value=0.017319568607953414 -0.0035162947070082815 0.017013725947553088 -0.0073926919462519768 0.0024884954340794836 -0.01037821416907421 0.010088359102342372 0.014605405974558401 -0.00044612948428481258 0.020813620882462466 -0.0023665472694680027 0.0042819466647348722 -0.035524191939740879 -0.0033991424688289635 -0.019818587170206271
leaf_weight=218.15893441066146 1568.811990827322 291.16946359723806 3948.821120634675 1904.2950082719326 1347.1078022271395 2732.4038314148784 1401.5953898504376 26643.834848962724 920.69771214574575 4311.7048560678959 376.99025392532349 124.68385727703571 233.84957017749548 278.33059677481651
leaf_count=2604 7198 1471 19427 9578 5752 14561 7268 115818 5011 19257 2410 661 1237 1170
internal_value=1.73239e-05 -6.8323e-05 -0.0031488 -0.00417911 0.000406241 0.00512959 -0.000165096 0.000239023 0.00349674 0.00116658 0.00914114 -0.00611222 0.0159223 -0.000653693
internal_weight=46302.5 46084.3 6144.29 5853.12 39940 4301.22 35638.8 34291.7 7369.52 6214.97 1903.27 501.674 1154.55 26922.2
internal_count=213423 210819 30476 29005 180343 21759 158584 152832 35844 29596 10339 3071 6248 116988
is_linear=0
shrinkage=0.03


Tree=150
num_leaves=15
num_cat=0
split_feature=165 238 238 78 60 163 237 226 145 177 226 147 228 70
split_gain=77.9912 100.478 69.4134 85.978 101.007 71.0845 67.6036 75.436 66.453 65.318 73.4871 61.1774 58.8902 70.7
threshold=6.5000000000000009 -0.29032944142818445 -0.11148530989885329 10.500000000000002 72.500000000000014 64.500000000000014 0.22897648811340335 99.500000000000014 40.500000000000007 54.500000000000007 6.5000000000000009 17.500000000000004 4.5000000000000009 8.5000000000000018
decision_type=8 10 10 10 10 8 2 8 8 8 10 10 10 10
left_child=-1 -2 3 8 5 -5 7 12 -3 10 11 -10 -4 -14
right_child=1 2 6 4 -6 -7 -8 -9 9 -11 -12 -13 13 -15
leaf_value=-0.004902014814019362 0.012697259317696729 0.0087468010206642969 -0.0063396335611444806 0.0032520305197438664 0.0071603630564402625 -0.0018502489625079916 0.011091912925282624 -0.010602019033477643 0.011707517261062268 0.0043000555853403401 -0.0087179869323867881 -0.0045946474258432689 0.0041558820374352967 -0.0010450522386087353
leaf_weight=2784.7459806799889 567.620172329247 429.57360085099936 1614.6384881809354 6069.6738404929638 3395.1031296476722 4116.2781879492104 405.22635173052549 722.07427857071161 328.36092216521502 740.73881160467863 2040.2899688594043 525.12432850897312 2661.7809839770198 19669.202116832137
leaf_count=12585 4843 1938 6946 28267 17606 19400 2145 3551 2083 4373 9566 2995 11316 84927
internal_value=-4.47814e-05 0.000268764 0.000100687 0.00154175 0.00268694 0.00119034 -0.000913674 -0.00111531 -0.00228239 -0.00360639 -0.00563809 0.00174023 -0.000824934 -0.000423535
internal_weight=46070.4 43285.7 42718.1 17645.1 13581.1 10186 25072.9 24667.7 4064.09 3634.51 2893.78 853.485 23945.6 22331
internal_count=212541 199956 195113 86228 65273 47667 108885 106740 20955 19017 14644 5078 103189 96243
is_linear=0
shrinkage=0.03


Tree=151
num_leaves=15
num_cat=0
split_feature=190 194 226 140 121 231 231 242 249 248 224 226 231 77
split_gain=77.318 86.9933 120.684 102.364 106.883 91.2257 119.023 90.8986 74.7983 72.7639 60.3253 66.9398 110.042 89.4782
threshold=73.500000000000014 30.500000000000004 3.5000000000000004 90.500000000000014 54.500000000000007 21.500000000000004 69.500000000000014 0.025092794559895996 0.82323232293128978 0.70202019810676586 6.5000000000000009 8.5000000000000018 92.500000000000014 24.500000000000004
decision_type=10 10 8 10 10 10 10 10 2 2 10 10 10 10
left_child=1 2 3 5 -5 9 -7 8 -8 -1 11 12 -3 -14
right_child=-2 10 -4 4 -6 6 7 -9 -10 -11 -12 -13 13 -15
leaf_value=0.0049439804691997309 0.0034841700904461753 0.0066674556785764946 7.7360659635417148e-05 -0.035804374965016095 0.0074414463060054276 0.02027629697326282 -0.0035514584170376457 0.013441203198687943 0.021241034920660783 -0.03069829113024309 -0.0012722599029618916 -0.013515221472088135 0.0023242383924175609 -0.020999167083655408
leaf_weight=110.35715369880199 5360.7711459174752 605.28147160634398 19599.269378129393 91.038160018622875 99.016118086874485 695.47107524424791 861.64110528677702 739.9612463414669 115.26263165473938 83.046698912978172 16399.891862548888 790.29595785960555 250.08102898672223 346.44589788839221
leaf_count=498 25121 3226 89320 398 580 3545 4466 4685 706 397 73033 3687 1569 1742
internal_value=0.000100519 -0.000344949 0.000910469 0.00672969 -0.014028 0.00829154 0.00988708 0.00558555 -0.00044066 -0.0111174 -0.00187328 -0.00679005 -0.00229262 -0.0113442
internal_weight=46147.8 40787.1 22395.1 2795.79 190.054 2605.74 2412.34 1716.86 976.904 193.404 18392 1992.1 1201.81 596.527
internal_count=212973 187852 104595 15275 978 14297 13402 9857 5172 895 83257 10224 6537 3311
is_linear=0
shrinkage=0.03


Tree=152
num_leaves=15
num_cat=0
split_feature=242 232 137 64 59 68 126 106 246 244 231 244 231 244
split_gain=69.373 63.2081 93.9206 107.84 92.9538 82.44 78.456 86.6634 72.3921 72.0142 79.8565 72.2239 121.341 80.608
threshold=0.01030772738158703 87.500000000000014 89.500000000000014 36.500000000000007 64.500000000000014 13.500000000000002 36.500000000000007 87.500000000000014 0.0055199861526489266 0.07109642401337625 99.500000000000014 0.0019773815292865042 75.500000000000014 0.0044088005088269719
decision_type=8 10 8 8 8 10 8 10 2 2 8 2 10 2
left_child=-1 9 3 5 -4 6 -3 -8 -5 10 11 12 -2 -13
right_child=1 2 4 8 -6 -7 7 -9 -10 -11 -12 13 -14 -15
leaf_value=-0.012652383008189209 -0.0099482037665835892 -0.0069708070855503184 -0.020564932976337012 0.019731087349776081 0.0091051880448909453 0.012146303583839677 0.007893721246345126 -0.018695372788707112 -0.0022458889577659747 0.0063973447629281062 -0.0081217079563234238 0.0043834077364975623 0.017588947671893413 -0.00045875053582026268
leaf_weight=370.37184058129787 1263.8888061568141 515.27790651470423 277.09331265091896 132.82821700721979 134.9985307008028 1581.8155141398311 1698.800892252475 108.55738339573145 2425.987476978451 1401.4481900371611 1189.369882248342 3420.3652031496167 153.15920693054795 31560.089515648782
leaf_count=1594 5398 2327 1392 573 690 7263 9306 549 11111 8412 6497 14872 739 142578
internal_value=0.000106728 0.0002125 0.00286242 0.00375275 -0.0108598 0.00688357 0.00326271 0.00620259 -0.00103269 -0.000255412 -0.000505099 -0.000254047 -0.0068695 1.58299e-05
internal_weight=46234.1 45863.7 6875.36 6463.27 412.092 3904.45 2322.64 1807.36 2558.82 38988.3 37586.9 36397.5 1417.05 34980.5
internal_count=213301 211707 33211 31129 2082 19445 12182 9855 11684 178496 170084 163587 6137 157450
is_linear=0
shrinkage=0.03


Tree=153
num_leaves=15
num_cat=0
split_feature=57 63 78 230 52 249 222 178 222 230 244 1 244 246
split_gain=68.2017 82.6047 86.4036 78.3788 172.358 148.708 128.476 109.87 107.475 100.27 83.5865 79.3571 75.3895 87.1618
threshold=60.500000000000007 62.500000000000007 6.5000000000000009 3.5000000000000004 8.5000000000000018 0.83333334326744091 21.500000000000004 5.5000000000000009 3.5000000000000004 1.0000000180025095e-35 0.011816428974270822 34.500000000000007 0.020083720795810226 0.061154881492257125
decision_type=8 10 10 10 10 2 8 10 10 10 2 10 2 2
left_child=1 -1 -3 5 6 8 11 -6 9 -2 -9 -5 -11 -14
right_child=3 2 -4 4 7 -7 -8 10 -10 12 -12 -13 13 -15
leaf_value=-0.0023098706535983594 0.002414005679526255 -0.013852651506989873 0.0016174213611845141 -0.005485466129469178 0.012149813074759696 0.024826569633785121 0.001568958492976562 0.004430671981573207 0.007710382488111402 0.001696000754223896 -0.00096673967740736608 -0.017252262270251513 -0.039177765649763642 -0.0072444093771407807
leaf_weight=16485.486382551491 1164.9004485793412 325.92669270560145 9964.489147786051 1452.0294076353312 904.20270741730928 304.72171523049474 1502.8141046836972 4451.6383810192347 2187.7682945877314 182.32028177753091 6123.8366617560387 803.44127254933119 139.3601445928216 170.32560532167554
leaf_count=72909 7523 1571 45940 6521 4472 2143 6734 19525 11630 940 27990 3574 606 988
internal_value=-1.28619e-05 -0.000993917 0.00111447 0.00134189 0.000345328 0.00499196 -0.00522255 0.00217113 0.00335958 -0.00239699 0.00130729 -0.00973467 -0.0136089 -0.0223906
internal_weight=46163.3 26775.9 10290.4 19387.4 15238 4149.4 3758.28 11479.7 3844.67 1656.91 10575.5 2255.47 492.006 309.686
internal_count=213066 120420 47511 92646 68816 23830 16829 51987 21687 10057 47515 10095 2534 1594
is_linear=0
shrinkage=0.03


Tree=154
num_leaves=15
num_cat=0
split_feature=233 242 243 193 230 229 228 242 193 146 226 145 243 164
split_gain=72.4092 65.658 57.2407 78.1636 93.9335 153.33 92.102 89.8968 70.3012 72.6055 67.0912 72.694 64.855 64.7794
threshold=99.500000000000014 0.01030772738158703 -0.0086467983201146108 72.500000000000014 69.500000000000014 34.500000000000007 41.500000000000007 0.022668309509754184 91.500000000000014 14.500000000000002 99.500000000000014 37.500000000000007 -0.021106611937284466 18.500000000000004
decision_type=10 8 2 8 10 10 10 8 10 10 10 10 2 10
left_child=1 -1 3 13 5 7 8 -5 9 -7 11 -6 -13 -3
right_child=-2 2 -4 4 10 6 -8 -9 -10 -11 -12 12 -14 -15
leaf_value=-0.012666392122377896 0.0056157722730942545 -0.0043755439176313329 -0.0037448831469879306 -0.00090810785229623902 -0.00097307833330858553 0.0082486116941535379 0.00037443768822283937 0.005479757721716421 -0.017225879256073356 -0.0084207069549591656 -0.0098578130390167256 0.011204521155035837 0.0033445445231989846 -0.00027190163131149631
leaf_weight=374.86802949756384 1914.0704930983484 4239.0311910584569 3779.8114555180073 3645.9051920957863 1112.3980443105102 281.52435521781445 1778.6571263223886 4330.2203717343509 627.47730530053377 1233.717790581286 251.16522140055895 2133.4092851653695 1710.6154175847769 18702.276323348284
leaf_count=1617 9414 19236 16679 15689 4719 1162 7814 22034 2747 5340 1298 10604 7896 86632
internal_value=-8.13937e-05 -0.000329317 -0.000220926 0.000112538 0.00164694 0.000174992 -0.00467513 0.00256237 -0.008849 -0.00528986 0.00500305 0.00577445 0.00772454 -0.00103174
internal_weight=46115.1 44201.1 43826.2 40046.4 17105.1 11897.5 3921.38 7976.13 2142.72 1515.24 5207.59 4956.42 3844.02 22941.3
internal_count=212881 203467 201850 185171 79303 54786 17063 37723 9249 6502 24517 23219 18500 105868
is_linear=0
shrinkage=0.03


Tree=155
num_leaves=15
num_cat=0
split_feature=239 70 231 246 229 243 81 70 78 244 138 189 52 29
split_gain=74.2777 65.7617 163.104 110.661 113.049 75.0491 72.2771 76.4815 76.3531 63.06 68.7535 62.9687 60.7655 60.0218
threshold=-0.042636269703507416 9.5000000000000018 89.500000000000014 0.045315288007259376 12.500000000000002 -0.0086467983201146108 60.500000000000007 81.500000000000014 10.500000000000002 0.011056316550821068 28.500000000000004 46.500000000000007 85.500000000000014 39.500000000000007
decision_type=10 8 10 2 8 2 8 10 10 2 10 10 8 10
left_child=-1 2 9 4 -4 6 7 8 -3 10 -2 -7 -10 -11
right_child=1 5 3 -5 -6 11 -8 -9 12 13 -12 -13 -14 -15
leaf_value=0.0037776623950317137 -0.0021811927287904796 -0.0061444168213908145 -0.025339170407705155 0.0011665475463749964 0.0036497266247787793 -0.010125227244990979 0.0021573817013066832 -0.0068143103449591789 0.00016168733054011168 0.0093120728275455904 0.0080599505030112453 -0.0017782962620357314 -0.008521537102155188 0.00097395706983860312
leaf_weight=4232.5340093225241 2089.9939263984561 2125.3099517412484 420.59153739362955 578.06468672305346 165.2390645891428 1369.6450628563762 7156.3261332660913 2042.9916928485036 18912.377416532487 2428.2796683087945 810.59038285166025 1995.0343441665173 744.24850098788738 1144.1166459992528
leaf_count=22687 9195 10387 1958 3353 729 6001 33753 8922 83869 11635 3516 8806 3458 5115
internal_value=-5.35498e-06 -0.000387552 0.00212867 -0.00816534 -0.0172386 -0.000947495 -0.000484566 -0.0012787 -0.000756614 0.00398936 0.000698632 -0.00519598 -0.000171247 0.00665183
internal_weight=46215.3 41982.8 7636.88 1163.9 585.831 34345.9 30981.3 23824.9 21781.9 6472.98 2900.58 3364.68 19656.6 3572.4
internal_count=213384 190697 35501 6040 2687 155196 140389 106636 97714 29461 12711 14807 87327 16750
is_linear=0
shrinkage=0.03


Tree=156
num_leaves=15
num_cat=0
split_feature=233 245 248 226 120 246 37 23 248 249 245 244 23 145
split_gain=73.4886 115.538 130.623 133.36 204.206 144.286 138.998 97.4883 86.4086 89.4921 163.014 157.13 84.6501 74.243
threshold=60.500000000000007 -0.11150914430618285 0.71212121844291698 28.500000000000004 27.500000000000004 0.028911205939948562 8.5000000000000018 9.5000000000000018 0.90404042601585399 0.04545454494655133 -0.074204768985509859 0.0094137410633265989 6.5000000000000009 79.500000000000014
decision_type=10 2 2 8 8 2 8 8 2 2 2 2 8 10
left_child=1 12 -3 8 6 -6 -5 -7 9 10 -4 -11 -1 -12
right_child=-2 2 3 4 5 7 -8 -9 -10 11 13 -13 -14 -15
leaf_value=-0.0028477758073076542 0.0014833576717274025 -0.00047519259105189952 -0.027958216604516466 -0.035343493426322981 0.0094306666611326251 0.013564917281000692 -0.0049286723769473217 -0.011604177960340384 0.018023589875526835 0.018735973175877225 0.011696569035474275 -0.012670236880700887 0.011753498692879951 -0.020128131488624461
leaf_weight=532.65709802135825 18371.149494074285 21681.761012226343 652.64049683511257 224.33691389858723 1191.4559934809804 163.87665005773306 328.9466772377491 687.86582603305578 73.572530947625637 168.69790685176849 168.72769515216351 726.67607033252716 1055.519678261131 94.575127318501472
leaf_count=3666 85459 97155 2875 945 5434 703 1381 3182 359 769 718 3340 6613 407
internal_value=1.20148e-05 -0.000962186 -0.00144002 -0.00609658 -0.00167346 0.00272307 -0.0176693 -0.00666039 -0.0121485 -0.0134663 -0.0200235 -0.00661139 0.00686921 -5.26928e-05
internal_weight=46122.5 27751.3 26163.1 4481.37 2596.48 2043.2 553.284 851.742 1884.89 1811.32 915.943 895.374 1588.18 263.303
internal_count=213006 127547 117268 20113 11645 9319 2326 3885 8468 8109 4000 4109 10279 1125
is_linear=0
shrinkage=0.03


Tree=157
num_leaves=15
num_cat=0
split_feature=233 249 224 55 248 248 230 248 222 70 120 248 244 249
split_gain=71.676 95.702 72.9843 143.066 132.337 91.4716 89.3275 88.4008 99.7221 85.5459 98.6046 94.4787 84.7555 99.3965
threshold=53.500000000000007 0.27777777612209326 6.5000000000000009 15.500000000000002 0.81313130259513866 0.66161617636680614 2.5000000000000004 0.7929292917251588 9.5000000000000018 29.500000000000004 37.500000000000007 0.91414141654968273 0.0087434956803917902 0.21717172116041186
decision_type=10 2 10 8 2 2 10 2 10 10 10 2 2 2
left_child=1 -1 3 4 12 -5 -6 -7 -9 10 -4 -12 -2 -14
right_child=2 -3 9 5 6 7 -8 8 -10 -11 11 -13 13 -15
leaf_value=-0.0022140994999473771 0.01074017686436524 0.0019487388415012072 -0.0010902517192089094 -0.0032960729211473157 0.022292204364643638 -0.030501057882581058 -0.0019709993803277252 0.011724200737688503 -0.021983996539949507 0.00044460679104861426 0.0076632293399182981 -0.021047677997787107 -0.017734917892430209 0.00024977456822494564
leaf_weight=18240.119175188243 329.74451110139489 6821.8664993792772 1860.8690885454416 764.41173004731536 391.27810496836901 291.55117489397526 204.70371245220304 133.06855311244726 168.58104079216719 10887.426590465009 4679.8926875218749 96.100870285183191 422.73570538684726 765.6345108859241
leaf_count=81026 1649 34256 7829 3836 2796 1366 1027 696 892 48461 21870 460 2085 4459
internal_value=2.37571e-06 -0.00108065 0.00129503 -0.00267351 0.00220814 -0.0102359 0.0140634 -0.0189758 -0.00721503 0.00208231 0.00476418 0.00704275 -0.00250759 -0.00624248
internal_weight=46058 25062 20996 3471.71 2114.1 1357.61 595.982 593.201 301.65 17524.3 6636.86 4775.99 1518.11 1188.37
internal_count=212708 115282 97426 18806 12016 6790 3823 2954 1588 78620 30159 22330 8193 6544
is_linear=0
shrinkage=0.03


Tree=158
num_leaves=15
num_cat=0
split_feature=149 245 193 101 244 90 119 248 245 248 248 212 78 244
split_gain=82.8179 71.984 89.6831 78.6016 77.981 125.55 99.4923 64.4865 70.9985 65.5285 72.2574 63.8441 51.4664 80.7272
threshold=28.500000000000004 -0.11150914430618285 85.500000000000014 1.0000000180025095e-35 0.024178157560527328 39.500000000000007 19.500000000000004 0.57070705294609081 -0.20590560883283612 0.84343436360359203 0.96464648842811596 39.500000000000007 10.500000000000002 0.088909499347209944
decision_type=10 2 10 8 2 10 8 2 2 2 2 10 8 2
left_child=12 2 4 -3 6 7 -2 -6 -9 -10 -11 -5 -1 -14
right_child=1 3 -4 11 5 -7 -8 8 9 10 -12 -13 13 -15
leaf_value=-0.0070604674237014879 -0.01707987001454702 -0.0090589649932851131 0.019303010053430807 0.0010944706678586043 0.010427673011382784 0.009929095988957623 0.0097224955686868106 0.013658175739770921 -0.02700580351063225 0.023075678578105798 -0.026888207310301292 -0.002785042061800024 -0.0018276103361731053 0.014497077146014637
leaf_weight=1665.7699774168432 127.7293761074543 782.34797547757626 349.04754755273461 25497.161470003426 85.916936866939068 361.34624015539885 1390.75677055493 53.644410066306591 328.76781230419874 51.274750292301178 35.360176831483841 4480.0027155354619 10693.248356830329 269.83393097296357
leaf_count=8030 558 3361 2261 114298 601 2646 8776 688 1802 387 152 19521 48348 1789
internal_value=-9.31706e-05 0.000686473 0.00529713 0.000267607 0.00321853 -0.00366811 0.00737099 -0.0125405 -0.0168775 -0.0210492 0.00201069 0.000513953 -0.00216288 -0.00141297
internal_weight=46172.2 33543.4 2783.84 30759.5 2434.8 916.31 1518.49 554.964 469.047 415.403 86.6349 29977.2 12628.9 10963.1
internal_count=213218 155051 17871 137180 15610 6276 9334 3630 3029 2341 539 133819 58167 50137
is_linear=0
shrinkage=0.03


Tree=159
num_leaves=15
num_cat=0
split_feature=231 228 248 134 152 120 222 134 14 222 248 76 248 8
split_gain=62.409 148.022 178.462 146.165 138.457 128.05 121.104 105.263 105.159 99.8826 98.2683 96.7149 101.944 87.8162
threshold=91.500000000000014 11.500000000000002 0.82323232293128978 33.500000000000007 3.5000000000000004 98.500000000000014 6.5000000000000009 39.500000000000007 5.5000000000000009 79.500000000000014 0.76262626051902782 93.500000000000014 0.7525252401828767 88.500000000000014
decision_type=10 8 2 10 10 10 10 10 8 10 2 10 2 10
left_child=5 2 3 4 -2 8 -4 -8 -1 -3 -11 -10 -13 -7
right_child=1 9 6 -5 -6 13 7 -9 11 10 -12 12 -14 -15
leaf_value=-0.0044386646085057451 0.011875243831781299 0.005797633267788419 0.011147863373606032 -0.0057706170994932943 -0.025522100244216792 0.0096722579574962161 -0.030564197240555039 0.0087463567703206305 0.00019796473616554621 -0.0028057457243918235 -0.03573236338785736 0.0036104053783463023 0.020098527996919073 -0.00338778771702956
leaf_weight=4108.9306432828307 95.041565764695406 2070.5496510565281 647.26115564629436 1580.5672541260719 749.79559694975615 2115.490608394146 130.75916521251202 102.30096589773893 30716.995213150978 809.78484302759171 81.01803932338953 1916.3160799890757 401.4818559139967 587.01682578772306
leaf_count=18685 578 10321 4059 8406 3422 11511 632 559 136292 3921 451 9139 1966 3018
internal_value=0.000103098 -0.00267733 -0.00703184 -0.011219 -0.0212253 0.000540969 0.00450072 -0.013659 8.14258e-05 0.00219088 -0.00616383 0.000644816 0.0065405 0.00683343
internal_weight=46113.3 6267.08 3305.73 2425.4 844.837 39846.2 880.321 233.06 37143.7 2961.35 890.803 33034.8 2317.8 2702.51
internal_count=212960 32349 17656 12406 4000 180611 5250 1191 166082 14693 4372 147397 11105 14529
is_linear=0
shrinkage=0.03


Tree=160
num_leaves=15
num_cat=0
split_feature=57 242 230 144 249 230 144 249 224 244 249 230 230 249
split_gain=58.6394 71.6897 65.485 65.5869 65.3244 108.155 66.5967 62.4185 92.0292 122.719 113.163 76.7317 71.0568 65.4768
threshold=70.500000000000014 0.025000139139592651 3.5000000000000004 7.5000000000000009 0.89393940567970287 63.500000000000007 86.500000000000014 0.82323232293128978 12.500000000000002 0.032994924113154418 0.65151515603065502 20.500000000000004 41.500000000000007 0.035353535786271102
decision_type=8 8 8 10 2 8 10 2 10 2 2 10 10 2
left_child=4 7 3 -3 -1 6 -6 8 9 10 12 -9 -2 -10
right_child=1 2 -4 -5 5 -7 -8 11 13 -11 -12 -13 -14 -15
leaf_value=-0.00060417304429733506 -0.0024880680974836622 -0.017827514479380739 0.0026235869466921889 0.013054592322828511 -0.0032140513348621392 0.014767356594523103 -0.031029966192113154 0.020160919348981197 0.006654681692527027 -0.021682269066616824 0.024688615255623887 -0.0077809316831514335 -0.019211950819695459 -0.00065931603337298684
leaf_weight=30765.16064555198 2184.3343928791583 57.796091161668301 5404.6996830739081 914.09607762098312 127.96467604488134 94.301702655851841 196.66608107089996 265.47466607764363 1559.5215877592564 344.29005752503872 118.07163210213184 123.77831944823265 246.05134948343039 3689.8002847358584
leaf_count=138590 10180 294 27169 6104 610 576 875 1618 6621 1726 607 562 1018 16294
internal_value=-2.66605e-05 0.00152035 0.003924 0.0110552 -0.000766476 -0.0123936 -0.0204891 -0.000278712 -0.00084561 -0.00513265 -0.00282084 0.0113034 -0.00425297 0.00152212
internal_weight=46092 14907.9 6376.59 971.892 31184.1 418.932 324.631 8531.32 8142.07 2892.75 2548.46 389.253 2430.39 5249.32
internal_count=212844 72193 33567 6398 140651 2061 1485 38626 36446 13531 11805 2180 11198 22915
is_linear=0
shrinkage=0.03


Tree=161
num_leaves=15
num_cat=0
split_feature=238 226 226 231 248 60 62 249 231 38 238 248 245 231
split_gain=63.2443 66.013 110.089 102.617 98.0415 106.494 100.949 99.2925 94.8071 91.0228 104.71 85.1216 85.8593 82.3793
threshold=-0.11970545351505278 2.5000000000000004 43.500000000000007 68.500000000000014 0.83333334326744091 49.500000000000007 35.500000000000007 0.53030303120613109 12.500000000000002 19.500000000000004 -0.2799654603004455 0.84343436360359203 -0.094287272542715059 66.500000000000014
decision_type=10 8 10 10 2 10 8 2 8 8 10 2 2 10
left_child=1 11 3 4 8 6 -6 -8 -3 10 -5 -1 -13 -4
right_child=-2 2 13 9 5 -7 7 -9 -10 -11 -12 12 -14 -15
leaf_value=0.0038297582300095864 -0.00086700301488806179 -0.0088831251460246476 0.001498594938230641 0.010286822353298215 -0.03361330727707177 0.0058708142627751005 -0.015741375828958626 0.024600274043828568 0.0045535341000744389 0.0014664331494843098 -0.011011112220282861 0.028513654616275627 -0.0094311877966091716 0.009219017280828027
leaf_weight=2137.9812229163945 29142.99531840533 529.91309078037739 4204.8231628909707 222.77742848172784 192.48966910690069 268.72321179509163 196.2857708632946 65.120949171483517 3811.2397549748421 1125.5289960205555 2085.4631076008081 240.77653611451387 62.972489155828953 1759.5101364403963
leaf_count=12388 126848 2427 19451 1740 837 1385 875 411 18914 5831 10220 2107 309 9023
internal_value=-2.03351e-05 0.00143903 0.000666851 -0.00152557 0.00118941 -0.00896678 -0.0176884 -0.00515546 0.00289671 -0.00552118 -0.00892006 0.00599111 0.0205972 0.00378778
internal_weight=46046.6 16903.6 14461.9 8497.54 5063.77 722.62 453.896 261.407 4341.15 3433.77 2308.24 2441.73 303.749 5964.33
internal_count=212766 85918 71114 42640 24849 3508 2123 1286 21341 17791 11960 14804 2416 28474
is_linear=0
shrinkage=0.03


Tree=162
num_leaves=15
num_cat=0
split_feature=149 212 119 63 122 38 244 139 243 243 142 230 231 231
split_gain=66.3042 67.2573 58.5659 78.5083 78.061 64.6868 77.759 67.0938 66.757 74.5678 75.4282 64.1043 61.6984 58.2342
threshold=28.500000000000004 51.500000000000007 46.500000000000007 60.500000000000007 22.500000000000004 78.500000000000014 0.085680648684501662 1.5000000000000002 -0.05699856020510196 -0.041728394106030457 42.500000000000007 44.500000000000007 5.5000000000000009 19.500000000000004
decision_type=8 10 10 8 10 10 2 10 2 2 10 10 8 10
left_child=13 2 5 -4 -5 6 7 12 -9 -10 11 -11 -2 -1
right_child=1 -3 3 4 -6 -7 -8 8 9 10 -12 -13 -14 -15
leaf_value=0.0024257188402388155 -0.032032011157203624 -0.002863678517923551 0.00051581037677672181 0.013265622094999872 0.0034740509178627071 0.0048060500757351101 0.018124234098942892 0.0056777203603966203 -0.0077846526308305696 0.0057916941982394006 -0.0058377018567535499 -0.0016391314338165422 -0.0067605633899617068 -0.0028733471270790041
leaf_weight=2288.8732532784343 89.38225606828928 4180.5118474401534 10269.992189023644 808.70476116985083 7166.5363144613802 1749.7189117893577 169.43057996034622 1155.1598184481263 1590.4333781450987 1868.9590694233775 1679.979203492403 2346.2372375950217 789.39016465842724 9948.9303349740803
leaf_count=9972 422 18586 48801 4078 35848 7791 1203 5294 6761 7825 7033 9726 4306 45422
internal_value=1.05893e-05 0.000694546 0.00119646 0.00225112 0.0044823 -0.000486273 -0.00144598 -0.00181294 -0.00100439 -0.00204176 -0.000481852 0.0016615 -0.00966248 -0.00188108
internal_weight=46102.2 33864.4 29683.9 18245.2 7975.24 11438.7 9688.97 9519.54 8640.77 7485.61 5895.18 4215.2 878.772 12237.8
internal_count=213068 157674 139088 88727 39926 50361 42570 41367 36639 31345 24584 17551 4728 55394
is_linear=0
shrinkage=0.03


Tree=163
num_leaves=15
num_cat=0
split_feature=149 238 101 246 76 193 249 226 248 240 69 248 120 52
split_gain=71.048 86.921 69.2043 72.1277 65.1056 74.1876 67.2441 63.7312 98.9855 56.7334 56.0754 54.2971 121.605 77.1333
threshold=23.500000000000004 -0.26396778225898737 3.5000000000000004 0.010098729282617571 85.500000000000014 74.500000000000014 0.085858587175607695 66.500000000000014 0.48989899456501013 -0.030052198097109791 12.500000000000002 0.7222222387790681 49.500000000000007 10.500000000000002
decision_type=8 10 8 2 10 8 2 10 2 10 10 2 8 8
left_child=9 -2 3 -3 5 10 -7 -8 -9 -1 -4 -12 -13 -14
right_child=1 2 4 -5 -6 6 7 8 -10 -11 11 12 13 -15
leaf_value=0.0029075231865364763 0.010798897595377275 0.0075147057097134633 0.0022318257423209792 -0.0047793195511790501 0.0039938118393679266 -0.00036254039381369949 0.0019264918221546963 0.0040475333934329033 0.017766448567756849 -0.0032015941459207944 -0.0011920752570240968 -0.016751092567826302 -0.014296223820182181 0.0033073356392771627
leaf_weight=1624.0702590867877 731.65919482335448 479.90226494520903 3475.1628045737743 3520.6006754934788 5100.1638804189861 5255.8757016137242 3845.567435182631 1538.6936019733548 679.29625514894724 8445.8795986399055 9521.6745849363506 684.10263872891665 285.71495961397886 914.47964955121279
leaf_count=7776 6158 2115 15592 16415 25145 22817 18210 6947 3774 37717 42108 2860 1336 4167
internal_value=1.20722e-05 0.00063474 0.000421078 -0.00328946 0.000896216 0.000291949 0.00212132 0.00427138 0.00831006 -0.00221442 -0.00110007 -0.00211629 -0.00675555 -0.000966822
internal_weight=46102.8 36032.9 35301.2 4000.5 31300.7 26200.6 11319.4 6063.56 2217.99 10069.9 14881.1 11406 1884.3 1200.19
internal_count=213137 167644 161486 18530 142956 117811 51748 28931 10721 45493 66063 50471 8363 5503
is_linear=0
shrinkage=0.03


Tree=164
num_leaves=15
num_cat=0
split_feature=243 240 231 174 229 222 249 126 231 231 141 243 222 231
split_gain=62.8605 66.0599 74.1623 120.811 100.703 144.392 118.688 102.814 107.718 91.5082 91.1545 108.473 105.368 181.85
threshold=-0.0086467983201146108 0.082706589251756682 91.500000000000014 10.500000000000002 4.5000000000000009 7.5000000000000009 0.91414141654968273 48.500000000000007 29.500000000000004 17.500000000000004 76.500000000000014 -0.038139663636684411 4.5000000000000009 71.500000000000014
decision_type=2 10 10 8 8 10 2 10 10 10 10 2 8 8
left_child=1 2 4 -4 5 7 10 8 9 -1 12 -12 13 -6
right_child=-2 -3 3 -5 6 -7 -8 -9 -10 -11 11 -13 -14 -15
leaf_value=-0.013695699450750078 -0.003685181028492324 0.012923652234580345 -0.010137371689289619 -0.000357234768353248 -0.018782109751677087 0.01420893869141622 -0.024207938795188906 0.0063707115057888893 -0.010480474287010984 0.029497851153933389 0.0083024175132003931 0.00088541533504381785 -0.00022555340153067194 0.0084409804179078774
leaf_weight=60.571984313428402 3808.758174136281 361.8005700930953 1523.3849269673228 4397.3847936876118 681.79172446578741 1148.0793859884143 168.31617602705956 1495.5004971064627 833.46757492423058 116.11127316206694 2429.5596454553306 6521.6474507078528 22231.9796699211 317.3713486045599
leaf_count=277 16782 2113 8474 22121 2932 5971 737 8385 3872 525 11850 29765 97951 1385
internal_value=1.02023e-06 0.000333827 0.000222125 -0.00288647 0.000733979 0.00544792 0.00020006 0.00139314 -0.00596624 0.0147495 0.000335196 0.00290558 -0.000656023 -0.0101371
internal_weight=46095.7 42287 41925.2 5920.77 36004.4 3653.73 32350.7 2505.65 1010.15 176.683 32182.3 8951.21 23231.1 999.163
internal_count=213140 196358 194245 30595 163650 19030 144620 13059 4674 802 143883 41615 102268 4317
is_linear=0
shrinkage=0.03


Tree=165
num_leaves=15
num_cat=0
split_feature=238 60 230 6 244 193 229 230 222 171 239 141 188 178
split_gain=75.1124 74.2436 66.8985 84.1254 78.792 71.9283 71.3485 97.1972 69.8556 60.104 53.262 53.1493 53.5445 52.1046
threshold=-0.097092170268297182 81.500000000000014 71.500000000000014 12.500000000000002 0.11348605155944826 78.500000000000014 73.500000000000014 66.500000000000014 19.500000000000004 25.500000000000004 -0.019091848284006115 1.5000000000000002 14.500000000000002 11.500000000000002
decision_type=10 10 8 8 2 10 10 10 8 10 10 10 10 8
left_child=1 2 4 -4 6 8 11 -8 -5 -2 -6 -1 -13 -11
right_child=9 -3 3 5 10 -7 7 -9 -10 13 -12 12 -14 -15
leaf_value=0.019091034290693421 -0.0038602411140382931 0.004538916137034916 0.014960444293038022 -0.010794100684032212 0.011689433284768208 0.01008381553145447 -0.025551883140337253 0.0094701623241476521 0.002112427453580222 -0.004731326374357075 -0.027401179547852483 -0.0029901006313448933 0.00096351611039349533 0.00041016616493577619
leaf_weight=121.21738240867853 5729.9448872953653 4799.3661678284407 533.07864172756672 461.55099948495626 33.35319159924984 763.48115637153387 208.17557398974895 99.554184533655643 1881.0216280594468 2032.7798532545567 143.48241027444601 4179.6063002869487 11661.712125498801 13471.175146907568
leaf_count=530 24384 25434 2810 2222 262 3842 912 495 9761 8794 819 18748 55511 58740
internal_value=7.26803e-05 0.00119081 0.000388954 0.00406371 -0.000426109 0.00215154 -0.00020354 -0.0142804 -0.000465585 -0.00123768 -0.0197972 7.66074e-05 -8.08426e-05 -0.000266569
internal_weight=46119.5 24885.6 20086.2 3639.13 16447.1 3106.05 16270.3 307.73 2342.57 21233.9 176.836 15962.5 15841.3 15504
internal_count=213264 121346 95912 18635 77277 15825 76196 1407 11983 91918 1081 74789 74259 67534
is_linear=0
shrinkage=0.03


Tree=166
num_leaves=15
num_cat=0
split_feature=238 171 230 229 226 37 229 249 243 231 231 230 243 249
split_gain=66.2802 77.5707 70.3835 120.973 113.826 95.4564 114.926 147.887 120.855 100.906 99.389 135.45 176.704 187.821
threshold=-0.097092170268297182 24.500000000000004 71.500000000000014 74.500000000000014 81.500000000000014 23.500000000000004 32.500000000000007 0.04545454494655133 -0.026419281028211113 81.500000000000014 89.500000000000014 3.5000000000000004 -0.048831390216946595 0.04545454494655133
decision_type=10 10 8 8 10 10 10 2 2 10 10 10 2 2
left_child=2 -2 3 4 5 6 8 -8 10 -7 11 -1 -13 -14
right_child=1 -3 -4 -5 -6 9 7 -9 -10 -11 -12 12 13 -15
leaf_value=0.0084185689308884613 -0.0042373355880449826 -0.00010003361001955174 0.0045561535075975372 -0.016779932935089767 0.013555257807515764 0.0064780838103560209 0.0030297988377596678 -0.010889246552043919 0.0065091402051191561 -0.001695528357350978 -0.0067502780262557417 0.0050933021760375726 -0.015665629253238823 0.0001056535657130046
leaf_weight=1519.7653194740415 5504.8596067726612 15661.970037043095 4373.7100904583931 353.70977567136288 589.35072477906942 3706.3416640982032 1031.1088426038623 2026.9757011458278 2271.9401808455586 2137.8729578778148 2192.7120576649904 1927.4666508361697 1188.1621880158782 1569.9395256638527
leaf_count=8462 23414 68201 22644 1633 2717 17304 4410 9116 10324 10852 12422 9354 5040 7178
internal_value=5.62762e-05 -0.00117752 0.0011056 0.00036811 0.00067712 0.000282616 -0.00108448 -0.00620152 0.000386522 0.0034903 -0.00127561 0.000666658 -0.00186025 -0.0067205
internal_weight=46055.9 21166.8 24889.1 20515.3 20161.6 19572.3 13728.1 3058.08 10670 5844.21 8398.05 6205.33 4685.57 2758.1
internal_count=213071 91615 121456 98812 97179 94462 66306 13526 52780 28156 42456 30034 21572 12218
is_linear=0
shrinkage=0.03


Tree=167
num_leaves=15
num_cat=0
split_feature=66 224 29 229 226 224 222 78 146 246 224 238 240 232
split_gain=63.3751 66.3345 61.9943 59.2866 53.3116 58.2839 82.5948 75.5362 104.703 93.5929 86.2881 83.2476 78.447 80.1354
threshold=16.500000000000004 87.500000000000014 99.500000000000014 62.500000000000007 99.500000000000014 76.500000000000014 24.500000000000004 10.500000000000002 27.500000000000004 0.036946998909115798 4.5000000000000009 -0.2799654603004455 -0.0078705945052206499 23.500000000000004
decision_type=10 10 8 8 10 10 10 10 10 2 10 10 10 10
left_child=1 -1 4 -3 5 7 -7 8 -2 -9 11 -10 -12 -14
right_child=2 3 -4 -5 -6 6 -8 9 10 -11 12 -13 13 -15
leaf_value=-0.0014788485768787052 0.0098264648991292069 0.017216479923537181 0.0076868126879566833 -0.014777849791015712 -0.0090751793453092439 0.012740469690794164 0.0019446132687264254 -0.00043603116395046136 0.017819150127036242 0.0036166720052390501 -0.0032789505765515024 -0.001580448144541843 -0.0012676405246154947 -0.017056893927625157
leaf_weight=8536.8142970837653 493.69684110581875 49.278009310364723 1079.0110228359699 536.01546247303486 514.33885987102985 733.97054077684879 4510.3545837327838 17566.518744707108 230.68687010556459 7232.2119821310043 2012.6778342202306 1144.4518871828914 408.04901418834925 998.47507490962744
leaf_count=38352 2126 218 5934 2294 2490 3599 20598 77862 2312 34949 9569 6362 1887 4554
internal_value=8.19123e-05 -0.00215589 0.000635191 -0.0118402 0.00042084 0.000561609 0.00347692 5.24638e-05 -0.00319926 0.000746866 -0.00455825 0.00177909 -0.00710476 -0.0125175
internal_weight=46046.6 9122.11 36924.4 585.293 35845.4 35331.1 5244.33 30086.8 5288.04 24798.7 4794.34 1375.14 3419.2 1406.52
internal_count=213106 40864 172242 2512 166308 163818 24197 139621 26810 112811 24684 8674 16010 6441
is_linear=0
shrinkage=0.03


Tree=168
num_leaves=15
num_cat=0
split_feature=149 137 226 238 52 226 232 222 29 228 222 249 226 238
split_gain=74.6032 68.4209 65.2785 60.2539 70.7146 101.021 70.5896 92.0818 73.8269 71.9159 63.8847 71.7299 96.9432 89.1305
threshold=17.500000000000004 90.500000000000014 19.500000000000004 -0.27186119556426996 9.5000000000000018 4.5000000000000009 87.500000000000014 94.500000000000014 inf 2.5000000000000004 40.500000000000007 0.6414141356945039 5.5000000000000009 -0.11204796284437178
decision_type=8 10 8 10 10 8 10 10 8 10 10 2 8 10
left_child=1 -1 -3 -2 5 -5 8 9 -6 -8 11 12 -7 -14
right_child=3 2 -4 4 6 10 7 -9 -10 -11 -12 -13 13 -15
leaf_value=-0.0015366689813289241 0.0095072221719032235 -0.020707466149092798 -0.0045028587602485024 0.0039632552606590384 0.00040710336695932314 -0.02676649462559445 -0.010335771915759876 -0.020072121648527137 0.013545229600680499 0.0072534569701936374 0.0023394368612403185 -0.014998156101147693 6.5796200319400734e-05 -0.0082054501795714718
leaf_weight=6470.0320453383029 660.26728607341647 327.50512314587831 687.24058376252651 2050.8666739426553 25034.989294484258 150.83776817470789 215.47476364672184 115.96140296757221 380.96863809973001 3137.752852037549 1319.4348093420267 568.36161885783076 3080.5691247060895 1882.93976932019
leaf_count=28875 5682 1577 3385 11185 111920 719 1044 511 2137 14336 6067 2764 14838 8177
internal_value=5.90243e-05 -0.00268001 -0.00988387 0.000590719 0.000433074 -0.00187914 0.00115815 0.00516595 0.000609285 0.00609582 -0.00359353 -0.00497276 -0.00383154 -0.00308214
internal_weight=46083.2 7484.78 1014.75 38598.4 37938.2 9053.01 28885.1 3469.19 25416 3353.23 7002.14 5682.71 5114.35 4963.51
internal_count=213217 33837 4962 179380 173698 43750 129948 15891 114057 15380 32565 26498 23734 23015
is_linear=0
shrinkage=0.03


Tree=169
num_leaves=15
num_cat=0
split_feature=193 76 230 242 248 246 224 243 246 60 117 248 120 248
split_gain=63.9855 109.225 90.379 92.5425 86.8429 123.458 93.5262 97.0182 81.7901 74.76 73.8943 86.9043 67.0272 62.2816
threshold=73.500000000000014 78.500000000000014 71.500000000000014 0.020676652900874618 0.53030303120613109 0.0099252923391759413 98.500000000000014 -0.032258400693535798 0.025217008776962761 32.500000000000007 53.500000000000007 0.58080807328224193 71.500000000000014 0.80303028225898754
decision_type=8 10 10 8 2 2 10 2 2 10 10 2 10 2
left_child=1 -1 3 8 -4 -6 10 -8 -2 -3 11 -7 -10 -11
right_child=2 9 4 -5 5 6 7 -9 12 13 -12 -13 -14 -15
leaf_value=-0.0021843292061756304 -0.00018039857833497422 -0.0107526506810598 0.0020879714518218934 0.0016657739659482894 -0.0046896863706780787 0.022213587007513098 0.014424129694150821 -0.041817716750375135 -0.013203060787817642 0.0016023713548406406 0.020725049887719265 -0.014931613613281762 -0.0018635380906011944 0.0093606827928816045
leaf_weight=19388.899201277643 2700.1427704691887 372.17474630475044 4197.9467058777809 9117.5411746650934 376.68706344813108 89.324315421283245 49.961382105946541 42.875796943902969 1074.0828513726592 5620.4308237843215 936.87252574414015 122.09157218039036 833.69316694885492 1107.7954578623176
leaf_count=86600 11314 1760 18992 43687 1705 390 302 249 4500 27577 5290 524 3735 6440
internal_value=-5.82789e-05 -0.0010188 0.00124363 -8.51775e-05 0.00437443 0.0102581 0.0147961 -0.0130911 -0.00354583 0.00216246 0.0171443 0.00105688 -0.00828327 0.00289177
internal_weight=46030.5 26489.3 19541.2 13725.5 5815.76 1617.81 1241.13 92.8372 4607.92 7100.4 1148.29 211.416 1907.78 6728.23
internal_count=213065 122377 90688 63236 27452 8460 6755 551 19549 35777 6204 914 8235 34017
is_linear=0
shrinkage=0.03


Tree=170
num_leaves=15
num_cat=0
split_feature=245 63 242 230 244 222 224 72 244 244 228 226 222 226
split_gain=63.7926 62.7104 63.9293 58.66 121.585 75.4132 91.3142 72.6804 71.5602 68.3196 83.8549 86.7651 86.0614 78.9759
threshold=-0.20590560883283612 72.500000000000014 0.013138007372617723 1.5000000000000002 0.0088399015367031115 3.5000000000000004 2.5000000000000004 6.5000000000000009 0.08290335908532144 0.0019773815292865042 5.5000000000000009 37.500000000000007 1.5000000000000002 47.500000000000007
decision_type=2 10 8 8 2 10 10 10 2 2 8 10 10 10
left_child=-1 2 -2 4 -4 6 8 -7 -6 10 12 -12 -5 -13
right_child=1 -3 3 9 5 7 -8 -9 -10 -11 11 13 -14 -15
leaf_value=0.016343847672186912 -0.0071727365259260699 0.0018823623882824759 0.013622469580705385 -0.022449365069722321 0.0048815413332903767 0.018305636684172674 -0.021984636729719006 -0.0002034516719918439 -0.027597078305148307 -0.00042217695419699574 -0.023283759587962617 0.019319776161581165 0.020540098893453585 -0.0096479944986507405
leaf_weight=208.31498304009438 1269.3867574781179 12679.528154753149 801.62096761167049 48.049870863556862 407.56181249767542 257.21412742137909 251.54643443971872 668.13273441791534 61.511029615998268 28405.940248727798 354.40341384708881 95.225146606564522 146.76199200749397 429.64424839615822
leaf_count=2613 5442 60170 4082 221 2428 1475 1222 3385 366 127576 1523 392 631 1829
internal_value=0.000165509 8.85009e-05 -0.000597021 -0.000333418 0.00411977 -0.00056257 -0.00778128 0.00508213 0.000135365 -0.000704417 -0.00809597 -0.0120249 0.00935846 -0.00412953
internal_weight=46084.8 45876.5 33197 31927.6 2447.59 1645.97 720.619 925.347 469.073 29480 1074.08 879.273 194.812 524.869
internal_count=213355 210742 150572 145130 12958 8876 4016 4860 2794 132172 4596 3744 852 2221
is_linear=0
shrinkage=0.03


Tree=171
num_leaves=15
num_cat=0
split_feature=165 238 151 231 228 248 134 245 120 226 14 222 248 56
split_gain=63.8436 70.5057 66.5874 72.7644 165.597 164.932 162.434 127.275 108.127 98.9608 106.962 95.6143 95.7978 92.7762
threshold=5.5000000000000009 -0.29032944142818445 3.5000000000000004 91.500000000000014 11.500000000000002 0.82323232293128978 35.500000000000007 -0.097722966223955141 97.500000000000014 12.500000000000002 5.5000000000000009 86.500000000000014 0.66161617636680614 66.500000000000014
decision_type=8 10 10 10 8 2 10 2 10 8 10 10 2 10
left_child=-1 -2 -3 8 5 6 -5 -7 9 -4 -11 -6 -13 -9
right_child=1 2 3 4 11 7 -8 13 -10 10 -12 12 -14 -15
leaf_value=-0.0046811241252393519 0.010864804743372865 -0.0035858155510033129 0.0044584203267395584 -0.023665258773286527 0.0061086718677227213 0.013476758957695361 -0.0058216520875543605 -0.022503899660881743 0.0068304438860044871 -0.0059530192603504291 0.00045118307622117739 -0.0016400917410454067 -0.031866496942696033 0.014379767582972668
leaf_weight=2435.1545938923955 551.2773908264935 3869.6962737552822 4895.0010833218694 716.3255181312561 1899.0451925210655 472.89228726550937 1273.9620521441102 196.97919374704361 2666.4871570058167 2595.3510298877954 23675.814765796065 475.22665138542652 108.1335579007864 79.259551107883453
leaf_count=10972 4886 18104 23133 3238 9397 3173 6269 826 14041 11429 103999 2256 586 346
internal_value=3.56871e-05 0.000300902 0.00016273 0.000534976 -0.00275784 -0.00783073 -0.01233 0.00412777 0.00104386 0.000546747 -0.000183518 0.00284922 -0.00768558 -0.0117884
internal_weight=45910.6 43475.5 42924.2 39054.5 5221.82 2739.42 1990.29 749.131 33832.7 31166.2 26271.2 2482.41 583.36 276.239
internal_count=212655 201683 196797 178693 26091 13852 9507 4345 152602 138561 115428 12239 2842 1172
is_linear=0
shrinkage=0.03


Tree=172
num_leaves=15
num_cat=0
split_feature=233 190 246 246 248 117 35 248 124 226 166 231 70 226
split_gain=64.7862 90.1048 62.0685 59.5878 64.6338 58.1456 101.853 70.1733 75.4204 60.4716 57.3089 51.5618 89.3035 76.6692
threshold=53.500000000000007 69.500000000000014 0.0021583283087238674 0.012971702031791212 0.90404042601585399 87.500000000000014 8.5000000000000018 0.71212121844291698 85.500000000000014 9.5000000000000018 65.500000000000014 92.500000000000014 29.500000000000004 64.500000000000014
decision_type=10 10 2 2 2 10 8 2 10 8 10 10 10 10
left_child=1 2 -1 4 10 6 7 8 9 -4 -2 12 -5 -13
right_child=3 -3 5 11 -6 -7 -8 -9 -10 -11 -12 13 -14 -15
leaf_value=-0.026014624553536595 0.0072546893308135605 0.0029526560863134777 0.013496775558707451 0.0040008194978604231 0.032075111406197031 0.00093902002217016679 -0.0014297248347955312 -0.014766652603686835 -0.014847423245349885 -0.003695189961931467 0.00047306323843035388 -0.0053630427864115203 -0.00092779705591959985 0.0071549629324075764
leaf_weight=84.947533510625362 2219.4769623205066 4316.0914099663496 201.08233474940062 5864.0972459726036 64.423884548246861 5514.2280071750283 12090.678622022271 865.34912922978401 489.15323642641306 1437.2888593152165 2259.6689926423132 2451.8964581154287 7569.4494517743587 527.18879391252995
leaf_count=361 9727 20520 970 27868 370 27579 53707 3822 2142 6262 10057 13078 33697 2804
internal_value=4.56499e-05 -0.000985494 -0.00180834 0.00127559 0.004312 -0.00169594 -0.0026592 -0.00760478 -0.00463631 -0.00151609 0.00384212 0.000432898 0.00122505 -0.00313129
internal_weight=45955 24998.8 20682.7 20956.2 4543.57 20597.8 15083.6 2992.87 2127.52 1638.37 4479.15 16412.6 13433.5 2979.09
internal_count=212964 115363 94843 97601 20154 94482 66903 13196 9374 7232 19784 77447 61565 15882
is_linear=0
shrinkage=0.03


Tree=173
num_leaves=15
num_cat=0
split_feature=245 224 119 101 165 228 230 229 23 229 229 195 246 224
split_gain=61.4165 113.058 76.3452 65.0275 62.9669 63.3131 109.114 105.81 105.163 101.219 106.38 96.4203 92.154 101.061
threshold=-0.095538403838872896 76.500000000000014 13.500000000000002 4.5000000000000009 5.5000000000000009 4.5000000000000009 10.500000000000002 5.5000000000000009 45.500000000000007 21.500000000000004 4.5000000000000009 55.500000000000007 0.089064702391624465 27.500000000000004
decision_type=2 10 8 8 8 8 8 8 10 10 10 10 2 10
left_child=1 2 3 -1 -2 8 9 -8 -6 10 12 -9 13 -7
right_child=4 -3 -4 -5 5 6 7 11 -10 -11 -12 -13 -14 -15
leaf_value=0.011328416552727814 -0.0050670605550814218 0.019739208376437497 0.0026652936921742454 -0.023428574211629642 -0.0066147749198229144 0.01606112225564426 -0.024053220440813559 -0.00125133831827533 0.0076628864289696452 0.020689191697944399 0.00064825225015665655 0.0025811973655141718 -0.013350870088294463 -0.018905314410507877
leaf_weight=58.910717219114304 2325.4952998235822 330.68684198707342 5533.4882314316928 173.85235818475485 2579.928495451808 1030.6363596990705 158.02163239568472 21085.540403261781 556.90559814125299 314.50989104807377 3459.4397209435701 8196.2272149398923 118.92542253434658 71.86917582154274
leaf_count=264 10319 2241 32692 768 11424 5024 720 92707 2535 1408 15625 36472 621 312
internal_value=0.000141331 0.00294307 0.00194733 -0.0145275 -0.000287447 9.65329e-06 0.000381779 -0.000314339 -0.00406366 0.00447672 0.00334561 -0.000178063 0.010918 0.0136323
internal_weight=45994.4 6096.94 5766.25 232.763 39897.5 37572 34435.2 29439.8 3136.83 4995.38 4680.87 29281.8 1221.43 1102.51
internal_count=213132 35965 33724 1032 177167 166848 152889 129899 13959 22990 21582 129179 5957 5336
is_linear=0
shrinkage=0.03


Tree=174
num_leaves=15
num_cat=0
split_feature=193 76 120 78 246 146 10 108 228 98 222 226 228 230
split_gain=65.1942 95.7969 69.8532 86.3381 88.6318 64.9953 72.3365 75.6579 71.1668 66.6197 70.8722 93.3444 75.262 97.5778
threshold=71.500000000000014 87.500000000000014 97.500000000000014 13.500000000000002 0.048185415565967567 95.500000000000014 28.500000000000004 54.500000000000007 93.500000000000014 41.500000000000007 12.500000000000002 4.5000000000000009 39.500000000000007 65.500000000000014
decision_type=8 10 10 10 2 10 10 10 10 10 10 10 10 10
left_child=1 5 -2 4 -4 8 7 -7 9 10 11 -1 13 -13
right_child=2 -3 3 -5 -6 6 -8 -9 -10 -11 -12 12 -14 -15
leaf_value=0.002430038427522561 0.0006196173821048825 0.00297585234926088 -0.017345577679455854 0.0090032586124307555 0.0064454315625445064 -0.0057776172958743932 -0.0018799321174191139 -0.027411526520544367 -0.012890778899901058 0.0020466634958079292 -0.00068792417293994982 -0.0064554651648117915 0.021388290045903313 -0.023464009846708784
leaf_weight=1120.5459397882223 17517.361249942333 4502.8318911492825 248.28252125158906 1915.0343329682946 301.81926160678267 317.35533690452576 724.41497755050659 269.8624467626214 464.4318869560957 4549.4404476359487 10231.745682261884 3227.1599822565913 70.387272067368031 327.72973583638668
leaf_count=5769 79413 23506 1303 10068 1964 1868 3565 1304 2027 20821 44670 14204 332 1414
internal_value=4.96055e-07 -0.000995467 0.00128656 0.00600425 -0.00441036 -0.00183589 -0.00828024 -0.0160122 -0.00140915 -0.00112961 -0.00209512 -0.00512114 -0.00745542 -0.00808493
internal_weight=45788.4 25805.9 19982.5 2465.14 550.102 21303.1 1311.63 587.218 19991.4 19527 14977.6 4745.82 3625.28 3554.89
internal_count=212228 119480 92748 13335 3267 95974 6737 3172 89237 87210 66389 21719 15950 15618
is_linear=0
shrinkage=0.03


Tree=175
num_leaves=15
num_cat=0
split_feature=233 194 224 140 43 244 190 120 61 248 120 64 37 246
split_gain=53.1455 73.4054 101.225 84.245 72.3254 75.6121 71.3451 69.6637 60.0728 58.0589 93.5603 121.201 104.357 90.8084
threshold=68.500000000000014 30.500000000000004 6.5000000000000009 90.500000000000014 4.5000000000000009 0.012641941197216513 84.500000000000014 69.500000000000014 10.500000000000002 0.71212121844291698 16.500000000000004 26.500000000000004 8.5000000000000018 0.0067048848140984782
decision_type=10 10 10 8 10 2 10 10 10 2 8 8 8 2
left_child=6 3 4 7 -3 8 9 -2 -6 13 12 -12 -11 -1
right_child=1 2 -4 -5 5 -7 -8 -9 -10 10 11 -13 -14 -15
leaf_value=0.0076738301636079219 0.0015425682128844477 0.00025651831470549123 0.00063179527137966884 -0.0097298751045427467 0.016443661069453538 -0.026739919363268781 0.0038660365132199906 0.0074615769294647909 -0.013688364988132621 -0.035980021968937577 -0.0099422524532346429 7.5943541125263916e-05 -0.004846006041671634 -0.00096261102174314856
leaf_weight=1145.2448993846774 3938.2679060995579 380.8119715899229 6638.7748501636088 401.33968882262707 76.483069889247417 296.94043458253145 2732.0991297736764 3280.3341616466641 183.46902909129858 157.41840295493603 1523.1039963401854 3733.3071743622422 238.83262465894222 21268.24702122435
leaf_count=4982 17020 2385 29986 2004 425 1415 13260 17251 812 666 7438 17804 996 96768
internal_value=-3.69052e-05 0.0014143 -0.000676575 0.00349141 -0.00984852 -0.0166411 -0.000753183 0.00423893 -0.0045422 -0.00120406 -0.00391826 -0.00284031 -0.0177958 -0.000518096
internal_weight=45994.7 15196.4 7576.48 7619.94 937.705 556.893 30798.3 7218.6 259.952 28066.2 5652.66 5256.41 396.251 22413.5
internal_count=213212 71298 35023 36275 5037 2652 141914 34271 1237 128654 26904 25242 1662 101750
is_linear=0
shrinkage=0.03


Tree=176
num_leaves=15
num_cat=0
split_feature=212 164 239 237 248 245 145 166 139 224 147 229 248 243
split_gain=59.4702 68.8016 70.6274 59.0236 54.5602 50.1624 72.9353 48.0966 70.8627 66.0145 55.022 45.5497 45.0073 121.606
threshold=50.500000000000007 41.500000000000007 -0.018302444368600842 0.26971943676471716 0.91414141654968273 -0.11150914430618285 70.500000000000014 67.500000000000014 58.500000000000007 28.500000000000004 83.500000000000014 21.500000000000004 0.81313130259513866 -0.067331388592720018
decision_type=10 10 10 2 2 2 10 10 8 10 10 10 2 2
left_child=1 2 -1 7 -4 6 -2 8 -3 -10 12 -12 -9 -14
right_child=5 3 4 -5 -6 -7 -8 10 9 -11 11 -13 13 -15
leaf_value=0.0031915491213580873 -0.019203505333263517 0.0046239397439521842 -0.0017267114619991079 0.013144203916120712 -0.024916333549784796 -0.0033926801783621956 0.019700034131390248 8.5032397510772855e-05 0.008669037761901234 -0.0036128784158772041 -0.011916728277666112 -0.0015819258124566168 0.019699094656330646 0.0013329323082918638
leaf_weight=2985.5842362567782 47.979119405150414 6617.8539172746241 14099.453186988831 376.1790320314467 81.973930418491364 5506.5042539164424 174.51098071411252 9665.9136024266481 476.93776214495301 2053.607794508338 534.28936941176653 1314.9332199022174 395.34695378318429 1634.5696140825748
leaf_count=15092 229 30602 63971 2403 404 24047 1197 44718 2221 9020 2562 5942 2643 7953
internal_value=3.51915e-05 0.000442576 -0.00099517 0.00151243 -0.00187822 -0.00282179 0.0108455 0.00131391 0.00299316 -0.00127307 0.000178364 -0.00461596 0.000939689 0.00498896
internal_weight=45965.6 40236.6 17167 23069.6 14181.4 5728.99 222.49 22693.5 9148.4 2530.55 13545.1 1849.22 11695.8 2029.92
internal_count=213004 187531 79467 108064 64375 25473 1426 105661 41843 11241 63818 8504 55314 10596
is_linear=0
shrinkage=0.03


Tree=177
num_leaves=15
num_cat=0
split_feature=149 231 226 229 226 238 231 228 244 249 231 226 226 230
split_gain=56.6247 78.4894 76.2306 74.4115 65.1165 59.7152 59.1435 159.11 117.622 96.7833 94.9524 125.057 141.036 118.982
threshold=22.500000000000004 19.500000000000004 81.500000000000014 41.500000000000007 5.5000000000000009 -0.27186119556426996 92.500000000000014 6.5000000000000009 0.041873883455991752 0.83333334326744091 72.500000000000014 44.500000000000007 15.500000000000002 35.500000000000007
decision_type=8 10 10 8 10 10 10 8 2 2 10 10 10 8
left_child=1 2 3 4 -1 -2 10 9 -9 -8 -7 12 -12 -14
right_child=5 -3 -4 -5 -6 6 7 8 -10 -11 11 -13 13 -15
leaf_value=-0.017363262243898041 0.0097188674575632451 -0.0033133748136670929 0.015549630203193802 -0.0063792921896352476 0.010205506494797732 2.7871206299040813e-05 -0.011943514994045114 0.0073369728895928236 -0.0069557249642616115 0.011047684441324649 0.0056230430194760877 0.0087749647243373571 -0.011974275717917076 0.0057141415664882268
leaf_weight=77.976865626871586 622.65662883222103 7804.4286486022174 369.9299478828907 717.36499813944101 659.74369942396879 25226.489340912551 1615.1683112606406 1462.1557056233287 790.33350586891174 175.54781205952168 1998.0758572630584 2857.5224041640759 1067.5867018327117 494.3239608258009
leaf_count=367 5516 35604 1670 3084 2850 112597 7988 7247 4031 1137 10601 13405 4806 2229
internal_value=4.00753e-05 -0.00200395 0.00358319 0.00045556 0.00709825 0.000582556 0.000420471 -0.00299173 0.0023135 -0.0096408 0.000857261 0.00411238 0.000355731 -0.00637539
internal_weight=45939.3 9629.44 1825.02 1455.09 737.721 36309.9 35687.2 4043.21 2252.49 1790.72 31644 6417.51 3559.99 1561.91
internal_count=213132 43575 7971 6301 3217 169557 164041 20403 11278 9125 143638 31041 17636 7035
is_linear=0
shrinkage=0.03


Tree=178
num_leaves=15
num_cat=0
split_feature=209 140 230 37 56 224 29 149 230 54 248 98 140 62
split_gain=48.0646 50.1349 76.5292 88.0969 89.448 65.9031 58.9385 55.5472 52.6933 56.2479 65.9343 54.9197 51.1892 98.2187
threshold=52.500000000000007 17.500000000000004 10.500000000000002 10.500000000000002 32.500000000000007 6.5000000000000009 16.500000000000004 22.500000000000004 13.500000000000002 73.500000000000014 0.56060606241226207 19.500000000000004 90.500000000000014 14.500000000000002
decision_type=10 10 10 10 10 10 10 10 10 10 2 10 10 10
left_child=1 2 3 -1 -5 8 -6 12 -4 10 -10 -11 -3 -14
right_child=-2 7 5 4 6 -7 -8 -9 9 11 -12 -13 13 -15
leaf_value=-0.0025525992396804044 -0.0024288461362136507 2.3613980896529192e-05 -0.034184230327123658 0.0093432189371057441 -0.0050621367570447828 -0.0022561249994327332 0.011276181019296333 0.0018994132204782895 0.0068824295814546906 0.014005956493830287 -0.025799783262906526 -0.013924549756355754 -0.025918313759922065 -0.0030150852817940302
leaf_weight=2473.9527205005288 6053.5839426591992 5023.6407159380615 78.371866002678871 1765.4662071168423 884.32647613063455 6728.7359064072371 245.6067753508687 21037.431615106761 69.662342399358749 136.20176686346531 208.49373266100883 101.96750044077635 192.3296911418438 1030.4976785816252
leaf_count=14033 26788 22555 357 8870 4172 28823 1104 98531 321 611 906 458 917 5002
internal_value=6.00868e-05 0.000437494 -0.00111956 0.00159928 0.0051434 -0.0031124 -0.00144301 0.001162 -0.0126032 -0.00874026 -0.0176599 0.00196881 -0.00132061 -0.00679838
internal_weight=46030.3 39976.7 12692.8 5369.35 2895.4 7323.43 1129.93 27283.9 594.697 516.325 278.156 238.169 6246.47 1222.83
internal_count=213448 186660 59655 28179 14146 31476 5276 127005 2653 2296 1227 1069 28474 5919
is_linear=0
shrinkage=0.03


Tree=179
num_leaves=15
num_cat=0
split_feature=149 194 226 231 231 249 236 231 226 148 233 226 244 241
split_gain=59.9119 59.8379 59.5998 77.0755 73.1669 72.5262 70.4856 59.2533 96.0375 88.0714 72.6126 70.5006 61.432 60.2829
threshold=34.500000000000007 29.500000000000004 2.5000000000000004 77.500000000000014 21.500000000000004 0.67171716690063488 -0.11395958811044692 19.500000000000004 5.5000000000000009 12.500000000000002 25.500000000000004 81.500000000000014 0.022354646585881714 -1.0000000180025095e-35
decision_type=10 10 8 10 10 2 2 8 10 8 10 10 2 8
left_child=7 2 3 4 -2 6 -5 8 -1 -9 11 -10 -12 -11
right_child=1 -3 -4 5 -6 -7 -8 9 10 13 12 -13 -14 -15
leaf_value=-0.020012227497084905 -0.0054802978398475624 -0.00055212457325828966 0.001435557790229845 0.01030746215118677 0.02040954936343185 0.017314116980628864 -0.0086503134337698826 -0.0080820549065442424 -0.0057852096822820099 -0.001695420738948389 0.011235496429157671 0.010729882998836773 -0.0054152960913282653 0.01231450115566462
leaf_weight=152.0575120896101 116.36084794253111 15783.925949878991 13341.804911654443 259.17618937417865 514.47586155682802 211.61234125122428 503.80467522144318 2067.1053717806935 903.98864794522524 10168.915686957538 1162.7372258007526 302.22800689190626 233.98009602725506 274.22618697583675
leaf_count=721 534 72586 61070 2198 2808 1425 2454 9660 3901 46527 4915 1428 1049 2052
internal_value=-2.70478e-05 0.000736012 0.00209571 0.00753904 0.015623 0.00220088 -0.00216053 -0.00156268 0.00241393 -0.00243963 0.00379559 -0.00159301 0.00842746 -0.00131611
internal_weight=45996.4 30731.2 14947.2 1605.43 630.837 974.593 762.981 15265.2 2754.99 12510.2 2602.93 1206.22 1396.72 10443.1
internal_count=213328 143075 70489 9419 3342 6077 4652 70253 12014 58239 11293 5329 5964 48579
is_linear=0
shrinkage=0.03


Tree=180
num_leaves=15
num_cat=0
split_feature=66 23 29 119 77 228 61 248 98 140 176 231 47 137
split_gain=50.7842 77.0983 73.2969 62.5935 56.5095 55.1157 62.8578 47.015 89.3246 51.9204 84.5886 115.129 78.0376 59.9684
threshold=15.500000000000002 50.500000000000007 99.500000000000014 97.500000000000014 2.5000000000000004 93.500000000000014 99.500000000000014 0.90404042601585399 55.500000000000007 17.500000000000004 12.500000000000002 89.500000000000014 44.500000000000007 90.500000000000014
decision_type=10 10 8 10 10 10 10 2 10 10 10 10 10 10
left_child=1 -1 4 -3 -2 7 -7 9 -9 10 11 -6 -13 -11
right_child=2 3 -4 -5 5 6 -8 8 -10 13 -12 12 -14 -15
leaf_value=-0.00014117026195814496 -0.0045888898304675676 -0.0071240859822627343 0.0081703229451687304 0.01569431838296112 0.0037542500059436741 -0.010510865270327015 0.0076494638423917488 0.016976166483810968 -0.021819185350431061 0.00205093787378164 -0.0040772954037802747 -0.002253517936213202 -0.02114682323316662 -0.002103869688522198
leaf_weight=5897.3916905634105 2046.9450151659548 2651.6494986861944 1070.3853451795876 103.58055786043406 3983.1768399514258 756.56957300752401 213.0835200175643 328.965267136693 54.522343799471855 19462.714080765843 4761.0990947410464 666.31633972376585 270.92056089639664 3716.1191825866699
leaf_count=27200 10415 11145 5936 499 18709 3467 1100 2097 320 88771 20454 3636 1325 18215
internal_value=-9.95657e-06 -0.00207942 0.000470136 -0.00621259 0.000240641 0.000530842 -0.00648274 0.000737301 0.0110461 0.000613671 -0.00123061 0.00152659 -0.00788047 0.0013842
internal_weight=45983.4 8652.62 37330.8 2755.23 36260.4 34213.5 969.653 33243.8 383.488 32860.3 9681.51 4920.41 937.237 23178.8
internal_count=213289 38844 174445 11644 168509 158094 4567 153527 2417 151110 44124 23670 4961 106986
is_linear=0
shrinkage=0.03


Tree=181
num_leaves=15
num_cat=0
split_feature=245 101 246 245 246 153 245 231 245 245 249 230 231 120
split_gain=63.1488 63.0876 75.0819 70.786 84.4117 77.6357 91.8786 100.308 74.432 99.8757 139.015 110.049 104.617 92.1603
threshold=-0.20590560883283612 2.5000000000000004 0.010098729282617571 -0.075521316379308687 0.0052528779488056907 18.500000000000004 -0.087148737162351594 31.500000000000004 -0.064694110304117189 -0.069063402712345109 0.075757574290037169 67.500000000000014 87.500000000000014 17.500000000000004
decision_type=2 8 2 2 2 8 2 10 2 2 2 10 10 8
left_child=-1 2 -2 4 5 6 -3 -8 9 -5 11 12 -11 -10
right_child=1 3 -4 8 -6 -7 7 -9 13 10 -12 -13 -14 -15
leaf_value=0.016173273224961593 0.0085262118033049804 0.0080123720140845896 -0.0053700844892846889 1.679847485952399e-05 0.0030789470490024018 -0.024799060122362351 0.02168021573491739 -0.023504472883496764 0.0039468731007742943 -0.0067515216302728833 -0.00054727441366323013 -0.033463308924146944 -0.032651762384281337 -0.00069929366241120708
leaf_weight=204.10042648762465 382.15548042953014 346.43563134223223 3309.2374743595719 2992.3338408023119 9666.9378582201898 164.56063916534185 46.492023915052414 218.44290815293789 4674.4126720279455 966.45834462344646 1181.8086753636599 223.70584851503372 156.1941030472517 21365.298426836729
leaf_count=2602 1701 1735 15520 13400 50771 729 207 946 19785 4086 5405 945 653 94386
internal_value=-8.14998e-05 -0.000157627 -0.00391231 0.000173202 0.00231296 -0.00714785 -0.00207409 -0.0150751 -0.000535325 -0.00369614 -0.00807351 -0.0146272 -0.0106115 0.000135939
internal_weight=45898.6 45694.5 3691.39 42003.1 10442.9 775.931 611.371 264.935 31560.2 5520.5 2528.17 1346.36 1122.65 26039.7
internal_count=212871 210269 17221 193048 54388 3617 2888 1153 138660 24489 11089 5684 4739 114171
is_linear=0
shrinkage=0.03


Tree=182
num_leaves=15
num_cat=0
split_feature=242 193 169 188 148 137 224 117 242 119 229 224 89 134
split_gain=55.9248 50.7448 58.3796 54.4249 72.9577 85.1645 67.0435 97.1217 51.0234 64.524 62.1291 63.6981 62.4188 59.3134
threshold=0.01030772738158703 75.500000000000014 2.5000000000000004 24.500000000000004 12.500000000000002 88.500000000000014 5.5000000000000009 79.500000000000014 0.020676652900874618 96.500000000000014 67.500000000000014 44.500000000000007 66.500000000000014 15.500000000000002
decision_type=8 8 8 10 10 10 10 10 8 10 10 8 10 10
left_child=-1 2 -2 -4 5 -5 -7 -8 10 -10 11 13 -12 -3
right_child=1 8 3 4 -6 6 7 -9 9 -11 12 -13 -14 -15
leaf_value=-0.011474266301432553 0.003843590812570821 0.0043538009500554385 -0.0032630890113789991 -0.0025681228283386927 0.00059579384257214916 0.0042290363371829702 0.01208058953337717 -0.032386607060746656 0.0016298682395336692 0.0084169931778435118 0.010164898996547057 -0.0081317205985108488 -0.00097252228640227264 -0.0034318862788569617
leaf_weight=371.00490693002939 2248.3946988508105 1404.7462267428637 7807.5028476342559 2078.6223529055715 14229.381652537733 90.964829228818417 48.223058298230171 239.60272228345275 10512.127271458507 1423.9118504412472 799.11456203460693 1325.3617389202118 1025.083839058876 2322.9706950373948
leaf_count=1605 11936 5919 34085 9924 66023 520 216 1077 49214 8275 3778 5575 4917 10015
internal_value=-2.83665e-05 6.73458e-05 -0.000772348 -0.00119745 -0.000229597 -0.00499198 -0.0178848 -0.024781 0.00126073 0.00244591 -0.000796807 -0.00250949 0.00393519 -0.000494143
internal_weight=45927 45556 26742.7 24494.3 16686.8 2457.41 378.791 287.826 18813.3 11936 6877.28 5053.08 1824.2 3727.72
internal_count=213079 211474 123781 111845 77760 11737 1813 1293 87693 57489 30204 21509 8695 15934
is_linear=0
shrinkage=0.03


Tree=183
num_leaves=15
num_cat=0
split_feature=243 92 190 228 28 10 231 47 226 228 171 231 243 228
split_gain=59.5204 65.3212 61.901 78.4466 62.8894 61.5919 104.134 79.8625 85.5151 81.3469 80.0858 83.3344 129.184 127.677
threshold=-0.0086467983201146108 61.500000000000007 73.500000000000014 92.500000000000014 84.500000000000014 2.5000000000000004 69.500000000000014 6.5000000000000009 2.5000000000000004 34.500000000000007 27.500000000000004 88.500000000000014 -0.048513010144233697 12.500000000000002
decision_type=2 10 10 10 10 10 8 8 10 10 10 10 2 10
left_child=1 2 3 5 -5 6 -1 9 -9 -7 11 12 -10 -13
right_child=-2 -3 -4 4 -6 7 -8 8 10 -11 -12 13 -14 -15
leaf_value=0.0074548366453511478 -0.0035721767947188249 0.005272376913825377 0.0034685399288057073 -0.019302185120163958 0.00037721429406269472 -0.0079914025649199631 -0.0012513891362568687 0.0063477926918169133 0.0052886045190242564 0.0026222530911373223 0.00093869333696188287 -0.018334042932221205 -0.0032698602275469633 0.0016704218523349529
leaf_weight=2369.1226019449532 3809.5873734503984 2274.4140878990293 4260.5804359577596 340.58816853910685 249.98168268054724 2374.722378462553 2569.2469453923404 1702.0413668639958 1968.3377235643566 887.74849101155996 13884.9662075378 679.67149538174272 8029.280655965209 489.32913506031036
leaf_count=11531 16800 11300 20096 1481 1238 11176 15195 9351 9300 4096 61325 3257 34508 2267
internal_value=1.36079e-05 0.000339008 5.58712e-05 -0.000354046 -0.0111045 -0.000169289 0.00293194 -0.000680322 -0.000139154 -0.00510414 -0.000582243 -0.00247258 -0.00158126 -0.0100173
internal_weight=45889.6 42080 39805.6 35545 590.57 34954.5 4938.37 30016.1 26753.6 3262.47 25051.6 11166.6 9997.62 1169
internal_count=212921 196121 184821 164725 2719 162006 26726 135280 120008 15272 110657 49332 43808 5524
is_linear=0
shrinkage=0.03


Tree=184
num_leaves=15
num_cat=0
split_feature=233 56 10 106 243 226 226 10 243 80 122 243 9 135
split_gain=58.6995 59.4811 55.0634 54.7483 50.1582 55.0167 132.733 140.128 120.678 107.051 101.696 81.2714 76.9002 75.5772
threshold=99.500000000000014 44.500000000000007 24.500000000000004 85.500000000000014 -0.0086467983201146108 41.500000000000007 49.500000000000007 82.500000000000014 -0.087426684796810136 20.500000000000004 61.500000000000007 -0.098864674568176256 92.500000000000014 79.500000000000014
decision_type=10 10 8 10 2 10 10 10 2 10 10 2 8 10
left_child=4 3 -3 -2 5 11 7 -7 -8 -10 12 -1 -11 -13
right_child=1 2 -4 -5 -6 6 8 -9 9 10 -12 13 -14 -15
leaf_value=0.0093573925999981024 0.010305260014456105 -0.010921853960917759 0.0066205643122366929 -0.016099111741617156 -0.0035329635579832981 0.010109009994504285 -0.023538113981104059 -0.0050297672313772083 0.0050779946640782773 -0.0032337704052721877 0.001253077937113847 -0.0017383818866704896 -0.018411873199057308 0.0078888680407990484
leaf_weight=647.11946644261479 1209.4593280851841 321.52417594194412 303.8628286421299 66.270787790417671 3803.2345047518611 2492.6169047057629 181.89527912437916 698.68536540865898 3447.7549090012908 4666.6676209494472 7878.6553605683148 19014.273869235069 311.92916733026505 753.55145351588726
leaf_count=5001 6292 1466 1349 319 16752 10796 869 3113 15584 19802 36891 89475 1359 3474
internal_value=-2.10527e-05 0.00512582 -0.0024283 0.00881908 -0.000245076 6.76158e-05 0.00119922 0.00678925 0.000113726 0.000391846 -0.000867745 -0.00102321 -0.00421974 -0.00136759
internal_weight=45797.5 1901.12 625.387 1275.73 43896.4 40093.1 19678.2 3191.3 16486.9 16305 12857.3 20414.9 4978.6 19767.8
internal_count=212542 9426 2815 6611 203116 186364 88414 13909 74505 73636 58052 97950 21161 92949
is_linear=0
shrinkage=0.03


Tree=185
num_leaves=15
num_cat=0
split_feature=245 248 230 231 228 231 230 222 222 222 188 145 243 119
split_gain=58.7678 122.146 93.2926 142.23 183.095 139.855 115.168 125.958 96.497 94.9665 87.1731 86.9665 82.6906 75.984
threshold=-0.045173915103077882 0.37878787517547613 80.500000000000014 25.500000000000004 66.500000000000014 55.500000000000007 78.500000000000014 46.500000000000007 13.500000000000002 94.500000000000014 16.500000000000004 95.500000000000014 -0.0099821155890822393 43.500000000000007
decision_type=2 2 10 8 10 10 10 10 10 10 10 10 2 8
left_child=1 -1 6 4 -4 8 9 -8 -5 10 -3 -11 -7 -12
right_child=-2 2 3 5 -6 12 7 -9 -10 11 13 -13 -14 -15
leaf_value=0.0063403270214251505 -0.001642348724349513 -0.0027769124907545974 0.028753519094479884 -0.032985327937360934 -0.01572419501059933 0.0051415995821508416 -0.023259024370461599 0.018516686918066998 -0.0035578317060308575 -0.034775642153664389 -0.0023493478367232808 0.0054867012174570204 0.028411946611180145 0.0022024967569670055
leaf_weight=3107.5789957121015 13805.238351874053 7512.7660698518157 391.02894480526447 105.5227323025465 98.214355289936066 1538.8845701739192 348.7157316505909 71.43768897652626 787.57701971381903 124.43881180137396 4375.7835001945496 71.554729908704758 141.98283503949642 13338.217411145568
leaf_count=14116 60121 34148 1850 461 550 8338 1487 339 3550 577 18902 351 769 67169
internal_value=-6.92633e-06 0.000698608 9.01069e-05 0.00503157 0.0196886 0.00218024 -0.000497334 -0.0158907 -0.00736153 -0.000236786 -7.11022e-05 -0.0205236 0.00726365 0.00107739
internal_weight=45818.9 32013.7 28906.1 3063.21 489.243 2573.97 25842.9 420.153 893.1 25422.8 25226.8 195.994 1680.87 17714
internal_count=212728 152607 138491 15518 2400 13118 122973 1826 4011 121147 120219 928 9107 86071
is_linear=0
shrinkage=0.03


Tree=186
num_leaves=15
num_cat=0
split_feature=195 194 119 230 229 244 244 56 136 244 190 242 98 146
split_gain=55.9895 80.1038 56.247 72.3881 75.4272 80.4262 70.3121 70.2184 59.5357 55.9553 53.8947 52.4152 49.9854 59.5274
threshold=37.500000000000007 30.500000000000004 97.500000000000014 3.5000000000000004 2.5000000000000004 0.0019773815292865042 0.034277662634849555 4.5000000000000009 9.5000000000000018 0.0034601123770698909 73.500000000000014 0.015957093797624115 42.500000000000007 97.500000000000014
decision_type=10 10 10 8 8 2 2 8 10 2 10 10 8 10
left_child=1 2 3 8 11 -6 -4 -7 -1 -10 -3 -5 -2 -14
right_child=12 10 6 4 5 7 -8 -9 9 -11 -12 -13 13 -15
leaf_value=0.011777315463856517 0.00027356170434721203 -0.0033478499353338915 0.0084979438407164279 0.0090409052626998238 -0.011943813924280712 -0.0082144024561637604 -0.0036645818827376105 0.00051716186692234124 0.01874986259546026 -0.0013032938716568154 0.0041107583354190744 -0.018220255513799723 0.0053248464409476831 -0.004234633104903505
leaf_weight=749.70495092496276 11442.366293724626 10943.043113909662 1491.7562724649906 71.001632496714592 526.3657718077302 880.51967488974333 591.53069347143173 11972.267621919513 131.72553217411041 1068.1135229319334 938.93480105698109 341.95816853642464 4032.5542292892933 678.02680730074644
leaf_count=4178 52793 49436 8243 330 2245 3966 3922 53560 604 5013 4501 1621 19024 3536
internal_value=-7.56693e-05 -0.00084855 0.000423438 -0.000190805 -0.000956738 -0.00056199 0.00504349 -8.69419e-05 0.00520505 0.00103504 -0.0027555 -0.0134302 0.00134538 0.00394283
internal_weight=45859.9 29706.9 17824.9 15741.7 13792.1 13379.2 2083.29 12852.8 1949.54 1199.84 11882 412.96 16152.9 4710.58
internal_count=212972 137619 83682 71517 61722 59771 12165 57526 9795 5617 53937 1951 75353 22560
is_linear=0
shrinkage=0.03


Tree=187
num_leaves=15
num_cat=0
split_feature=238 233 230 229 226 146 249 244 226 230 244 249 10 29
split_gain=48.6459 66.265 65.3823 71.8645 69.8659 64.3586 97.2258 63.2166 68.871 62.1538 60.6329 58.5454 125.185 55.8522
threshold=-0.097092170268297182 69.500000000000014 69.500000000000014 75.500000000000014 82.500000000000014 98.500000000000014 0.83333334326744091 0.088909499347209944 98.500000000000014 63.500000000000007 0.1067665070295334 0.015151515137404205 79.500000000000014 10.500000000000002
decision_type=10 10 8 10 10 10 2 2 8 10 2 2 8 8
left_child=1 2 3 4 9 -3 -7 8 11 -1 13 12 -4 -2
right_child=10 5 7 -5 -6 6 -8 -9 -10 -11 -12 -13 -14 -15
leaf_value=-0.00081187502412449297 -0.0050638778280898723 0.0039852080238700124 0.016453275492209745 -0.018830519369424873 0.012460970558865258 -0.010257378774937787 0.015591599062491664 0.020606924785069692 -0.0052834652165981676 -0.010180515907025083 0.017208057169457353 0.0057087861909074378 -0.027763613808576747 -0.00059341814938714736
leaf_weight=11473.461708333343 2911.6303369477391 7311.745394103229 88.443168997764587 195.88516528904438 329.75539375841618 629.45912933722138 155.27428539842367 168.94722114875913 823.02545662596822 664.99500985443592 152.05675661563873 2711.0362204238772 131.91099165380001 18110.57512395829
leaf_count=54435 12572 35739 372 880 1536 3794 1189 1245 4910 2956 849 13433 565 78428
internal_value=-1.96454e-05 0.000885159 -0.000201134 -0.00124965 -0.000958571 0.00310818 -0.00501084 0.00317791 0.00234095 -0.00133309 -0.00107434 0.00449229 -0.0100725 -0.0012147
internal_weight=45858.2 24683.9 16587.5 12664.1 12468.2 8096.48 784.733 3923.36 3754.42 12138.5 21174.3 2931.39 220.354 21022.2
internal_count=212903 121054 80332 59807 58927 40722 4983 20525 19280 57391 91849 14370 937 91000
is_linear=0
shrinkage=0.03


Tree=188
num_leaves=15
num_cat=0
split_feature=232 140 29 165 142 29 195 124 106 222 140 142 242 126
split_gain=53.0653 65.2349 97.5703 64.4326 60.78 55.337 54.7333 54.6475 51.554 67.5941 51.5551 52.4038 51.1326 50.0769
threshold=86.500000000000014 32.500000000000007 54.500000000000007 9.5000000000000018 32.500000000000007 inf 40.500000000000007 20.500000000000004 81.500000000000014 3.5000000000000004 89.500000000000014 93.500000000000014 0.017799958586692814 33.500000000000007
decision_type=10 10 10 10 10 8 10 10 10 10 8 10 8 10
left_child=1 2 6 -2 -4 -3 -1 -5 9 12 11 -11 -9 -14
right_child=3 5 4 7 -6 -7 -8 8 -10 10 -12 -13 13 -15
leaf_value=-0.002040434890485878 -0.0087310470208515241 0.00043318826393373174 -0.0016284303539647528 -0.0040296765035407684 -0.010881389475769214 0.012005727321126545 0.0021847049952686513 -0.012179308357297223 -0.0059729595108520212 0.0061999639934007377 -0.0068632545154383362 0.018323282969213969 -0.011300126840188648 0.0065388637262319207
leaf_weight=9674.248042371124 432.29434310644865 22068.666079066694 1080.7546772956848 842.43228401988745 1567.232841655612 368.2800126709044 3849.6922383643687 302.13533266633749 417.2437159717083 3934.1679295450449 240.01465281844139 343.50463613122702 177.15494631230831 574.80318859964609
leaf_count=44525 1989 102131 4444 3642 6625 2182 17744 1456 2056 18482 1200 1910 844 3784
internal_value=2.42632e-05 -0.000418468 -0.00187039 0.00237484 -0.0071252 0.000628404 -0.000836991 0.00308936 0.00409579 0.00485914 0.00645255 0.00721395 -0.00196648 0.002243
internal_weight=45872.6 38608.9 16171.9 7263.75 2647.99 22436.9 13523.9 6831.46 5989.02 5571.78 4517.69 4277.67 1054.09 751.958
internal_count=213014 177651 73338 35363 11069 104313 62269 33374 29732 27676 21592 20392 6084 4628
is_linear=0
shrinkage=0.03


Tree=189
num_leaves=15
num_cat=0
split_feature=243 248 231 230 228 231 231 243 10 121 243 230 248 231
split_gain=68.3055 66.1615 115.824 55.994 121.499 120.31 149.096 112.14 106.305 104.022 123.448 192.619 131.953 80.9039
threshold=-0.0086467983201146108 0.4797979891300202 27.500000000000004 72.500000000000014 86.500000000000014 24.500000000000004 39.500000000000007 -0.023911034688353535 78.500000000000014 60.500000000000007 -0.041479542851448052 92.500000000000014 0.49999998509883886 91.500000000000014
decision_type=2 2 8 8 10 8 8 2 8 8 2 8 2 10
left_child=3 -2 -3 4 13 8 -7 -6 -5 10 11 -8 -12 -1
right_child=1 2 -4 5 7 6 9 -9 -10 -11 12 -13 -14 -15
leaf_value=0.00050141436224654368 -0.0027235884315582022 -0.046144733377205378 -0.0056920007602144487 0.016502756795929878 -0.033867695652072136 -0.0082005611850340925 -0.029989477456060641 -0.0031592729557256951 0.0027591008515261322 0.0051112388813202691 -0.004344180095387039 0.014518504662629276 0.01917241245912784 -0.003715881214253077
leaf_weight=27557.117878131568 3534.5945704430342 78.753255695104599 238.30425534397364 880.01310426741838 173.8082130998373 1422.5186000317335 302.21570632606745 261.75864071398973 1187.006084099412 4160.7700790651143 918.77880182117224 114.59703584760427 269.35777650028467 4798.0076670981944
leaf_count=124549 15541 324 1107 3876 765 6372 1321 1160 5690 21467 4094 694 1407 24816
internal_value=-0.000108095 -0.00392652 -0.0168437 0.000242545 -0.000339235 0.00230189 0.000463628 -0.0158982 0.00866161 0.00261175 -0.00385959 -0.0176992 0.0011027 -0.000124932
internal_weight=45897.6 3851.65 317.058 42045.9 32790.7 9255.26 7188.24 435.567 2067.02 5765.72 1604.95 416.813 1188.14 32355.1
internal_count=213183 16972 1431 196211 151290 44921 35355 1925 9566 28983 7516 2015 5501 149365
is_linear=0
shrinkage=0.03


Tree=190
num_leaves=15
num_cat=0
split_feature=232 224 56 155 65 189 245 228 118 29 224 245 243 222
split_gain=57.813 88.7891 113.307 88.5799 73.7527 68.4732 60.5221 89.5331 87.8635 84.2934 107.499 77.3894 76.4793 60.1379
threshold=83.500000000000014 16.500000000000004 36.500000000000007 26.500000000000004 99.500000000000014 45.500000000000007 -0.11150914430618285 30.500000000000004 42.500000000000007 19.500000000000004 2.5000000000000004 -0.14697139710187909 -0.082175362855195985 94.500000000000014
decision_type=10 10 10 10 10 10 2 10 8 8 10 2 2 10
left_child=6 3 5 -2 -5 -3 7 8 -1 10 -10 -12 -13 -4
right_child=1 2 13 4 -6 -7 -8 -9 9 -11 11 12 -14 -15
leaf_value=-0.014832264950040655 0.0068539626748858572 0.0052233543765429708 0.0016175834168427276 -0.0058693164574953448 0.011805433309335405 0.015698576864057082 -0.00086665541452436332 0.027182372976272125 0.012980517847254651 0.011564772606338336 -0.020423092734195212 -0.021582621631724846 0.0071849636634083187 -0.017736164298565529
leaf_weight=221.27062503248453 840.51900557801127 1393.4729885905981 2619.8127063214779 2366.1348947361112 224.05544342845678 949.33677540719509 35067.023809589446 133.18277593702078 319.80982840433717 867.83439400047064 258.8850336112082 100.31912808865309 327.9995027333498 142.90788592398167
leaf_count=1043 4556 6309 11754 12025 1433 4650 156987 1101 3019 5478 1586 517 1830 626
internal_value=-5.16881e-05 0.00217397 0.0046785 -0.001556 -0.0043009 0.00951673 -0.000561534 0.00422047 0.00263939 0.00476915 -0.00114337 -0.00780823 0.000108456 0.000556112
internal_weight=45832.6 8536.24 5105.53 3430.71 2590.19 2342.81 37296.3 2229.3 2096.12 1874.85 1007.01 687.204 428.319 2762.72
internal_count=212914 41353 23339 18014 13458 10959 171561 14574 13473 12430 6952 3933 2347 12380
is_linear=0
shrinkage=0.03


Tree=191
num_leaves=15
num_cat=0
split_feature=70 239 31 248 140 249 232 106 190 119 248 143 120 248
split_gain=53.8647 73.9618 65.2931 70.1404 66.249 61.0787 59.6211 71.4018 62.2396 61.6053 58.8604 110.395 105.675 137.352
threshold=9.5000000000000018 -0.046557087451219552 7.5000000000000009 0.81313130259513866 17.500000000000004 0.67171716690063488 94.500000000000014 90.500000000000014 88.500000000000014 51.500000000000007 0.69191917777061474 53.500000000000007 17.500000000000004 0.68181815743446361
decision_type=8 10 8 2 8 2 10 10 10 10 2 8 8 2
left_child=2 -2 3 5 -4 -1 8 9 10 -8 12 -12 -3 -14
right_child=1 6 4 -5 -6 -7 7 -9 -10 -11 11 -13 13 -15
leaf_value=-0.0053165458409907516 0.0044397923143805178 0.0032124558824152003 0.00070551319333056115 0.0057208002998995356 0.0066544421240162539 -0.036898517074248433 -0.0018734468788304645 -0.017724344120478932 0.0038035211160491506 0.0081694703372749543 -0.0089628966249076739 -0.00076302660673692273 -0.0022110840857641812 0.017065799938433105
leaf_weight=1229.8045683577657 2500.2109071873128 4510.6401948034763 3639.0860085114837 579.06039854884148 3131.5200887992978 48.178620863705873 836.19667529314756 125.23588018864393 2049.4176818318665 1576.8625811934471 2551.3543518930674 3497.4608480669558 19187.015971433371 328.62799227237701
leaf_count=6163 13608 19246 16666 3269 15231 249 3605 584 9958 7865 11006 17173 86537 1556
internal_value=-3.7285e-05 -0.000533154 0.00209678 -0.00287529 0.00346275 -0.00678439 -0.000893027 0.00352453 -0.00124307 0.00469593 -0.00158811 -0.00423077 -0.000921311 -0.0018779
internal_weight=45790.7 37163 8627.65 1857.04 6770.61 1277.98 34662.8 2538.3 32124.5 2413.06 30075.1 6048.82 24026.3 19515.6
internal_count=212716 171138 41578 9681 31897 6412 157530 12054 145476 11470 135518 28179 107339 88093
is_linear=0
shrinkage=0.03


Tree=192
num_leaves=15
num_cat=0
split_feature=149 78 248 244 228 230 230 228 230 6 227 243 229 26
split_gain=57.1211 52.9665 73.6031 69.9418 63.5432 102.26 73.3143 154.354 65.1343 61.3271 58.0303 56.1666 57.7262 55.1079
threshold=29.500000000000004 10.500000000000002 0.59090909361839306 0.088909499347209944 12.500000000000002 9.5000000000000018 38.500000000000007 33.500000000000007 3.5000000000000004 29.500000000000004 56.500000000000007 -0.069620165973901735 2.5000000000000004 12.500000000000002
decision_type=10 8 2 2 10 8 10 10 8 10 10 2 10 8
left_child=1 -1 3 13 8 -6 7 -7 11 -8 -9 12 -4 -3
right_child=-2 2 4 -5 5 6 9 10 -10 -11 -12 -13 -14 -15
leaf_value=-0.0066147441787187469 0.00053952295430918209 0.0026077708974083865 0.0075905900974659575 0.012967860816675177 0.025750866261372001 -0.015638023141138688 0.019564771555467295 0.028199686747046745 -0.0079114723855955218 0.0029676481061445552 -0.0052291586392719689 0.011586582027678561 -0.030691140734305879 -0.0039941641287799682
leaf_weight=1768.6853047646582 32894.73668685928 1354.0506048500538 68.36632277071476 247.60252849385142 216.28760924190283 368.0480188280344 323.6469010412693 125.24983157962561 703.59939975291491 512.60502517968416 67.220754593610764 389.38877452909946 57.26923568546772 6925.6344139203429
leaf_count=8492 153330 6309 366 1686 1085 1575 1545 617 3226 2412 295 1891 264 30725
internal_value=-0.000128189 -0.00180045 -0.00104567 -0.00243688 0.00313766 0.00702625 0.00396434 -0.00438499 -0.00202486 0.00954637 0.016843 0.00601463 -0.0108358 -0.00291265
internal_weight=46022.4 13127.7 11359 8527.29 2831.68 1613.06 1396.77 560.519 1218.62 836.252 192.471 515.024 125.636 8279.69
internal_count=213818 60488 51996 38720 13276 7529 6444 2487 5747 3957 912 2521 630 37034
is_linear=0
shrinkage=0.03


Tree=193
num_leaves=15
num_cat=0
split_feature=238 241 68 140 243 120 139 232 230 228 186 141 230 148
split_gain=56.9303 63.5132 58.3674 92.5854 66.9487 57.721 90.8458 65.5361 60.5057 60.7315 59.9018 58.0271 70.3475 57.6144
threshold=-0.11731814220547675 -1.0000000180025095e-35 18.500000000000004 90.500000000000014 -0.029329534620046612 17.500000000000004 40.500000000000007 40.500000000000007 43.500000000000007 3.5000000000000004 33.500000000000007 64.500000000000014 60.500000000000007 1.5000000000000002
decision_type=10 8 10 10 2 8 8 10 8 10 10 10 8 10
left_child=1 13 3 -2 -5 -4 7 -7 9 -9 -11 12 -8 -1
right_child=2 -3 5 4 -6 6 11 8 -10 10 -12 -13 -14 -15
leaf_value=-0.0049347649488313688 -0.0028975560547372355 0.016027539798793577 0.0025934258520824748 0.0044937904848014916 -0.036547393713803465 -0.0023883583670838227 -0.0013249549823012349 -0.013824956616194907 0.0095127585108680263 -0.0038905886416987722 0.0057577094333713923 -0.00080068496086730724 -0.0086747249585832908 0.0015231231590974754
leaf_weight=1339.2493455819786 5937.8114648088813 247.59583315998316 5049.54029212147 47.082918778061867 116.38274572789669 2198.4826529473066 2216.5111902207136 202.55943846702576 1245.3309159725904 824.19956382364035 1893.2918795198202 6179.3074367418885 2487.3318208605051 15871.524232551455
leaf_count=7404 25926 1967 21602 221 480 9565 9285 877 5512 3581 8339 27894 10638 79735
internal_value=-0.00010777 0.00123995 -0.000936465 -0.00353389 -0.0251487 -0.000224435 -0.00105047 0.00179506 0.00400349 0.00162948 0.0028279 -0.00271449 -0.00522158 0.00101803
internal_weight=45856.2 17458.4 28397.8 6101.28 163.466 22296.6 17247 6363.86 4165.38 2920.05 2717.49 10883.2 4703.84 17210.8
internal_count=213026 89106 123920 26627 701 97293 75691 27874 18309 12797 11920 47817 19923 87139
is_linear=0
shrinkage=0.03


Tree=194
num_leaves=15
num_cat=0
split_feature=240 231 228 249 222 245 249 231 245 103 174 243 243 226
split_gain=55.0345 55.0243 101.099 120.21 175.68 135.782 114.225 123.147 108.294 98.0694 128.869 89.0646 82.9952 90.7977
threshold=0.082706589251756682 91.500000000000014 8.5000000000000018 0.56060606241226207 94.500000000000014 -0.071332886815071092 0.83333334326744091 94.500000000000014 -0.053190600126981728 3.5000000000000004 7.5000000000000009 -0.10134678333997725 -0.032714286819100373 12.500000000000002
decision_type=8 10 8 2 10 2 2 10 2 10 8 2 2 8
left_child=1 11 6 4 5 -4 9 -8 -5 -3 -11 -1 13 -12
right_child=-2 2 3 8 -6 -7 7 -9 -10 10 12 -13 -14 -15
leaf_value=0.018444815139746204 0.010448523394295998 0.0050636654029355835 0.018242203801355859 -0.018097614791881041 -0.024464239559835579 0.0018284882561301168 -0.013594354396150841 0.025076156707787154 0.0017656370300214161 -0.023492360574121525 -0.0034463778765284024 0.00013463739466874623 0.013436415435178843 -0.019121089865287027
leaf_weight=230.56067908555269 434.07122448086739 373.88023155555129 646.90597955882549 474.31209840998054 164.12545335292816 1474.1336212530732 112.02990621328354 183.41147172823548 500.9024201259017 577.03532071784139 912.81006853654981 39162.492229439318 153.05654767900705 518.46684272587299
leaf_count=1863 2501 2551 3796 2539 809 6678 530 1494 2351 2969 4817 177409 699 2305
internal_value=-6.15024e-05 -0.000164078 -0.00281521 0.000787206 0.00454751 0.0068967 -0.00695261 0.0104475 -0.00798083 -0.00901339 -0.0114606 0.000246458 -0.00695859 -0.00921767
internal_weight=45918.2 45484.1 6091.07 3260.38 2285.17 2121.04 2830.69 295.441 975.215 2535.25 2161.37 39393.1 1584.33 1431.28
internal_count=213311 210810 31538 16173 11283 10474 15365 2024 4890 13341 10790 179272 7821 7122
is_linear=0
shrinkage=0.03


Tree=195
num_leaves=15
num_cat=0
split_feature=245 77 249 246 245 228 244 249 143 231 231 51 231 245
split_gain=50.2273 58.8612 57.9471 58.5447 57.6207 89.6243 89.3798 111.323 108.209 119.132 80.9058 83.6155 79.8681 73.7729
threshold=-0.20590560883283612 1.5000000000000002 0.45959596335887914 0.048760963603854186 -0.11150914430618285 30.500000000000004 0.022354646585881714 0.7222222387790681 28.500000000000004 63.500000000000007 98.500000000000014 8.5000000000000018 22.500000000000004 -0.1655808091163635
decision_type=2 8 2 2 2 10 2 2 10 8 10 8 10 2
left_child=-1 2 3 -2 5 6 8 10 9 -3 11 -8 -10 -9
right_child=1 4 -4 -5 -6 -7 7 13 12 -11 -12 -13 -14 -15
leaf_value=0.014655625028590481 -0.0037416364623576899 0.0078004553248658829 -0.01279505068248268 0.019495970943443085 -0.00014997526053006782 0.02656429779197093 -0.013467626672712778 -0.011735033154242052 -0.016976878182269565 -0.025926861896082901 -0.02511421856545494 0.0086895773940614297 0.014715790955670466 0.025398022512433505
leaf_weight=199.17986790835857 797.49865129590034 222.86332985758781 624.88698495924473 101.00965438038111 41496.537100538611 145.17736202478409 323.2024078592658 61.065008956938982 68.762136809527874 149.23827562853694 197.84419428557158 274.635397747159 1010.9103115536273 155.14941956102848
leaf_count=2625 3653 1198 3187 474 186541 1218 1872 363 347 757 1101 1928 6572 1205
internal_value=-1.12746e-05 -7.84961e-05 -0.00585664 -0.000943443 0.000122363 0.00443822 0.00303227 -0.00379041 0.00778113 -0.00605103 -0.00897864 -0.00331352 0.0125601 0.0148555
internal_weight=45828 45628.8 1523.4 898.508 44105.4 2608.85 2463.67 1011.9 1451.77 372.102 795.682 597.838 1079.67 216.214
internal_count=213041 210416 7314 4127 203102 16561 15343 6469 8874 1955 4901 3800 6919 1568
is_linear=0
shrinkage=0.03


Tree=196
num_leaves=15
num_cat=0
split_feature=194 195 52 165 230 192 248 224 119 229 231 224 231 38
split_gain=45.0348 66.6051 74.5356 62.3478 59.6765 62.12 64.9163 57.5391 55.7364 67.5705 56.6125 68.1251 58.9512 80.3401
threshold=29.500000000000004 39.500000000000007 14.500000000000002 29.500000000000004 3.5000000000000004 21.500000000000004 0.81313130259513866 7.5000000000000009 97.500000000000014 1.5000000000000002 25.500000000000004 4.5000000000000009 31.500000000000004 8.5000000000000018
decision_type=8 10 10 8 8 10 2 8 10 10 10 10 10 10
left_child=4 2 -2 -3 5 6 -1 -5 9 -6 11 -11 -12 -14
right_child=1 3 -4 7 8 -7 -8 -9 -10 10 12 -13 13 -15
leaf_value=-0.0017641210150603067 -0.0047838729676776765 -0.0022570258107342386 -0.00052420270106654724 -0.0035630050322036219 -0.015188975597339196 0.010904926301886398 0.015341744826240683 0.0033049479223086473 0.0064702723999895918 0.033249752745324247 -0.0093185541552516914 0.0030363667168861325 -0.0068938638591456011 0.0013795826517100699
leaf_weight=1097.0409035161138 5095.2270238772035 3592.2082231491804 13414.15465568006 1259.943136960268 251.19078515470028 1121.5324972458184 233.69317856803536 8158.5369156450033 1287.0459756031632 58.904438614845276 708.52361068129539 2916.1429461985826 1309.2143960818648 5291.3064543828368
leaf_count=6150 25373 16433 60099 6511 1174 6030 1582 37407 6898 246 3078 12550 5876 23503
internal_value=9.01915e-05 -0.000542918 -0.00169875 0.00110144 0.00148758 0.00573659 0.0013319 0.00238339 0.000602115 -0.000120226 0.000262228 0.00374396 -0.00115814 -0.000269403
internal_weight=45794.7 31520.1 18509.4 13010.7 14274.6 2452.27 1330.73 9418.48 11822.3 10535.3 10284.1 2975.05 7309.04 6600.52
internal_count=212910 145823 85472 60351 67087 13762 7732 43918 53325 46427 45253 12796 32457 29379
is_linear=0
shrinkage=0.03


Tree=197
num_leaves=15
num_cat=0
split_feature=194 226 250 8 184 244 244 80 226 243 226 245 243 121
split_gain=52.4497 61.8803 57.641 52.3347 51.0844 46.5017 48.7881 43.997 41.7291 55.5178 55.1768 63.742 56.2589 84.0724
threshold=22.500000000000004 3.5000000000000004 0.00010004499927163125 10.500000000000002 66.500000000000014 0.0050869749393314132 0.08290335908532144 58.500000000000007 99.500000000000014 -0.07707375660538672 81.500000000000014 -0.048126962035894387 -0.045085355639457696 83.500000000000014
decision_type=8 10 2 10 10 2 2 10 8 2 10 2 2 10
left_child=1 3 4 7 8 -4 -7 -1 10 -10 -2 12 13 -12
right_child=2 -3 5 -5 -6 6 -8 -9 9 -11 11 -13 -14 -15
leaf_value=0.012851761826232117 -0.0021302623952226402 0.00094883942724059873 0.017107371829251917 -7.7219831710858391e-06 0.00097701701583143637 0.0012996285218847404 0.017116875860923111 -0.016965386591016044 0.014354791156442344 -0.010322723422834575 -0.010176013575012475 -0.0025947304996561706 0.0078250532035634684 0.013149793618976979
leaf_weight=942.92785408720374 17330.859779305756 9982.2927054017782 204.61074011027813 550.65228841453791 9352.9096718095243 2278.4316091872752 180.38297846540809 38.352897718548775 82.293780654668808 821.57174091413617 422.3346554338932 1724.3612931072712 1692.927472807467 195.29976317286491
leaf_count=5818 77131 45587 985 2810 44579 11117 1108 164 758 4370 1970 7444 8111 1090
internal_value=6.28887e-05 0.00181385 -0.000525493 0.00740768 -0.000882843 0.00370472 0.00252464 0.011527 -0.00166404 -0.00794343 -0.00139481 0.00176159 0.00500987 -0.00270825
internal_weight=45800.2 11514.2 34286 1531.93 31622.6 2663.43 2458.81 981.281 22269.6 903.866 21365.8 4034.92 2310.56 617.634
internal_count=213042 54379 158663 8792 145453 13210 12225 5982 100874 5128 95746 18615 11171 3060
is_linear=0
shrinkage=0.03


Tree=198
num_leaves=15
num_cat=0
split_feature=245 246 101 238 230 140 142 230 69 171 120 246 228 228
split_gain=53.4027 53.382 50.523 68.1749 66.6323 120.813 59.801 58.3111 68.207 55.9935 55.6913 51.014 50.7532 51.2052
threshold=-0.20590560883283612 0.2755925059318543 2.5000000000000004 -0.097092170268297182 11.500000000000002 10.500000000000002 81.500000000000014 24.500000000000004 8.5000000000000018 24.500000000000004 17.500000000000004 0.010098729282617571 3.5000000000000004 7.5000000000000009
decision_type=2 2 8 10 10 10 8 10 10 10 8 2 10 10
left_child=-1 2 11 4 6 7 -4 8 -6 -5 -11 -2 -7 -14
right_child=1 -3 3 9 5 12 -8 -9 -10 10 -12 -13 13 -15
leaf_value=0.015190493516508629 0.0069924492194653022 -0.016594829150196496 0.0065230481023289509 -0.0036290620461078031 -0.00023766121491159743 0.011519085855916985 0.0008682510711514503 -0.0021923149187922587 -0.01720601277651411 0.0032012250101159734 -0.001029978871181758 -0.0045601532232500642 -0.0070876774611712814 0.0018447412956163691
leaf_weight=197.78631211817265 375.10639999061823 164.90237614512444 3689.2188307419419 5152.9131069555879 330.11485981196165 450.48191702365875 3094.7080485858023 2114.7174125984311 593.46237493306398 3669.9312489330769 11693.509094186127 3289.4465208612382 601.81430336833 10388.159776616842
leaf_count=2642 1681 902 18879 21973 1488 2136 17476 9214 2597 15751 51414 15478 2791 48685
internal_value=1.62352e-05 -5.28852e-05 1.07787e-05 0.000307331 0.0014974 0.000347017 0.0039485 -0.00496083 -0.0112085 -0.000926156 -1.78281e-05 -0.00336181 0.00175975 0.0013496
internal_weight=45806.3 45608.5 45443.6 41779 21262.7 14478.8 6783.93 3038.29 923.577 20516.4 15363.4 3664.55 11440.5 10990
internal_count=213107 210465 209563 192404 103266 66911 36355 13299 4085 89138 67165 17159 53612 51476
is_linear=0
shrinkage=0.03


Tree=199
num_leaves=15
num_cat=0
split_feature=215 171 76 193 243 244 231 248 104 240 227 249 244 61
split_gain=54.5157 54.4099 51.6714 77.0929 74.6187 69.5855 94.851 83.4532 62.626 59.1905 62.0665 54.7315 80.5506 49.6213
threshold=71.500000000000014 22.500000000000004 91.500000000000014 72.500000000000014 -0.01554233720526099 0.05331044644117356 68.500000000000014 0.54040405154228222 12.500000000000002 -0.048805819824337952 81.500000000000014 0.085858587175607695 0.0077266637235879907 20.500000000000004
decision_type=10 10 10 10 2 2 10 2 10 10 10 2 2 10
left_child=2 -2 3 -1 11 6 7 -4 -9 -8 -11 -5 -13 -7
right_child=1 -3 5 4 -6 13 9 8 -10 10 -12 12 -14 -15
leaf_value=-0.00073869072571313397 -0.0075363442188646611 -0.0004881766263951082 0.00060678283287139592 0.00094855010027735471 -0.0024491745140321976 0.020182222810013001 0.0063249087408775197 0.003474462171457535 0.017328568109013211 -0.0098063073747706869 0.0077594028741818696 0.017242779419135438 0.0046370139311916374 0.0018216474452064895
leaf_weight=28171.568870622665 1589.8743268176913 2571.9578464739025 1418.2132227346301 2866.5196721851826 2076.5458134263754 340.2381598725915 400.08682306483388 525.38173610344529 673.90997414290905 1041.3049731776118 210.87782111018896 526.15647437423468 3172.2060164511204 216.52097367122769
leaf_count=129354 6945 11391 6602 12502 9226 2560 2837 2688 3331 5322 1125 2466 15518 1232
internal_value=7.73009e-05 -0.00319228 0.00040478 2.17665e-05 0.00249889 0.00332002 0.00200389 0.00554821 0.0113383 -0.00361059 -0.00681006 0.00406536 0.00647206 0.0132
internal_weight=45801.4 4161.83 41639.5 36813 8641.43 4826.53 4269.77 2617.5 1199.29 1652.27 1252.18 6564.88 3698.36 556.759
internal_count=213099 18336 194763 169066 39712 25697 21905 12621 6019 9284 6447 30486 17984 3792
is_linear=0
shrinkage=0.03


Tree=200
num_leaves=15
num_cat=0
split_feature=71 140 244 226 62 248 29 120 178 229 226 226 244 226
split_gain=51.2937 96.5261 79.0465 88.703 107.815 74.1185 68.6895 67.629 67.6116 58.4386 57.2696 53.3414 72.1486 67.9998
threshold=24.500000000000004 27.500000000000004 0.012273707427084448 1.0000000180025095e-35 16.500000000000004 0.57070705294609081 inf 49.500000000000007 22.500000000000004 42.500000000000007 44.500000000000007 64.500000000000014 0.0054192107636481532 81.500000000000014
decision_type=10 10 2 10 10 2 8 10 8 10 8 10 2 10
left_child=-1 7 3 8 5 -5 -4 9 -3 -2 -9 12 -11 -13
right_child=1 2 6 4 -6 -7 -8 10 -10 11 -12 13 -14 -15
leaf_value=0.0012849668680439412 -0.0091089169013123545 -0.027776319725108179 -0.001786797557158992 0.0036998224952593732 0.0016232105946739665 0.022074000819447319 0.012154694069084641 -0.0029369081866406528 0.00407665741844893 0.025845136447539201 0.0052945345003362039 -0.013229874578413351 0.00012044983812937188 0.0014450288095538568
leaf_weight=14564.555702429265 2564.0362237021327 144.97619858756661 12501.740125890821 392.52563326060772 9103.7275338098407 397.96217831224203 316.4714615829289 2879.8391263969243 94.106389533728361 108.30113573372364 1022.6500636786222 570.6397103741765 575.83136264234781 553.12111659348011
leaf_count=70982 10862 682 58537 1699 40344 2045 1917 13232 505 443 4560 2356 2433 2365
internal_value=-0.000184683 -0.000870356 0.000131528 0.00211054 0.00255327 0.0131103 -0.00143339 -0.00364618 -0.0155782 -0.00620427 -0.000771834 -0.00205732 0.00450645 -0.00605777
internal_weight=45790.5 31225.9 22951.5 10133.3 9894.22 790.488 12818.2 8274.42 239.083 4371.93 3902.49 1807.89 684.132 1123.76
internal_count=212962 141980 105729 45275 44088 3744 60454 36251 1187 18459 17792 7597 2876 4721
is_linear=0
shrinkage=0.03


Tree=201
num_leaves=15
num_cat=0
split_feature=233 56 106 47 171 80 68 120 209 10 146 60 28 118
split_gain=48.8404 57.4515 62.4292 48.4795 47.304 91.6834 90.9111 64.7696 61.9021 56.3605 77.4631 57.6339 46.7102 51.5751
threshold=99.500000000000014 37.500000000000007 88.500000000000014 1.0000000180025095e-35 28.500000000000004 10.500000000000002 7.5000000000000009 18.500000000000004 75.500000000000014 5.5000000000000009 90.500000000000014 89.500000000000014 3.5000000000000004 90.500000000000014
decision_type=10 10 10 8 8 8 8 8 10 8 10 10 10 10
left_child=4 2 -2 -3 8 -6 -7 -8 9 10 -1 -12 13 -11
right_child=1 3 -4 -5 5 6 7 -9 -10 12 11 -13 -14 -15
leaf_value=0.0056874782976291151 0.010599267926721485 -0.016926264309184681 -0.018829877732606137 0.0020078873025319885 0.0053915994782792317 -0.0068302613844444509 0.0037656388961944814 -0.00036844358654692153 -0.0069731587438040116 -0.0090941824475737586 -0.012486122094070608 0.0082840512906561213 -0.00094936692306107516 0.003581754506174162
leaf_weight=2178.0254653580487 1084.9401425309479 141.43119961768389 59.987785413861275 612.11530934274197 3187.9741513505578 1634.0582021921873 4309.5687495321035 16205.401112254709 1598.8593751862645 1291.5378960892558 412.18371720984578 160.08412257581949 12606.810813758522 365.35236301645637
leaf_count=10565 5770 688 284 2716 16036 7747 18792 74975 7013 6319 2603 1094 56467 2234
internal_value=3.73056e-06 0.00470201 0.00890766 -0.00172095 -0.000200242 0.000643245 -4.23246e-05 0.000501412 -0.00134818 -0.000815795 0.00310905 -0.00663346 -0.00157422 -0.00629436
internal_weight=45848.3 1898.47 1144.93 753.547 43949.9 25337 22149 20515 18612.9 17014 2750.29 572.268 14263.7 1656.89
internal_count=213303 9458 6054 3404 203845 117550 101514 93767 86295 79282 14262 3697 65020 8553
is_linear=0
shrinkage=0.03


Tree=202
num_leaves=15
num_cat=0
split_feature=233 248 226 120 229 248 246 246 248 224 248 226 224 120
split_gain=52.7461 70.9312 137.38 197.723 115.295 113.057 111.419 101.87 96.8243 106.213 94.1382 132.862 92.2594 91.6272
threshold=68.500000000000014 0.69191917777061474 28.500000000000004 20.500000000000004 3.5000000000000004 0.68181815743446361 0.025809049606323246 0.016108472831547264 0.83333334326744091 13.500000000000002 0.80303028225898754 63.500000000000007 31.500000000000004 20.500000000000004
decision_type=10 2 8 8 10 2 2 2 2 8 2 10 8 8
left_child=1 5 4 -4 -3 12 7 8 9 -5 11 -8 -1 -14
right_child=-2 2 3 6 -6 -7 10 -9 -10 -11 -12 -13 13 -15
leaf_value=0.0022818457478270071 0.0013745841826804752 -0.00206092204120778 -0.016129156335289316 -0.028720870031552284 -0.013594938605982232 0.016376228630006373 -0.017701187171994832 0.018049913698593378 0.019800510811612076 0.0022655524637416268 0.0059911822619850685 0.0088950533096671478 0.0022936281926283632 -0.0030014603192083439
leaf_weight=8214.3934301510453 15085.459866192192 1494.9041352234781 537.49741005152464 105.31156635284424 1630.5924071669579 362.27957130223513 545.96171127259731 629.75680849701166 225.67132913321257 720.90475784242153 603.5682057030499 235.60831704735756 3940.7372579798102 11514.592677056789
leaf_count=37691 71131 8019 2286 453 7497 1776 2335 3058 1095 3217 3228 1281 17175 53104
internal_value=-7.79408e-05 -0.000790469 -0.00351026 0.000483324 -0.00810246 -2.76912e-05 0.00343786 0.00860584 0.00283501 -0.00198028 -0.00285311 -0.00967253 -0.000285573 -0.00165073
internal_weight=45847.2 30761.8 6729.78 3604.28 3125.5 24032 3066.78 1681.64 1051.89 826.216 1385.14 781.57 23669.7 15455.3
internal_count=213346 142215 32469 16953 15516 109746 14667 7823 4765 3670 6844 3616 107970 70279
is_linear=0
shrinkage=0.03


Tree=203
num_leaves=15
num_cat=0
split_feature=243 244 176 245 231 245 4 238 77 244 77 194 140 244
split_gain=49.4394 59.9861 53.8823 55.1664 55.5935 53.5869 53.2429 57.1543 66.8909 50.4809 71.8885 54.9592 52.6867 82.2679
threshold=-0.0086467983201146108 0.0062775898259133109 14.500000000000002 -0.053768776357173913 48.500000000000007 -0.036056580021977418 62.500000000000007 -0.26396778225898737 1.5000000000000002 0.088909499347209944 20.500000000000004 22.500000000000004 18.500000000000004 0.012273707427084448
decision_type=2 2 8 2 8 2 10 10 8 2 8 8 10 2
left_child=6 5 -3 4 -4 -2 7 -1 -9 11 -11 -10 -13 -14
right_child=1 2 3 -5 -6 -7 -8 8 9 10 -12 12 13 -15
leaf_value=0.0077717428549955699 -0.026266533479952683 0.0071440482240462755 -0.026889830076780523 -0.0023405567855669168 0.0050164894234305934 -0.0043148054936179925 0.0029139886806811856 -0.0074860932733698581 0.0018073993725709115 -0.0055754302323688734 0.02000431645388254 -0.0028032986220587145 0.0021730412077239688 -0.0020862605761123448
leaf_weight=782.70110149681568 172.94457444548607 486.14096710830927 155.87637790292501 2728.955958686769 65.886647306382656 231.6297550201416 5730.8480439707637 1141.3276921324432 8613.02592253685 154.44602078199387 248.1970582716167 9023.2721946723759 8188.5852692723274 8116.8364166282117
leaf_count=6843 720 2194 705 11972 347 966 27244 5370 39503 933 1630 41133 36238 37529
internal_value=-6.87382e-05 -0.00332184 -0.00201515 -0.00354319 -0.0176029 -0.0141058 0.000229524 -0.00019534 -0.000373208 -0.000134724 0.0102951 -0.000261446 -0.000965393 5.27823e-05
internal_weight=45840.7 3841.43 3436.86 2950.72 221.763 404.574 41999.2 36268.4 35485.7 34344.4 402.643 33941.7 25328.7 16305.4
internal_count=213327 16904 15218 13024 1052 1686 196423 169179 162336 156966 2563 154403 114900 73767
is_linear=0
shrinkage=0.03


Tree=204
num_leaves=15
num_cat=0
split_feature=124 63 64 245 68 137 243 229 244 66 229 244 244 224
split_gain=53.7538 49.9259 94.8602 62.1067 63.4004 75.448 107.139 74.2046 76.5001 68.7273 68.688 126.493 124.019 84.8737
threshold=6.5000000000000009 62.500000000000007 97.500000000000014 -0.11150914430618285 11.500000000000002 89.500000000000014 -0.049267057329416268 7.5000000000000009 0.046076284721493728 19.500000000000004 5.5000000000000009 0.036524411290884025 0.013218651525676252 1.0000000180025095e-35
decision_type=8 10 10 2 10 10 2 10 2 10 10 2 2 10
left_child=-1 2 -2 -3 5 6 7 8 -5 -6 11 13 -12 -8
right_child=1 3 -4 4 9 -7 10 -9 -10 -11 12 -13 -14 -15
leaf_value=-0.0054402421844483781 -0.00016065338706459115 0.0080994677638925525 -0.0089432339494121219 -0.018462599851803548 -0.005250744851096647 -0.018073965065379796 -0.010566141438794597 0.0066901665004990224 0.015819888315544945 0.0028290026360815726 -0.0088739577098895638 -0.021671343641660443 0.0070017400438077675 0.019730815131982694
leaf_weight=1538.3628777861595 26804.547035809606 1201.969243247062 1144.5267980247736 586.48018841445446 1031.4463441073895 249.11337585747242 92.742216184735298 170.60602553933859 57.355102248489857 10576.777635090053 911.77932499349117 89.884702950716019 842.59330829232931 503.17422117292881
leaf_count=6555 123191 8398 5227 2767 4469 1163 446 815 330 49140 3919 428 3896 2438
internal_value=5.42315e-05 0.000246378 -0.000523374 0.00156463 0.00103985 -0.00249223 -0.00124787 -0.0105996 -0.0152133 0.00210718 0.00190392 0.00988087 -0.00125268 0.0149191
internal_weight=45801.4 44263 27949.1 16313.9 15112 3503.73 3254.62 814.441 643.835 11608.2 2440.17 685.801 1754.37 595.916
internal_count=213182 206627 128418 78209 69811 16202 15039 3912 3097 53609 11127 3312 7815 2884
is_linear=0
shrinkage=0.03


Tree=205
num_leaves=15
num_cat=0
split_feature=245 222 228 228 224 60 12 245 222 56 56 73 224 52
split_gain=61.2116 59.3543 101.276 93.265 100.32 92.2171 73.5336 73.4721 70.727 143.629 104.833 87.9932 67.8163 65.1337
threshold=-0.044325016438961022 42.500000000000007 93.500000000000014 9.5000000000000018 20.500000000000004 39.500000000000007 94.500000000000014 -0.068338528275489793 76.500000000000014 5.5000000000000009 34.500000000000007 65.500000000000014 2.5000000000000004 32.500000000000007
decision_type=2 8 10 8 8 8 10 2 10 8 8 8 10 8
left_child=1 13 3 12 6 -4 -5 -7 10 -10 -6 -12 -3 -1
right_child=-2 2 5 4 8 7 -8 -9 9 -11 11 -13 -14 -15
leaf_value=-0.0012584608919695467 -0.0017081106067920156 0.0018672253225616485 -0.028843207713789235 0.016496519431334327 0.008578748600698103 -0.019304230085939723 -0.017679554792528362 0.0087575851379210791 -0.03488558383621683 0.011467086310512164 -0.0072427896385998123 0.003005576363539212 -0.033737320260915596 0.001819400547784586
leaf_weight=14778.363618072122 13275.234867550433 91.406946189701557 147.87124074995518 804.74255698174238 1264.1948301792145 119.69461407512426 52.874561809003353 228.32411661744118 53.614332713186741 1253.2945425733924 1377.790317364037 1642.3826477453113 89.447981908917427 10630.302093997598
leaf_count=71439 57825 514 649 3949 5963 692 269 1165 275 5962 6197 8632 419 49295
internal_value=7.89518e-06 0.000708401 0.003126 0.00410799 0.00471316 -0.00982432 0.01421 -0.00116338 0.00323372 0.00931506 0.00136129 -0.00167816 -0.0165873 2.94427e-05
internal_weight=45809.5 32534.3 7125.64 6629.75 6448.89 495.89 857.617 348.019 5591.28 1306.91 4284.37 3020.17 180.855 25408.7
internal_count=213245 155420 34686 32180 31247 2506 4218 1857 27029 6237 20792 14829 933 120734
is_linear=0
shrinkage=0.03


Tree=206
num_leaves=15
num_cat=0
split_feature=69 231 233 222 231 249 249 24 118 164 189 193 228 224
split_gain=50.402 55.7791 56.1761 68.36 77.9176 59.1556 54.7791 56.7458 54.5963 51.9757 50.7107 63.4404 58.5911 80.3832
threshold=5.5000000000000009 89.500000000000014 43.500000000000007 28.500000000000004 50.500000000000007 0.04545454494655133 0.035353535786271102 1.0000000180025095e-35 91.500000000000014 65.500000000000014 53.500000000000007 74.500000000000014 19.500000000000004 16.500000000000004
decision_type=8 8 10 10 10 2 2 8 10 10 10 10 10 10
left_child=1 2 3 8 5 -5 7 -4 -1 -6 11 -2 13 -13
right_child=10 -3 6 4 9 -7 -8 -9 -10 -11 -12 12 -14 -15
leaf_value=-0.0058746483308601211 -0.0025198267666831681 -0.0042001412875947788 -0.0053880465050590593 0.019888967504638866 0.0050028603878304054 0.0032799584720912167 0.0028791710236702349 0.013393240793769736 0.0084403053108952474 -0.022052323949474605 0.00072492070311720215 -0.00012586515325180433 -0.0010167591070119155 0.011342324790825933
leaf_weight=1399.0004741773009 15072.973994728178 1000.7542850933969 160.99284343793988 351.25897795706987 124.69766196608543 424.69060485064983 1870.453594699502 1100.2361954078078 279.80429706722498 114.94534826278687 17428.544127628207 1237.7082964964211 4328.5356151014566 979.782321061939
leaf_count=6293 68784 5500 865 1499 589 1927 9092 4908 1504 529 81871 5789 19882 4485
internal_value=-6.30186e-05 0.00231324 0.00343733 0.000258109 0.00636644 0.010956 0.0061631 0.0109723 -0.00345294 -0.00833775 -0.000478954 -0.00144937 0.00101558 0.00496944
internal_weight=45874.4 6826.83 5826.08 2694.4 1015.59 775.95 3131.68 1261.23 1678.8 239.643 39047.5 21619 6546.03 2217.49
internal_count=213517 32706 27206 12341 4544 3426 14865 5773 7797 1118 180811 98940 30156 10274
is_linear=0
shrinkage=0.03


Tree=207
num_leaves=15
num_cat=0
split_feature=243 248 117 101 76 244 244 248 229 226 248 248 243 248
split_gain=49.0327 57.8942 63.4025 44.3553 65.5254 100.923 61.444 64.007 58.3405 120.048 73.5043 125.216 71.2583 66.6053
threshold=-0.0086467983201146108 0.4797979891300202 74.500000000000014 5.5000000000000009 87.500000000000014 0.047676445916295059 0.021734355017542843 0.57070705294609081 23.500000000000004 39.500000000000007 0.7929292917251588 0.71212121844291698 -0.05089097470045089 0.92424240708351146
decision_type=2 2 8 8 8 2 2 2 8 8 2 2 2 2
left_child=3 -2 -3 6 -5 -6 8 -8 9 13 11 -11 -10 -1
right_child=1 2 -4 4 5 -7 7 -9 12 10 -12 -13 -14 -15
leaf_value=-0.0014322377842050052 -0.0020520030847668087 -0.030300835646868047 -0.0031899908176417843 0.00024943988734225583 0.0020964245649993038 0.01351290061764468 0.0021870353148112239 -0.010259371431535267 0.016657099661124556 0.015375458074370111 0.026814628481896294 -0.022074610427825232 -0.0071913902056676979 0.025709990438818022
leaf_weight=2800.8428805209696 3531.3419946432114 132.56798651814461 176.32985273003578 29760.035118442029 4571.1142341829836 813.50222904980183 521.75906977057457 1258.3477515690029 113.74575985968113 294.66743772476912 231.62823060899973 99.538543496280909 1322.8251208364964 73.800955191254616
leaf_count=13536 15482 551 852 134510 23188 5398 2720 7197 535 1278 1016 428 5548 556
internal_value=7.60788e-05 -0.00316374 -0.0154103 0.000373972 0.000800967 0.00384307 -0.00185796 -0.00661942 -0.000131258 0.00195822 0.0137545 0.00560699 -0.005201 -0.000648702
internal_weight=45702 3840.24 308.898 41861.8 35144.7 5384.62 6717.16 1780.11 4937.05 3500.48 625.834 394.206 1436.57 2874.64
internal_count=212795 16885 1403 195910 163096 28586 32814 9917 22897 16814 2722 1706 6083 14092
is_linear=0
shrinkage=0.03


Tree=208
num_leaves=15
num_cat=0
split_feature=226 230 226 231 245 231 243 229 230 245 224 249 248 224
split_gain=66.1622 60.97 120.879 182.714 150.669 131.259 109.416 104.708 122.269 97.9122 86.7422 81.9176 92.1699 85.8375
threshold=99.500000000000014 80.500000000000014 66.500000000000014 25.500000000000004 -0.040792534127831452 59.500000000000007 -0.049965938553214066 78.500000000000014 66.500000000000014 -0.06560551747679709 87.500000000000014 0.015151515137404205 0.59090909361839306 65.500000000000014
decision_type=10 10 10 10 2 10 2 10 8 2 10 2 2 10
left_child=1 7 -3 4 10 6 -5 -1 9 -9 -4 -7 13 -13
right_child=-2 2 3 5 -6 11 -8 8 -10 -11 -12 12 -14 -15
leaf_value=6.5543231243043288e-05 -0.0093341701387389467 -0.010332239672143483 0.027214996484933064 -0.032198075516851145 0.0027845991201465173 -0.02486186766778346 -0.0026005057009318216 -0.044603150812411639 -0.00041261707484130692 -0.01257118632627735 -0.0049890746099649904 -0.01006386429692825 0.016922370740199724 0.00633127080711832
leaf_weight=37250.059024721384 651.10799296945333 557.62971937656403 618.39011718332767 109.65303607285023 582.98780527710915 66.790706023573875 1908.2136286348104 99.636745765805244 735.11547167599201 470.94422386586666 82.312176994979382 337.80877232551575 594.23531994596124 1660.1350221633911
leaf_count=173271 3129 2467 2937 487 2522 298 8409 422 3422 1970 428 1562 3807 7804
internal_value=8.75442e-05 0.000225684 0.00290683 0.00416062 0.0141396 0.00139727 -0.00435972 -0.00022822 -0.00854576 -0.0188366 0.023415 0.00576616 0.00664784 0.0035229
internal_weight=45725 45073.9 6518.16 5960.53 1283.69 4676.84 2017.87 38555.8 1305.7 570.581 700.702 2658.97 2592.18 1997.94
internal_count=212935 209806 30721 28254 5887 22367 8896 179085 5814 2392 3365 13471 13173 9366
is_linear=0
shrinkage=0.03


Tree=209
num_leaves=15
num_cat=0
split_feature=147 231 228 244 248 246 244 248 249 120 231 70 14 248
split_gain=56.1293 47.5469 127.57 130.518 128.907 180.184 169.663 136.837 114.631 91.0642 90.9211 89.8274 109.428 86.7172
threshold=97.500000000000014 91.500000000000014 11.500000000000002 0.0045600938610732564 0.84343436360359203 0.03983424790203572 0.029961801134049896 0.38888889551162725 0.83333334326744091 98.500000000000014 97.500000000000014 9.5000000000000018 5.5000000000000009 0.63131311535835277
decision_type=10 10 8 2 2 2 2 2 2 10 10 8 8 2
left_child=1 9 3 -3 5 13 7 -7 -8 11 -6 -1 -13 -5
right_child=-2 2 -4 4 10 6 8 -9 -10 -11 -12 12 -14 -15
leaf_value=0.0033757708776178037 -0.0053182306048089817 0.014350007345266133 0.0024362868544433891 -0.0050146114523054192 -0.0026974494141349965 -0.024817020901434256 -0.014249535494804635 0.021567782479181067 0.013093256844299716 0.0060604860697119093 0.025464136681107721 -0.006215137165495906 9.4311064228233367e-05 -0.024372736632385743
leaf_weight=6595.2267425209284 1698.4451765455306 244.12304654717445 2778.8375796712935 283.4771376028657 313.53568914532661 60.787950962781906 839.46493887528777 313.36479163914919 156.59805583208799 2566.500091008842 142.60652705654502 2722.0281604677439 26183.926678221673 844.06320492178202
leaf_count=30049 7715 1324 13997 1460 1611 261 4800 1789 890 14169 1389 12317 117392 3837
internal_value=1.70105e-05 0.000223908 -0.00226143 -0.00633825 -0.00809067 -0.0107639 -0.00340936 0.0135819 -0.00986337 0.000614613 0.00646428 0.000219316 -0.000501784 -0.0195927
internal_weight=45743 44044.5 5976.86 3198.02 2953.9 2497.76 1370.22 374.153 996.063 38067.7 456.142 35501.2 28906 1127.54
internal_count=213000 205285 31358 17361 16037 13037 7740 2050 5690 173927 3000 159758 129709 5297
is_linear=0
shrinkage=0.03


Tree=210
num_leaves=15
num_cat=0
split_feature=57 147 170 229 248 120 246 248 76 141 68 134 80 242
split_gain=52.9568 61.3404 71.8176 62.0517 82.3098 63.1836 65.0019 46.1738 46.1681 50.9678 49.1321 108.123 71.939 78.6264
threshold=72.500000000000014 90.500000000000014 61.500000000000007 45.500000000000007 0.56060606241226207 40.500000000000007 0.010098729282617571 0.69191917777061474 96.500000000000014 79.500000000000014 19.500000000000004 89.500000000000014 74.500000000000014 0.019822946749627594
decision_type=10 8 10 10 2 10 2 2 10 10 8 10 10 8
left_child=8 2 3 5 -5 6 7 -2 10 -10 11 12 13 -1
right_child=1 -3 -4 4 -6 -7 -8 -9 9 -11 -12 -13 -14 -15
leaf_value=-0.0061022373911127029 0.016252382567195113 -0.0049531812190006788 0.006917685167678482 0.0025090600887771371 0.016374230438714069 0.001255559122795823 -0.0079290158056931157 -0.0079287252928045421 0.011264012229710336 -0.0019499951879753217 -0.00016770890143445424 -0.016156685936721586 -0.027734166031889683 0.0006171360397300965
leaf_weight=2336.6962467357516 183.61659248173237 1162.0926756411791 2364.1763873584569 1951.1147648915648 471.79664666950703 5745.4953366741538 1421.1839654520154 104.62975523620844 591.98743966966867 461.57102534174919 23599.810248289257 509.01091741397977 86.25731135904789 4714.2778366729617
leaf_count=9954 783 5493 11803 8754 2353 29223 6160 452 2837 2524 106654 2728 365 22825
internal_value=2.1572e-05 0.00160608 0.00223227 0.00110499 0.00526513 -0.000252334 -0.00529828 0.0075034 -0.000636282 0.00551096 -0.000845253 -0.00293351 -0.00196918 -0.00161516
internal_weight=45703.7 13404.1 12242 9877.84 2422.91 7454.93 1709.43 288.246 32299.6 1053.56 31246.1 7646.24 7137.23 7050.97
internal_count=212908 65021 59528 47725 11107 36618 7395 1235 147887 5361 142526 35872 33144 32779
is_linear=0
shrinkage=0.03


Tree=211
num_leaves=15
num_cat=0
split_feature=243 147 92 222 224 231 245 243 224 231 248 230 230 228
split_gain=55.6852 55.6444 57.7104 51.0092 71.7459 50.0736 157.736 203.708 151.304 136.572 262.618 108.024 130.809 165.559
threshold=-0.0086467983201146108 97.500000000000014 59.500000000000007 43.500000000000007 65.500000000000014 26.500000000000004 -0.10350605472922324 -0.020488596521317955 4.5000000000000009 22.500000000000004 0.56060606241226207 74.500000000000014 46.500000000000007 19.500000000000004
decision_type=2 10 10 10 8 10 2 2 8 8 2 10 8 10
left_child=1 2 5 4 -2 6 9 8 -8 10 -1 12 -10 -14
right_child=3 -3 -4 -5 -6 -7 7 -9 11 -11 -12 -13 13 -15
leaf_value=0.022123146377320619 -0.0032364854094174204 -0.005464446331002959 0.0050554310951458131 -0.0014951171902724636 -0.020798309624485704 -0.0003782226563337501 0.032175341369727745 -0.002777159913090401 0.0086450240541264666 0.0074163370623832135 -0.035302802218936197 0.015251358481240282 0.0095214321425042235 -0.0070516325590905407
leaf_weight=84.851946245878935 585.27142408490181 1423.0183769240975 2397.504097558558 2964.1119510009885 320.0405647829175 28142.450501807034 189.41021803021431 3383.2852401807904 2427.7250818833709 196.64231885224581 310.72862933576107 864.30913817882538 824.85299870371819 1539.5531060025096
leaf_count=565 2549 6489 12021 13019 1435 133149 834 14594 10546 1412 1415 3915 4022 6686
internal_value=2.598e-05 0.000345115 0.000551246 -0.00341224 -0.00960424 0.000265539 0.00210871 0.00307638 0.00646308 -0.0127721 -0.0227432 0.00554682 0.00376839 -0.00125416
internal_weight=45653.8 41784.3 40361.3 3869.42 905.312 37963.8 9821.36 9229.14 5845.85 592.223 395.581 5656.44 4792.13 2364.41
internal_count=212651 195648 189159 17003 3984 177138 43989 40597 26003 3392 1980 25169 21254 10708
is_linear=0
shrinkage=0.03


Tree=212
num_leaves=15
num_cat=0
split_feature=141 190 69 98 244 224 241 79 151 230 224 232 45 230
split_gain=54.5356 52.2769 57.8442 51.6932 55.983 70.07 120.002 71.6218 67.9289 67.4188 66.727 47.9834 46.0023 48.7923
threshold=1.5000000000000002 91.500000000000014 6.5000000000000009 39.500000000000007 0.025325999595224861 82.500000000000014 -1.4375822544097898 90.500000000000014 2.5000000000000004 93.500000000000014 83.500000000000014 39.500000000000007 61.500000000000007 93.500000000000014
decision_type=8 10 8 8 2 10 10 10 10 10 8 8 8 10
left_child=-1 2 -2 4 5 8 11 10 -4 -10 -8 -7 -12 -14
right_child=1 -3 3 -5 -6 6 7 -9 9 -11 12 -13 13 -15
leaf_value=0.011175633128804615 0.0020711598414619894 0.0045705145390865292 -0.0079398674333220429 0.0008483546915998354 -0.0046557797952873374 0.0058288441851972609 0.019669821699493831 0.007864546134371422 -0.00078144810270758909 -0.015641061236777162 0.0010814520623479891 0.020307186398105245 -0.018468869622487158 0.0025189062576937166
leaf_weight=377.39571040123701 7365.1193566322327 2025.3098343349993 1377.234812695533 11168.624647945166 4443.9205956533551 433.02535190433264 72.164129815995693 485.33916317671537 16450.114751070738 269.50987221300602 283.27258075028658 403.76450207829475 425.97848042845726 126.37904950231314
leaf_count=1642 35364 10132 6164 53444 21843 2102 317 2163 73001 1181 1191 2143 1800 547
internal_value=-3.25928e-05 -0.000128352 -0.000349118 -0.000845549 -0.00160933 -0.000941342 0.00406494 -0.00133955 -0.00156013 -0.00103018 -0.00629247 0.0129722 -0.00874063 -0.0137075
internal_weight=45707.2 45329.8 43304.4 35939.3 24770.7 20326.8 2229.92 1393.13 18096.9 16719.6 907.794 836.79 835.63 552.358
internal_count=213034 211392 201260 165896 112452 90609 10263 6018 80346 74182 3855 4245 3538 2347
is_linear=0
shrinkage=0.03


Tree=213
num_leaves=15
num_cat=0
split_feature=190 233 245 101 223 224 40 72 226 245 226 248 229 229
split_gain=49.6914 62.7151 83.0115 83.5137 56.1744 64.8162 86.9377 55.8446 80.1095 75.8871 61.4 89.7522 102.857 69.9834
threshold=73.500000000000014 52.500000000000007 -0.11150914430618285 2.5000000000000004 23.500000000000004 6.5000000000000009 4.5000000000000009 26.500000000000004 44.500000000000007 -0.069408230483531938 6.5000000000000009 0.84343436360359203 3.5000000000000004 1.5000000000000002
decision_type=10 10 2 8 10 10 10 10 10 2 10 2 10 10
left_child=1 2 -1 -4 7 6 -6 8 10 -10 -3 13 -13 -12
right_child=-2 4 3 -5 5 -7 -8 -9 9 -11 11 12 -14 -15
leaf_value=0.0060590717191531789 0.0026766335990623721 0.0068074891209355592 -0.0093993287891072728 -0.0015167810176511197 0.0049429682632858721 0.00035545089037877125 -0.010137960932019767 -0.00089031973625448445 0.017177744939878694 0.0044702655452877969 -0.016528098202264543 0.013467557698386565 -0.020644010614134702 0.0032001207266961046
leaf_weight=1199.8401386924088 5267.9161391071975 1489.677712097764 1286.1881026178598 18264.266692601144 468.05842772126198 9239.159961655736 1237.3021235913038 2818.5826962664723 699.87453140690923 1071.5620070546865 165.57801230996847 95.280001688748598 341.028938151896 2068.615698851645
leaf_count=7991 25119 9118 5536 81902 2698 41469 6008 12867 3363 4531 925 589 1472 9444
internal_value=-6.11854e-05 -0.000418357 -0.0015689 -0.0020399 0.000794035 -0.000638499 -0.00599412 0.00258449 0.00423437 0.00955909 0.00194958 -0.000775575 -0.01306 0.00167091
internal_weight=45712.9 40445 20750.3 19550.5 19694.7 10944.5 1705.36 8750.2 5931.62 1771.44 4160.18 2670.5 436.309 2234.19
internal_count=213032 187913 95429 87438 92484 50175 8706 42309 29442 7894 21548 12430 2061 10369
is_linear=0
shrinkage=0.03


Tree=214
num_leaves=15
num_cat=0
split_feature=226 240 77 231 231 231 115 110 228 226 243 231 248 222
split_gain=56.651 51.6658 52.4329 47.3967 81.4254 85.3849 88.847 75.9398 116.225 75.1753 114.246 90.1449 111.592 195.047
threshold=99.500000000000014 0.041847180575132377 1.5000000000000002 99.500000000000014 97.500000000000014 95.500000000000014 22.500000000000004 6.5000000000000009 8.5000000000000018 12.500000000000002 -0.092125352472066865 88.500000000000014 0.46969696879386907 6.5000000000000009
decision_type=10 8 8 10 10 10 10 10 10 8 2 10 2 10
left_child=1 2 -1 4 5 9 -7 -5 -9 10 -4 12 -12 -14
right_child=-2 -3 3 7 -6 6 -8 8 -10 -11 11 -13 13 -15
leaf_value=-0.005613623599814991 -0.0086220864640710465 0.0057215143959648768 0.023084576015076005 0.0062152673040950348 0.0091256925359072504 -0.021310776381622435 0.00075031199378682945 -0.020586154532719603 0.00011474582940105513 -0.00023187200303438678 -0.0012603402221804012 -0.0046538004019014059 -0.0013815901659772489 0.012937200862781254
leaf_weight=1412.3240876793861 648.70199798047543 1486.1179334782064 239.71260659024119 366.52678216248751 935.7110228985548 325.36706794053316 320.80299916118383 452.85307861492038 516.24302876368165 31875.221872858703 2209.0641675144434 1309.3762407675385 1408.6411881111562 2166.1122214198112
leaf_count=7131 3105 8116 1845 2539 5122 1603 1521 2187 2609 142517 9955 6519 7162 10955
internal_value=0.000112235 0.000239965 5.15876e-05 0.000242809 0.000425458 0.000218953 -0.0105136 -0.005297 -0.00967012 0.000398468 0.00313506 0.00242932 0.00403811 0.00730673
internal_weight=45672.8 45024.1 43538 42125.6 40790 39854.3 646.17 1335.62 969.096 39208.1 7332.91 7093.19 5783.82 3574.75
internal_count=212886 209781 201665 194534 187199 182077 3124 7335 4796 178953 36436 34591 28072 18117
is_linear=0
shrinkage=0.03


Tree=215
num_leaves=15
num_cat=0
split_feature=245 246 245 243 222 249 99 243 249 249 0 224 224 243
split_gain=58.9553 55.0103 52.0876 104.044 90.6452 110.606 108.01 97.3306 154.663 155.432 126.091 106.458 106.326 91.1238
threshold=-0.20590560883283612 0.2755925059318543 -0.075521316379308687 -0.054124308750033372 19.500000000000004 0.055555555969476707 1.5000000000000002 -0.041159292683005326 0.04545454494655133 0.56060606241226207 6.5000000000000009 18.500000000000004 11.500000000000002 -0.038711931556463235
decision_type=2 2 2 2 10 2 8 2 2 2 10 8 10 2
left_child=-1 2 4 -4 7 6 -6 -2 10 11 -9 12 -10 -12
right_child=1 -3 3 -5 5 -7 -8 8 9 -11 13 -13 -14 -15
leaf_value=0.016441300341057598 0.0020707204675649272 -0.016628269100185489 -0.0079630802276540822 -0.00012019350908402552 -0.011165399973773879 0.0017674820593044415 0.015574565286022708 0.0027091185949629235 0.0078314150724975388 -0.012470148100212781 0.0034242943486672531 0.019149876557647688 -0.021379090517184417 -0.024999959262847701
leaf_weight=188.61087004467845 6421.6350849233568 167.06439048051834 1590.4623028859496 31186.024568974972 146.14954471588135 2326.2581354081631 1188.5198906958103 295.41313508152962 368.86066394299269 471.83410460501909 118.67334463447332 435.68867098167539 149.32703097164631 610.92054636031389
leaf_count=2574 34187 911 7161 136926 686 12932 5886 1408 1699 2249 526 2408 662 2683
internal_value=0.000132007 6.07657e-05 0.000125956 -0.000503078 0.00177007 0.00573486 0.0125852 0.000129497 -0.00494485 0.0014537 -0.0137728 0.00839903 -0.000831621 -0.0203928
internal_weight=45665.4 45476.8 45309.8 32776.5 12533.3 3660.93 1334.67 8872.35 2450.72 1425.71 1025.01 953.876 518.188 729.594
internal_count=212898 210324 209413 144087 65326 19504 6572 45822 11635 7018 4617 4769 2361 3209
is_linear=0
shrinkage=0.03


Tree=216
num_leaves=15
num_cat=0
split_feature=245 231 230 230 244 224 229 126 244 244 245 231 224 226
split_gain=49.3895 51.7942 132.447 142.153 119.617 98.7667 91.2531 161.584 134.266 101.256 90.0285 212.244 100.987 174.293
threshold=-0.20590560883283612 91.500000000000014 62.500000000000007 18.500000000000004 0.0057207681238651284 72.500000000000014 5.5000000000000009 48.500000000000007 0.0019773815292865042 0.0087434956803917902 -0.075521316379308687 76.500000000000014 12.500000000000002 23.500000000000004
decision_type=2 10 8 10 2 10 8 10 2 2 2 10 8 8
left_child=-1 6 3 4 -3 -6 7 -2 -8 -9 11 12 13 -10
right_child=1 2 -4 -5 5 -7 8 9 10 -11 -12 -13 -14 -15
leaf_value=0.014997535279117449 -0.0030007307476630002 0.016313513356986803 0.0058222729823954921 -0.013608182483027559 -0.00457320034632769 0.021095063536532087 -0.0092657158402379616 0.01683952036966524 -0.025129177646178905 0.0046417587428164413 -0.00042822603254134107 0.015402239924518248 0.0028715998688499801 0.0011932716569878162
leaf_weight=191.3380675278604 1543.7165525853634 291.97741109505296 1335.0649609453976 1222.590441018343 3038.7747411616147 131.35849797725677 1342.129000172019 972.94360571354628 326.82987270504236 1655.7218032628298 26771.547251537442 1101.832048073411 5106.3121538758278 687.9532218798995
leaf_count=2643 7142 1553 7301 5344 15404 734 5767 5119 1469 9487 116921 6195 25072 3118
internal_value=0.000171734 0.000106148 -0.00248374 -0.00485818 -0.00173796 -0.00344661 0.000501283 0.00469156 5.32715e-06 0.0092032 0.000373973 0.00334378 0.0011516 -0.00744685
internal_weight=45720.1 45528.8 6019.77 4684.7 3462.11 3170.13 39509 4172.38 35336.6 2628.67 33994.5 7222.93 6121.1 1014.78
internal_count=213269 210626 30336 23035 17691 16138 180290 21748 158542 14606 152775 35854 29659 4587
is_linear=0
shrinkage=0.03


Tree=217
num_leaves=15
num_cat=0
split_feature=164 151 228 252 126 246 244 31 243 234 244 244 111 248
split_gain=48.6602 56.5392 68.6435 47.8845 46.9356 41.7154 60.4223 41.0373 73.8002 64.07 51.3715 46.5861 66.679 59.9194
threshold=51.500000000000007 4.5000000000000009 50.500000000000007 0.26971943676471716 46.500000000000007 0.2755925059318543 0.088909499347209944 66.500000000000014 -0.044666858389973634 89.500000000000014 0.014951169025152923 0.017138834111392501 29.500000000000004 0.71212121844291698
decision_type=10 10 8 2 8 2 2 8 2 10 2 2 8 2
left_child=5 2 4 -3 -2 6 7 -1 9 10 -9 12 -10 -13
right_child=1 3 -4 -5 -6 -7 -8 8 11 -11 -12 13 -14 -15
leaf_value=-0.00038463235773056998 -0.009668596674562718 0.0012878781269010044 0.0074658027734709337 0.012532573163603225 -0.00095867333411840173 -0.015784468080271539 0.009391776428217008 -0.00058298013332048852 -0.011884705424615425 0.0060073311603734024 -0.014357097453640964 0.0033153219981456633 -0.00052796485884759592 -0.010711924405058188
leaf_weight=16862.879467952996 1105.8107841685414 19215.298537828028 446.07957545667887 337.16591911762953 1116.3624099008739 161.20299020782113 490.61941324174404 317.28424574434757 720.11218272149563 220.39608918875456 1053.1772853545845 2125.1823167800903 1285.5346802920103 304.58709888905287
leaf_count=76517 4780 89885 2017 2206 5635 1056 3218 1594 3147 1213 5291 9839 5664 1388
internal_value=-7.79077e-05 0.000928786 -0.00315995 0.00148809 -0.00531685 -0.00102813 -0.000919684 -0.00114471 -0.00326742 -0.00878959 -0.0111955 -0.00127146 -0.00464425 0.00152022
internal_weight=45761.7 22220.7 2668.25 19552.5 2222.17 23541 23379.8 22889.2 6026.27 1590.86 1370.46 4435.42 2005.65 2429.77
internal_count=213450 104523 12432 92091 10415 108927 107871 104653 28136 8098 6885 20038 8811 11227
is_linear=0
shrinkage=0.03


Tree=218
num_leaves=15
num_cat=0
split_feature=10 222 243 243 146 72 178 137 194 24 110 243 38 243
split_gain=53.4625 75.9953 74.5019 108.597 65.3418 100.167 61.306 100.935 90.6841 82.5799 71.2805 63.3095 60.7449 73.0203
threshold=2.5000000000000004 4.5000000000000009 -0.07707375660538672 -0.03936598822474479 98.500000000000014 14.500000000000002 11.500000000000002 89.500000000000014 26.500000000000004 21.500000000000004 96.500000000000014 -0.030168118886649605 7.5000000000000009 -0.048513010144233697
decision_type=8 10 2 2 10 10 8 10 10 10 10 2 10 2
left_child=1 2 -1 -4 -3 -6 7 8 -2 12 -9 -12 -8 -14
right_child=6 4 3 -5 5 -7 9 10 -10 -11 11 -13 13 -15
leaf_value=0.0072957143448037585 0.001417558327022534 0.0068827747793537087 -0.013271130408288815 0.019645027450399612 0.0068488860784488509 -0.02226065545802797 -0.0020265083491419239 -0.022579192155536495 -0.0058301492217549319 -0.00060356163765167253 0.02617073996719995 -0.017148202599525299 0.010221038561669088 0.0024080991438410865
leaf_weight=368.9070055000484 3306.017653092742 2959.5813519842923 666.81690510734916 95.055105470120907 240.15202451124787 176.26060855388641 1625.5984575599432 357.80593351274729 2916.190386172384 27416.61913703382 52.03991024941206 50.000724658370018 1483.8087144307792 3889.1814759671688
leaf_count=2971 16151 14461 3370 431 1483 957 9223 1768 13653 122412 296 219 7678 17701
internal_value=-3.1302e-05 0.0030668 -0.0036413 -0.00896303 0.00531777 -0.00570579 -0.000371706 -0.00299901 -0.00198316 0.000139133 -0.0164097 0.00530813 0.00304531 0.00458071
internal_weight=45604 4506.77 1130.78 761.872 3375.99 416.413 41097.3 6682.05 6222.21 34415.2 459.847 102.041 6998.59 5372.99
internal_count=212774 23673 6772 3801 16901 2440 189101 32087 29804 157014 2283 515 34602 25379
is_linear=0
shrinkage=0.03


Tree=219
num_leaves=15
num_cat=0
split_feature=245 248 229 245 119 243 222 248 248 104 222 245 233 78
split_gain=61.704 94.2615 74.9198 92.9821 67.2716 81.84 134.144 97.8504 121.782 78.6464 126.563 74.462 73.4686 73.1898
threshold=-0.044325016438961022 0.37878787517547613 78.500000000000014 -0.049014667049050324 60.500000000000007 -0.05699856020510196 5.5000000000000009 0.7525252401828767 0.60101011395454418 7.5000000000000009 28.500000000000004 -0.068664737045764909 36.500000000000007 10.500000000000002
decision_type=2 2 10 2 10 2 10 2 2 8 10 2 10 8
left_child=1 2 -1 -4 5 6 7 8 -3 10 12 -8 -7 -6
right_child=-2 4 3 -5 13 9 11 -9 -10 -11 -12 -13 -14 -15
leaf_value=0.0074092148568439282 -0.0016395820056258246 0.0038618447765318233 0.011134438801054795 -0.011536505477567374 -0.0027374193424561572 -0.019929865712407881 0.010992987833590012 0.0067103672689922756 -0.024908279491964554 -0.0014171527755679669 0.011235939263549039 -0.0085581555624091189 -0.0059507155446148251 0.0025235965466948668
leaf_weight=2950.4772967547178 13238.382951162755 213.90160347521305 243.13222014158964 448.21643924713135 2918.3602610938251 595.0442667901516 1421.11949352175 335.91809716820717 327.71270633116364 8950.8813974894583 239.53010541200638 192.31238163262606 796.58154509961605 12720.570794705302
leaf_count=13307 57633 1364 1194 2006 16948 2523 7097 1541 1485 38657 1054 833 3357 63715
internal_value=8.50278e-05 0.000790985 0.00533078 -0.00351855 0.000213502 -0.00137419 0.00350862 -0.00588816 -0.013682 -0.00252581 -0.00856377 0.00862424 -0.0120276 0.00154072
internal_weight=45592.1 32353.8 3641.83 691.349 28711.9 13073 2490.96 877.532 541.614 10582 1631.16 1613.43 1391.63 15638.9
internal_count=212714 155081 16507 3200 138574 57911 12320 4390 2849 45591 6934 7930 5880 80663
is_linear=0
shrinkage=0.03


Tree=220
num_leaves=15
num_cat=0
split_feature=245 243 244 243 230 245 244 231 245 245 231 230 230 246
split_gain=52.8903 116.997 111.033 86.7672 116.217 98.5003 84.446 210.734 183.318 119.206 100.731 90.0404 95.01 89.7062
threshold=-0.075521316379308687 -0.054124308750033372 0.054660150781273849 -0.051270980387926095 2.5000000000000004 -0.074204768985509859 0.0029695603298023347 77.500000000000014 -0.079278688877820955 -0.084423299878835664 15.500000000000002 2.5000000000000004 60.500000000000007 0.010782782454043629
decision_type=2 2 2 2 8 2 2 10 2 2 8 8 10 2
left_child=6 2 -2 4 -3 -5 7 9 13 11 -11 -1 -13 -8
right_child=1 3 -4 5 -6 -7 8 -9 -10 10 -12 12 -14 -15
leaf_value=0.026762035564106963 -0.011177530965274022 -0.020211361542654314 0.014803657644923642 -0.013556473522983054 0.018603302752894766 -0.0001275456393494015 0.0093269380405668761 0.018452866701196492 0.012831329854381806 0.0095318001355778753 -0.03450941247891947 -0.013568859956894542 0.027413668876599236 0.00015920157414393561
leaf_weight=63.430267989635468 1414.1556346341968 74.627582840621471 156.54116798192263 489.69012057036161 409.2714224755764 30315.793757803738 1061.7669204436243 234.75879868492484 1349.2806004062295 51.672188565135002 267.97575530409813 426.50835761427879 48.229592368006706 9264.4691474549472
leaf_count=334 6219 340 849 2161 1845 133128 5386 1394 6550 228 1146 2007 252 51120
internal_value=8.89295e-05 -0.000547784 -0.00851088 -0.000145452 0.0123292 -0.000345345 0.00172673 -0.00621266 0.00247436 -0.0130977 -0.0273168 -0.00430797 -0.00892572 0.00110996
internal_weight=45628.2 32860.1 1570.7 31289.4 483.899 30805.5 12768.1 1092.57 11675.5 857.816 319.648 538.168 474.738 10326.2
internal_count=212959 144542 7068 137474 2185 135289 68417 5361 63056 3967 1374 2593 2259 56506
is_linear=0
shrinkage=0.03


Tree=221
num_leaves=15
num_cat=0
split_feature=57 242 249 229 244 249 119 249 249 178 140 240 62 120
split_gain=58.5731 54.9375 59.2394 71.0754 64.6802 115.879 74.697 59.0515 57.6031 53.0644 148.604 72.6092 62.2763 64.5799
threshold=70.500000000000014 0.025361110456287864 0.82323232293128978 44.500000000000007 0.032994924113154418 0.66161617636680614 99.500000000000014 0.015151515137404205 0.035353535786271102 11.500000000000002 88.500000000000014 -0.041904874145984643 21.500000000000004 98.500000000000014
decision_type=10 8 2 10 2 2 10 2 2 8 10 10 8 10
left_child=9 2 3 4 5 7 -6 -2 -5 10 -1 -12 -11 -14
right_child=1 -3 -4 8 6 -7 -8 -9 -10 12 11 -13 13 -15
leaf_value=-0.0021165647749516164 0.0041953766190772806 0.0038383691321371587 0.01137345110148939 0.012758023441329015 -0.0060130132332439842 0.020749082995378258 -0.033020079378623779 -0.0039476762368308447 0.0013949069582423427 0.0042142386563534867 0.0021380722178141777 -0.029439809422593458 -0.001154839963881452 0.0048251477794513265
leaf_weight=6108.5929573215544 996.83869845792651 5572.3824278563261 384.33062727749348 489.03364937007427 398.03891329839826 194.50055147707462 112.5894741602242 3938.9725704453886 2071.0254256799817 2596.7357758916914 84.328680790960789 265.12348587065935 20658.848350618035 1754.1925186812878
leaf_count=29000 4486 29316 2263 2107 1837 982 635 17713 9422 11718 563 1266 92290 9409
internal_value=-8.02315e-05 0.00152164 1.52366e-05 -0.000530257 -0.00241083 -0.00138552 -0.0124877 -0.00229794 0.00360673 -0.000801187 -0.00322328 -0.0219721 -0.000174714 -0.000684864
internal_weight=45625.5 14157.7 8585.33 8201 5640.94 5130.31 510.628 4935.81 2560.06 31467.8 6458.05 349.452 25009.8 22413
internal_count=213007 68761 39445 37182 25653 23181 2472 22199 11529 144246 30829 1829 113417 101699
is_linear=0
shrinkage=0.03


Tree=222
num_leaves=15
num_cat=0
split_feature=194 245 245 245 224 243 229 249 145 120 52 243 243 104
split_gain=49.161 61.0052 63.4043 77.4917 59.5822 102.328 135.903 71.0081 61.2493 59.4709 61.6735 79.3489 52.6782 168.822
threshold=30.500000000000004 -0.091631781309843049 -0.085616555064916597 -0.076012752950191484 6.5000000000000009 -0.034188890829682343 5.5000000000000009 0.85353535413742077 62.500000000000007 74.500000000000014 12.500000000000002 -0.032921258360147469 -0.044666858389973634 37.500000000000007
decision_type=10 2 2 2 10 2 10 2 10 10 10 2 2 8
left_child=1 -1 9 -4 5 6 7 8 -2 -3 11 -11 13 -5
right_child=4 2 3 12 -6 -7 -8 -9 -10 10 -12 -13 -14 -15
leaf_value=0.0043181613772993212 0.0085315652377504179 -0.013581689775692395 0.0065703313608115026 -0.011166344061985306 -0.00045340476325502675 0.004960090186894397 -0.029148090357425039 0.02209543128169391 -0.010018756954405883 0.0020059982233202726 0.010504103494909199 -0.030484333962049907 0.00068202430538337813 0.007572983985840903
leaf_weight=4110.6227700710297 179.96596115082502 547.21657530963421 1822.1770086139441 1229.2730428799987 20202.531019873917 587.64504004269838 257.61646594107151 68.840202618390322 1078.3903429880738 193.93476967513561 266.0051324442029 92.978004716336727 14357.822259321809 656.21240445971489
leaf_count=24501 853 2524 8702 5346 91622 2765 1144 563 5881 980 1314 415 63380 3109
internal_value=4.15389e-05 0.00100656 0.000294405 0.000721656 -0.00096235 -0.00567147 -0.00962001 -0.00563986 -0.0073194 -0.00666485 0.000300334 -0.00919503 6.19117e-05 -0.00463888
internal_weight=45651.2 23276.2 19165.6 18065.5 22375 2172.46 1584.81 1327.2 1258.36 1100.13 552.918 286.913 16243.3 1885.49
internal_count=213099 110271 85770 80537 102828 11206 8441 7297 6734 5233 2709 1395 71835 8455
is_linear=0
shrinkage=0.03


Tree=223
num_leaves=15
num_cat=0
split_feature=141 226 249 140 148 249 228 27 245 145 228 246 245 140
split_gain=45.4146 48.4342 100.106 87.931 110.927 84.2809 83.6754 121.023 84.0877 140.89 72.9833 70.6871 69.4832 60.792
threshold=1.5000000000000002 2.5000000000000004 0.65151515603065502 88.500000000000014 12.500000000000002 0.58080807328224193 5.5000000000000009 14.500000000000002 -0.099457733333110795 68.500000000000014 7.5000000000000009 0.067245237529277815 -0.080312281847000108 17.500000000000004
decision_type=8 8 2 10 10 2 10 10 2 8 10 2 2 10
left_child=-1 2 3 5 -5 6 8 -8 11 12 -9 -2 -10 -3
right_child=1 13 -4 4 -6 -7 7 10 9 -11 -12 -13 -14 -15
leaf_value=0.010456044713001964 0.010836167680498221 -0.002149959208083856 0.014067053832260864 -0.035451271056090972 0.0026061081323339036 -0.017882495916069552 0.018323661023607045 0.019281979707768383 -0.0095809907169422739 -0.013289671130854348 -0.0046320002514957494 -0.03189202565594014 0.017448646627331518 0.00036971730961095166
leaf_weight=361.70159231126308 554.53205781802535 12274.655568968505 617.53259102255106 119.4760055616498 144.6931108571589 164.0971051082015 651.3945092856884 134.71002567559481 117.41066271066666 732.24108689278364 546.82747019082308 27.561118122190237 261.17512150108814 28864.525825150311
leaf_count=1577 4220 56023 3778 535 882 1045 3569 677 542 3342 2589 250 1229 132448
internal_value=1.25973e-05 -7.32475e-05 0.00304381 0.00103814 -0.0152714 0.00243229 0.00358927 0.00918158 -0.000841941 -0.00566833 0.00030522 0.0083086 0.00903512 -0.000382416
internal_weight=45572.5 45210.8 4071.65 3454.12 264.169 3189.95 3025.85 1332.93 1692.92 1110.83 681.537 582.093 378.586 41139.2
internal_count=212706 211129 22658 18880 1417 17463 16418 6835 9583 5113 3266 4470 1771 188471
is_linear=0
shrinkage=0.03


Tree=224
num_leaves=15
num_cat=0
split_feature=138 237 230 47 243 229 226 233 243 135 226 243 226 248
split_gain=53.6309 65.1278 50.4316 77.4078 81.6134 72.4968 70.0556 67.4068 75.9816 69.3326 72.5175 140.144 114.212 127.985
threshold=80.500000000000014 0.1597266420722008 80.500000000000014 77.500000000000014 -0.032071664929389947 78.500000000000014 95.500000000000014 16.500000000000004 -0.051831860095262521 78.500000000000014 41.500000000000007 -0.087426684796810136 49.500000000000007 0.82323232293128978
decision_type=8 2 8 8 2 10 10 10 2 10 8 2 10 2
left_child=2 -2 5 4 6 7 -4 8 -1 10 -9 -12 -13 -14
right_child=1 -3 3 -5 -6 -7 -8 9 -10 -11 11 12 13 -15
leaf_value=0.0061148171911887027 -0.0033899541275818276 0.0062686755503817389 -0.020938411113572458 0.0069120885927480766 0.0021591335930919945 -0.008240476263901772 0.0039679180561818534 -0.00035050522360323655 -0.0036872575771773556 0.011607397458658303 -0.021614623493605972 0.0093231019227596017 0.00040393300678235775 0.016177602728540956
leaf_weight=808.46534160524607 5920.4169535003603 693.52516864985228 279.51864776015282 2605.2318188920617 1750.6863438338041 893.1587640196085 152.32702893018723 17143.28681428358 5483.6059517711401 536.06707043200731 194.82904917001724 2257.3665509223938 6362.8434465751052 489.32861275225878
leaf_count=4094 28020 3963 1215 13304 7732 3917 787 82553 24266 2384 957 9746 27470 2373
internal_value=0.000126423 -0.00236923 0.000550627 0.00343083 -0.000737231 0.000146166 -0.0122621 0.000373681 -0.00242009 0.00102579 0.000807003 0.0029378 0.00348604 0.0015523
internal_weight=45570.7 6613.94 38956.7 4787.76 2182.53 34169 431.846 33275.8 6292.07 26983.7 26447.7 9304.37 9109.54 6852.17
internal_count=212781 31983 180798 23038 9734 157760 2002 153843 28360 125483 123099 40546 39589 29843
is_linear=0
shrinkage=0.03


Tree=225
num_leaves=15
num_cat=0
split_feature=129 245 243 249 193 245 131 178 67 80 226 243 245 249
split_gain=53.251 69.3281 64.8773 88.5587 60.0348 70.5734 64.7977 63.2748 66.8222 62.519 72.2703 113.137 158.75 130.734
threshold=60.500000000000007 -0.045770712196826928 -0.049659393727779381 0.44949495792388922 74.500000000000014 -0.11150914430618285 97.500000000000014 53.500000000000007 23.500000000000004 37.500000000000007 3.5000000000000004 -0.046565869823098176 -0.096813648939132677 0.04545454494655133
decision_type=10 2 2 2 10 2 10 10 8 10 10 2 2 2
left_child=1 4 3 -3 7 6 -6 8 9 10 11 12 -1 -14
right_child=-2 2 -4 -5 5 -7 -8 -9 -10 -11 -12 -13 13 -15
leaf_value=0.0082819316465990306 0.0036095393665021278 -0.032315735487150957 -0.0019601050225568563 0.010332496058835371 0.017709817544742559 0.0020203650317943815 -0.012412418528155562 -0.0029127110535512686 0.0030874288851541285 -0.010738014164370967 -0.0017791065442912088 0.011125198466812061 -0.029813072130247024 -0.0028898125012860824
leaf_weight=769.07705810293555 3304.2778258062899 129.84205650538206 12054.436534769833 58.031262338161469 440.53714802488685 6419.121660888195 67.676984652876854 6116.5652573183179 6315.7534853816032 530.98846665024757 7517.9309158287942 1129.6904787309468 220.76459600031376 555.87191891670227
leaf_count=6477 16210 548 51894 285 2921 29622 443 27558 29988 2424 35232 5864 984 2716
internal_value=-5.25195e-05 -0.00033919 -0.00224151 -0.0192859 0.000435426 0.00288352 0.0135364 -0.000297853 0.000641913 -0.000799832 -0.000272118 0.0039534 -0.00132595 -0.0108247
internal_weight=45630.6 42326.3 12242.3 187.873 30084 6927.34 508.214 23156.6 17040.1 10724.3 10193.3 2675.4 1545.71 776.637
internal_count=213166 196956 52727 833 144229 32986 3364 111243 83685 53697 51273 16041 10177 3700
is_linear=0
shrinkage=0.03


Tree=226
num_leaves=15
num_cat=0
split_feature=226 226 231 248 231 6 122 231 231 226 147 231 231 62
split_gain=50.0998 52.7832 127.429 121.568 165.554 108.042 98.0942 83.9464 76.7954 67.2937 91.8926 85.0287 142.442 120.841
threshold=99.500000000000014 81.500000000000014 24.500000000000004 0.68181815743446361 34.500000000000007 38.500000000000007 56.500000000000007 39.500000000000007 48.500000000000007 12.500000000000002 18.500000000000004 88.500000000000014 38.500000000000007 1.0000000180025095e-35
decision_type=10 10 10 2 10 10 10 10 10 8 10 10 10 8
left_child=1 9 5 6 -5 -3 8 -8 -4 10 -1 12 13 -12
right_child=-2 2 3 4 -6 -7 7 -9 -10 -11 11 -13 -14 -15
leaf_value=0.0071512916200958711 -0.0082912529841065834 0.020991841072371453 -7.5034797319027555e-06 -0.028677652443152346 0.016071335846904573 0.0042409716194203254 -0.0084775658113488417 0.0035848503593431443 -0.014624126303429272 -0.0010827298157100236 -0.022426849901694169 -0.0039269162459442484 0.0061764175925817745 -0.00081911156719022098
leaf_weight=2222.9886201545596 640.19469378888607 527.15665800496936 563.13303447514772 74.138088807463646 684.48297834768891 996.05297211557627 633.86588114500046 2675.7261122465134 750.28925306349993 28276.578229390085 279.55022572726011 2787.9703637734056 3247.1126168072224 1195.6071053221822
leaf_count=12276 3073 2420 2426 321 4006 4620 2816 12808 3220 126698 1275 15076 16413 5416
internal_value=-2.33217e-05 9.63453e-05 0.0025073 0.000332929 0.0113819 0.0101373 -0.00150083 0.00125603 -0.00840462 -0.000342172 0.00180817 0.000219231 0.00267019 -0.00503733
internal_weight=45554.8 44914.7 6904.84 5381.64 758.621 1523.21 4623.01 3309.59 1313.42 38009.8 9733.23 7510.24 4722.27 1475.16
internal_count=212864 209791 32637 25597 4327 7040 21270 15624 5646 177154 50456 38180 23104 6691
is_linear=0
shrinkage=0.03


Tree=227
num_leaves=15
num_cat=0
split_feature=233 230 229 39 140 246 245 248 226 230 222 245 243 248
split_gain=41.3064 78.9385 98.5786 140.129 104.087 80.5972 75.8485 98.2162 95.1043 148.482 131.986 140.201 103.631 99.4882
threshold=53.500000000000007 24.500000000000004 25.500000000000004 14.500000000000002 89.500000000000014 0.0064658261835575112 -0.11150914430618285 0.77272728085517894 28.500000000000004 51.500000000000007 35.500000000000007 -0.092124599963426576 -0.042233845219016068 0.90404042601585399
decision_type=10 10 10 10 8 2 2 2 8 10 10 2 2 2
left_child=6 2 4 -4 -2 -3 -1 -8 13 10 11 -10 -11 -9
right_child=1 5 3 -5 -6 -7 7 8 9 12 -12 -13 -14 -15
leaf_value=0.0061639378038379471 0.001265539860654864 0.012856434288905358 -0.021425631355568919 -0.002363011495645711 -0.013317890596695473 0.0021544478165606948 -0.00055652709476754756 -0.015474000271360764 0.018107199669200932 0.0094913166345037998 0.036182667290013307 -0.0094769352725647248 -0.018641806196967967 0.021476113003557059
leaf_weight=1307.6132570616901 8405.5114248171449 669.88919570297003 451.48626785725355 1412.2502769678831 454.81500428542495 9396.0824105888605 20944.322425074875 1060.0358817875385 272.66342843323946 146.79632845520973 109.88972881436348 391.52175721526146 495.62869480997324 61.318825982511044
leaf_count=8926 42448 2888 1972 6438 2450 41639 94647 4809 1220 738 497 1687 2306 310
internal_value=-1.39384e-05 0.000971981 -0.00081876 -0.00707059 0.000502779 0.00287872 -0.000840842 -0.00123336 -0.00679502 -0.00160298 0.00720719 0.00194761 -0.0121663 -0.0132815
internal_weight=45579.8 20790 10724.1 1863.74 8860.33 10066 24789.8 23482.2 2537.85 1416.5 774.075 664.185 642.425 1121.35
internal_count=212975 97835 53308 8410 44898 44527 115140 106214 11567 6448 3404 2907 3044 5119
is_linear=0
shrinkage=0.03


Tree=228
num_leaves=15
num_cat=0
split_feature=226 230 226 231 248 231 222 180 230 244 226 192 231 226
split_gain=46.8489 51.9111 124.469 151.192 139.268 137.192 98.1734 72.5156 66.3171 104.685 85.582 62.355 60.2884 59.9962
threshold=99.500000000000014 80.500000000000014 66.500000000000014 25.500000000000004 0.27777777612209326 59.500000000000007 19.500000000000004 11.500000000000002 78.500000000000014 0.0058110107202082881 84.500000000000014 86.500000000000014 5.5000000000000009 84.500000000000014
decision_type=10 10 10 10 2 10 10 10 10 2 10 8 10 10
left_child=1 8 -3 4 -4 6 13 -8 -1 -10 -11 -7 -6 -5
right_child=-2 2 3 5 12 11 7 -9 9 10 -12 -13 -14 -15
leaf_value=-1.3087672978904412e-05 -0.0078134861077357454 -0.010764724273369468 0.0029904532501600599 -0.0015763440041149808 0.0016194063755449466 0.0010465994929478918 0.017360250630113143 -0.0036265257862112591 -0.02798312408032131 0.0076508179678426054 -0.018764332788546067 0.010313525971607665 0.026714605033105229 -0.030544308981242784
leaf_weight=37883.156518463045 649.48341475427151 553.05453059822321 631.97103191167116 99.352942556142807 103.65857071056962 1227.5357543975115 153.35944613814354 1591.9384440407157 186.16306366026402 300.48641107976437 161.39101944863796 1393.5500820055604 542.66804502159357 178.75050595402718
leaf_count=176773 3105 2435 2770 451 580 5823 719 6948 774 1368 692 7571 2575 780
internal_value=0.000124556 0.000240817 0.00272388 0.00399943 0.0130934 0.00147376 -0.00438238 -0.00169402 -0.000177103 -0.00961919 -0.00178132 0.00599401 0.0227758 -0.0206094
internal_weight=45656.5 45007 6475.84 5922.78 1278.3 4644.49 2023.4 1745.3 38531.2 648.04 461.877 2621.09 646.327 278.103
internal_count=213364 210259 30652 28217 5925 22292 8898 7667 179607 2834 2060 13394 3155 1231
is_linear=0
shrinkage=0.03


Tree=229
num_leaves=15
num_cat=0
split_feature=238 148 106 224 224 243 245 119 110 52 225 116 108 28
split_gain=51.1545 54.6445 76.2551 60.349 83.9571 66.7538 65.9412 55.6914 58.9936 96.6443 55.3175 63.0896 52.6051 50.6855
threshold=-0.10774684697389601 12.500000000000002 88.500000000000014 4.5000000000000009 12.500000000000002 -0.037436131387948983 -0.063123926520347581 15.500000000000002 23.500000000000004 79.500000000000014 26.500000000000004 39.500000000000007 4.5000000000000009 11.500000000000002
decision_type=10 8 10 10 10 2 2 8 10 10 10 10 10 8
left_child=1 2 3 5 -5 6 -1 12 9 13 -6 -12 -3 -9
right_child=-2 7 -4 4 10 -7 -8 8 -10 -11 11 -13 -14 -15
leaf_value=0.0034906056529034244 -0.00076781486276923465 -0.027600566451437221 -0.021500515961928267 -0.011034565013931564 -0.0033126159518251995 0.019374310285289461 -0.030731424913635029 -0.001586968751618617 0.0050265791707405525 -0.011392273663655162 0.013302510485079282 -0.0066695335847970069 -0.0029112533026856399 0.0031337473794209123
leaf_weight=666.34341638162732 25027.465600796044 76.918598636984825 161.2211707085371 850.39966677874327 1339.2311465926468 225.74991694092751 44.787200309336185 2864.6412351019681 5193.7567118853331 517.97416772320867 456.7380708605051 197.52346247062087 765.0446248203516 7116.5356436148286
leaf_count=4842 109331 341 796 4097 6307 1155 201 15612 26517 2434 2126 952 3356 34657
internal_value=0.000141889 0.00125359 -0.00191691 -0.0010273 -0.00320226 0.00553887 0.000939025 0.00201015 0.0024144 0.00111864 0.0001773 0.00726326 -0.00546427 0.00177865
internal_weight=45504.3 20476.9 3941.99 3780.77 2843.89 936.881 711.131 16534.9 15692.9 10499.2 1993.49 654.262 841.963 9981.18
internal_count=212724 103393 20476 19680 13482 6198 5043 82917 79220 52703 9385 3078 3697 50269
is_linear=0
shrinkage=0.03


Tree=230
num_leaves=15
num_cat=0
split_feature=245 209 228 229 204 245 68 140 139 229 245 145 230 125
split_gain=45.5022 41.7738 46.5582 52.6156 41.8478 39.8501 57.3068 118.449 107.799 75.8184 71.3993 61.1654 112.488 80.9887
threshold=-0.20590560883283612 52.500000000000007 93.500000000000014 69.500000000000014 16.500000000000004 -0.045770712196826928 17.500000000000004 89.500000000000014 37.500000000000007 4.5000000000000009 -0.08984059095382689 16.500000000000004 36.500000000000007 32.500000000000007
decision_type=2 10 10 10 10 2 8 10 8 10 2 8 8 10
left_child=-1 5 3 4 -3 6 7 -2 -8 -9 -11 12 -10 -14
right_child=1 2 -4 -5 -6 -7 8 9 11 10 -12 -13 13 -15
leaf_value=0.014424176783948549 -0.00024777518876338772 0.0023269673028047688 -0.018588393253362218 0.0046792322049756608 -0.0045734624016584317 -0.0011588912452529989 0.0051579362930936146 0.00069818490005499941 0.012108175260951794 -0.0017473801795550401 -0.035098748268649289 0.00095931185322218877 -0.019275533752059985 -0.002208471181159309
leaf_weight=184.10496475175023 9188.1997864358127 977.96386800706387 146.98840052634478 885.82397818565369 4012.2304211966693 12719.180271998048 5999.0383811108768 153.53260473161936 237.51316235214472 82.642121233046055 190.74290438741446 9931.1858393698931 478.50386546552181 519.06180524080992
leaf_count=2590 45838 4385 706 4198 17499 55598 29120 797 996 452 827 46405 2048 2213
internal_value=-7.00887e-05 -0.000131862 -0.00245698 -0.00202255 -0.00321919 0.00022321 0.000879817 -0.000973766 0.00191806 -0.0162354 -0.0254343 0.000174391 -0.00609412 -0.0105051
internal_weight=45706.7 45522.6 6023.01 5876.02 4990.19 39499.6 26780.4 9615.12 17165.3 426.918 273.385 11166.3 1235.08 997.566
internal_count=213672 211082 26788 26082 21884 184294 128696 47914 80782 2076 1279 51662 5257 4261
is_linear=0
shrinkage=0.03


Tree=231
num_leaves=15
num_cat=0
split_feature=234 77 103 140 176 246 120 24 120 138 165 233 77 104
split_gain=47.6512 45.9313 61.596 50.3604 73.5638 51.973 63.7713 49.8745 49.6811 67.6636 43.033 40.9808 40.965 39.0257
threshold=84.500000000000014 1.5000000000000002 3.5000000000000004 10.500000000000002 9.5000000000000018 0.036651412025094039 52.500000000000007 5.5000000000000009 17.500000000000004 78.500000000000014 69.500000000000014 38.500000000000007 9.5000000000000018 6.5000000000000009
decision_type=10 8 8 10 10 2 8 8 10 10 10 10 10 10
left_child=1 10 11 4 5 6 -4 -8 13 -10 -1 12 -3 -5
right_child=-2 2 3 8 -6 -7 7 -9 9 -11 -12 -13 -14 -15
leaf_value=-0.012400303894924488 0.0029015278083191873 -0.0059118786836292389 0.0072117068089119583 -0.0085597154495447546 -0.0048550475995182687 0.0069598187930190875 0.0016107968491284555 -0.0086490553473794699 0.00022720991426108481 -0.0042841220714987041 -0.0014351129446474207 0.0065735562770210801 0.0047446582955450959 0.0036850724456397119
leaf_weight=522.90805143117905 4563.7830568403006 609.81432288885117 566.13015027344227 238.68151036649942 4955.7759485989809 918.0326641947031 735.70668755099177 995.52709630131721 20306.045565564185 3499.1227917261422 822.07472519949079 1936.4650782309473 671.80065969377756 4215.585463181138
leaf_count=2385 22558 2892 2479 1020 21733 5552 3846 4873 94035 16002 4391 9872 3168 18170
internal_value=-2.87564e-06 -0.000326849 -0.000141196 -0.000493008 -0.00256576 0.000966747 -0.00144788 -0.00430481 0.000107022 -0.000437431 -0.00575826 0.00383071 -0.000332418 0.00301123
internal_weight=45557.5 40993.7 39648.7 36430.6 8171.17 3215.4 2297.36 1731.23 28259.4 23805.2 1344.98 3218.08 1281.61 4454.27
internal_count=212976 190418 183642 167710 38483 16750 11198 8719 129227 110037 6776 15932 6060 19190
is_linear=0
shrinkage=0.03


Tree=232
num_leaves=15
num_cat=0
split_feature=245 224 222 222 230 228 244 224 244 229 228 238 144 228
split_gain=49.1268 85.1549 88.442 82.1164 100.326 140.886 107.009 96.961 88.6714 81.8652 93.7316 76.5571 75.0024 106.743
threshold=-0.044325016438961022 98.500000000000014 97.500000000000014 43.500000000000007 14.500000000000002 9.5000000000000018 0.076033089309930815 90.500000000000014 0.1067665070295334 69.500000000000014 55.500000000000007 -0.29032944142818445 67.500000000000014 93.500000000000014
decision_type=2 10 10 10 8 10 2 10 2 8 10 10 8 10
left_child=1 3 -3 7 5 -5 -7 11 -8 -9 -11 -1 -6 -14
right_child=-2 2 -4 4 12 6 8 9 -10 10 -12 -13 13 -15
leaf_value=0.012857781506930677 -0.0016015423767012057 -0.024320677097851295 0.012267972745041711 -0.012706407415687638 -0.00083068824576101213 0.022185509451628307 -0.041939100151245808 0.035116597781697845 0.011612697004209954 -0.02382334709095655 0.014787795974606527 -0.00048204063963566658 0.0082270293119226894 -0.01497954005364481
leaf_weight=383.31711451336741 13260.102529644966 222.7707921937108 72.896830007433891 154.83661887794733 3129.2455239072442 678.94445436447859 36.655887931585312 111.72208002954721 61.151979893445969 65.228453636169434 221.56043650209904 24876.327084966004 2112.4095977060497 185.62851770222187
leaf_count=3956 57709 1111 400 805 14491 3453 187 556 360 280 1315 117290 10220 926
internal_value=-6.46442e-05 0.00056635 -0.0151935 0.000716586 0.0037656 0.0128078 0.0179906 -4.02248e-05 -0.0104857 0.0144587 0.00549911 -0.0002746 0.00219282 0.00629569
internal_weight=45572.8 32312.7 295.668 32017 6358.87 931.589 776.752 25658.2 97.8079 398.511 286.789 25259.6 5427.28 2298.04
internal_count=213059 155350 1511 153839 30442 4805 4000 123397 547 2151 1595 121246 25637 11146
is_linear=0
shrinkage=0.03


Tree=233
num_leaves=15
num_cat=0
split_feature=226 243 101 246 56 10 140 140 81 243 243 243 8 67
split_gain=44.6014 47.4419 46.5902 68.738 56.6616 77.1352 125.702 81.7032 63.9627 59.7132 59.4225 66.9564 70.823 68.3676
threshold=99.500000000000014 -0.12490127235651015 5.5000000000000009 0.010098729282617571 35.500000000000007 59.500000000000007 90.500000000000014 22.500000000000004 50.500000000000007 -0.021675557829439637 -0.044666858389973634 -0.04822121933102607 38.500000000000007 19.500000000000004
decision_type=10 2 8 2 8 10 10 10 8 2 2 2 10 10
left_child=1 -1 3 -3 5 6 10 -7 9 -6 11 12 13 -4
right_child=-2 2 4 -5 8 7 -8 -9 -10 -11 -12 -13 -14 -15
leaf_value=0.012490706522519908 -0.0077291917490975295 0.0061593960901503457 0.0021384192019236184 -0.0032891164470340091 -0.00052407639666680894 -0.0074851180685090541 -0.014182647094984105 0.00116871960800593 0.0011299451980929592 -0.0051049001951374304 0.0057867135141227025 -0.010235723018860735 -0.0054515132194445934 0.015609183513247001
leaf_weight=267.97794141620398 648.4806639328599 772.67004551924765 1255.9830692410469 6078.3031672090292 7825.863243162632 1305.6572101935744 338.46355199068785 3862.6881503686309 11502.727307040244 3798.9049893990159 6384.4382864609361 427.32765798270702 702.52339947596192 456.57574824243784
leaf_count=2551 3089 3524 7231 29351 35404 5671 1643 17950 53825 16218 29189 1963 3337 2424
internal_value=2.20119e-05 0.000135455 5.86281e-05 -0.00221607 0.00047071 0.0019241 0.00351843 -0.0010277 -0.000455621 -0.00202416 0.0041824 0.000571227 0.00251774 0.00579955
internal_weight=45628.6 44980.1 44712.1 6850.97 37861.2 14733.7 9565.31 5168.35 23127.5 11624.8 9226.85 2842.41 2415.08 1712.56
internal_count=213370 210281 207730 32875 174855 69408 45787 23621 105447 51622 44144 14955 12992 9655
is_linear=0
shrinkage=0.03


Tree=234
num_leaves=15
num_cat=0
split_feature=66 29 28 10 7 242 242 61 10 193 227 242 8 137
split_gain=45.8049 53.3704 52.6944 53.4842 41.6725 36.849 35.3595 73.3392 40.2435 52.004 38.5432 43.1365 38.2812 34.8068
threshold=15.500000000000002 inf 73.500000000000014 92.500000000000014 63.500000000000007 0.01030772738158703 0.022114173509180549 28.500000000000004 7.5000000000000009 53.500000000000007 75.500000000000014 0.031183547340333465 75.500000000000014 90.500000000000014
decision_type=10 8 10 10 10 10 10 8 8 10 10 10 10 10
left_child=2 5 3 6 -4 -2 7 -1 -8 10 11 -10 -13 -7
right_child=1 -3 4 -5 -6 13 8 -9 9 -11 -12 12 -14 -15
leaf_value=-0.0081172353637176432 -0.0095674953114251449 0.0085209517790639493 -0.00028147179970778392 -0.012789891385383978 -0.013463147084802854 0.00065010617952553779 0.0040172633754523941 0.0042884163517645929 -0.010652980294455487 0.0021052234654162457 0.0047230766003208387 -0.0039296851040812788 0.020978240883365768 -0.0021257478921178777
leaf_weight=518.92149785161018 334.65832792967558 696.46916764974594 335.80412812530994 335.35459157079458 596.45025330036879 31224.442864459008 745.64685356616974 2264.5351905450225 1299.1400999054313 1053.979930691421 280.46160006523132 1167.5867214016616 48.417309209704399 4663.9844444617629
leaf_count=2239 1476 4174 1435 1402 2561 144843 3397 10597 5531 4606 1263 5721 220 23587
internal_value=-0.00010591 0.00035452 -0.00207008 -0.00125027 -0.0087684 0.000195194 -0.000709206 0.00195484 -0.00232363 -0.00355906 -0.00569447 -0.00687022 -0.00277491 0.00028887
internal_weight=45565.9 36919.6 8646.3 7714.04 932.254 36223.1 7378.69 2783.46 4595.23 3849.59 2795.61 2515.14 1216 35888.4
internal_count=213052 174080 38972 34976 3996 169906 33574 12836 20738 17341 12735 11472 5941 168430
is_linear=0
shrinkage=0.03


Tree=235
num_leaves=15
num_cat=0
split_feature=242 37 226 226 248 231 224 191 231 248 243 62 249 249
split_gain=47.0276 64.9886 59.0623 51.6351 117.615 138.919 132.932 90.7921 73.5239 128.916 125.299 87.9601 83.3848 82.7217
threshold=0.043599063530564315 12.500000000000002 99.500000000000014 81.500000000000014 0.82323232293128978 24.500000000000004 87.500000000000014 77.500000000000014 73.500000000000014 0.48989899456501013 -0.044831367209553712 37.500000000000007 0.075757574290037169 0.015151515137404205
decision_type=8 8 8 10 2 10 10 10 10 2 2 10 2 2
left_child=2 -2 3 -1 5 6 7 -5 10 12 11 -7 -10 -11
right_child=1 -3 -4 4 -6 8 -8 -9 9 13 -12 -13 -14 -15
leaf_value=-0.00066772600097932827 0.01340199418836603 0.0015671327023676969 -0.0079220604346575789 0.018534989201292131 0.027458668533520737 0.017278552653852083 -0.015845286920559826 0.00077185667855658952 -0.018712409696261326 -0.016466462565634717 -0.0010988129025426821 -0.022721489296101242 0.0012725863928868713 0.015555050467754997
leaf_weight=34856.225389856845 482.85256931185722 2759.6334771513939 903.88958599045873 860.12269341945648 152.46385426074266 48.822477549314499 151.09595419466496 369.98426737636328 227.09368577599525 72.049764096736908 2500.6184884756804 402.75067190080881 900.35356394201517 759.19108032435179
leaf_count=159424 3225 15326 4321 3812 968 216 684 1760 968 305 10980 1803 4240 4535
internal_value=-0.000110674 0.0033653 -0.000378459 -0.000211486 0.00225336 0.00160001 0.00996864 0.0132416 -0.000769171 0.00372616 -0.00375419 -0.0181162 -0.00288197 0.0126168
internal_weight=45447.1 3242.49 42204.7 41300.8 6444.55 6292.08 1381.2 1230.11 4910.88 1958.69 2952.19 451.573 1127.45 831.241
internal_count=212567 18551 194016 189695 30271 29303 6256 5572 23047 10048 12999 2019 5208 4840
is_linear=0
shrinkage=0.03


Tree=236
num_leaves=15
num_cat=0
split_feature=242 231 244 137 244 248 105 70 231 248 226 178 148 248
split_gain=45.8234 46.9108 114.641 108.596 101.357 84.6759 78.2201 77.8062 84.9283 174.741 188.335 108.918 77.6959 75.9553
threshold=0.01030772738158703 91.500000000000014 0.0040039366576820621 23.500000000000004 0.030413470230996612 0.8636363446712495 4.5000000000000009 9.5000000000000018 75.500000000000014 0.59090909361839306 36.500000000000007 8.5000000000000018 9.5000000000000018 0.65151515603065502
decision_type=8 10 2 8 2 2 8 8 10 2 10 10 8 2
left_child=-1 7 -3 5 6 -4 -5 -2 13 12 11 -11 -10 -9
right_child=1 2 3 4 -6 -7 -8 8 9 10 -12 -13 -14 -15
leaf_value=-0.010254707459028093 0.0033103784721750006 0.015991788179856234 -0.012740615975305068 0.020453616215627742 -0.0050506606931044499 0.01045921629232657 0.0019522520070892663 2.3508647576767698e-05 -0.014243253585165689 -0.0081131939582016512 0.020582854809956069 0.0099247447293335529 0.00060506418294663169 -0.0038330488694244694
leaf_weight=376.14649039506912 7240.8575810045004 283.16321244835854 1309.912817761302 223.19081094115973 2361.0927088931203 151.05815799161792 1768.1072422638535 20388.981311846524 342.59520734101534 509.18430484831333 875.66961693763733 708.80861499533057 3149.9726442284882 5923.8304757066071
leaf_count=1650 34281 1480 6412 1388 13225 903 8831 91228 1564 2798 4570 3657 14845 26648
internal_value=3.59682e-05 0.000123784 -0.00232185 -0.00323982 -0.000856108 -0.0102871 0.00411778 0.000505218 -0.000132372 0.00322382 0.0100545 0.00237929 -0.000887953 -0.000845848
internal_weight=45612.6 45236.4 6096.52 5813.36 4352.39 1460.97 1991.3 39139.9 31899 5586.23 2093.66 1217.99 3492.57 26312.8
internal_count=213480 211830 32239 30759 23444 7315 10219 179591 145310 27434 11025 6455 16409 117876
is_linear=0
shrinkage=0.03


Tree=237
num_leaves=15
num_cat=0
split_feature=226 244 226 229 122 224 249 222 224 244 228 244 224 244
split_gain=42.3999 67.2901 43.9798 104.405 100.045 79.5949 78.468 60.263 118.404 78.5404 84.5487 97.0277 94.4097 62.2089
threshold=99.500000000000014 0.088909499347209944 81.500000000000014 60.500000000000007 50.500000000000007 62.500000000000007 1.0000000180025095e-35 13.500000000000002 20.500000000000004 0.014663228765130045 20.500000000000004 0.0090026636607944983 35.500000000000007 0.026696330867707733
decision_type=8 2 10 10 10 10 2 10 10 2 10 2 10 2
left_child=2 -2 -1 5 -5 7 -6 -4 -9 10 -10 -12 -13 -11
right_child=1 -3 3 4 6 -7 -8 8 9 13 11 12 -14 -15
leaf_value=-0.00012259706873951157 -0.0071362432394504027 0.012101583838300203 0.020014464895486268 -0.0069959268717978444 -0.02253554118133131 0.029184250631543406 0.0034077105664178961 0.027490476969615599 -0.027935122303384508 0.024363263914533102 0.01165145336891626 0.012151628098324013 -0.030013121778534241 -0.0084897049628260262
leaf_weight=37144.907481811941 1331.6156456135213 177.17537057027221 246.57699823379517 1192.7738376110792 97.690665751695633 160.8188842907548 4259.1211641319096 145.02603916823864 124.17065615952015 146.83467453718185 245.375114351511 65.593333572149277 130.65465243160725 71.302727371454239
leaf_count=171891 7182 1313 1131 5210 410 710 21112 650 539 664 1065 298 538 348
internal_value=0.000115917 -0.00481237 0.000285847 0.00248611 0.000666694 0.00998066 0.00277572 0.00712951 0.00353267 -0.00118992 -0.00707803 -0.000724967 -0.0160142 0.0137232
internal_weight=45539.6 1508.79 44030.8 6885.94 5549.59 1336.35 4356.81 1175.53 928.957 783.931 565.794 441.623 196.248 218.137
internal_count=213061 8495 204566 32675 26732 5943 21522 5233 4102 3452 2440 1901 836 1012
is_linear=0
shrinkage=0.03


Tree=238
num_leaves=15
num_cat=0
split_feature=147 243 224 231 42 170 81 68 106 189 231 246 248 245
split_gain=41.4834 54.0445 66.0458 94.2912 72.5232 46.984 79.8887 66.0635 59.2501 44.3606 43.9553 43.7937 43.5067 73.8865
threshold=81.500000000000014 -0.098864674568176256 7.5000000000000009 92.500000000000014 29.500000000000004 22.500000000000004 15.500000000000002 7.5000000000000009 89.500000000000014 77.500000000000014 30.500000000000004 0.002651894930750132 0.69191917777061474 -0.092124599963426576
decision_type=10 2 10 10 8 10 10 8 10 10 10 2 2 2
left_child=5 -2 3 10 -4 -1 8 -8 12 -10 -3 -9 -7 -14
right_child=1 2 4 -5 -6 6 7 11 9 -11 -12 -13 13 -15
leaf_value=-0.00089868620572684224 0.018216892529978233 0.017897488834558252 0.0048188245027830437 -0.022278209189215154 -0.0027760204224069407 0.0069161602552677941 -0.0055070653786225068 -0.020863100132799253 -0.02203746696920655 0.0073361420959291834 -0.005733554847655766 0.00095709559127089101 0.0076539623085274981 -0.004035154407363903
leaf_weight=15864.440569192171 107.64101189374924 76.527384348213673 1372.7335913591087 335.62309122830629 6229.9434779472649 3471.7173927500844 1647.8669998012483 73.293605268001556 121.07058715820312 65.320540711283684 381.97046516463161 13865.019921801984 885.19699114561081 1057.0771678462625
leaf_count=74568 758 346 6351 1600 28281 17026 7958 310 582 370 1833 62864 5522 4827
internal_value=-9.82894e-05 -0.00198658 -0.00226694 -0.0104445 -0.00140017 0.000335556 0.00125974 0.000154652 0.00432951 -0.0118941 -0.00149149 0.000827481 0.00490895 0.00130411
internal_weight=45555.4 8504.44 8396.8 794.121 7602.68 37051 21186.6 15586.2 5600.38 186.391 458.498 13938.3 5413.99 1942.27
internal_count=213196 39169 38411 3779 34632 174027 99459 71132 28327 952 2179 63174 27375 10349
is_linear=0
shrinkage=0.03


Tree=239
num_leaves=15
num_cat=0
split_feature=69 222 248 246 243 231 10 249 231 231 235 243 228 249
split_gain=42.4221 57.8425 74.9307 52.2573 49.3755 49.2229 60.478 62.9746 93.0054 58.3209 56.8582 53.961 51.3048 75.2302
threshold=8.5000000000000018 40.500000000000007 0.33838383853435522 0.0021583283087238674 -0.025435295887291428 89.500000000000014 83.500000000000014 0.015151515137404205 42.500000000000007 29.500000000000004 8.5000000000000018 -0.07707375660538672 5.5000000000000009 0.04545454494655133
decision_type=10 10 2 2 2 10 10 2 10 8 8 2 10 2
left_child=1 3 -3 -1 -4 6 7 8 9 -5 -9 -7 -13 -14
right_child=-2 2 4 5 -6 11 -8 10 -10 -11 -12 12 13 -15
leaf_value=-0.028326758838706306 -0.00045633150729601144 0.00030157394953910681 0.0037679160863265614 0.0078433447062619937 0.018569343953426829 0.0055228078277498151 -0.0055448153410280311 -0.0057456376616826562 0.017429468424148244 -0.011855888639183748 0.0029657929002763488 -0.015174231256757188 -0.017808737699468495 0.010316083366196219
leaf_weight=45.411475270986557 36048.406811356544 819.14880004525185 335.22421119734645 347.60174986720085 528.65393679216504 319.50895646587014 845.67450391873717 808.74243320152164 592.15336243063211 207.55404530465603 3821.0130792334676 473.76285342872143 125.65081394463778 221.9717669300735
leaf_count=204 166442 3581 1731 1482 2461 2447 3810 3859 2851 905 19337 2303 558 1092
internal_value=1.35973e-05 0.00179687 0.00682404 0.000706055 0.0129346 0.000912096 0.00190479 0.00300299 0.00926348 0.000399 0.00143495 -0.00481681 -0.00885685 -6.35577e-05
internal_weight=45540.5 9492.07 1683.03 7809.05 863.878 7763.63 6622.74 5777.06 1147.31 555.156 4629.76 1140.89 821.385 347.623
internal_count=213063 46621 7773 38848 4192 38644 32244 28434 5238 2387 23196 6400 3953 1650
is_linear=0
shrinkage=0.03


Tree=240
num_leaves=15
num_cat=0
split_feature=194 178 127 226 231 231 238 248 244 140 75 224 57 240
split_gain=45.941 65.4777 58.0131 56.4602 69.1802 117.161 91.781 72.5464 55.0249 67.1889 74.5038 65.5306 88.4837 61.8747
threshold=30.500000000000004 99.500000000000014 1.5000000000000002 2.5000000000000004 21.500000000000004 77.500000000000014 -0.12952997535467145 0.70202019810676586 0.012273707427084448 11.500000000000002 60.500000000000007 8.5000000000000018 70.500000000000014 -0.039824141189455979
decision_type=10 8 10 8 10 10 10 2 2 10 10 10 10 10
left_child=3 2 -2 4 7 -6 -7 -1 9 -4 -11 12 -10 -13
right_child=1 -3 8 -5 5 6 -8 -9 11 10 -12 13 -14 -15
leaf_value=0.0053470626644195217 -0.0080424629339803828 0.0091155547602527962 -0.0038729960267795587 0.00057160345487757079 0.016986010483076994 0.0076252179546081279 -0.0083177688895731527 -0.032421174806259889 -0.015914438549262038 0.00028452614756729449 0.0068521466963408512 0.0041377765734440641 -0.00038428679556175272 -0.0023676130826957792
leaf_weight=93.1917534917593 1025.3900154419243 568.4168437756598 2049.3729939945042 20961.486170724034 698.50759327039123 909.51322513259947 492.99207251518965 75.639862455427647 677.64181771874428 5187.8027203194797 2210.2589993923903 1552.1407649219036 636.14512907341123 8353.4892635010183
leaf_count=434 5161 3295 8974 97150 3828 6258 2281 355 3253 22866 10104 7765 3464 37664
internal_value=0.000126535 -0.000847188 -0.00111233 0.00105954 0.00554321 0.00704043 0.00200192 -0.0124406 -0.000764766 0.000921657 0.00225328 -0.00218439 -0.00845434 -0.00134512
internal_weight=45492 22260.7 21692.2 23231.3 2269.84 2101.01 1402.51 168.832 20666.9 9447.43 7398.06 11219.4 1313.79 9905.63
internal_count=212852 102546 99251 110306 13156 12367 8539 789 94090 41944 32970 52146 6717 45429
is_linear=0
shrinkage=0.03


Tree=241
num_leaves=15
num_cat=0
split_feature=238 192 118 244 242 124 146 63 64 226 230 135 227 226
split_gain=47.2592 61.1096 71.7012 46.0956 45.125 36.355 48.6395 48.4996 60.3385 53.0222 79.5051 78.8932 56.2957 53.8652
threshold=-0.21470323204994199 1.0000000180025095e-35 97.500000000000014 0.10090048611164094 0.032773429527878768 7.5000000000000009 14.500000000000002 78.500000000000014 95.500000000000014 41.500000000000007 9.5000000000000018 79.500000000000014 1.5000000000000002 49.500000000000007
decision_type=10 8 10 2 8 8 8 10 10 10 8 10 8 10
left_child=1 2 -1 -4 -3 -2 -7 8 9 11 -11 12 -8 -12
right_child=5 4 3 -5 -6 6 7 -9 -10 10 13 -13 -14 -15
leaf_value=-0.018248061988192357 -0.0044383376112829302 0.0018965870643818873 0.014025937494448458 -0.016657500559749457 0.010966170144393319 0.0030775675048953987 -0.010042450788831488 0.0015118449353181478 -0.0059160144692313897 0.018118797780353409 0.0047696699012769513 0.0081309842373677669 -0.0019344950435701165 -0.00046154580620204431
leaf_weight=210.0713147893548 1804.2031821832061 1039.1148977223784 156.75548445805907 50.595391090959311 939.56226976215839 3915.9162654876709 813.24340271949768 8820.8132241554558 2098.4152890443802 222.82714093476534 2123.2668728977442 657.4873575642705 12296.623435031623 10439.082540873438
leaf_count=1246 7675 7078 1325 399 7084 16793 3783 42152 9626 984 9148 3026 56569 46526
internal_value=-5.37802e-05 0.00403826 -0.00628498 0.006117 0.00623671 -0.000281671 -9.94423e-05 -0.000432182 -0.00103101 -0.000642874 0.000748 -0.00193413 -0.00244473 0.000425716
internal_weight=45588 2396.1 417.422 207.351 1978.68 43191.9 41387.7 37471.8 28650.9 26552.5 12785.2 13767.4 13109.9 12562.3
internal_count=213414 17132 2970 1724 14162 196282 188607 171814 129662 120036 56658 63378 60352 55674
is_linear=0
shrinkage=0.03


Tree=242
num_leaves=15
num_cat=0
split_feature=228 243 29 243 12 245 101 244 242 226 231 245 226 231
split_gain=40.0859 61.6366 73.0526 50.1899 38.6948 38.1784 40.6753 69.6352 69.1256 69.3144 61.4063 75.237 77.7035 76.6902
threshold=93.500000000000014 -0.020729322917759415 80.500000000000014 -0.032071664929389947 3.5000000000000004 -0.26005084812641138 3.5000000000000004 0.020083720795810226 0.0255378931760788 29.500000000000004 17.500000000000004 -0.096813648939132677 51.500000000000007 19.500000000000004
decision_type=10 2 8 2 10 2 8 2 8 10 10 2 10 10
left_child=5 2 -2 -4 -3 -1 7 10 9 -9 -7 12 -12 -13
right_child=1 4 3 -5 -6 6 -8 8 -10 -11 11 13 -14 -15
leaf_value=0.023454659572817105 -0.025627003917791946 -0.023786238868085785 0.010337866246622742 -0.014097006747850169 0.0018718972292504341 -0.008508801340207808 0.00035004868625885486 -0.019092505817436576 -0.00064898245714450572 0.0022849335622851332 0.0048072745230339498 0.028744395630199763 0.028947172703774133 -0.0032341559747872039
leaf_weight=52.718817014247179 225.87613160163164 46.941393099725246 130.50943867117167 154.56862787157297 735.09431892633438 651.28873318433762 39335.991504356265 586.91612265631557 601.32511945441365 174.4022240974009 857.87261797115207 60.254654780030251 130.82944796234369 1733.3193106204271
leaf_count=837 1000 239 717 808 3330 2768 182744 2902 3464 815 4946 259 604 7459
internal_value=-8.78605e-05 -0.0052739 -0.0132683 -0.00293942 5.09048e-05 6.50583e-05 3.18108e-05 -0.00257351 -0.00828476 -0.0142292 -0.000289467 0.00165814 0.00825944 -0.00200643
internal_weight=45477.9 1292.99 510.954 285.078 782.036 44184.9 44132.2 4796.21 1362.64 761.318 3433.56 2782.28 988.702 1793.57
internal_count=212892 6094 2525 1525 3569 206798 205961 23217 7181 3717 16036 13268 5550 7718
is_linear=0
shrinkage=0.03


Tree=243
num_leaves=15
num_cat=0
split_feature=233 56 231 81 140 231 226 23 231 244 248 229 226 249
split_gain=43.8622 50.9192 48.2967 42.0655 39.5276 95.2926 138.747 88.2307 77.637 64.3387 79.0922 61.2661 68.4787 62.4273
threshold=99.500000000000014 44.500000000000007 73.500000000000014 65.500000000000014 11.500000000000002 5.5000000000000009 33.500000000000007 23.500000000000004 91.500000000000014 0.011056316550821068 0.91414141654968273 16.500000000000004 44.500000000000007 1.0000000180025095e-35
decision_type=10 10 10 10 10 8 10 10 10 2 2 8 10 2
left_child=4 2 -2 -3 5 6 -1 8 9 10 11 12 13 -7
right_child=1 3 -4 -5 -6 7 -8 -9 -10 -11 -12 -13 -14 -15
leaf_value=-0.028882303201474294 0.013576946126651846 -0.0066279897293490932 0.0017917932454815056 0.011497890044871846 0.00028492386891540336 0.014010751904961082 0.00064152114130365718 -0.0060911977408921571 -0.0077441004564028594 0.0041954570899654271 0.030356083270947836 -0.0072830942884400951 0.027908337369573183 -0.0023099632912578598
leaf_weight=268.69970358163118 643.90675684437156 490.86906795203686 606.92668252065778 139.97642945498228 32912.722555119544 235.30376448482275 293.91376779973507 2449.6682726591825 912.7985253483057 3711.3412715233862 58.148154627531767 1291.5387692302465 72.774597235023975 1495.2899094633758
leaf_count=1214 3044 2220 3576 648 152942 1144 1258 10372 4830 18717 346 5700 337 7127
internal_value=-3.82171e-05 0.00443422 0.00791814 -0.00248943 -0.000231757 -0.00180667 -0.013717 -0.00113868 0.000427085 0.00152334 -0.00162523 -0.00232194 0.00125172 -2.31382e-05
internal_weight=45583.9 1881.68 1250.83 630.845 43702.2 10789.5 562.613 10226.9 7777.19 6864.4 3153.06 3094.91 1803.37 1730.59
internal_count=213475 9488 6620 2868 203987 51045 2472 48573 38201 33371 14654 14308 8608 8271
is_linear=0
shrinkage=0.03


Tree=244
num_leaves=15
num_cat=0
split_feature=71 230 231 145 222 222 244 193 126 71 229 230 224 230
split_gain=43.2851 66.4138 65.2643 137.298 117.601 87.6648 68.9081 67.4129 68.2312 67.5839 64.6393 75.2497 66.9742 68.4891
threshold=24.500000000000004 72.500000000000014 24.500000000000004 40.500000000000007 25.500000000000004 52.500000000000007 0.020473793148994449 75.500000000000014 97.500000000000014 77.500000000000014 80.500000000000014 62.500000000000007 76.500000000000014 67.500000000000014
decision_type=8 10 10 10 10 10 2 8 10 10 10 8 10 8
left_child=-1 10 4 5 -3 -4 -6 8 -5 -9 12 -12 -2 -14
right_child=1 2 3 7 6 -7 -8 9 -10 -11 11 -13 13 -15
leaf_value=0.0015050673851783327 -0.0015537397394689157 0.02230970004954055 -0.01584825744885543 -0.0037501207523370108 0.0072606639134619377 0.0004140431369562963 -0.0055079270550702983 0.010020706954962048 0.011503622316598704 0.0011277102353011562 -0.018875016147368598 0.0013311530379602234 0.0064264234115077729 -0.01206216659539011
leaf_weight=13788.910776844248 20662.952039200813 337.7142698764801 680.59622829407454 1905.2899326607585 1169.8396487683058 524.3573289886117 552.70413766428828 1410.9801194779575 296.25722862780094 1682.8504603542387 387.29347559809685 282.63548120856285 1636.8810314834118 193.2144897505641
leaf_count=66750 94867 1541 2848 8585 5103 2225 2747 7074 1544 8545 1608 1407 7369 908
internal_value=0.000102381 -0.000507591 0.00174898 0.000271149 0.00638784 -0.00882626 0.00315553 0.00235398 -0.00165472 0.00520269 -0.00134197 -0.0104561 -0.00106599 0.00441952
internal_weight=45512.5 31723.6 8560.59 6500.33 2060.26 1204.95 1722.54 5295.38 2201.55 3093.83 23163 669.929 22493 1830.1
internal_count=213121 146371 40212 30821 9391 5073 7850 25748 10129 15619 106159 3015 103144 8277
is_linear=0
shrinkage=0.03


Tree=245
num_leaves=15
num_cat=0
split_feature=231 231 245 224 231 226 226 226 231 231 226 231 228 229
split_gain=39.7276 107.999 103.735 164.051 124.466 141.131 122.096 126.836 143.847 99.1273 94.9215 88.4498 89.2025 87.4275
threshold=26.500000000000004 31.500000000000004 -0.10350605472922324 29.500000000000004 22.500000000000004 46.500000000000007 83.500000000000014 51.500000000000007 8.5000000000000018 11.500000000000002 6.5000000000000009 5.5000000000000009 41.500000000000007 48.500000000000007
decision_type=10 10 2 8 10 8 10 8 10 10 10 10 8 10
left_child=2 -2 4 9 5 -1 7 10 11 -4 -5 12 13 -9
right_child=1 -3 3 6 -6 -7 -8 8 -10 -11 -12 -13 -14 -15
leaf_value=-0.033745201186322904 -0.0069596654782867655 -0.00020417026248210139 0.00042715003568105181 -0.015999840993212413 0.013665519292926495 -0.001248374998902775 0.0075440347162305469 -0.0022383488294302613 -0.0110735041685672 0.011100917408121493 0.0041216115274886706 0.012663698766017804 0.002345724703473097 -0.031303476401681803
leaf_weight=236.41394133865833 2276.0763391405344 31176.240698680282 1194.2932817190886 219.10972425341606 138.97886817902327 236.52667318284512 1425.6025023758411 210.35358160734177 2049.4976421818137 2268.7941952645779 2685.8112172856927 415.31652590632439 804.14765215665102 159.58325588703156
leaf_count=1068 10202 148676 5157 950 760 1750 6606 908 8776 9952 11501 1826 4260 666
internal_value=-0.000133823 -0.000665753 0.00134289 0.00199038 -0.0105917 -0.0178553 -0.000380501 -0.00211578 -0.00584061 0.00743175 0.00255423 0.000934145 -0.00328693 -0.0152704
internal_weight=45496.7 33452.3 12044.4 11432.5 611.919 472.941 7969.42 6543.82 3638.9 3463.09 2904.92 1589.4 1174.08 369.937
internal_count=213058 158878 54180 50602 3578 2818 35493 28887 16436 15109 12451 7660 5834 1574
is_linear=0
shrinkage=0.03


Tree=246
num_leaves=15
num_cat=0
split_feature=195 194 127 245 141 245 47 148 239 222 243 7 68 96
split_gain=46.1696 59.706 67.3451 61.8706 73.7165 63.6002 65.0075 59.8322 50.3218 52.5342 54.4551 47.4327 45.547 51.1639
threshold=39.500000000000007 29.500000000000004 2.5000000000000004 -0.091631781309843049 52.500000000000007 -0.086488690227270112 20.500000000000004 77.500000000000014 -0.022888278588652607 33.500000000000007 -0.043912764638662331 18.500000000000004 70.500000000000014 41.500000000000007
decision_type=10 10 10 2 10 2 8 10 10 10 2 10 10 10
left_child=1 3 -3 4 11 6 -5 -4 -8 10 -10 -1 -2 -14
right_child=12 2 7 5 -6 -7 8 -9 9 -11 -12 -13 13 -15
leaf_value=0.0034964074426320035 0.0022523439377968402 -0.0099968674176364146 -0.0030792373052758218 0.0063044615538465926 0.0063419039647669611 -7.1484667148948765e-05 0.0021702361924693823 0.00169900998501121 -0.0097203291662432863 0.0067478702444864333 -0.033251384223068621 -0.011314404286715795 -0.0068731816524345941 0.00058193504778634726
leaf_weight=368.21118501201272 10856.142315957695 954.78261395543814 8445.1955656073987 181.91440049558878 2624.1139909531921 13565.952753536403 130.82510475069284 3263.49618383497 172.4210153222084 57.932085782289505 200.60478137433529 394.28217988461256 1123.3460922241211 3075.3257671147585
leaf_count=2422 51177 4676 38354 901 15782 60466 617 14892 786 268 911 1892 5097 14526
internal_value=-0.000131157 -0.000804677 -0.00237651 0.000320838 0.00396085 -0.000542795 -0.00902505 -0.00174711 -0.0140124 -0.0188628 -0.0229125 -0.00420953 0.0012267 -0.00142426
internal_weight=45414.5 30359.7 12663.5 17696.3 3386.61 14309.7 743.697 11708.7 561.783 430.958 373.026 762.493 15054.8 4198.67
internal_count=212767 141967 57922 84045 20096 63949 3483 53246 2582 1965 1697 4314 70800 19623
is_linear=0
shrinkage=0.03


Tree=247
num_leaves=15
num_cat=0
split_feature=195 231 134 147 249 23 233 245 242 231 231 245 249 228
split_gain=42.9055 56.528 69.0113 60.8914 51.8272 66.005 47.2486 69.6118 52.3835 62.2523 74.8154 106.013 145.755 101.654
threshold=66.500000000000014 88.500000000000014 47.500000000000007 16.500000000000004 0.015151515137404205 53.500000000000007 53.500000000000007 -0.11150914430618285 0.013354775961488487 65.500000000000014 26.500000000000004 -0.083636432886123643 0.035353535786271102 19.500000000000004
decision_type=10 10 10 10 2 10 10 2 8 10 10 2 2 8
left_child=6 4 -3 -4 5 -2 7 -1 -9 10 13 12 -12 -10
right_child=1 2 3 -5 -6 -7 -8 8 9 -11 11 -13 -14 -15
leaf_value=0.0056459694604995107 0.013263171899327655 -0.0098467836153322587 0.015136614529912322 -0.0016490245036830224 0.0018077015016162421 -0.0039046329418335854 0.00065374060283483434 -0.0084887808739835882 0.0079163925661437321 0.0014971408062968525 -0.027348536966680086 -0.0032098623065149735 -0.0044348076127773747 -0.0021619937036935813
leaf_weight=1121.6028676182032 778.64326138794422 777.11228708922863 228.02181613445282 1055.9160212650895 7767.682339720428 265.57576232403517 15916.344077927992 1053.0453769564629 1114.1305354610085 4279.5332966819406 408.57699958235025 5593.7563245892525 631.76082111150026 4521.8418620973825
leaf_count=7666 3466 3797 1342 5445 35787 1136 75157 4552 4902 20251 1821 24297 3003 20593
internal_value=-3.16893e-05 0.00161153 -0.0028514 0.00142597 0.00265743 0.00890127 -0.000547778 -0.00156892 -0.00203158 -0.00161583 -0.00270191 -0.00485858 -0.0136085 -0.000159185
internal_weight=45513.5 10873 2061.05 1283.94 8811.9 1044.22 34640.6 18724.2 17602.6 16549.6 12270.1 6634.09 1040.34 5635.97
internal_count=213215 50973 10584 6787 40389 4602 162242 87085 79419 74867 54616 29121 4824 25495
is_linear=0
shrinkage=0.03


Tree=248
num_leaves=15
num_cat=0
split_feature=195 194 52 238 226 106 229 222 226 51 230 248 119 226
split_gain=38.4074 60.7752 50.8324 58.4784 48.8149 44.0051 42.5436 57.2862 45.9803 48.2518 41.907 40.9266 100.441 101.973
threshold=67.500000000000014 22.500000000000004 8.5000000000000018 -0.16738253086805341 2.5000000000000004 83.500000000000014 15.500000000000002 30.500000000000004 29.500000000000004 3.5000000000000004 11.500000000000002 0.7929292917251588 14.500000000000002 39.500000000000007
decision_type=10 8 8 10 10 10 10 10 10 10 8 2 10 8
left_child=1 4 5 -4 -1 6 8 -8 9 10 -3 -5 -13 -14
right_child=-2 2 3 11 -6 -7 7 -9 -10 -11 -12 12 13 -15
leaf_value=0.007165370043134613 0.0014838728776221119 -0.011328075075173938 0.0043019219070630351 -0.00086852317584662747 0.00062439437669759435 -0.0271591646986626 -0.012416245171046208 -0.00075067294054356824 0.0093138750013223252 0.00099330461486314193 0.0064040270378101834 -0.031330398716869635 -0.010153461613776133 0.0061307599195624257
leaf_weight=1146.6530186906457 10672.101078182459 714.62003579735756 1839.2499238550663 17177.596307054162 9174.9718587584794 66.037251725792885 952.96745523065329 626.83245913684368 301.1350353397429 1124.1048026308417 136.97228413447738 118.93905761092901 852.10003435611725 569.60025314614177
leaf_count=6841 50076 3964 10761 76546 42315 341 4147 2765 1410 6112 639 515 3846 2707
internal_value=-8.97219e-05 -0.000572558 -0.00138646 -0.00078824 0.00135728 -0.00451158 -0.00405455 -0.00782142 -0.0014181 -0.00309253 -0.00843477 -0.00129043 -0.00595859 -0.00363198
internal_weight=45473.9 34801.8 24480.2 20557.5 10321.6 3922.67 3856.63 1579.8 2276.83 1975.7 851.592 18718.2 1540.64 1421.7
internal_count=212985 162909 113753 94375 49156 19378 19037 6912 12125 10715 4603 83614 7068 6553
is_linear=0
shrinkage=0.03


Tree=249
num_leaves=15
num_cat=0
split_feature=195 140 226 231 231 248 224 228 249 241 250 243 243 243
split_gain=41.6324 46.4822 65.8862 95.1702 117.68 106.94 103.132 95.8524 70.6281 67.4736 59.4903 89.7608 100.08 56.7205
threshold=37.500000000000007 27.500000000000004 4.5000000000000009 19.500000000000004 77.500000000000014 0.84343436360359203 3.5000000000000004 21.500000000000004 0.04545454494655133 -1.144262909889221 -1.0000000180025095e-35 -0.05810949765145778 -0.083881396800279603 -0.042657352983951562
decision_type=10 10 8 10 10 2 10 10 2 10 2 2 2 2
left_child=1 2 3 -1 6 9 8 -8 13 -6 11 12 -4 -5
right_child=-2 -3 10 4 5 -7 7 -9 -10 -11 -12 -13 -14 -15
leaf_value=-0.015627870285586848 0.0013146195686278696 0.00045196948232303441 -0.013543867610630223 -0.046131737702224646 -0.011006117656608418 0.02255639015579021 0.022677669940153421 -0.0061904369739398963 0.007046637513757655 0.010357546421395403 -0.0040062683022980567 -0.00088748004854861669 0.026531492041991948 0.0017839060456607556
leaf_weight=213.64880865812302 15967.282597854733 16733.391733281314 67.363336782902479 42.45928193256259 637.30419997125864 121.14121060445905 606.40197060629725 119.92397391796112 156.78869780525565 159.00415556132793 8582.5473151803017 1759.9620213508606 218.81438422575593 37.344515778124332
leaf_count=963 75191 78497 379 219 3537 992 3084 552 988 821 38815 7534 1081 210
internal_value=8.14986e-05 -0.000587159 -0.00195314 0.00290068 0.00507744 -0.00260474 0.0123484 0.0178919 -0.00470525 -0.00666474 -0.00291125 0.00167896 0.0169594 -0.0260076
internal_weight=45423.4 29456.1 12722.7 2094.02 1880.37 917.45 962.918 726.326 236.592 796.308 10628.7 2046.14 286.178 79.8038
internal_count=212863 137672 59175 11366 10403 5350 5053 3636 1417 4358 47809 8994 1460 429
is_linear=0
shrinkage=0.03


Tree=250
num_leaves=15
num_cat=0
split_feature=194 226 231 231 249 245 245 10 119 249 193 58 188 228
split_gain=42.0653 42.8098 99.2946 94.8427 68.6179 96.468 45.3551 42.0423 49.6663 49.094 42.714 46.8524 42.0297 39.5088
threshold=30.500000000000004 3.5000000000000004 19.500000000000004 74.500000000000014 0.025252525694668296 -0.10525815188884734 -0.042993530631065362 1.5000000000000002 98.500000000000014 0.89393940567970287 74.500000000000014 51.500000000000007 21.500000000000004 4.5000000000000009
decision_type=8 10 10 10 2 2 2 10 10 2 10 10 10 8
left_child=1 2 -1 6 5 -5 -4 -3 9 -9 -10 -12 -6 -2
right_child=13 7 3 4 12 -7 -8 8 10 -11 11 -13 -14 -15
leaf_value=-0.018484471065790053 -0.0039006333636523341 0.0071622766027581199 0.021515308790343461 0.022785597101369695 -0.00744507409490173 -0.025187658122940819 -0.0017679740320555731 -0.00014735766961781604 -0.00049249910219713788 -0.016328807268850502 0.017498370728852845 -0.0013478118531285808 0.0084691011070327261 -0.00031565250992303384
leaf_weight=134.49520082771778 3061.2315691169351 824.00371476635337 452.48546122759581 41.552562095224857 172.46568807587028 142.09502904117107 88.210187509655952 10573.196331974119 435.76278911158442 161.48771880939603 393.47318686544895 166.29631526023149 854.0411340482533 27928.509727809578
leaf_count=616 15851 4266 2602 365 995 635 410 46999 2279 739 2323 919 5413 128540
internal_value=-4.7824e-05 0.001289 0.00549182 0.00742812 0.00270697 -0.013717 0.0177537 0.000653971 0.000191075 -0.000405755 0.00656664 0.0119742 0.00574929 -0.000670928
internal_weight=45429.3 14439.6 1885.35 1750.85 1210.15 183.648 540.696 12554.2 11730.2 10734.7 995.532 559.77 1026.51 30989.7
internal_count=212952 68561 11036 10420 7408 1000 3012 57525 53259 47738 5521 3242 6408 144391
is_linear=0
shrinkage=0.03


Tree=251
num_leaves=15
num_cat=0
split_feature=71 231 119 137 103 35 229 231 75 229 226 226 119 231
split_gain=43.6297 62.3085 79.0894 61.1916 59.3733 55.6018 70.0961 54.7912 60.9619 54.699 50.8035 80.743 78.4848 74.5649
threshold=24.500000000000004 91.500000000000014 97.500000000000014 11.500000000000002 2.5000000000000004 6.5000000000000009 71.500000000000014 97.500000000000014 49.500000000000007 3.5000000000000004 4.5000000000000009 43.500000000000007 31.500000000000004 7.5000000000000009
decision_type=8 10 10 8 10 10 8 10 10 10 8 8 10 10
left_child=1 2 5 4 -3 -1 10 8 -5 -10 12 13 -7 -12
right_child=-2 3 -4 7 -6 6 -8 -9 9 -11 11 -13 -14 -15
leaf_value=-0.0022969898518128097 -0.00059868602002183561 0.011059881064354295 0.012597186279475085 0.0038854094019575877 -0.014386570740329849 -0.009746897312348974 -0.00688173544947575 0.0049460993202958331 -0.00097023717019191816 -0.020409740471138357 -0.01473521630991184 0.0069479422741378603 0.013675376459386325 0.0012497720211701953
leaf_weight=2366.0873561277986 31704.516162853688 89.058249816298485 632.12713810801506 370.19300541654229 555.03912756219506 144.99568596482277 600.81979451328516 943.90866259858012 233.34208127111197 287.9421701207757 271.56148315966129 2546.4507957324386 819.50702028721571 3897.3635740205646
leaf_count=11304 146397 544 3965 1781 2768 664 2683 5869 1437 1382 1146 11159 4399 17667
internal_value=1.35273e-05 0.00142371 0.00237022 -0.00287413 -0.0107528 0.00175177 0.00291002 -6.59425e-05 -0.00536876 -0.0118901 0.00368401 0.00275026 0.0100904 0.00017575
internal_weight=45462.9 13758.4 11278.9 2479.48 644.097 10646.8 8280.7 1835.39 891.477 521.284 7679.88 6715.38 964.503 4168.93
internal_count=213165 66768 52987 13781 3312 49022 37718 10469 4600 2819 35035 29972 5063 18813
is_linear=0
shrinkage=0.03


Tree=252
num_leaves=15
num_cat=0
split_feature=124 140 242 229 137 193 34 229 244 245 242 143 229 138
split_gain=39.8034 55.6104 40.7495 44.4028 81.3205 61.6 43.4883 68.4592 62.9388 105.556 66.1356 65.2515 66.7044 51.7118
threshold=6.5000000000000009 60.500000000000007 0.044130932539701469 74.500000000000014 48.500000000000007 69.500000000000014 7.5000000000000009 59.500000000000007 0.023958029225468639 -0.11150914430618285 0.026005803607404235 21.500000000000004 24.500000000000004 82.500000000000014
decision_type=8 8 8 10 10 10 10 10 2 2 10 8 10 8
left_child=1 -1 6 -4 5 -5 7 8 9 11 -10 12 -2 -8
right_child=2 -3 3 4 -6 -7 13 -9 10 -11 -12 -13 -14 -15
leaf_value=-0.0017628524521320563 0.0035385677432759437 -0.015578911624431112 0.0051914801235142831 -0.025680295160729661 0.0065802504250971972 0.012115883853526382 0.00088696370393155719 0.0031233836079275095 -0.015466946883922878 -0.003683575667381873 -0.00050196009805727852 0.0098191789123551008 -0.036473030841459482 -0.0027997513264649441
leaf_weight=1222.6254543811083 98.81756391748786 324.9346601292491 2434.5454926714301 172.66728168725967 255.11195521429181 42.819270201027393 27604.066244885325 1952.7036209478974 682.1540778875351 5479.843792565167 432.57690249755979 884.35319373570383 48.946097791194916 3899.0239019617438
leaf_count=5140 498 1450 14443 785 1445 251 124720 9923 3718 24320 2864 5903 211 17695
internal_value=-3.20753e-05 -0.00474515 0.00013478 0.0035622 -0.00479921 -0.0179656 -0.000108398 -0.00187736 -0.00316014 -0.00202475 -0.0097158 0.00673334 -0.0111869 0.000429929
internal_weight=45535.2 1547.56 43987.6 2905.14 470.599 215.487 41082.5 9579.4 7626.69 6511.96 1114.73 1032.12 147.764 31503.1
internal_count=213366 6590 206776 16924 2481 1036 189852 47437 37514 30932 6582 6612 709 142415
is_linear=0
shrinkage=0.03


Tree=253
num_leaves=15
num_cat=0
split_feature=57 231 137 47 30 246 224 230 238 246 137 7 235 148
split_gain=44.0565 63.8195 89.9284 85.536 58.1789 53.3403 55.7262 49.3509 48.0212 47.9355 45.3281 90.5701 62.6886 60.1625
threshold=72.500000000000014 88.500000000000014 22.500000000000004 39.500000000000007 43.500000000000007 0.10138394683599473 21.500000000000004 31.500000000000004 -0.20628812164068219 0.16108135133981707 91.500000000000014 14.500000000000002 20.500000000000004 36.500000000000007
decision_type=8 10 10 10 8 2 8 10 10 2 8 8 10 8
left_child=10 4 3 -3 9 6 -6 -7 -5 -2 -1 12 -12 -14
right_child=1 2 -4 8 5 7 -8 -9 -10 -11 11 -13 13 -15
leaf_value=-0.00022903693673671435 0.0033946832705608822 -0.002190404154482658 0.00086592134231032675 0.0013654937477606383 -0.012485576034051944 0.017053759470661019 -0.00080077371369067368 -0.0063885970475765627 -0.027845081236510621 0.026227077574986223 0.0039927113736948445 -0.0019478133587386396 -0.031399826828902945 -0.0031662233710955108
leaf_weight=28740.933779489249 8422.1481162104756 402.15470007434487 1694.0744602903724 60.615756314247847 445.72071421146393 233.28045793250203 1902.2439347878098 114.55211190134287 272.41620415449142 73.832377787679434 96.75313962996006 2480.1854456067085 223.4320220798254 99.227501980960369
leaf_count=129972 39623 2193 9704 411 2134 1523 9561 628 1219 620 641 12340 1044 561
internal_value=2.37596e-05 0.00144966 -0.00294953 -0.011635 0.00240632 -0.00142955 -0.00306248 0.00937068 -0.0226436 0.0036237 -0.000590346 -0.00415856 -0.016882 -0.0230733
internal_weight=45261.6 13621 2429.26 735.187 11191.8 2695.8 2347.96 347.833 333.032 8495.98 31640.5 2899.6 419.413 322.66
internal_count=212174 67616 13527 3823 54089 13846 11695 2151 1630 40243 144558 14586 2246 1605
is_linear=0
shrinkage=0.03


Tree=254
num_leaves=15
num_cat=0
split_feature=69 171 149 10 226 19 226 63 119 28 10 152 134 55
split_gain=43.5105 55.6493 59.5584 51.3379 53.6925 52.4886 46.2436 59.2067 59.0876 55.973 63.9601 45.1192 42.5542 41.9502
threshold=4.5000000000000009 33.500000000000007 62.500000000000007 82.500000000000014 29.500000000000004 27.500000000000004 4.5000000000000009 90.500000000000014 41.500000000000007 1.0000000180025095e-35 5.5000000000000009 35.500000000000007 53.500000000000007 1.5000000000000002
decision_type=8 8 10 10 8 8 8 10 10 10 10 10 10 10
left_child=3 6 -3 4 -1 12 -2 9 -9 -8 13 -12 -6 -11
right_child=1 2 -4 -5 5 -7 7 8 -10 10 11 -13 -14 -15
leaf_value=0.00047388133010556875 0.0024083666081457194 -0.00047483262915922646 0.0027318196901231196 -0.0044924443822882609 0.0088221440176142786 -0.0070127964651423976 -0.011256580720132822 -0.0073462616319847967 0.006275357205066061 -0.01503590915175059 -0.0018440211479946933 -0.0059646209042521527 -0.010571230322554753 0.0049448703758458437
leaf_weight=2462.6942557096481 2359.687125492841 13428.451748389751 8508.1620646640658 799.62459588423371 2265.6467817053199 223.15755149722099 652.29167042672634 359.14973292499781 1283.238614410162 91.915049597620964 8142.9946345761418 3385.3401669412851 98.446945313364267 1366.7417358756065
leaf_count=12974 12984 62671 40011 3669 10250 976 3315 1570 6280 456 35859 14994 552 6364
internal_value=0.000118031 -0.000239116 0.000769552 0.00253076 0.00364951 0.0066588 -0.0014931 -0.00209671 0.00327021 -0.0027449 -0.00230906 -0.00305817 0.00797343 0.00359201
internal_weight=45427.5 39578 21936.6 5849.57 5049.95 2587.25 17641.4 15281.7 1642.39 13639.3 12987 11528.3 2364.09 1458.66
internal_count=212925 184504 102682 28421 24752 11778 81822 68838 7850 60988 57673 50853 10802 6820
is_linear=0
shrinkage=0.03


Tree=255
num_leaves=15
num_cat=0
split_feature=245 246 243 246 31 243 246 171 167 224 228 9 245 245
split_gain=42.7906 76.4959 76.6139 78.8208 87.8866 72.8878 78.1961 71.7488 70.8949 70.1104 68.5683 82.8681 79.7651 76.0264
threshold=-0.075521316379308687 0.0055199861526489266 -0.054124308750033372 0.036356613039970405 66.500000000000014 -0.022958738729357716 0.0046846037730574617 9.5000000000000018 29.500000000000004 80.500000000000014 12.500000000000002 88.500000000000014 -0.1655808091163635 -0.092124599963426576
decision_type=2 2 2 2 10 2 2 8 10 10 10 8 2 2
left_child=10 5 3 8 -5 -2 -7 -4 -3 -10 13 12 -12 -1
right_child=1 2 7 4 -6 6 -8 -9 9 -11 11 -13 -14 -15
leaf_value=0.0020723890663503154 0.012455988196574971 -0.020722603624726985 -0.0037171423753845898 0.0087552311947263154 -0.012464475646868475 -0.009523006571889446 0.017165437828081921 0.00029255761875142714 0.0033917227569977299 -0.028701661903364494 -0.023348086071246048 -0.0054263729827337889 0.00610284414683892 -0.0043409453823985726
leaf_weight=4536.901388771832 776.87073563784361 481.81260477751493 4768.6904527246952 426.68712005019188 283.88971744477749 354.6314999833703 125.67158055305481 25169.937993854284 295.56811857223511 66.769944712519646 74.620468683540821 696.29042086750269 4700.5040003471076 2613.409694224596
leaf_count=27486 3297 2061 20864 2062 1336 1485 523 111267 1281 282 484 4043 24056 12221
internal_value=0.000177089 -0.000394905 -0.000685484 -0.00715687 0.000222205 0.00683231 -0.00233228 -0.000347144 -0.0132982 -0.00313431 0.00166042 0.0041849 0.00559479 -0.000274447
internal_weight=45372.3 32750.5 31493.4 1554.73 710.577 1257.17 480.303 29938.6 844.151 362.338 12621.7 5471.41 4775.12 7150.31
internal_count=212748 144458 139153 7022 3398 5305 2008 132131 3624 1563 68290 28583 24540 39707
is_linear=0
shrinkage=0.03


Tree=256
num_leaves=15
num_cat=0
split_feature=70 231 224 226 225 188 161 232 106 248 47 119 184 119
split_gain=41.4952 99.4508 80.5564 128.963 65.1758 62.4779 56.2199 55.0722 66.0489 61.4797 53.0288 47.8759 47.7238 40.7197
threshold=9.5000000000000018 77.500000000000014 24.500000000000004 1.5000000000000002 7.5000000000000009 14.500000000000002 76.500000000000014 87.500000000000014 79.500000000000014 0.6414141356945039 47.500000000000007 53.500000000000007 69.500000000000014 95.500000000000014
decision_type=10 10 10 8 10 10 10 8 10 2 8 8 10 10
left_child=1 5 3 4 -3 -1 -6 12 11 -10 -5 -9 13 -2
right_child=7 2 -4 10 6 -7 -8 8 9 -11 -12 -13 -14 -15
leaf_value=-1.6787221451811828e-05 -0.0020894896337017633 0.016884558351026768 0.0073818614594996744 -0.0067665458020600014 0.0039436665447232649 0.0058223775062295228 -0.019447740970459735 -0.00011037264967098936 -0.0013031792690424014 -0.025107596254069432 -0.020860929469565043 0.0060874269495999472 0.0010046502923705145 0.0017646811011185599
leaf_weight=2695.0101547539234 20052.962351318449 207.60749042965472 433.6067781150341 500.08433435857296 291.45359499379992 4239.5353682264686 123.80491695180535 1898.7061419263482 341.81016082316637 127.37458977103233 479.33740013465285 2729.8892682977021 8601.1497306004167 2805.2862388044596
leaf_count=12813 88163 1845 2168 2739 1668 20486 726 8265 1652 634 2353 14134 40954 14947
internal_value=1.82583e-05 0.00184545 -0.00397091 -0.0070699 0.00357238 0.00355631 -0.00332356 -0.000430481 0.00245911 -0.00815472 -0.0138056 0.00355026 -0.000899352 -0.00161592
internal_weight=45527.6 8970.44 2035.89 1602.29 622.866 6934.55 415.259 36557.2 5097.78 469.185 979.422 4628.6 31459.4 22858.2
internal_count=213547 44798 11499 9331 4239 33299 2394 168749 24685 2286 5092 22399 144064 103110
is_linear=0
shrinkage=0.03


Tree=257
num_leaves=15
num_cat=0
split_feature=194 230 242 133 231 249 231 61 245 52 231 242 10 137
split_gain=43.4 57.8054 57.5507 85.0788 96.253 95.8626 76.002 63.0688 61.4171 56.6322 62.9151 84.6591 53.8493 69.6445
threshold=30.500000000000004 3.5000000000000004 0.025724048726260666 32.500000000000007 77.500000000000014 0.83333334326744091 17.500000000000004 31.500000000000004 -0.053525831550359719 9.5000000000000018 1.5000000000000002 0.014382824301719667 71.500000000000014 36.500000000000007
decision_type=10 8 10 10 10 2 10 10 2 10 8 10 8 10
left_child=1 2 3 4 6 7 -1 -6 -8 10 -3 -12 -11 -14
right_child=-2 9 -4 -5 5 -7 8 -9 -10 12 11 -13 13 -15
leaf_value=-0.011355719061673288 -0.00081733504818139646 -0.021998553866891861 0.0097172478435395906 -0.013448224459950331 -0.00089425964889515322 0.021189765680896248 0.017845030567850823 -0.018673813991654371 -0.0047855113814734094 0.0029377604195278489 0.0066103078160071943 -0.0035005353969330367 -0.0056580422372942262 0.0013122970182155608
leaf_weight=112.22175540775061 22210.879858955741 131.51636775583029 1255.7749749738723 281.37636828422546 603.45866088941693 122.82740884646773 664.41009491309524 246.28519098088145 124.09677869081497 8398.1550721935928 896.33605270832777 4194.306934684515 1822.2650710716844 4351.2008398063481
leaf_count=486 102448 626 8192 1229 3428 889 3441 1183 560 37236 5019 19918 7816 20614
internal_value=0.000130387 0.0010375 0.00463879 0.00164778 0.00397462 -0.00256453 0.010986 -0.00620465 0.0142681 0.00041497 -0.0022628 -0.0017108 0.00137552 -0.00075101
internal_weight=45415.1 23204.2 3410.45 2154.68 1873.3 972.571 900.729 849.744 788.507 19793.8 5222.16 5090.64 14571.6 6173.47
internal_count=213085 110637 19408 11216 9987 5500 4487 4611 4001 91229 25563 24937 65666 28430
is_linear=0
shrinkage=0.03


Tree=258
num_leaves=15
num_cat=0
split_feature=141 242 76 242 231 249 231 226 224 179 46 134 249 244
split_gain=50.3737 38.8479 37.9111 69.4578 70.5533 88.0042 64.264 57.0058 49.019 49.3603 45.3189 65.0452 63.0478 57.2714
threshold=1.5000000000000002 0.01030772738158703 86.500000000000014 0.022346676327288154 68.500000000000014 0.83333334326744091 39.500000000000007 7.5000000000000009 17.500000000000004 35.500000000000007 15.500000000000002 95.500000000000014 0.53030303120613109 0.065787833184003844
decision_type=8 8 10 8 10 2 10 8 10 10 8 10 2 2
left_child=-1 -2 10 4 6 -6 8 -8 9 -4 11 -3 -13 -14
right_child=1 2 3 -5 5 -7 7 -9 -10 -11 -12 12 13 -15
leaf_value=0.011051898330527899 -0.009570245375912903 -0.002048800092310303 0.014593726725314183 0.0051504118649342914 -0.0075808168663871293 0.015975969122236245 0.020588741407096562 0.0041482442885255625 -0.0054270617657919433 -0.010212203746066156 6.2083008864360413e-05 -0.032004887489066491 0.012370568270882681 -0.018314923718519675
leaf_weight=359.51800932735205 374.08035533130169 5227.2126118838787 247.61221329122782 3358.847210297361 1513.2972159422934 148.12111330032349 245.97579042613506 763.83395645022392 913.04087018221617 92.154800236225128 31882.933789629489 120.72376792877913 88.499111652374268 114.50725814700127
leaf_count=1579 1651 25463 1111 19354 7673 1051 1304 3389 4018 412 144646 578 421 638
internal_value=2.04334e-05 -6.99536e-05 1.16435e-05 0.00199049 -0.000720515 -0.00539763 0.00272249 0.00831554 -0.00181588 0.00776602 -0.000373777 -0.00287283 -0.0157182 -0.00498507
internal_weight=45450.4 45090.8 44716.8 7282.88 3924.04 1661.42 2262.62 1009.81 1252.81 339.767 37433.9 5550.94 323.73 203.006
internal_count=213288 211709 210058 38312 18958 8724 10234 4693 5541 1523 171746 27100 1637 1059
is_linear=0
shrinkage=0.03


Tree=259
num_leaves=15
num_cat=0
split_feature=69 10 228 248 222 224 229 243 245 226 229 229 243 224
split_gain=49.5036 62.4381 79.8751 87.3051 83.2545 67.1527 93.9781 62.7495 82.9094 82.8467 51.5981 71.0047 66.0626 69.258
threshold=8.5000000000000018 82.500000000000014 5.5000000000000009 0.80303028225898754 10.500000000000002 9.5000000000000018 6.5000000000000009 -0.040506564080715173 -0.072341565042734132 7.5000000000000009 17.500000000000004 45.500000000000007 -0.025056434795260426 31.500000000000004
decision_type=8 10 10 2 10 10 8 2 2 8 8 10 2 8
left_child=1 2 3 7 5 -5 -7 8 -1 -9 -4 12 13 -12
right_child=-2 -3 10 4 -6 6 -8 9 -10 -11 11 -13 -14 -15
leaf_value=-0.0054827966157065507 -0.00042062165052149175 -0.0040985629623140904 0.0091567857628975374 0.013187746650129067 -0.023743741621168567 -0.020331849757398324 0.01777237089059935 0.018491105320166682 -0.026052857923088847 -0.0083303791015872219 0.0016186882992908593 0.0080396741917005046 0.0060213903166775763 -0.01179748054042952
leaf_weight=656.41260845959187 36391.300781846046 1263.8852196633816 1797.0857481174171 611.10856497474015 71.40516608953476 140.04268553107977 85.802173055708408 168.88896885514259 235.20354807376862 237.10898225009441 761.36317612230778 1486.3925797119737 876.24184692651033 622.05398671329021
leaf_count=3983 169410 5796 8768 3935 379 663 393 839 1044 1004 3429 6756 3803 2847
internal_value=7.24689e-05 0.00206165 0.00307038 -0.00175208 0.00534665 0.00807956 -0.00571568 -0.00672424 -0.0111378 0.00300324 0.00498925 0.0029709 -0.00038404 -0.00445527
internal_weight=45404.3 9013 7749.11 2205.97 908.359 836.953 225.845 1297.61 891.616 405.998 5543.14 3746.05 2259.66 1383.42
internal_count=213049 43639 37843 12240 5370 4991 1056 6870 5027 1843 25603 16835 10079 6276
is_linear=0
shrinkage=0.03


Tree=260
num_leaves=15
num_cat=0
split_feature=194 29 245 245 248 139 248 146 244 248 245 230 92 230
split_gain=36.7705 54.359 49.1511 60.595 81.1562 90.047 58.3458 56.3094 55.0878 54.5771 55.6385 69.8561 69.3562 54.4437
threshold=30.500000000000004 inf -0.091631781309843049 -0.085616555064916597 0.82323232293128978 39.500000000000007 0.87373736500740062 60.500000000000007 0.021734355017542843 0.85353535413742077 -0.076012752950191484 35.500000000000007 34.500000000000007 8.5000000000000018
decision_type=10 8 2 2 2 8 2 10 2 2 2 8 10 10
left_child=2 -2 7 4 5 -4 9 -1 -9 10 11 13 -13 -5
right_child=1 -3 3 6 -6 -7 -8 8 -10 -11 -12 12 -14 -15
leaf_value=-0.00092590957562294865 -0.0010614114081465905 0.0095802774570753566 0.0073197747004845864 0.0077400038674563885 -0.018583556036853181 -0.013293432275942553 0.022254203322508877 0.010308884076303294 0.0014986991229978539 -0.02170954666824591 9.4323010623485921e-05 0.017032892692154532 -0.0061666058994391338 -0.0068763898798615787
leaf_weight=1422.8336408622563 21769.260537330061 430.81849489733577 457.42962992191315 437.2761404812336 337.81408233195543 312.28389179706573 101.75327099114656 1465.4773907903582 1133.2560358829796 88.958394415676594 16064.16977352649 598.81872652471066 137.78613344579935 460.75812878459692
leaf_count=7737 99765 2596 2249 2182 1549 1501 476 8945 7736 392 71312 2929 745 2063
internal_value=2.02408e-05 -0.000850676 0.000860193 0.000221592 -0.0065559 -0.00110653 0.00064461 0.00386878 0.00648741 0.00050856 0.000632429 0.00588786 0.0126688 0.000247571
internal_weight=45218.7 22200.1 23018.6 18997 1107.53 769.714 17889.5 4021.57 2598.73 17787.8 17698.8 1634.64 736.605 898.034
internal_count=212177 102361 109816 85398 5299 3750 80099 24418 16681 79623 79231 7919 3674 4245
is_linear=0
shrinkage=0.03


Tree=261
num_leaves=15
num_cat=0
split_feature=141 234 240 212 243 224 116 149 76 150 165 243 248 243
split_gain=37.911 36.4945 46.9941 38.3081 35.5863 96.0502 71.2719 48.4258 45.2646 41.8069 45.9444 55.9274 70.4966 53.4314
threshold=1.5000000000000002 84.500000000000014 -0.0084581132978200895 46.500000000000007 -0.028906738385558125 4.5000000000000009 11.500000000000002 36.500000000000007 59.500000000000007 44.500000000000007 61.500000000000007 -0.051831860095262521 0.62121212482452404 -0.073343258351087556
decision_type=8 10 10 10 2 8 8 10 8 10 10 2 2 2
left_child=-1 2 3 -2 6 -6 7 -4 -7 -8 11 12 -11 -14
right_child=1 -3 4 -5 5 8 9 -9 -10 10 -12 -13 13 -15
leaf_value=0.0094800361003705182 0.00073400636874933515 0.0024298551952352154 -0.014897329167693705 -0.0025008207411270711 0.017387707333507776 0.00097478673169604832 0.0025556155808998723 -0.0040200398935470085 -0.0041066594688217448 -0.022162959251531434 0.002123495931181251 -0.0029660894279156451 -0.019422678106198826 0.0082654544372389779
leaf_weight=363.96061513572931 24069.980045912787 4561.2508814521134 707.7748207077384 3807.2123670335859 252.20375280082226 3798.358506847173 1414.6310907378793 777.78076095879078 2685.0400111675262 351.98766858503222 875.51801938563585 1576.0566541329026 86.735937170684338 168.65276428312063
leaf_count=1601 114159 22687 3392 17172 1208 16282 6589 4068 12256 1725 4043 7054 400 786
internal_value=-3.25835e-05 -0.000111378 -0.000397601 0.000291485 -0.00190985 -0.000414515 -0.00359649 -0.00926735 -0.00113273 -0.00169689 -0.0036654 -0.00598574 -0.0136464 -0.00151561
internal_weight=45497.1 45133.2 40571.9 27877.2 12694.7 6735.6 5959.14 1485.56 6483.4 4473.58 3058.95 2183.43 607.376 255.389
internal_count=213422 211821 189134 131331 57803 29746 28057 7460 28538 20597 14008 9965 2911 1186
is_linear=0
shrinkage=0.03


Tree=262
num_leaves=15
num_cat=0
split_feature=151 35 226 10 188 146 249 140 249 226 147 70 178 64
split_gain=42.8971 42.4702 41.9325 36.8182 57.9961 54.3316 67.2263 50.3178 79.8792 52.2593 61.0808 49.9032 66.4046 75.9292
threshold=3.5000000000000004 7.5000000000000009 35.500000000000007 2.5000000000000004 22.500000000000004 98.500000000000014 0.83333334326744091 12.500000000000002 0.015151515137404205 12.500000000000002 52.500000000000007 9.5000000000000018 12.500000000000002 41.500000000000007
decision_type=10 8 8 10 10 10 2 10 2 10 10 8 8 10
left_child=1 2 -1 4 -2 -6 -7 8 9 10 -5 -9 -13 -14
right_child=3 -3 -4 7 5 6 -8 11 -10 -11 -12 12 13 -15
leaf_value=-0.016478081864933991 -0.0022028516900434894 -0.0017022930988711464 -0.00057071348090588221 0.022129930734027716 0.0064868550613961093 -0.0080337251744249365 0.019366372679883007 0.0038500646847150224 -0.0038059244947032536 0.00041977496291449357 -0.00061775466836402199 -0.0045340407103457462 0.0038156195474392581 -0.0003952025148359685
leaf_weight=368.87978530302644 1533.5851876679808 3433.6115177944303 247.17846285924315 242.24963372573256 2855.6903587412089 483.10783108323812 86.576834410429001 3438.8119558505714 6179.2627064473927 1199.3770453184843 182.61553119495511 2594.2010398507118 4922.4144097752869 17621.684557374567
leaf_count=1971 7690 16458 1134 1247 15301 3049 753 16496 27940 5052 859 12608 21988 80462
internal_value=-7.5251e-05 -0.00301799 -0.0102067 0.000213683 0.00263594 0.00480244 -0.00360739 -0.000117123 -0.00225058 0.00365365 0.0125632 0.00046604 1.77257e-06 0.000525498
internal_weight=45389.2 4049.67 616.058 41339.6 4958.96 3425.38 569.685 36380.6 7803.5 1624.24 424.865 28577.1 25138.3 22544.1
internal_count=213008 19563 3105 193445 26793 19103 3802 166652 35098 7158 2106 131554 115058 102450
is_linear=0
shrinkage=0.03


Tree=263
num_leaves=15
num_cat=0
split_feature=238 226 230 189 246 226 246 244 235 118 229 230 230 226
split_gain=39.034 50.5144 138.409 85.9379 84.9189 67.241 95.232 85.8867 66.5954 59.2684 82.3033 67.587 67.0769 62.465
threshold=-0.10774684697389601 43.500000000000007 28.500000000000004 27.500000000000004 0.014702155254781248 9.5000000000000018 0.089064702391624465 0.062363374978303916 69.500000000000014 96.500000000000014 36.500000000000007 3.5000000000000004 24.500000000000004 10.500000000000002
decision_type=10 10 8 8 2 8 2 2 10 10 10 8 8 10
left_child=1 3 4 9 -3 6 -5 -7 -8 11 13 -1 -13 -11
right_child=-2 2 -4 5 -6 7 8 -9 -10 10 -12 12 -14 -15
leaf_value=0.002179184654892054 -0.00090433839284975411 0.026790422966032016 0.0012340678183921853 0.0069498681203726672 0.0074044724689108906 -0.0020305444522338051 -0.014464012258781007 0.013236879385247122 0.0049271770800044514 -0.0018594073637407667 -0.028200900944751653 -0.011354621402302954 -0.0021319363985698851 0.014663281087822902
leaf_weight=859.16229715012014 24983.598944932222 284.74368028342724 6734.7797308415174 2907.2111924942583 696.56654719635844 4229.2874409779906 347.53902628645301 349.7944213077426 280.56462851539254 426.02448441274464 58.444942563772202 1639.997198164463 1255.2529081180692 385.04234555363655
leaf_count=4536 109348 1280 32284 16767 3399 20890 2333 2414 1808 2844 256 7365 5597 2134
internal_value=-0.000108893 0.000862654 0.00277651 -0.000297911 0.0132431 0.00156183 0.00466375 -0.000837969 -0.00586078 -0.00355785 0.00346972 -0.00519031 -0.00737717 0.00606756
internal_weight=45438 20454.4 7716.09 12738.3 981.31 8114.4 3535.31 4579.08 628.104 4623.92 869.512 3754.41 2895.25 811.067
internal_count=213255 103907 36963 66944 4679 44212 20908 23304 4141 22732 5234 17498 12962 4978
is_linear=0
shrinkage=0.03


Tree=264
num_leaves=15
num_cat=0
split_feature=141 232 119 78 226 243 245 226 226 37 244 188 126 122
split_gain=39.8926 39.965 56.5328 92.3538 60.8816 68.1409 63.366 53.975 55.4909 51.443 60.9888 50.7777 50.5705 48.8519
threshold=1.5000000000000002 87.500000000000014 51.500000000000007 20.500000000000004 87.500000000000014 -0.05810949765145778 -0.076765697449445711 44.500000000000007 33.500000000000007 55.500000000000007 0.012500731740146877 37.500000000000007 95.500000000000014 41.500000000000007
decision_type=8 10 10 10 10 2 2 10 10 10 2 10 10 10
left_child=-1 12 -3 9 5 6 -5 8 -7 11 -11 -4 -2 -10
right_child=1 2 3 4 -6 7 -8 -9 13 10 -12 -13 -14 -15
leaf_value=0.0098332650609212983 -0.00091554416741152205 -0.0016680600826196939 -0.0069053777421273265 0.0025755820233848248 -0.011019130410831864 0.0095816035953377888 -0.026266331021865666 0.019075847975494102 0.012522376000863806 0.012119671128361206 -0.020227243425240984 0.0069074033764763999 0.0028497333852037913 -0.018038881488923728
leaf_weight=349.99010659009218 34664.274992806837 2445.8098128885031 427.99217061512172 483.42994113638997 152.41260395571589 1576.6111127398908 69.652886688709259 484.83062365651131 64.381264925003052 59.502024691551924 235.12981603294611 518.71687957271934 3528.1252243518829 122.45738109946251
leaf_count=1545 158385 10718 2484 3023 778 7845 323 2195 286 327 1122 3357 19154 541
internal_value=-0.000113632 -0.000193458 0.00195279 0.00406273 0.00694137 0.00795426 -0.00145861 0.0102661 0.00775005 -0.00278773 -0.0135113 0.000655956 -0.000567062 -0.00740684
internal_weight=45183.3 44833.3 6640.93 4195.12 2953.78 2801.36 553.083 2248.28 1763.45 1241.34 294.632 946.709 38192.4 186.839
internal_count=212083 210538 32999 22281 14991 14213 3346 10867 8672 7290 1449 5841 177539 827
is_linear=0
shrinkage=0.03


Tree=265
num_leaves=15
num_cat=0
split_feature=245 231 230 230 244 224 226 244 244 229 224 230 242 231
split_gain=42.0908 49.1926 111.211 154.697 110.071 98.0755 80.3302 65.2038 107.122 76.2261 64.1024 79.5122 121.352 96.6337
threshold=-0.20590560883283612 91.500000000000014 62.500000000000007 21.500000000000004 0.0057207681238651284 71.500000000000014 98.500000000000014 0.010154518764466049 0.012641941197216513 6.5000000000000009 32.500000000000007 21.500000000000004 0.027695759199559692 61.500000000000007
decision_type=2 10 10 10 2 10 10 2 2 8 8 8 10 10
left_child=-1 10 3 4 -3 7 -4 9 -9 -6 -2 12 -12 -13
right_child=1 2 6 -5 5 -7 -8 8 -10 -11 11 13 -14 -15
leaf_value=0.014207398511154577 0.0017061067955892913 0.014883846504442765 0.011534887455030157 -0.015103887411955421 -0.024327374760731952 0.019407686980218535 -0.0041510556664430464 0.020929761265850236 -0.0043363832529498226 0.003266437749526879 -0.0099251100143528739 -0.0013161841017146599 0.0019105398120870547 0.0034558766485994702
leaf_weight=176.05711169168353 16651.488444685936 312.52249119058251 742.18215776607394 1003.3316963165998 275.92625084519386 151.3657341748476 475.4047818146646 150.0380961894989 2714.1700633876026 128.40122393518686 1904.2281508892775 14043.749759286642 1310.7297692671418 5234.1844663918018
leaf_count=2591 77963 1681 4133 4384 1304 865 2619 764 13934 637 8279 62717 6443 24263
internal_value=-3.22191e-05 -9.09466e-05 -0.00262923 -0.00470744 -0.00187983 -0.00345068 0.00542641 -0.00456522 -0.00294463 -0.0156971 0.000295665 -0.000748779 -0.00510879 -1.93939e-05
internal_weight=45273.8 45097.7 5953.34 4735.76 3732.42 3419.9 1217.59 3268.54 2864.21 404.327 39144.4 22492.9 3214.96 19277.9
internal_count=212577 209986 30321 23569 19185 17504 6752 16639 14698 1941 179665 101702 14722 86980
is_linear=0
shrinkage=0.03


Tree=266
num_leaves=15
num_cat=0
split_feature=98 165 246 78 142 238 10 230 64 146 231 228 230 243
split_gain=37.7825 69.7365 73.3003 51.8494 48.1724 48.1052 46.5847 53.1181 59.9607 53.0678 72.7536 63.4071 61.8837 83.8133
threshold=35.500000000000007 28.500000000000004 0.18666904419660571 18.500000000000004 93.500000000000014 -0.091318119317293153 16.500000000000004 59.500000000000007 47.500000000000007 70.500000000000014 25.500000000000004 52.500000000000007 81.500000000000014 -0.02524256985634565
decision_type=10 8 2 10 10 10 10 10 10 10 10 10 10 2
left_child=5 2 3 -2 -5 -1 -7 8 -8 10 12 -12 13 -9
right_child=1 -3 -4 4 -6 6 7 9 -10 -11 11 -13 -14 -15
leaf_value=0.00036035402698356204 -0.0073486819190599958 0.002567103374247435 -0.027282776075171995 -0.00088192443097097643 0.010971232425636438 -0.0059114002427664769 0.0050225142128508737 0.0043165348596252697 -0.001956536340738513 0.0013031410879844566 -0.014910352384927359 -0.0042025536665217045 0.0084803859792976759 -0.014580627912703446
leaf_weight=19365.625529741868 982.36510489881039 10492.005269419402 91.943957265466452 2350.8700712695718 345.02461637556553 2284.086192779243 2029.7610591650009 427.96556970477104 2416.7790852189064 1542.5825324952602 892.06339000165462 1135.6637250706553 486.51065819710493 400.49698769301176
leaf_count=94687 4687 50323 499 10598 1742 9922 8514 1770 10105 7288 3727 4807 2090 1637
internal_value=3.29363e-05 0.00131015 -0.00218532 -0.00148569 0.00067 -0.000555258 -0.00208073 -0.0011378 0.00123339 -0.00329414 -0.00541325 -0.00896332 8.73918e-05 -0.00488371
internal_weight=45243.7 14262.2 3770.2 3678.26 2695.89 30981.5 11615.9 9331.82 4446.54 4885.28 3342.7 2027.73 1314.97 828.463
internal_count=212396 67849 17526 17027 12340 144547 49860 39938 18619 21319 14031 8534 5497 3407
is_linear=0
shrinkage=0.03


Tree=267
num_leaves=15
num_cat=0
split_feature=70 222 148 140 30 232 106 120 248 178 226 226 59 226
split_gain=37.9299 71.9225 58.9686 62.3476 65.2199 51.24 63.9657 57.2537 195.965 57.2886 58.6038 79.3532 57.9339 55.3701
threshold=9.5000000000000018 40.500000000000007 2.5000000000000004 17.500000000000004 5.5000000000000009 87.500000000000014 90.500000000000014 20.500000000000004 0.73232322931289684 3.5000000000000004 55.500000000000007 93.500000000000014 46.500000000000007 44.500000000000007
decision_type=8 10 8 8 10 8 10 8 2 8 8 10 10 10
left_child=1 2 -1 -4 -5 7 -7 8 9 -2 12 -12 13 -11
right_child=5 -3 3 4 -6 6 -8 -9 -10 10 11 -13 -14 -15
leaf_value=-0.0076465735914101026 -0.014977480998983288 0.0077939987747760583 -0.0011813177807527739 -0.0031331532521236918 0.0075208035617861952 0.0029281082712148358 -0.012680077792122704 -0.0015055310715326694 -0.015431739696610026 -0.0062726691187677854 -0.00056366316316068597 0.0098484679373656171 0.012086379213514452 0.013516992678697408
leaf_weight=700.0355221722275 139.83812366425991 1489.3980575688183 3487.8695696219802 683.70744457095861 2053.9881555959582 5366.5878436155617 237.40118011832237 25096.932358240709 537.99261578172445 371.29576553404331 2967.5611703954637 836.37455734610558 1189.2078453674912 180.98430103063583
leaf_count=3797 593 6954 16775 3876 9966 27035 1119 116420 2305 1567 12892 3818 5113 762
internal_value=2.03195e-05 0.0018367 0.000546156 0.00147818 0.00485838 -0.000394019 0.00224549 -0.000866861 0.00170703 0.00335311 0.00384148 0.00174548 0.00838366 0.000337539
internal_weight=45339.2 8415 6925.6 6225.57 2737.7 36924.2 5603.99 31320.2 6223.25 5685.26 5545.42 3803.94 1741.49 552.28
internal_count=212992 41368 34414 30617 13842 171624 28154 143470 27050 24745 24152 16710 7442 2329
is_linear=0
shrinkage=0.03


Tree=268
num_leaves=15
num_cat=0
split_feature=245 190 228 248 222 248 248 124 144 245 248 228 222 90
split_gain=41.2774 36.8319 42.0662 77.0098 52.8281 84.1993 119.04 95.0011 79.2415 55.8923 179.698 129.171 125.744 113.779
threshold=-0.26005084812641138 90.500000000000014 93.500000000000014 0.57070705294609081 78.500000000000014 0.2575757503509522 0.7929292917251588 95.500000000000014 50.500000000000007 -0.071768112480640397 0.58080807328224193 72.500000000000014 39.500000000000007 15.500000000000002
decision_type=2 10 10 2 10 2 2 10 8 2 2 10 10 10
left_child=-1 2 4 -4 9 -6 7 8 -7 10 11 -2 -12 -14
right_child=1 -3 3 -5 5 6 -8 -9 -10 -11 12 -13 13 -15
leaf_value=0.024616540645443316 0.0099878336340416141 0.0037703437747925329 -0.0028907563225273607 -0.026612542712968965 -0.0010374408946160713 0.0025610946352831931 -0.02223781320656185 -0.0073031294698288809 0.020118660835285997 -0.0011710391323803157 -0.0013131024670902545 -0.027274028101416454 0.021372934514389989 4.3498744396868978e-05
leaf_weight=51.349677231162786 2307.6117198690772 2199.1758177950978 935.04076509177685 132.47879493236542 1529.3606520071626 332.83351218700409 92.266140453517437 198.90747923403978 773.62624617666006 25512.196840360761 10368.086274543777 77.448355063796043 426.29776610434055 465.03414334729314
leaf_count=854 13469 11050 4207 671 6734 1555 435 1024 3665 111443 53034 397 2330 2424
internal_value=2.54593e-05 -7.80564e-06 -0.000201186 -0.00605428 -5.13097e-05 0.00382932 0.00912431 0.0114933 0.0149074 -0.000342294 0.001207 0.00866903 -0.000379954 0.0103687
internal_weight=45401.7 45350.4 43151.2 1067.52 42083.7 2926.99 1397.63 1305.37 1106.46 39156.7 13644.5 2385.06 11259.4 891.332
internal_count=213292 212438 201388 4878 196510 13413 6679 6244 5220 183097 71654 13866 57788 4754
is_linear=0
shrinkage=0.03


Tree=269
num_leaves=15
num_cat=0
split_feature=233 56 106 47 231 243 245 249 231 224 231 224 249 249
split_gain=36.3572 57.6953 57.742 48.8536 38.8923 147.763 154.552 156.489 118.733 118.207 113.638 95.5948 92.4338 90.2422
threshold=99.500000000000014 37.500000000000007 84.500000000000014 1.0000000180025095e-35 26.500000000000004 -0.020488596521317955 -0.10350605472922324 0.015151515137404205 31.500000000000004 4.5000000000000009 22.500000000000004 87.500000000000014 0.26767677068710333 0.66161617636680614
decision_type=10 10 10 8 8 2 2 2 8 8 10 8 2 2
left_child=4 2 -2 -3 5 6 10 -8 13 -9 12 -11 -1 -6
right_child=1 3 -4 -5 8 -7 7 9 -10 11 -12 -13 -14 -15
leaf_value=-0.024864784864310482 0.010099407563974041 -0.017701354479025724 -0.016379082101646358 0.0013822044822941798 -0.0087858239524285717 -0.0025193768467948116 0.019398889216999549 0.030078667106164879 -0.00022765338776291295 0.0038984469861010535 0.013186285494110791 -0.021462857306502547 0.011820022007162402 0.019656274394318482
leaf_weight=338.77588617056608 1059.5262927245349 140.29657032713294 70.770589917898178 607.74559855461121 2091.6478044092655 5006.5513559132814 664.88773672282696 142.0220495685935 29985.766512233764 4824.4986503198743 126.38580910861492 127.73687752336264 68.846962183713913 96.189554832875729
leaf_count=1641 5817 684 333 2732 9248 21597 2818 631 143872 21472 707 566 422 558
internal_value=-1.2322e-05 0.00406285 0.00831243 -0.00238325 -0.00018929 0.00132409 0.00438093 0.00581637 -0.000721052 0.00400909 -0.0109223 0.00320235 -0.0185341 -0.00745161
internal_weight=45351.6 1878.34 1130.3 748.042 43473.3 11299.7 6293.15 5759.15 32173.6 5094.26 534.009 4952.24 407.623 2187.84
internal_count=213098 9566 6150 3416 203532 49854 28257 25487 153678 22669 2770 22038 2063 9806
is_linear=0
shrinkage=0.03


Tree=270
num_leaves=15
num_cat=0
split_feature=228 228 230 175 67 224 224 241 231 134 45 231 228 248
split_gain=36.7798 53.2247 72.809 42.869 51.173 46.1323 51.6081 115.186 77.0891 58.4025 71.5311 57.2551 87.7978 135.893
threshold=99.500000000000014 93.500000000000014 62.500000000000007 94.500000000000014 86.500000000000014 99.500000000000014 82.500000000000014 -1.231947064399719 14.500000000000002 64.500000000000014 63.500000000000007 91.500000000000014 8.5000000000000018 0.82323232293128978
decision_type=10 10 8 10 10 10 10 10 10 8 8 10 8 2
left_child=1 3 -3 4 5 6 11 8 -8 10 -9 -1 13 -13
right_child=-2 2 -4 -5 -6 -7 7 9 -10 -11 -12 12 -14 -15
leaf_value=0.0005095582763104421 0.016093277233148545 -0.024855816394709539 -0.0032525027214253877 0.0078131084270682757 -0.0039852577205023391 -0.023960117418171435 -0.018747902507399817 0.0024437562919796896 0.011500427504746216 0.0074905179411885476 -0.011695993769226053 -0.010522318988283931 0.0016287151851696647 0.0044025857751486142
leaf_weight=32483.842852624133 118.38194181770086 153.42927952110767 1029.9056810960174 642.83136898651719 2623.3596280701458 60.251558810472488 71.173114292323589 638.30524698644876 1454.1258549876511 485.52940221875906 633.97384607046843 2015.2138437181711 2110.6489517763257 746.82065177336335
leaf_count=149641 594 641 4890 3323 12126 263 331 2829 7340 2276 2747 10719 10284 4675
internal_value=5.87104e-05 1.31134e-05 -0.00623837 0.000182751 6.77543e-05 0.000329911 0.000371808 0.00397206 0.00997607 -0.00126475 -0.00463831 5.44193e-05 -0.0029746 -0.00648548
internal_weight=45267.8 45149.4 1183.33 43966.1 43323.2 40699.9 40639.6 3283.11 1525.3 1757.81 1272.28 37356.5 4872.68 2762.03
internal_count=212679 212085 5531 206554 203231 191105 190842 15523 7671 7852 5576 175319 25678 15394
is_linear=0
shrinkage=0.03


Tree=271
num_leaves=15
num_cat=0
split_feature=242 245 231 244 224 134 244 244 248 224 81 23 222 248
split_gain=41.1475 35.6728 36.5707 103.045 85.7311 133.7 123.126 90.1162 103.897 98.9774 95.5917 86.2451 84.0938 87.0205
threshold=0.01030772738158703 -0.26005084812641138 91.500000000000014 0.0040039366576820621 16.500000000000004 33.500000000000007 0.033885154873132713 0.05739694461226464 0.55050507187843334 2.5000000000000004 1.0000000180025095e-35 4.5000000000000009 86.500000000000014 0.66161617636680614
decision_type=8 2 10 2 10 10 2 2 2 8 10 8 10 2
left_child=-1 -2 -3 -4 5 -5 11 8 -8 10 -9 -7 -6 -14
right_child=1 2 3 4 12 6 7 9 -10 -11 -12 -13 13 -15
leaf_value=-0.0099284719889638374 0.023279961529491945 0.00034145398661308905 0.015417441658207633 -0.01648721229641846 0.0036088611139589422 0.015437846686265411 0.0015983179289182981 -0.029971592749606667 -0.026119204990075501 -0.017144204154037598 0.012723157543262798 -0.0022858725200130187 -0.0034590171743023933 -0.032905602103474117
leaf_weight=366.07933888584375 49.346036460250616 38933.085110794753 275.71400161087513 853.3531800583005 2117.0050226300955 417.63850077614188 173.95721349865198 44.380103792995214 386.87810848653316 215.6842491440475 365.30376921594143 580.11134757846594 460.55657026171684 103.2935277223587
leaf_count=1613 841 179257 1461 4187 11032 2459 832 303 1916 1222 2484 2717 2214 552
internal_value=-4.64618e-05 3.61608e-05 5.45581e-06 -0.00217395 -0.00304759 -0.00649016 -0.00252658 -0.00902531 -0.0176445 -0.00113948 0.00749419 0.0052125 0.000862332 -0.00933285
internal_weight=45342.4 44976.3 44927 5993.88 5718.16 3037.31 2183.95 1186.2 560.835 625.368 409.684 997.75 2680.86 563.85
internal_count=213090 211477 210636 31379 29918 16120 11933 6757 2748 4009 2787 5176 13798 2766
is_linear=0
shrinkage=0.03


Tree=272
num_leaves=15
num_cat=0
split_feature=240 226 77 103 140 231 226 230 231 249 231 101 116 241
split_gain=47.2404 41.1673 37.527 52.4024 50.0302 68.1508 71.5417 71.0027 93.8787 80.9028 87.0896 63.1157 62.4953 52.7354
threshold=0.13824921101331714 99.500000000000014 1.5000000000000002 3.5000000000000004 10.500000000000002 5.5000000000000009 35.500000000000007 15.500000000000002 98.500000000000014 0.37878787517547613 19.500000000000004 4.5000000000000009 34.500000000000007 -1.0000000180025095e-35
decision_type=8 10 8 8 10 8 10 10 10 2 10 10 10 8
left_child=1 2 -1 -4 5 6 -5 8 11 10 -9 13 -13 -7
right_child=-2 -3 3 4 -6 7 -8 9 -10 -11 -12 12 -14 -15
leaf_value=-0.0045464809988033043 0.016647059904480413 -0.0074369458610546906 0.0038782064118333998 -0.025215633204854388 0.00051942943306319215 -0.0047535638464151694 -0.00028062859359475093 0.0041696038011419514 -0.01762849066954757 0.010296071787584486 -0.0078224739534152789 0.0074443990985766468 -0.005531614513900023 0.0098901756695493077
leaf_weight=1500.2995075657964 143.77913680672646 651.65032913908362 3322.2095934059471 218.01627352833748 31144.307998687029 1332.2824561838061 190.14184664934874 661.27864503115416 214.95243760198355 303.01766250655055 2951.0293622463942 2028.4543905034661 391.92129578441381 255.39909001067281
leaf_count=7713 868 3068 16751 976 143990 6565 817 2776 1203 1411 12719 10131 1839 2097
internal_value=4.77103e-05 -8.80578e-06 0.000101584 0.000264728 -3.86287e-05 -0.00207048 -0.0138841 -0.00146169 0.00123563 -0.00436671 -0.00562172 0.00228867 0.00532913 -0.00235077
internal_weight=45308.7 45165 44513.3 43013 39690.8 8546.49 408.158 8138.34 4223.01 3915.33 3612.31 4008.06 2420.38 1587.68
internal_count=212924 212056 208988 201275 184524 40534 1793 38741 21835 16906 15495 20632 11970 8662
is_linear=0
shrinkage=0.03


Tree=273
num_leaves=15
num_cat=0
split_feature=245 193 244 119 224 230 243 244 224 88 230 223 245 244
split_gain=35.5292 101.033 90.5026 77.067 75.2922 96.4906 85.8561 78.2642 44.1211 51.5443 45.3426 41.1216 40.8491 106.605
threshold=-0.11150914430618285 89.500000000000014 0.024178157560527328 20.500000000000004 2.5000000000000004 8.5000000000000018 -0.083881396800279603 0.028526660986244682 46.500000000000007 1.5000000000000002 31.500000000000004 17.500000000000004 -0.10456265509128569 0.0050869749393314132
decision_type=2 10 2 10 10 8 2 2 10 10 10 8 2 2
left_child=1 2 3 11 6 -6 -4 -7 9 -9 -11 -1 13 -2
right_child=12 -3 4 -5 5 7 -8 8 -10 10 -12 -13 -14 -15
leaf_value=-0.026849262303125062 -0.030605159944501564 0.018317697420433786 -0.0038714325494131124 0.0077231993705598797 -0.022645860093681417 -0.029850928647723776 0.025496378044684031 -0.015282498884196373 -0.018426440880887362 0.024334657962593435 -0.0087442904897199174 0.002651303809488248 -0.0001964162615088498 -0.0022690895082937445
leaf_weight=84.570761788636446 130.63021548837423 334.11230109632015 313.72729931771755 1473.4388409834355 340.81068313121796 56.70603234320879 114.28992554917932 46.098865035921335 46.058432724326849 161.99826190248132 42.031538970768452 74.284791372716427 41253.371181242168 808.56790840625763
leaf_count=369 651 2372 2871 10055 1912 310 1275 284 297 1057 280 444 186272 4431
internal_value=-0.000110429 0.00299045 0.00107144 0.00556612 -0.00546048 -0.011504 0.00437347 -0.00041606 0.00601022 0.0110453 0.01743 -0.013714 -0.000338041 -0.00649118
internal_weight=45280.7 3088.13 2754.02 1632.29 1121.72 693.704 428.017 352.893 296.187 250.129 204.03 158.856 42192.6 939.198
internal_count=212880 21526 19154 10868 8286 4140 4146 2228 1918 1621 1337 813 191354 5082
is_linear=0
shrinkage=0.03


Tree=274
num_leaves=15
num_cat=0
split_feature=70 81 230 226 226 230 224 193 226 230 228 249 134 224
split_gain=36.9031 77.7199 52.7847 90.9866 68.4565 81.0698 63.1909 56.4344 58.9332 82.94 60.293 53.3271 52.1118 56.242
threshold=79.500000000000014 53.500000000000007 80.500000000000014 66.500000000000014 87.500000000000014 85.500000000000014 29.500000000000004 98.500000000000014 36.500000000000007 69.500000000000014 42.500000000000007 0.27777777612209326 88.500000000000014 32.500000000000007
decision_type=10 10 10 10 10 10 10 10 8 10 10 2 10 8
left_child=2 -2 7 -4 5 -5 -6 12 -9 -10 -11 -7 13 -1
right_child=1 -3 3 4 6 11 -8 8 9 10 -12 -13 -14 -15
leaf_value=0.0015520902506802722 -0.006718175284079855 4.7649403379193001e-06 -0.011434362553719457 0.017152935619519048 -0.018083462198721454 -0.0011753468342072372 0.0026306393698570965 0.0025277373792817843 -0.016974784856748502 0.015570537532355004 -0.011562896026101261 0.015255019954205713 -0.0043183131316966647 -0.0010785480529596277
leaf_weight=17173.052055098116 2226.5215135291219 5023.997704744339 341.24242334067822 680.32369770109653 129.67744048684835 641.16632378846407 2608.5168987549841 454.103226095438 592.77249478921294 145.56681964546442 130.43750964850187 235.33772562071681 2223.249559847638 12726.576387770474
leaf_count=82019 9957 23395 1501 3220 671 2832 12758 2162 2642 744 624 1163 11929 57601
internal_value=-0.000106045 -0.00206615 0.000267589 0.00326384 0.00445547 0.00945756 0.00158741 -0.000148603 -0.00619741 -0.0107349 0.00279155 0.00335846 0.000102349 0.00043239
internal_weight=45332.5 7250.52 38082 4636.26 4295.02 1556.83 2738.19 33445.8 1322.88 868.777 276.004 876.504 32122.9 29899.6
internal_count=213218 33352 179866 22145 20644 7215 13429 157721 6172 4010 1368 3995 151549 139620
is_linear=0
shrinkage=0.03


Tree=275
num_leaves=15
num_cat=0
split_feature=98 165 189 104 244 246 229 60 77 231 107 241 229 246
split_gain=39.1999 49.4384 42.8498 56.8249 41.7544 70.5557 85.1153 79.302 76.3888 73.0185 68.9997 64.3765 60.6238 64.5364
threshold=42.500000000000007 28.500000000000004 73.500000000000014 81.500000000000014 0.021064508706331257 0.045819401741027839 90.500000000000014 37.500000000000007 4.5000000000000009 67.500000000000014 1.5000000000000002 -2.0854367017745967 42.500000000000007 0.0071490607224404821
decision_type=10 8 10 8 2 2 10 10 10 10 10 8 10 2
left_child=4 2 3 -2 5 6 -1 -8 10 -10 -7 -6 -13 -14
right_child=1 -3 -4 -5 11 8 7 -9 9 -11 -12 12 13 -15
leaf_value=-0.00070068260296883599 -0.0020120925377789885 0.0026807294879474882 0.0031769622294041547 -0.015295405566962668 -0.0082881970628073485 0.0077854449993785477 -0.0070695109517910637 0.016390021079278734 0.014453619903910494 -0.0011321870591322553 -0.014893068571622765 0.0017931995167658765 0.02608660996552364 -0.0042331744999133964
leaf_weight=23634.396037416533 1496.1453708298504 8024.1751042082906 961.17483322694898 350.75157266110182 1389.4852408803999 216.34742546454072 169.98600468784571 478.94303078204393 871.16242885217071 388.39963928237557 250.52453840523958 3227.8742295540869 54.384278848767281 3875.1897537149489
leaf_count=106072 6834 38782 4724 1579 8463 1195 786 2336 4218 2257 1131 16547 244 18117
internal_value=-9.12884e-05 0.00148258 -0.00193855 -0.00460356 -0.000584924 1.31164e-05 -0.000404467 0.0102308 0.00585518 0.00967651 -0.00444101 -0.00240275 -0.00125023 -0.0037484
internal_weight=45388.9 10832.2 2808.07 1846.9 34556.7 26009.8 24283.3 648.929 1726.43 1259.56 466.872 8546.93 7157.45 3929.57
internal_count=213285 51919 13137 8413 161366 117995 109194 3122 8801 6475 2326 43371 34908 18361
is_linear=0
shrinkage=0.03


Tree=276
num_leaves=15
num_cat=0
split_feature=233 230 229 127 58 248 25 230 122 142 222 189 229 248
split_gain=42.4113 51.2574 89.7199 143.182 89.7962 87.2758 79.0071 74.3059 80.5509 67.5182 62.3942 53.8561 61.6444 47.0601
threshold=55.500000000000007 24.500000000000004 25.500000000000004 45.500000000000007 36.500000000000007 0.40909090638160711 17.500000000000004 20.500000000000004 29.500000000000004 75.500000000000014 23.500000000000004 59.500000000000007 74.500000000000014 0.62121212482452404
decision_type=10 10 10 10 10 2 10 8 10 10 10 10 10 2
left_child=-1 2 4 5 9 -4 -3 13 -9 10 -2 -8 -13 -7
right_child=1 6 3 -5 -6 7 11 8 -10 -11 -12 12 -14 -15
leaf_value=-0.00078351798349527227 0.0034715477492831322 0.006116356260369959 -0.0010560708221511947 0.0060887593872601632 -0.0036753589726156413 -0.033307681863997261 -0.001883587377804 0.014390618826822993 -0.018621471550149763 -0.00096478580180578443 0.013179193198589139 0.0074937035685347419 -0.0024111325826823601 -0.01516623558133154
leaf_weight=25487.046979876235 2741.1646915785968 3641.5503776744008 427.26789730787277 558.14487563073635 2658.1637696772814 253.26058343052864 3487.9969221353531 111.1742956340313 138.15991542488337 2351.549589606002 756.04395657777786 1554.957710750401 879.32380095869303 315.02702015638351
leaf_count=118873 13455 16563 1869 2671 12509 1161 15123 489 614 13947 3718 6929 3901 1395
internal_value=2.63857e-05 0.00106491 -0.000402513 -0.00646193 0.000887855 -0.0120927 0.00264559 -0.0177777 -0.00391457 0.00296449 0.00560179 0.000504742 0.0039206 -0.0236872
internal_weight=45360.8 19873.8 10310 1803.03 8506.92 1244.89 9563.83 817.622 249.334 5848.76 3497.21 5922.28 2434.28 568.288
internal_count=213217 94344 51828 8199 43629 5528 42516 3659 1103 31120 17173 25953 10830 2556
is_linear=0
shrinkage=0.03


Tree=277
num_leaves=15
num_cat=0
split_feature=194 190 230 226 144 51 249 144 153 232 132 242 29 140
split_gain=38.6035 65.4175 61.3096 48.3815 88.5394 63.1825 47.3869 48.9602 49.9534 47.2072 49.6214 46.2743 38.983 40.3497
threshold=30.500000000000004 3.5000000000000004 20.500000000000004 2.5000000000000004 7.5000000000000009 23.500000000000004 0.85353535413742077 87.500000000000014 18.500000000000004 76.500000000000014 22.500000000000004 0.013706909492611887 inf 12.500000000000002
decision_type=10 10 10 8 10 10 2 10 10 10 10 8 8 10
left_child=3 2 9 4 5 -1 7 -6 -9 -2 -11 -3 13 -13
right_child=1 11 -4 -5 6 -7 -8 8 -10 10 -12 12 -14 -15
leaf_value=0.0059488630292688117 -0.016180316442565429 -0.0062189248092647314 0.0013023714001996767 0.00038820495834877334 0.008179665217812054 -0.031398729079741242 0.026094515617561626 0.013567358369551632 -0.0085468199658390032 0.0043767992227453124 -0.013183833027543865 -0.0030461469242458353 0.0091975006613839224 0.00041655889437471581
leaf_weight=64.660754106938839 604.13783921673894 1162.4655061215162 606.81750010699034 20887.703063316643 1515.909558493644 88.974175579845905 98.028884828090668 114.01951309852302 347.87671782448888 295.18859159573913 267.50699983537197 3776.1201660577208 389.15439461171627 15130.27549521625
leaf_count=360 3104 5183 2723 97382 8868 398 759 819 2007 1690 1456 16991 2385 69176
internal_value=-2.04947e-05 -0.000912836 -0.00642305 0.000837689 0.00502833 -0.0162772 0.00667565 0.00558673 -0.00291609 -0.0104176 -0.00405601 -0.000432212 -8.05488e-05 -0.000276282
internal_weight=45348.8 22231.7 1773.65 23117.2 2229.47 153.635 2075.83 1977.81 461.896 1166.83 562.696 20458 19295.6 18906.4
internal_count=213301 102708 8973 110593 13211 758 12453 11694 2826 6250 3146 93735 88552 86167
is_linear=0
shrinkage=0.03


Tree=278
num_leaves=15
num_cat=0
split_feature=243 245 120 193 245 230 224 228 228 230 147 141 245 246
split_gain=40.1455 48.892 65.2005 48.2016 62.4902 69.3864 56.303 51.0162 57.1715 101.681 73.7573 61.0249 60.355 62.1469
threshold=-0.0086467983201146108 -0.053768776357173913 94.500000000000014 71.500000000000014 -0.11150914430618285 69.500000000000014 37.500000000000007 93.500000000000014 27.500000000000004 51.500000000000007 51.500000000000007 83.500000000000014 -0.084423299878835664 0.036946998909115798
decision_type=2 2 8 8 2 8 8 10 10 10 10 10 2 2
left_child=3 2 -2 7 -5 -6 -7 8 9 11 -11 -1 13 -10
right_child=1 -3 -4 4 5 6 -8 -9 12 10 -12 -13 -14 -15
leaf_value=0.00061573385391173877 -0.020923747210884934 -0.0018989433131782112 0.008509171182718156 0.0088671619827014377 -0.00044195141103116169 0.010186007344598748 0.0022891605108834498 -0.010327769272975606 0.016098197269740488 -0.0028711533909009115 -0.016068022984864011 -0.0040365696580910385 0.00059313140597705525 -0.0011144453936366592
leaf_weight=8404.8926279172301 257.90186443179846 3530.2730775475502 84.434063099324703 945.91091590560973 10870.110833637416 965.46818666160107 4931.4765750616789 471.45918068289757 464.64705032855272 833.16924598067999 701.04367725551128 3623.7108573876321 8937.2409642636776 311.42550450563431
leaf_count=39904 1165 15399 470 6829 48226 4713 24200 2112 2666 3613 3053 19746 39212 1817
internal_value=-5.12563e-05 -0.0029683 -0.0136289 0.000221859 0.00140584 0.000979879 0.00359711 -0.000661476 -0.000461334 -0.00171905 -0.00896634 -0.000787998 0.00129479 0.00926473
internal_weight=45333.2 3872.61 342.336 41460.6 17713 16767.1 5896.94 23747.6 23276.1 13562.8 1534.21 12028.6 9713.31 776.073
internal_count=213125 17034 1635 196091 83968 77139 28913 112123 110011 66316 6666 59650 43695 4483
is_linear=0
shrinkage=0.03


Tree=279
num_leaves=15
num_cat=0
split_feature=147 148 195 194 119 192 71 24 145 226 41 78 192 143
split_gain=44.6494 47.7287 49.1919 76.1399 48.0246 42.5126 41.4958 37.577 38.5531 35.5378 35.5053 34.3211 33.4659 41.291
threshold=97.500000000000014 83.500000000000014 66.500000000000014 30.500000000000004 96.500000000000014 83.500000000000014 26.500000000000004 21.500000000000004 9.5000000000000018 2.5000000000000004 2.5000000000000004 11.500000000000002 1.0000000180025095e-35 72.500000000000014
decision_type=10 10 10 10 10 10 10 10 10 8 10 10 10 10
left_child=1 2 3 4 9 6 -6 10 -9 -1 -3 -8 13 -5
right_child=-2 7 -4 12 5 -7 11 8 -10 -11 -12 -13 -14 -15
leaf_value=0.0048501359741399816 -0.0047533424651609139 -0.0077500269748709974 0.0017764268903802381 0.0010288161271280818 0.0077042932808208528 0.014195119379944129 -0.010602328354689119 0.013297948221545874 0.00087765622047900743 -0.0005743636406561162 0.0085422931041076837 0.0020470436520030758 -0.0023942375435092715 -0.020792540509293054
leaf_weight=1174.3299641739577 1687.2828019112349 125.71135189384222 8487.4695519208908 127.7909220866859 812.35195886343718 345.2056024633348 258.46576246805489 224.84677751362324 5385.9795327223837 13212.013086710125 1217.5989450849593 678.9993834272027 11484.82174484618 186.89272622764111
leaf_count=6337 7683 673 39968 602 5582 2115 1527 937 24594 60297 6083 3549 52467 1085
internal_value=2.06788e-05 0.000205957 -0.00022531 -0.000826474 0.000490669 0.00472293 0.0027842 0.00248323 0.00139816 -0.000128511 0.0069716 -0.00151557 -0.0026651 -0.0121723
internal_weight=45409.8 43722.5 36768.3 28280.9 16481.4 2095.02 1749.82 6954.14 5610.83 14386.3 1343.31 937.465 11799.5 314.684
internal_count=213499 205816 173529 133561 79407 12773 10658 32287 25531 66634 6756 5076 54154 1687
is_linear=0
shrinkage=0.03


Tree=280
num_leaves=15
num_cat=0
split_feature=188 248 193 229 229 248 224 249 243 248 224 229 243 224
split_gain=37.7845 37.3417 31.2976 64.9501 176.352 96.4239 82.9591 76.9661 64.3627 59.4594 95.5137 88.6136 64.6167 63.6777
threshold=83.500000000000014 0.055555555969476707 73.500000000000014 35.500000000000007 54.500000000000007 0.52020201086997997 98.500000000000014 0.055555555969476707 -0.032258400693535798 0.69191917777061474 17.500000000000004 12.500000000000002 -0.014794738031923769 32.500000000000007
decision_type=10 2 10 8 10 2 10 2 2 2 10 10 2 10
left_child=1 -1 -3 9 -5 -6 7 -7 -8 -4 11 -11 13 -12
right_child=-2 2 3 4 5 6 8 -9 -10 10 12 -13 -14 -15
leaf_value=-0.0055807749485716016 0.0024845331785298447 -0.00077367335318499894 0.0069059712049139993 -0.0080166156976921518 -1.1632791018869687e-05 0.0022793350987529923 0.0094056315478370772 0.019374793193955204 -0.041411335814905463 -0.0014710346714716775 0.019845854744863445 -0.023384021492916754 -0.022573200267661034 -0.001291921106240829
leaf_weight=1225.6796538233757 4377.8166284970939 29653.825659804046 2526.286006256938 2015.3549320176244 2860.7875762917101 388.49609346687794 36.426897816359997 609.98711656779051 37.999911770224571 709.64532968401909 327.81976613402367 207.45330102741718 44.770524606108665 204.90425043553114
leaf_count=5308 22232 138514 11510 8747 13284 1875 224 3808 203 3471 1539 892 191 953
internal_value=-0.000160989 -0.000445047 -0.000284816 0.00116852 -0.000822367 0.00287445 0.0104989 0.0128117 -0.0183717 0.00410886 -0.00063354 -0.00662665 0.0088347 0.0118415
internal_weight=45227.3 40849.4 39623.8 9969.93 5949.05 3933.7 1072.91 998.483 74.4268 4020.88 1494.59 917.099 577.495 532.724
internal_count=212751 190519 185211 46697 28141 19394 6110 5683 427 18556 7046 4363 2683 2492
is_linear=0
shrinkage=0.03


Tree=281
num_leaves=15
num_cat=0
split_feature=92 147 31 249 224 152 226 244 46 224 224 226 72 226
split_gain=36.7875 39.996 42.6437 57.715 99.0716 87.1754 72.7021 73.3676 98.5656 73.4601 69.1857 54.9556 53.3424 51.3974
threshold=68.500000000000014 97.500000000000014 65.500000000000014 0.66161617636680614 15.500000000000002 59.500000000000007 22.500000000000004 0.019662127830088142 11.500000000000002 39.500000000000007 4.5000000000000009 48.500000000000007 68.500000000000014 12.500000000000002
decision_type=10 10 8 2 8 10 8 2 8 10 8 8 8 8
left_child=1 2 -1 4 5 10 7 8 -6 -9 -4 -12 13 -5
right_child=-2 -3 3 12 6 -7 -8 9 -10 -11 11 -13 -14 -15
leaf_value=0.00052357500959906663 0.0047544239027015782 -0.0049451694621019124 0.0043356868419211934 0.012806280872830146 -0.01630205933635305 -0.01776975296987458 -0.0024204513228137043 0.023583561298661397 0.0081448067229134957 0.00022508162104223659 -0.012512710927688872 0.005349369817380845 -0.013239892134105681 0.00055060473321216015
leaf_weight=33310.008308175951 1414.2139270305634 1498.3621126934886 526.4952780418098 529.26606819033623 224.45980345457792 612.83970494940877 4489.3651571907103 302.17069884389639 394.60675324499607 198.36439364403486 787.83449783176184 186.35875551402569 138.44941557943821 720.23939443379641
leaf_count=155283 7163 6756 2878 3135 1020 2881 21076 1580 1792 963 3672 828 655 3568
internal_value=9.2143e-06 -0.000144632 2.60566e-05 -0.00179157 -0.00280408 -0.00832309 -0.00071334 0.00609265 -0.000837326 0.0145122 -0.00437324 -0.00907614 0.00382173 0.00580233
internal_weight=45333 43918.8 42420.5 9110.45 7722.5 2113.53 5608.97 1119.6 619.067 500.535 1500.69 974.193 1387.95 1249.51
internal_count=213250 206087 199331 44048 36690 10259 26431 5355 2812 2543 7378 4500 7358 6703
is_linear=0
shrinkage=0.03


Tree=282
num_leaves=15
num_cat=0
split_feature=233 29 246 103 228 248 178 146 139 29 137 45 110 34
split_gain=33.9944 65.636 56.6159 49.9964 57.5468 105.334 68.2789 55.2807 67.2819 65.8272 58.6168 58.591 59.2429 47.2045
threshold=52.500000000000007 inf 0.0021583283087238674 3.5000000000000004 3.5000000000000004 0.82323232293128978 48.500000000000007 98.500000000000014 32.500000000000007 5.5000000000000009 89.500000000000014 36.500000000000007 94.500000000000014 20.500000000000004
decision_type=8 8 2 8 8 2 8 10 8 8 10 10 10 10
left_child=1 2 -1 -2 5 6 13 8 10 -9 -6 12 -12 -5
right_child=3 -3 -4 4 7 -7 -8 9 -10 -11 11 -13 -14 -15
leaf_value=-0.023374156295459966 0.0053444486805528371 0.010648739389822005 -0.00089095774240770709 -0.015045613684990402 0.0041814439097975376 0.0076612407338499996 0.0084168575966142769 -0.015823820458765729 -0.00031702617629514248 0.0014140367598099116 -0.022509695904360125 0.01220727573139843 0.0016922160658308742 -0.0027049494319941435
leaf_weight=91.266213074326515 2031.6289672553539 434.5339670330286 22892.402377681807 842.61621733754873 6847.2948977723718 473.13430605456233 179.86495092883706 369.64998432248831 9864.0925187431276 416.74121061712503 206.8920762501657 105.0933420881629 154.60290754586458 422.21505083143711
leaf_count=392 10955 2662 104791 4317 32760 3017 913 1964 44720 2343 986 529 791 2067
internal_value=2.4603e-05 -0.000769942 -0.000990363 0.000873657 0.00041436 -0.00451169 -0.00852356 0.00094247 0.0013 -0.00678572 0.00347831 -0.00671157 -0.0123922 -0.0109797
internal_weight=45332 23418.2 22983.7 21913.8 19882.2 1917.83 1444.7 17964.4 17178 786.391 7313.88 466.588 361.495 1264.83
internal_count=213207 107845 105183 105362 94407 10314 7297 84093 79786 4307 35066 2306 1777 6384
is_linear=0
shrinkage=0.03


Tree=283
num_leaves=15
num_cat=0
split_feature=92 69 231 245 228 231 52 123 246 52 9 137 77 229
split_gain=39.5999 46.6278 48.4561 56.6651 112.147 52.7958 52.6289 49.1668 48.6609 46.3618 75.9582 68.7408 79.2092 67.2793
threshold=66.500000000000014 11.500000000000002 88.500000000000014 -0.088243547827005372 4.5000000000000009 97.500000000000014 62.500000000000007 3.5000000000000004 0.012971702031791212 32.500000000000007 19.500000000000004 86.500000000000014 45.500000000000007 8.5000000000000018
decision_type=10 8 8 2 10 10 8 10 2 10 10 10 10 10
left_child=1 2 6 -4 -5 -6 7 8 -1 11 -11 -3 13 -13
right_child=-2 9 3 4 5 -7 -8 -9 -10 10 -12 12 -14 -15
leaf_value=0.004942348971347872 0.0044435657356889525 -0.001592537188123484 0.0031100488258837093 -0.024348357616573793 -0.0060508861747230165 0.013127947930100047 -0.003531592935712688 0.0044721438101659539 -0.0050099646264685415 0.0073999605716652071 -0.00028955855281426467 0.0090330316322435131 -0.024817697876221925 -0.014593233128766557
leaf_weight=718.60911140032113 1717.1678947731853 13305.281979555264 729.86203475669026 259.99549493938684 538.28016942739487 159.1091715991497 1186.3655844144523 6280.7518586050719 1115.4366328399628 1228.8722602017224 17309.566490910947 198.55111318454146 240.26715657114983 216.91585874557495
leaf_count=3282 8651 63138 4976 1160 2421 794 5559 29486 5461 5750 78365 1340 1160 1055
internal_value=-1.14146e-05 -0.000188306 0.00150024 -0.00316422 -0.00793011 -0.00155151 0.00234887 0.00321187 -0.00110483 -0.000759507 0.000223877 -0.00206454 -0.011474 -0.00335534
internal_weight=45205 43487.9 10988.4 1687.25 957.385 697.389 9301.16 8114.8 1834.05 32499.5 18538.4 13961 655.734 415.467
internal_count=212598 203947 53139 9351 4375 3215 43788 38229 8743 150808 84115 66693 3555 2395
is_linear=0
shrinkage=0.03


Tree=284
num_leaves=15
num_cat=0
split_feature=151 246 245 243 222 226 245 243 243 245 249 246 224 249
split_gain=43.3119 49.2507 63.8779 158.969 138.966 75.1469 55.6825 49.0207 92.2051 47.2673 100.718 115.972 133.946 96.5695
threshold=3.5000000000000004 0.0064658261835575112 -0.064105018973350511 -0.037436131387948983 14.500000000000002 8.5000000000000018 -0.096207998692989335 -0.022958738729357716 -0.027958919294178482 -0.075521316379308687 0.52020201086997997 0.050049435347318656 42.500000000000007 0.32828283309936529
decision_type=10 2 2 2 8 10 2 2 2 2 2 2 10 2
left_child=-1 2 3 4 5 -2 -7 8 -5 10 11 12 -3 -14
right_child=1 9 -4 7 -6 6 -8 -9 -10 -11 -12 -13 13 -15
leaf_value=-0.0029641562848042708 0.020084981458764754 -0.0001329937381675527 0.010125510092756527 -0.019633019455315915 0.025142739144461301 0.0081352913609597944 -0.019019858621641149 -0.035043275297888275 0.012154214489683821 -0.00057590253499652288 -0.0035626971643286129 0.014104037924791712 0.011110373490017126 -0.017645608986128231
leaf_weight=4017.3092835433781 88.254403622820973 5504.2375319860876 1015.7073880210519 235.25249077752233 266.98976097255945 94.738868944346905 194.95722410827875 74.904024839401245 115.30085594952106 28651.947855062783 2435.4618681296706 807.22526745125651 1664.0553121119738 103.34164448827505
leaf_count=19445 608 27928 4301 1075 1326 467 854 315 499 126721 14866 5023 9136 537
internal_value=5.42488e-06 0.000295262 0.00477549 -0.000347914 0.00899554 -0.00276514 -0.0101642 -0.0143927 -0.00913072 5.54746e-05 0.00177491 0.00338641 0.00217891 0.00933916
internal_weight=45269.7 41252.4 2086.11 1070.4 644.94 377.95 289.696 425.457 350.553 39166.3 10514.3 8078.86 7271.63 1767.4
internal_count=213101 193656 9445 5144 3255 1929 1321 1889 1574 184211 57490 42624 37601 9673
is_linear=0
shrinkage=0.03


Tree=285
num_leaves=15
num_cat=0
split_feature=175 238 60 184 191 226 178 225 231 231 226 249 231 226
split_gain=35.1725 34.759 55.9744 56.9543 52.2636 42.4551 43.4046 83.2439 74.3832 58.6295 84.9838 168.217 119.481 114.004
threshold=94.500000000000014 -0.12474110722541808 83.500000000000014 50.500000000000007 63.500000000000007 99.500000000000014 11.500000000000002 77.500000000000014 86.500000000000014 69.500000000000014 49.500000000000007 1.0000000180025095e-35 54.500000000000007 81.500000000000014
decision_type=10 10 10 10 10 8 8 10 10 10 10 2 10 10
left_child=1 2 4 -4 -1 6 7 -3 -9 10 11 -8 -13 -12
right_child=-2 5 3 -5 -6 -7 9 8 -10 -11 13 12 -14 -15
leaf_value=-0.00061806819200880224 0.0060417103518546292 -0.001883865210960279 0.00021538917462535638 0.0090838056452770388 0.0045524193280072449 -0.0071415311556684387 0.019006366848554546 0.00017596100533359845 -0.027956641302503499 0.0026429200404161257 -0.0050936908596976947 0.0025040231244407266 -0.0067744908113021749 0.0017054324798396008
leaf_weight=10123.589729785919 860.0705231949687 4962.4077898040414 1183.9585483241826 1441.2159916590899 2119.1718243137002 868.2197620049119 457.94226460158825 138.90640604496002 205.80487943440676 6080.5325609147549 6174.2606324702501 5614.4538758844137 1595.6804573237896 3455.7136518061161
leaf_count=52323 4434 22000 6569 9007 10826 4283 1914 642 903 28121 26155 23835 6869 15191
internal_value=6.81472e-05 -4.88433e-05 0.00113385 0.00510013 0.000279907 -0.000644013 -0.000444935 -0.00289148 -0.0169348 0.000111447 -0.000779417 0.00157591 0.000444049 -0.00265459
internal_weight=45281.9 44421.9 14867.9 2625.17 12242.8 29553.9 28685.7 5307.12 344.711 23378.6 17298.1 7668.08 7210.13 9629.97
internal_count=213072 208638 78725 15576 63149 129913 125630 23545 1545 102085 73964 32618 30704 41346
is_linear=0
shrinkage=0.03


Tree=286
num_leaves=15
num_cat=0
split_feature=194 237 12 195 226 148 119 228 222 248 226 226 145 226
split_gain=36.8469 52.6447 43.9835 47.28 44.3085 43.6591 36.917 37.0841 48.3085 54.825 36.712 97.8872 46.5607 37.275
threshold=22.500000000000004 0.1912718936800957 6.5000000000000009 33.500000000000007 99.500000000000014 91.500000000000014 92.500000000000014 93.500000000000014 72.500000000000014 0.2575757503509522 12.500000000000002 41.500000000000007 83.500000000000014 49.500000000000007
decision_type=8 2 10 10 10 10 10 10 8 2 8 8 10 8
left_child=-1 2 4 5 10 -4 7 8 -5 -10 12 -12 -2 -13
right_child=1 -3 3 6 -6 -7 -8 -9 9 -11 11 13 -14 -15
leaf_value=0.001558977777439704 0.0072143084374265724 0.0068158132517082363 -0.0019701907398178477 0.001335489385794754 -0.02091169507102068 0.0031817435564798009 -0.0027784781824744288 -0.006619217577841151 0.0019454596325665188 0.013681841650019634 -0.010236546039945038 0.0082676638141611428 -0.0037793139317263838 -0.0020138631556421206
leaf_weight=11301.297246702015 663.31462804228067 871.89902641996741 12304.317134156823 9873.7157086823136 112.79339714720845 1673.5685116909444 1867.0681182816625 448.29025969654322 807.66541372984648 639.42526661604643 1468.2089254893363 363.40816751122475 705.66085242107511 2105.0434966981411
leaf_count=54333 3338 5424 55572 44511 549 7553 9721 2026 3530 3016 6555 1635 4242 10730
internal_value=7.62529e-05 -0.000418296 -0.000611246 -0.000125909 -0.00307989 -0.00135152 0.00113048 0.00175244 0.0020895 0.00718972 -0.00266218 -0.00413107 0.00156115 -0.000472955
internal_weight=45205.7 33904.4 33032.5 27614.1 5418.43 13977.9 13636.2 11769.1 11320.8 1447.09 5305.64 3936.66 1368.98 2468.45
internal_count=212735 158402 152978 125929 27049 63125 62804 53083 51057 6546 26500 18920 7580 12365
is_linear=0
shrinkage=0.03


Tree=287
num_leaves=15
num_cat=0
split_feature=92 67 120 140 231 243 28 178 222 231 243 243 231 58
split_gain=31.1067 53.5683 45.5156 34.0423 59.7229 64.2918 67.7065 60.1215 68.7092 101.114 96.259 82.5495 103.852 70.4525
threshold=68.500000000000014 87.500000000000014 30.500000000000004 17.500000000000004 5.5000000000000009 -0.040506564080715173 3.5000000000000004 47.500000000000007 3.5000000000000004 34.500000000000007 -0.068522315472364412 -0.051270980387926095 92.500000000000014 35.500000000000007
decision_type=10 10 8 10 8 2 10 10 8 8 2 2 8 10
left_child=1 3 -3 4 5 -1 -7 8 9 10 -6 12 -10 -13
right_child=-2 2 -4 -5 7 6 -8 -9 11 -11 -12 13 -14 -15
leaf_value=-0.030794549232764905 0.0043276983025161654 0.00062144739476051823 -0.0073002127758505075 0.00069894886829225831 -0.016002726504515351 -0.02120606722844735 0.00093615554299865508 -0.0056584419860482163 0.010722676546282112 -0.0075412504450386528 0.027120554552941867 0.001610251458662967 -0.0060045602598589043 -0.0046461376435588553
leaf_weight=100.03541363030672 1400.5220621861517 1059.7126328088343 1683.8590184934437 26927.736282266676 59.00572856515646 166.52446836978197 417.36354093253613 1865.6160382255912 1420.2761265002191 1676.435724535957 144.02437900006771 5602.9208699725568 428.67131918296218 2267.1070397496223
leaf_count=466 7115 4775 7988 126047 307 744 1736 7938 7511 9056 668 25910 2856 9742
internal_value=-5.74241e-05 -0.000198534 -0.0042493 7.29978e-05 -0.00111802 -0.00970107 -0.00562953 -0.000675159 0.000130589 -0.00510456 0.0144249 0.00114717 0.00683309 -0.000195626
internal_weight=45219.8 43819.3 2743.57 41075.7 14148 683.923 583.888 13464.1 11598.4 1879.47 203.03 9718.98 1848.95 7870.03
internal_count=212859 205744 12763 192981 66934 2946 2480 63988 56050 10031 975 46019 10367 35652
is_linear=0
shrinkage=0.03


Tree=288
num_leaves=15
num_cat=0
split_feature=245 146 60 193 230 137 134 116 74 48 60 193 245 230
split_gain=36.5223 33.9192 93.7419 76.3466 76.1851 107.695 54.5322 85.4647 50.9888 47.1421 46.5108 56.6418 75.2451 74.8891
threshold=-0.26005084812641138 16.500000000000004 83.500000000000014 6.5000000000000009 48.500000000000007 54.500000000000007 12.500000000000002 27.500000000000004 30.500000000000004 25.500000000000004 67.500000000000014 73.500000000000014 -0.10813168063759802 69.500000000000014
decision_type=2 10 10 8 8 10 8 10 10 10 10 8 2 10
left_child=-1 2 4 -4 5 8 7 -6 -2 -5 11 -3 -13 -14
right_child=1 10 3 9 6 -7 -8 -9 -10 -11 -12 12 13 -15
leaf_value=0.02365723353818935 -0.0040301246147075144 -0.0023091083165830474 -0.036897670309505672 0.0036420543956358874 0.0036154015858340257 0.029516106542509749 0.0036941301606426675 -0.010996318211243979 0.0075331122931347888 -0.014784939553795878 0.0010699527446438651 0.0098640642255975793 -0.0018708357890623887 0.0036977837031850506
leaf_weight=48.572543004527688 415.42099899053574 14983.703695707023 69.678815864026546 259.63257709145546 668.71188371628523 170.71197068691254 1740.452770318836 761.57152163237333 1825.2788278311491 225.43247658759356 13262.817400962114 716.4921199195087 6949.6337607875466 3150.6180302277207
leaf_count=839 1758 68599 310 1170 2966 717 8661 3194 7862 972 66193 4385 30652 14679
internal_value=-1.67984e-05 -4.74659e-05 0.00202407 -0.00963056 0.00319744 0.00720438 0.000137003 -0.00418711 0.00538093 -0.0050475 -0.000373342 -0.0011154 0.000538769 -0.000131851
internal_weight=45248.7 45200.2 6136.89 554.744 5582.15 2411.41 3170.74 1430.28 2240.7 485.065 39063.3 25800.4 10816.7 10100.3
internal_count=212957 212118 27610 2452 25158 10337 14821 6160 9620 2142 184508 118315 49716 45331
is_linear=0
shrinkage=0.03


Tree=289
num_leaves=15
num_cat=0
split_feature=76 245 51 226 222 245 52 226 243 122 244 35 12 245
split_gain=45.2248 51.1038 61.0222 58.0783 56.883 47.1868 42.5746 60.2581 55.3518 65.397 56.0316 66.7862 58.4503 52.5707
threshold=91.500000000000014 -0.071973379701375947 7.5000000000000009 98.500000000000014 27.500000000000004 -0.050483217462897294 9.5000000000000018 3.5000000000000004 -0.040506564080715173 14.500000000000002 0.03543821536004544 4.5000000000000009 43.500000000000007 -0.096813648939132677
decision_type=10 2 10 10 10 2 10 8 2 10 2 10 10 2
left_child=6 3 5 4 -2 -3 7 8 10 -10 13 -12 -13 -1
right_child=1 2 -4 -5 -6 -7 -8 -9 9 -11 11 12 -14 -15
leaf_value=0.012709916629042424 0.0047834750650333794 -0.016040905700603878 0.0022323529140575961 -0.02446285501128383 0.018026992527929941 0.0017050590252178943 0.00024071479492406172 -0.0034227237757720195 -0.010989014775818403 0.015109039020400462 0.0034793443297273154 -0.044448179624403443 0.0014967459669860093 -0.0041925046761584336
leaf_weight=270.93963396921754 1759.1041922606528 318.86498316377401 2438.0473491176963 44.490984670817852 343.58652234077454 225.6004596054554 32163.034447800368 6556.9750841148198 97.671431846916676 472.02577126771212 93.558739852160215 70.187689557671547 35.235798388719559 395.00075910240412
leaf_count=2115 11144 1404 11760 281 2041 977 145588 31579 477 2504 728 409 196 1893
internal_value=9.27002e-05 0.00274236 0.000197602 0.00625982 0.00702259 -0.00878969 -0.000246388 -0.00220464 0.00334782 0.0105223 -0.00144404 -0.0150069 -0.0302927 0.00277059
internal_weight=45284.3 5129.69 2982.51 2147.18 2102.69 544.465 40154.6 7991.59 1434.62 569.697 864.923 198.982 105.423 665.94
internal_count=213096 27607 14141 13466 13185 2381 185489 39901 8322 2981 5341 1333 605 4008
is_linear=0
shrinkage=0.03


Tree=290
num_leaves=15
num_cat=0
split_feature=10 188 178 80 224 231 77 229 244 245 47 224 229 165
split_gain=33.2377 74.9038 63.5379 62.0452 62.8143 59.8601 54.5458 106.289 48.2734 46.5278 50.6128 59.0419 58.9096 57.1334
threshold=2.5000000000000004 26.500000000000004 11.500000000000002 59.500000000000007 6.5000000000000009 89.500000000000014 32.500000000000007 4.5000000000000009 0.033885154873132713 -0.13201835006475446 17.500000000000004 1.0000000180025095e-35 1.0000000180025095e-35 90.500000000000014
decision_type=10 10 8 10 10 10 10 8 2 2 10 10 10 10
left_child=1 -1 3 -2 -5 -3 -7 8 -8 -4 -11 13 -13 -12
right_child=2 5 9 4 -6 6 7 -9 -10 10 11 12 -14 -15
leaf_value=-0.002133300474888977 -0.0024677799498251827 0.0074789690135865974 0.0081323664108230703 0.012058606622718539 -0.023534233858833284 0.0046613701586529057 -0.011105783594780327 0.0055086099528184442 -0.040315265160478946 0.0037382470978910222 0.014401379537958945 -0.01526187677294648 -0.00043768491109132275 -0.01755857834720205
leaf_weight=2312.3847672920674 6341.0069600399584 2375.6857798174024 632.59955084323883 48.684175439178944 221.21253252774477 621.35931077599525 138.73723538219929 224.83779967948794 82.422752384096384 2921.5190839245915 384.37320299074054 233.32440264523029 28637.055120095611 49.089722998440266
leaf_count=12219 30862 12977 4095 240 978 4109 773 1231 463 13642 2102 1145 127801 244
internal_value=-9.03114e-05 0.00203747 -0.000401026 -0.00308215 -0.0169125 0.00483666 -0.00105932 -0.00895676 -0.0232648 0.000139182 -2.02027e-05 -0.000396058 -0.000562734 0.0104676
internal_weight=45224.3 5755.43 39468.9 6610.9 269.897 3443.04 1067.36 445.998 221.16 32858 32225.4 29303.8 28870.4 433.463
internal_count=212881 31772 181109 32080 1218 19553 6576 2467 1236 149029 144934 131292 128946 2346
is_linear=0
shrinkage=0.03


Tree=291
num_leaves=15
num_cat=0
split_feature=240 231 224 230 230 230 224 249 231 10 121 231 245 231
split_gain=38.727 35.975 89.4013 79.9702 147.283 78.2957 125.147 113.547 92.0632 87.4406 86.8867 81.4244 125.05 109.927
threshold=0.082706589251756682 91.500000000000014 32.500000000000007 62.500000000000007 21.500000000000004 29.500000000000004 48.500000000000007 0.11616161838173868 81.500000000000014 45.500000000000007 47.500000000000007 61.500000000000007 -0.075521316379308687 78.500000000000014
decision_type=8 10 8 8 10 8 10 2 10 8 10 10 2 10
left_child=1 2 -1 4 -3 6 7 -4 -9 10 -8 -7 13 -13
right_child=-2 3 5 -5 -6 11 9 8 -10 -11 -12 12 -14 -15
leaf_value=0.0018857537092881187 0.0089355096154315229 -0.0013008236602413032 -0.014249359058657936 0.0043786137510216476 -0.01418189146356027 -0.0013422126241288293 0.0021503133697086691 0.0042374953839267046 -0.024353883270602741 0.0095957315486515631 -0.012095405603952423 0.0038327758199910036 0.0012417900280994874 0.028080852771428206
leaf_weight=16558.261314060539 419.31102322787046 3715.6895791105926 1506.4136308431625 1270.4607728607953 1008.5882039889693 13080.59315077588 1001.7062819078565 659.22187724709511 109.44964843988419 657.1391012147069 613.75602295249701 367.03132866695523 4043.5941921249032 306.61369838938117
leaf_count=78025 2503 20222 6583 7072 4420 58575 4641 3158 501 2900 2728 1830 18281 1965
internal_value=-3.20976e-05 -0.000117818 0.000215715 -0.00227909 -0.00407496 -0.00102209 -0.00453049 -0.00948812 -9.40553e-05 0.000452375 -0.00330312 -0.000123585 0.00325128 0.0151188
internal_weight=45317.8 44898.5 38903.8 5994.74 4724.28 22345.5 4547.69 2275.09 768.672 2272.6 1615.46 17797.8 4717.24 673.645
internal_count=213404 210901 179187 31714 24642 101162 20511 10242 3659 10269 7369 80651 22076 3795
is_linear=0
shrinkage=0.03


Tree=292
num_leaves=15
num_cat=0
split_feature=215 229 71 146 100 231 231 225 141 245 63 70 80 229
split_gain=34.7927 34.8794 39.6475 36.6209 35.166 33.7244 60.7743 39.9933 32.4539 32.0286 31.9 28.7266 66.9029 63.5159
threshold=72.500000000000014 75.500000000000014 25.500000000000004 24.500000000000004 79.500000000000014 60.500000000000007 17.500000000000004 9.5000000000000018 1.5000000000000002 -0.26005084812641138 90.500000000000014 79.500000000000014 48.500000000000007 32.500000000000007
decision_type=10 10 10 10 10 10 10 10 8 2 10 8 8 8
left_child=8 2 5 -3 -5 6 -2 -8 -1 -10 -4 -11 -13 -14
right_child=1 3 10 4 -6 -7 7 -9 9 11 -12 12 13 -15
leaf_value=0.0092582942786191679 -0.012765478380963436 -0.014438839284831783 -0.0075358074611403631 0.010458508143061655 -0.015307409785274883 -0.0047415562483742475 0.01997448604839383 0.0032100469647816151 0.022450363130087712 0.00049525520985159422 0.0029587735809518292 -0.0080052536758679523 0.0075354875344527915 -0.0015139232505674623
leaf_weight=346.02026116847992 130.69238530099392 69.714316502213478 1945.3950976841152 409.33448977023363 44.885683715343475 588.76432908698916 193.37833882123232 359.00443896651268 47.93998702056706 33712.361163539812 295.32829869911075 1207.3208204209805 798.16109725087881 5113.7003466412425
leaf_count=1533 555 284 8457 2007 210 2755 867 1528 856 158972 1347 5455 3811 24649
internal_value=-2.0756e-05 -0.00267535 -0.00375302 0.00448458 0.00763744 0.000477298 0.0049791 0.00932977 0.000239748 0.000161166 -0.00614562 0.000129506 -0.00160074 -0.0002815
internal_weight=45262 4036.5 3512.56 523.934 454.22 1271.84 683.075 552.383 41225.5 40879.5 2240.72 40831.5 7119.18 5911.86
internal_count=213286 18010 15509 2501 2217 5705 2950 2395 195276 193743 9804 192887 33915 28460
is_linear=0
shrinkage=0.03


Tree=293
num_leaves=15
num_cat=0
split_feature=193 245 246 76 222 230 248 248 248 246 222 244 245 246
split_gain=46.7749 70.464 63.0657 68.3122 60.3008 91.8142 77.7146 89.1704 64.6214 66.5807 67.1678 60.212 86.4966 69.7646
threshold=73.500000000000014 -0.11150914430618285 0.012971702031791212 62.500000000000007 12.500000000000002 3.5000000000000004 0.85353535413742077 0.82323232293128978 0.68181815743446361 0.0042016154620796451 5.5000000000000009 0.012273707427084448 -0.086488690227270112 0.0069419106002897033
decision_type=8 2 2 8 10 8 2 2 2 2 10 2 2 2
left_child=2 -2 4 -4 5 11 7 8 -7 -10 -11 12 -1 -14
right_child=1 -3 3 -5 -6 6 -8 -9 9 10 -12 -13 13 -15
leaf_value=0.027852280730686681 0.0091863731410419917 0.00075642769100413483 -0.003075694082153566 0.00042801825594262984 0.0040700199909647228 0.00013862591960430335 -0.028947961817314242 0.022393119831177213 0.0069202100592822445 -0.0035032392137014034 -0.031161440113251074 -0.023847647771019373 0.023157430804802911 -0.0077234146506082544
leaf_weight=162.90336762182415 928.4262277726084 18265.720501855016 11537.808585915715 8839.8459500540048 3909.2865776270628 481.68743091821671 124.65111027657986 90.021390043199062 88.150332927703857 124.52815169468522 220.36642704159021 40.057767417281866 82.434728801250458 219.0307591855526
leaf_count=1059 6824 84026 52070 44691 17223 2158 562 423 382 540 970 206 406 1010
internal_value=4.65385e-05 0.00116876 -0.000784587 -0.00155632 0.00205014 -0.0027782 -0.00751317 -0.00459487 -0.00746427 -0.0157334 -0.0215552 0.00776329 0.0109354 0.00119323
internal_weight=45114.9 19194.1 25920.8 20377.7 5543.12 1633.83 1129.4 1004.75 914.732 433.045 344.895 504.427 464.369 301.465
internal_count=212550 90850 121700 96761 24939 7716 5035 4473 4050 1892 1510 2681 2475 1416
is_linear=0
shrinkage=0.03


Tree=294
num_leaves=15
num_cat=0
split_feature=66 224 244 9 230 244 238 71 122 140 224 67 249 226
split_gain=37.2932 62.5727 51.5065 56.1552 40.498 68.9099 53.4888 52.7357 60.5489 62.9872 57.1332 52.8039 51.5266 106.036
threshold=15.500000000000002 95.500000000000014 0.10090048611164094 80.500000000000014 71.500000000000014 0.00095623909146524977 -0.097092170268297182 29.500000000000004 76.500000000000014 17.500000000000004 4.5000000000000009 19.500000000000004 0.035353535786271102 1.0000000180025095e-35
decision_type=10 10 2 8 8 2 10 10 10 10 10 10 2 10
left_child=1 2 3 -1 7 -6 -7 -2 9 -9 -10 -12 13 -11
right_child=4 -3 -4 -5 5 6 -8 8 10 12 11 -13 -14 -15
leaf_value=-0.00038375576646533304 0.0014056896787394909 -0.018448505841220382 0.017325604567027957 -0.0065350010918782224 -0.027223571203842646 0.0056016853306567862 0.00069198206947220051 -0.0042378902821347091 0.0038167755567869999 -0.021920361871613614 -0.010280194828657784 -0.0030809016883766283 5.3158818067444361e-05 0.0073370100469647651
leaf_weight=6625.7541119586676 12122.787390021607 186.79803296178579 121.17677232995629 1663.3996432833374 60.803538747131824 3159.1889406777918 5408.826322235167 2175.3051188327372 813.38175149448216 108.82241250574589 1173.2532587721944 4148.3040096387267 5560.8317269906402 1898.6289187297225
leaf_count=28818 60154 808 1039 8247 268 16547 24745 9495 4474 528 5432 19259 25110 8297
internal_value=5.28583e-05 -0.00172416 -0.00133124 -0.00162452 0.000470284 0.00226594 0.0025067 -8.36715e-05 -0.00122092 0.000249555 -0.00355296 -0.00468445 0.00154324 0.0056502
internal_weight=45227.3 8597.13 8410.33 8289.15 36630.1 8628.82 8568.02 28001.3 15878.5 9743.59 6134.94 5321.56 7568.28 2007.45
internal_count=213221 38912 38104 37065 174309 41560 41292 132749 72595 43430 29165 24691 33935 8825
is_linear=0
shrinkage=0.03


Tree=295
num_leaves=15
num_cat=0
split_feature=245 226 230 249 243 245 122 225 231 141 10 230 231 231
split_gain=35.3207 32.5028 44.8963 104.568 168.7 91.6399 83.8058 77.4221 84.7231 78.1076 72.0138 70.9124 168.947 92.3704
threshold=-0.26005084812641138 99.500000000000014 72.500000000000014 0.025252525694668296 -0.045085355639457696 -0.047014810144901269 58.500000000000007 8.5000000000000018 26.500000000000004 58.500000000000007 63.500000000000007 63.500000000000007 81.500000000000014 55.500000000000007
decision_type=2 10 10 2 2 2 10 10 10 10 10 10 10 10
left_child=-1 2 11 4 -4 6 7 -5 -9 -10 -6 -2 13 -13
right_child=1 -3 3 5 10 -7 -8 8 9 -11 -12 12 -14 -15
leaf_value=0.023450388303592452 3.7304496937454152e-05 -0.0065293172224523454 -0.030976182782472647 0.018758625758866509 0.0085639027835523896 0.00019130154000063148 0.0095016055463545725 0.010305058056444123 -0.016532442162444871 0.0098168223304192295 -0.0079189074930436209 -0.0042375777773897864 0.015601665639093381 -0.01763443944364259
leaf_weight=47.835287563502789 32488.876932576299 667.74714898690581 196.29008035734296 142.20747340470552 398.83180466294289 4061.2911007776856 2641.918965138495 235.08297378569841 445.8452325090766 122.88774389028549 563.0292547494173 2307.2231982499361 323.82642175257206 573.12628331780434
leaf_count=869 153666 3137 858 710 1742 17916 14082 1094 1900 575 2504 9948 1625 2476
internal_value=2.09591e-05 -9.03891e-06 9.02455e-05 0.00200726 -0.00635761 0.00328041 0.00676681 -0.000890043 -0.00455398 -0.0107678 -0.00106658 -0.000383214 -0.00463393 -0.00695505
internal_weight=45216 45168.2 44500.4 8807.38 1158.15 7649.23 3587.94 946.023 803.816 568.733 961.861 35693.1 3204.18 2880.35
internal_count=213102 212233 209096 41381 5104 36277 18361 4279 3569 2475 4246 167715 14049 12424
is_linear=0
shrinkage=0.03


Tree=296
num_leaves=15
num_cat=0
split_feature=150 234 228 226 245 164 226 226 245 231 228 245 228 231
split_gain=34.2618 40.2457 47.591 67.2056 80.7776 47.8349 50.3795 47.9879 68.2262 46.5435 58.5172 43.5289 42.623 58.5981
threshold=62.500000000000007 3.5000000000000004 13.500000000000002 22.500000000000004 -0.061770981177687638 52.500000000000007 3.5000000000000004 21.500000000000004 -0.088243547827005372 83.500000000000014 4.5000000000000009 -0.055353187024593346 45.500000000000007 75.500000000000014
decision_type=10 8 10 8 2 10 10 10 2 8 8 2 10 10
left_child=-1 -2 5 4 -4 9 -7 8 -8 10 -3 -11 13 -5
right_child=1 2 3 12 -6 6 7 -9 -10 11 -12 -13 -14 -15
leaf_value=0.00042097768730838659 0.0029331650443280904 0.0075496447356866768 0.014157832544378565 -0.0067124749029327862 -0.00058717490129529435 0.0086339280961392137 0.0051912911502583646 0.0029416400785413918 -0.022031379447710563 -0.019727931158373586 -0.0098146651489617251 -0.00098719600868045509 0.00019228340745715186 0.0053910690188834825
leaf_weight=34044.991814434528 1577.2945404462516 244.33638683333993 517.00973298028111 2497.0108724087477 912.77940886467695 329.89430339634418 120.27780891209841 317.68122615665197 235.00109279155731 479.22856864705682 554.3470645993948 145.8991969153285 2809.3204238712788 412.66673086583614
leaf_count=160559 8257 1191 2680 10920 4074 1888 657 1459 1054 2472 2502 707 12644 1956
internal_value=-5.1823e-05 -0.00149418 -0.00222577 -0.000990116 0.0048059 -0.00584691 -0.000812416 -0.00550176 -0.0129255 -0.00936253 -0.00447484 -0.0154384 -0.00244502 -0.0049833
internal_weight=45197.7 11152.7 9575.45 7148.79 1429.79 2426.67 1002.85 672.96 355.279 1423.81 798.683 625.128 5719 2909.68
internal_count=213020 52461 44204 32274 6754 11930 5058 3170 1711 6872 3693 3179 25520 12876
is_linear=0
shrinkage=0.03


Tree=297
num_leaves=15
num_cat=0
split_feature=233 72 101 246 245 76 243 231 119 246 228 243 231 120
split_gain=34.1283 45.9823 38.944 52.6293 53.0149 40.5123 52.9296 94.5102 81.8009 72.0475 41.0166 43.9633 50.8963 43.6458
threshold=99.500000000000014 34.500000000000007 5.5000000000000009 0.010098729282617571 -0.096207998692989335 89.500000000000014 -0.03057033289223909 53.500000000000007 14.500000000000002 0.078208252787590041 1.0000000180025095e-35 -0.035538990050554269 86.500000000000014 17.500000000000004
decision_type=10 10 8 2 2 8 2 8 10 2 10 2 10 8
left_child=2 -2 3 4 -1 10 7 8 -7 -9 11 12 -4 -12
right_child=1 -3 5 -5 -6 6 -8 9 -10 -11 13 -13 -14 -15
leaf_value=0.019942602016490171 0.0075432022371650859 -0.0022448500112796322 0.01928482092993904 -0.0032705835015547479 0.00082860114616332915 -0.011951479662875294 -9.7877687180983162e-05 -0.0015470622588729989 0.018894210655257093 0.013370282118986219 0.0022207767026206113 -0.018685345998428617 -0.0030431390655540759 -0.00079018673692050705
leaf_weight=160.12573237530887 1180.7602361757308 671.95430207997561 264.96974522992969 5700.04385667108 566.1810020506382 81.367685690522194 2721.365710735321 1217.9098968319595 618.32092285901308 372.36706867441535 5178.2397111281753 38.25363252311945 134.32432147115469 26273.786456935108
leaf_count=929 6356 3134 1412 28172 2446 401 13454 7024 3291 2782 22233 173 758 120514
internal_value=2.40319e-05 0.00400022 -0.000146877 -0.00230022 0.0052562 0.000228652 0.00273334 0.00608372 0.0151893 0.00200759 -0.000165685 0.00885248 0.0118828 -0.000293916
internal_weight=45180 1852.71 43327.3 6426.35 726.307 36900.9 5011.33 2289.97 699.689 1590.28 31889.6 437.548 399.294 31452
internal_count=213079 9490 203589 31547 3375 172042 26952 13498 3692 9806 145090 2343 2170 142747
is_linear=0
shrinkage=0.03


Tree=298
num_leaves=15
num_cat=0
split_feature=129 67 120 175 31 222 229 120 229 44 69 224 226 10
split_gain=33.8044 51.5645 57.9512 48.2996 43.1168 73.7192 74.2713 47.0062 59.6825 58.1613 53.4743 59.9869 56.5623 49.9949
threshold=60.500000000000007 79.500000000000014 24.500000000000004 69.500000000000014 75.500000000000014 36.500000000000007 53.500000000000007 76.500000000000014 64.500000000000014 15.500000000000002 60.500000000000007 41.500000000000007 21.500000000000004 12.500000000000002
decision_type=10 10 10 10 8 10 8 8 10 10 10 10 8 8
left_child=1 4 -3 -4 -1 7 -7 9 10 -6 11 -9 -13 -11
right_child=-2 2 3 -5 5 6 -8 8 -10 13 -12 12 -14 -15
leaf_value=0.00058089388285049147 0.0029877691412378321 0.0017434292797199184 -0.009794948633948912 -0.0014613440780724394 -0.013144129005501444 0.011043432877706972 -0.0035196372587920407 0.00081266553127960306 0.021248500782225708 0.0096020446387125417 -0.020995027520913374 0.0011302296255911457 -0.029843172805685658 -0.0057387673501233128
leaf_weight=32403.036156749353 3265.3204827457666 1260.0161932110786 1408.9340447038412 1127.2275442481041 866.35905937105417 659.16960496455431 588.7575241997838 1887.6839747279882 93.727294400334358 220.19880789518356 116.28669904172421 95.094020679593086 108.07383510097861 1133.4725986123085
leaf_count=150881 16203 5649 6430 5402 3938 3070 2715 10946 548 969 539 468 507 4944
internal_value=5.2385e-05 -0.00017666 -0.00350643 -0.00611126 0.000155316 -0.00223199 0.00419939 -0.00401263 -0.000999659 -0.00711682 -0.00203602 -0.000886657 -0.0159729 -0.0031912
internal_weight=45233.4 41968 3796.18 2536.16 38171.9 5768.82 1247.93 4520.9 2300.87 2220.03 2207.14 2090.85 203.168 1353.67
internal_count=213209 197006 17481 11832 179525 28644 5785 22859 13008 9851 12460 11921 975 5913
is_linear=0
shrinkage=0.03


Tree=299
num_leaves=15
num_cat=0
split_feature=141 124 8 22 224 244 231 121 222 230 120 249 50 231
split_gain=34.4408 29.3461 38.0136 47.3659 29.3584 90.3528 68.2339 72.1887 64.4834 64.0212 56.9631 55.0341 52.3788 48.6703
threshold=1.5000000000000002 7.5000000000000009 3.5000000000000004 31.500000000000004 82.500000000000014 0.020083720795810226 60.500000000000007 59.500000000000007 52.500000000000007 86.500000000000014 78.500000000000014 0.095959596335887923 69.500000000000014 26.500000000000004
decision_type=8 8 10 8 10 2 10 10 10 10 10 2 10 10
left_child=-1 2 -2 -4 13 6 8 10 9 -6 11 -8 -9 -3
right_child=1 4 3 -5 5 -7 7 12 -10 -11 -12 -13 -14 -15
leaf_value=0.0091085011211343905 -0.020792212274104774 0.0015505982192420091 0.0036732504174805795 -0.0068050982382911809 0.0022053145151763077 -0.001578339296166263 -0.019739340043850348 0.021065992167390583 0.0082548297848462626 -0.017881830323062516 0.01375283052838946 0.009309747673182411 0.0032919637088274752 -0.00086955675714872757
leaf_weight=359.52715068310499 102.62704974412918 10218.129090916365 628.23754362761974 985.70526131987572 358.62927669659257 2655.6509271450341 140.73467709869146 594.53793803229928 586.15446832031012 225.2271740436554 169.46958450973034 88.411680325865746 203.65760696306825 27811.202322650701
leaf_count=1593 481 46426 2685 4139 1564 12809 605 3253 2535 960 840 385 1039 133586
internal_value=-1.26665e-05 -8.79349e-05 -0.00392294 -0.00272883 6.58507e-05 0.0022192 0.00646887 0.0114745 0.00129474 -0.00571409 0.00100094 -0.00861069 0.0166278 -0.000219047
internal_weight=45127.9 44768.4 1716.57 1613.94 43051.8 5022.47 2366.82 1196.81 1170.01 583.856 398.616 229.146 798.196 38029.3
internal_count=212900 211307 7305 6824 204002 23990 11181 6122 5059 2524 1830 990 4292 180012
is_linear=0
shrinkage=0.03


end of trees

feature_importances:
Column_231=303
Column_245=287
Column_226=276
Column_248=211
Column_230=208
Column_244=172
Column_224=163
Column_243=158
Column_249=132
Column_228=130
Column_229=127
Column_242=107
Column_222=98
Column_238=86
Column_246=78
Column_120=71
Column_140=66
Column_119=62
Column_233=46
Column_126=35
Column_193=35
Column_10=33
Column_76=31
Column_63=30
Column_137=29
Column_178=29
Column_60=28
Column_106=27
Column_101=26
Column_52=25
Column_190=24
Column_66=23
Column_70=23
Column_232=23
Column_29=22
Column_77=22
Column_134=22
Column_148=22
Column_141=21
Column_165=20
Column_47=19
Column_194=19
Column_122=18
Column_24=17
Column_237=17
Column_57=16
Column_78=16
Column_146=16
Column_147=16
Column_236=16
Column_98=15
Column_35=14
Column_68=14
Column_145=14
Column_117=13
Column_118=13
Column_215=13
Column_56=12
Column_69=12
Column_144=12
Column_149=12
Column_189=12
Column_209=12
Column_37=11
Column_71=11
Column_81=11
Column_139=11
Column_240=11
Column_67=10
Column_171=10
Column_188=10
Column_195=10
Column_241=10
Column_23=9
Column_62=9
Column_64=9
Column_79=9
Column_80=9
Column_104=9
Column_124=9
Column_239=9
Column_252=9
Column_61=8
Column_75=8
Column_92=8
Column_121=8
Column_136=8
Column_142=8
Column_143=8
Column_192=8
Column_225=8
Column_6=7
Column_38=7
Column_51=7
Column_164=7
Column_8=6
Column_14=6
Column_28=6
Column_103=6
Column_108=6
Column_110=6
Column_151=6
Column_4=5
Column_7=5
Column_9=5
Column_31=5
Column_65=5
Column_72=5
Column_184=5
Column_212=5
Column_12=4
Column_45=4
Column_50=4
Column_53=4
Column_58=4
Column_59=4
Column_116=4
Column_125=4
Column_127=4
Column_129=4
Column_135=4
Column_138=4
Column_227=4
Column_234=4
Column_46=3
Column_55=3
Column_100=3
Column_152=3
Column_174=3
Column_175=3
Column_176=3
Column_235=3
Column_25=2
Column_30=2
Column_34=2
Column_41=2
Column_42=2
Column_43=2
Column_44=2
Column_54=2
Column_73=2
Column_74=2
Column_90=2
Column_115=2
Column_132=2
Column_150=2
Column_153=2
Column_166=2
Column_170=2
Column_177=2
Column_186=2
Column_191=2
Column_223=2
Column_250=2
Column_0=1
Column_1=1
Column_2=1
Column_3=1
Column_5=1
Column_17=1
Column_18=1
Column_19=1
Column_22=1
Column_26=1
Column_27=1
Column_33=1
Column_39=1
Column_40=1
Column_48=1
Column_86=1
Column_88=1
Column_89=1
Column_94=1
Column_95=1
Column_96=1
Column_99=1
Column_105=1
Column_107=1
Column_111=1
Column_123=1
Column_130=1
Column_131=1
Column_133=1
Column_155=1
Column_161=1
Column_163=1
Column_167=1
Column_168=1
Column_169=1
Column_179=1
Column_180=1
Column_204=1
Column_205=1

parameters:
[boosting: gbdt]
[objective: binary]
[metric: binary_logloss]
[tree_learner: serial]
[device_type: cpu]
[data_sample_strategy: bagging]
[data: ]
[valid: ]
[num_iterations: 300]
[learning_rate: 0.03]
[num_leaves: 15]
[num_threads: 4]
[seed: 24]
[deterministic: 0]
[force_col_wise: 0]
[force_row_wise: 0]
[histogram_pool_size: -1]
[max_depth: -1]
[min_data_in_leaf: 200]
[min_sum_hessian_in_leaf: 0.001]
[bagging_fraction: 0.7]
[pos_bagging_fraction: 1]
[neg_bagging_fraction: 1]
[bagging_freq: 1]
[bagging_seed: 3537]
[bagging_by_query: 0]
[feature_fraction: 0.5]
[feature_fraction_bynode: 1]
[feature_fraction_seed: 22900]
[extra_trees: 0]
[extra_seed: 7734]
[early_stopping_round: 0]
[early_stopping_min_delta: 0]
[first_metric_only: 0]
[max_delta_step: 0]
[lambda_l1: 0]
[lambda_l2: 10]
[linear_lambda: 0]
[min_gain_to_split: 0]
[drop_rate: 0.1]
[max_drop: 50]
[skip_drop: 0.5]
[xgboost_dart_mode: 0]
[uniform_drop: 0]
[drop_seed: 23994]
[top_rate: 0.2]
[other_rate: 0.1]
[min_data_per_group: 100]
[max_cat_threshold: 32]
[cat_l2: 10]
[cat_smooth: 10]
[max_cat_to_onehot: 4]
[top_k: 20]
[monotone_constraints: ]
[monotone_constraints_method: basic]
[monotone_penalty: 0]
[feature_contri: ]
[forcedsplits_filename: ]
[refit_decay_rate: 0.9]
[cegb_tradeoff: 1]
[cegb_penalty_split: 0]
[cegb_penalty_feature_lazy: ]
[cegb_penalty_feature_coupled: ]
[path_smooth: 0]
[interaction_constraints: ]
[verbosity: -1]
[saved_feature_importance_type: 0]
[use_quantized_grad: 0]
[num_grad_quant_bins: 4]
[quant_train_renew_leaf: 0]
[stochastic_rounding: 1]
[linear_tree: 0]
[max_bin: 255]
[max_bin_by_feature: ]
[min_data_in_bin: 3]
[bin_construct_sample_cnt: 200000]
[data_random_seed: 116]
[is_enable_sparse: 1]
[enable_bundle: 1]
[use_missing: 1]
[zero_as_missing: 0]
[feature_pre_filter: 1]
[pre_partition: 0]
[two_round: 0]
[header: 0]
[label_column: ]
[weight_column: ]
[group_column: ]
[ignore_column: ]
[categorical_feature: ]
[forcedbins_filename: ]
[precise_float_parser: 0]
[parser_config_file: ]
[objective_seed: 27029]
[num_class: 1]
[is_unbalance: 0]
[scale_pos_weight: 1]
[sigmoid: 1]
[boost_from_average: 1]
[reg_sqrt: 0]
[alpha: 0.05]
[fair_c: 1]
[poisson_max_delta_step: 0.7]
[tweedie_variance_power: 1.5]
[lambdarank_truncation_level: 30]
[lambdarank_norm: 1]
[label_gain: ]
[lambdarank_position_bias_regularization: 0]
[eval_at: ]
[multi_error_top_k: 1]
[auc_mu_weights: ]
[num_machines: 1]
[local_listen_port: 12400]
[time_out: 120]
[machine_list_filename: ]
[machines: ]
[gpu_platform_id: -1]
[gpu_device_id: -1]
[gpu_device_id_list: ]
[gpu_use_dp: 0]
[num_gpu: 1]

end of parameters

pandas_categorical:null
