tree
version=v4
num_class=1
num_tree_per_iteration=1
label_index=0
max_feature_idx=252
objective=binary sigmoid:1
feature_names=Column_0 Column_1 Column_2 Column_3 Column_4 Column_5 Column_6 Column_7 Column_8 Column_9 Column_10 Column_11 Column_12 Column_13 Column_14 Column_15 Column_16 Column_17 Column_18 Column_19 Column_20 Column_21 Column_22 Column_23 Column_24 Column_25 Column_26 Column_27 Column_28 Column_29 Column_30 Column_31 Column_32 Column_33 Column_34 Column_35 Column_36 Column_37 Column_38 Column_39 Column_40 Column_41 Column_42 Column_43 Column_44 Column_45 Column_46 Column_47 Column_48 Column_49 Column_50 Column_51 Column_52 Column_53 Column_54 Column_55 Column_56 Column_57 Column_58 Column_59 Column_60 Column_61 Column_62 Column_63 Column_64 Column_65 Column_66 Column_67 Column_68 Column_69 Column_70 Column_71 Column_72 Column_73 Column_74 Column_75 Column_76 Column_77 Column_78 Column_79 Column_80 Column_81 Column_82 Column_83 Column_84 Column_85 Column_86 Column_87 Column_88 Column_89 Column_90 Column_91 Column_92 Column_93 Column_94 Column_95 Column_96 Column_97 Column_98 Column_99 Column_100 Column_101 Column_102 Column_103 Column_104 Column_105 Column_106 Column_107 Column_108 Column_109 Column_110 Column_111 Column_112 Column_113 Column_114 Column_115 Column_116 Column_117 Column_118 Column_119 Column_120 Column_121 Column_122 Column_123 Column_124 Column_125 Column_126 Column_127 Column_128 Column_129 Column_130 Column_131 Column_132 Column_133 Column_134 Column_135 Column_136 Column_137 Column_138 Column_139 Column_140 Column_141 Column_142 Column_143 Column_144 Column_145 Column_146 Column_147 Column_148 Column_149 Column_150 Column_151 Column_152 Column_153 Column_154 Column_155 Column_156 Column_157 Column_158 Column_159 Column_160 Column_161 Column_162 Column_163 Column_164 Column_165 Column_166 Column_167 Column_168 Column_169 Column_170 Column_171 Column_172 Column_173 Column_174 Column_175 Column_176 Column_177 Column_178 Column_179 Column_180 Column_181 Column_182 Column_183 Column_184 Column_185 Column_186 Column_187 Column_188 Column_189 Column_190 Column_191 Column_192 Column_193 Column_194 Column_195 Column_196 Column_197 Column_198 Column_199 Column_200 Column_201 Column_202 Column_203 Column_204 Column_205 Column_206 Column_207 Column_208 Column_209 Column_210 Column_211 Column_212 Column_213 Column_214 Column_215 Column_216 Column_217 Column_218 Column_219 Column_220 Column_221 Column_222 Column_223 Column_224 Column_225 Column_226 Column_227 Column_228 Column_229 Column_230 Column_231 Column_232 Column_233 Column_234 Column_235 Column_236 Column_237 Column_238 Column_239 Column_240 Column_241 Column_242 Column_243 Column_244 Column_245 Column_246 Column_247 Column_248 Column_249 Column_250 Column_251 Column_252
feature_infos=[0:100] [0:100] [0:100] [0:100] [0:100] [0:100] [0:100] [0:100] [0:100] [0:100] [0:100] [0:100] [0:100] [0:100] [0:100] [0:100] [0:100] [0:100] [0:100] [0:100] [0:100] [0:100] [0:100] [0:100] [0:100] [0:100] [0:100] [0:100] [0:100] [0:100] [0:100] [0:100] [0:100] [0:100] [0:100] [0:100] [0:100] [0:100] [0:100] [0:100] [0:100] [0:100] [0:100] [0:100] [0:100] [0:100] [0:100] [0:100] [0:100] [0:100] [0:100] [0:100] [0:100] [0:100] [0:100] [0:100] [0:100] [0:100] [0:100] [0:100] [0:100] [0:100] [0:100] [0:100] [0:100] [0:100] [0:100] [0:100] [0:100] [0:100] [0:100] [0:100] [0:100] [0:100] [0:100] [0:100] [0:100] [0:100] [0:100] [0:100] [0:100] [0:100] [0:100] [0:100] [0:100] [0:100] [0:100] [0:100] [0:100] [0:100] [0:100] [0:100] [0:98] [0:100] [0:100] [0:100] [0:100] [0:100] [0:94] [0:100] [0:100] [0:100] [0:100] [0:100] [0:100] [0:100] [0:100] [0:100] [0:100] [0:100] [0:100] [0:100] none none [0:100] [0:100] [0:100] [0:100] [0:100] [0:100] [0:100] [0:100] [0:100] [0:100] [0:100] [0:100] [0:100] [0:100] [0:100] [0:99] [0:98] [0:100] [0:100] [0:100] [0:100] [0:100] [0:100] [0:100] [0:100] [0:100] [0:100] [0:100] [0:100] [0:100] [0:100] [0:100] [0:100] [0:100] [0:100] [0:100] [0:100] [0:100] [0:100] [0:100] [0:100] [0:100] [0:100] [0:100] [0:100] [0:100] [0:100] [0:100] [0:100] [0:100] [0:100] [0:100] [0:100] [0:100] [0:100] [0:100] [0:100] [0:100] [0:100] [0:100] [0:100] [0:100] [0:100] [0:100] [0:100] [0:100] [0:100] [0:100] [0:100] [0:100] [0:100] [0:100] [0:100] [0:100] [0:100] [0:100] [0:100] [0:100] [0:100] [0:100] [0:100] [0:100] [0:100] [0:100] [0:100] [0:100] [0:100] [0:100] [0:100] [0:100] [0:100] [0:100] none none [0:100] [0:100] none [0:100] [0:100] none [0:100] [0:100] none [0:100] [0:100] none [0:100] [0:100] [0:100] [0:100] [0:100] [0:100] [0:100] [0:100] [0:100] [0:100] [0:100] [0:100] [0:100] [0:100] [0:100] [0:100] [-0.98074692487716675:-0.05000000074505806] [0:4.8940916061401367] [-0.99419897794723511:-0.05000000074505806] [-1.2293620109558105:1.17625892162323] [-2.2999441623687744:1.1659419536590576] [-66.470733642578125:-0.18333682417869568] [0.00084889802383258939:0.17638030648231506] [-0.23561988770961761:0] [2.5925926820491441e-05:0.44481456279754639] [-0.3861553966999054:-0.00082991208182647824] [0.00047802733024582267:1.2675960063934326] [-0.78832495212554932:0.22734209895133972] [0.010101010091602802:0.96969699859619141] [0:0.96969699859619141] [-0.048000000417232513:0.0074999998323619366] [0.1666666716337204:166.66667175292969] [0:4.8940916061401367]
tree_sizes=1752 1830 1813 1823 1823 1813 1815 1812 1813 1815 1826 1818 1828 1817 1819 1830 1822 1818 1823 1824 1812 1814 1819 1821 1824 1821 1817 1818 1814 1809 1821 1817 1802 1812 1823 1820 1828 1813 1820 1822 1811 1819 1816 1819 1821 1826 1819 1811 1819 1815 1818 1810 1814 1831 1807 1816 1825 1825 1821 1817 1815 1814 1828 1816 1821 1815 1813 1819 1818 1829 1812 1817 1815 1814 1817 1805 1809 1818 1822 1825 1823 1817 1819 1816 1827 1822 1835 1798 1815 1810 1823 1824 1820 1811 1822 1816 1824 1828 1834 1810 1820 1810 1838 1822 1813 1828 1818 1829 1814 1815 1823 1822 1819 1806 1822 1825 1815 1815 1821 1821 1822 1821 1820 1825 1818 1813 1831 1811 1805 1821 1823 1810 1818 1832 1819 1816 1781 1815 1828 1821 1816 1819 1822 1813 1821 1824 1812 1815 1809 1802 1825 1806 1824 1808 1806 1821 1822 1812 1828 1830 1791 1832 1829 1826 1820 1807 1810 1824 1814 1828 1840 1825 1814 1817 1825 1822 1803 1817 1815 1806 1815 1820 1817 1815 1811 1817 1814 1802 1826 1825 1812 1814 1824 1807 1810 1819 1816 1806 1791 1815 1814 1817 1809 1828 1824 1829 1817 1817 1807 1787 1819 1821 1816 1825 1821 1825 1816 1816 1832 1826 1804 1809 1837 1818 1823 1795 1820 1807 1809 1816 1817 1813 1819 1831 1840 1808 1817 1815 1793 1805 1828 1818 1829 1804 1839 1807 1819 1807 1819 1815 1828 1811 1821 1818 1818 1815 1827 1804 1823 1808 1809 1812 1802 1829 1811 1813 1823 1814 1829 1822 1820 1822 1812 1804 1815 1804 1811 1813 1818 1827 1807 1795 1813 1808 1820 1806 1822 1819 1813 1810 1817 1814 1807 1816 1805 1798 1820 1816 1822 1811

Tree=0
num_leaves=15
num_cat=0
split_feature=236 252 120 226 242 242 245 230 178 226 233 230 245 245
split_gain=2878.49 1246.76 633.214 528.506 527.236 398.307 297.848 296.582 281.696 272.861 272.73 257.374 244.159 243.311
threshold=-0.10921363905072211 0.037509024143219001 70.500000000000014 6.5000000000000009 0.025086361914873127 0.034693293273448951 -0.071556743234395967 80.500000000000014 1.5000000000000002 64.500000000000014 57.500000000000007 75.500000000000014 -0.10793837159872054 -0.20662932842969892
decision_type=2 2 8 10 8 8 2 8 10 10 8 8 2 2
left_child=3 2 7 12 11 13 9 -2 -6 10 -4 -3 -1 -5
right_child=1 4 6 5 8 -7 -8 -9 -10 -11 -12 -13 -14 -15
leaf_value=0.63353284137393284 0.58838345600062991 0.59446772546994042 0.59308191234030527 0.64124256767645893 0.62272834345244099 0.62266053022409873 0.59665363493139212 0.59839262971704976 0.60770821342524239 0.6296907679299335 0.61319895080631304 0.60817549742104504 0.61584153075421455 0.6049527582010088
leaf_weight=1840.4694044589996 13008.148690909147 4187.9369040578604 1083.0595302581787 163.282201141119 1360.9136960655451 1956.1848019063473 6477.7753914892673 3359.1768243163824 6333.4741745144129 440.45030727982521 1353.5957262665033 1736.1883348226547 1174.9915258586407 4219.4956488162279
leaf_count=8048 56882 18313 4736 714 5951 8554 28326 14689 27695 1926 5919 7592 5138 18451
internal_value=0.601434 0.597876 0.593991 0.616383 0.605214 0.611438 0.60022 0.590435 0.610389 0.608237 0.604259 0.59849 0.62671 0.606392
internal_weight=48695.1 39340.7 25722.2 9354.42 13618.5 6338.96 9354.88 16367.3 7694.39 2877.11 2436.66 5924.13 3015.46 4382.78
internal_count=212934 172029 112478 40905 59551 27719 40907 71571 33646 12581 10655 25905 13186 19165
is_linear=0
shrinkage=1


Tree=1
num_leaves=15
num_cat=0
split_feature=245 126 126 229 245 248 249 222 245 248 231 245 248 249
split_gain=2693.1 1446.08 671.031 460.784 439.868 428.791 381.574 332.634 331.852 321.489 327.511 294.135 314.017 309.905
threshold=-0.09922825917601584 59.500000000000007 70.500000000000014 67.500000000000014 -0.049005465582013123 0.71212121844291698 0.13636363297700885 23.500000000000004 -0.074334405362606035 0.60101011395454418 22.500000000000004 -0.071556743234395967 0.69191917777061474 0.49999998509883886
decision_type=2 8 8 8 2 2 2 10 2 2 10 2 2 2
left_child=2 5 9 11 -5 6 8 -7 -2 -1 -11 12 -3 -13
right_child=1 3 -4 4 -6 7 -8 -9 -10 10 -12 13 -14 -15
leaf_value=0.021751325170959779 0.0035793192432617702 0.016610691437748785 0.026132373774498289 0.019656058705240755 0.0029121514483567614 -0.022386927274647556 -0.00041513519635309179 -0.0012133061559451851 -0.011607945262933577 -0.02789280220356806 0.0059360007377384791 -0.0052861500514068066 -0.00023328961551852487 0.0085053737248435169
leaf_weight=1066.4945730566978 1482.3540928810835 1678.1282455921173 3541.793690636754 2429.3582473248243 3362.9336844533682 2911.5215882062912 6202.0105097591877 867.14565753936768 10010.442191943526 278.42631785571575 2401.7681909650564 8274.3631612807512 2429.263864159584 1772.3894668072462
leaf_count=4684 6477 7348 15565 10641 14721 12714 27123 3787 43672 1218 10524 36145 10622 7756
internal_value=-1.86538e-05 -0.00297881 0.0167848 0.00283668 0.00995652 -0.00837956 -0.00641374 -0.0175439 -0.00964767 0.00790228 0.00233115 -8.19376e-05 0.00667217 -0.00284709
internal_weight=48708.4 41419.9 7288.48 19946.4 5792.29 21473.5 17694.8 3778.67 11492.8 3746.69 2680.19 14154.1 4107.39 10046.8
internal_count=212997 181006 31991 87233 25362 93773 77272 16501 50149 16426 11742 61871 17970 43901
is_linear=0
shrinkage=0.03


Tree=2
num_leaves=15
num_cat=0
split_feature=245 126 126 237 120 25 245 248 224 224 229 248 229 224
split_gain=2635.69 1496.83 638.017 536.592 406.768 465.346 353.71 328.605 410.379 308.895 237.076 234.686 231.318 228.752
threshold=-0.09922825917601584 59.500000000000007 70.500000000000014 0.061433197930455215 60.500000000000007 11.500000000000002 -0.071556743234395967 0.60101011395454418 4.5000000000000009 43.500000000000007 49.500000000000007 0.68181815743446361 67.500000000000014 7.5000000000000009
decision_type=2 8 8 2 10 10 2 2 10 10 8 2 8 10
left_child=2 4 7 6 5 -2 10 -1 -9 -10 11 -3 -8 -6
right_child=1 3 -4 -5 13 -7 12 8 9 -11 -12 -13 -14 -15
leaf_value=0.021737661230208576 -0.022057310124980013 0.016119689986268865 0.02574966242083564 0.010780506058796159 -0.014604980432234512 -0.0086630758139153406 -0.0056806269189914466 0.024099725426549343 -0.010004719334878233 0.018475817919502386 0.02280238583468544 -0.0021518377856597332 0.0040160823626315583 -0.00072318114095403343
leaf_weight=1087.3680102080107 2980.1542095243931 940.7562141418457 3514.5782123655081 5608.7868845164776 1267.6677693128586 10792.418691366911 7645.8932494819164 587.90425159037113 1641.778116479516 422.79915083944798 756.07570976018906 1885.2880287617445 3106.7460586428642 6528.7995428293943
leaf_count=4807 12955 4139 15569 24614 5524 47014 33349 2585 7188 1856 3331 8243 13619 28474
internal_value=-8.44434e-05 -0.00300101 0.0165864 0.00292259 -0.00847702 -0.0115753 -0.000157358 0.00792946 0.00220849 -0.00411132 0.00799414 0.00396593 -0.00287784 -0.00299611
internal_weight=48767 41512.6 7254.43 19943.5 21569 13772.6 14334.8 3739.85 2652.48 2064.58 3582.12 2826.04 10752.6 7796.47
internal_count=213267 181262 32005 87295 93967 59969 62681 16436 11629 9044 15713 12382 46968 33998
is_linear=0
shrinkage=0.03


Tree=3
num_leaves=15
num_cat=0
split_feature=238 242 117 226 222 226 238 24 242 226 215 224 226 242
split_gain=2839.68 1081.46 652.803 611.186 485.532 480.129 465.127 404.147 226.614 210.743 200.566 176.854 175.582 183.125
threshold=-0.17154140025377271 0.031191857531666759 82.500000000000014 12.500000000000002 23.500000000000004 67.500000000000014 -0.23258104920387265 97.500000000000014 0.020672498270869259 17.500000000000004 55.500000000000007 32.500000000000007 2.5000000000000004 0.032779991626739509
decision_type=10 8 10 8 10 10 10 8 10 10 10 10 10 8
left_child=6 2 3 11 10 8 -1 9 -4 -3 -5 -2 -8 -14
right_child=1 7 5 4 -6 -7 12 -9 -10 -11 -12 -13 13 -15
leaf_value=0.025999160355342939 0.0066051582906206576 0.011131029113281437 -0.008979488903818689 -0.014531743762774441 -0.0067561953585890096 0.0097409807668468254 0.020731179767523675 0.018751672124763596 0.0019307836700786065 -0.00049548162670184025 -0.027806916168008091 -0.0078091696419137473 0.0028876720724005703 0.016457183219896868
leaf_weight=2877.33924074471 2635.0253323465586 1964.9485858231783 3767.2127488106489 6315.6670530885458 10508.959351614118 3388.5562721639872 1234.8663029074669 1821.7952257394791 3130.4363792091608 4843.381946220994 1234.8488923460245 1068.9678427278996 2510.1082900464535 1385.9237153828144
leaf_count=12767 11477 8619 16458 27460 45748 14883 5465 8032 13723 21177 5359 4656 11007 6108
internal_value=3.58045e-05 -0.00317973 -0.00571778 -0.00866015 -0.0109359 0.000510026 0.0163535 0.00624154 -0.00403233 0.00287144 -0.0167367 0.00243538 0.0109043 0.00774449
internal_weight=48688 40679.8 32049.7 21763.5 18059.5 10286.2 8008.24 8630.13 6897.65 6808.33 7550.52 3703.99 5130.9 3896.03
internal_count=212939 177592 139764 94700 78567 45064 35347 37828 30181 29796 32819 16133 22580 17115
is_linear=0
shrinkage=0.03


Tree=4
num_leaves=15
num_cat=0
split_feature=238 120 23 238 242 230 245 245 231 228 63 230 252 243
split_gain=2674.79 969.15 671.194 443.68 429.925 417.399 418.773 361.159 360.96 379.388 297.041 270.34 247.925 238.581
threshold=-0.17286951839923856 73.500000000000014 92.500000000000014 -0.23258104920387265 0.025086361914873127 71.500000000000014 -0.055668350309133523 -0.088457010686397539 88.500000000000014 6.5000000000000009 57.500000000000007 80.500000000000014 0.035542786121368415 -0.029676354490220543
decision_type=10 8 8 10 10 8 2 2 10 10 10 10 2 2
left_child=3 2 4 -1 11 7 -7 -3 10 13 -9 -2 -6 -10
right_child=1 5 -4 -5 12 6 -8 8 9 -11 -12 -13 -14 -15
leaf_value=0.025458913872126513 -0.013471941145876539 0.010620662513575204 0.0062955699076158514 0.010612383307594784 -0.0070222722275554627 0.02507287476154715 0.0035521167001280845 -0.0048820121819359357 -0.037897895734003748 -0.0044705435575431692 0.0072113612651699896 -0.0023702383456957478 0.003539202903405285 0.022360606022682472
leaf_weight=2875.9912181049585 11724.358074307442 2418.9019586890936 3189.3737703710794 4941.9458573013544 5322.3429563939571 1359.4520418643951 2015.34504789114 3929.3684610575438 593.99832992255688 1357.9665788412094 3400.6009720116854 2379.2061326056719 3193.4909129440784 59.026369869709015
leaf_count=12866 50793 10677 14005 21822 23131 6024 8855 17132 2590 5937 14846 10358 13998 258
internal_value=3.15901e-05 -0.00303968 -0.00657324 0.0160995 -0.00838975 0.00298637 0.0122697 0.000314127 -0.00236332 -0.0135886 0.000730661 -0.0116021 -0.00306215 -0.0321961
internal_weight=48761.4 40943.4 25808.8 7817.94 22619.4 15134.7 3374.8 11759.9 9340.96 2010.99 7329.97 14103.6 8515.83 653.025
internal_count=213292 178604 112285 34688 98280 66319 14879 51440 40763 8785 31978 61151 37129 2848
is_linear=0
shrinkage=0.03


Tree=5
num_leaves=15
num_cat=0
split_feature=236 237 245 226 140 24 140 226 59 125 226 244 224 245
split_gain=2283.86 1042.28 432.879 378.275 376.823 363.719 289.333 449.08 281.487 239.473 221.008 207.346 205.162 191.645
threshold=-0.11669995263218878 0.040146140381693847 -0.07631423324346541 3.5000000000000004 55.500000000000007 99.500000000000014 30.500000000000004 8.5000000000000018 13.500000000000002 2.5000000000000004 2.5000000000000004 0.0028928219107910995 32.500000000000007 -0.20662932842969892
decision_type=2 2 2 10 10 8 8 10 10 10 10 2 10 2
left_child=3 2 4 -1 8 9 7 12 -2 -3 -11 -10 -4 -5
right_child=1 5 6 13 -6 -7 -8 -9 11 10 -12 -13 -14 -15
leaf_value=0.026146651544578712 0.010383025752472023 -0.018117618794275106 0.0062543222847231059 0.039094986329834901 0.01399057358189696 0.017794164392658591 -0.0050466054183790658 -0.015228920064943887 -0.02681177651500307 0.014965150765418623 0.0017152408479708537 -0.0045620688847146425 -0.020158956766755595 0.0098750687422234206
leaf_weight=2057.1542603373528 1053.9861517399549 484.20278780162334 1463.2932027429342 201.62830819189548 1487.5166248232126 1539.5589334368706 12223.608868271112 7597.8266937583685 416.31319257616997 1268.6807345151901 9979.2526594996452 3323.2059825360775 312.66927321255207 5245.1712622493505
leaf_count=9273 4638 2110 6362 919 6538 6843 53118 32842 1803 5593 43782 14438 1356 23245
internal_value=-8.6003e-06 -0.00278513 -0.0060787 0.0152008 0.000852323 0.00413268 -0.00809387 -0.0120579 -0.00324537 0.00232631 0.00322169 -0.00710399 0.00151726 0.0110264
internal_weight=48654.1 41150.1 27878.4 7503.95 6281.02 13271.7 21597.4 9373.79 4793.51 11732.1 11247.9 3739.52 1775.96 5446.8
internal_count=212860 179423 121095 33437 27417 58328 93678 40560 20879 51485 49375 16241 7718 24164
is_linear=0
shrinkage=0.03


Tree=6
num_leaves=15
num_cat=0
split_feature=245 126 226 230 248 126 230 106 231 140 245 226 230 248
split_gain=2193.52 1150.76 577.527 436.445 405.77 404.243 388.709 383.663 341.173 330.073 319.558 261.29 251.818 383.76
threshold=-0.09922825917601584 64.500000000000014 6.5000000000000009 72.500000000000014 0.60101011395454418 77.500000000000014 14.500000000000002 27.500000000000004 91.500000000000014 30.500000000000004 -0.054673904553055756 54.500000000000007 5.5000000000000009 0.71212121844291698
decision_type=2 8 10 8 2 10 10 10 10 8 2 10 10 2
left_child=2 7 -1 6 -4 11 -3 9 -8 12 -5 -6 -2 -14
right_child=1 3 4 10 5 -7 8 -9 -10 -11 -12 -13 13 -15
leaf_value=0.026201174722492088 -0.0034073806958893581 0.0062389445204545386 0.023061094129762837 0.019878548729222453 -0.010029688493245139 0.018033875701319937 -0.0025475955553062638 -0.0022805148579067183 -0.025315812777048592 -0.0055895185922755853 0.0048076791128757613 0.015616558638128138 -0.012945469106238828 -0.030937610486608123
leaf_weight=2707.1462706923485 1430.2882646620274 5049.3035417795181 1241.7789876908064 1913.2746064662933 1684.3087150752544 1048.9431515783072 6555.8973302990198 9310.9205888062716 641.55184134840965 7267.0246240049601 3733.9834627956152 443.68210999667645 4257.2842198014259 1429.4938835203648
leaf_count=12265 6206 22169 5578 8515 7388 4723 28646 40468 2800 31501 16459 1946 18351 6146
internal_value=-5.73169e-05 -0.00269336 0.0153098 0.00304818 0.00859297 0.00288315 -0.000135199 -0.00702871 -0.00460937 -0.0100985 0.00993976 -0.00463446 -0.0146882 -0.0175145
internal_weight=48714.9 41589 7125.86 17894 4418.71 3176.93 12246.8 23695 7197.45 14384.1 5647.26 2127.99 7117.07 5686.78
internal_count=213161 181261 31900 78589 19635 14057 53615 102672 31446 62204 24974 9334 30703 24497
is_linear=0
shrinkage=0.03


Tree=7
num_leaves=15
num_cat=0
split_feature=120 24 120 215 233 120 248 137 208 225 29 137 24 248
split_gain=1806.25 906.521 524.809 302.218 246.089 234.304 231.424 198.169 190.33 158.223 203.239 145.265 142.152 141.908
threshold=75.500000000000014 94.500000000000014 98.500000000000014 46.500000000000007 68.500000000000014 46.500000000000007 0.83333334326744091 58.500000000000007 6.5000000000000009 17.500000000000004 13.500000000000002 89.500000000000014 21.500000000000004 0.41919192671775823
decision_type=8 8 8 10 8 10 2 10 10 10 8 10 10 2
left_child=1 3 4 5 8 7 9 -1 -2 -4 -11 -6 -7 -3
right_child=2 13 6 -5 11 12 -8 -9 -10 10 -12 -13 -14 -15
leaf_value=-0.010259797811590624 0.0028959654797085124 0.0049744599720686891 0.016048679221301963 -0.015047768865137744 0.010772767841272807 0.0027299815527855606 0.026725492911142283 -0.001133767680283549 -0.0079042708281641602 -0.0096829549744727808 0.010443549484095541 -0.0049980588534909746 -0.0047893573668757253 0.017478123409594346
leaf_weight=9400.6678081005812 6458.9190762490034 2379.4525965899229 3045.5754351615906 3392.6989035159349 4359.0516645461321 3664.7902711778879 1060.2673452943563 2775.8235477209091 1889.8421061336994 575.08367823064327 1985.1998964846134 591.62973661720753 5883.0717125684023 1244.0778121799231
leaf_count=40567 28425 10481 13674 14616 19225 15983 4808 12087 8245 2553 8784 2620 25581 5524
internal_value=0.000108586 -0.00470598 0.00703808 -0.00673 0.00358968 -0.00542468 0.0139022 -0.00818201 0.000444671 0.0114336 0.00590271 0.0088818 -0.00190335 0.00930367
internal_weight=48706.2 28740.6 19965.6 25117.1 13299.4 21724.4 6666.13 12176.5 8348.76 5605.86 2560.28 4950.68 9547.86 3623.53
internal_count=213173 124839 88334 108834 58515 94218 29819 52654 36670 25011 11337 21845 41564 16005
is_linear=0
shrinkage=0.03


Tree=8
num_leaves=15
num_cat=0
split_feature=236 126 242 242 119 230 230 242 245 76 140 245 249 119
split_gain=2065.34 1032.34 664.383 430.684 379.147 336.21 355.19 277.308 265.263 254.808 241.228 225.989 203.294 197.885
threshold=-0.11313641071319579 54.500000000000007 0.024361948482692245 0.031191857531666759 85.500000000000014 71.500000000000014 14.500000000000002 0.036008121445775039 -0.10678335279226302 87.500000000000014 51.500000000000007 -0.056773714721202843 0.91414141654968273 17.500000000000004
decision_type=2 8 8 8 8 10 8 8 2 8 8 2 2 10
left_child=4 3 5 10 7 6 -3 12 -6 -4 -2 -7 13 -1
right_child=1 2 9 -5 8 11 -8 -9 -10 -11 -12 -13 -14 -15
leaf_value=-0.032356729292144094 -0.01214049927086302 0.0013955317912249506 0.0050773628973393081 0.00092526170803776126 0.02648647953499389 0.016269832023800036 -0.011309687538477671 0.018503155934198243 0.011890706890217749 0.016422192676394665 -0.0037707584341764517 -0.00029255283402334882 -0.041947110923812772 0.0047243763111629224
leaf_weight=127.40707162022591 11259.021088406444 3393.2328138500452 6678.6843370497227 4263.6802764236927 2401.7132053673267 1112.8096577525139 4739.3014732301235 1187.4654292166233 2147.255999520421 2428.3332082033157 4291.1175602674484 2182.0093503296375 85.791246324777603 2262.9664362370968
leaf_count=554 48367 14865 29379 18598 11060 4958 20545 5340 9594 10808 18564 9582 380 9996
internal_value=0.000155461 -0.00263662 0.0020768 -0.00752003 0.0138594 -0.0027399 -0.00601334 0.00665038 0.019638 0.00811709 -0.00983475 0.00533362 0.000914718 0.00262139
internal_weight=48560.8 40348.2 20534.4 19813.8 8212.6 11427.4 8132.53 3663.63 4548.97 9107.02 15550.1 3294.82 2476.16 2390.37
internal_count=212590 175666 90137 85529 36924 49950 35410 16270 20654 40187 66931 14540 10930 10550
is_linear=0
shrinkage=0.03


Tree=9
num_leaves=15
num_cat=0
split_feature=238 242 126 245 229 231 229 242 96 248 126 228 245 120
split_gain=2182.05 1009.21 794.638 557.54 358.064 294.214 398.73 306.037 290.003 266.867 256.053 252.098 231.143 208.952
threshold=-0.19290263205766675 0.031191857531666759 60.500000000000007 -0.091281890869140611 67.500000000000014 91.500000000000014 5.5000000000000009 0.022514626383781437 24.500000000000004 0.49999998509883886 75.500000000000014 8.5000000000000018 -0.20662932842969892 58.500000000000007
decision_type=10 8 10 2 10 10 8 10 10 2 8 10 2 10
left_child=12 2 13 -4 5 6 -5 -8 11 -6 -3 -7 -1 -2
right_child=1 10 3 4 9 8 7 -9 -10 -11 -12 -13 -14 -15
leaf_value=0.037267543910292335 -0.011076852494707237 0.0032175282225412778 0.014207189836042598 0.013261644288313655 0.0011331565409662418 -0.052980122978676825 -0.011131573580436139 0.0018061196741813333 -0.0072284705700504936 0.019524625698609476 0.013896533636145595 -0.0092709015680068219 0.015998417326412585 -0.0044703374430332008
leaf_weight=506.00839200615883 11917.579413279891 6527.3385616391897 2279.0910959243774 1184.8033823221922 2552.0735765248537 295.6871200799942 3804.1049091517925 2889.822430446744 889.0595001578331 974.53713434934616 2922.6622987538576 202.39190356433392 4912.2370611131191 6777.7707615047693
leaf_count=2392 51091 28638 10219 5186 11236 1282 16492 12633 3886 4369 13094 877 22236 29357
internal_value=0.000121541 -0.00212983 -0.004555 0.00057088 -0.00186775 -0.00496317 -0.0027095 -0.0055519 -0.0176527 0.00625626 0.00653149 -0.0357511 0.0180497 -0.00868541
internal_weight=48635.2 43216.9 33766.9 15071.6 12792.5 9265.87 7878.73 6693.93 1387.14 3526.61 9450 498.079 5418.25 18695.4
internal_count=212988 188360 146628 66180 55961 40356 34311 29125 6045 15605 41732 2159 24628 80448
is_linear=0
shrinkage=0.03


Tree=10
num_leaves=15
num_cat=0
split_feature=238 242 143 238 124 248 229 104 248 29 242 209 148 231
split_gain=2128.24 798.303 569.884 372.156 298.797 270.049 378.058 241.662 227.455 208.332 166.708 164.108 151.72 263.132
threshold=-0.17286951839923856 0.031651148572564132 73.500000000000014 -0.23258104920387265 69.500000000000014 0.31818181276321417 54.500000000000007 37.500000000000007 0.62121212482452404 4.5000000000000009 0.019191691651940349 39.500000000000007 12.500000000000002 81.500000000000014
decision_type=10 8 10 10 8 2 10 10 2 10 10 10 10 10
left_child=3 2 7 -1 9 -4 10 11 -8 -3 -7 -2 13 -12
right_child=1 4 5 -5 -6 6 8 -9 -10 -11 12 -13 -14 -15
leaf_value=0.023226034070543414 -0.0082718555342677202 0.011681924902412327 -0.0062878703295579123 0.0094240681683453471 0.014505537135334584 -0.0071658674033868762 0.0059047040800704236 -0.002963336491701087 0.025226444874058711 -0.0013866213717478296 0.0088281991949284277 -0.016214352773229104 0.0065874550937405699 -0.029580729989516472
leaf_weight=2771.8668197244406 12054.337081864476 1458.0302066206932 3507.5913097560406 4850.4318501800299 2386.4228343069553 2091.0787280499935 1314.0098868310452 6681.208995744586 941.38789221644402 4347.1348783671856 327.50057426095009 2918.6950092315674 2774.3529058098793 298.41463316977024
leaf_count=12848 51899 6476 15317 21748 10687 9093 5797 28865 4235 19048 1441 12493 12175 1310
internal_value=-8.17063e-05 -0.00278273 -0.00486861 0.014467 0.00559271 0.000607404 0.00373355 -0.00771362 0.0140452 0.00191013 -0.000519484 -0.00982988 0.0035769 -0.00966105
internal_weight=48722.5 41100.2 32908.6 7622.3 8191.59 11254.3 7746.74 21654.2 2255.4 5805.17 5491.35 14973 3400.27 625.915
internal_count=213432 178836 142625 34596 36211 49368 34051 93257 10032 25524 24019 64392 14926 2751
is_linear=0
shrinkage=0.03


Tree=11
num_leaves=15
num_cat=0
split_feature=238 137 238 98 242 248 60 242 230 230 231 248 231 229
split_gain=2054.62 886.968 596.738 400.763 289.686 315.393 271.104 241.874 229.99 221.643 200.428 191.717 417.546 379.521
threshold=-0.14392579346895215 59.500000000000007 -0.22479641437530515 42.500000000000007 0.02814221661537886 0.32828283309936529 74.500000000000014 0.03381032124161721 10.500000000000002 71.500000000000014 99.500000000000014 0.71212121844291698 71.500000000000014 9.5000000000000018
decision_type=10 8 10 10 8 2 8 8 10 10 10 2 10 10
left_child=2 3 -1 8 5 -3 7 -4 10 -7 -2 -10 -13 -14
right_child=1 4 6 -5 -6 9 -8 -9 11 -11 -12 12 13 -15
leaf_value=0.021724416998960855 -0.0017375114614709497 -0.0070563908130931363 -0.00026692660761516365 0.00043234717850318378 0.008847313482200473 -0.0012839830375665957 0.014183334163864367 0.012442593552017612 -0.0094006296522136813 0.01107079666882196 -0.034718858043122254 -0.024564364393174387 -0.046153074469581119 0.0099337343631651781
leaf_weight=3096.4497366249561 3880.8486612439156 3930.4309564381838 4857.5517806708813 4665.8095264583826 4226.6713832914829 2967.9238627403975 2935.130025818944 1854.8520409911871 10677.012511730194 2322.4558284431696 163.31183823943138 2233.891401514411 119.50420455634594 662.18986861407757
leaf_count=14432 16822 17109 21368 20271 18806 12926 13166 8311 45790 10325 710 9526 516 2855
internal_value=-5.76437e-05 -0.00373573 0.010284 -0.0073905 0.00235382 -0.000629054 0.00659341 0.00325841 -0.00944745 0.00415037 -0.00315172 -0.0113033 -0.0179864 0.000884607
internal_weight=48594 35850.1 12744 22402.6 13447.5 9220.81 9647.53 6712.4 17736.8 5290.38 4044.16 13692.6 3015.59 781.694
internal_count=212933 155656 57277 96490 59166 40360 42845 29679 76219 23251 17532 58687 12897 3371
is_linear=0
shrinkage=0.03


Tree=12
num_leaves=15
num_cat=0
split_feature=126 242 242 243 229 226 243 29 226 226 52 243 243 243
split_gain=1460.08 902.503 593.326 395.437 330.727 525.45 255.521 227.174 198.208 245.277 274.544 187.904 174.304 168.675
threshold=55.500000000000007 0.024361948482692245 0.031651148572564132 -0.064820505678653703 67.500000000000014 8.5000000000000018 -0.092125352472066865 1.5000000000000002 81.500000000000014 12.500000000000002 13.500000000000002 -0.083844181150197969 -0.062479920685291283 -0.048513010144233697
decision_type=8 8 8 2 10 8 2 10 8 10 10 2 2 2
left_child=2 4 8 -3 5 6 -2 -5 9 11 13 -1 -4 -11
right_child=1 3 12 7 -6 -7 -8 -9 -10 10 -12 -13 -14 -15
leaf_value=0.02504532859836224 0.030559459798574912 0.023278429931775986 0.015246192370820479 0.017713073803536018 0.0080877652004323827 -0.0077895328594430879 0.0039468580866582085 0.0064592058014285138 -0.00098016934992100312 -0.0063558993953645631 -0.0085629280964124484 -0.0037623747393740561 0.0010118345244130933 -0.02295613205688319
leaf_weight=210.13780847191811 360.09813477098942 1924.9686513841152 936.92440944910049 1973.5365251302719 3082.0986104309559 6805.3179831504822 2686.6557696014643 8831.6620337367058 3065.5388607084751 732.63059644401073 8636.4959987998009 2738.1973750144243 4254.8278320431709 2334.4249899685383
leaf_count=942 1696 8997 4247 9038 13703 29540 11884 39289 13151 3144 36899 11825 18650 9914
internal_value=0.000195418 0.00510864 -0.00530852 0.010776 -0.000473314 -0.00315703 0.00718191 0.00852917 -0.00792102 -0.00937155 -0.0113184 -0.00163143 0.003605 -0.0190244
internal_weight=48573.5 25664.3 22909.2 12730.2 12934.2 9852.07 3046.75 10805.2 17717.4 14651.9 11703.6 2948.34 5191.75 3067.06
internal_count=212919 114147 98772 57324 56823 43120 13580 48327 75875 62724 49957 12767 22897 13058
is_linear=0
shrinkage=0.03


Tree=13
num_leaves=15
num_cat=0
split_feature=245 242 119 119 230 231 228 134 248 248 178 35 230 231
split_gain=1716.93 1086.22 538.5 482.921 388.566 346.891 417.614 448.084 318.841 310.547 301.936 300.905 288.544 270.261
threshold=-0.09922825917601584 0.031651148572564132 84.500000000000014 56.500000000000007 71.500000000000014 91.500000000000014 6.5000000000000009 65.500000000000014 0.57070705294609081 0.6111111342906953 1.5000000000000002 7.5000000000000009 10.500000000000002 24.500000000000004
decision_type=2 8 8 10 8 10 10 10 2 2 10 8 10 10
left_child=2 3 9 11 5 12 7 -7 -6 -1 -3 -2 -5 -11
right_child=1 10 -4 4 8 6 -8 -9 -10 13 -12 -13 -14 -15
leaf_value=0.019551824065624869 -0.020732856184135024 0.016949195523001049 0.022104311526619787 0.0059412279472467432 0.0010355401779531641 -0.043473700354379703 -0.0032476502368282982 -0.0044317801344877835 0.018797687648272221 -0.026442503761535834 0.0039316242165909517 -0.0073162599830626594 -0.0047836817192469889 0.0034472058023237401
leaf_weight=985.8561280220747 1703.9832811653614 2060.9515454620123 3515.3047376722097 3126.0335708856583 3145.7435769885778 654.83229231834412 1408.6534621864557 443.57766182720661 1270.2341771572828 301.23600214719772 7150.8399491012096 12600.992351517081 8054.5139876157045 2164.1011381745338
leaf_count=4516 7238 9364 16520 13694 13835 2828 6152 1968 5711 1307 31659 53860 34838 9573
internal_value=8.19102e-05 -0.00222625 0.0138551 -0.00481002 -0.00155314 -0.00404934 -0.0141117 -0.0278894 0.00617566 0.00541302 0.00685926 -0.00892779 -0.00178241 -0.000297044
internal_weight=48586.9 41620.4 6966.5 32408.6 18103.6 13687.6 2507.06 1098.41 4415.98 3451.19 9211.79 14305 11180.5 2465.34
internal_count=213063 181147 31916 140124 79026 59480 10948 4796 19546 15396 41023 61098 48532 10880
is_linear=0
shrinkage=0.03


Tree=14
num_leaves=15
num_cat=0
split_feature=238 242 117 137 47 248 119 233 118 118 24 232 248 228
split_gain=1780.86 773.177 406.246 396.009 354.762 275.995 245.811 236.194 175.32 167.382 167.149 158.885 156.45 144.565
threshold=-0.19501010328531262 0.025183104909956459 59.500000000000007 57.500000000000007 16.500000000000004 0.32828283309936529 48.500000000000007 13.500000000000002 90.500000000000014 98.500000000000014 98.500000000000014 88.500000000000014 0.85353535413742077 29.500000000000004
decision_type=10 8 8 10 10 2 10 10 10 8 8 10 2 8
left_child=9 3 4 6 -3 -5 13 -8 -7 -1 -4 -9 -6 -2
right_child=1 2 10 5 12 8 7 11 -10 -11 -12 -13 -14 -15
leaf_value=0.013133109476229594 -0.015829685251131091 0.0064694233810661432 0.0055864504864481601 -0.0067873175559390641 -0.0050242090140371473 -0.00078966317256232773 -0.015364076106687462 -0.0048290770453092088 0.010227882479688874 0.025148081696539419 0.01731105502981518 0.0059836806813161605 -0.03197129113941978 -0.0072266626625075844
leaf_weight=3615.3353139311075 4238.7185409516096 3146.5601048469543 7620.7189841717482 3462.5999180823565 5898.684061974287 2921.010821223259 1594.3214948177338 6224.4078403115273 2330.2873242199421 1493.5641421377659 1272.8014271259308 1512.5552376806736 191.00209534168243 3048.019252076745
leaf_count=16692 17916 13859 33849 15014 25540 12709 6860 26879 10441 7172 5859 6567 822 12922
internal_value=-4.90044e-05 -0.00201981 0.00270917 -0.00540401 -0.00169708 -0.000223291 -0.00811883 -0.00488636 0.00410957 0.0166879 0.00728198 -0.00271022 -0.00592043 -0.0122459
internal_weight=48570.6 43461.7 18129.8 25331.9 9236.25 8713.9 16618 9331.28 5251.3 5108.9 8893.52 7736.96 6089.69 7286.74
internal_count=213101 189237 79929 109308 40221 38164 71144 40306 23150 23864 39708 33446 26362 30838
is_linear=0
shrinkage=0.03


Tree=15
num_leaves=15
num_cat=0
split_feature=238 126 245 238 237 120 25 110 232 245 245 63 249 131
split_gain=1721.14 740.536 509.301 331.714 284.563 247.733 254.557 178.771 173.977 173.805 169.763 157.025 149.057 148.195
threshold=-0.17286951839923856 60.500000000000007 -0.081923283636569963 -0.23258104920387265 0.078711409121751799 60.500000000000007 11.500000000000002 6.5000000000000009 75.500000000000014 -0.098627276718616472 -0.075751405209302888 78.500000000000014 0.085858587175607695 49.500000000000007
decision_type=10 8 2 10 2 10 10 8 10 2 2 8 2 10
left_child=3 5 7 -1 11 6 9 -3 -7 -2 -8 -4 -12 -11
right_child=1 2 4 -5 -6 8 10 -9 -10 13 12 -13 -14 -15
leaf_value=0.021837403960526334 -0.0026984898495778101 0.0004051663833246828 -0.0049574009333883161 0.0086222251220731076 0.0083419779650067433 -0.0046648322634726446 0.003028270636654536 0.016046606859861916 0.0046884282153697686 -0.015978342875677579 -0.010986419486159249 0.0023537201884670936 -0.003460786404295522 -0.038740550832759534
leaf_weight=2662.9932952821255 827.40560299158096 863.59632760286331 7388.5626880228519 4811.6717517822981 2774.7498231083155 5511.381367072463 1645.046698153019 2754.5773290246725 2638.9428378194571 2651.6052892357111 4960.3830921053886 4106.5344128459692 4550.5834192931652 282.89883290231228
leaf_count=12780 3556 3856 32195 21868 12439 23809 7094 12498 11474 11143 21035 18050 19588 1185
internal_value=0.000124954 -0.00229193 0.0022884 0.0133533 -0.000263179 -0.00584315 -0.00813997 0.0123247 -0.00163436 -0.0148823 -0.00585509 -0.00234578 -0.00739315 -0.0182968
internal_weight=48430.9 40956.3 17888 7474.67 14269.8 23068.2 14917.9 3618.17 8150.32 3761.91 11156 11495.1 9510.97 2934.5
internal_count=212570 177922 79038 34648 62684 98884 63601 16354 35283 15884 47717 50245 40623 12328
is_linear=0
shrinkage=0.03


Tree=16
num_leaves=15
num_cat=0
split_feature=120 178 243 226 226 248 228 243 248 231 230 225 231 230
split_gain=1332.1 654.963 446.796 431.278 371.899 331.736 329.425 357.613 504.061 422.386 296.83 364.687 353.083 254.457
threshold=77.500000000000014 96.500000000000014 -0.092125352472066865 12.500000000000002 66.500000000000014 0.58080807328224193 27.500000000000004 -0.048201425001025193 0.71212121844291698 92.500000000000014 14.500000000000002 60.500000000000007 88.500000000000014 64.500000000000014
decision_type=8 8 2 10 8 2 10 2 2 10 10 10 10 10
left_child=1 3 -2 -1 10 -6 7 9 -9 13 11 -4 -13 -5
right_child=2 -3 4 6 5 -7 -8 8 -10 -11 -12 12 -14 -15
leaf_value=0.0041322104221893355 0.023825932630527697 0.0099903672982188992 0.010257645104096158 0.0045981958709370866 0.0073018000022971371 0.026264423671099837 -0.0038245540078260215 -0.0093798218716622909 -0.026898859266175627 -0.034654119534859688 -0.0023440437519617113 0.0070047652844202188 -0.020210277730958671 -0.019713617029782537
leaf_weight=3655.3138326853514 1199.7509394288063 2713.7170635014772 5686.7614374905825 2489.8670389205217 2761.6010389626026 1185.081922352314 13296.435296282172 4749.4590646624565 2149.089254334569 326.37548579275608 6051.7807828933001 925.79105742275715 783.69140477478504 448.53972694277763
leaf_count=15918 5864 12167 25793 10810 12478 5448 57279 20230 9102 1417 26592 4125 3471 1934
internal_value=-0.000108725 -0.00403688 0.00619152 -0.00544392 0.00496224 0.0130478 -0.00693712 -0.0110014 -0.0148685 -0.00280977 0.0025814 0.00660924 -0.00551662 0.000832789
internal_weight=48423.3 29828.8 18594.5 27115.1 17394.7 3946.68 23459.8 10163.3 6898.55 3264.78 13448 7396.24 1709.48 2938.41
internal_count=212628 128857 83771 116690 77907 17926 100772 43493 29332 14161 59981 33389 7596 12744
is_linear=0
shrinkage=0.03


Tree=17
num_leaves=15
num_cat=0
split_feature=245 242 230 224 66 120 245 248 231 106 230 228 231 228
split_gain=1558.71 921.152 479.044 478.635 356.133 341.781 332.846 297.957 358.982 283.306 265.942 260.136 256.214 456.796
threshold=-0.09922825917601584 0.027589712291955951 80.500000000000014 3.5000000000000004 74.500000000000014 73.500000000000014 -0.046979540959000581 0.6111111342906953 22.500000000000004 11.500000000000002 5.5000000000000009 28.500000000000004 91.500000000000014 6.5000000000000009
decision_type=2 8 10 10 8 10 2 2 10 10 10 10 10 10
left_child=3 2 5 -1 10 9 -4 -5 -9 -2 -3 -10 -7 -14
right_child=1 4 6 7 -6 12 -8 8 11 -11 -12 -13 13 -15
leaf_value=0.024787482993735035 -0.016599148990452357 0.011995093607734517 0.0099589456385697026 0.019511181711780443 0.01123716750623573 0.00016032172488298008 -0.0047920272558037089 -0.028234653927629833 0.0027455819877169382 -0.0073238319853398924 -0.0013028898640221125 0.029495047631605896 -0.029450331575005029 0.0015214900908349452
leaf_weight=2181.4701842814684 4335.4882595092058 1609.9763281047344 2726.7617650777102 1371.959629535675 4290.1365169733763 6569.8166754245758 2761.5121925771236 292.77300253510475 2688.8057257533073 9432.6113182753325 8219.8282594680786 362.99454560875893 788.81434778869152 922.69141960144043
leaf_count=10567 18311 7226 12081 6452 19503 28625 11995 1268 12097 40053 35938 1685 3436 4044
internal_value=-3.84911e-06 -0.00219197 -0.00538574 0.0131944 0.00403615 -0.00735916 0.00254154 0.00779139 0.00294004 -0.0102545 0.0008851 0.00601322 -0.00253897 -0.0128412
internal_weight=48555.6 41657.6 27537.7 6898 14119.9 22049.4 5488.27 4716.53 3344.57 13768.1 9829.8 3051.8 8281.32 1711.51
internal_count=213281 181212 118545 32069 62667 94469 24076 21502 15050 58364 43164 13782 36105 7480
is_linear=0
shrinkage=0.03


Tree=18
num_leaves=15
num_cat=0
split_feature=238 126 245 229 120 245 243 248 120 226 60 237 233 52
split_gain=1524.35 794.644 572.398 327.352 288.319 265.616 259.042 351.874 190.192 246.225 188.174 179.514 166.35 173.148
threshold=-0.20397352427244184 64.500000000000014 -0.081923283636569963 67.500000000000014 59.500000000000007 -0.049005465582013123 -0.056988488882780068 0.67171716690063488 14.500000000000002 80.500000000000014 61.500000000000007 0.066354095935821547 56.500000000000007 13.500000000000002
decision_type=10 8 2 8 10 2 2 2 10 10 10 2 8 8
left_child=-1 4 -3 11 6 -5 -2 -8 -9 10 -10 -4 13 -6
right_child=1 2 3 5 12 -7 7 8 9 -11 -12 -13 -14 -15
leaf_value=0.017154127930140664 0.002667656842951669 0.013052569176187851 -0.0048515849078453119 0.016826998428579022 -0.01424364773420419 0.0015925928443058354 -0.0065526768030221491 -0.034880133244446339 -0.023224635427716897 0.015091301870676432 -0.0011542876868608318 0.0053142503576324215 0.0027828075920583542 -0.001511676666302483
leaf_weight=4284.199302777648 1997.1968429237604 4128.9514197558165 7620.975015386939 1595.2992715239525 1301.8505450636148 2880.9327816814184 11324.253087431192 519.03923854231834 1467.8354842066765 218.04311791062355 456.06039877235889 1957.3185662776232 5199.8399410545826 3608.6348313242197
leaf_count=20539 8652 18972 33092 7308 5634 12826 48208 2164 6152 929 1919 8727 22660 15646
internal_value=8.83572e-05 -0.00156644 0.00324693 0.000358985 -0.00492073 0.00704744 -0.00742769 -0.00887026 -0.0186717 -0.0146002 -0.0180259 -0.00277083 -0.000954294 -0.00490922
internal_weight=48560.4 44276.2 18183.5 14054.5 26092.8 4476.23 15982.4 13985.2 2660.98 2141.94 1923.9 9578.29 10110.3 4910.49
internal_count=213428 192889 80925 61953 111964 20134 68024 59372 11164 9000 8071 41819 43940 21280
is_linear=0
shrinkage=0.03


Tree=19
num_leaves=15
num_cat=0
split_feature=238 126 245 120 4 245 226 248 248 129 245 245 233 243
split_gain=1454.3 742.462 471.899 343.035 273.988 281.979 245.862 211.075 178.773 176.564 169.664 167.829 156.069 155.351
threshold=-0.20397352427244184 76.500000000000014 -0.081923283636569963 61.500000000000007 7.5000000000000009 -0.075751405209302888 67.500000000000014 0.76262626051902782 0.59090909361839306 47.500000000000007 -0.055668350309133523 -0.20662932842969892 43.500000000000007 -0.056988488882780068
decision_type=10 8 2 10 10 2 8 2 2 10 2 2 8 2
left_child=11 3 -3 4 -2 8 -4 9 -6 -7 -8 -1 -5 -10
right_child=1 2 6 12 5 7 10 -9 13 -11 -12 -13 -14 -15
leaf_value=0.033940386810494251 -0.015774492293657634 0.014951248886994735 -0.0023404266905601157 -0.0043698029131706553 0.013273024375277139 -0.0081180030162777816 0.017824713069304856 -0.02836735230246084 0.0084368017688378639 0.001103893361709692 0.0035046182610262836 0.014623495339738373 0.002457870965895437 -0.0085172590533399827
leaf_weight=452.31749714910984 2565.8657351881266 2949.3399990648031 6253.0117944329977 5007.0093776732683 1004.3278501182795 10351.281888961792 1005.3513710200787 399.58655568957329 772.34271293878555 2276.9476982951164 2819.6334895938635 3800.7792745530605 7533.6764281392097 1277.0424448698759
leaf_count=2361 10831 13717 27362 21771 4458 43914 4646 1673 3323 9885 12595 18165 32993 5404
internal_value=1.8573e-05 -0.00159451 0.0044183 -0.00410668 -0.00668575 -0.0052267 0.00132405 -0.00714899 0.00297077 -0.00645568 0.00730515 0.0167526 -0.000269464 -0.00211792
internal_weight=48468.5 44215.4 13027.3 31188.1 18647.4 16081.5 10078 13027.8 3053.71 12628.2 3824.98 4253.1 12540.7 2049.39
internal_count=213098 192572 58320 134252 79488 68657 44603 55472 13185 53799 17241 20526 54764 8727
is_linear=0
shrinkage=0.03


Tree=20
num_leaves=15
num_cat=0
split_feature=238 140 238 226 222 248 237 231 224 222 244 226 242 249
split_gain=1462.8 609.929 423.877 352.301 394.3 267.639 237.492 220.494 321.564 238.449 233 206.612 213.259 204.468
threshold=-0.14733118563890454 55.500000000000007 -0.23258104920387265 12.500000000000002 28.500000000000004 0.32828283309936529 0.096866298466920867 92.500000000000014 32.500000000000007 4.5000000000000009 0.012268828693777325 2.5000000000000004 0.031947290524840362 0.18686868995428088
decision_type=10 8 10 10 10 2 2 10 10 10 2 10 8 2
left_child=2 3 -1 7 -5 6 -3 8 9 10 -2 -4 -13 -12
right_child=1 5 11 4 -6 -7 -8 -9 -10 -11 13 12 -14 -15
leaf_value=0.019946668978445405 0.0076702529716804677 -0.0059001448524503477 0.015109501919776315 -0.012692028920054634 -0.0033094951080847946 0.0049917487104690255 0.0074766796420010287 -0.013258391702824689 -0.010878673111405709 0.014404210188121096 -0.046209581473727043 0.00027701233423156358 0.011176055070750176 -0.00045472038115723905
leaf_weight=2582.851329728961 578.80108745396137 5320.7739346921444 1851.4949056208134 8771.977041631937 7468.9462891072035 8827.1905751824379 1530.230654925108 813.00681838393211 996.28069749474525 2053.3250126689672 164.83939948678017 4863.4366032928228 2409.9839904308319 177.17844294011593
leaf_count=12822 2517 23107 8657 37114 31898 39120 6856 3574 4312 8943 710 21526 11021 776
internal_value=8.64213e-06 -0.00293694 0.00923733 -0.0062754 -0.00838184 0.00154106 -0.00290577 0.000879058 0.00379996 0.008737 -0.00391925 0.00618748 0.0038987 -0.0231931
internal_weight=48410.3 36702.5 11707.8 21024.4 16240.9 15678.2 6851 4783.43 3970.42 2974.14 920.819 9124.92 7273.42 342.018
internal_count=212953 158927 54026 89844 69012 69083 29963 20832 17258 12946 4003 41204 32547 1486
is_linear=0
shrinkage=0.03


Tree=21
num_leaves=15
num_cat=0
split_feature=236 237 226 60 178 119 226 231 228 226 4 77 123 119
split_gain=1312.03 513.799 413.32 237.078 212.247 173.06 207.861 203.219 489.748 330.341 184.807 159.912 157.026 156.226
threshold=-0.09568209201097487 0.042001152411103256 3.5000000000000004 64.500000000000014 99.500000000000014 43.500000000000007 92.500000000000014 88.500000000000014 11.500000000000002 4.5000000000000009 9.5000000000000018 3.5000000000000004 27.500000000000004 98.500000000000014
decision_type=2 2 10 10 8 8 10 10 8 8 10 10 10 10
left_child=2 5 -1 13 11 6 10 9 12 -7 -2 -3 -9 -4
right_child=1 4 3 -5 -6 7 -8 8 -10 -11 -12 -13 -14 -15
leaf_value=0.018066872648978438 -0.020336651125331489 -0.012362034251037586 -0.00028203861252114445 0.011346791474625204 0.015456274884111929 0.012302093526933955 0.0050482354120211775 -0.031864568438226382 0.00094353959551627732 -0.003421100078924065 -0.0080189388888855431 0.0022744364933555516 -0.004793877350501425 0.012506238658727369
leaf_weight=2909.6612183749676 1268.213357001543 718.1729741692543 5394.0377723425627 3629.9179753661156 1025.5426736474037 1340.7481276541948 938.48481491208076 858.18953138589859 1367.2646377384663 10964.881357133389 8007.5339927524328 8680.5046753287315 252.99648316204548 1012.6738082319498
leaf_count=14087 5275 3127 23966 16635 4776 5889 4009 3689 5987 47287 33856 38374 1109 4790
internal_value=-4.06642e-05 -0.00302782 0.00812858 0.00523231 0.00256559 -0.00536035 -0.00836234 -0.00328205 -0.0111016 -0.0016994 -0.00972315 0.00114408 -0.0257988 0.00175567
internal_weight=48368.8 35422.5 12946.3 10036.6 10424.2 24998.3 10214.2 14784.1 2478.45 12305.6 9275.75 9398.68 1111.19 6406.71
internal_count=212856 153378 59478 45391 46277 107101 43140 63961 10785 53176 39131 41501 4798 28756
is_linear=0
shrinkage=0.03


Tree=22
num_leaves=15
num_cat=0
split_feature=238 24 120 14 238 249 229 224 222 78 243 78 59 137
split_gain=1279.01 582.746 499.149 249.904 294.129 207.62 188.667 179.371 169.176 167.029 153.606 151.264 148.995 147.237
threshold=-0.19501010328531262 93.500000000000014 73.500000000000014 7.5000000000000009 -0.11838984861969946 0.14646464586257937 67.500000000000014 2.5000000000000004 19.500000000000004 29.500000000000004 -0.062479920685291283 10.500000000000002 7.5000000000000009 58.500000000000007
decision_type=10 8 10 10 10 2 10 10 10 8 2 10 10 10
left_child=7 2 3 10 -5 -3 11 -1 -8 -9 -2 -4 -13 -6
right_child=1 5 6 4 13 -7 8 9 -10 -11 -12 12 -14 -15
leaf_value=0.022462012840028502 0.0006747932806987619 -0.00058575711390758888 -0.0089238017898445477 0.0022380388715987631 -0.0081457466798734186 0.011194526171182169 0.029649783468347672 0.0052802998812888358 0.0060602325259727814 0.01972151471408351 -0.016324897949171486 0.0083018669638083714 -0.00038312145782663532 -0.0015468833793676456
leaf_weight=1699.2286550998688 580.04407332837582 2054.2216493487358 1439.3396466821432 4624.5380885452032 11352.831125080585 3892.879699409008 332.21879297494888 2075.8229268193245 1407.4947111308575 1103.4425406903028 2698.5914917141199 2223.7842867821455 8704.6826995313168 4163.6833725869656
leaf_count=8608 2529 9169 6417 19951 47886 17755 1539 9898 6315 5260 11370 9977 38212 17994
internal_value=4.95063e-05 -0.00158611 -0.00296913 -0.0056536 -0.00439891 0.00713128 0.00148817 0.0145986 0.0107086 0.0103386 -0.0133245 0.000183569 0.00139012 -0.00637715
internal_weight=48352.8 43474.3 37527.2 23419.7 20141.1 5947.1 14107.5 4878.49 1739.71 3179.27 3278.64 12367.8 10928.5 15516.5
internal_count=212880 189114 162190 99730 85831 26924 62460 23766 7854 15158 13899 54606 48189 65880
is_linear=0
shrinkage=0.03


Tree=23
num_leaves=15
num_cat=0
split_feature=238 249 238 29 77 126 110 229 236 229 8 10 229 130
split_gain=1223.75 460.838 413.189 376.545 266.724 190.284 174.332 137.307 135.655 131.86 131.27 130.295 130.279 113.737
threshold=-0.14306795597076413 0.13636363297700885 -0.22479641437530515 83.500000000000014 4.5000000000000009 54.500000000000007 23.500000000000004 2.5000000000000004 -0.090857498347759233 1.0000000180025095e-35 70.500000000000014 2.5000000000000004 55.500000000000007 14.500000000000002
decision_type=10 2 10 8 10 10 8 10 2 8 10 8 10 10
left_child=2 5 7 4 -3 10 9 -1 -7 -4 11 -2 -11 -10
right_child=1 3 6 -5 -6 8 -8 -9 13 12 -12 -13 -14 -15
leaf_value=0.025649998886624271 0.00059482368584002471 -0.019205545816852326 0.015112528684805884 0.0081021853509619431 -0.00059798185734508081 0.0056746616897328335 0.011439087349207268 0.01232296458270222 -0.009125914697662928 -0.00061031311826958274 -0.0011405689486090214 -0.010216010698508717 0.011556003732931678 -0.00098612206428756385
leaf_weight=1234.2305863052607 1116.9706846028566 745.26953606307507 671.55429691076279 4989.368534386158 8460.114289700985 1667.7617267072201 2816.8371265232563 1665.9000688046217 2376.8334407508373 5292.5947410166264 2249.6031426638365 9761.4037556052208 921.38223668932915 4388.266541287303
leaf_count=6439 4753 3168 3172 22504 36799 7434 12953 8156 10275 23546 9536 41135 4157 19012
internal_value=0.000110302 -0.00272314 0.00814508 0.00147384 -0.00212366 -0.00548566 0.00516488 0.0180633 -0.00196598 0.00258527 -0.00774333 -0.00910645 0.00120933 -0.00385519
internal_weight=48358.1 35755.6 12602.5 14194.8 9205.38 21560.8 9702.37 2900.13 8432.86 6885.53 13128 10878.4 6213.98 6765.1
internal_count=213039 154616 58423 62471 39967 92145 43828 14595 36721 30875 55424 45888 27703 29287
is_linear=0
shrinkage=0.03


Tree=24
num_leaves=15
num_cat=0
split_feature=238 140 238 61 237 60 236 242 242 98 122 228 224 224
split_gain=1156.51 536.997 367.235 346.407 237.005 192.371 188.911 180.689 163.017 161.805 152.619 160.889 154.242 132.209
threshold=-0.14821164309978482 44.500000000000007 -0.23258104920387265 15.500000000000002 0.12987349182367328 71.500000000000014 -0.078338630497455583 0.022343334741890434 0.034930426627397544 35.500000000000007 23.500000000000004 41.500000000000007 34.500000000000007 2.5000000000000004
decision_type=10 8 10 10 2 8 2 8 8 10 10 10 10 10
left_child=2 3 13 7 6 8 -3 -2 -4 10 12 -12 -5 -1
right_child=1 4 5 9 -6 -7 -8 -9 -10 -11 11 -13 -14 -15
leaf_value=0.026235332586569869 -0.0046192057873121186 0.0043060399949425834 -0.00063039484171257382 0.0057105290044155398 0.011400318982958827 0.011674428804415212 -0.0024189146688714048 0.0076415121841971701 0.010678900697884172 -0.0028216303981198859 -0.014465111154366354 -0.003894723589306611 -0.0098810542533743322 0.012221231816273433
leaf_weight=1085.5125794410706 2323.6812268793583 5617.5606892555952 4446.8106978833675 936.07486721873283 1743.2670881152153 2918.6963751018047 11314.838482096791 2006.851966291666 1535.4252521693707 3285.4126001447439 6596.9536032378674 1623.4430405795574 1434.1221024096012 1433.9774058014154
leaf_count=5747 9965 24950 19806 3973 7979 13576 49152 8822 7128 14055 27696 6861 6064 7127
internal_value=-9.03661e-05 -0.00267371 0.00824756 -0.00633849 0.000900502 0.00537371 -0.000186592 0.00106716 0.00228527 -0.00864881 -0.0104521 -0.0123848 -0.00372526 0.018339
internal_weight=48302.6 36882.2 11420.4 18206.5 18675.7 8900.93 16932.4 4330.53 5982.24 13876 10590.6 8220.4 2370.2 2519.49
internal_count=212901 159517 53384 77436 82081 40510 74102 18787 26934 58649 44594 34557 10037 12874
is_linear=0
shrinkage=0.03


Tree=25
num_leaves=15
num_cat=0
split_feature=245 242 119 63 248 222 245 245 120 37 47 122 228 248
split_gain=1199.79 682.746 363.674 334.355 293.168 233.081 196.993 188.898 184.981 287.35 180.98 206.273 143.677 140.449
threshold=-0.09922825917601584 0.031191857531666759 79.500000000000014 76.500000000000014 0.6111111342906953 39.500000000000007 -0.10076408460736273 -0.050992889329791062 50.500000000000007 9.5000000000000018 8.5000000000000018 62.500000000000007 26.500000000000004 0.7929292917251588
decision_type=2 8 8 10 2 10 2 2 10 8 10 10 10 2
left_child=2 3 4 5 -1 8 -6 -7 9 12 -3 -12 -2 -10
right_child=1 10 -4 -5 6 7 -8 -9 13 -11 11 -13 -14 -15
leaf_value=0.018564814382177337 -0.027300660209342485 0.011007273429840874 0.017873595523003695 0.0011322633818050801 -0.0050508943054739771 0.0047054503055557612 0.026097103763567202 -0.0049739640271008094 -0.0034675344006144643 -0.008239508906706685 -0.001910193269024087 0.0092032962210349123 -0.0052797471181919211 -0.013567924915596996
leaf_weight=854.9271340072155 1283.0457416176796 3106.7511535286903 3752.8963186889887 8266.6671887785196 1937.9381665587425 2710.6759670972824 191.71458965539932 5441.2770301699638 7416.6935710608959 5120.3574332147837 4063.203921020031 2373.1156665086746 342.90513271093369 1480.9102442860603
leaf_count=4042 5323 14400 18719 35922 8559 11834 830 23424 32099 21486 17849 10859 1441 6370
internal_value=-6.53517e-05 -0.00196799 0.0116694 -0.00406447 0.00383444 -0.00586953 -0.00213804 -0.00175356 -0.00801185 -0.0117573 0.00507259 0.00219535 -0.0227172 -0.00516198
internal_weight=48343.1 41605.6 6737.48 32062.5 2984.58 23795.9 2129.65 8151.95 15643.9 6746.31 9543.07 6436.32 1625.95 8897.6
internal_count=213157 181007 32150 137899 13431 101977 9389 35258 66719 28250 43108 28708 6764 38469
is_linear=0
shrinkage=0.03


Tree=26
num_leaves=15
num_cat=0
split_feature=236 237 126 242 120 242 228 106 224 224 120 249 226 242
split_gain=1031.52 415.729 391.859 302.552 199.83 183.11 167.133 184.458 171.798 136.763 146.95 128.727 126.65 127.313
threshold=-0.097234781831502901 0.042001152411103256 76.500000000000014 0.034473922103643424 59.500000000000007 0.025086361914873127 27.500000000000004 10.500000000000002 29.500000000000004 76.500000000000014 99.500000000000014 0.91414141654968273 1.5000000000000002 0.02259051147848368
decision_type=2 2 8 8 10 8 8 8 10 10 10 2 8 8
left_child=2 4 3 9 6 -3 7 -2 -9 10 11 -1 -4 -14
right_child=1 5 12 -5 -6 -7 -8 8 -10 -11 -12 -13 13 -15
leaf_value=-0.0033606740815936638 -0.018938982876324836 -0.0020501136091253111 0.024020815036235699 0.012639808289686182 -0.001713160738114864 0.0058893702625436766 -0.0043110571290555129 -0.0024521427413601309 -0.01538821675110599 0.015867412254709619 0.013926513199864023 -0.036046504146612798 0.0030090646173188164 0.01470086102876988
leaf_weight=4089.7172514051199 1797.1553699076176 4640.9936571866274 895.71330192685127 2029.3860142678022 11445.650005817413 5965.3297918140888 8214.1189411729574 2461.4417782276869 1473.8215779513121 385.68791872262955 433.41454760730267 101.56382055580616 1151.190089687705 3133.924784168601
leaf_count=17926 7447 20280 4626 9589 49669 27005 34848 10329 6154 1713 2063 452 5372 15233
internal_value=-1.33354e-05 -0.00257005 0.00751397 0.00289824 -0.00465312 0.00241664 -0.00706293 -0.0109918 -0.00732364 -0.00106477 -0.00250806 -0.00423664 0.0137682 0.0115742
internal_weight=48219.1 35998.5 12220.6 7039.77 25392.2 10606.3 13946.5 5732.42 3935.26 5010.38 4624.7 4191.28 5180.83 4285.11
internal_count=212706 155732 56974 31743 108447 47285 58778 23930 16483 22154 20441 18378 25231 20605
is_linear=0
shrinkage=0.03


Tree=27
num_leaves=15
num_cat=0
split_feature=245 242 224 140 106 245 224 248 29 248 224 84 246 242
split_gain=1105.5 656.228 393.745 330.238 333.492 283.785 260.618 259.445 235.101 195.872 283.558 182.687 174.146 157.875
threshold=-0.09922825917601584 0.031651148572564132 2.5000000000000004 46.500000000000007 22.500000000000004 -0.069947317242622362 66.500000000000014 0.6111111342906953 1.5000000000000002 0.66161617636680614 17.500000000000004 17.500000000000004 0.03266496770083905 0.013171993661671879
decision_type=2 8 10 10 10 2 10 2 10 2 10 10 2 10
left_child=2 3 -1 4 13 -5 7 -4 -3 10 -9 -11 -7 -2
right_child=1 8 6 5 -6 12 -8 9 -10 11 -12 -13 -14 -15
leaf_value=0.022984729206252805 -0.022573145242045494 0.014566683491468871 0.015751944519639283 0.0073164301597314595 -0.0021530565362837908 -0.0055848662955223184 0.02708970837480763 -0.039139725426852054 0.002772011443505004 -0.0015924967454730957 0.0094076312207918081 0.017336864826299793 0.001857915726603717 -0.0092024772404545874
leaf_weight=1862.045605674386 873.47784839570522 1929.5210395753384 1252.3813143670559 3211.5651293545961 8064.6068861782551 7331.15714456141 496.68178373575211 248.6977102458477 7082.0254853665829 2027.1468211114407 180.68710023164749 582.5961536616087 4597.138028472662 8558.6563478559256
leaf_count=9654 3622 9157 6156 14276 34451 31545 2371 1126 31740 9124 822 2741 20267 36096
internal_value=-3.72846e-05 -0.00185171 0.0113115 -0.00383042 -0.00663635 -0.000585441 0.00673358 0.00432014 0.00531079 -0.000426953 -0.0189616 0.00268332 -0.00271728 -0.0104633
internal_weight=48298.4 41648.1 6650.24 32636.6 17496.7 15139.9 4788.19 4291.51 9011.55 3039.13 429.385 2609.74 11928.3 9432.13
internal_count=213148 181154 31994 140257 74169 66088 22340 19969 40897 13813 1948 11865 51812 39718
is_linear=0
shrinkage=0.03


Tree=28
num_leaves=15
num_cat=0
split_feature=120 66 215 243 148 231 249 98 248 248 224 231 228 88
split_gain=805.844 455.783 309.557 290.311 231.607 328.13 188.55 184.358 162.093 161.399 146.02 144.709 271.412 320.221
threshold=97.500000000000014 76.500000000000014 35.500000000000007 -0.037349589169025414 12.500000000000002 80.500000000000014 0.1565656587481499 42.500000000000007 0.27777777612209326 0.80303028225898754 4.5000000000000009 92.500000000000014 10.500000000000002 4.5000000000000009
decision_type=8 10 10 2 10 10 2 10 2 2 10 10 8 10
left_child=1 2 7 -3 5 -5 -6 8 -1 11 -7 -2 13 -13
right_child=9 3 -4 4 6 10 -8 -9 -10 -11 -12 12 -14 -15
leaf_value=-0.0090291493363907054 0.0098506108364666781 0.010475170824036772 -0.010577594940954881 -0.00089818585515079731 -0.0028385122222520411 0.01150114115921665 0.0080736901943639257 0.0023975142251273325 -0.0022632829247759283 0.018062041314956565 -0.041518782131716614 0.0082026009767833669 0.014532372575748324 -0.025275158516837266
leaf_weight=3990.6708884835243 4191.6425695866346 3679.9424518942833 4746.8431051969528 789.29822720587254 2881.3991927951574 49.764031440019608 2802.2484215497971 5918.2933098226786 15726.038866594434 1450.5191208124161 332.1053773611784 462.48135082423687 643.46670205891132 558.64963258802891
leaf_count=17039 19555 16681 20102 3415 12484 232 12622 26014 68006 7187 1466 2433 3091 2603
internal_value=-4.47035e-05 -0.00168409 -0.00354834 0.00369059 3.8397e-05 -0.0120511 0.00254634 -0.00224311 -0.00363658 0.00912535 -0.0344922 0.00688482 -0.000597584 -0.0101802
internal_weight=48223.4 40916.6 30381.8 10534.8 6854.82 1171.17 5683.65 25635 19716.7 7306.76 381.869 5856.24 1664.6 1021.13
internal_count=212930 178061 131161 46900 30219 5113 25106 111059 85045 34869 1698 27682 8127 5036
is_linear=0
shrinkage=0.03


Tree=29
num_leaves=15
num_cat=0
split_feature=245 29 126 126 34 248 231 245 245 228 248 231 229 246
split_gain=1020.68 445.309 307.6 277.14 225.551 188.38 226.733 182.473 182.171 304.805 213.595 188.735 234.218 192.775
threshold=-0.09922825917601584 96.500000000000014 75.500000000000014 50.500000000000007 7.5000000000000009 0.6111111342906953 27.500000000000004 -0.048071965575218194 -0.071556743234395967 18.500000000000004 0.63131311535835277 92.500000000000014 5.5000000000000009 0.05917570739984513
decision_type=2 8 8 10 10 2 10 2 2 8 2 10 10 2
left_child=2 3 5 4 -2 -1 -7 -3 9 10 -5 12 -12 -14
right_child=1 7 -4 8 -6 6 -8 -9 -10 -11 11 -13 13 -15
leaf_value=0.015963508306813163 -0.013542919103482518 0.01477744087841109 0.018697062051604412 0.014869277996783187 -0.0040371710070554803 -0.018155915498732068 0.0050955399018652895 0.0022993299738579159 -0.0020394307606795359 0.013132116188329664 0.012225188895980954 -0.01837708782694045 -0.0046430211515128446 -0.044461798247196559
leaf_weight=1114.2060754448175 2634.7427926957607 1769.5133921205997 2723.7096887528896 575.54576383531094 15057.741515621543 438.09470443427563 2385.601611584425 2600.7605084478855 14347.520360022783 2153.5487725287676 782.54376596212387 699.45662452280521 973.2430555075407 113.79488402605057
leaf_count=5450 11021 8369 14090 2670 63706 1888 10838 11832 62745 9772 3508 3115 4202 488
internal_value=6.61498e-05 -0.00167623 0.0109614 -0.0027372 -0.00545961 0.00557703 0.00143675 0.00737389 -0.000283922 0.00446494 -0.00149353 -0.00520276 -0.000202366 -0.00917868
internal_weight=48370 41708.4 6661.61 37338.1 17692.5 3937.9 2823.7 4370.27 19645.7 5298.13 3144.58 2569.04 1869.58 1087.04
internal_count=213694 181428 32266 161227 74727 18176 12726 20201 86500 23755 13983 11313 8198 4690
is_linear=0
shrinkage=0.03


Tree=30
num_leaves=15
num_cat=0
split_feature=242 120 226 226 243 124 243 35 24 243 140 244 226 226
split_gain=767.248 529.82 407.098 371.896 386.34 285.941 216.028 213.471 198.12 176.717 168.514 279.289 167.08 162.83
threshold=0.031651148572564132 97.500000000000014 12.500000000000002 81.500000000000014 -0.087366931140422807 64.500000000000014 -0.083844181150197969 6.5000000000000009 8.5000000000000018 -0.048201425001025193 29.500000000000004 0.013208392541855575 63.500000000000007 43.500000000000007
decision_type=8 10 8 10 2 8 2 10 10 2 10 2 10 8
left_child=1 2 6 4 -4 8 -1 -6 -2 12 11 -11 -9 -3
right_child=5 13 3 -5 7 -7 -8 9 -10 10 -12 -13 -14 -15
leaf_value=0.021338785428564468 0.01029626965765814 0.0033456207945464405 -0.041738042794172071 0.0015822862391252697 -0.013361569081726024 0.012343948566417224 0.0016448624296119918 0.0063522641307676465 -0.0011533606559739069 -0.015212753338056939 -0.0036605115085227486 -0.0016647202481446671 -0.012667947495809627 0.015096960511572895
leaf_weight=540.68310037255287 2013.0694265067577 3437.7173949182034 275.57486134767532 5728.895008072257 3444.4957641214132 4840.4067016094923 5616.0683428347111 1927.7682590931654 4145.6683183461428 3768.8944881558418 8238.3761437833309 2152.0056113153696 519.39654411375523 1530.4777962118387
leaf_count=2625 9402 16192 1226 24886 14679 23517 24535 8289 18318 15662 35226 9071 2208 7091
internal_value=-6.15619e-05 -0.0021209 -0.00352764 -0.00516674 -0.00706875 0.0068952 0.00340617 -0.0065717 0.00259974 -0.00515616 -0.00644209 -0.0102997 0.00228021 0.00698874
internal_weight=48179.5 37180.4 32212.2 26055.4 20326.5 10999.1 6156.75 20050.9 6158.74 16606.4 14159.3 5920.9 2447.16 4968.2
internal_count=212927 161690 138407 111247 86361 51237 27160 85135 27720 70456 59959 24733 10497 23283
is_linear=0
shrinkage=0.03


Tree=31
num_leaves=15
num_cat=0
split_feature=245 242 224 230 242 245 224 248 231 245 29 76 229 229
split_gain=998.379 524.285 336.329 327.054 284.885 281.002 273.387 285.476 220.174 205.013 181.749 172.372 170.902 197.149
threshold=-0.09922825917601584 0.031651148572564132 3.5000000000000004 80.500000000000014 0.019345999695360664 -0.046979540959000581 64.500000000000014 0.6111111342906953 22.500000000000004 -0.10320196673274039 1.5000000000000002 87.500000000000014 32.500000000000007 50.500000000000007
decision_type=2 8 10 10 10 2 10 2 10 2 10 10 10 10
left_child=2 3 -1 4 -2 -5 7 12 9 -9 -3 -6 -4 -14
right_child=1 10 6 5 11 -7 -8 8 -10 -11 -12 -13 13 -15
leaf_value=0.021206782106121209 -0.0091304719801854374 0.012965122447569701 0.022072091741577683 0.0092997954887875864 -0.0038086032586518905 -0.0034493261501127481 0.026957843347824719 -0.03765045225944165 0.0015125601468569034 0.021688589227657634 0.0025277107908574172 0.0048698875193790656 -0.025744149955843176 0.027102917186763886
leaf_weight=1986.50696618855 9258.9139247089624 1900.1006256341934 923.03889420628548 3020.1434604227543 14797.868514582515 3190.1018190979958 506.85854423046112 236.42960670590401 2567.4066836237907 59.44410514831543 7054.8765405714512 2383.8042706102133 156.00437036156654 93.216329097747803
leaf_count=10515 38959 9151 4648 13486 63301 13832 2464 1017 11742 252 31719 10542 748 452
internal_value=3.97165e-05 -0.00167256 0.0109372 -0.00343616 -0.00489098 0.00275576 0.00640932 0.00376819 -0.00134813 -0.0254093 0.00475435 -0.00260241 0.0161707 -0.00569468
internal_weight=48134.7 41605.8 6528.91 32650.8 26440.6 6210.25 4542.4 4035.54 2863.28 295.874 8954.98 17181.7 1172.26 249.221
internal_count=212828 180990 31838 140120 112802 27318 21323 18859 13011 1269 40870 73843 5848 1200
is_linear=0
shrinkage=0.03


Tree=32
num_leaves=15
num_cat=0
split_feature=245 242 66 119 229 248 232 226 226 242 231 229 226 231
split_gain=938.876 516.391 327.039 309.64 296.2 304.841 204.975 196.653 305.898 348.203 191.56 283.98 189.007 161.026
threshold=-0.1103546880185604 0.025183104909956459 54.500000000000007 16.500000000000004 68.500000000000014 0.43939393758773809 83.500000000000014 6.5000000000000009 54.500000000000007 0.026003899052739147 91.500000000000014 5.5000000000000009 25.500000000000004 19.500000000000004
decision_type=2 8 8 8 10 2 10 10 10 8 8 8 10 8
left_child=3 4 -3 -1 6 -6 10 13 9 12 11 -2 -9 -5
right_child=1 2 -4 7 5 -7 -8 8 -10 -11 -12 -13 -14 -15
leaf_value=-0.029517529459546762 0.0046779398246748908 -0.001289592807344388 0.0066273314794678484 -0.019187243289648943 -0.0034950939816591293 0.011310280619137277 0.00028313839070259647 -0.01803703288466077 0.03154466951252699 0.015339282254577234 -0.017141918220424671 -0.0079615813379013446 0.010018987105038219 0.024012355744065499
leaf_weight=139.90392619371414 1835.1023151576519 10140.238719493151 8732.3279931694269 74.200170740485191 3327.6476197987795 1993.1213266253471 3845.9664913713932 653.15376260876656 440.91424158215523 1158.7108075320721 1634.9903296977282 12166.155336797237 312.79349046945572 1706.4725934863091
leaf_count=614 7956 44401 40183 359 14351 9002 16399 3035 2148 5814 7069 51227 1426 9112
internal_value=-2.02928e-05 -0.00136378 0.00237513 0.0130334 -0.00420853 0.0020617 -0.00592117 0.0144677 0.00909462 0.00430979 -0.00744642 -0.0063028 -0.00894235 0.0221151
internal_weight=48161.7 43675.6 18872.6 4486.15 24803 5320.77 19482.2 4346.25 2565.57 2124.66 15636.2 14001.3 965.947 1780.67
internal_count=213096 190588 84584 22508 106004 23353 82651 21894 12423 10275 66252 59183 4461 9471
is_linear=0
shrinkage=0.03


Tree=33
num_leaves=15
num_cat=0
split_feature=245 242 66 229 245 226 222 233 101 245 29 242 243 229
split_gain=849.874 511.623 360.497 335.314 286.979 248.925 354.63 238.023 250.747 200.77 216.434 221.437 176.075 270.014
threshold=-0.1103546880185604 0.025183104909956459 40.500000000000007 67.500000000000014 -0.053743818774819367 6.5000000000000009 14.500000000000002 56.500000000000007 2.5000000000000004 -0.20662932842969892 33.500000000000007 0.0340066496282816 -0.07907544448971747 5.5000000000000009
decision_type=2 8 8 10 2 10 10 10 10 2 8 10 2 10
left_child=5 3 -3 7 -5 -1 9 8 -2 -7 11 12 -11 -14
right_child=1 2 -4 4 -6 6 -8 -9 -10 10 -12 -13 13 -15
leaf_value=0.021275252699133433 -0.022286163345704175 -0.0023287967191555135 0.0060598414045023689 0.012424096037896239 -0.0022234093455824832 0.032146080616996989 0.025603664837477592 -0.0021266798774266698 -0.0072761136842023309 -0.035069908766425149 0.011544186743729323 0.014424889440056354 0.022126731391628934 -0.019740787827288914
leaf_weight=1767.1932551860809 1110.8111378252506 7971.0628486424685 10912.894787564874 1768.2949642688036 3719.3691625148058 154.8575255125761 661.89600004255772 8503.1670569479465 9726.1041136533022 302.10942788422108 643.41789384186268 257.22884558141232 187.29053148627281 459.87655384838581
leaf_count=9508 4649 34772 49922 8058 16044 899 3324 36078 41198 1426 3026 1311 868 2049
internal_value=6.92934e-05 -0.00120118 0.00251957 -0.00403106 0.00251048 0.0125689 0.00674137 -0.00588754 -0.00883381 0.000417644 -0.00239691 -0.00986534 -0.0165291 -0.00747198
internal_weight=48145.6 43711.7 18884 24827.7 5487.66 4433.87 2666.68 19340.1 10836.9 2004.78 1849.92 1206.51 949.277 647.167
internal_count=213132 190721 84694 106027 24102 22411 12903 81925 45847 9579 8680 5654 4343 2917
is_linear=0
shrinkage=0.03


Tree=34
num_leaves=15
num_cat=0
split_feature=238 24 226 140 98 147 242 139 226 248 68 226 14 238
split_gain=791.031 420.424 342.033 415.069 206.676 195.018 203.182 175.004 178.28 246.53 159.689 148.261 145.652 184.911
threshold=-0.20397352427244184 95.500000000000014 12.500000000000002 30.500000000000004 36.500000000000007 18.500000000000004 0.02814221661537886 48.500000000000007 66.500000000000014 0.59090909361839306 6.5000000000000009 1.5000000000000002 5.5000000000000009 -0.11262398585677146
decision_type=10 8 10 10 10 10 10 10 10 2 10 10 10 10
left_child=11 2 5 4 12 -2 -7 8 10 -10 -5 -1 -4 -14
right_child=1 -3 3 7 -6 6 -8 -9 9 -11 -12 -13 13 -15
leaf_value=0.022346004689184362 0.011415387382256602 0.0069616087573201235 -0.018581365674972927 -0.016155907840960704 -0.0014203642581795768 -0.0028598982979596444 0.0082776110963992278 -0.0034906340301538493 0.0020088818412997943 0.022989367698375361 0.0012776981249272917 0.009164992634452522 -0.0029547763404750948 -0.012369285821388465
leaf_weight=1051.3808194547892 1887.2679428905249 4942.4174739569426 1567.4164083600044 510.31703491508961 3210.7418438643217 4797.2017823755741 2116.264290958643 10134.205572172999 1360.0618716180325 792.90243878960609 5176.2676920741796 2894.36566644907 3171.4632122218609 4620.9081949740648
leaf_count=5831 8455 22992 6579 2239 13762 21045 9720 43557 5964 3689 22497 14649 13534 19118
internal_value=-0.00012898 -0.00127679 -0.00231318 -0.00381438 -0.00799384 0.00289537 0.000556409 -0.000888519 0.0024754 0.00980622 -0.000312417 0.0127248 -0.0102449 -0.00854632
internal_weight=48233.2 44287.4 39345 30544.3 12570.5 8800.73 6913.47 17973.8 7839.55 2152.96 5686.58 3945.75 9359.79 7792.37
internal_count=213631 193151 170159 130939 52993 39220 30765 77946 34389 9653 24736 20480 39231 32652
is_linear=0
shrinkage=0.03


Tree=35
num_leaves=15
num_cat=0
split_feature=238 137 230 248 242 230 231 222 252 52 224 231 231 248
split_gain=830.265 347.783 261.541 243.196 215.945 212.074 248.777 177.52 170.42 159.425 149.187 341.723 279.443 400.467
threshold=-0.1491328030824661 59.500000000000007 3.5000000000000004 0.33838383853435522 0.032449860125780113 10.500000000000002 99.500000000000014 4.5000000000000009 0.083567474037408843 8.5000000000000018 6.5000000000000009 46.500000000000007 70.500000000000014 0.67171716690063488
decision_type=10 8 10 2 10 10 10 10 2 10 10 10 10 2
left_child=2 5 -1 8 9 6 7 -2 -3 -4 11 -7 13 -12
right_child=1 3 4 -5 -6 10 -8 -9 -10 -11 12 -13 -14 -15
leaf_value=0.013625700562402776 -0.0069953455114659772 -0.0057565121213949775 -0.0069543777028950897 0.0053864034174223733 0.010927718593198736 0.010817743956999677 -0.028076858521869377 0.0054407359415391396 0.0051600765563510915 0.0044380450640225805 -0.0047760316564624972 -0.03126734040445947 0.0019552059084103532 -0.017702847357896304
leaf_weight=3763.9973301291466 1396.4685021936893 4523.9963867664337 1798.3619037866592 7255.6181119531393 2506.2085110843182 243.658098757267 247.04031117260456 3885.2326082140207 1788.3348371833563 2834.4092032462358 10765.096949055791 560.21040618419647 3675.4760807752609 2691.7679938077927
leaf_count=19260 6051 19643 8176 32771 12154 1013 1063 16914 8144 12765 45336 2362 15633 11175
internal_value=-3.65102e-05 -0.00217904 0.0072361 0.00164348 0.00385286 -0.00438906 0.000746977 0.00214566 -0.00266048 1.02492e-05 -0.00597175 -0.0185349 -0.00537181 -0.007373
internal_weight=47935.9 37032.9 10903 13567.9 7138.98 23465 5528.74 5281.7 6312.33 4632.77 17936.2 803.869 17132.3 13456.9
internal_count=212460 160105 52355 60558 33095 99547 24028 22965 27787 20941 75519 3375 72144 56511
is_linear=0
shrinkage=0.03


Tree=36
num_leaves=15
num_cat=0
split_feature=245 242 230 226 226 245 120 231 137 108 226 242 178 231
split_gain=817.735 476.548 322.271 293.675 298.373 238.123 236.621 292.949 258.83 229.829 227.269 190.959 187.003 185.8
threshold=-0.09922825917601584 0.031651148572564132 80.500000000000014 6.5000000000000009 54.500000000000007 -0.046979540959000581 49.500000000000007 91.500000000000014 18.500000000000004 10.500000000000002 8.5000000000000018 0.028252302668988708 1.5000000000000002 88.500000000000014
decision_type=2 8 10 10 10 2 10 10 10 8 10 8 10 10
left_child=3 2 6 -1 11 -4 9 10 -9 -2 13 -5 -3 -8
right_child=1 12 5 4 -6 -7 7 8 -10 -11 -12 -13 -14 -15
leaf_value=0.018553345990166923 -0.015710118905529074 0.012980503442849589 0.009047313034756874 -0.0052769349057076231 0.019791639993662357 -0.0026953987616499735 0.0084434103011127026 -0.028292784575152205 -0.0061556604931222924 -0.0054994487916793303 -0.0026706368570343381 0.0096741203080749766 0.0023880748622578485 -0.021505142204052464
leaf_weight=2304.4605455696583 2663.4287412017584 1902.1247195601463 3001.0027218014002 1899.6350671201944 955.46439529955387 3205.0617580711842 2925.8313845843077 619.16564103960991 1980.3146722018719 7779.0616132169962 10365.015509396791 1277.0818372815847 6992.1530153155327 189.62638463079929
leaf_count=12385 10963 9292 13497 8626 4555 13873 12850 2632 8707 32505 44380 6419 31568 830
internal_value=5.07735e-05 -0.0014888 -0.00316217 0.00999334 0.00518627 0.00298832 -0.00460193 -0.00231604 -0.0115167 -0.00811629 -0.000534634 0.000745082 0.0046654 0.00655758
internal_weight=48059.4 41622.8 32728.5 6436.64 4132.18 6206.06 26522.4 16080 2599.48 10442.5 13480.5 3176.72 8894.28 3115.46
internal_count=213082 181097 140237 31985 19600 27370 112867 69399 11339 43468 58060 15045 40860 13680
is_linear=0
shrinkage=0.03


Tree=37
num_leaves=15
num_cat=0
split_feature=245 242 63 238 224 60 238 101 101 245 246 224 231 237
split_gain=798.35 407.695 289.008 231.738 233.365 176.696 170.325 144.882 137.92 173.681 217.63 165.129 140.752 134.815
threshold=-0.096477255225181566 0.031651148572564132 72.500000000000014 -0.25203220546245569 65.500000000000014 72.500000000000014 -0.12800586968660352 3.5000000000000004 5.5000000000000009 -0.071215745061635957 0.03158280439674855 18.500000000000004 78.500000000000014 0.15400650352239612
decision_type=2 8 10 10 8 8 10 10 10 2 2 10 8 2
left_child=3 2 7 -1 5 -5 -3 -2 12 11 -11 -10 -4 -8
right_child=1 6 8 4 -6 -7 13 -9 9 10 -12 -13 -14 -15
leaf_value=0.022783937706259721 -0.012294623108957172 0.0089265769791423404 -0.0034154508777784363 0.001456031125089333 0.024269471841223782 0.013279369165011668 -0.0012738548622175947 -0.0042880120667726108 -0.0018169266390062639 -0.004467453230590653 0.0065253243245064719 0.016882904270717883 -0.031799526823527761 0.01403467554684365
leaf_weight=971.47651681303978 2251.4172350019217 3685.9438555836678 664.30960229039192 3793.3821451365948 623.73410533368587 1616.7061358690262 4534.7966329306364 20624.855940297246 648.26303623616695 3926.2513798326254 2745.52914711833 1214.1704772114754 197.22515812516212 574.31894065439701
leaf_count=5725 9461 17464 2790 17721 3208 8025 20221 87951 2855 16769 12117 5400 842 2743
internal_value=-0.00010453 -0.00170187 -0.00326223 0.00924861 0.00703526 0.0050072 0.00402081 -0.00508103 0.00116679 0.00232523 5.92211e-05 0.0103991 -0.0102035 0.000471041
internal_weight=48072.4 41067.1 32272 7005.3 6033.82 5410.09 8795.06 22876.3 9395.75 8534.21 6671.78 1862.43 861.535 5109.12
internal_count=213292 178613 138185 34679 28954 25746 40428 97412 40773 37141 28886 8255 3632 22964
is_linear=0
shrinkage=0.03


Tree=38
num_leaves=15
num_cat=0
split_feature=238 230 140 119 242 110 10 222 231 231 222 244 230 238
split_gain=762.444 328.685 314.649 213.02 254.373 199.067 196.862 196.29 267.701 174.312 171.709 169.068 158.403 156.689
threshold=-0.12871579825878141 3.5000000000000004 44.500000000000007 98.500000000000014 0.031947290524840362 8.5000000000000018 57.500000000000007 3.5000000000000004 55.500000000000007 91.500000000000014 59.500000000000007 0.0052290225867182025 10.500000000000002 -0.28120833635330195
decision_type=10 10 8 10 10 10 10 10 10 10 10 2 10 10
left_child=1 9 6 4 5 -3 7 8 -2 -1 -8 -10 -9 -11
right_child=2 3 -4 -5 -6 -7 10 12 11 13 -12 -13 -14 -15
leaf_value=0.016976418849973817 0.012120515538980203 -0.0083864915129182697 0.00026908422223007831 0.012876947419535758 0.0077577476968548054 0.0023455636621036511 -0.013802702598042256 0.0036396774157117528 0.0045014204623606158 0.021655181750423899 0.0038228147468009018 -0.028273425307733916 -0.0046403631241303273 0.0010366773797425297
leaf_weight=2738.2886789739132 250.2129285633564 2877.2758156359196 16747.724515900016 1554.9299129098654 3223.575485676527 3365.1875924170017 3503.5824738144875 2904.4438034892082 169.91222959756851 408.74109697341919 575.08479534089565 772.07309490442276 7256.8015858530998 1601.5781488269567
leaf_count=13575 1062 12554 73707 7533 15352 14729 14561 12543 722 2460 2441 3260 30399 7949
internal_value=6.92667e-05 0.00547125 -0.00257883 0.00262347 0.000927378 -0.00260656 -0.00566771 -0.00363104 -0.0150958 0.0120612 -0.0113143 -0.0223764 -0.00227238 0.0053153
internal_weight=47949.4 15769.6 32179.8 11021 9466.04 6242.46 15432.1 11353.4 1192.2 4748.61 4078.67 941.985 10161.2 2010.32
internal_count=212847 74152 138695 50168 42635 27283 64988 47986 5044 23984 17002 3982 42942 10409
is_linear=0
shrinkage=0.03


Tree=39
num_leaves=15
num_cat=0
split_feature=236 237 119 125 178 233 230 119 60 106 137 8 230 192
split_gain=662.533 307.06 171.935 170.262 167.949 153.664 129.736 129.317 124.02 112.912 151.648 95.7904 92.8463 88.2051
threshold=-0.11313641071319579 0.035542786121368415 17.500000000000004 3.5000000000000004 1.5000000000000002 59.500000000000007 81.500000000000014 50.500000000000007 47.500000000000007 20.500000000000004 31.500000000000004 6.5000000000000009 10.500000000000002 79.500000000000014
decision_type=2 2 8 8 10 10 10 10 8 10 8 10 8 10
left_child=2 5 -1 11 -5 6 9 -7 -4 10 -2 -3 -11 -8
right_child=1 3 8 4 -6 7 13 -9 -10 12 -12 -13 -14 -15
leaf_value=-0.018317246286829968 -0.013554823674397023 0.0013663953534300435 0.0044678726487096488 0.011458880925145194 0.0014886404406630079 -0.0039207503317381853 -0.0036771667786189128 0.0025719124961723762 0.012411864829331086 0.0053881620923000679 -0.0048511487710419824 -0.020246608329673614 -0.0051886884029350181 0.0072582094944296125
leaf_weight=204.74812096357346 3566.3269570469856 302.894241720438 3134.8411651104689 1733.8911105394363 11911.677764728665 5670.3031189888716 1779.6224826872349 5362.4331434518099 4099.2482082992792 898.55263322591782 3665.9222976416349 457.66670121252537 4220.9911441653967 1045.3381634354591
leaf_count=908 14839 1336 15122 8365 53060 23723 7697 23360 20942 3919 15720 1939 17842 4615
internal_value=-1.93843e-05 -0.00152742 0.00820539 0.00199006 0.00276299 -0.00346083 -0.00541838 -0.000765537 0.00898031 -0.00674391 -0.00915585 -0.0117332 -0.00332542 0.000380649
internal_weight=48054.5 40615.6 7438.84 14406.1 13645.6 26209.5 15176.8 11032.7 7234.09 12351.8 7232.25 760.561 5119.54 2824.96
internal_count=213387 176415 36972 64700 61425 111715 64632 47083 36064 52320 30559 3275 21761 12312
is_linear=0
shrinkage=0.03


Tree=40
num_leaves=15
num_cat=0
split_feature=245 242 76 119 230 193 230 231 140 60 242 230 245 242
split_gain=661.63 350.43 285.077 266.29 230.76 177.995 156.731 199.251 170.916 154.221 139.349 148.17 130.082 114.843
threshold=-0.1103546880185604 0.019738873466849331 86.500000000000014 15.500000000000002 80.500000000000014 71.500000000000014 5.5000000000000009 90.500000000000014 27.500000000000004 49.500000000000007 0.026003899052739147 17.500000000000004 -0.046979540959000581 0.026390600949525837
decision_type=2 8 8 8 10 10 10 8 10 8 8 10 2 10
left_child=3 4 5 -1 -2 6 7 13 -8 10 11 -5 -6 -3
right_child=1 2 -4 9 12 -7 8 -9 -10 -11 -12 -13 -14 -15
leaf_value=-0.029311547617944005 -0.0071720590630707792 0.0011892898864068317 0.007286363610287192 -0.0108496292007193 0.0087746319238403755 0.0039736264552510704 -0.0075664461873167265 -0.0072994280431535434 -0.0010172365756350771 0.017628728153808844 0.01360578299157271 0.016231767302451228 -0.0042081760416098042 0.014334632316984714
leaf_weight=132.17937751114368 10537.783481702209 1076.7974020540714 4925.5787722021341 605.16515576839447 1439.1164413541555 5890.8743293136358 5386.0769373774529 1009.7427269667387 10704.487594366074 2349.0021257251501 988.98927111923695 248.34712709486485 1325.3946457654238 1341.1021390259266
leaf_count=577 44192 4762 22956 2937 6536 25784 22909 4673 46894 12631 5197 1120 5681 6242
internal_value=1.82392e-05 -0.00109183 0.000688705 0.0111983 -0.00514963 -0.000592621 -0.00197211 0.00384465 -0.00321282 0.0125425 0.00599792 -0.00287301 0.00255753 0.00850944
internal_weight=47960.6 43637 30334.7 4323.68 13302.3 25409.1 19518.2 3427.64 16090.6 4191.5 1842.5 853.512 2764.51 2417.9
internal_count=213091 190629 134220 22462 56409 111264 85480 15677 69803 21885 9254 4057 12217 11004
is_linear=0
shrinkage=0.03


Tree=41
num_leaves=15
num_cat=0
split_feature=245 242 63 126 242 29 231 245 189 242 245 229 231 229
split_gain=666.547 353.077 265.657 236.146 153.822 152.482 130.355 146.698 120.991 117.828 117.017 140.557 178.485 164.207
threshold=-0.09922825917601584 0.031651148572564132 75.500000000000014 75.500000000000014 0.013383173849433662 1.5000000000000002 22.500000000000004 -0.10434083268046378 72.500000000000014 0.034930426627397544 -0.041627787053585046 54.500000000000007 81.500000000000014 2.5000000000000004
decision_type=2 8 10 8 10 10 10 2 10 8 2 10 10 10
left_child=3 2 4 6 -2 -3 7 9 -7 -1 11 12 -4 -14
right_child=1 5 10 -5 -6 8 -8 -9 -10 -11 -12 -13 13 -15
leaf_value=-0.028036764818277812 -0.014388630881174119 0.011593809948033456 0.0048731492763095597 0.016261306698004695 -0.0038336255546671445 -0.0010535991855435644 0.0065785927511170499 0.016116944348246023 0.0071291351873953397 0.010875717464511265 -0.0037872387679951706 0.011173197293293248 -0.025375958715745498 -0.0015618275732341611
leaf_weight=290.24814358353615 1306.342855244875 1850.4628869146109 3201.4176132231951 2494.9416447728872 22753.014076128602 4458.7706517577171 3309.1522693485022 137.97596922516823 2548.1139213293791 85.392139256000519 2478.8330029547215 1720.8715136796236 355.46884424984455 913.21258500218391
leaf_count=1256 5463 9187 13736 13810 96897 19971 15805 622 11783 431 10688 7738 1533 3991
internal_value=2.74258e-05 -0.0013525 -0.00279048 0.00909861 -0.00441247 0.0039582 0.00439362 -0.00954059 0.00192804 -0.0191384 0.00171055 0.0039144 0.00110125 -0.00838052
internal_weight=47904.2 41586.5 32729.2 6317.71 24059.4 8857.35 3822.77 513.616 7006.88 375.64 8669.8 6190.97 4470.1 1268.68
internal_count=212911 180987 140046 31924 102360 40941 18114 2309 31754 1687 37686 26998 19260 5524
is_linear=0
shrinkage=0.03


Tree=42
num_leaves=15
num_cat=0
split_feature=245 242 226 226 229 245 66 230 244 242 243 172 233 243
split_gain=666.353 333.212 282.372 256.818 233.075 258.369 220.755 190.989 173.553 168.763 190.734 169.188 143.39 132.485
threshold=-0.09922825917601584 0.025183104909956459 6.5000000000000009 54.500000000000007 68.500000000000014 -0.046979540959000581 41.500000000000007 45.500000000000007 0.057330913841724403 0.031036101281642917 -0.10160019248723982 9.5000000000000018 14.500000000000002 -0.062479920685291283
decision_type=2 8 10 10 10 2 8 10 2 8 2 10 10 2
left_child=2 4 -1 7 8 -6 -3 9 12 10 -4 13 -2 -12
right_child=1 6 3 -5 5 -7 -8 -9 -10 -11 11 -13 -14 -15
leaf_value=0.017666163177563809 -0.010709316810487634 -0.0020539076805249352 -0.031009512706350661 0.018205278386924848 0.0091023322366483098 -0.0042047301950407 0.0046907363200084625 -0.026011904537371011 0.015620455498553164 0.013114305739078284 0.0048700666507237311 0.00930347272742231 -0.0042239979893847323 -0.018185686225233155
leaf_weight=2238.5733378529549 3909.3331987708807 7663.1543533354998 180.30726008117199 927.72425284981728 2424.6285065412521 2841.7728945016861 10131.775359496474 219.87934251129627 343.46113429963589 901.34277276694775 376.42831692099571 953.01846817135811 14281.64133797586 532.72790770232677
leaf_count=12442 16484 33335 909 4520 10963 12177 46639 972 1531 4737 1718 4499 59914 2354
internal_value=6.25762e-05 -0.00131803 0.00912261 0.00441644 -0.00363911 0.00192742 0.00178672 0.000328374 -0.00522097 0.00237718 -0.00240191 0.000518898 -0.00562284 -0.00869052
internal_weight=47925.8 41595.8 6330 4091.43 23800.8 5266.4 17794.9 3163.7 18534.4 2943.82 2042.48 1862.17 18191 909.156
internal_count=213194 181043 32151 19709 101069 23140 79974 15189 77929 14217 9480 8571 76398 4072
is_linear=0
shrinkage=0.03


Tree=43
num_leaves=15
num_cat=0
split_feature=236 66 106 140 10 245 230 63 120 35 10 47 120 121
split_gain=592.3 282.072 258.384 192.107 196.822 155.498 152.23 133.377 131.174 127.428 119.544 109.408 96.4776 94.5802
threshold=-0.093230485916137681 75.500000000000014 33.500000000000007 30.500000000000004 64.500000000000014 -0.071556743234395967 3.5000000000000004 58.500000000000007 99.500000000000014 5.5000000000000009 4.5000000000000009 81.500000000000014 97.500000000000014 87.500000000000014
decision_type=2 8 8 10 10 2 10 10 10 10 10 8 10 8
left_child=1 6 3 4 13 7 -1 -5 9 -8 -4 -12 -7 -2
right_child=2 -3 10 5 -6 12 8 -9 -10 -11 11 -13 -14 -15
leaf_value=0.0092482714683735021 -0.0040151524847931797 0.01106540391746547 0.007195386075761325 -0.0016640710099045911 -0.016567891670343959 -0.0045025733155243143 -0.0086099502962528069 0.011782449632017397 0.014295956774260472 0.001184141170324517 -0.0020429079713684983 0.0049430035385408877 0.0050584009160696249 -0.014230821483288565
leaf_weight=1981.7308931946754 6339.5746303796768 4805.5881373286247 2417.0611682385206 1408.607134193182 1737.8395222425461 9008.2040014714003 1626.3787999153137 1242.1610942780972 506.33656089007854 4431.3886440843344 7640.1021274775267 2730.4049514681101 1053.3678451031446 929.47516329586506
leaf_count=9957 26613 24319 11175 6123 7151 38420 7327 5567 2495 19920 33145 12165 4702 3881
internal_value=-0.000104792 0.00525828 -0.0021808 -0.00417205 -0.00752167 -0.00179474 0.00198364 0.00465763 -0.000220317 -0.00145522 0.00120187 -0.000200628 -0.00349759 -0.00533916
internal_weight=47858.2 13351.4 34506.8 21719.2 9006.89 12712.3 8545.83 2650.77 6564.1 6057.77 12787.6 10370.5 10061.6 7269.05
internal_count=212960 64018 148942 92457 37645 54812 39699 11690 29742 27247 56485 45310 43122 30494
is_linear=0
shrinkage=0.03


Tree=44
num_leaves=15
num_cat=0
split_feature=236 126 98 242 224 190 249 209 165 126 224 231 228 231
split_gain=513.977 274.607 244.989 194.16 134.704 133.308 109.346 107.558 102.344 89.1012 93.1876 232.982 138.568 136.411
threshold=-0.093230485916137681 77.500000000000014 42.500000000000007 0.034473922103643424 76.500000000000014 88.500000000000014 0.91414141654968273 48.500000000000007 19.500000000000004 97.500000000000014 37.500000000000007 92.500000000000014 28.500000000000004 75.500000000000014
decision_type=2 8 8 8 10 10 2 10 8 10 8 10 10 10
left_child=1 3 5 4 6 7 -1 9 -4 10 11 -2 -12 -14
right_child=2 -3 8 -5 -6 -7 -8 -9 -10 -11 12 -13 13 -15
leaf_value=-0.0020118726853117276 0.00010855613794789908 0.010340640599050158 -0.0048323305044727788 0.0092094358203509905 0.013698230255332993 0.0052060270607585044 -0.030577226825122879 -0.0085883003459762512 0.0034356440019651644 0.0061780817104954066 -0.012339560593128341 -0.018446079641946209 -0.0055899395758634059 0.0046704627185520931
leaf_weight=5340.3641538918018 7876.0594563037157 5168.830093935132 1608.9809001386166 2142.0728076845407 484.02073866128922 1456.6774698346853 113.47772523760796 4013.9511206001043 8045.5609485954046 863.23614610731602 2144.50117225945 650.09475472569466 6463.782954543829 1414.3817626535892
leaf_count=23680 33407 26698 7137 10601 2189 6404 510 16891 35818 3902 9012 2768 27504 6203
internal_value=-7.36021e-05 0.00494761 -0.00200065 0.0014891 -0.0013068 -0.00357413 -0.00266111 -0.00412208 0.00205417 -0.00319463 -0.00363392 -0.00132613 -0.00559384 -0.00374428
internal_weight=47786 13248.8 34537.2 8079.94 5937.86 24882.7 5453.84 23426 9654.54 19412.1 18548.8 8526.15 10022.7 7878.16
internal_count=212724 63678 149046 36980 26379 106091 24190 99687 42955 82796 78894 36175 42719 33707
is_linear=0
shrinkage=0.03


Tree=45
num_leaves=15
num_cat=0
split_feature=238 24 226 226 228 147 243 226 120 252 10 52 244 230
split_gain=570.531 282.001 242.836 178.139 225.611 206.194 173.354 155.868 148.545 141.866 137.913 149.22 159.699 125.839
threshold=-0.14306795597076413 79.500000000000014 1.5000000000000002 12.500000000000002 11.500000000000002 18.500000000000004 -0.08204894512891768 41.500000000000007 97.500000000000014 0.054962897673249252 64.500000000000014 7.5000000000000009 0.015318609308451416 86.500000000000014
decision_type=10 8 10 10 10 10 2 10 10 2 10 10 2 8
left_child=2 3 -1 5 6 -2 -5 -8 10 -3 11 12 -6 -4
right_child=1 9 13 4 8 -7 7 -9 -10 -11 -12 -13 -14 -15
leaf_value=0.014612013100300181 0.012153990222221103 -0.00018667812001104748 0.0027062511941554077 -0.034075518241029369 -0.01821735580283294 -0.0017136546740958217 -0.014942947314203675 -0.0013319077750848305 0.012890336213174784 0.0074027066246487435 -0.0085108592617523932 -0.00090240661148588343 0.0011119398498628951 0.015788472423394907
leaf_weight=2230.4067516028881 1201.9184720218182 6151.2143334299326 9117.6361592411995 278.78759135305882 977.86079500615597 4727.1634220927954 1957.4915471971035 1234.3925288319588 482.35727980732918 3455.1597382128239 4212.0404009670019 10492.410410612822 628.24650838971138 704.38415844738483
leaf_count=12040 5304 27032 43054 1191 4022 20616 8159 5144 2164 16184 17683 44419 2656 3479
internal_value=5.39497e-05 -0.00184689 0.00569683 -0.00345907 -0.00479681 0.00111327 -0.0117501 -0.00969977 -0.00335361 0.00254788 -0.00384161 -0.00221034 -0.0106964 0.00365954
internal_weight=47851.5 35799 12052.4 26192.7 20263.6 5929.08 3470.67 3191.88 16792.9 9606.37 16310.6 12098.5 1606.11 9822.02
internal_count=213147 154574 58573 111358 85438 25920 14494 13303 70944 43216 68780 51097 6678 46533
is_linear=0
shrinkage=0.03


Tree=46
num_leaves=15
num_cat=0
split_feature=245 249 245 222 243 229 243 249 47 245 230 224 229 101
split_gain=549.597 261.45 249.633 457.092 265.758 300.165 235.378 342.67 233.609 264.652 183.265 250.668 245.142 176.592
threshold=-0.1103546880185604 0.085858587175607695 -0.071556743234395967 23.500000000000004 -0.043116996064782136 2.5000000000000004 -0.03759405575692653 0.04545454494655133 97.500000000000014 -0.048424946144223206 5.5000000000000009 1.0000000180025095e-35 55.500000000000007 2.5000000000000004
decision_type=2 2 2 10 2 8 2 2 8 2 10 8 10 10
left_child=-1 2 3 6 -4 -6 -2 10 13 -10 11 -8 -12 -3
right_child=1 8 4 -5 5 -7 7 -9 9 -11 12 -13 -14 -15
leaf_value=0.010364664507417933 0.00072535391938319076 -0.011557316873037571 -0.017271620707175236 0.014184173417961257 0.019358954661151704 -0.0050953653174152505 -0.054446084986864263 0.012366927648614934 0.014401083476489097 0.00082001855917497894 -0.037319675144461086 0.016203546394664373 0.012806000529743159 0.00039874475042684629
leaf_weight=4232.4747477769852 3233.7699590325356 1180.7360419034958 1563.5145905166864 1817.260449513793 459.64698141813278 12044.701423496008 48.792550608515739 316.51179556548595 2299.351239040494 2932.4740721583366 632.70033721625805 185.47260139882565 96.668094545602798 16770.646803706884
leaf_count=22482 13989 5072 6575 8008 1984 50776 215 1387 11144 13484 2650 797 440 74051
internal_value=5.6852e-05 -0.000946336 -0.00342262 0.00152274 -0.00564776 -0.0041817 -0.00359472 -0.0144287 0.0012331 0.00680489 -0.0232665 -0.000137862 -0.0305928 -0.000393651
internal_weight=47814.7 43582.2 20399 6331.18 14067.9 12504.3 4513.92 1280.15 23183.2 5231.83 963.634 234.265 729.368 17951.4
internal_count=213054 190572 86821 27486 59335 52760 19478 5489 103751 24628 4102 1012 3090 79123
is_linear=0
shrinkage=0.03


Tree=47
num_leaves=15
num_cat=0
split_feature=236 98 126 120 226 248 81 248 248 226 226 248 243 248
split_gain=460.302 246.295 236.314 154.279 162.74 191.672 141.335 112.345 107.44 116.278 133.222 206.623 278.227 124.612
threshold=-0.092250727117061601 42.500000000000007 77.500000000000014 77.500000000000014 66.500000000000014 0.58080807328224193 60.500000000000007 0.82323232293128978 0.95454546809196483 12.500000000000002 54.500000000000007 0.63131311535835277 -0.089548621326684938 0.82323232293128978
decision_type=2 8 8 10 10 2 10 2 2 10 10 2 2 2
left_child=2 3 8 6 -5 -6 -2 -4 9 -1 11 -11 -13 -12
right_child=1 -3 7 4 5 -7 -8 -9 -10 10 13 12 -14 -15
leaf_value=0.0077246100767878701 -0.0059860058299401877 0.0023212432992599256 0.0076623566083194976 -0.0019959401463224562 0.0014757767412008343 0.023867288343173435 0.0010972233595840384 0.019137180273160435 -0.03379257871742445 0.0041232746014937807 0.0027195094902723472 -0.05269750851270083 -0.0072547762356935264 0.023730647538153963
leaf_weight=2259.071999117732 14949.081582725048 9589.5658389180899 4345.9735827744007 5147.2075301706791 1007.6320208311081 513.59574855864048 3049.3067599534988 932.82406984269619 66.460221990942955 1629.1984982192516 2072.3698222637177 119.99957774579525 1910.7331282496452 280.1650667488575
leaf_count=11040 62455 42720 22277 22356 4485 2464 13290 5182 308 7562 9287 525 8239 1246
internal_value=9.78659e-05 -0.00175683 0.00476168 -0.00334254 0.00055479 0.00914208 -0.00478601 0.00972244 0.00161314 0.00193808 -0.000245323 -0.00382195 -0.0101851 0.0053116
internal_weight=47873.2 34256.4 13616.8 24666.8 6668.44 1521.23 17998.4 5278.8 8338 8271.54 6012.47 3659.93 2030.73 2352.53
internal_count=213436 147770 65666 105050 29305 6949 75745 27459 38207 37899 26859 16326 8764 10533
is_linear=0
shrinkage=0.03


Tree=48
num_leaves=15
num_cat=0
split_feature=126 248 63 8 212 224 231 120 120 246 231 246 231 75
split_gain=398.094 212.552 197.827 189.441 163.469 163.436 153.022 151.099 140.818 114.126 113.673 163.127 111.223 148.385
threshold=52.500000000000007 0.33838383853435522 72.500000000000014 1.5000000000000002 34.500000000000007 82.500000000000014 90.500000000000014 98.500000000000014 58.500000000000007 0.072630856186151518 56.500000000000007 0.051976718008518226 75.500000000000014 54.500000000000007
decision_type=8 2 8 10 10 10 10 10 10 2 10 2 10 10
left_child=4 9 3 -3 8 6 7 12 -1 -2 -7 -12 13 -5
right_child=1 2 -4 5 -6 10 -8 -9 -10 -11 11 -13 -14 -15
leaf_value=-0.0038339995955247591 -0.002849222938347109 0.011609195087920304 0.008520325669017002 -0.0090637114170365983 -0.0092575833358649849 -0.0064289466508346861 -0.0091409417439908026 0.013970278687894298 0.0016262607252708386 0.0067323670629909687 0.022475789451981996 -0.0081276200625637098 0.0073196515770914024 0.0018344448735249078
leaf_weight=12031.813674688339 7221.2033759057522 1550.1010453552008 6558.1552357077599 1952.6546883136034 3181.9805062562227 261.26625527441502 1707.2745944708586 701.91579094529152 6563.040188446641 1313.8606106638908 704.70870758593082 195.15773276984692 1225.1093375384808 2626.3957813680172
leaf_count=50653 31865 8064 31528 8541 13276 1192 8117 3388 28845 6202 3380 975 5606 11554
internal_value=7.18008e-06 0.00251163 0.00440541 0.00192965 -0.00298478 0.000318436 -0.00117518 0.000925959 -0.00190697 -0.00136811 0.0108034 0.0158223 -0.000672848 -0.0028225
internal_weight=47794.6 26017.8 17482.7 10924.6 21776.8 9374.48 8213.35 6506.08 18594.9 8535.06 1161.13 899.866 5804.16 4579.05
internal_count=213186 120412 82345 50817 92774 42753 37206 29089 79498 38067 5547 4355 25701 20095
is_linear=0
shrinkage=0.03


Tree=49
num_leaves=15
num_cat=0
split_feature=245 248 231 230 229 244 249 249 222 224 111 226 248 248
split_gain=513.146 491.605 368.995 368.265 367.854 347.345 314.79 276.129 269.119 251.268 242.915 241.138 251.108 261.234
threshold=-0.075751405209302888 0.58080807328224193 67.500000000000014 3.5000000000000004 28.500000000000004 0.003124469425529242 0.91414141654968273 0.085858587175607695 4.5000000000000009 12.500000000000002 35.500000000000007 11.500000000000002 0.78282830119133007 0.8636363446712495
decision_type=2 2 8 10 10 2 2 2 10 10 10 8 2 2
left_child=1 -1 3 8 11 -5 9 -2 -3 -7 -11 -4 -13 -14
right_child=7 2 4 5 -6 6 -8 -9 -10 10 -12 12 13 -15
leaf_value=0.016463334777236837 -0.00505335009795033 -0.00028731375263505452 0.0084565211972754181 -0.026741230299568368 0.021272511814545238 -0.014031258513850387 -0.046464888673952362 0.00042352815479356246 0.030752650750402715 0.013770820323891354 -0.0041138207981006123 -0.021263229765326498 0.012747650980423729 -0.019279591085395884
leaf_weight=2606.3596360832453 15263.261970669031 586.57728980481625 2945.1004837751389 665.41012655198574 1314.7447407543659 1099.3502022773027 138.05692178010941 18103.922625556588 429.68474560976028 1101.1276829391718 1767.5790808796883 594.18632687628269 737.71040105819702 320.70978873968124
leaf_count=13093 64350 2691 15382 2862 6297 4856 595 80320 1993 4896 7728 2741 3428 1499
internal_value=-4.45429e-05 0.0047068 0.00207608 -0.00330605 0.00734141 -0.00680072 -0.00351218 -0.00208254 0.0130084 -0.00190472 0.00277503 0.0033202 -0.00582901 0.00295352
internal_weight=47673.8 14306.6 11700.2 5787.79 5912.45 4771.52 4106.11 33367.2 1016.26 3968.06 2868.71 4597.71 1652.61 1058.42
internal_count=212731 68061 54968 25621 29347 20937 18075 144670 4684 17480 12624 23050 7668 4927
is_linear=0
shrinkage=0.03


Tree=50
num_leaves=15
num_cat=0
split_feature=245 126 249 24 78 224 59 37 243 224 85 130 243 243
split_gain=474.568 301.627 219.615 199.379 221.875 198.185 214.738 190.824 163.371 154.58 148.418 138.219 127.101 136.048
threshold=-0.075751405209302888 67.500000000000014 0.13636363297700885 81.500000000000014 10.500000000000002 32.500000000000007 50.500000000000007 15.500000000000002 -0.045447031036019318 60.500000000000007 34.500000000000007 23.500000000000004 -0.054124308750033372 -0.051270980387926095
decision_type=2 8 2 8 10 8 10 10 2 10 10 10 2 2
left_child=1 7 5 4 -4 11 -7 9 10 -1 -8 12 -2 -14
right_child=2 -3 3 -5 -6 6 8 -9 -10 -11 -12 -13 13 -15
leaf_value=-0.0038421886706904371 -0.024090601257535187 0.0098765233328984708 -0.013557729210400713 0.0056852138893895426 0.00023531924077625598 -0.011558727872010342 -0.026145862679309226 0.0072017267192936571 -0.0017339309741651054 0.014545816930007569 0.0039305886705848425 0.0049543744366837223 0.031636962470056214 -0.0029443580613089646
leaf_weight=4916.1988049149513 240.78362745046616 6023.7651146054268 1208.627393886447 5301.3828695118427 7565.7140996605158 4336.0982222259045 474.59433569014072 2927.8423984646797 6758.4880579411983 439.14557786285877 208.97837859392166 3000.9125267714262 94.963218808174133 4227.336303666234
leaf_count=21885 1015 31246 5347 24628 33003 18294 1972 13066 28687 2012 904 12705 404 17899
internal_value=0.000204305 0.00477448 -0.00175313 0.00109737 -0.00167788 -0.003827 -0.0062589 0.00105669 -0.0031596 -0.00231005 -0.0170269 -3.69499e-05 -0.00332315 -0.00211332
internal_weight=47724.8 14307 33417.9 14075.7 8774.34 19342.2 11778.2 8283.19 7442.06 5355.34 683.573 7564 4563.08 4322.3
internal_count=213067 68209 144858 62978 38350 81880 49857 36963 31563 23897 2876 32023 19318 18303
is_linear=0
shrinkage=0.03


Tree=51
num_leaves=15
num_cat=0
split_feature=238 126 245 38 215 230 231 226 249 248 231 226 230 231
split_gain=487.34 255.392 246.29 217.77 175.928 159.481 192.45 177.757 153.119 149.91 147.334 139.695 164.155 156.921
threshold=-0.2120249271392822 59.500000000000007 -0.071556743234395967 10.500000000000002 45.500000000000007 71.500000000000014 91.500000000000014 54.500000000000007 0.55050507187843334 0.66161617636680614 74.500000000000014 12.500000000000002 25.500000000000004 57.500000000000007
decision_type=10 8 2 8 10 8 10 10 2 2 10 8 8 10
left_child=-1 4 3 -3 -2 6 7 -4 11 -8 -9 -5 13 -13
right_child=1 2 5 8 -6 -7 9 10 -10 -11 -12 12 -14 -15
leaf_value=0.011393456807800944 -0.0017099632957489105 -0.0012419433701537923 0.0012807496646742031 0.021614219471824243 -0.0089109832019304436 0.0040011830952966596 -0.0071966255268105682 -0.013779906606657764 -0.0055017779911003904 -0.030305675505087917 0.012058037862120464 0.016643931139491936 0.013588295217140721 -0.011622552820037459
leaf_weight=3203.5727733820677 20816.052812710404 2094.7771684974432 6192.9743528217077 1087.5170892030001 3570.0619216561317 4727.307683378458 943.31479163467884 1338.6419210582972 469.62185628712177 340.04677425324917 224.98142266273499 250.09872642159462 1913.3335843533278 542.46819470822811
leaf_count=17870 88740 9926 26996 5343 14860 21699 4124 5772 2334 1440 982 1140 9383 2505
internal_value=0.000110876 -0.000703534 0.00179743 0.00667607 -0.00276739 -0.000458763 -0.00279287 -0.00100511 0.0105606 -0.0135067 -0.0100092 0.0125584 0.00885261 -0.00260667
internal_weight=47714.8 44511.2 20125.1 6357.82 24386.1 13767.3 9039.96 7756.6 4263.04 1283.36 1563.62 3793.42 2705.9 792.567
internal_count=213114 195244 91644 30631 103600 61013 39314 33750 20705 5564 6754 18371 13028 3645
is_linear=0
shrinkage=0.03


Tree=52
num_leaves=15
num_cat=0
split_feature=238 190 245 248 231 231 248 71 231 129 140 248 140 245
split_gain=471.795 208.328 199.072 344.772 329.231 363.476 227.388 227.361 213.5 190.275 185.484 171.149 171.202 165.41
threshold=-0.20397352427244184 88.500000000000014 -0.075751405209302888 0.60101011395454418 64.500000000000014 92.500000000000014 0.88383838534355175 20.500000000000004 73.500000000000014 52.500000000000007 58.500000000000007 0.84343436360359203 68.500000000000014 -0.09233562275767325
decision_type=10 8 2 2 10 10 2 10 10 8 8 2 10 2
left_child=-1 2 3 -2 7 6 -6 -5 -8 -4 -9 12 -7 -10
right_child=1 -3 9 4 5 11 8 10 13 -11 -12 -13 -14 -15
leaf_value=0.01022015463713604 0.01208023347826288 0.0064932317536604963 -0.0037845468252610428 0.0020722230693966284 0.015095664565418524 -0.017021852352231071 -0.038186176571578197 -0.016793356997543262 0.032945383351225072 0.0031329178942673375 0.00018432610196466597 0.0092640679675093651 0.0090774569548977852 -0.031186441747660366
leaf_weight=3685.7440161705017 2347.4886558502913 3140.0968158990145 25355.276797607541 1708.9969675391912 2355.5619750320911 1001.5314308404922 139.68285527825356 1962.865410387516 99.577644288539886 4158.8307898193598 819.51114572584629 503.27092963457108 284.40555046498775 44.823991328477859
leaf_count=20397 11328 14463 107871 7427 10706 4633 607 8271 541 18660 3684 2473 1442 204
internal_value=-7.44166e-05 -0.000940424 -0.00151425 0.00187685 -0.000818845 0.00497955 0.0120372 -0.00653489 -0.0129742 -0.00280908 -0.0118101 -0.00544168 -0.0112241 0.0123076
internal_weight=47607.7 43921.9 40781.8 11267.7 8920.23 4428.85 2639.65 4491.37 284.084 29514.1 2782.38 1789.21 1285.94 144.402
internal_count=212707 192310 177847 51316 39988 20606 12058 19382 1352 126531 11955 8548 6075 745
is_linear=0
shrinkage=0.03


Tree=53
num_leaves=15
num_cat=0
split_feature=120 230 244 63 14 243 226 228 240 243 230 122 248 243
split_gain=320.587 257.335 265.115 196.622 228.484 199.145 171.233 152.318 139.279 132.345 183.363 185.602 132.109 186.833
threshold=96.500000000000014 3.5000000000000004 0.0019998842617496852 77.500000000000014 5.5000000000000009 -0.039499927312135689 67.500000000000014 5.5000000000000009 -0.066444490104913698 -0.048831390216946595 64.500000000000014 75.500000000000014 0.65151515603065502 -0.052237853407859795
decision_type=8 10 2 10 10 2 10 10 10 2 10 10 2 2
left_child=1 -1 12 4 -4 -5 8 -6 -2 10 -9 -12 -3 -14
right_child=6 2 3 5 7 -7 -8 9 -10 -11 11 -13 13 -15
leaf_value=0.0053082445155184189 0.013704925270206593 -0.0051940369728307179 -0.011041164032757804 0.01100386633674167 -0.012382288389136202 -0.00010844653088063829 0.015346097308758196 0.0086559779737850288 0.0016227615450537223 -0.0021711912207219492 -0.017386772959671469 0.010426577112406655 0.0088434430894516365 -0.031096290353260954
leaf_weight=4937.8794890940189 1010.0172873437405 657.83780924975872 2647.1029781401157 1958.3210977613926 1144.9651882946491 5526.6331399530172 1323.6067523658276 2400.1638133823872 5453.5061955600977 19034.99416102469 572.08089050650597 334.91544270515442 123.98674002289772 573.42326073348522
leaf_count=22793 5909 2750 11459 8947 4915 24213 6471 10762 26728 81349 2438 1562 551 2394
internal_value=-9.28236e-06 -0.00109597 -0.00200141 -0.00147468 -0.00270235 0.00280972 0.00555472 -0.00175823 0.00352903 -0.00120848 0.0043224 -0.00711477 -0.0149615 -0.0239711
internal_weight=47699.4 39912.3 34974.4 33619.2 26134.2 7484.95 7787.13 23487.1 6463.52 22342.2 3307.16 906.996 1355.25 697.41
internal_count=213241 174133 151340 145645 112485 33160 39108 101026 32637 96111 14762 4000 5695 2945
is_linear=0
shrinkage=0.03


Tree=54
num_leaves=15
num_cat=0
split_feature=245 242 226 226 248 243 224 222 248 178 226 231 228 244
split_gain=448.85 268.915 181.988 288.382 286.604 253.958 213.89 200.476 203.408 181.498 174.43 189.51 312.672 305.107
threshold=-0.1103546880185604 0.02445065509527922 6.5000000000000009 54.500000000000007 0.60101011395454418 -0.10160019248723982 3.5000000000000004 3.5000000000000004 0.91414141654968273 1.5000000000000002 81.500000000000014 91.500000000000014 8.5000000000000018 0.057330913841724403
decision_type=2 8 10 10 2 2 10 10 2 10 10 8 10 2
left_child=2 10 -1 4 -4 -6 -7 -8 -9 -3 11 -2 13 -13
right_child=1 9 3 -5 5 6 7 8 -10 -11 -12 12 -14 -15
leaf_value=0.01727016334246077 -0.00334250581861087 0.0083609722998444387 0.017201892778630715 0.026692300224585755 -0.044109106327835823 0.022053039635123953 -0.02803221443009217 0.0049057862955255013 -0.040323739911783736 0.00035660913198797619 0.0020228588133616959 -0.027356377872355033 0.00045050603159417214 0.016492500600962273
leaf_weight=1587.2490341663361 16520.593185961246 2993.1828130930662 601.82516042888165 422.13549046218395 140.35253208875656 241.82237200438976 324.98655997216702 736.56874272227287 91.677567645907402 16884.705533564091 4648.4350436329842 1154.0187438428402 959.75932829082012 156.05764545500278
leaf_count=9595 69463 14750 3331 2251 711 1381 1445 3456 412 75239 20421 4965 4127 741
internal_value=-9.74454e-05 -0.00100085 0.0093195 0.0043407 -0.000177831 -0.00705729 -0.00304221 -0.00844881 -0.000521939 0.00156549 -0.00317704 -0.0044638 -0.0125745 -0.0220477
internal_weight=47463.4 43316.8 4146.62 2559.37 2137.23 1535.41 1395.06 1153.23 828.246 19877.9 23438.9 18790.4 2269.84 1310.08
internal_count=212288 189706 22582 12987 10736 7405 6694 5313 3868 89989 99717 79296 9833 5706
is_linear=0
shrinkage=0.03


Tree=55
num_leaves=15
num_cat=0
split_feature=245 242 66 229 119 245 245 230 119 144 231 230 79 231
split_gain=448.247 238.374 284.956 231.044 229.759 164.772 142.12 139.873 178.553 179.552 138.322 150.872 130.913 129.377
threshold=-0.1103546880185604 0.019812147133052353 55.500000000000007 68.500000000000014 21.500000000000004 -0.050992889329791062 -0.071556743234395967 17.500000000000004 80.500000000000014 94.500000000000014 61.500000000000007 37.500000000000007 22.500000000000004 91.500000000000014
decision_type=2 8 8 10 8 2 2 8 10 10 8 10 10 10
left_child=4 3 10 -2 -1 -5 -4 8 9 -6 11 -3 -13 -12
right_child=1 2 6 5 7 -7 -8 -9 -10 -11 13 12 -14 -15
leaf_value=-0.021327648486934501 -0.0062299898124709629 2.3339811751127198e-05 0.0087760424378579595 0.012101280732096164 0.0038263696675579343 -0.0025040694140621034 0.0019144843871791795 0.019926626085508763 0.012348356110915533 -0.028085012335740501 0.0042358748031082003 0.0032405777831537364 -0.00912029795163238 -0.0059209996055829602
leaf_weight=198.10234214365482 10661.754606381059 4484.4793646782637 3735.6881574690342 1147.5428589135408 619.312693759799 1733.7259513884783 9920.7071116119623 1135.4124101698399 1940.5120507627726 202.51189790666103 4355.6042046397924 903.54833845794201 5081.3110048472881 1512.7421700805426
leaf_count=879 44506 19349 17967 5370 3015 7424 44812 6086 11503 928 19100 3884 21515 6768
internal_value=1.23923e-06 -0.000892184 0.000599637 -0.00419416 0.00947698 0.00333464 0.0037965 0.0110932 0.00740357 -0.00428025 -0.00207326 -0.00413852 -0.00725185 0.00161202
internal_weight=47633 43537.1 29994.1 13543 4095.85 2881.27 13656.4 3897.75 2762.34 821.825 16337.7 10469.3 5984.86 5868.35
internal_count=213106 190695 133395 57300 22411 12794 62779 21532 15446 3943 70616 44748 25399 25868
is_linear=0
shrinkage=0.03


Tree=56
num_leaves=15
num_cat=0
split_feature=245 242 140 10 228 226 226 226 178 4 245 245 126 228
split_gain=435.113 246.615 219.047 190.253 190.895 188.382 261.741 187.186 164.081 162.028 208.72 150.795 141.112 134.042
threshold=-0.09922825917601584 0.025183104909956459 32.500000000000007 64.500000000000014 4.5000000000000009 6.5000000000000009 54.500000000000007 4.5000000000000009 1.5000000000000002 7.5000000000000009 -0.20662932842969892 -0.045178743079304688 38.500000000000007 46.500000000000007
decision_type=2 8 10 8 10 10 10 10 10 10 2 2 10 10
left_child=5 2 3 4 -2 -1 9 -6 -3 10 -7 -4 -10 -5
right_child=1 8 11 13 7 6 -8 -9 12 -11 -12 -13 -14 -15
leaf_value=0.014805399019269957 -0.013471554508118882 0.0084925108988388436 0.00202126035903282 -0.017595014166750446 0.010773393356924007 0.029985221508173343 0.017725940959486493 -0.0039404369315477342 -0.0035329608631414263 0.0083229286875259479 -0.0085704820884645472 -0.0045822383480438296 0.0025605289041639432 0.0026138711656212284
leaf_weight=2095.1030147522688 1616.6569795012474 2659.8305771648884 8275.5190562009811 1771.7528113275766 883.81451825797558 126.21818560361862 909.34351213276386 6015.0069449394941 5263.3263751417398 1150.5487254112959 1782.4155850559473 4974.8435264974833 9724.5643050521612 351.23763114213943
leaf_count=12401 6820 13112 35973 7257 3825 833 4602 24823 22382 5739 8389 21147 44341 1455
internal_value=4.80583e-05 -0.00104839 -0.00303469 -0.00623856 -0.00422561 0.0075482 0.00368932 -0.00204257 0.00164057 -0.000527231 -0.00587779 -0.000459607 0.000419738 -0.014255
internal_weight=47600.2 41536.6 23888.8 10638.5 8515.48 6063.63 3968.53 6898.82 17647.7 3059.18 1908.63 13250.4 14987.9 2122.99
internal_count=213099 181135 101300 44180 35468 31964 19563 28648 79835 14961 9222 57120 66723 8712
is_linear=0
shrinkage=0.03


Tree=57
num_leaves=15
num_cat=0
split_feature=245 226 226 209 140 230 245 4 245 252 228 230 244 63
split_gain=386.564 208.495 259.63 200.419 167.912 225.825 165.121 157.362 187.949 155.906 154.346 154.338 130.762 125.062
threshold=-0.09922825917601584 6.5000000000000009 54.500000000000007 39.500000000000007 27.500000000000004 10.500000000000002 -0.045178743079304688 7.5000000000000009 -0.20662932842969892 0.080272395163774504 4.5000000000000009 81.500000000000014 0.018158914521336559 83.500000000000014
decision_type=2 10 10 10 8 10 2 10 2 2 10 10 2 8
left_child=1 -1 7 4 5 10 13 8 -3 -8 -2 -5 -7 -6
right_child=3 2 -4 11 6 12 9 -9 -10 -11 -12 -13 -14 -15
leaf_value=0.01491511639962974 -0.0056841500284618195 0.02810005847394937 0.017249160719355464 -0.0078247290536882803 0.0019814437389978992 -0.0080714216518192172 -0.0038077818963787534 0.007770089780447899 -0.0087790645292992932 0.0054725904403617283 0.0072316968722549993 0.0045426404641671888 -5.5430076616276931e-05 0.008749492062800816
leaf_weight=2058.3408299982548 1205.3334641456604 123.91115911304951 896.2980240136385 5432.8461804240942 10348.412406295538 5858.5234634131193 6947.5581386387348 1137.0817125737667 1794.177687972784 2117.8800230026245 2641.0552313327789 1083.1563406288624 2662.646509423852 3216.2084075063467
leaf_count=12295 5275 833 4584 22851 45620 24226 30075 5696 8429 9847 11726 4861 11433 15152
internal_value=9.14884e-05 0.00719612 0.00314775 -0.000938514 -3.84926e-05 -0.00284806 0.00149754 -0.00103197 -0.00626324 -0.00163605 0.00318005 -0.00576509 -0.00556963 0.00359143
internal_weight=47523.4 6009.81 3951.47 41513.6 34997.6 12367.6 22630.1 3055.17 1918.09 9065.44 3846.39 6516 8521.17 13564.6
internal_count=212903 31837 19542 181066 153354 52660 100694 14958 9262 39922 17001 27712 35659 60772
is_linear=0
shrinkage=0.03


Tree=58
num_leaves=15
num_cat=0
split_feature=76 242 190 120 229 248 242 35 133 242 137 68 232 174
split_gain=312.419 242.904 170.49 142.171 173.157 230.576 140.133 140.127 126.37 99.2489 96.5627 158.634 118.138 135.457
threshold=91.500000000000014 0.031651148572564132 89.500000000000014 77.500000000000014 59.500000000000007 0.62121212482452404 0.022343334741890434 7.5000000000000009 31.500000000000004 0.04419387876987458 90.500000000000014 23.500000000000004 77.500000000000014 16.500000000000004
decision_type=8 8 10 10 10 2 8 10 10 8 10 10 10 8
left_child=1 2 3 7 10 -6 -2 -1 9 -3 12 -12 -5 -14
right_child=6 8 -4 4 5 -7 -8 -9 -10 -11 11 -13 13 -15
leaf_value=-0.0095564935128256805 0.0016778971437406613 0.0042290016073715624 0.007311267896011729 -0.0028986189334145405 0.0023339041223334328 0.026820769045253028 0.010433054242737716 -0.0029206652933690823 -3.2610060252744759e-06 0.014190970350641458 -0.026813604152203935 -0.00071905259416942793 -0.0032900903524694142 0.011893383394999934
leaf_weight=3441.2591373771429 3216.5699315965176 3188.8082140386105 1631.4570602178574 5004.6815465986729 1315.9240439385176 460.68852007389069 3368.0648848265409 16950.485788732767 4663.5287766456604 1252.2332794070244 333.76146575808525 538.9933028370142 909.23255832493305 1242.3208655565977
leaf_count=14425 14641 15808 7269 22152 5916 2390 17512 71272 21082 6586 1578 2435 4330 5603
internal_value=0.000105336 -0.000870739 -0.00210673 -0.00261781 0.000350553 0.00879811 0.00616522 -0.00404465 0.00344776 0.00706353 -0.0015273 -0.0108889 -0.000371977 0.00549141
internal_weight=47518 40933.4 31828.8 30197.3 9805.6 1776.61 6584.63 20391.7 9104.57 4441.04 8028.99 872.755 7156.23 2151.55
internal_count=212999 180846 137370 130101 44404 8306 32153 85697 43476 22394 36098 4013 32085 9933
is_linear=0
shrinkage=0.03


Tree=59
num_leaves=15
num_cat=0
split_feature=245 249 101 245 243 231 243 224 226 231 231 231 248 104
split_gain=393.416 201.202 188.677 188.496 261.249 197.554 186.818 186.443 239.941 195.527 206.32 202.073 186.308 219.724
threshold=-0.1103546880185604 0.085858587175607695 2.5000000000000004 -0.071556743234395967 -0.045085355639457696 81.500000000000014 -0.014383462257683275 29.500000000000004 11.500000000000002 26.500000000000004 56.500000000000007 1.5000000000000002 0.58080807328224193 55.500000000000007
decision_type=2 2 8 2 2 8 2 10 8 10 10 10 2 10
left_child=-1 3 -3 6 -5 7 12 8 -6 11 -11 -10 -2 -14
right_child=1 2 -4 4 5 -7 -8 -9 9 10 -12 -13 13 -15
leaf_value=0.0089163286585691413 0.016476343644237602 -0.010487828440186546 0.0016976319379840351 -0.018124945948450766 0.015315245996127836 -0.014077122070117798 0.027550762520995364 -0.0050889454669441059 -0.02682919838750045 -0.014738616947892844 0.0075263953650040738 0.012815392056800495 -0.0033614631240848516 0.01700233753194072
leaf_weight=4039.7603613510728 567.95378170907497 1196.7828975915909 21863.469155117869 1226.9230666309595 1031.27159909904 1450.4763958454132 224.64095292985439 7581.529477968812 121.45843756198883 1190.2747948914766 537.08667801320553 987.02696433663368 4999.1806706339121 517.10834760963917
leaf_count=22462 2554 5165 98685 5127 4458 6238 1005 31679 500 4917 2268 4109 21603 2382
internal_value=-2.71299e-05 -0.000859642 0.00106096 -0.00302644 -0.00495092 -0.00368478 0.00128361 -0.002357 0.00299833 -0.00151886 -0.00781231 0.00827044 0.000270167 -0.00142521
internal_weight=47534.9 43495.2 23060.3 20434.9 14126 12899.1 6308.88 11448.6 3867.12 2835.85 1727.36 1108.49 6084.24 5516.29
internal_count=213152 190690 103850 86840 59296 54169 27544 47931 16252 11794 7185 4609 26539 23985
is_linear=0
shrinkage=0.03


Tree=60
num_leaves=15
num_cat=0
split_feature=245 224 101 226 226 63 222 243 229 226 209 245 245 249
split_gain=364.352 219.723 196.469 195.125 200.847 176.649 173.881 192.683 180.512 156.503 149.973 148.793 142.052 144.729
threshold=-0.09922825917601584 1.5000000000000002 2.5000000000000004 54.500000000000007 12.500000000000002 67.500000000000014 4.5000000000000009 -0.049267057329416268 5.5000000000000009 49.500000000000007 42.500000000000007 -0.10513607785105704 -0.045178743079304688 0.2575757503509522
decision_type=2 10 8 8 10 8 10 2 10 10 10 2 2 2
left_child=1 -1 -2 4 -3 10 7 11 -8 -10 -4 -6 -7 -14
right_child=2 3 5 -5 6 12 8 -9 9 -11 -12 -13 13 -15
leaf_value=0.017864663425765558 -0.009441974955064188 0.008986496014321858 -0.00096933898534126825 0.015873633608360128 -0.031057850296369292 0.0045607960260984834 0.032359038162617371 0.021767975438027453 0.00038051124943078016 -0.036764903701447839 -0.0073828917909086475 0.0044109484270186544 -0.0060508115452657931 0.0042758668261517257
leaf_weight=1288.4390582516789 2313.2693215757608 1566.5373869240284 21462.63915322721 965.4350678473711 475.5277578830719 8797.2680611163378 136.9228690713644 90.777409583330154 1255.5943881422281 101.09908804297447 3864.5936283767223 133.40797282755375 2930.3407995849848 2080.2663742005825
leaf_count=8045 9717 8620 92809 5045 2198 39798 715 405 6016 464 16286 593 12657 9593
internal_value=3.58895e-05 0.00693017 -0.000965832 0.00391726 0.00081321 -0.000462524 -0.00503867 -0.017265 0.000765693 -0.00263627 -0.00195049 -0.0233415 0.00226622 -0.00176348
internal_weight=47462.1 6013.74 41448.4 4725.3 3759.87 39135.1 2193.33 699.713 1493.62 1356.69 25327.2 608.936 13807.9 5010.61
internal_count=212961 32101 180860 24056 19011 171143 10391 3196 7195 6480 109095 2791 62048 22250
is_linear=0
shrinkage=0.03


Tree=61
num_leaves=15
num_cat=0
split_feature=238 242 66 229 245 245 244 7 120 232 24 244 141 245
split_gain=359.703 182.524 212.574 154.285 152.207 138.519 114.197 107.619 106.815 112.485 105.39 140.92 104.999 98.9258
threshold=-0.2179165109992027 0.019345999695360664 49.500000000000007 68.500000000000014 -0.058780215680599206 -0.071556743234395967 0.03151484206318856 1.5000000000000002 47.500000000000007 82.500000000000014 76.500000000000014 0.021798778325319294 83.500000000000014 -0.20662932842969892
decision_type=10 8 8 10 2 2 2 8 10 10 8 2 10 2
left_child=13 3 8 7 6 10 -5 -2 -3 -10 11 -4 -13 -1
right_child=1 2 5 4 -6 -7 -8 -9 9 -11 -12 12 -14 -15
leaf_value=0.026348365553779427 0.0043667396081403928 -0.0047594850724462451 0.0089808096836107784 0.020741041973116863 -0.001441091310582721 0.0011012413338493631 -0.01035959800410006 -0.0062741762536385783 -0.0015314075720900175 0.006504471052634981 0.014803708770218761 0.0043843414898761535 -0.012454403835766396 0.0083566065863837965
leaf_weight=303.47061828523874 933.09940059483051 6739.4546741843224 2396.274387717247 551.82623866200447 1979.5516152530909 10632.568177819252 124.52084256708622 9487.1297655105591 7243.5218340009451 1989.995747551322 1218.7503344714642 736.00953303277493 593.5496569275856 2476.8205511271954
leaf_count=2276 4259 28499 11349 2710 8521 47392 641 39538 31744 8935 6390 3549 2960 13975
internal_value=-4.18469e-05 -0.000695064 0.000540276 -0.00367383 0.00277286 0.0030329 0.0149477 -0.00531804 -0.00189096 0.000205638 0.00717603 0.00464801 -0.00316977 0.0104078
internal_weight=47406.5 44626.3 31550.1 13076.1 2655.9 15577.2 676.347 10420.2 15973 9233.52 4944.58 3725.83 1329.56 2780.29
internal_count=212738 196487 140818 55669 11872 71640 3351 43797 69178 40679 24248 17858 6509 16251
is_linear=0
shrinkage=0.03


Tree=62
num_leaves=15
num_cat=0
split_feature=238 226 81 243 226 243 243 222 228 238 130 189 134 120
split_gain=359.685 182.646 181.198 166.061 154.33 154.439 133.132 143.749 175.697 127.686 126.207 134.995 166.522 124.495
threshold=-0.11838984861969946 2.5000000000000004 63.500000000000007 -0.092125352472066865 43.500000000000007 -0.087366931140422807 -0.021186019293963906 56.500000000000007 86.500000000000014 -0.28120833635330195 9.5000000000000018 46.500000000000007 87.500000000000014 95.500000000000014
decision_type=10 10 10 2 10 2 2 10 10 10 10 10 10 10
left_child=1 3 6 -1 9 -6 7 -2 -9 -3 -11 12 -12 -8
right_child=2 4 -4 -5 5 -7 13 8 -10 10 11 -13 -14 -15
leaf_value=0.023304137849798345 -0.0027728917380665141 0.015181670124715475 0.0020833283840760858 0.0063718694207593168 -0.022033917651120272 0.0062017528847839731 -0.0078664113194084027 0.011100111791632341 -0.016454671821730986 -0.0053550445255377051 -0.00094590088295573485 0.0077473487681568908 -0.035583821036102331 0.0069356614996515173
leaf_weight=637.41906988620758 13098.592778459191 421.38289027661085 7251.9262947738171 2752.7314460277557 169.72460838407278 6253.1343923062086 6633.034998729825 1324.1360122263432 237.64455452561378 4006.5868954285979 2034.3640784472227 1978.8680769354105 123.13206268846989 546.46374739706516
leaf_count=4243 55607 2552 32490 14169 825 28397 27909 5754 1066 18680 9004 9400 581 2428
internal_value=5.19839e-05 0.0033366 -0.00202335 0.00961466 0.00191101 0.00542253 -0.00338729 -0.00174601 0.00682929 -0.000725718 -0.00156651 0.00210723 -0.0030778 -0.00673168
internal_weight=47469.1 18377.3 29091.8 3390.15 14987.2 6422.86 21839.9 14660.4 1561.78 8564.33 8142.95 4136.36 2157.5 7179.5
internal_count=213105 87851 125254 18412 69439 29222 92764 62427 6820 40217 37665 18985 9585 30337
is_linear=0
shrinkage=0.03


Tree=63
num_leaves=15
num_cat=0
split_feature=245 76 224 231 190 208 231 106 118 233 231 244 242 77
split_gain=324.403 213.399 301.231 313.701 181.263 148.351 174.775 147.955 137.665 142.692 133.557 128.136 121.743 120.957
threshold=-0.075751405209302888 85.500000000000014 50.500000000000007 77.500000000000014 86.500000000000014 28.500000000000004 95.500000000000014 48.500000000000007 81.500000000000014 92.500000000000014 48.500000000000007 0.054675184190273292 0.023845647461712364 4.5000000000000009
decision_type=2 8 10 10 10 10 10 8 10 10 10 2 8 10
left_child=1 2 5 10 7 6 8 13 9 -1 -4 -5 -3 -2
right_child=4 12 3 11 -6 -7 -8 -9 -10 -11 -12 -13 -14 -15
leaf_value=-0.0041160068860783654 -0.012870485125321936 0.0052593592399174313 0.011490384096948662 0.029868881508582152 0.0062379043096300766 -0.013577259316342998 -0.011967526884023165 0.0016807701953714096 0.0074010359356686452 0.010759388361560634 -0.0076831280779329908 -0.0026876788814927909 0.016391869036852399 -0.0027881006181277776
leaf_weight=3234.6741144806147 1114.8623037040234 2004.3995908126235 660.71662093698978 759.89268852770329 2505.1367706805468 743.48380883038044 895.22772268950939 7047.1194203048944 2624.4262934550643 696.93756432831287 628.45170895755291 124.87942083179951 1592.5062442794442 22773.335467562079
leaf_count=14410 4707 9838 3075 3876 11242 3156 4706 31828 13078 3163 2806 619 9284 97155
internal_value=9.56041e-05 0.00393417 0.00174587 0.0116463 -0.00150818 -0.000891555 0.000390719 -0.00213727 0.0020939 -0.00145851 0.00215637 0.0252951 0.01022 -0.00326383
internal_weight=47406 13965.6 10368.7 2173.94 33440.5 8194.75 7451.27 30935.3 6556.04 3931.61 1289.17 884.772 3596.91 23888.2
internal_count=212943 68011 48889 10376 144932 38513 35357 133690 30651 17573 5881 4495 19122 101862
is_linear=0
shrinkage=0.03


Tree=64
num_leaves=15
num_cat=0
split_feature=238 230 52 231 237 60 101 245 137 139 245 231 228 231
split_gain=353.871 208.739 224.568 196.082 153.804 138.932 117.68 144.12 146.295 120.742 113.893 106.607 245.767 118.241
threshold=-0.12871579825878141 3.5000000000000004 10.500000000000002 92.500000000000014 0.12987349182367328 72.500000000000014 5.5000000000000009 -0.044342366978526108 48.500000000000007 39.500000000000007 -0.20662932842969892 92.500000000000014 9.5000000000000018 35.500000000000007
decision_type=10 10 10 10 2 10 8 2 8 8 2 10 10 10
left_child=1 3 -3 -1 6 10 -2 8 9 11 -5 13 -13 -8
right_child=4 2 -4 5 -6 -7 7 -9 -10 -11 -12 12 -14 -15
leaf_value=0.014444030487160246 -0.0077271634670731575 -0.0045182082881207409 0.0046134810519886139 0.021467277890659723 0.0071083157064354037 0.010770598959486025 -0.0041715447905816888 -0.0046806987317766476 0.003060358622627055 -0.0056920516999644172 -0.0098645623381533841 -0.029232679890821248 0.01177825244250642 0.0055437846942051278
leaf_weight=2644.7739886716008 3139.1475382894278 3632.0223597660661 7238.4438542425632 109.27722277492285 1663.129881799221 787.81679823249578 1734.5797226577997 9115.7578343898058 7752.680563673377 5074.6380207836628 853.04375430941582 301.46106369793415 220.16712184250355 3180.9832002073526
leaf_count=14040 13009 16808 33678 824 7976 4536 7287 38801 34805 21110 4421 1293 981 13591
internal_value=3.47299e-05 0.00379505 0.00156107 0.00930452 -0.00174955 0.00149987 -0.00223442 -0.00160209 -6.38474e-05 -0.00236873 -0.00612246 0.000737748 -0.012027 0.00211398
internal_weight=47447.9 15265.4 10870.5 4394.91 32182.5 1750.14 30519.4 27380.3 18264.5 10511.8 962.321 5437.19 521.628 4915.56
internal_count=213160 74307 50486 23821 138853 9781 130877 117868 79067 44262 5245 23152 2274 20878
is_linear=0
shrinkage=0.03


Tree=65
num_leaves=15
num_cat=0
split_feature=236 98 226 226 243 140 243 226 51 77 243 26 63 10
split_gain=270.869 175.269 142.37 183.186 139.953 128.901 157.026 137.838 133.967 120.116 152.919 109.541 100.388 96.8034
threshold=-0.11313641071319579 41.500000000000007 81.500000000000014 12.500000000000002 -0.085662599653005586 30.500000000000004 -0.048831390216946595 25.500000000000004 16.500000000000004 44.500000000000007 -0.044571258127689355 13.500000000000002 72.500000000000014 63.500000000000007
decision_type=2 8 10 8 2 10 2 10 10 10 2 10 8 10
left_child=12 2 3 9 -5 6 7 -6 -9 10 11 -2 -1 -8
right_child=1 -3 -4 4 5 -7 13 8 -10 -11 -12 -13 -14 -15
leaf_value=0.0030115893808242296 -0.0076117562644660262 0.0023308555666433184 0.0021812672669959438 -0.028413879137370788 -0.010787500482034274 -0.001918501160797255 -0.0069609140338399494 0.017302428199197913 -0.004944125374819355 -0.003151511111526705 0.011475005314951221 0.016277007356464521 0.01069742473250085 -0.015561141774386309
leaf_weight=4709.1617834866047 860.60448265075684 11102.868691965938 5657.6803319752216 207.93216177821159 506.85461904108524 10038.176552399993 5318.2094746232033 588.93732665479183 404.57285764813423 2318.8643457442522 1753.0570198744535 205.74864073097706 2264.1377545818686 1519.8618914783001
leaf_count=24362 3907 50264 25004 923 2227 42978 22020 2496 1700 10179 7671 924 12497 6201
internal_value=6.22296e-05 -0.000878805 -0.00209211 -0.00311177 -0.00449742 -0.0042115 -0.00696631 0.00181267 0.00828429 0.001899 0.00604932 -0.00289411 0.00551882 -0.00889237
internal_weight=47456.7 40483.4 29380.5 23722.8 18584.5 18376.6 8338.44 1500.36 993.51 5138.27 2819.41 1066.35 6973.3 6838.07
internal_count=213353 176494 126230 101226 78545 77622 34644 6423 4196 22681 12502 4831 36859 28221
is_linear=0
shrinkage=0.03


Tree=66
num_leaves=15
num_cat=0
split_feature=245 229 226 4 245 231 245 231 224 237 245 231 231 208
split_gain=263.772 185.344 265.698 210.255 174.888 232.437 191.255 182.361 189.844 166.958 166.116 170.015 256.38 142.89
threshold=-0.075751405209302888 45.500000000000007 6.5000000000000009 11.500000000000002 -0.079050879925489412 19.500000000000004 -0.10793837159872054 51.500000000000007 25.500000000000004 0.040146140381693847 -0.20662932842969892 92.500000000000014 73.500000000000014 23.500000000000004
decision_type=2 8 8 10 2 10 2 10 10 2 2 10 10 10
left_child=1 2 4 10 5 -1 -7 -8 -9 -2 -4 12 13 -12
right_child=9 -3 3 -5 -6 6 7 8 -10 -11 11 -13 -14 -15
leaf_value=-0.031097128725432778 -0.0028403289211973229 0.010981950896243594 0.027784291922641938 0.0047506297546228834 0.031792981868623678 0.016825979867536398 0.024179376376253881 -0.00577294906624217 0.030822124706577074 0.0017397305885838684 -0.0044269263886518653 -0.021641748782297663 0.015398709875038937 -0.02178205139112771
leaf_weight=129.91506724059582 23061.036176726222 2443.0325258895755 124.11086148023605 3229.1301090568304 264.44928687810898 1367.0572267174721 267.14887253940105 1342.2128163725138 130.92407265305519 10380.770624786615 3037.4352261722088 548.48817828297615 525.29700107872486 488.65171656012535
leaf_count=597 97688 12355 892 14968 1233 8742 1256 6416 649 47311 13644 2607 2512 2030
internal_value=2.50967e-05 0.00349734 0.00189287 -0.00114052 0.00876598 0.00679281 0.00847162 0.00185033 -0.0023347 -0.00141852 -0.00516902 -0.00611648 -0.00396652 -0.00688683
internal_weight=47339.7 13897.9 11454.8 7953.11 3501.71 3237.26 3107.34 1740.29 1473.14 33441.8 4723.98 4599.87 4051.38 3526.09
internal_count=212900 67901 55546 36653 18893 17660 17063 8321 7065 144999 21685 20793 18186 15674
is_linear=0
shrinkage=0.03


Tree=67
num_leaves=15
num_cat=0
split_feature=238 101 238 233 94 222 226 190 228 53 136 144 119 76
split_gain=304.781 176.885 176.69 130.425 115.815 111.215 98.758 118.934 97.2841 107.032 112.636 83.9348 82.5194 77.7556
threshold=-0.23258104920387265 3.5000000000000004 -0.10936415940523146 69.500000000000014 38.500000000000007 74.500000000000014 2.5000000000000004 73.500000000000014 11.500000000000002 12.500000000000002 19.500000000000004 2.5000000000000004 98.500000000000014 96.500000000000014
decision_type=10 8 10 10 10 10 8 10 8 10 10 10 10 10
left_child=5 3 6 -2 13 -1 11 8 9 10 -8 -3 -13 -4
right_child=1 2 4 -5 -6 -7 7 -9 -10 -11 -12 12 -14 -15
leaf_value=0.013779631164587827 -0.0098793184316893889 -0.022078016986273805 -0.0034815240296227788 0.00045810307453793996 0.0010961434501759418 -0.0076529406275396231 -0.0019141139664835692 0.0099910542439638223 0.0024791823489498377 0.0028539924349313063 -0.016236783238972218 0.013765517484512867 -0.0011504345536023123 0.0090501743612364551
leaf_weight=1841.9453367441893 2888.9923844635487 65.968293711543083 14176.607815131545 1767.1942902058363 10017.218123227358 240.50288841128349 1203.5201012343168 1419.2274520844221 9162.4673092067242 1434.2394724786282 832.11497418582439 1411.1563465595245 434.37062528729439 450.7075247913599
leaf_count=11501 12543 299 59931 7894 44400 1311 5559 6679 41674 6623 3573 6873 2280 1921
internal_value=8.58568e-05 -0.000431512 0.000204092 -0.00596331 -0.0013884 0.0112796 0.00266198 0.00178824 0.000859494 -0.00341225 -0.0078196 0.00904218 0.0102676 -0.00308947
internal_weight=47346.2 45263.8 40607.6 4656.19 24644.5 2082.45 15963.1 14051.6 12632.3 3469.87 2035.64 1911.5 1845.53 14627.3
internal_count=213061 200249 179812 20437 106252 12812 73560 64108 57429 15755 9132 9452 9153 61852
is_linear=0
shrinkage=0.03


Tree=68
num_leaves=15
num_cat=0
split_feature=238 60 52 139 245 246 245 226 138 226 248 245 226 246
split_gain=304.864 177.151 167 212.85 159.36 148.008 118.021 115.798 154.634 117.62 116.369 146.144 146.04 129.732
threshold=-0.2120249271392822 68.500000000000014 29.500000000000004 37.500000000000007 -0.072169277817010866 0.060683829709887512 -0.045178743079304688 4.5000000000000009 62.500000000000007 81.500000000000014 0.69191917777061474 -0.091733351349830614 37.500000000000007 0.051976718008518226
decision_type=10 8 8 8 2 2 2 10 10 10 2 2 10 2
left_child=-1 2 7 6 -3 -6 -4 8 -2 10 -9 12 -12 -14
right_child=1 4 3 -5 5 -7 -8 9 -10 -11 11 -13 13 -15
leaf_value=0.0092960852386098029 0.0032097423331045997 0.0068700988543600582 0.0086044519492068042 -0.0020157864965215863 -0.0015193954374063763 0.0083214416254135792 -0.0015278019112653237 -0.0044666396762762543 -0.032687725967792826 0.0064704343933610717 -0.012171001426539273 -0.017402561517868943 0.017721002765208906 -0.013600901921285755
leaf_weight=3017.7338106185198 2193.4835450947285 4475.1587419509888 3254.6298671513796 12919.461211517453 8477.4839932918549 1631.550537481904 1510.7594349384308 6046.8850435167551 103.58366426825523 626.46681262552738 804.2529935836792 1723.9022483825684 367.35826516151428 165.18678371608257
leaf_count=17843 10016 21941 14635 55583 36920 7717 6541 25719 458 2702 3515 7119 1563 714
internal_value=8.60306e-05 -0.000543316 -0.00187217 -1.67338e-05 0.00216372 7.55233e-05 0.00539578 -0.00459725 0.00145632 -0.00602581 -0.00689153 -0.0116521 -0.00416232 0.00793385
internal_weight=47317.9 44300.2 29716 17684.9 14584.2 10109 4765.39 12031.1 2297.07 9734.05 9107.59 3060.7 1336.8 532.545
internal_count=212986 195143 128565 76759 66578 44637 21176 51806 10474 41332 38630 12911 5792 2277
is_linear=0
shrinkage=0.03


Tree=69
num_leaves=15
num_cat=0
split_feature=238 245 129 245 24 249 226 224 10 226 225 226 191 56
split_gain=281.325 175.443 160.906 122.409 148.722 142.332 130.049 152.1 121.136 118.481 166.072 116.849 128.911 116.289
threshold=-0.13811514526605603 -0.20662932842969892 58.500000000000007 -0.04295437037944793 79.500000000000014 0.075757574290037169 12.500000000000002 1.5000000000000002 64.500000000000014 1.0000000180025095e-35 73.500000000000014 1.5000000000000002 63.500000000000007 13.500000000000002
decision_type=10 2 10 2 8 2 10 10 10 10 10 10 10 10
left_child=1 -1 3 4 6 -6 9 13 -9 10 -2 -3 -13 -8
right_child=2 11 -4 -5 5 -7 7 8 -10 -11 -12 12 -14 -15
leaf_value=0.025651827834750635 0.0011552948142922064 0.0099042507875215357 0.0049711695775431957 -0.0050715834358622258 -0.0025489142015110255 0.0082821435831653932 0.0043709535477694265 -0.0012158126146523058 -0.0076373943577625284 0.0053924192465226659 -0.025180206792066808 0.00047644554510107808 0.0092629122127355912 -0.030951305874877114
leaf_weight=315.42489940673113 780.43570463359356 2021.1551283746958 3299.098199352622 8439.36973105371 1799.9183006584644 2751.3668631315231 112.71015885472298 10130.107970297337 3569.9659168422222 3219.1447810977697 287.28778904676437 8508.0729027241468 1815.5232042744756 294.15421752631664
leaf_count=2491 3424 11311 15147 35767 7881 13077 476 42593 14923 14212 1246 40704 8705 1234
internal_value=7.56142e-05 0.00390151 -0.00132164 -0.0019845 -0.000847335 0.00400254 -0.00204889 -0.00343897 -0.0028935 0.00252284 -0.00609858 0.00332545 0.00202912 -0.0212962
internal_weight=47343.7 12660.2 34683.6 31384.5 22945.1 4551.29 18393.8 14106.9 13700.1 4286.87 1067.72 12344.8 10323.6 406.864
internal_count=213191 63211 149980 134833 99066 20958 78108 59226 57516 18882 4670 60720 49409 1710
is_linear=0
shrinkage=0.03


Tree=70
num_leaves=15
num_cat=0
split_feature=238 190 245 248 228 231 230 231 231 231 248 230 229 118
split_gain=304.258 174.892 167.397 324.646 239.696 180.083 166.346 235.312 278.267 224.228 280.203 203.583 166.298 160.943
threshold=-0.23258104920387265 89.500000000000014 -0.075751405209302888 0.58080807328224193 27.500000000000004 74.500000000000014 3.5000000000000004 69.500000000000014 92.500000000000014 92.500000000000014 0.84343436360359203 25.500000000000004 61.500000000000007 83.500000000000014
decision_type=10 10 2 2 10 10 8 10 10 10 2 10 8 10
left_child=-1 2 3 -2 6 12 9 13 11 -5 -11 -9 -6 -8
right_child=1 -3 -4 4 5 -7 7 8 -10 10 -12 -13 -14 -15
leaf_value=0.011168303733116832 0.012890934907602606 0.0071139579393472612 -0.0022257418829230604 0.011066722341704754 0.010421991291337777 0.02118194962644419 -0.012944545685492467 0.00071974039185106187 -0.011664148982521633 -0.013972673607409371 0.025343488646865184 0.025115485542136145 -0.016265059377227185 0.00129133992968613
leaf_weight=2059.7998847737908 2019.0261535793543 2492.4848009496927 30606.548539891839 1575.8683573529124 600.12799939513206 729.9242912530899 2896.965120613575 671.51989983022213 697.15193942189217 868.13485287874937 190.80757603049278 559.44469471275806 310.61231765151024 945.50014793872833
leaf_count=12914 10359 11479 131588 7529 2657 3803 12457 3108 3274 4311 1081 2531 1407 4351
internal_value=-7.90642e-05 -0.000594382 -0.00104619 0.00194544 -0.000264989 0.010188 -0.00231501 -0.00516408 0.00337651 0.00392075 -0.0067176 0.0119201 0.00124245 -0.00944732
internal_weight=47223.9 45164.1 42671.6 12065.1 10046.1 1640.66 8405.39 5770.58 1928.12 2634.81 1058.94 1230.96 910.74 3842.47
internal_count=212849 199935 188456 56868 46509 7867 38642 25721 8913 12921 5392 5639 4064 16808
is_linear=0
shrinkage=0.03


Tree=71
num_leaves=15
num_cat=0
split_feature=238 226 242 66 229 224 226 243 243 243 243 224 40 224
split_gain=269.076 151.163 171.136 127.918 140.32 106.611 115.652 202.242 153.948 139.283 127.59 124.555 148.595 116.001
threshold=-0.20397352427244184 81.500000000000014 0.019738873466849331 55.500000000000007 76.500000000000014 82.500000000000014 4.5000000000000009 -0.046565869823098176 -0.087366931140422807 -0.085662599653005586 -0.060191266238689416 1.5000000000000002 15.500000000000002 11.500000000000002
decision_type=10 10 8 10 10 10 8 2 2 2 2 10 10 8
left_child=-1 2 5 4 -4 6 7 9 -8 -2 13 -9 -13 -10
right_child=1 -3 3 -5 -6 -7 8 11 10 -11 -12 12 -14 -15
leaf_value=0.0079447737995754514 0.020294787060752405 0.0030831700551082193 -0.0011399299603768623 0.0023929257573600936 -0.012432437776485275 0.0081912839921796897 -0.037093917824306037 -0.014607155057638911 -0.012663126282416512 -0.013560185729307601 -0.0071166774988123908 0.026432077550324569 -0.0018508306077188535 0.015996673711073467
leaf_weight=3466.9116013646126 119.53535553812981 7716.6423614099622 13583.149306371808 10336.297157332301 1058.5091330260038 545.9974861741066 137.60243047773838 126.39984056353569 174.16648603975773 719.39736948907375 8169.6577495634556 479.06141591072083 252.13337373733521 407.00864833593369
leaf_count=20369 664 34672 59516 47179 4548 2342 592 565 748 3208 33848 2079 1062 1741
internal_value=-8.84178e-05 -0.000725567 -0.00154014 -0.000160937 -0.00196424 -0.00463216 -0.00530073 0.0018678 -0.00666954 -0.00855412 -0.00614934 0.012044 0.0167861 0.00733899
internal_weight=47292.5 43825.6 36108.9 24978 14641.7 11131 10585 1696.53 8888.44 838.933 8750.83 857.595 731.195 581.175
internal_count=213133 192764 158092 111243 64064 46849 44507 7578 36929 3872 36337 3706 3141 2489
is_linear=0
shrinkage=0.03


Tree=72
num_leaves=15
num_cat=0
split_feature=236 101 70 120 129 230 10 248 226 228 244 248 226 229
split_gain=205.685 124.579 129.766 105.327 121.955 115.853 110.997 100.913 99.7611 181.122 97.9858 95.4495 83.1267 97.9846
threshold=-0.11863251402974127 2.5000000000000004 11.500000000000002 95.500000000000014 57.500000000000007 44.500000000000007 2.5000000000000004 0.31818181276321417 4.5000000000000009 10.500000000000002 0.093422960489988341 0.95454546809196483 5.5000000000000009 1.5000000000000002
decision_type=2 8 8 10 10 8 8 2 10 10 2 2 10 10
left_child=11 -2 8 4 6 -5 -4 -7 -3 12 -8 -1 -10 -14
right_child=1 2 3 5 -6 7 10 -9 9 -11 -12 -13 13 -15
leaf_value=0.0059069666099003668 -0.0068591674515453248 0.011423169529422716 0.0055663929981801218 -0.00046865609683058979 0.0038024897696788589 0.00063709255931761286 -0.0030629702819134578 0.016601071945249211 -0.033310420844265463 0.004974322806304418 0.016695170938735345 -0.023599417712579351 0.01634572349071986 -0.0080875325369341739
leaf_weight=5727.5347149372101 2676.6722372770309 1182.1123731955886 1485.2777100205421 2362.8403794392943 3266.8903544098139 594.86624582111835 22924.602972008288 881.9959502518177 92.25219301879406 4343.6940967142582 218.36071902513504 90.743412494659424 158.39157603681087 1223.6820743083954
leaf_count=31295 11317 5638 6478 11056 15038 2684 98561 4348 398 18608 1179 458 705 5208
internal_value=0.000130367 -0.00061213 -0.000178787 -0.000994506 -0.00163597 0.00365779 -0.00235862 0.0102185 0.00351539 0.00189184 -0.00286942 0.00540708 -0.00716219 -0.00519007
internal_weight=47229.9 41411.6 38735 31734.8 27895.1 3839.7 24628.2 1476.86 7000.13 5818.02 23143 5818.28 1474.33 1382.07
internal_count=212971 181218 169901 139344 121256 18088 106218 7032 30557 24919 99740 31753 6311 5913
is_linear=0
shrinkage=0.03


Tree=73
num_leaves=15
num_cat=0
split_feature=119 248 226 230 231 226 230 229 249 230 248 249 248 248
split_gain=209.155 197.321 245.965 230.845 330.643 294.137 211.431 264.417 199.734 197.695 206.626 283.088 167.778 200.609
threshold=58.500000000000007 0.23737373948097232 66.500000000000014 54.500000000000007 88.500000000000014 4.5000000000000009 18.500000000000004 14.500000000000002 1.0000000180025095e-35 52.500000000000007 0.68181815743446361 0.14646464586257937 0.84343436360359203 0.69191917777061474
decision_type=8 2 8 10 10 10 10 10 2 8 2 2 2 2
left_child=-1 -2 3 4 5 -3 12 -8 -7 -4 11 -11 13 -6
right_child=1 2 9 -5 6 8 7 -9 -10 10 -12 -13 -14 -15
leaf_value=-0.0023005091274379153 -0.0034219647879532543 0.015939941380361582 -0.0078352538954490104 -0.0092215122332153961 0.0025139741101426164 0.023654517338136387 -0.032873496331580078 0.00051061493696513932 0.001935352363407054 -0.0022815413911405585 0.023423955347269786 0.015901980463837145 0.015391424095677895 -0.012393450177247177
leaf_weight=20941.577645741403 5345.1566900908947 1976.0271965190768 537.30901850759983 1672.8691261410713 2041.1863817572594 391.43464893102646 453.43696087598801 395.40859778225422 7579.4092516675591 1418.3677490502596 971.46601939201355 1671.3820434138179 479.1724791303277 1336.6879954338074
leaf_count=89193 23872 9853 2388 7330 10718 1748 1974 1705 34487 6506 5072 8558 2814 6648
internal_value=-6.46799e-05 0.00171789 0.0030319 0.0013033 0.00251036 0.0056083 -0.00403576 -0.0174977 0.00303025 0.00915259 0.0114138 0.0075743 -0.00103552 -0.00340434
internal_weight=47210.9 26269.3 20924.2 16325.6 14652.8 9946.87 4705.89 848.846 7970.84 4598.52 4061.22 3089.75 3857.05 3377.87
internal_count=212866 123673 99801 77277 69947 46088 23859 3679 36235 22524 20136 15064 20180 17366
is_linear=0
shrinkage=0.03


Tree=74
num_leaves=15
num_cat=0
split_feature=242 230 145 248 243 230 233 248 248 229 229 178 230 148
split_gain=200.645 211.715 167.089 194.081 178.902 164.734 200.287 172.333 130.919 124.007 123.923 119.152 116.99 116.369
threshold=0.024361948482692245 11.500000000000002 75.500000000000014 0.7222222387790681 -0.016498947516083714 80.500000000000014 14.500000000000002 0.49999998509883886 0.7222222387790681 68.500000000000014 96.500000000000014 1.5000000000000002 35.500000000000007 9.5000000000000018
decision_type=8 10 10 2 2 10 10 2 2 10 10 10 10 10
left_child=5 -2 3 9 12 6 8 -7 -1 -3 -6 -11 -5 -4
right_child=1 2 13 4 10 7 -8 -9 -10 11 -12 -13 -14 -15
leaf_value=-0.0059607197784479135 0.0065837495530121169 0.0015972246357972423 -0.010197662913763571 -0.025486313771598622 0.027960507099701104 -0.00078801194507230202 -0.0014517547663210572 0.011521844105960121 -0.018847977325604146 0.015339463942556707 -0.024906831823017592 -0.0077035521521331227 -0.0017567752169494806 0.0066539434651466545
leaf_weight=3149.9215665981174 6709.2465460076928 7374.0790997743607 396.7742243334651 664.99047346413136 130.54385413229465 3042.1941644400358 16201.218186616898 1531.6328448951244 912.77352619171143 210.26321990787983 46.922880217432976 2517.7013046443462 260.78828585147858 4050.1287152394652
leaf_count=13277 35214 32342 1913 2830 570 13118 69581 7444 3940 1053 197 10995 1121 19477
internal_value=6.85028e-05 0.00212947 0.000217171 -0.0017357 -0.013624 -0.00178709 -0.00294776 0.00335032 -0.00889529 -0.000425189 0.0133992 -0.00587793 -0.018892 0.00513085
internal_weight=47199.2 22361.4 15652.2 11205.3 1103.25 24837.7 20263.9 4573.83 4062.7 10102 177.467 2727.96 925.779 4446.9
internal_count=213072 105712 70498 49108 4718 107360 86798 20562 17217 44390 767 12048 3951 21390
is_linear=0
shrinkage=0.03


Tree=75
num_leaves=15
num_cat=0
split_feature=245 24 245 222 230 231 244 222 249 231 243 230 244 249
split_gain=220.973 189.292 174.863 202.817 209.113 273.617 310.137 260.045 238.941 216.688 289.213 175.084 188.953 206.322
threshold=-0.075751405209302888 77.500000000000014 -0.20662932842969892 15.500000000000002 3.5000000000000004 89.500000000000014 0.0054901232942938813 4.5000000000000009 0.83333334326744091 69.500000000000014 -0.040181357413530343 70.500000000000014 0.0025355257093906407 0.91414141654968273
decision_type=2 8 2 10 10 10 2 10 2 10 2 10 2 2
left_child=1 2 -1 4 5 7 -7 -4 -8 10 11 12 -6 -14
right_child=-2 -3 3 -5 9 6 8 -9 -10 -11 -12 -13 13 -15
leaf_value=0.024329532672415038 -0.001393843448051115 0.011448043363377024 0.0038773295102246894 0.0064782405283702162 -0.030943688854853761 0.035800865639200243 -0.01611265600123955 0.029635473852934503 0.023716608790138503 0.0029090533886034406 -0.023905894236572828 -0.03957963242833637 0.0036251648113267447 -0.044758745591138349
leaf_weight=287.78505311906338 33472.264242619276 2074.508471980691 999.66791918873787 3999.6726213917136 170.9277675896883 134.61347753554583 998.92808216810226 538.18479081988335 147.5779790058732 1639.9824956804514 980.06806188821793 107.34158219397068 1631.3868918791413 73.356256440281868
leaf_count=2334 145210 11194 5034 19136 753 750 5179 2703 896 7774 4159 477 7426 321
internal_value=-7.74015e-05 0.00311806 0.00163377 0.00104114 -0.00189364 0.00453116 -0.00568654 0.0130248 -0.0108251 -0.00582956 -0.0106596 -0.00402583 -0.00179204 0.00129429
internal_weight=47256.3 13784 11709.5 11421.7 7422.04 2818.97 1281.12 1537.85 1146.51 4603.06 2963.08 1983.01 1875.67 1704.74
internal_count=213346 68136 56942 54608 35472 14562 6825 7737 6075 20910 13136 8977 8500 7747
is_linear=0
shrinkage=0.03


Tree=76
num_leaves=15
num_cat=0
split_feature=238 60 81 226 136 231 229 248 231 77 47 226 231 228
split_gain=252.286 175.011 129.393 102.504 142.762 99.5831 206.861 217.578 146.619 116.693 112.638 110.046 91.9039 331.312
threshold=-0.12333060055971144 83.500000000000014 59.500000000000007 70.500000000000014 44.500000000000007 92.500000000000014 5.5000000000000009 0.85353535413742077 97.500000000000014 24.500000000000004 37.500000000000007 1.0000000180025095e-35 91.500000000000014 8.5000000000000018
decision_type=10 8 10 8 8 10 10 2 10 10 8 10 10 8
left_child=1 3 12 5 -5 6 -1 -8 11 -10 -9 -7 -2 -14
right_child=2 -3 -4 4 -6 8 7 10 9 -11 -12 -13 13 -15
leaf_value=0.0099930866230073367 -0.0021799217195734165 0.0089855383984537209 0.0016176578856453622 0.012522028618600864 -0.0037592068196739591 0.012359852401913146 0.00066316405758524391 -0.029772658579232843 0.0093990869461245997 -0.011152482641042521 -0.0012130192814030273 -0.017942312744583799 -0.02429749979120327 0.0015900721215053233
leaf_weight=2027.6264457702637 20415.056997969747 3496.4754986464977 8362.9752102345228 1500.9322017505765 708.00763955712318 116.2994816750288 6277.5875233560801 328.07117518782616 675.03336620330811 380.5610278621316 197.92873224616051 844.21528456360102 752.79029487073421 1065.0282202661037
leaf_count=10316 86484 18632 37525 7286 3242 624 28476 1466 3900 1992 886 4179 3186 4754
internal_value=5.2063e-05 0.00303453 -0.00156195 0.00143519 0.00731016 0.000233187 0.00160774 -0.000902285 -0.00576602 0.00195474 -0.0192491 -0.0141838 -0.00275817 -0.0092047
internal_weight=47148.6 16552.7 30595.9 13056.3 2208.94 10847.3 8831.21 6803.59 2016.11 1055.59 526 960.515 22232.9 1817.82
internal_count=212948 80999 131949 62367 10528 51839 41144 30828 10695 5892 2352 4803 94424 7940
is_linear=0
shrinkage=0.03


Tree=77
num_leaves=15
num_cat=0
split_feature=242 63 230 59 119 222 119 124 58 230 193 222 248 230
split_gain=185.914 145.704 168.97 139.231 134.166 127.106 135.052 109.234 117.689 97.4307 88.327 85.4813 84.0481 82.0183
threshold=0.031651148572564132 60.500000000000007 1.5000000000000002 18.500000000000004 51.500000000000007 12.500000000000002 98.500000000000014 65.500000000000014 15.500000000000002 37.500000000000007 71.500000000000014 4.5000000000000009 0.88383838534355175 50.500000000000007
decision_type=8 10 8 10 10 10 10 8 10 8 8 10 2 8
left_child=1 2 3 -1 -3 6 12 8 -2 -10 -11 -5 13 -4
right_child=7 4 5 11 -6 -7 -8 -9 9 10 -12 -13 -14 -15
leaf_value=0.014362071007499883 0.011319225004385543 -0.0028616541357949074 -0.0051996854993971173 -0.0097200647193964283 0.0033078785488225696 -0.0018276031982378958 0.0094267500703597833 0.0073182949610172661 0.0039370247324368411 -0.0086906570880109744 0.0018300997397655624 0.0077757094639152105 -0.023821672598542523 -0.014305037451136225
leaf_weight=921.80519936978817 854.39497507363558 4598.4565607309341 3507.990672647953 541.75656554102898 10175.322440840304 14722.117810383439 398.52278078347445 4248.3627390787005 2336.3303888589144 1693.8735280930996 1236.3845359161496 451.93239263445139 296.76950226724148 1194.3237613961101
leaf_count=4869 4172 19250 14889 2571 46827 62658 2081 23095 10905 7675 5782 1986 1297 5063
internal_value=8.20731e-05 -0.000917628 -0.00246267 0.00603035 0.00138693 -0.00327384 -0.00720782 0.00362827 0.00105938 -0.00062336 -0.00426043 -0.00176475 -0.00855009 -0.00753777
internal_weight=47178.3 36809 22035.2 1915.49 14773.8 20119.7 5397.61 10369.3 6120.98 5266.59 2930.26 993.689 4999.08 4702.31
internal_count=213120 161491 95414 9426 66077 85988 23330 51629 28534 24362 13457 4557 21249 19952
is_linear=0
shrinkage=0.03


Tree=78
num_leaves=15
num_cat=0
split_feature=238 60 52 139 245 233 245 230 231 248 229 75 231 248
split_gain=224.553 150.959 139.655 180.891 131.539 129.549 116.594 104.165 200.694 132.505 171.981 135.999 118.772 107.097
threshold=-0.20397352427244184 67.500000000000014 31.500000000000004 37.500000000000007 -0.043975368142127984 92.500000000000014 -0.095329787582159028 2.5000000000000004 89.500000000000014 0.71212121844291698 40.500000000000007 96.500000000000014 59.500000000000007 0.83333334326744091
decision_type=10 8 10 10 2 10 2 10 10 2 10 10 10 2
left_child=-1 2 5 4 -4 7 -3 8 -2 -9 11 12 -11 -10
right_child=1 6 3 -5 -6 -7 -8 9 13 10 -12 -13 -14 -15
leaf_value=0.0073385940222235602 0.0067923807536397571 0.0091010185995744064 0.008679305407626502 -0.0019404189977692036 -0.0026664390745812952 0.0020011740469365841 0.00085728985243787767 -0.0047645046768008707 -0.020671083982892181 -0.025118896220404113 0.0083251929703402824 0.0040920289139395969 -0.0094083536892492683 0.013225163403028616
leaf_weight=3418.0639847368002 1348.6533725261688 1742.3596941977739 2986.3988928645849 12234.719897814095 1321.3001484870911 2388.7211294919252 13016.207986608148 5845.8302247971296 449.99630069732666 1113.1863186508417 288.98179529607296 259.30398906767368 734.07704293727875 95.348205998539925
leaf_count=20437 6201 9415 13480 52431 5717 10482 58076 24677 2012 4569 1259 1089 3172 481
internal_value=-5.58652e-05 -0.000634126 -0.00188855 -7.8723e-05 0.00520111 -0.00427709 0.00183603 -0.00575727 0.00058462 -0.00721368 -0.0131457 -0.0161165 -0.01896 -0.0146132
internal_weight=47243.1 43825.1 29066.5 16542.4 4307.7 12524.1 14758.6 10135.4 1894 8241.38 2395.55 2106.57 1847.26 545.345
internal_count=213498 193061 125570 71628 19197 53942 67491 43460 8694 34766 10089 8830 7741 2493
is_linear=0
shrinkage=0.03


Tree=79
num_leaves=15
num_cat=0
split_feature=236 66 242 246 242 178 231 224 224 121 231 248 226 246
split_gain=178.119 153.083 113.898 100.107 93.0623 92.0562 83.0884 300.338 203.435 171.507 140.431 213.716 355.713 136.906
threshold=-0.093703795224428163 74.500000000000014 0.041238512843847282 0.048585144802927978 0.010334474965929987 99.500000000000014 92.500000000000014 49.500000000000007 32.500000000000007 64.500000000000014 76.500000000000014 0.59090909361839306 1.5000000000000002 0.0038330488605424766
decision_type=2 10 8 2 8 8 8 10 8 10 10 2 8 2
left_child=1 2 -1 4 -2 -5 8 -8 9 -6 13 -12 -13 -10
right_child=3 -3 -4 5 6 -7 7 -9 10 -11 11 12 -14 -15
leaf_value=-0.0009324946769200058 -0.01835264897413192 0.0078023471798215494 0.0080461190167918049 0.0009760434924658705 0.0051813656945866142 0.012403480550174322 -0.016122915059485404 0.0082864551450081477 -0.023380576899191142 -0.002746868250188357 -0.0035684349597431375 -0.049690935205711759 0.020691749998643576 -0.0041372320761939845
leaf_weight=6791.9585768505931 295.72546383738518 4132.8622632175684 1554.0418002679944 6161.6671336889267 6163.6573907732964 697.58640593290329 1288.4393963515759 689.59488723427057 332.31742072105408 4069.4369114488363 1481.7777242064476 60.811201632022858 794.99552528560162 12674.823337182403
leaf_count=32008 1234 22381 8733 27888 26334 3677 5611 3169 1372 17225 6379 260 3553 53512
internal_value=1.54912e-05 0.00308801 0.000746969 -0.00108968 -0.00188916 0.00215458 -0.00170588 -0.00761429 -0.00124616 0.00202891 -0.00343014 0.00332886 0.0151744 -0.00464646
internal_weight=47189.7 12478.9 8346 34710.8 27851.6 6859.25 27555.9 1978.03 25577.8 10233.1 15344.7 2337.58 855.807 13007.1
internal_count=213336 63122 40741 150214 118649 31565 117415 8780 108635 43559 65076 10192 3813 54884
is_linear=0
shrinkage=0.03


Tree=80
num_leaves=15
num_cat=0
split_feature=245 242 66 233 230 245 148 243 170 29 68 71 148 137
split_gain=223.169 146.752 145.493 137.556 128.405 137.617 165.434 119.906 186.925 104.54 100.28 96.8552 93.4755 262.076
threshold=-0.1103546880185604 0.019345999695360664 24.500000000000004 15.500000000000002 65.500000000000014 -0.20662932842969892 1.5000000000000002 -0.074449229985475526 5.5000000000000009 57.500000000000007 19.500000000000004 21.500000000000004 12.500000000000002 88.500000000000014
decision_type=2 8 8 10 10 2 8 2 8 10 10 10 8 10
left_child=4 3 9 -2 5 -1 11 -8 -9 -3 -5 -7 13 -4
right_child=1 2 12 10 -6 6 7 8 -10 -11 -12 -13 -14 -15
leaf_value=0.024433489159855732 -0.0087614032021927721 -0.00057112043367750086 0.00056917097584391059 -0.0052765927493788308 0.028985850464326071 -6.3373675432609112e-05 -0.00032685741167945545 -0.0061905662661830337 0.017725434099938417 -0.0076861180363883381 0.0010617922961805931 -0.028252517716392304 0.0025265576539621314 -0.023995721155150657
leaf_weight=306.51379146426916 3173.724068775773 5796.898793399334 2603.156086191535 3791.7823675274849 213.57574169337749 230.99162033945322 1335.8746931180358 384.19431205093861 1187.6203183531761 2726.8959921747446 5484.6329836249352 198.98914143443108 19235.899009935558 449.84959745407104
leaf_count=2582 13433 24924 11787 15906 1326 1253 7955 1876 6599 11532 23264 989 87652 2088
internal_value=-1.59446e-05 -0.000633052 0.000477773 -0.00338039 0.00688835 0.00551749 0.00371255 0.00628859 0.0118775 -0.00285366 -0.00153195 -0.0134545 0.0017525 -0.0031169
internal_weight=47120.6 43262.8 30812.7 12450.1 3857.76 3644.18 3337.67 2907.69 1571.81 8523.79 9276.42 429.981 22288.9 3053.01
internal_count=213166 190586 137983 52603 22580 21254 18672 16430 8475 36456 39170 2242 101527 13875
is_linear=0
shrinkage=0.03


Tree=81
num_leaves=15
num_cat=0
split_feature=242 230 193 230 136 226 226 225 226 226 120 222 244 5
split_gain=154.562 174.916 180.215 146.409 113.024 110.551 108.843 169.863 123.648 137.98 161.1 126.525 134.81 122.134
threshold=0.024361948482692245 11.500000000000002 72.500000000000014 80.500000000000014 1.5000000000000002 61.500000000000007 4.5000000000000009 59.500000000000007 41.500000000000007 49.500000000000007 91.500000000000014 3.5000000000000004 0.02514077723026276 3.5000000000000004
decision_type=8 10 10 10 8 10 8 10 10 10 10 10 2 8
left_child=3 4 -3 6 -2 -5 7 -1 11 -10 -11 12 13 -8
right_child=1 2 -4 5 -6 -7 8 -9 9 10 -12 -13 -14 -15
leaf_value=0.0066940388541912744 0.015006277892833163 -0.0017465990239522941 0.0057772434670124596 -0.020743514830134292 0.0041940810924301465 0.0041266232654028909 0.0096176343958209697 -0.0087071897736247499 0.0060245269717053998 -0.0046830608347769882 0.010973607058022576 -0.0047986792887446429 -0.031687047012537696 -0.016355596220657291
leaf_weight=2286.7949151620269 1024.3099542781711 11850.226365104318 3767.8610144928098 157.13886867463589 5591.5389405116439 4394.3182962834835 225.19204401224852 886.37690135091543 1897.0317509695888 5958.1633675098419 647.04173051565886 7630.6453892663121 323.33110774308443 532.05934317409992
leaf_count=10999 6485 53144 17364 662 28583 19814 1001 3980 7893 24657 2966 32111 1510 2223
internal_value=-1.43773e-05 0.00180386 7.1062e-05 -0.00163553 0.00588822 0.00322439 -0.00272159 0.0023781 -0.00366251 -0.00108669 -0.00313507 -0.00617241 -0.0157402 -0.00860697
internal_weight=47172 22233.9 15618.1 24938.1 6615.85 4551.46 20386.6 3173.17 17213.5 8502.24 6605.21 8711.23 1080.58 757.251
internal_count=213392 105576 70508 107816 35068 20476 87340 14979 72361 35516 27623 36845 4734 3224
is_linear=0
shrinkage=0.03


Tree=82
num_leaves=15
num_cat=0
split_feature=245 248 228 76 140 249 136 233 249 248 149 47 248 78
split_gain=218.006 341.976 180.708 222.549 162.429 142.659 149.549 115.349 115.071 192.486 114.778 103.954 105.897 105.173
threshold=-0.075751405209302888 0.58080807328224193 26.500000000000004 83.500000000000014 51.500000000000007 0.17676767706871035 33.500000000000007 92.500000000000014 0.13636363297700885 0.74242421984672557 24.500000000000004 81.500000000000014 0.18686868995428088 10.500000000000002
decision_type=2 2 10 10 10 2 10 10 2 2 10 8 2 10
left_child=1 -1 3 4 7 -4 -7 -3 10 11 -2 13 -13 -10
right_child=8 2 5 -5 -6 6 -8 -9 9 -11 -12 12 -14 -15
leaf_value=0.013451715769290625 -0.0068438542636415833 -0.0086471833280033945 0.014920801888556764 0.0063594178073517627 0.0043641632662262354 0.01022457541552556 -0.020774986787022189 0.0032101545423749087 -0.008546961028946096 -0.022701295097576533 -0.0014458381342595068 -0.00059815884349151264 0.0078927442123364125 0.00070342655089619644
leaf_weight=2420.2571298256516 4653.887521058321 3977.616328895092 1307.7100672721863 2829.1808655932546 1669.1386455744505 314.97702468931675 236.46807861328125 900.64404249191284 1311.277568757534 295.94392865896225 14814.108980700374 2185.6818211227655 3330.1520520597696 6787.7047636061907
leaf_count=13116 19765 17979 6310 15215 8214 1738 1171 4248 5869 1287 62324 10109 15851 29717
internal_value=5.57099e-05 0.00324748 0.00103941 -0.000657829 -0.00369511 0.00955708 -0.00320177 -0.00645595 -0.0012507 0.000832789 -0.0027391 0.00136063 0.00453318 -0.000802964
internal_weight=47034.7 13656 11235.7 9376.58 6547.4 1859.16 551.445 4878.26 33378.8 13910.8 19468 13614.8 5515.83 8098.98
internal_count=212913 67991 54875 45656 30441 9219 2909 22227 144922 62833 82089 61546 25960 35586
is_linear=0
shrinkage=0.03


Tree=83
num_leaves=15
num_cat=0
split_feature=245 60 245 242 244 190 244 228 222 91 10 47 228 146
split_gain=180.94 151.885 115.966 112.606 95.925 89.2289 90.5073 193.468 168.046 96.1232 84.927 135.5 108.246 92.001
threshold=-0.20662932842969892 69.500000000000014 -0.095329787582159028 0.01406981283798814 0.046081706881523139 80.500000000000014 0.0019998842617496852 5.5000000000000009 19.500000000000004 22.500000000000004 5.5000000000000009 2.5000000000000004 5.5000000000000009 89.500000000000014
decision_type=2 8 2 8 2 10 2 10 10 10 10 8 10 10
left_child=-1 3 -3 -2 -4 6 7 9 -9 -5 12 13 -8 -12
right_child=1 2 4 5 -6 -7 10 8 -10 -11 11 -13 -14 -15
leaf_value=0.023013312905646406 -0.0083698123669930218 0.0088942127027118439 0.0003628867613169062 0.02089006474776638 0.0082026236739175772 0.0048462636750516465 -0.0057756469894478489 -0.029958655109360077 -0.0032075307386655919 -0.018476539407627415 -0.0073290691942355336 -0.0010858942005299817 0.0060807849349802656 -0.028722023245088719
leaf_weight=297.38115850836039 1875.1964153051376 2115.3047805353999 11367.166502729058 218.95567309111357 1592.887239664793 2306.404386177659 903.94072650372982 420.07509653270245 420.8255187869072 65.279714621603489 917.76646438986063 21453.510761022568 2869.7346982955933 219.32178952544928
leaf_count=2570 7817 12307 50882 976 7957 10314 4462 1751 1796 280 4116 93547 13193 1022
internal_value=7.15176e-05 -7.93194e-05 0.00239831 -0.00125905 0.00133203 -0.000808881 -0.00128495 -0.00957979 -0.0167662 0.0115282 -0.000927453 -0.00162356 0.00323295 -0.0116698
internal_weight=47043.8 46746.4 15075.4 31671 12960.1 29795.8 27489.4 1125.14 840.901 284.235 26364.3 22590.6 3773.68 1137.09
internal_count=212990 210420 71146 139274 58839 131457 121143 4803 3547 1256 116340 98685 17655 5138
is_linear=0
shrinkage=0.03


Tree=84
num_leaves=15
num_cat=0
split_feature=66 120 232 209 240 148 144 108 120 230 193 249 53 230
split_gain=151.652 160.722 147.707 119.698 113.4 100.303 176.463 117.224 89.8991 89.2651 88.7833 84.8114 81.6783 98.0034
threshold=77.500000000000014 98.500000000000014 83.500000000000014 42.500000000000007 -0.056181818246841424 12.500000000000002 3.5000000000000004 74.500000000000014 69.500000000000014 82.500000000000014 8.5000000000000018 0.27777777612209326 2.5000000000000004 36.500000000000007
decision_type=10 10 8 10 10 10 10 10 10 10 8 2 10 10
left_child=1 2 3 12 -2 6 -6 -8 -4 -5 -3 -7 -1 -14
right_child=4 10 8 9 5 11 7 -9 -10 -11 -12 -13 13 -15
leaf_value=-0.010324836342181874 0.010642304362770047 -0.0072208720732852916 -0.000216715493737332 -0.0095249081358838566 -0.041433608760535132 0.00094037184648977125 0.00065016813577430045 -0.021056862974732048 0.0072036474238614213 0.0037291006113582587 0.0086453356277525414 0.0070173454910039366 0.0010493299454932999 -0.0031151241186769471
leaf_weight=958.29185775667429 1452.2812420502305 365.43979673832655 4081.2349221259356 3175.8806569501758 98.299302205443382 5728.6829844787717 1761.9444327801466 246.41009531915188 2285.6437781900167 528.49295222014189 2111.0035518929362 3226.9172796085477 8601.2522739544511 12419.975807577372
leaf_count=4333 8209 2052 18524 13200 424 25812 8250 1183 10685 2304 10783 15986 38186 53174
internal_value=-3.83525e-05 -0.00106388 -0.00163343 -0.0026473 0.00278962 0.00175002 -0.00412649 -0.00210425 0.00245424 -0.00762905 0.00628439 0.00313544 -0.0018046 -0.00141147
internal_weight=47041.8 34527.2 32050.8 25683.9 12514.5 11062.3 2106.65 2008.35 6366.88 3704.37 2476.44 8955.6 21979.5 21021.2
internal_count=213105 153241 140406 111197 59864 51655 9857 9433 29209 15504 12835 41798 95693 91360
is_linear=0
shrinkage=0.03


Tree=85
num_leaves=15
num_cat=0
split_feature=245 224 226 226 209 222 246 245 222 122 226 243 245 249
split_gain=188.724 171.441 183.525 150.459 143.668 142.404 137.381 119.912 171.844 154.847 148.266 126.113 169.381 142.151
threshold=-0.09922825917601584 1.5000000000000002 54.500000000000007 12.500000000000002 48.500000000000007 24.500000000000004 0.093149870634078993 -0.045178743079304688 40.500000000000007 21.500000000000004 81.500000000000014 -0.045085355639457696 -0.08339794352650641 0.065656565129756941
decision_type=2 8 8 10 10 10 2 2 8 10 10 2 2 2
left_child=1 -1 3 6 7 -5 -3 8 9 -2 -11 13 -13 -12
right_child=4 2 -4 5 -6 -7 -8 -9 -10 10 11 12 -14 -15
leaf_value=0.015785756441803588 0.0060681007436650608 0.012078885850106207 0.01366121730396142 -0.0081807174174070626 -0.0052390548530357652 0.01948351421543882 -0.0082657825266136391 -0.002568564894092587 0.0053771484131894661 -0.0029140206366984086 -0.020173983592044548 -0.028973063207308872 0.013912864047506201 0.009337081509510535
leaf_weight=1055.0274523794651 2731.3912856429815 1085.1271195039153 1010.8898929879069 1955.4638763591647 5867.3436889052391 173.59481555968523 402.72294725477695 12292.706306859851 6176.0140336602926 12367.709395736456 287.3956433236599 79.521588578820229 1243.5898243635893 281.70666274428368
leaf_count=7125 12001 6178 5795 9231 24968 979 2443 53596 28412 53727 1241 356 5557 1319
internal_value=-0.000189662 0.00493138 0.00242814 -0.000740409 -0.000894866 -0.00584455 0.00655368 -0.000174787 0.00109592 -0.000462465 -0.00171673 0.00608309 0.0111373 -0.00565697
internal_weight=47010.2 5682.83 4627.8 3616.91 41327.4 2129.06 1487.85 35460 23167.3 16991.3 14259.9 1892.21 1323.11 569.102
internal_count=212928 31751 24626 18831 181177 10210 8621 156209 102613 74201 62200 8473 5913 2560
is_linear=0
shrinkage=0.03


Tree=86
num_leaves=15
num_cat=0
split_feature=238 101 238 233 232 246 140 226 130 244 244 252 244 244
split_gain=188.877 110.556 136.651 112.118 95.7106 152.416 95.3619 141.424 106.191 93.7383 91.9421 81.0992 85.4396 80.524
threshold=-0.23258104920387265 3.5000000000000004 -0.096968337893486009 67.500000000000014 87.500000000000014 0.16108135133981707 29.500000000000004 4.5000000000000009 11.500000000000002 0.0016664691502228381 0.019662127830088142 0.22877554595470431 0.0044968847651034602 0.0029954100027680401
decision_type=10 8 10 8 10 2 8 10 10 2 2 2 2 2
left_child=-1 3 4 -2 6 -6 7 -3 13 -4 -5 12 -11 -9
right_child=1 2 9 10 5 -7 -8 8 -10 11 -12 -13 -14 -15
leaf_value=0.0092089602238708077 -0.0085086010047871769 0.0082002013103182492 -0.012722563199181306 0.0051719367249396494 0.0083298167516028688 -0.025098698899219469 0.0028961584140924025 -0.02544148161796074 -0.00054838532238596165 0.004144629289812787 -0.0095587479736709054 0.012712326449987345 -0.0021276734033623323 -0.0068840836699565217
leaf_weight=1950.7092820331454 2766.6452092304826 1078.8887487575412 641.28381624817848 1336.8727932423353 2857.6047932505608 118.71034663915634 10349.948300115764 232.07045046985149 3618.5458332449198 2194.4034864008427 522.03911436349154 362.56646165251732 17274.818432658911 1754.7695740014315
leaf_count=12808 11992 5216 2662 5926 13531 631 48512 976 15545 9212 2473 1821 74443 7548
internal_value=9.37593e-05 -0.000302374 0.000200086 -0.00469093 0.00196259 0.00691694 0.00109338 -0.0016982 -0.00361459 -0.00152271 0.0010061 -0.00115432 -0.00141895 -0.00916821
internal_weight=47059.9 45109.2 40483.6 4625.56 20010.5 2976.32 17034.2 6684.27 5605.39 20473.1 1858.91 19831.8 19469.2 1986.84
internal_count=213296 200488 180097 20391 91959 14162 77797 29285 24069 88138 8399 85476 83655 8524
is_linear=0
shrinkage=0.03


Tree=87
num_leaves=15
num_cat=0
split_feature=245 228 244 245 248 224 248 229 88 142 209 76 250 229
split_gain=193.356 128.54 126.327 161.064 165.947 195.549 252.612 169.009 148.193 117.338 111.286 116.538 89.3433 84.8523
threshold=-0.1103546880185604 30.500000000000004 0.022417383268475536 -0.20662932842969892 0.82323232293128978 21.500000000000004 0.57070705294609081 6.5000000000000009 4.5000000000000009 20.500000000000004 52.500000000000007 92.500000000000014 0.00010001500049838798 26.500000000000004
decision_type=2 10 2 2 2 8 2 10 10 8 10 10 2 8
left_child=1 2 9 -4 5 6 -5 -6 -9 -1 11 12 -2 -7
right_child=10 -3 3 4 7 13 -8 8 -10 -11 -12 -13 -14 -15
leaf_value=-0.012363790167800554 -0.0010019819882796817 0.029075271064102435 0.022196624791203066 0.011087408239602383 0.027758613581088019 0.030048394239949806 -0.0304088023501418 -0.026953425260636606 0.020693376035658347 0.01232937758416794 -0.0044836907196618711 0.0050221761760342451 0.004977751177017627 -0.0079836359128057817
leaf_weight=183.20691715180874 31291.637834452093 203.94690776616335 214.26317442953587 169.914724804461 218.8982694670558 107.15220279246569 520.72906942665577 139.56616935133934 87.582016758620739 1828.5923074483871 5786.5205190554261 3710.6272476539016 2412.9117804169655 89.95462454855442
leaf_count=869 137410 1331 1912 1092 1465 634 2916 635 492 10397 24708 17251 11224 622
internal_value=-4.7019e-05 0.00646521 0.00509204 -0.00134914 -0.0052686 -0.0127227 -0.0201872 0.0095207 -0.00848423 0.0100306 -0.00061574 -1.64964e-05 -0.000572543 0.0131441
internal_weight=46965.5 3763.81 3559.86 1548.06 1333.8 887.751 690.644 446.046 227.148 2011.8 43201.7 37415.2 33704.5 197.107
internal_count=212958 22365 21034 9768 7856 5264 4008 2592 1127 11266 190593 165885 148634 1256
is_linear=0
shrinkage=0.03


Tree=88
num_leaves=15
num_cat=0
split_feature=245 119 244 243 245 215 57 226 244 82 144 245 68 137
split_gain=164.94 149.281 179.508 171.756 161.841 119.211 113.334 129.252 105.751 136.293 102.342 96.7529 101.72 179.027
threshold=-0.1103546880185604 17.500000000000004 0.022417383268475536 -0.043116996064782136 -0.20662932842969892 50.500000000000007 91.500000000000014 61.500000000000007 0.12468696758151056 38.500000000000007 91.500000000000014 -0.045178743079304688 16.500000000000004 89.500000000000014
decision_type=2 8 2 2 2 10 8 8 2 10 10 2 8 10
left_child=1 -1 -3 4 -4 11 7 8 9 10 -6 12 13 -2
right_child=5 2 3 -5 6 -7 -8 -9 -10 -11 -12 -13 -14 -15
leaf_value=-0.022188172917909626 -0.00061361122614015978 0.013265908158039266 0.020252419906546928 0.026131391417314003 -0.0099134780607569046 -0.0045044186519178527 0.011225706678622443 0.027177793282266688 -0.055832916574174225 0.0037638802411078028 -0.035334281601227459 -0.0020927462095403863 0.002418328986843033 -0.020585845286588651
leaf_weight=152.59792280197144 7269.5810939595103 1985.6241571977735 206.60245048999786 187.02214035391808 357.19037861377001 5912.9164100289345 221.38008626550436 61.520467050373554 44.407812498509884 310.52196640521288 240.66144320368767 12381.635238781571 17377.216762311757 417.74468150734901
leaf_count=672 32628 11427 1876 1224 2002 25176 1583 422 270 1827 1193 53972 77495 1995
internal_value=-2.59287e-05 0.00598644 0.00723371 -0.000153758 -0.00371864 -0.000549611 -0.00785693 -0.0120908 -0.0148823 -0.0122942 -0.0205594 7.59059e-05 0.00114761 -0.00172428
internal_weight=47126.6 3767.53 3614.93 1629.31 1442.28 43359.1 1235.68 1014.3 952.782 908.374 597.852 37446.2 25064.5 7687.33
internal_count=213762 22496 21824 10397 9173 191266 7297 5714 5292 5022 3195 166090 112118 34623
is_linear=0
shrinkage=0.03


Tree=89
num_leaves=15
num_cat=0
split_feature=76 193 230 248 243 231 249 117 248 230 228 230 228 165
split_gain=143.153 129.646 183.688 174.927 139.161 191.449 107.215 97.347 118.136 118.199 85.7992 91.6066 85.2766 82.5617
threshold=91.500000000000014 74.500000000000014 80.500000000000014 0.49999998509883886 -0.05089097470045089 92.500000000000014 0.055555555969476707 87.500000000000014 0.74242421984672557 3.5000000000000004 93.500000000000014 69.500000000000014 22.500000000000004 8.5000000000000018
decision_type=10 8 10 2 2 10 2 10 2 10 10 8 10 10
left_child=1 10 4 -4 5 -3 12 8 -6 -10 13 -12 -5 -1
right_child=-2 2 3 6 7 -7 -8 -9 9 -11 11 -13 -14 -15
leaf_value=-0.0079783919333233626 0.0045455743022504037 0.01217283800438488 0.0027754866841537646 -0.014550695532068328 -0.0016701481145048969 -0.0079568596097029654 0.023094936641619015 0.0036939058273723537 0.013949675304652362 -0.015532807633634441 -0.035070531034798701 -0.0066137284055369462 0.013286554247147492 -0.0012278560592700234
leaf_weight=1757.0930984765291 5576.0482299253345 1570.8956160917878 2623.0784268081188 136.3082924336195 8194.1030723154545 573.80195940285921 781.72605450451374 2532.1190265864134 131.49896816909313 994.4357828348875 126.16453750431538 431.05035077035427 298.9700266122818 21211.337745703757
leaf_count=7871 27659 7811 11589 605 35490 2968 4141 11588 611 4178 547 1931 1379 94681
internal_value=3.77546e-05 -0.000570892 0.00135757 0.00716068 -0.000238512 0.00677532 0.0165127 -0.00151234 -0.00292924 -0.011997 -0.00203299 -0.0135616 0.00443826 -0.00174752
internal_weight=46938.6 41362.6 17836.9 3840.08 13996.9 2144.7 1217 11852.2 9320.04 1125.93 23525.6 557.215 435.278 22968.4
internal_count=213049 185390 80360 17714 62646 10779 6125 51867 40279 4789 105030 2478 1984 102552
is_linear=0
shrinkage=0.03


Tree=90
num_leaves=15
num_cat=0
split_feature=245 238 244 78 51 70 57 47 249 66 96 245 228 120
split_gain=169.491 125.214 115.511 109.91 105.707 96.8727 93.4901 143.342 98.4908 91.7867 91.4998 106.751 110.276 90.5673
threshold=-0.20662932842969892 -0.12466659769415854 0.1067665070295334 10.500000000000002 3.5000000000000004 6.5000000000000009 79.500000000000014 2.5000000000000004 0.85353535413742077 72.500000000000014 41.500000000000007 -0.044342366978526108 93.500000000000014 97.500000000000014
decision_type=2 10 2 8 10 10 10 8 2 10 10 2 10 10
left_child=-1 3 4 6 -3 -6 7 -2 -8 -5 13 12 -12 -7
right_child=1 2 -4 9 5 10 8 -9 -10 -11 11 -13 -14 -15
leaf_value=0.022842873105527153 -0.022913341285430645 -0.0075613261428049338 0.019746016439196989 0.0017442790895546103 0.0044108633710514614 -0.0038286584972806797 -0.00084122060439248761 -0.0024169831607700281 0.018381345471942416 0.0075394403866731342 0.0040139380536427949 -0.0025637014854403999 -0.013512543581122449 0.006152433201993511
leaf_weight=280.00428729504347 416.9745317697525 2327.971776291728 223.64665897190571 8433.4080998077989 2755.5566995590925 12709.822245933115 2049.3109147623181 1103.8828911110759 261.58983098715544 3467.9090103954077 6015.8533082231879 5736.9391752332449 331.74672700464725 865.60952641814947
leaf_count=2582 2108 9958 1165 40055 11690 53373 10140 5398 1528 17670 27064 24881 1609 3965
internal_value=-2.09582e-05 -0.000162906 -0.00127006 0.0020157 -0.00142931 -0.000924456 -0.00239885 -0.00814945 0.00140456 0.00343784 -0.0014989 0.000399858 0.00307813 -0.00318817
internal_weight=46980.2 46700.2 30967.1 15733.1 30743.5 28415.5 3831.76 1520.86 2310.9 11901.3 25660 12084.5 6347.6 13575.4
internal_count=213186 210604 133705 76899 132540 122582 19174 7506 11668 57725 110892 53554 28673 57338
is_linear=0
shrinkage=0.03


Tree=91
num_leaves=15
num_cat=0
split_feature=190 245 248 228 76 245 244 245 249 120 243 244 243 244
split_gain=157.085 165.261 272.24 197.716 191.128 172.757 167.959 147.864 189.385 131.555 264.374 202.087 129.74 137.619
threshold=90.500000000000014 -0.075751405209302888 0.58080807328224193 26.500000000000004 83.500000000000014 -0.079050879925489412 0.0036051193019375209 -0.088457010686397539 0.17676767706871035 68.500000000000014 -0.038856796920299523 0.023798109963536266 -0.054124308750033372 0.054675184190273292
decision_type=10 2 2 10 10 2 2 2 2 8 2 2 2 2
left_child=1 2 -1 4 5 9 -7 -5 -9 10 -4 -11 13 -3
right_child=-2 12 3 7 -6 6 -8 8 -10 11 -12 -13 -14 -15
leaf_value=0.011793135247623824 0.0074451961515355752 -0.012906798036300987 -0.0054802050805438972 0.018932116511515724 0.0051835916360051569 -0.022387604892257877 0.018993244360179854 0.0087151831421273217 -0.022932343743851787 0.0036825860056425345 -0.027733879217915532 -0.012641556261820137 -0.0012349153346429152 0.016554342338786495
leaf_weight=2252.811477445066 2348.326795257628 1431.0249200463295 2098.8324740752578 804.89464902877808 2751.9439890757203 99.531565457582474 465.60114234685898 731.26636917889118 210.92813660204411 2110.9218932315707 616.03033198416233 996.59114822000265 29865.15525701642 149.80275246500969
leaf_count=12472 11042 6188 9117 4274 15065 418 2030 3316 1034 10459 2532 5204 129144 769
internal_value=-0.000100485 -0.000499499 0.00232495 0.000356619 -0.00141382 -0.00425985 0.0114427 0.00957353 0.00146385 -0.00580098 -0.010613 -0.00157639 -0.00168003 -0.0100285
internal_weight=46933.7 44585.3 13139.4 10886.5 9139.45 6387.51 565.133 1747.09 942.195 5822.38 2714.86 3107.51 31446 1580.83
internal_count=213064 202022 65921 53449 44825 29760 2448 8624 4350 27312 11649 15663 136101 6957
is_linear=0
shrinkage=0.03


Tree=92
num_leaves=15
num_cat=0
split_feature=236 244 101 243 193 244 241 224 59 224 230 143 248 66
split_gain=126.138 109.47 126.9 87.8294 83.7886 85.8042 92.0486 96.7539 99.3684 98.4422 84.9908 81.4643 129.367 77.609
threshold=-0.11669995263218878 0.070825800299644484 2.5000000000000004 -0.0085835503414273245 87.500000000000014 0.02322881389409304 -1.5420248508453367 1.5000000000000002 21.500000000000004 24.500000000000004 3.5000000000000004 60.500000000000007 0.85353535413742077 18.500000000000004
decision_type=2 2 10 2 10 2 8 10 10 10 8 10 2 10
left_child=4 2 -2 13 5 10 7 8 -7 -9 -1 12 -12 -4
right_child=1 -3 3 -5 -6 6 -8 9 -10 -11 11 -13 -14 -15
leaf_value=0.014564392358606749 -0.0069334037788040233 0.0075147714863055765 -0.0027827863651591319 -0.0052652482288066032 0.013196965152757633 0.015564509670045095 0.0071334705427041518 -0.01886514008519528 -0.016560630458437978 0.00092741907542299518 0.0019127305434089321 0.0077398266713473909 -0.023781990077673135 0.00070626999196836328
leaf_weight=725.50333499163389 2993.4220365285873 1395.4647581204772 7350.2867432534695 3190.8930511027575 759.49614672362804 273.27548563480377 624.87137454748154 616.66838984936476 115.51983364671469 352.46144795417786 893.48823511600494 1393.6649752035737 209.34931810945272 26017.280628867447
leaf_count=4526 13071 7084 31023 13793 4177 2229 3774 3418 717 1871 4479 7288 955 114585
internal_value=-0.000119337 -0.000713315 -0.00100544 -0.000518297 0.00395294 0.00258131 -0.00232178 -0.00669311 0.00584349 -0.0117309 0.00559648 0.00294262 -0.00313472 -6.29111e-05
internal_weight=46911.6 40947.3 39551.9 36558.5 5964.3 5204.8 1982.8 1357.93 388.795 969.13 3222.01 2496.5 1102.84 33367.6
internal_count=212990 179556 172472 159401 33434 29257 12009 8235 2946 5289 17248 12722 5434 145608
is_linear=0
shrinkage=0.03


Tree=93
num_leaves=15
num_cat=0
split_feature=245 57 63 242 230 249 121 230 249 119 137 52 222 245
split_gain=159.497 125.326 127.457 125.725 96.5351 103.24 132.953 95.9047 95.3262 91.4598 92.2237 207.865 91.6896 85.0442
threshold=-0.20662932842969892 70.500000000000014 62.500000000000007 0.024996052496135238 71.500000000000014 0.7525252401828767 74.500000000000014 3.5000000000000004 0.73232322931289684 55.500000000000007 91.500000000000014 29.500000000000004 41.500000000000007 -0.045770712196826928
decision_type=2 8 10 8 10 2 8 8 2 10 10 10 10 2
left_child=-1 2 8 4 5 6 -3 -5 -2 -4 13 12 -12 -11
right_child=1 3 9 7 -6 -7 -8 -9 -10 10 11 -13 -14 -15
leaf_value=0.022725047377923448 -0.0023683630804294236 0.0011363340358618971 -0.0023974985269027429 0.01381681416354232 0.0060377033255337121 0.010711531831164134 -0.0075258706708884087 0.003641944130705883 -0.013370916760367422 0.0067143039365352387 -0.044161772855023422 0.00122581919423002 -0.0040723670037217949 -0.00095961974248810582
leaf_weight=264.7671722471714 18607.948161222041 3355.2592887952924 4247.3222049325705 974.45761885493994 1703.3897843435407 527.89461257308722 3025.346824221313 5547.7010878697038 727.44779527187347 4635.9604146555066 137.83089097589254 1142.4521762356162 82.039002053439617 1801.3904800117016
leaf_count=2505 81476 14189 18085 5532 7685 2669 13450 26940 3295 22131 645 5555 406 7902
internal_value=-6.45792e-05 -0.000199152 -0.00128043 0.00204238 -0.000337856 -0.0019163 -0.00297618 0.00518097 -0.00278901 0.00114113 0.0030687 -0.00400095 -0.0300313 0.00456872
internal_weight=46781.2 46516.4 31382.4 15134 8611.89 6908.5 6380.61 6522.16 19335.4 12047 7799.67 1362.32 219.87 6437.35
internal_count=212465 209960 139495 70465 37993 30308 27639 32472 84771 54724 36639 6606 1051 30033
is_linear=0
shrinkage=0.03


Tree=94
num_leaves=15
num_cat=0
split_feature=239 226 52 222 243 243 243 249 147 145 226 249 230 46
split_gain=132.541 108.637 157.375 151.795 151.963 177.598 133.314 130.216 124.35 152.467 121.435 178.642 103.614 102.524
threshold=-0.046445174142718308 8.5000000000000018 13.500000000000002 30.500000000000004 -0.05089097470045089 -0.089548621326684938 -0.092125352472066865 0.82323232293128978 18.500000000000004 82.500000000000014 16.500000000000004 0.025252525694668296 14.500000000000002 1.5000000000000002
decision_type=10 8 8 10 2 2 2 2 10 10 10 2 10 10
left_child=-1 6 3 4 5 -3 -2 -6 -8 13 11 -7 -5 -10
right_child=1 2 -4 12 7 10 8 -9 9 -11 -12 -13 -14 -15
leaf_value=0.0054490728524225719 0.018392149981750466 -0.024087962286384133 -0.00022321463987925685 0.014420843894912376 -0.0099190956156148535 0.025673474305647724 0.0095158427927777029 -0.036797029967110727 0.014974248718941379 -0.0066046778202851989 0.01106680619356798 -0.018185927271940298 -0.0017531442052196773 0.0012109353141882219
leaf_weight=3560.017001286149 449.62363120168447 222.07442162930965 28406.899000003934 429.13305093348026 3547.5259316116571 99.537446230649948 1442.0494443178177 161.87352858483791 580.50880949944258 2136.946152575314 842.65697874128819 348.71070121973753 1885.5694294944406 2794.2292297109962
leaf_count=18621 3174 1188 125515 2005 14831 468 7067 694 2815 10451 4014 1607 8119 12501
internal_value=-0.000107173 -0.000564646 -0.00124634 -0.00509703 -0.00792702 8.84514e-05 0.00274224 -0.0111878 0.00170537 -0.000351654 0.00440071 -0.00809884 0.00129456 0.00361569
internal_weight=46907.4 43347.3 35944 7537.08 5222.38 1512.98 7403.36 3709.4 6953.73 5511.68 1290.91 448.248 2314.7 3374.74
internal_count=213070 194449 158441 32926 22802 7277 36008 15525 32834 25767 6089 2075 10124 15316
is_linear=0
shrinkage=0.03


Tree=95
num_leaves=15
num_cat=0
split_feature=76 189 230 229 230 248 119 230 248 248 222 226 230 243
split_gain=129.295 114.409 105.464 140.513 139.971 136.048 164.467 120.111 144.586 109.677 212.461 250.465 223.417 203.48
threshold=86.500000000000014 37.500000000000007 80.500000000000014 80.500000000000014 62.500000000000007 0.49999998509883886 78.500000000000014 94.500000000000014 0.60101011395454418 0.71212121844291698 41.500000000000007 29.500000000000004 14.500000000000002 -0.048831390216946595
decision_type=8 10 8 8 10 2 10 10 2 2 10 10 10 2
left_child=2 -2 3 9 -5 -4 7 8 -7 -1 13 12 -12 -11
right_child=1 -3 5 4 -6 6 -8 -9 -10 10 11 -13 -14 -15
leaf_value=-0.00014210148593081262 -0.00046793980542847186 0.0064580307841903637 -9.1626524304962286e-05 -0.026676930262707704 -0.0028087378671091041 0.010486303657649207 0.01984948955559572 0.02039352332489169 -0.012871996890928347 0.0012124908559576675 0.031105537526123481 0.033038100255584464 -0.031658685443090973 -0.0097323297069305745
leaf_weight=23342.568695403636 3930.8747512921691 4715.4923431426287 4802.2466219142079 380.53806047141552 515.93259439617395 413.80350795388222 781.66751225292683 247.27247228473425 536.14774478971958 2384.2548272609711 68.996620543301105 273.30579663813114 136.23733885586262 4240.7795908376575
leaf_count=102708 19576 23695 21247 1613 2281 1943 4318 1206 2362 11150 349 1209 620 18235
internal_value=2.43315e-06 0.00331239 -0.000748929 -0.00148292 -0.0131229 0.00264081 0.00923882 0.00220408 -0.00269376 -0.00113599 -0.00439716 0.0147121 -0.0100934 -0.00579755
internal_weight=46770.1 8646.37 38123.8 31342.6 896.471 6781.14 1978.89 1197.22 949.951 30446.1 7103.57 478.54 205.234 6625.03
internal_count=212512 43271 169241 138165 3894 31076 9829 5511 4305 134271 31563 2178 969 29385
is_linear=0
shrinkage=0.03


Tree=96
num_leaves=15
num_cat=0
split_feature=238 242 60 226 136 231 224 248 248 148 140 243 231 226
split_gain=144.738 143.162 135.678 109.997 128.285 109.181 149.076 133.936 118.633 112.172 104.566 91.5598 84.6376 138.604
threshold=-0.11206983402371405 0.041718188673257835 72.500000000000014 70.500000000000014 45.500000000000007 91.500000000000014 1.5000000000000002 0.81313130259513866 0.69191917777061474 2.5000000000000004 44.500000000000007 -0.021844823844730851 92.500000000000014 1.5000000000000002
decision_type=10 8 10 10 10 8 8 2 2 10 10 2 10 10
left_child=1 2 3 5 -5 6 -1 8 -7 -8 -2 -12 -4 -14
right_child=10 -3 12 4 -6 7 9 -9 -10 -11 11 -13 13 -15
leaf_value=0.013817856745447639 -0.0034519533476043609 0.0083574010548899489 0.0072659654312696963 0.010773191964906772 -0.004636770486204784 -0.0071690537239438787 -0.013169928139312104 0.0054489996139913347 -0.025846374391970607 -0.00061875314896299178 0.0025858902195395228 -0.0022681563812552599 0.01006800461700768 -0.01001806184130097
leaf_weight=584.86895667761564 12972.170565329492 2636.0548058450222 3755.8905503898859 1373.3296882212162 742.57241976261139 971.0375901311636 695.63340374827385 452.78607376664877 445.38245850801468 6993.9201285690069 7368.1668291687965 6639.2581847459078 517.65200926363468 737.22051665186882
leaf_count=3068 54581 14832 18347 6456 3263 4923 3145 2528 2193 31086 32771 28912 3140 3950
internal_value=-8.07667e-05 0.00185921 0.000863093 -0.000837443 0.00536872 -0.00213602 -0.000652674 -0.00866396 -0.013182 -0.00176982 -0.0015123 0.000285186 0.00501707 -0.0017182
internal_weight=46885.9 19906.3 17270.3 12259.5 2115.9 10143.6 8274.42 1869.21 1416.42 7689.55 26979.6 14007.4 5010.76 1254.87
internal_count=213195 96931 82099 56662 9719 46943 37299 9644 7116 34231 116264 61683 25437 7090
is_linear=0
shrinkage=0.03


Tree=97
num_leaves=15
num_cat=0
split_feature=76 242 63 62 119 78 122 226 242 226 224 228 244 224
split_gain=135.205 108.122 106.833 140.445 120.898 149.409 106.761 105.257 99.7321 92.8506 89.7516 189.13 128.944 171.984
threshold=89.500000000000014 0.043123457580804832 61.500000000000007 98.500000000000014 55.500000000000007 10.500000000000002 27.500000000000004 66.500000000000014 0.024909113533794883 75.500000000000014 32.500000000000007 28.500000000000004 0.022417383268475536 24.500000000000004
decision_type=10 8 10 8 10 10 10 10 8 10 10 10 2 10
left_child=1 2 3 9 -4 -6 -7 -8 -2 10 12 -12 -1 -14
right_child=8 -3 4 -5 5 6 7 -9 -10 -11 11 -13 13 -15
leaf_value=0.0012285741875092621 0.0013830947120035838 0.0046163700552423886 -0.0027293009043895347 -0.011744568147048528 -0.0090765709397128101 0.014291695718412269 0.00070959253601825907 0.0086874198308352375 0.0092070486732769574 0.002276918272837151 -0.011858495793563566 -0.0019708125323078638 -0.0099222963931273802 0.013554334095414747
leaf_weight=7518.7681126371026 4285.6404689624906 3285.9532307758927 4762.30264826864 1316.2857864946127 795.56893966346979 878.82378919422626 4710.9334199056029 2167.2548962160945 2222.4430555552244 4277.6786145418882 2475.5501742437482 5830.4176265150309 2066.7825610414147 315.8633436858654
leaf_count=32558 20134 17533 20140 6055 3865 4016 21473 10359 12115 18671 10492 24657 9811 1377
internal_value=5.54619e-05 -0.000591238 -0.00105339 -0.00225687 0.00109799 0.00322983 0.00450205 0.0032323 0.00406492 -0.00169648 -0.00263074 -0.0049285 -0.000700197 -0.0067664
internal_weight=46910.3 40402.2 37116.2 23801.3 13314.9 8552.58 7757.01 6878.19 6508.08 22485.1 18207.4 8305.97 9901.41 2382.65
internal_count=213256 181007 163474 103621 59853 39713 35848 31832 32249 97566 78895 35149 43746 11188
is_linear=0
shrinkage=0.03


Tree=98
num_leaves=15
num_cat=0
split_feature=245 190 230 222 226 245 244 229 120 142 56 184 226 248
split_gain=145.37 117.707 105.388 161.79 241.483 299.478 161.326 157.027 148.427 138.826 155.265 116.728 115.827 263.332
threshold=-0.20662932842969892 90.500000000000014 10.500000000000002 3.5000000000000004 2.5000000000000004 -0.096477255225181566 0.047689119353890426 1.0000000180025095e-35 98.500000000000014 80.500000000000014 37.500000000000007 77.500000000000014 41.500000000000007 0.69191917777061474
decision_type=2 10 10 10 10 2 2 10 10 10 10 10 10 2
left_child=-1 2 3 4 5 -2 7 -7 11 10 -5 12 13 -4
right_child=1 -3 8 9 -6 6 -8 -9 -10 -11 -12 -13 -14 -15
leaf_value=0.021820388614116761 0.017565226518997671 0.0065876616193669838 -0.0021142696012220103 0.010650627417369727 -0.014048113438908419 -0.0022892134972319414 0.018385436000131389 -0.027034587121436176 0.0062389977311810658 -0.00098584431197861703 8.9563907169380871e-05 0.0022359536139327368 -0.001191368572526002 -0.013810578359697345
leaf_weight=266.01963088661432 752.5788319632411 2299.0440790504217 5968.9855986535549 3642.8758654594421 1229.1910966485739 630.55641421675682 186.51302665472031 355.95137876272202 2216.6345147937536 2988.9457867071033 1907.1345538720489 5341.6989769488573 16583.472594097257 2433.5431024432182
leaf_count=2571 4954 10877 25458 17097 5770 3069 1067 1557 10825 15197 8736 23990 71432 10354
internal_value=0.000113126 -1.56204e-05 -0.000360203 0.00208142 -0.00371594 0.00291803 -0.00654827 -0.0113995 -0.00123789 0.00422515 0.00702825 -0.00178625 -0.0026467 -0.00551415
internal_weight=46803.1 46537.1 44238.1 11693.7 3154.79 1925.6 1173.02 986.508 32544.3 8538.96 5550.01 30327.7 24986 8402.53
internal_count=212954 210383 199506 57447 16417 10647 5693 4626 142059 41030 25833 131234 107244 35812
is_linear=0
shrinkage=0.03


Tree=99
num_leaves=15
num_cat=0
split_feature=57 231 100 47 226 249 231 143 243 231 231 224 78 143
split_gain=113.442 127.452 135.298 140.003 127.107 117.248 102.412 100.402 97.8034 113.23 111.311 105.161 104.923 141.953
threshold=69.500000000000014 88.500000000000014 27.500000000000004 39.500000000000007 15.500000000000002 0.65151515603065502 40.500000000000007 48.500000000000007 -0.021186019293963906 68.500000000000014 26.500000000000004 4.5000000000000009 8.5000000000000018 58.500000000000007
decision_type=8 10 10 10 8 2 10 10 2 10 10 8 8 8
left_child=8 4 3 5 6 -3 -2 -5 10 -10 11 -1 -12 -14
right_child=1 2 -4 7 -6 -7 -8 -9 9 -11 12 -13 13 -15
leaf_value=0.02979718617681083 -0.00022250737581978148 -0.0084846480077074328 0.0045690327123407357 -0.041877108577193567 0.0016319621472101324 0.013132906134689641 0.01241571254550913 -0.013273692644239343 -0.0053628454233276227 0.0022009815850433392 -0.01040073389149425 0.0033483499398264077 -0.0036162420303443464 0.0021284656660892245
leaf_weight=129.90229392051697 805.75224048644304 777.10374895483255 1062.874544724822 137.33220709115267 10077.977570563555 306.86672961711884 2020.1064125970006 517.62532724440098 7692.6803813874722 2310.9227224290371 1024.023303039372 4342.2674737498164 7198.3256873115897 8352.52525459975
leaf_count=568 3697 4224 5321 595 45675 1837 10114 2685 32938 10405 5119 18887 31024 39590
internal_value=-0.000123638 0.00195338 -0.00383679 -0.00897138 0.00321259 -0.00230072 0.00882403 -0.0198109 -0.0011745 -0.00361508 -1.33302e-05 0.00418137 -0.00114697 -0.000531314
internal_weight=46756.3 15705.6 2801.8 1738.93 12903.8 1083.97 2825.86 654.958 31050.6 10003.6 21047 4472.17 16574.9 15550.9
internal_count=212679 74148 14662 9341 59486 6061 13811 3280 138531 43343 95188 19455 75733 70614
is_linear=0
shrinkage=0.03


Tree=100
num_leaves=15
num_cat=0
split_feature=238 190 233 224 70 244 226 224 119 45 140 60 224 249
split_gain=130.714 102.612 143.205 104.154 152.688 121.174 125.565 122.429 119.184 118.198 102.993 110.62 100.558 83.2108
threshold=-0.25203220546245569 73.500000000000014 53.500000000000007 6.5000000000000009 27.500000000000004 0.012483193073421718 8.5000000000000018 1.5000000000000002 51.500000000000007 1.0000000180025095e-35 30.500000000000004 46.500000000000007 5.5000000000000009 0.83333334326744091
decision_type=10 10 10 10 10 2 10 10 10 10 8 10 10 2
left_child=-1 2 10 5 8 6 -4 -8 -5 13 11 -2 -9 -7
right_child=1 -3 3 4 -6 9 7 12 -10 -11 -12 -13 -14 -15
leaf_value=0.0091478671048838903 -0.0092239149768639766 0.0036002022072873204 0.011735661131306651 0.0016114905929783025 -0.0002071485963290798 -0.0046596316851186337 -0.028581384289378384 0.012391945486404075 0.010095438028710971 -0.014415900610996023 -0.00098615706609144448 -0.0018113476432294992 -0.01946019034448139 0.019804850682719369
leaf_weight=1352.0624837651849 3516.9421051442623 5385.5657996833324 686.61486952751875 3001.1398060917854 10199.466773353517 493.8615213111043 160.31225349754095 260.61788158863783 2959.1047350913286 1192.4845333099365 13586.344102926552 3738.7832538560033 123.1460884809494 156.52650512009859
leaf_count=9464 14831 24671 3525 12736 44689 2558 696 1153 13580 5671 61797 16247 511 900
internal_value=-9.5766e-06 -0.000283882 -0.000806616 0.00105996 0.00202304 -0.00399368 0.00328036 -0.00740932 0.0058334 -0.00884285 -0.0025288 -0.00541206 0.00193627 0.00143889
internal_weight=46813 45460.9 40075.3 19233.3 16159.7 3073.56 1230.69 544.076 5960.24 1842.87 20842.1 7255.73 383.764 650.388
internal_count=213029 203565 178894 86019 71005 15014 5885 2360 26316 9129 92875 31078 1664 3458
is_linear=0
shrinkage=0.03


Tree=101
num_leaves=15
num_cat=0
split_feature=242 66 233 149 148 231 229 105 226 248 231 229 231 244
split_gain=126.435 154.72 138.18 107.397 98.5387 147.18 164.752 91.5514 88.5306 80.5836 165.351 159.2 144.89 128.989
threshold=0.019738873466849331 25.500000000000004 14.500000000000002 24.500000000000004 12.500000000000002 52.500000000000007 3.5000000000000004 34.500000000000007 83.500000000000014 0.59090909361839306 89.500000000000014 27.500000000000004 97.500000000000014 0.050908565521240241
decision_type=8 10 10 10 10 10 10 10 10 2 10 10 10 2
left_child=2 7 8 4 5 -3 -7 -2 -1 -4 -11 12 -12 -14
right_child=1 3 9 -5 -6 6 -8 -9 -10 10 11 -13 13 -15
leaf_value=-0.010012244660346692 0.0011364459347516635 0.005996809367805658 -0.0032311060940817433 0.0036544518865181379 0.00067474105719549993 0.010842002571406648 -0.026551659207684489 -0.0046656762834505535 0.0016236370278335554 0.0050396866491183145 -0.024354878372977208 0.010053058053034634 -0.010398260063957217 0.023356760862529913
leaf_weight=2690.4431359320879 4511.4720579013228 333.56181757897139 5205.3912148326635 17315.68340023607 4649.205159842968 129.28264918923378 480.31765928119421 5331.7927898317575 749.21816828846931 4045.8045317232609 499.77468024939299 356.63277677446604 385.523707292974 127.28627561032772
leaf_count=11270 21233 1514 21703 82418 21576 803 2193 22966 3416 17378 2152 1841 1860 753
internal_value=0.000114785 0.0011363 -0.00226383 0.00248761 -0.00112535 -0.00991266 -0.0185743 -0.00200793 -0.00748039 -0.000568879 0.00199153 -0.00698651 -0.0130275 -0.00173332
internal_weight=46811.4 32751.3 14060.1 22908.1 5592.37 943.162 609.6 9843.26 3439.66 10620.4 5415.02 1369.22 1012.58 512.81
internal_count=213076 152703 60373 108504 26086 4510 2996 44199 14686 45687 23984 6606 4765 2613
is_linear=0
shrinkage=0.03


Tree=102
num_leaves=15
num_cat=0
split_feature=238 244 67 165 238 14 243 140 71 246 63 62 228 243
split_gain=129.524 117.106 105.107 97.6893 91.0556 100.82 85.1639 95.7841 114.589 80.3779 78.4651 89.5095 87.4228 107.036
threshold=-0.1240253373980522 0.10090048611164094 4.5000000000000009 5.5000000000000009 -0.28120833635330195 7.5000000000000009 -0.0085835503414273245 30.500000000000004 25.500000000000004 0.037100639194250114 80.500000000000014 95.500000000000014 93.500000000000014 -0.020383923314511773
decision_type=10 2 10 8 10 10 2 10 10 2 10 10 10 2
left_child=3 2 -2 -1 -5 -6 7 8 9 -4 11 12 -9 -14
right_child=1 -3 6 4 5 -7 -8 10 -10 -11 -12 -13 13 -15
leaf_value=-0.0066373267802503433 -0.0077069839009013498 0.017729127590580984 -0.0014241188329554434 0.012990181975654632 -0.0010003592359469995 0.0042082575540276692 -0.005853059218885571 0.0015276055735527448 -0.0057755892592436337 0.0080300729608592507 0.0048878343780230414 -0.0067189232716298244 -0.025088599883561265 0.0030378941999688303
leaf_weight=1046.2405576780438 2144.6662267446518 283.2888423204422 3383.0687121152878 740.81544056534767 5327.5757298767567 8961.1040865629911 2735.0612402483821 10195.501504704356 5033.5443080067635 1052.9939026087523 3789.3495607450604 1567.0826249346137 241.57672083377838 232.25690178573132
leaf_count=5003 9157 1494 14235 5606 26514 43204 11765 43916 20922 4718 17201 6995 1112 1032
internal_value=5.25144e-06 -0.00113832 -0.00132006 0.00218553 0.00280371 0.00226687 -0.000832287 -0.000291591 -0.00268214 0.000833048 0.00112177 -4.75301e-05 0.00093772 -0.0115241
internal_weight=46734.1 30658.4 30375.1 16075.7 15029.5 14288.7 28230.4 25495.4 9469.61 4436.06 16025.8 12236.4 10669.3 473.834
internal_count=212874 132547 131053 80327 75324 69718 121896 110131 39875 18953 70256 53055 46060 2144
is_linear=0
shrinkage=0.03


Tree=103
num_leaves=15
num_cat=0
split_feature=245 190 245 248 244 118 244 230 224 93 222 244 243 224
split_gain=144.945 111.619 104.379 262.708 202.016 180.379 200.772 270.519 174.838 257.385 166.581 147.187 144.188 143.769
threshold=-0.20662932842969892 90.500000000000014 -0.075751405209302888 0.58080807328224193 0.021798778325319294 81.500000000000014 0.0027580261230468754 3.5000000000000004 24.500000000000004 40.500000000000007 40.500000000000007 0.11358200013637544 -0.030086938291788098 58.500000000000007
decision_type=2 10 2 2 2 10 2 10 8 10 10 2 2 10
left_child=-1 2 3 -2 5 6 7 -5 9 -6 -8 -11 13 -10
right_child=1 -3 -4 4 8 -7 10 -9 12 11 -12 -13 -14 -15
leaf_value=0.022181142460712362 0.011454699501954275 0.0064635736619675669 -0.0012515006164780273 0.023499735423756669 -0.024170691362104025 0.0086054460792462269 -0.00011878547596377608 -0.025827248463244565 0.025343140353208921 0.00063100599453213787 0.024035378767939673 -0.044646554259527529 -0.016260724284843875 -0.0031926869105590294
leaf_weight=256.99858023226261 2167.7897785753012 2285.6019621938467 31395.144814193249 115.28753817826509 845.97738819569349 2779.1056713759899 4155.5823328718543 515.73127627372742 323.14737937599421 1035.5882941111922 263.90175641328096 58.899275057017803 213.87090010195971 299.99072756618261
leaf_count=2555 12001 10844 136000 554 4189 14699 18421 2202 1686 5455 1225 326 1057 1511
internal_value=0.000140524 1.38446e-05 -0.000321288 0.00196397 1.53657e-05 0.00248176 -0.00089822 -0.0165892 -0.00692129 -0.0118464 0.00137454 -0.00218775 0.00450172 0.011772
internal_weight=46712.6 46455.6 44170 12774.9 10607.1 7829.61 5050.5 631.019 2777.47 1940.46 4419.48 1094.49 837.009 623.138
internal_count=212725 210170 199326 63326 51325 37101 22402 2756 14224 9970 19646 5781 4254 3197
is_linear=0
shrinkage=0.03


Tree=104
num_leaves=15
num_cat=0
split_feature=245 248 228 243 230 230 245 136 243 104 245 12 230 243
split_gain=123.503 250.46 148.386 150.419 156.682 157.46 134.547 141.121 128.493 125.707 124.198 122.461 121.813 119.191
threshold=-0.075751405209302888 0.58080807328224193 26.500000000000004 -0.023385569453239437 26.500000000000004 61.500000000000007 -0.079050879925489412 1.5000000000000002 -0.054558478295803063 30.500000000000004 -0.081923283636569963 4.5000000000000009 11.500000000000002 -0.033819440752267831
decision_type=2 2 10 2 10 10 2 8 2 8 2 10 8 2
left_child=1 -1 6 10 -5 -6 7 -3 9 -2 -4 -7 -8 -14
right_child=8 2 3 4 5 11 12 -9 -10 -11 -12 -13 13 -15
leaf_value=0.011409647588149491 -0.018105183289417206 0.005953142516656444 0.019767954888495511 0.029190831580648956 -0.046854583911391759 -0.035398155856914651 0.02505237108418994 -0.0038868751124110502 -0.0005099278626635739 -0.0010536072342731198 0.00068865418998140054 0.0082872633972730647 0.015556791310080746 -0.015201944636041402
leaf_weight=2327.5173266455531 746.55169621109962 1610.0619493946433 903.46926054358482 80.669312611222267 91.129271522164345 67.913990400731564 314.99022948741913 6893.742375202477 31802.880249977112 803.87597966194153 463.67181488871574 213.90116536617279 225.2455425709486 208.89823994040489
leaf_count=13111 3216 10178 4846 399 406 349 1467 32167 138171 3631 2162 1043 977 881
internal_value=5.48851e-05 0.00248628 0.00060212 0.00840608 -0.00645827 -0.0147302 -0.000940928 -0.00201902 -0.000922489 -0.00932758 0.0133491 -0.00309266 0.0111624 0.000747476
internal_weight=46754.5 13401.2 11073.7 1820.75 453.614 372.944 9252.94 8503.8 33353.3 1550.43 1367.14 281.815 749.134 434.144
internal_count=213004 67986 54875 9205 2197 1798 45670 42345 145018 6847 7008 1392 3325 1858
is_linear=0
shrinkage=0.03


Tree=105
num_leaves=15
num_cat=0
split_feature=245 231 137 226 229 242 226 52 231 245 222 47 231 120
split_gain=132.012 147.617 232.287 168.365 152.97 142.64 140.093 138.182 156.808 201.08 155.648 148.521 132.39 129.194
threshold=-0.093968823552131639 91.500000000000014 18.500000000000004 8.5000000000000018 8.5000000000000018 0.02956414129585028 69.500000000000014 13.500000000000002 69.500000000000014 -0.055881269276142113 40.500000000000007 17.500000000000004 88.500000000000014 51.500000000000007
decision_type=2 10 8 8 10 10 8 10 10 2 10 10 10 8
left_child=-1 3 4 12 5 -3 -4 10 11 -10 -5 13 -2 -9
right_child=1 2 6 7 -6 -7 -8 8 9 -11 -12 -13 -14 -15
leaf_value=0.0038378155553756149 0.0069707987676630653 -0.04053750818963002 -0.0062945016038574676 -0.0075977340021936308 -0.0065347226375808707 0.0020337290294902208 0.0066693098389551154 -0.00032593522032286582 0.01159707157620532 -0.00024831550923884601 0.0027717236564112242 -0.0019950982020859437 -0.013459518496814185 0.013754363422951886
leaf_weight=6852.5589133873582 4011.0512038692832 346.28007039427757 2524.7105384767056 4644.2320144623518 412.31758539378643 87.257870078086853 1056.3666017055511 1299.5967205315828 2244.9310215935111 3012.3838346153498 1803.1682419404387 16998.849634051323 298.12289869785309 1058.1645909547806
leaf_count=38137 18143 1443 11377 20268 1748 428 5173 5619 10245 13269 8036 72756 1352 4709
internal_value=-4.98563e-06 -0.00066746 -0.00582552 -2.04185e-05 -0.0198686 -0.0321166 -0.00246244 -0.000791893 0.000232735 0.00482221 -0.00469787 -0.00101563 0.00552947 0.00602471
internal_weight=46650 39797.4 4426.93 35370.5 845.856 433.538 3581.08 31061.3 24613.9 5257.31 6447.4 19356.6 4309.17 2357.76
internal_count=212703 174566 20169 154397 3619 1871 16550 134902 106598 23514 28304 83084 19495 10328
is_linear=0
shrinkage=0.03


Tree=106
num_leaves=15
num_cat=0
split_feature=238 60 230 38 231 241 248 244 231 230 231 230 248 229
split_gain=129.1 126.137 113.875 147.697 141.948 106.475 94.3587 88.2512 93.7465 81.1644 104.941 155.341 136.545 94.334
threshold=-0.11781245842576026 72.500000000000014 1.5000000000000002 11.500000000000002 68.500000000000014 -1.0000000180025095e-35 0.6414141356945039 0.1067665070295334 99.500000000000014 69.500000000000014 92.500000000000014 3.5000000000000004 0.84343436360359203 74.500000000000014
decision_type=10 10 8 10 10 8 2 2 8 10 8 8 2 8
left_child=1 5 -3 4 -4 9 -6 8 -2 10 11 -1 13 -13
right_child=7 2 3 -5 6 -7 -8 -9 -10 -11 -12 12 -14 -15
leaf_value=0.0093090618623786238 -0.0012254313073827834 0.014772004509922679 0.0061047820004710386 0.0080453683898059625 -0.0025961331950752208 0.019308324703736536 -0.022774339280727349 0.017814127396684531 -0.011601184976559105 0.0061698528650441084 -0.0072413443736373019 0.00057168686401951507 -0.013609238477715967 -0.019986407301519737
leaf_weight=1449.7071691006422 27797.345208138227 1020.3491446226835 710.42449681460857 2527.8904956281185 450.182881295681 249.34681978076696 383.40294776111841 204.15366724133492 796.67070908844471 1604.8965321779251 1993.7952855527401 6620.2660987451673 731.23692983388901 197.1605809032917
leaf_count=7523 119537 6277 3517 12676 2397 1776 1990 1091 3704 7631 10699 29953 3315 989
internal_value=-0.000131025 0.00186612 0.00585672 0.00359198 -0.00370406 0.000280944 -0.0120369 -0.00137528 -0.00151847 -0.000110702 -0.00103246 0.000349772 -0.00138088 -5.12579e-05
internal_weight=46736.8 17938.7 5092.25 4071.9 1544.01 12846.4 833.586 28798.2 28594 12597.1 10992.2 8998.37 7548.66 6817.43
internal_count=213075 88743 26857 20580 7904 61886 4387 124332 123241 60110 52479 41780 34257 30942
is_linear=0
shrinkage=0.03


Tree=107
num_leaves=15
num_cat=0
split_feature=245 231 228 244 134 245 120 233 35 246 227 246 222 245
split_gain=137.442 130.911 296.522 226.007 216.687 205.613 188.427 138.376 149.657 126.315 126.142 123.044 147.402 173.801
threshold=-0.20662932842969892 91.500000000000014 8.5000000000000018 0.0044968847651034602 51.500000000000007 -0.08801941946148871 98.500000000000014 56.500000000000007 7.5000000000000009 0.049849867820739753 50.500000000000007 0.058578843250870712 94.500000000000014 -0.071215745061635957
decision_type=2 10 8 2 10 2 10 10 8 2 10 2 10 2
left_child=-1 6 3 -3 5 10 7 8 -2 -10 -5 12 13 -4
right_child=1 2 11 4 -6 -7 -8 -9 9 -11 -12 -13 -14 -15
leaf_value=0.021477280592106518 -0.0070776236317205803 0.015896829943550544 0.020705658767172251 -0.022169067327995652 -0.0050335909201391195 -0.036284469510767609 0.0079403470676050365 0.0020545258262280684 -0.0016495916573101128 0.0050030486212323819 0.0028739692660264202 -0.0060362547666832122 -0.023697008373105382 0.0020440350428341516
leaf_weight=255.95524232834578 3757.2238407209516 238.50398232787848 639.76669527590275 435.14541091024876 1217.2290458381176 558.81916300952435 2818.6389725506306 15703.223254539073 14855.150671191514 3095.3494249582291 301.59575483202934 1203.9833042919636 133.21817490458488 1463.1364376991987
leaf_count=2602 16609 1206 3525 2191 6413 2332 14393 69070 64477 15281 1554 6088 653 6490
internal_value=-2.76001e-05 -0.000150773 -0.00420808 -0.0115305 -0.0141865 -0.0226816 0.000474542 -8.99225e-05 -0.00164143 -0.000500276 -0.0120161 0.00166466 0.00581943 0.00779259
internal_weight=46676.9 46421 6191.4 2751.29 2512.79 1295.56 40229.6 37410.9 21707.7 17950.5 736.741 3440.1 2236.12 2102.9
internal_count=212884 210282 30452 13696 12490 6077 179830 165437 96367 79758 3745 16756 10668 10015
is_linear=0
shrinkage=0.03


Tree=108
num_leaves=15
num_cat=0
split_feature=245 231 230 229 230 245 229 231 248 224 230 249 248 222
split_gain=120.655 121.966 296.548 249.575 207.328 167.609 162.249 153.328 335.446 308.732 185.295 170.813 146.622 190.303
threshold=-0.20662932842969892 91.500000000000014 62.500000000000007 5.5000000000000009 18.500000000000004 -0.10320196673274039 12.500000000000002 75.500000000000014 0.58080807328224193 7.5000000000000009 10.500000000000002 0.91414141654968273 0.84343436360359203 13.500000000000002
decision_type=2 10 8 8 10 2 10 8 2 10 8 2 2 10
left_child=-1 3 4 -2 12 -6 -7 11 -9 -10 -11 -5 13 -3
right_child=1 2 -4 7 5 6 -8 8 9 10 -12 -13 -14 -15
leaf_value=0.020562916366485717 0.0072174711742227149 -0.012257834581434549 0.0080650845432329935 -0.0010028787984204138 0.017979414637495778 -0.038312156119129283 -0.013603721679638402 -0.0010413921941435844 -0.022414335885482171 -0.0061045716669974309 0.021019288866592496 -0.030934154403063283 0.013123695464597913 0.0027452509047345562
leaf_weight=246.90222735702991 4478.1073931455612 1812.290842987597 1410.4919774383307 29561.91065286845 99.563322812318802 343.26774102449417 805.8195288926363 4019.9013192951679 184.96625458449125 257.95878132432699 1651.2794520407915 162.6157865524292 398.49066223204136 1301.0834430232644
leaf_count=2564 21886 8879 7245 128859 511 1428 3428 18847 909 1222 7865 690 2372 6500
internal_value=6.01466e-05 -5.31451e-05 -0.00397727 0.000548331 -0.00755472 -0.0180056 -0.0212517 -0.000286772 0.00403592 0.0137406 0.0173418 -0.00117697 -0.00379832 -0.00599931
internal_weight=46734.6 46487.7 6171.01 40316.7 4760.52 1248.65 1149.09 35838.6 6114.11 2094.2 1909.24 29724.5 3511.86 3113.37
internal_count=213205 210641 30363 180278 23118 5367 4856 158392 28843 9996 9087 129549 17751 15379
is_linear=0
shrinkage=0.03


Tree=109
num_leaves=15
num_cat=0
split_feature=57 242 231 134 228 226 248 77 244 63 231 226 248 226
split_gain=112.019 119.513 116.516 160.549 143.363 144.625 141.67 109.294 102.937 96.3485 113.554 173.48 191.306 144.687
threshold=70.500000000000014 0.024996052496135238 86.500000000000014 49.500000000000007 11.500000000000002 1.0000000180025095e-35 0.82323232293128978 10.500000000000002 0.032244097441434867 76.500000000000014 69.500000000000014 7.5000000000000009 0.7222222387790681 50.500000000000007
decision_type=8 8 8 10 10 10 2 10 2 10 10 8 2 8
left_child=9 2 7 4 5 6 -4 -2 -5 10 11 -1 13 -13
right_child=1 -3 3 8 -6 -7 -8 -9 -10 -11 -12 12 -14 -15
leaf_value=0.0070326374394981562 -0.0031710949491082752 0.0052227157489377011 -0.021427815658217067 0.012233126577739424 0.00478414122448331 -0.032429843463794836 0.027013843974711776 0.0047039765551206382 -0.0065340151979256392 0.0018863600989547085 0.0010588782371185837 0.00089108569733507197 -0.011965968627512907 -0.0057395999682277217
leaf_weight=1309.5876207277179 2539.3870091810822 6589.4649260416627 125.27960565686226 438.23464649170637 218.96090901643038 447.06871036440134 80.856630019843578 4191.0422651991248 626.88247231394053 8015.0939890667796 7709.2934406548738 5364.2626378387213 2444.9112918525934 6596.6656566262245
leaf_count=5992 11146 33784 629 2199 969 1914 528 17980 3314 36936 36096 22935 10273 28460
internal_value=7.23823e-05 0.0021808 -0.000135114 -0.0065988 -0.0160646 -0.0230201 -0.00205592 0.00173242 0.00122955 -0.000951163 -0.00192245 -0.0033847 -0.00433593 -0.0027676
internal_weight=46697 15257.2 8667.71 1937.28 872.166 653.205 206.136 6730.43 1065.12 31439.8 23424.7 15715.4 14405.8 11960.9
internal_count=213155 72463 38679 9553 4040 3071 1157 29126 5513 140692 103756 67660 61668 51395
is_linear=0
shrinkage=0.03


Tree=110
num_leaves=15
num_cat=0
split_feature=245 230 231 119 230 245 137 232 104 231 231 231 22 230
split_gain=110.142 135.953 162.766 229.801 168.429 136.053 162.803 125.219 122.042 129.738 116.63 217.001 151.291 111.657
threshold=-0.044342366978526108 80.500000000000014 91.500000000000014 51.500000000000007 3.5000000000000004 -0.091281890869140611 22.500000000000004 75.500000000000014 7.5000000000000009 74.500000000000014 25.500000000000004 58.500000000000007 99.500000000000014 63.500000000000007
decision_type=2 8 10 10 10 2 10 10 10 10 8 8 8 8
left_child=1 2 3 8 -5 -4 -7 -6 9 -1 12 -12 -3 -10
right_child=-2 10 5 4 7 6 -8 -9 13 -11 11 -13 -14 -15
leaf_value=-0.012474479922151052 -0.0022055121955578136 0.01936528854991839 0.00095903654680101562 0.010789325594001623 0.00028752864767583565 -0.021295980502352891 -0.0046605642947539459 0.0073627290936727121 0.00091249786465140165 0.019308955394143769 -0.0057674500021326113 0.0088770634773628759 -0.018731439481957299 -0.0076424806542691051
leaf_weight=1427.0106063112617 13261.055996507406 829.43337105214596 1989.7698474302888 2481.8719235956669 8412.4946262910962 736.58234703540802 1849.3320517838001 3064.3959986120462 6792.796097099781 116.85178795456886 1449.5131833255291 2415.3832246288657 97.620613269507885 1710.4181849807501
leaf_count=5966 57648 3913 12080 12890 37992 3138 8314 14220 28730 496 6668 13042 553 7170
internal_value=0.000106383 0.00102541 0.000240598 0.00122944 0.00371853 -0.00493861 -0.00946285 0.00218141 -0.00222901 -0.00996007 0.00569614 0.00338399 0.0151965 -0.000815289
internal_weight=46634.5 33373.5 28581.5 24005.8 13958.8 4575.68 2585.91 11476.9 10047.1 1543.86 4791.95 3864.9 927.054 8503.21
internal_count=212820 155172 130996 107464 65102 23532 11452 52212 42362 6462 24176 19710 4466 35900
is_linear=0
shrinkage=0.03


Tree=111
num_leaves=15
num_cat=0
split_feature=245 242 193 76 233 68 117 146 10 98 237 248 248 80
split_gain=123.226 100.86 131.959 179.2 101.389 98.3971 97.1273 86.3342 107.829 99.6179 71.9251 71.0285 68.2862 66.7744
threshold=-0.20662932842969892 0.019345999695360664 71.500000000000014 83.500000000000014 15.500000000000002 19.500000000000004 89.500000000000014 95.500000000000014 28.500000000000004 44.500000000000007 0.019400934688746933 0.27777777612209326 0.7222222387790681 12.500000000000002
decision_type=2 8 8 10 10 10 10 10 8 10 2 2 2 10
left_child=-1 4 3 7 12 13 10 9 -9 -3 -4 -7 -2 -6
right_child=1 2 6 -5 5 11 -8 8 -10 -11 -12 -13 -14 -15
leaf_value=0.020793347309978366 -0.0046338722656908806 -0.0030713931049152696 -0.0012715539595584439 0.0051828869362226969 -0.001018335633471607 -0.0043416389909619445 0.0079469626833486087 -0.023869381173279167 -0.0018175328487656497 0.0027578474110426959 0.0036222960718218407 0.0037141748455177862 -0.015323970305519876 -0.0086934728736542555
leaf_weight=246.0006610006094 2639.4865952804685 11263.09592563659 4380.2364198118448 3605.1180956810713 2441.72385943681 1271.3824029862881 2829.9455203413963 354.66198843717575 444.78124287724495 3436.205881267786 7030.866448238492 4259.3645477816463 671.1880906149745 1746.1399747431278
leaf_count=2600 11166 50269 18903 18311 10839 5258 14531 1858 2239 15725 32616 18399 2939 7262
internal_value=3.67571e-05 -7.78093e-05 0.00079678 -0.000832594 -0.00231498 -0.000767814 0.00298158 -0.00223428 -0.0117746 -0.00170776 0.00174429 0.00185785 -0.00684074 -0.00423159
internal_weight=46620.2 46374.2 33344.9 19103.9 13029.3 9718.61 14241 15498.7 799.443 14699.3 11411.1 5530.75 3310.67 4187.86
internal_count=212915 210315 154452 88402 55863 41758 66050 70091 4097 65994 51519 23657 14105 18101
is_linear=0
shrinkage=0.03


Tree=112
num_leaves=15
num_cat=0
split_feature=238 231 224 224 120 248 134 78 231 248 104 222 222 222
split_gain=116.01 125.871 296.298 180.313 189.205 167.81 192.049 166.104 163.104 328.8 155.748 154.645 143.019 137.484
threshold=-0.25203220546245569 91.500000000000014 16.500000000000004 32.500000000000007 51.500000000000007 0.82323232293128978 32.500000000000007 10.500000000000002 76.500000000000014 0.58080807328224193 8.5000000000000018 12.500000000000002 11.500000000000002 68.500000000000014
decision_type=10 10 10 8 8 2 10 10 10 2 10 8 10 10
left_child=-1 3 5 4 10 6 -3 -6 11 13 -2 -5 -7 -10
right_child=1 2 -4 8 7 12 -8 -9 9 -11 -12 -13 -14 -15
leaf_value=0.0088483155305290571 -0.0094185167362281202 -0.028440871690927211 0.0026101623249908507 -0.011556749038923564 -0.0033817599868242588 0.0094462266474424385 -0.0091926986003240188 0.0067558629089534182 -0.0074104011874782504 0.01710554737759995 0.0014410096106678481 -0.0016315351473645268 -0.023724082278776624 0.0072247201557853425
leaf_weight=1311.0845081061125 1615.3795562237501 650.84665419906378 2856.1126626133919 1528.5613383576274 1723.3671998307109 529.70275257527828 1646.2495529204607 9135.934776045382 1522.8097604289651 1221.8260568901896 4416.0109487995505 17373.958833374083 139.43892299383879 917.55049325525761
leaf_count=9457 6788 2909 13728 6646 8214 2911 7796 41686 6788 5865 18782 76372 698 4157
internal_value=8.51782e-05 -0.000170469 -0.00428414 0.000437508 0.00278072 -0.0109089 -0.014746 0.00514539 -0.00131695 0.00446971 -0.00147826 -0.00243983 0.00228649 -0.00190072
internal_weight=46588.8 45277.7 5822.35 39455.4 16890.7 2966.24 2297.1 10859.3 22564.7 3662.19 6031.39 18902.5 669.142 2440.36
internal_count=212797 203340 28042 175298 75470 14314 10705 49900 99828 16810 25570 83018 3609 10945
is_linear=0
shrinkage=0.03


Tree=113
num_leaves=15
num_cat=0
split_feature=245 228 230 231 231 230 231 245 228 140 111 224 231 60
split_gain=127.565 144.295 117.454 216.621 124.442 213.45 124.455 121.277 114.557 114.215 162.205 150.881 148.539 130.387
threshold=-0.075751405209302888 27.500000000000004 3.5000000000000004 77.500000000000014 69.500000000000014 44.500000000000007 92.500000000000014 -0.14112358540296552 14.500000000000002 55.500000000000007 47.500000000000007 12.500000000000002 66.500000000000014 54.500000000000007
decision_type=2 10 10 8 10 10 10 2 10 10 10 10 10 8
left_child=1 2 3 -1 9 6 -6 -8 -9 10 11 -4 13 -13
right_child=-2 -3 4 -5 5 -7 7 8 -10 -11 -12 12 -14 -15
leaf_value=0.014344877093706503 -0.00095143581449064489 0.0089918465683056122 -0.011845230442748989 -0.00037783675101416448 0.0067795888668635718 0.024719409676966606 0.012171331815754671 -0.020939458238624923 0.01258063504114996 0.0047028295584081708 -0.016766720000290041 -0.0018356727648723393 -0.031795505238178104 0.015627926399660888
leaf_weight=1446.9902165010571 33398.253084287047 2505.500360712409 1000.2567485421896 2349.057707965374 1110.5944867730141 378.49450620263815 184.31412282586098 505.49832186102867 104.59347950667143 1037.6177094355226 1002.1142770648003 974.84260320663452 95.061144143342972 623.73646855354309
leaf_count=7645 145393 13020 4497 14529 5385 1867 1232 2271 566 4995 4300 4303 439 2959
internal_value=3.85442e-05 0.0025199 0.00101337 0.00525716 -0.00128661 0.00445302 0.000318347 -0.00868658 -0.0150826 -0.00405894 -0.00652478 -0.00266691 0.00279147 0.0050331
internal_weight=46716.9 13318.7 10813.2 3796.05 7017.12 2283.49 1905 794.406 610.092 4733.63 3696.01 2693.9 1693.64 1598.58
internal_count=213401 68008 54988 22174 32814 11321 9454 4069 2837 21493 16498 12198 7701 7262
is_linear=0
shrinkage=0.03


Tree=114
num_leaves=15
num_cat=0
split_feature=70 231 226 228 226 239 226 232 52 47 231 226 141 238
split_gain=116.594 247.405 137.947 192.98 122.329 116.541 90.6095 82.5033 87.0094 156.334 98.8039 90.2886 91.1323 83.1827
threshold=9.5000000000000018 89.500000000000014 1.5000000000000002 11.500000000000002 4.5000000000000009 -0.02948302403092384 80.500000000000014 94.500000000000014 34.500000000000007 15.500000000000002 69.500000000000014 99.500000000000014 20.500000000000004 -0.11149445176124571
decision_type=8 10 10 10 10 10 10 10 10 10 10 10 10 10
left_child=1 4 -3 -4 -1 -2 -6 8 13 -10 -11 12 -12 -7
right_child=5 2 3 -5 6 7 -8 -9 9 10 11 -13 -14 -15
leaf_value=0.014654496832303583 0.0027113265249766182 0.0035392407832113672 -0.025069204404429005 0.0049004101011677365 0.0024375402739048213 -0.0014677530154734717 0.014388102935473034 0.0039211054055077648 0.0087073396300332371 -0.0029958087463578388 -0.018179673140379164 -0.013355124758056152 0.0046055912260272065 -0.006572213559448971
leaf_weight=1044.7186691910028 6870.2088451981544 534.38575056195259 604.34641443938017 277.99686187505722 5802.8801325932145 5671.7338786944747 624.33127504587173 2242.82101136446 1449.7343415021896 11446.052189320326 155.30060736835003 293.65133622288704 3692.647079885006 5828.7301877513528
leaf_count=5600 33499 3330 3014 1303 25604 27086 2788 10387 6746 49399 656 1433 17134 24787
internal_value=-8.92131e-05 0.00299923 -0.00845512 -0.0156777 0.00517946 -0.00081894 0.00361895 -0.00160752 -0.00204324 -0.000681469 -0.0015597 0.0024069 0.00364125 -0.00405829
internal_weight=46539.5 8888.66 1416.73 882.343 7471.93 37650.9 6427.21 30780.7 28537.8 17037.4 15587.7 4141.6 3847.95 11500.5
internal_count=212766 41639 7647 4317 33992 171127 28392 137628 127241 75368 68622 19223 17790 51873
is_linear=0
shrinkage=0.03


Tree=115
num_leaves=15
num_cat=0
split_feature=238 231 229 244 229 244 245 249 231 245 248 245 243 249
split_gain=116.379 108.234 194.538 199.657 149.255 222.617 138.948 247.635 187.45 161.243 135.188 206.187 169.834 133.203
threshold=-0.25203220546245569 91.500000000000014 26.500000000000004 0.0044968847651034602 5.5000000000000009 0.0016664691502228381 -0.071556743234395967 0.74242421984672557 76.500000000000014 -0.073942758142948137 0.84343436360359203 -0.097271446138620363 -0.025704713538289067 0.83333334326744091
decision_type=10 10 8 2 8 2 2 2 10 2 2 2 2 2
left_child=-1 4 3 -3 -2 -6 7 8 -7 -10 12 -12 13 -5
right_child=1 2 -4 10 5 6 -8 -9 9 -11 11 -13 -14 -15
leaf_value=0.0087343955778419503 0.0055880137141247292 0.015983090362541558 0.0035373505724453857 -0.017449320054810469 -0.014008348066298115 0.0024751768431848582 -0.001108771675045547 -0.016630516956123532 0.018596756885974012 -0.009913078110753773 0.017339682631816494 -0.025040095584323491 0.0025539438180570005 0.010619382486634289
leaf_weight=1304.3238261640072 4187.2423936650157 278.30987640470266 1950.7959520146251 2345.4612371623516 1039.1650272458792 6930.3863366991282 25367.706367924809 520.48056822270155 1205.6407379731536 202.78861983120441 336.84680934995413 137.41041055321693 561.01986193656921 156.22174428403378
leaf_count=9478 20151 1381 9581 10983 4383 32031 109328 2405 6209 909 2032 585 2515 757
internal_value=-6.57049e-05 -0.000321413 -0.0041569 -0.00809003 0.00024005 -0.000396331 2.09136e-05 0.00325326 0.00451277 0.0144509 -0.010024 0.00479713 -0.0123272 -0.0156612
internal_weight=46523.8 45219.5 5766.07 3815.27 39453.4 35266.2 34227 8859.3 8338.82 1408.43 3536.96 474.257 3062.7 2501.68
internal_count=212728 203250 27834 18253 175416 155265 150882 41554 39149 7118 16872 2617 14255 11740
is_linear=0
shrinkage=0.03


Tree=116
num_leaves=15
num_cat=0
split_feature=245 165 119 63 53 132 57 244 245 224 249 121 140 167
split_gain=117.92 88.6336 91.3933 135.97 125.933 82.0785 81.4839 68.5441 65.396 116.518 79.3906 93.1042 109.632 83.5686
threshold=-0.20662932842969892 7.5000000000000009 51.500000000000007 59.500000000000007 5.5000000000000009 8.5000000000000018 59.500000000000007 0.003828059416264296 -0.044342366978526108 17.500000000000004 0.075757574290037169 38.500000000000007 92.500000000000014 22.500000000000004
decision_type=2 8 8 8 10 10 10 2 2 8 2 8 8 10
left_child=-1 -2 4 5 7 -4 -6 -3 9 -5 11 12 -11 -13
right_child=1 2 3 8 6 -7 -8 -9 -10 10 -12 13 -14 -15
leaf_value=0.020966517540657755 -0.0048617313191736764 -0.02825520757663133 0.0035776198145114494 0.00089520822868821462 -0.0023372458293261177 -0.0018452755276337103 0.0020985691442026964 -0.0075890399613621623 0.00013379233656438734 0.014931554112347978 0.010854780773143443 -0.0095389545121385682 -0.029639189563190036 0.0053354759195632052
leaf_weight=232.00282486528158 3171.6404087394476 158.105105727911 3270.6578061580658 3561.0969062820077 9694.0080913677812 10712.303751267493 6041.7112497240305 1154.2215129584074 3267.4059693813324 687.60626741498709 3224.3118390664458 606.21537313610315 44.288054868578911 748.62810598313808
leaf_count=2508 14321 654 15184 17806 40941 49092 26122 4860 14817 3204 16991 2806 196 3481
internal_value=7.96649e-05 -2.94016e-05 0.000326662 0.00144155 -0.00138151 -0.000575193 -0.000633869 -0.0102737 0.0037631 0.00509804 0.00790908 0.00332749 0.0118714 -0.00134111
internal_weight=46574.2 46342.2 43170.6 26122.5 17048 13983 15735.7 1312.33 12139.6 8872.15 5311.05 2086.74 731.894 1354.84
internal_count=212983 210475 196154 123577 72577 64276 67063 5514 59301 44484 26678 9687 3400 6287
is_linear=0
shrinkage=0.03


Tree=117
num_leaves=15
num_cat=0
split_feature=190 230 231 231 222 5 243 134 7 222 229 119 228 243
split_gain=97.5055 96.2071 202.199 201.522 149.822 190.131 131.083 125.954 118.509 116.938 194.635 103.22 160.552 165.56
threshold=91.500000000000014 3.5000000000000004 89.500000000000014 40.500000000000007 3.5000000000000004 21.500000000000004 -0.063025012612342821 45.500000000000007 5.5000000000000009 1.0000000180025095e-35 1.5000000000000002 97.500000000000014 11.500000000000002 -0.056988488882780068
decision_type=10 10 8 10 10 10 2 8 10 10 10 10 10 2
left_child=1 2 3 -1 6 -6 -5 8 -4 -8 -11 12 -3 -14
right_child=-2 11 7 4 5 -7 9 -9 -10 10 -12 -13 13 -15
leaf_value=-0.0028225302237194654 0.0062830448958806368 -0.0059584841835081843 0.0037314467700296657 0.012587699212889205 0.023160157280572795 0.004616441454495971 -0.031033474606506961 0.0012355741774696264 -0.017950802983866077 0.019526157129125692 -0.023717430865537143 0.0044306552842997542 0.0082982340395140897 -0.0010654260502463266
leaf_weight=1317.8319267109036 2116.994372472167 5751.3992028534412 322.07783073186874 480.3336331397295 1238.2333176285028 837.54294305294752 143.43973530828953 2156.6128271967173 733.96536223590374 200.05282079428434 159.07388350367546 2967.0506536364555 1806.7177670747042 26322.69233135134
leaf_count=6320 10160 25139 2071 2844 6335 4128 669 12700 3410 1086 694 15047 8822 113570
internal_value=8.21355e-06 -0.000292068 0.00278154 0.00697046 0.0111852 0.0157361 0.00151267 -0.00292884 -0.0113651 -0.00911149 0.000247953 -0.000925689 -0.00139593 -0.000461274
internal_weight=46554 44437 7589.16 4376.51 3058.68 2075.78 982.9 3212.66 1056.04 502.566 359.127 36847.9 33880.8 28129.4
internal_count=212995 202835 40257 22076 15756 10463 5293 18181 5481 2449 1780 162578 147531 122392
is_linear=0
shrinkage=0.03


Tree=118
num_leaves=15
num_cat=0
split_feature=149 232 126 231 231 79 226 226 231 246 245 226 244 226
split_gain=100.413 100.627 99.2825 79.3722 136.092 136.265 132.12 129.268 147.601 112.278 109.21 104.555 102.088 97.4107
threshold=17.500000000000004 87.500000000000014 93.500000000000014 91.500000000000014 75.500000000000014 21.500000000000004 74.500000000000014 3.5000000000000004 21.500000000000004 0.049353195354342468 -0.075300887227058397 70.500000000000014 0.0044968847651034602 32.500000000000007
decision_type=8 10 10 10 10 8 8 8 10 2 2 8 2 10
left_child=-1 2 3 4 5 11 12 8 -7 -9 13 -2 -5 -6
right_child=1 -3 -4 6 10 7 -8 9 -10 -11 -12 -13 -14 -15
leaf_value=-0.0032911089229900668 0.0015968976000537533 0.0041086091381745413 0.0045633222234510171 0.015617810656296119 0.0058500836885466813 -0.012967499742889249 0.0059878103695076819 -0.0037476926998509098 0.016704177440968419 0.003014653293228641 0.0019512247528106878 0.014037389371661251 -0.010754808238107023 0.025027735712555125
leaf_weight=7528.3554614186287 4015.3029384091496 5867.7510102316737 3577.452421374619 132.5620849058032 602.50188386440277 191.52630062401295 681.66096397489309 15059.158812321723 606.8677971214056 2581.7508847564459 2595.2442453205585 707.28091018646955 2037.5690859928727 393.78578640520573
leaf_count=33892 18089 28078 18543 652 3312 832 3419 64486 2826 12563 11466 3271 9629 2046
internal_value=-0.000121141 0.000490669 -0.000150143 -0.00072106 -0.000213021 -0.00105618 -0.00546971 -0.0022207 0.0095139 -0.00275687 0.00521235 0.00348578 -0.00907959 0.0136035
internal_weight=46578.8 39050.4 33182.7 29605.2 26753.4 23161.9 2851.79 18439.3 798.394 17640.9 3591.53 4722.58 2170.13 996.288
internal_count=213104 179212 151134 132591 118891 102067 13700 80707 3658 77049 16824 21360 10281 5358
is_linear=0
shrinkage=0.03


Tree=119
num_leaves=15
num_cat=0
split_feature=57 242 243 243 222 222 222 76 68 137 224 230 224 121
split_gain=97.6958 112.089 92.4328 97.682 136.017 97.0821 113.721 98.093 96.0864 148.813 123.651 90.1526 103.596 88.0138
threshold=70.500000000000014 0.024909113533794883 -0.021186019293963906 -0.023385569453239437 15.500000000000002 93.500000000000014 56.500000000000007 96.500000000000014 18.500000000000004 90.500000000000014 3.5000000000000004 83.500000000000014 68.500000000000014 19.500000000000004
decision_type=10 8 2 2 8 10 8 8 10 10 10 8 10 10
left_child=2 -2 3 5 -5 6 7 8 9 13 -11 12 -7 -1
right_child=1 -3 -4 4 -6 11 -8 -9 -10 10 -12 -13 -14 -15
leaf_value=0.0069396509202248715 -0.00015373327983464246 0.0051767318295627817 -0.0032082026335294254 0.026670111017033628 0.0032614614463393993 -0.008435036204624085 0.0061894408712047941 0.0094322303033694647 0.00012679637542701905 0.012411136072554493 -0.040509188250738341 0.0037380595603500612 -0.051145985927898187 -0.0052792797792018623
leaf_weight=599.30221028625965 8524.7814403250813 6073.7426448613405 10450.836983561516 266.74184918403625 1178.7933515831828 118.89063490927219 2316.4793545454741 783.53313972055912 11633.143458247185 46.258540421724319 165.30724193155766 125.61680879443884 86.575660601258278 4151.1193667501211
leaf_count=2887 38163 30709 45495 1197 5230 569 11455 4058 51860 336 770 620 366 19261
internal_value=3.39038e-05 0.00206604 -0.000895769 0.000230719 0.00773457 -0.000314515 -3.96845e-05 -0.000873074 -0.00136502 -0.00485574 -0.0289003 -0.0161829 -0.0279703 -0.00372643
internal_weight=46521.1 14598.5 31922.6 21471.8 1445.54 20026.2 19695.1 17378.7 16595.1 4961.99 211.566 331.083 205.466 4750.42
internal_count=212976 68872 144104 98609 6427 92182 90627 79172 75114 23254 1106 1555 935 22148
is_linear=0
shrinkage=0.03


Tree=120
num_leaves=15
num_cat=0
split_feature=233 245 51 248 222 63 103 224 226 243 248 245 226 243
split_gain=104.045 147.368 138.244 87.996 85.6746 78.7212 77.8916 109.403 83.8321 85.7996 91.4365 87.5453 182.652 142.123
threshold=68.500000000000014 -0.1103546880185604 3.5000000000000004 0.95454546809196483 6.5000000000000009 62.500000000000007 16.500000000000004 6.5000000000000009 1.5000000000000002 -0.080386526882648454 0.62121212482452404 -0.072508312761783586 46.500000000000007 -0.042562799528241151
decision_type=10 2 8 2 10 10 10 10 10 2 2 2 10 2
left_child=1 3 4 -1 -3 -4 8 -8 -2 10 -10 12 -11 -13
right_child=6 2 5 -5 -6 -7 7 -9 9 11 -12 13 -14 -15
leaf_value=0.0077148536159912431 0.012749570275956372 -0.017338218222749228 -0.0022521942551399967 -0.03058071892164952 -0.0048174637791174157 0.0011088155475830039 -0.0085911793986154297 0.0014852467519155422 0.004741614930182758 0.0034254484807886921 -0.026411231762240396 -0.015688903099194511 0.024597106196118844 0.0038051587391064725
leaf_weight=1999.4455209374428 980.88776572793722 691.51888836175203 16560.802374899387 45.816051721572876 1688.3581443801522 10083.449632011354 1078.0184568837285 8912.2386547327042 158.26860176026821 1404.9684399738908 166.42992985993624 402.51725582778454 488.31969910115004 1818.7645378857851
leaf_count=12447 5648 2976 73039 215 7156 45803 5422 39689 990 6871 911 1719 2200 7774
internal_value=-5.18665e-05 -0.00105144 -0.00160066 0.00671237 -0.00851293 -0.00098029 0.00196278 0.000390426 0.00485482 0.00308569 -0.0115383 0.00426491 0.00898662 0.000218169
internal_weight=46479.8 31069.4 29024.1 2045.26 2379.88 26644.3 15410.4 9990.26 5420.16 4439.27 324.699 4114.57 1893.29 2221.28
internal_count=212860 141636 128974 12662 10132 118842 71224 45111 26113 20465 1901 18564 9071 9493
is_linear=0
shrinkage=0.03


Tree=121
num_leaves=15
num_cat=0
split_feature=238 244 228 140 10 248 229 244 244 60 63 29 140 119
split_gain=102.529 94.6753 83.5829 83.4504 134.856 80.7654 94.7273 113.417 118.403 83.1874 81.7863 88.3071 138.439 99.2029
threshold=-0.20397352427244184 0.070825800299644484 93.500000000000014 30.500000000000004 64.500000000000014 0.31818181276321417 89.500000000000014 0.04250124283134938 0.046081706881523139 35.500000000000007 88.500000000000014 8.5000000000000018 88.500000000000014 94.500000000000014
decision_type=10 2 8 10 10 2 10 2 2 10 10 8 10 10
left_child=-1 2 3 4 -2 -5 7 10 -9 -10 11 12 -7 -14
right_child=1 -3 -4 5 -6 6 -8 8 9 -11 -12 -13 13 -15
leaf_value=0.0051848992071612957 -0.00071589471056931857 0.007541296622747341 -0.0086236245072312725 -0.001552863657992212 -0.0075988419404722342 -0.00074054601125066004 0.012238751658861758 -0.031614257550063939 -0.019201867469139312 0.0037753996003563476 0.0077868723577152743 0.0020240875477049326 -0.038994071602680404 0.0050765818121379725
leaf_weight=3232.8443216606975 14818.644590586424 1318.0042345300317 1125.3598635569215 8243.2929126471281 3088.1000092551112 656.01808974146843 783.29438453167677 159.45899741351604 195.45825988054276 449.96950753778219 2021.1092438399792 10259.821605071425 165.10184629261494 59.4610396027565
leaf_count=20602 64970 6844 5407 35559 12915 3128 3981 746 909 2190 9626 45417 709 286
internal_value=3.95248e-05 -0.000345362 -0.000594441 -0.000371464 -0.00190647 0.000824295 0.00215299 0.00157899 -0.00928464 -0.00336973 0.00224989 0.00123928 -0.0078247 -0.0276059
internal_weight=46575.9 43343.1 42025.1 40899.7 17906.7 22993 14749.7 13966.4 804.887 645.428 13161.5 11140.4 880.581 224.563
internal_count=213289 192687 185843 180436 77885 102551 66992 63011 3845 3099 59166 49540 4123 995
is_linear=0
shrinkage=0.03


Tree=122
num_leaves=15
num_cat=0
split_feature=239 70 231 244 229 188 230 244 243 230 248 243 243 230
split_gain=89.8216 120.784 85.4507 133.409 83.1625 82.3581 76.0342 173.427 92.7318 87.6264 119.094 83.5711 80.3125 136.908
threshold=-0.013967907987534998 9.5000000000000018 89.500000000000014 0.028088474646210674 12.500000000000002 14.500000000000002 71.500000000000014 0.00097953883232548855 -0.051270980387926095 7.5000000000000009 0.83333334326744091 -0.053768286481499665 -0.074449229985475526 29.500000000000004
decision_type=10 8 10 2 10 10 8 2 2 10 2 2 2 10
left_child=6 2 5 4 -4 -2 8 -8 9 10 11 -1 13 -11
right_child=1 -3 3 -5 -6 -7 7 -9 -10 12 -12 -13 -14 -15
leaf_value=-0.0075271507839726678 -0.0014601629799779151 -0.0019839436001910628 -0.029469454518684862 0.0042356826848491281 0.0018759665406184083 0.0074364325538012095 -0.04006232308652468 0.005854422703323257 -0.00082177362302498255 0.013441728875187712 0.012115516016153655 0.021592188378068731 0.013018577795374849 -0.018489165070841373
leaf_weight=1107.990103982389 1341.6713345944881 22738.317549243569 234.62542057037354 501.86493072658777 108.96457432210445 3068.9396488368511 65.436070419847965 4352.6118640974164 10596.742247827351 250.92952690273523 494.05071195214987 86.727328822016716 1354.3633621633053 215.17691561579704
leaf_count=6455 5736 101795 1066 2835 469 14063 279 21114 46799 1442 3126 474 6452 1006
internal_value=3.57171e-05 -0.0010365 0.00305825 -0.00563175 -0.0197568 0.00473298 0.00165578 0.00508541 0.000578766 0.00479825 -0.000129441 -0.00525163 0.00934519 -0.00137782
internal_weight=46518.4 27994.4 5256.07 845.455 343.59 4410.61 18524 4418.05 14106 3509.24 1688.77 1194.72 1820.47 466.106
internal_count=213111 125964 24169 4370 1535 19799 87147 21393 65754 18955 10055 6929 8900 2448
is_linear=0
shrinkage=0.03


Tree=123
num_leaves=15
num_cat=0
split_feature=245 149 66 245 195 143 248 245 143 224 121 248 222 7
split_gain=98.234 82.4196 78.1294 72.4573 71.7082 66.4925 54.934 127.91 80.6283 68.2461 73.8736 62.7444 62.4742 59.1286
threshold=-0.20662932842969892 28.500000000000004 75.500000000000014 -0.15722699463367459 37.500000000000007 83.500000000000014 0.63131311535835277 -0.073942758142948137 49.500000000000007 31.500000000000004 62.500000000000007 0.84343436360359203 7.5000000000000009 57.500000000000007
decision_type=2 8 10 2 10 10 2 2 10 8 8 2 8 10
left_child=-1 3 4 -2 5 6 7 -3 13 10 -9 -10 -11 -8
right_child=1 2 -4 -5 -6 -7 8 9 11 12 -12 -13 -14 -15
leaf_value=0.019260601803080233 -0.025420879867076147 0.0074315603674199142 0.0029727460505519897 -0.0020032669627189259 0.0020162783675904258 0.0034141062160691388 -0.0060248217337138445 0.0068498850204029606 -0.0028273266408913229 -0.022394279502904658 -0.0039874703202841472 0.0095741298535423191 -0.0035906377755409546 -0.017678747379517797
leaf_weight=226.52028280496597 110.1865896359086 1442.2567587867379 9334.0298094078898 12112.844414703548 8342.4354289323092 2224.2510361000896 2403.0745231211185 1261.6165472865105 1963.6549906432629 154.72153358161449 1011.4355721622705 441.1215208619833 5040.6831230819225 464.43927782773972
leaf_count=2520 647 7547 45204 54210 37283 10676 10377 5375 8675 637 4266 2209 21588 1954
internal_value=-2.40566e-05 -0.00012253 0.000635465 -0.00223498 -0.000246856 -0.0013981 -0.00215464 -0.000716756 -0.00457887 -0.00229814 0.00203126 -0.000522231 -0.00419256 -0.00796724
internal_weight=46533.3 46306.8 34083.7 12223 24749.7 16407.3 14183 8910.71 5272.29 7468.46 2273.05 2404.78 5195.4 2867.51
internal_count=213168 210648 155791 54857 110587 73304 62628 39413 23215 31866 9641 10884 22225 12331
is_linear=0
shrinkage=0.03


Tree=124
num_leaves=15
num_cat=0
split_feature=76 193 245 230 229 231 245 37 243 248 147 148 140 233
split_gain=101.735 94.3139 145.423 127.558 182.471 181.719 114.547 102.313 92.178 125.602 96.8994 85.6797 153.466 113.99
threshold=91.500000000000014 73.500000000000014 -0.1103546880185604 71.500000000000014 35.500000000000007 92.500000000000014 -0.06962061300873755 16.500000000000004 -0.051828380674123757 0.69191917777061474 13.500000000000002 12.500000000000002 89.500000000000014 69.500000000000014
decision_type=10 10 2 10 8 10 2 10 2 2 10 8 10 10
left_child=1 11 -3 4 5 8 -5 -6 -4 -10 -11 12 -1 -13
right_child=-2 2 3 6 7 -7 -8 -9 9 10 -12 13 -14 -15
leaf_value=-0.0035676734784730758 0.0038668763659138431 0.016973730116581938 0.019200314162426582 0.017191804092801039 -0.015353221926466024 -0.017069915367940523 0.0031281003962236485 -0.0028110588586717417 0.0072394134567987873 -0.020591081256469437 0.00092085636609138643 -0.0020973633390431795 -0.024319535545831838 0.0020309237201678715
leaf_weight=3808.1809409111738 5423.966483771801 543.20829608291388 359.95153854042292 628.00111821293831 964.35553295910358 361.18929313123226 2886.9991517066956 1480.6696266829967 2034.6300496608019 280.22704812139273 535.12260638922453 17765.502573221922 340.92582199722528 9092.6062011197209
leaf_count=17181 27554 3188 1596 3339 4205 1576 12882 6343 8749 1164 2301 80252 1589 41144
internal_value=9.17085e-06 -0.000500976 0.00201951 0.00115033 -0.00150262 0.0028189 0.00568241 -0.00780027 0.0051029 0.0032615 -0.00663247 -0.00132028 -0.0053272 -0.000699528
internal_weight=46505.5 41081.6 10074.4 9531.15 6016.15 3571.12 3515 2445.03 3209.93 2849.98 815.35 31007.2 4149.11 26858.1
internal_count=213063 185509 45343 42155 25934 15386 16221 10548 13810 12214 3465 140166 18770 121396
is_linear=0
shrinkage=0.03


Tree=125
num_leaves=15
num_cat=0
split_feature=245 248 244 93 224 222 230 224 229 126 224 145 244 230
split_gain=95.4466 238.76 166.415 134.613 189.917 128.897 150.008 181.77 163.444 160.658 148.366 125.547 163.88 125.398
threshold=-0.075751405209302888 0.58080807328224193 0.024051298387348655 35.500000000000007 18.500000000000004 40.500000000000007 5.5000000000000009 73.500000000000014 7.5000000000000009 34.500000000000007 96.500000000000014 57.500000000000007 0.0043800720013678083 30.500000000000004
decision_type=2 2 2 8 8 10 8 10 10 10 10 10 2 10
left_child=1 -1 5 4 -4 6 8 11 9 -3 -7 12 -8 -5
right_child=-2 2 3 13 -6 10 7 -9 -10 -11 -12 -13 -14 -15
leaf_value=0.010966285247334314 -0.00085759487475181757 -0.011577776881500582 -0.024757419002728879 0.002832545280166375 0.0026853226965350479 0.023153354358011566 -0.022782202366883119 0.018124966068404094 0.027405707641137405 0.0093226464536515959 -0.017074673266904219 0.00075043191571017335 -0.0031688637202100058 -0.017900180929104996
leaf_weight=2278.9435028880835 33281.193224705756 420.35242796689272 626.22279097884893 1391.3557800203562 350.01451271027327 461.85879715532064 538.79153729975224 394.35119706392288 323.27237270772457 1432.7328592836857 92.367654144763947 3269.7111455649137 1285.9398506954312 313.12699493020773
leaf_count=13111 144925 1914 3343 8032 1936 2443 2288 2279 1487 8235 503 15223 5675 1550
internal_value=-1.91935e-06 0.00215794 0.000307968 -0.00616902 -0.0149908 0.00242534 0.00140477 -0.00124014 0.00805043 0.00454491 0.0162651 -0.00277173 -0.00905273 -0.00105841
internal_weight=46460.2 13179 10900.1 2680.72 976.237 8219.38 7665.15 5488.79 2176.36 1853.09 554.226 5094.44 1824.73 1704.48
internal_count=212944 68019 54908 14861 5279 40047 37101 25465 11636 10149 2946 23186 7963 9582
is_linear=0
shrinkage=0.03


Tree=126
num_leaves=15
num_cat=0
split_feature=245 101 245 119 59 243 167 243 10 224 230 245 233 10
split_gain=105.628 97.222 102.128 109.393 117.284 101.403 129.87 107.045 99.4045 94.1694 91.453 108.1 87.6837 86.7966
threshold=-0.20662932842969892 3.5000000000000004 -0.075751405209302888 14.500000000000002 58.500000000000007 -0.054124308750033372 32.500000000000007 -0.051270980387926095 2.5000000000000004 42.500000000000007 80.500000000000014 -0.048071965575218194 59.500000000000007 75.500000000000014
decision_type=2 8 2 8 8 2 8 2 8 10 10 2 8 10
left_child=-1 12 3 4 -3 6 -4 -7 -9 -6 13 -12 -2 -10
right_child=1 2 5 -5 9 7 -8 8 10 -11 11 -13 -14 -15
leaf_value=0.019934448177307964 -0.0080326820603559002 0.0045292841996215673 -0.016654092631573192 0.003600388232203231 -0.033003717277070486 0.014389243848288805 0.00074333868220936817 0.0061121490099106694 -0.00061259147973643504 0.0044865759953862721 0.007566102972350627 -0.00073437373942978376 -7.7178798243234202e-07 -0.0047995825773599291
leaf_weight=224.15865832567215 2591.9184001237154 260.25374476611614 777.98860557377338 9475.1901112496853 209.88653953373432 433.06685700267553 755.69898614287376 1920.8780896812677 15062.071022666991 80.064016476273537 2224.4078835397959 3832.6620903760195 2308.6884491890669 6320.2283806204796
leaf_count=2541 11636 1154 3372 48776 887 1938 3444 8541 64681 385 10393 16799 10917 27569
internal_value=-0.000163947 -0.000265639 0.000208231 0.00284208 -0.010048 -0.000635304 -0.00813251 -0.000246766 -0.000467475 -0.0228471 -0.000930137 0.00232135 -0.00425654 -0.00185186
internal_weight=46477.2 46253 41352.4 10025.4 550.204 31327 1533.69 29793.3 29360.2 289.951 27439.4 6057.07 4900.61 21382.3
internal_count=213033 210492 187939 51202 2426 136737 6816 129921 127983 1272 119442 27192 22553 92250
is_linear=0
shrinkage=0.03


Tree=127
num_leaves=15
num_cat=0
split_feature=238 60 129 193 241 77 69 138 47 231 228 248 121 231
split_gain=87.7136 90.3247 87.4998 80.9708 78.4142 78.2829 70.0506 59.9931 71.2235 67.3153 272.631 166.841 127.316 112.675
threshold=-0.12800586968660352 83.500000000000014 57.500000000000007 85.500000000000014 -1.0000000180025095e-35 1.5000000000000002 8.5000000000000018 89.500000000000014 inf 88.500000000000014 10.500000000000002 0.82323232293128978 10.500000000000002 75.500000000000014
decision_type=10 10 10 10 8 8 8 8 8 8 10 2 10 10
left_child=1 3 5 4 6 -2 -1 8 9 13 11 -11 -12 -7
right_child=2 -3 -4 -5 -6 7 -8 -9 -10 10 12 -13 -14 -15
leaf_value=0.0027270667848754066 -0.01418022849475806 0.0068210104613337878 0.0036199198404339625 0.0068587591302442597 0.017377797455476362 -0.0013456889603066374 -0.0024746834119385962 -0.0069386273233070809 0.013901831215405181 -0.023374406150125031 -0.029413398268487174 0.0027781432901906726 0.0030868751839160293 0.0049601901197578891
leaf_weight=3600.6005818322301 420.91909557580948 2683.5999383106828 3365.8603873550892 1667.245353102684 212.3746340200305 19910.167659796774 6560.4943753704429 1587.6062444895506 277.47006037086248 860.93208542466164 104.74513603746891 290.89818821102381 1982.4289900884032 2914.7497762814164
leaf_count=17851 1752 14970 15624 8279 1616 84019 32466 7415 1395 3653 440 1302 9076 13061
internal_value=-5.80531e-05 0.0018547 -0.000946369 0.000743081 -0.000245502 -0.00148959 -0.000630566 -0.00129332 -0.000950573 -0.00111396 -0.00515427 -0.0168024 0.00132337 -0.000538606
internal_weight=46440.1 14724.3 31715.8 12040.7 10373.5 28349.9 10161.1 27929 26341.4 26063.9 3239 1151.83 2087.17 22824.9
internal_count=212919 75182 137737 60212 51933 122113 50317 120361 112946 111551 14471 4955 9516 97080
is_linear=0
shrinkage=0.03


Tree=128
num_leaves=15
num_cat=0
split_feature=57 52 230 248 245 245 248 226 224 245 244 226 248 48
split_gain=88.6229 75.6125 214.589 108.537 104.129 92.3926 91.0111 89.0991 95.0925 92.4272 84.7445 88.0781 80.4065 79.4837
threshold=61.500000000000007 8.5000000000000018 3.5000000000000004 0.81313130259513866 -0.044981494545936578 -0.096477255225181566 0.42929293215274816 16.500000000000004 4.5000000000000009 -0.076685022562742219 0.082878816872835173 5.5000000000000009 0.83333334326744091 1.5000000000000002
decision_type=8 8 10 2 2 2 2 10 10 2 2 10 2 10
left_child=-1 2 3 10 -3 -5 -4 13 -9 -10 -2 -12 -7 -8
right_child=1 4 6 5 -6 12 7 8 9 -11 11 -13 -14 -15
leaf_value=-0.00099327934849044843 0.004383716698118505 0.0049193085555793376 0.0021477402783353803 0.024176626171550458 -0.00059028778407931373 0.026054091821884871 -0.005396864760642911 0.01782630521970853 0.00028127202868682451 -0.013524859793851381 0.0050138057601400183 -0.043566140976126252 -0.019661472610428578 -0.024472274792329222
leaf_weight=27327.06856520474 1416.0544086024165 8467.9658389687538 1008.4977964311838 432.01378156244755 4852.2613949179649 43.147957548499107 343.33765628933907 144.92529771476984 858.70922060310841 876.57898424565792 60.387059070169926 60.79754775762558 89.968704164028168 473.17369169741869
leaf_count=122424 7698 40333 4308 3071 21549 228 1763 716 3964 3635 516 305 421 2145
internal_value=0.000102857 0.00166856 -0.00118658 0.00645036 0.00291335 0.017571 -0.00552553 -0.00839245 -0.00475331 -0.00673041 0.00227499 -0.0208216 -0.0040583 -0.0166135
internal_weight=46454.9 19127.8 5807.59 2102.37 13320.2 565.13 3705.22 2696.72 1880.21 1735.29 1537.24 121.185 133.117 816.511
internal_count=213076 90652 28770 12239 61882 3720 16531 12223 8315 7599 8519 821 649 3908
is_linear=0
shrinkage=0.03


Tree=129
num_leaves=15
num_cat=0
split_feature=209 10 140 244 231 24 231 230 224 47 245 245 231 147
split_gain=86.6679 76.809 110.107 97.0563 90.8136 85.3614 78.3591 132.832 124.396 82.2351 77.4251 112.379 83.6065 85.4838
threshold=51.500000000000007 2.5000000000000004 18.500000000000004 0.088811542838811888 77.500000000000014 99.500000000000014 92.500000000000014 5.5000000000000009 16.500000000000004 4.5000000000000009 -0.068549506366252885 -0.067913413047790513 7.5000000000000009 6.5000000000000009
decision_type=10 8 10 2 10 8 8 8 8 8 2 2 10 10
left_child=1 4 3 6 -1 10 7 9 -8 -3 12 -12 -4 -14
right_child=-2 2 5 -5 -6 -7 8 -9 -10 -11 11 -13 13 -15
leaf_value=0.0084812526955168506 -0.0032265457589911255 -0.005712613358993558 0.016712822159336629 0.017195829136341628 -0.00066728272844425386 0.009868982724699632 -0.020330106333447982 -0.0034354085222459518 -0.0014576867145952058 0.0099034456254519614 -0.022622136812620108 4.9449698433248831e-05 -0.0063533073334856296 0.0039374051868881575
leaf_weight=2256.5599703788757 6186.0604417286813 397.18675047159195 396.47823809087276 213.79298916459084 1713.379247635603 980.68451631814241 550.87332104146481 7835.6041375771165 718.94373112916946 1204.9620953500271 189.08406989276409 16939.612364158034 817.23588403314352 6002.4969506338239
leaf_count=10693 27111 1853 1774 1454 9874 5247 2757 34137 3953 5906 822 73588 3971 29738
internal_value=7.62877e-05 0.000584997 0.000150573 -0.00236599 0.0045411 0.00123632 -0.00277225 -0.00182548 -0.00973982 0.00602067 0.000884659 -0.000213876 0.00348888 0.00269673
internal_weight=46403 40216.9 36247 10921.4 3969.94 25325.6 10707.6 9437.75 1269.82 1602.15 24344.9 17128.7 7216.21 6819.73
internal_count=212878 185767 165200 50060 20567 115140 48606 41896 6710 7759 109893 74410 35483 33709
is_linear=0
shrinkage=0.03


Tree=130
num_leaves=15
num_cat=0
split_feature=165 238 101 238 119 248 233 232 246 248 228 70 119 171
split_gain=87.8027 107.346 101.375 103.296 93.5134 136.481 91.7775 84.5056 104.426 80.1467 79.661 76.7498 87.5986 75.6272
threshold=6.5000000000000009 -0.29099270701408381 3.5000000000000004 -0.096968337893486009 17.500000000000004 0.76262626051902782 72.500000000000014 85.500000000000014 0.16108135133981707 0.82323232293128978 3.5000000000000004 9.5000000000000018 95.500000000000014 24.500000000000004
decision_type=8 10 8 10 8 2 8 10 2 2 10 10 10 10
left_child=-1 -2 6 4 5 -4 11 -6 -9 10 -8 -3 -13 -5
right_child=1 2 3 13 7 -7 9 8 -10 -11 -12 12 -14 -15
leaf_value=-0.0051182276537391023 0.013235781882850605 -0.0019072563229595514 -0.0011396502079874977 -0.0041078366620883097 0.001904862311287998 -0.027035930564502385 -0.012183401733384258 0.0086045531945216133 -0.016378963774453147 0.012836358968445044 0.0032818668159640234 -0.014204368364444489 0.0052411086344699952 0.00024342796074697162
leaf_weight=2785.9258439019322 565.58257401734591 1443.1637698635459 1152.5488566458225 4768.2679912745953 14473.36539594084 207.99798490107059 447.25813342630863 2957.4318931400776 149.57847812026739 422.00220301747322 861.75891410559416 1413.8302058130503 238.95213700830936 14512.008210688829
leaf_count=12577 4695 6654 4998 20267 68512 859 2281 14736 848 2158 3836 6118 1289 63066
internal_value=3.55238e-05 0.000365829 0.000193704 0.000711371 0.00228431 -0.00526701 -0.00389831 0.00287137 0.0073531 0.00162857 -0.00205453 -0.00698382 -0.0113784 -0.000834269
internal_weight=46399.7 43613.7 43048.2 38221.2 18940.9 1360.55 4826.97 17580.4 3107.01 1731.02 1309.02 3095.95 1652.78 19280.3
internal_count=212894 200317 195622 173286 89953 5857 22336 84096 15584 8275 6117 14061 7407 83333
is_linear=0
shrinkage=0.03


Tree=131
num_leaves=15
num_cat=0
split_feature=242 60 231 226 224 245 226 224 61 248 228 118 231 248
split_gain=97.9771 92.722 81.0499 143.246 159.681 119.936 157.269 171.303 126.096 125.124 112.145 148.64 100.353 100.187
threshold=0.010334474965929987 69.500000000000014 26.500000000000004 81.500000000000014 4.5000000000000009 -0.10320196673274039 52.500000000000007 23.500000000000004 46.500000000000007 0.27777777612209326 34.500000000000007 57.500000000000007 8.5000000000000018 0.56060606241226207
decision_type=8 8 10 10 10 2 8 10 10 2 10 10 10 2
left_child=-1 2 3 4 -2 13 8 -8 -7 -10 11 -9 -12 -6
right_child=1 -3 -4 -5 5 6 7 10 9 -11 12 -13 -14 -15
leaf_value=-0.014802731573422169 0.026258828952508081 0.002095411103293456 -0.0016970693984067096 0.011396025853283129 0.018348228965891323 -0.0016406214789685882 0.012755984897262238 -0.025221330322915604 -0.00049928801271855838 0.015174511141743625 0.0063077461627037111 0.0025143832303493917 -0.0093684897418836854 -0.023588324801474273
leaf_weight=388.77693030238152 194.46523696929216 14712.40783085674 23154.116828147322 1180.6395439356565 53.304859898984432 1684.6753875091672 403.87489654123783 578.31130136549473 716.9564236998558 1257.9785690754652 589.01720952987671 244.46810907125473 944.05894866585732 311.75115722417831
leaf_count=1668 855 71672 104744 5158 329 7132 1698 2399 3025 5352 2528 1051 3993 1400
internal_value=3.53652e-06 0.000131792 -0.000791171 0.00177842 0.000137394 -0.000648886 0.000314068 -0.00508296 0.00438675 0.00951064 -0.00818216 -0.0170491 -0.00334374 -0.0171389
internal_weight=46414.8 46026 31313.6 8159.5 6978.86 6784.4 6419.34 2759.73 3659.61 1974.93 2355.86 822.779 1533.08 365.056
internal_count=213004 211336 139664 34920 29762 28907 27178 11669 15509 8377 9971 3450 6521 1729
is_linear=0
shrinkage=0.03


Tree=132
num_leaves=15
num_cat=0
split_feature=120 10 193 29 148 140 227 75 244 132 52 244 244 248
split_gain=79.6117 114.312 110.847 99.279 93.1426 181.543 107.743 82.9209 81.8765 77.4585 85.0165 76.2702 80.495 69.6779
threshold=98.500000000000014 2.5000000000000004 90.500000000000014 99.500000000000014 12.500000000000002 90.500000000000014 67.500000000000014 55.500000000000007 0.034016173332929618 33.500000000000007 86.500000000000014 0.026096980087459091 0.052097754552960403 0.85353535413742077
decision_type=10 10 10 8 10 10 10 10 2 10 10 2 2 2
left_child=1 -1 8 4 5 11 -7 9 -2 10 -6 -3 -13 -10
right_child=2 3 -4 -5 7 6 -8 -9 13 -11 -12 12 -14 -15
leaf_value=0.0039105789178452404 0.0041319363384527356 -0.0012991862797623347 0.013299238331171886 0.0104297075979884 -0.003252592974746716 -0.033921174090273003 0.0032612032730080748 0.0012262552550657158 -0.0091826675099402517 0.00022200171578280715 -0.019332073438749587 -0.014881385613501075 0.0034225027264236868 0.015411958085424714
leaf_weight=4916.0971832498908 2681.7701948657632 3895.8912487253547 880.18201463669538 666.91459289193153 8892.3118849098682 276.32175359874964 90.708989508450031 13550.36693867296 819.96026723831892 8165.0281247496605 296.70936824381351 826.81636738777161 287.17503224313259 109.27946195751429
leaf_count=24617 14405 16867 4731 3467 38498 1224 418 60258 5014 35925 1301 3717 1446 872
internal_value=2.51491e-05 -0.000382382 0.00381633 -0.000954479 -0.00116656 -0.00480689 -0.0248891 -0.000531842 0.00147453 -0.00190451 -0.00379224 -0.003289 -0.0101744 -0.00615702
internal_weight=46355.5 41864.3 4491.19 36948.2 36281.3 5376.91 367.031 30904.4 3611.01 17354 9189.02 5009.88 1113.99 929.24
internal_count=212760 187738 25022 163121 159654 23672 1642 135982 20291 75724 39799 22030 5163 5886
is_linear=0
shrinkage=0.03


Tree=133
num_leaves=15
num_cat=0
split_feature=245 246 244 245 242 165 232 140 178 124 80 226 178 245
split_gain=97.9037 81.5298 93.1012 129.227 83.7179 85.1344 78.8076 97.515 107.158 80.3006 79.7522 88.0516 84.6332 74.0217
threshold=-0.20662932842969892 0.28148111701011663 0.088811542838811888 -0.17293421924114225 0.010334474965929987 6.5000000000000009 87.500000000000014 30.500000000000004 49.500000000000007 20.500000000000004 24.500000000000004 66.500000000000014 12.500000000000002 -0.055668350309133523
decision_type=2 2 2 2 8 10 8 10 10 10 10 10 8 2
left_child=-1 2 4 -4 -2 -6 7 8 -7 -8 11 -9 -12 -13
right_child=1 -3 3 -5 5 6 9 10 -10 -11 12 13 -14 -15
leaf_value=0.019461884895541678 -0.014090138540321803 -0.020970874464869761 -0.031620169308520157 0.01352331295534457 -0.0048821570443014451 -0.00087141951422385069 -0.0054461261790968588 0.0022887470515896985 -0.0073224174794567472 0.0046157029645817818 -0.0099363797568795282 0.019273890175514632 0.00050379045270704248 0.0031458544499940056
leaf_weight=221.72607957199216 376.62369398027658 157.63106182217598 52.396902590990067 734.1099938005209 3071.4883848950267 11687.260918930173 809.19140490889549 3793.6512177959085 2881.7671874091029 5608.5931958034635 722.42593641579151 571.07156108319759 15222.47802747041 466.19264468550682
leaf_count=2580 1604 873 329 4272 14296 52100 3492 18033 11970 26833 3304 2840 68361 2061
internal_value=1.06979e-05 -8.69403e-05 -1.08291e-05 0.0101566 -0.000189914 -7.00308e-05 0.000284967 -0.000270642 -0.00215158 0.00334055 0.00104877 0.0044213 2.48397e-05 0.0121245
internal_weight=46376.6 46154.9 45997.3 786.507 45210.7 44834.1 41762.6 35344.8 14569 6417.78 20775.8 4830.92 15944.9 1037.26
internal_count=212948 210368 209495 4601 204894 203290 188994 158669 64070 30325 94599 22934 71665 4901
is_linear=0
shrinkage=0.03


Tree=134
num_leaves=15
num_cat=0
split_feature=209 164 77 98 226 136 118 226 231 229 120 147 244 126
split_gain=93.218 92.7399 72.544 65.6322 52.9044 82.119 75.127 104.754 70.3516 53.9029 52.4543 86.3566 51.4768 51.0766
threshold=51.500000000000007 48.500000000000007 1.5000000000000002 30.500000000000004 66.500000000000014 10.500000000000002 70.500000000000014 98.500000000000014 91.500000000000014 25.500000000000004 98.500000000000014 80.500000000000014 0.033614542335271842 59.500000000000007
decision_type=10 10 8 8 10 10 10 10 10 10 10 10 2 10
left_child=1 2 -1 13 5 8 -6 -8 9 -2 -4 -12 -13 -3
right_child=4 3 10 -5 6 -7 7 -9 -10 -11 11 12 -14 -15
leaf_value=-0.012543001924182706 0.0077344029615803176 -0.00078950589301219037 -0.0012356851914010199 0.0041913604177945298 -0.0054319977435719957 -0.0080925580747620973 0.011453330668640151 -0.015773160880397472 -0.011328404170082414 -0.0078063237187841732 0.0079111530910471496 -0.0012053045012918187 -0.024229706478919266 0.0030858538386396859
leaf_weight=469.98737348616123 867.93677997216582 8447.6881489530206 17567.466801710427 7078.1861112862825 852.97663402557373 2985.3558171093464 749.44997539371252 143.69676902145147 331.9677676782012 251.68138380348682 1349.1406590566039 340.62359476834536 108.09273049980402 4787.4123792648315
leaf_count=2256 3984 36697 79388 33342 3509 12534 3590 782 1594 1092 7361 1719 558 24363
internal_value=-9.09907e-05 0.000437355 -0.00102152 0.0018617 -0.00351687 -0.00525451 0.000903274 0.00694676 0.000597706 0.00420279 -0.000735565 0.00413108 -0.00715902 0.000613564
internal_weight=46331.7 40148.6 19835.3 20313.3 6183.07 4436.94 1746.12 893.147 1451.59 1119.62 19365.3 1797.86 448.716 13235.1
internal_count=212769 185684 91282 94402 27085 19204 7881 4372 6670 5076 89026 9638 2277 61060
is_linear=0
shrinkage=0.03


Tree=135
num_leaves=15
num_cat=0
split_feature=149 190 139 226 248 230 243 224 230 248 243 118 118 226
split_gain=78.4737 75.828 83.7565 99.4434 113.765 152.508 171.58 162.352 185.349 142.998 267.164 118.592 113.38 120.183
threshold=22.500000000000004 88.500000000000014 40.500000000000007 43.500000000000007 0.69191917777061474 1.5000000000000002 -0.03759405575692653 1.5000000000000002 10.500000000000002 0.84343436360359203 -0.053768286481499665 96.500000000000014 89.500000000000014 1.0000000180025095e-35
decision_type=8 10 8 10 2 8 2 10 10 2 2 10 10 10
left_child=-1 2 3 4 -2 9 -7 -8 -9 10 -6 -10 -12 -14
right_child=1 -3 -4 -5 5 6 7 8 11 -11 12 -13 13 -15
leaf_value=-0.0024652837826362991 0.0025588710816260326 0.0061060178708651292 -0.0012883489823154392 0.0053985214522443703 -0.012930587169332215 -0.00098875935701293188 -0.045894842781150635 0.0082435737990693425 -0.022193457290995852 0.018435209396221428 0.021999486715656942 0.0046381240082841143 -0.024644357558292432 0.02240122380575511
leaf_weight=9658.0590994805098 8075.4689513593912 2090.8650402277708 16769.983860120177 4709.2334642782807 745.19125530868769 1950.1459876000881 126.18138806521893 325.16606046259403 840.11596721410751 447.27690589427948 425.68419726192951 175.82305504381657 110.86634620279074 72.460025265812874
leaf_count=43475 38362 10088 74618 21421 4146 9137 552 1530 3544 3138 1972 855 513 392
internal_value=-5.95397e-05 0.000571235 0.00023678 0.00165733 0.000329038 -0.00311958 -0.00683611 -0.0145484 -0.0112813 0.00392955 -0.000961519 -0.0175499 0.0136562 -0.00585263
internal_weight=46522.5 36864.5 34773.6 18003.6 13294.4 5218.91 3417.43 1467.29 1341.11 1801.48 1354.2 1015.94 609.011 183.326
internal_count=213743 170268 160180 85562 64141 25779 15618 6481 5929 10161 7023 4399 2877 905
is_linear=0
shrinkage=0.03


Tree=136
num_leaves=15
num_cat=0
split_feature=245 226 231 244 119 246 224 248 243 231 231 249 224 150
split_gain=92.1253 124.234 127.369 148.932 183.045 155.76 183.458 118.666 114.033 88.3777 94.1886 134.644 97.1452 90.281
threshold=-0.1103546880185604 54.500000000000007 22.500000000000004 0.02322881389409304 14.500000000000002 0.051583349704742439 15.500000000000002 0.67171716690063488 -0.042881280183792107 56.500000000000007 95.500000000000014 0.78282830119133007 46.500000000000007 13.500000000000002
decision_type=2 10 8 2 8 2 8 2 2 8 8 2 10 10
left_child=1 2 7 4 -4 6 -5 -1 9 -7 12 13 -11 -12
right_child=-2 -3 3 5 -6 8 -8 -9 -10 10 11 -13 -14 -15
leaf_value=0.019099608141834593 -0.00023379814289162677 0.022009491298361532 -0.028484016955211539 -0.040057535293212015 0.012773216370159064 -0.02245435902625139 0.01275788886330235 -0.035111565352972059 0.03065611338827838 0.016719069751750453 0.020156021473452905 0.024454910917821523 -0.021363265424557108 -0.023492415502284026
leaf_weight=41.947711870074272 42899.936140544713 331.12187676131725 93.707646928727627 175.87766033411026 1593.0416745394468 140.36328273266554 81.034073501825333 129.22359252721071 102.22441656142473 409.03562720865011 42.382031828165054 80.040841780602932 61.615874096751213 270.71326679736376
leaf_count=252 190945 2214 393 972 9857 672 460 602 696 2859 388 809 309 2038
internal_value=0.000151094 0.00478688 0.00295386 0.00439233 0.0103268 -0.00297191 -0.0235449 -0.0215055 0.00197345 -0.00121999 0.00244803 -0.0082773 0.0113927 -0.017143
internal_weight=46452.3 3552.33 3221.21 3050.04 1686.75 1363.29 256.912 171.171 1106.38 1004.15 863.788 393.136 470.652 313.095
internal_count=213466 22521 20307 19453 10250 9203 1432 854 7771 7075 6403 3235 3168 2426
is_linear=0
shrinkage=0.03


Tree=137
num_leaves=15
num_cat=0
split_feature=190 228 230 165 238 98 226 226 248 120 226 230 120 248
split_gain=84.5464 93.2504 99.1591 76.2191 91.1091 94.0825 72.5163 104.921 136.328 150.909 122.932 117.112 113.143 111.037
threshold=90.500000000000014 93.500000000000014 62.500000000000007 6.5000000000000009 -0.29099270701408381 42.500000000000007 12.500000000000002 29.500000000000004 0.82323232293128978 14.500000000000002 54.500000000000007 57.500000000000007 90.500000000000014 0.87373736500740062
decision_type=10 10 8 8 10 10 8 8 2 8 10 8 10 2
left_child=1 3 -3 -1 -5 6 -6 11 12 -10 13 -8 -9 -11
right_child=-2 2 -4 4 5 -7 7 8 9 10 -12 -13 -14 -15
leaf_value=-0.0051982155926268547 0.005547094527372216 -0.03069581112986252 -0.0051811430865862243 0.012113189161261737 0.0020837734325102851 0.0026611560857256744 -0.0062822716230042713 -0.0020008145276179932 -0.021001104383322831 0.013714612743042904 0.024781931454573764 0.016852456145046223 0.0057146393540713275 -0.010555779252279658
leaf_weight=2517.6337693110108 2281.8058512061834 152.47758065164089 920.97080337256193 556.94021874666214 6265.3272714838386 9204.8719964921474 4892.3177835419774 16252.02739918232 126.6068255007267 437.17699946463108 435.82775186002254 195.75580315291882 1901.9830340594053 264.2607651501894
leaf_count=11269 11032 651 4268 4704 30630 42807 21316 70755 524 2066 2105 884 9114 1142
internal_value=-7.09879e-05 -0.000362708 -0.00905523 -0.000143912 0.000171231 1.86981e-06 -0.000794231 -0.00153059 -0.000524689 0.00896275 0.0124525 -0.00536089 -0.00118977 0.0045511
internal_weight=46406 44124.2 1073.45 43050.7 40533.1 39976.2 30771.3 24506 19417.9 1263.87 1137.27 5088.07 18154 701.438
internal_count=213267 202235 4919 197316 186047 181343 138536 107906 85706 5837 5313 22200 79869 3208
is_linear=0
shrinkage=0.03


Tree=138
num_leaves=15
num_cat=0
split_feature=190 215 164 77 252 171 96 238 144 68 59 140 28 105
split_gain=72.6319 76.9492 66.3604 73.1002 63.039 56.9795 67.9366 56.0663 64.6612 56.6996 53.74 94.392 81.7594 61.5324
threshold=91.500000000000014 72.500000000000014 48.500000000000007 1.5000000000000002 0.27085293829441076 20.500000000000004 13.500000000000002 -0.098977822810411439 45.500000000000007 19.500000000000004 12.500000000000002 87.500000000000014 9.5000000000000018 32.500000000000007
decision_type=10 10 10 8 2 10 10 10 8 10 8 8 8 8
left_child=1 2 3 -1 10 -3 -7 -5 -9 -10 11 -4 -12 -14
right_child=-2 5 4 7 -6 6 -8 8 9 -11 12 -13 13 -15
leaf_value=-0.012581084048166919 0.0054047425944929138 -0.0091064252772629535 0.0057460248845165283 0.00062885284151610165 0.014257596692041193 0.0066927268820945246 -0.0045556909414782906 -0.0062470305808738566 -0.0075979486252991738 0.00040420706848620045 -0.0052983265157398717 -0.013257664890128026 0.0039210535565268774 -0.00022939906874174722
leaf_weight=482.28385981917381 2080.6976521536708 1421.8069973364472 3298.1687370538712 10386.419778142124 320.8585406690836 648.78553264588118 1806.2323339954019 2940.4849122911692 932.61530980467796 5149.9667741879821 2023.1364446356893 243.86319202184677 4756.564968533814 9871.9069536104798
leaf_count=2295 10090 6124 17375 50017 1990 2806 7842 12554 4124 22172 9542 1241 21208 43677
internal_value=-5.94404e-05 -0.000317344 7.04569e-05 -0.0011639 0.00126733 -0.00434899 -0.00156799 -0.000873875 -0.00260244 -0.000833185 0.00105397 0.00440401 0.000339153 0.00112191
internal_weight=46363.8 44283.1 40406.3 19891.8 20514.5 3876.82 2455.02 19409.5 9023.07 6082.58 20193.6 3542.03 16651.6 14628.5
internal_count=213057 202967 186195 91162 95033 16772 10648 88867 38850 26296 93043 18616 74427 64885
is_linear=0
shrinkage=0.03


Tree=139
num_leaves=15
num_cat=0
split_feature=70 144 228 239 245 194 244 233 171 140 10 194 10 228
split_gain=83.6031 123.048 135.859 96.5906 80.1783 77.6766 75.7242 65.8146 89.9479 69.4664 120.321 68.4942 61.1514 63.26
threshold=9.5000000000000018 86.500000000000014 18.500000000000004 -0.041749572381377213 -0.093083631247282014 29.500000000000004 0.01106082880869508 68.500000000000014 25.500000000000004 92.500000000000014 32.500000000000007 32.500000000000007 47.500000000000007 5.5000000000000009
decision_type=8 10 10 10 2 10 2 10 8 8 10 10 10 10
left_child=1 6 4 -2 5 -3 -1 8 -5 11 -11 -9 13 -8
right_child=3 2 -4 7 -6 -7 12 9 -10 10 -12 -13 -14 -15
leaf_value=0.0011511269422158415 0.004268142056010088 0.0046394256168457446 0.0099025902372950475 -0.0045354689917050939 -0.017023259600210804 -0.014555584003489866 0.0017468016582576869 0.0038955072565017169 -0.0005894771703885515 -0.023035818322568742 0.0036731288157922969 -0.00099821766162187364 0.0024652309103174778 0.013266841874052993
leaf_weight=3159.2382320389152 3409.1802764497697 503.28281323611736 457.27205237001181 7840.0967096462846 595.19874904304743 291.42826417833567 572.03256765753031 5213.2369714789093 15405.586279936135 277.64588609337807 316.45461934804916 5068.6777487397194 1386.8011463880539 1746.8228404000401
leaf_count=14084 17737 3074 2104 34831 2615 1636 3219 23613 69817 1347 1501 22594 6328 8160
internal_value=7.53998e-05 0.00272119 -0.00413604 -0.000539331 -0.00879241 -0.00249298 0.00456964 -0.00102077 -0.00192172 0.000904875 -0.00898368 0.00148442 0.00747314 0.0104447
internal_weight=46243 8712.08 1847.18 37530.9 1389.91 794.711 6864.89 34121.7 23245.7 10876 594.101 10281.9 3705.66 2318.86
internal_count=212660 41220 9429 171440 7325 4710 31791 153703 104648 49055 2848 46207 17707 11379
is_linear=0
shrinkage=0.03


Tree=140
num_leaves=15
num_cat=0
split_feature=190 70 228 248 189 119 244 230 38 76 103 228 104 54
split_gain=72.7554 81.3078 84.3238 86.6628 83.4096 98.3931 80.0871 74.3377 93.7922 68.466 68.3468 67.9535 65.5016 64.5863
threshold=91.500000000000014 9.5000000000000018 5.5000000000000009 0.90404042601585399 46.500000000000007 97.500000000000014 0.0018125285278074446 3.5000000000000004 8.5000000000000018 72.500000000000014 1.5000000000000002 93.500000000000014 81.500000000000014 93.500000000000014
decision_type=10 8 10 2 8 10 2 8 10 10 8 10 10 10
left_child=1 2 3 10 5 7 -4 13 -9 11 -1 -6 -7 -3
right_child=-2 4 6 -5 9 12 -8 8 -10 -11 -12 -13 -14 -15
leaf_value=0.0073915727157160046 0.0054986621663377384 0.0062989263605847494 -0.016956377376510307 0.018281451764148887 -0.00027544814889874595 0.0066748745225404084 0.0048360168151941763 -0.010300467284121923 -0.0028827988361754338 0.0032455570799216488 -0.0061048036666844557 -0.011866498720375856 -0.016414310430209772 -0.010860964501757478
leaf_weight=400.14195806160569 2080.2389205172658 1158.1694859415293 146.14336387813091 162.46723564714193 13261.349396251142 1386.0120412260294 5953.7557105645537 1759.3204861953855 11688.577086187899 5657.8518374413252 1926.893563427031 461.4108946621418 110.61444505304098 228.11486000567675
leaf_count=2328 10140 5526 626 1158 60327 7461 26850 7794 50062 27652 9763 2019 555 1068
internal_value=2.91794e-05 -0.000228835 0.0023901 -0.00225637 -0.000859239 -0.00243801 0.00428701 -0.00317818 -0.00386015 0.00047166 -0.00376236 -0.00067354 0.00487075 0.00341768
internal_weight=46381.1 44300.8 8589.4 2489.5 35711.4 16330.8 6099.9 14834.2 13447.9 19380.6 2327.04 13722.8 1496.63 1386.28
internal_count=213329 203189 40725 13249 162464 72466 27476 64450 57856 89998 12091 62346 8016 6594
is_linear=0
shrinkage=0.03


Tree=141
num_leaves=15
num_cat=0
split_feature=57 242 31 244 226 70 244 78 249 246 249 224 22 244
split_gain=75.3225 85.6162 82.8485 115.773 80.2713 109.889 72.1579 66.0666 106.222 79.9274 91.9615 90.1903 101.038 84.7466
threshold=60.500000000000007 0.02814221661537886 66.500000000000014 0.057330913841724403 43.500000000000007 16.500000000000004 0.082878816872835173 8.5000000000000018 0.17676767706871035 0.037461487576365478 0.13636363297700885 16.500000000000004 35.500000000000007 0.021095901727676395
decision_type=8 8 8 2 10 10 2 8 2 2 2 8 8 2
left_child=7 2 4 -4 6 -6 -2 8 -1 13 -11 -12 -13 -9
right_child=1 -3 3 -5 5 -7 -8 9 -10 10 11 12 -14 -15
leaf_value=0.0030512664495713233 -0.00066331015950739597 0.0044245785336608405 -0.0060056047772114284 0.010947755289620147 0.011374363666114374 0.0013962408540734532 -0.029528057044794484 -0.000932858331628057 -0.014486012525625307 0.028537809127156085 -0.0046117752686680637 0.0091617509391654205 0.00042379974811602696 -0.0070493946925143224
leaf_weight=506.93069905042648 5201.7517088912427 5970.5116819404066 2970.3686827719212 403.43217056244612 1380.1168200001121 3492.4029931053519 69.143770262598991 16345.469861380756 781.52356222271919 106.32324585318565 1585.9202935025096 1842.9430941790342 3336.6806562691927 2320.0139846801758
leaf_count=2300 23869 31526 13152 2272 5851 15548 374 71304 3892 501 7743 8669 15589 10396
internal_value=1.68222e-05 0.00143588 0.000113487 -0.00395199 0.00146827 0.00424 -0.00109716 -0.00101421 -0.00761577 -0.000678286 0.00208579 0.00162858 0.00354448 -0.00169648
internal_weight=46313.5 19487.7 13517.2 3373.8 10143.4 4872.52 5270.9 26825.8 1288.45 25537.4 6871.87 6765.54 5179.62 18665.5
internal_count=212986 92592 61066 15424 45642 21399 24243 120394 6192 114202 32502 32001 24258 81700
is_linear=0
shrinkage=0.03


Tree=142
num_leaves=15
num_cat=0
split_feature=242 226 231 248 228 231 226 231 226 7 248 243 106 246
split_gain=75.7362 79.6056 128.621 141.182 135.999 116.658 161.444 157.201 459.235 162.439 157.992 149.755 141.845 139.125
threshold=0.04419387876987458 81.500000000000014 24.500000000000004 0.82323232293128978 48.500000000000007 92.500000000000014 12.500000000000002 69.500000000000014 44.500000000000007 20.500000000000004 0.58080807328224193 -0.054124308750033372 17.500000000000004 0.085382297635078444
decision_type=8 10 10 2 10 8 8 10 10 8 2 2 10 2
left_child=1 5 4 -4 -3 6 -1 12 9 11 -10 -9 -8 -13
right_child=-2 2 3 -5 -6 -7 7 8 10 -11 -12 13 -14 -15
leaf_value=0.0038405016049675245 0.0044720386298119459 0.021114790754871122 -0.00040245573681679808 0.024898591178267641 0.0027866938115702847 -0.0054450073981327689 -0.0052562024853474304 0.01148442600312085 0.0067142023422153045 0.0014460367729477292 0.022835926276170291 -0.021689784740095142 -0.00014491145946370071 0.011136323415621409
leaf_weight=6782.8025251738727 3179.6943600066006 610.80995263159275 5565.5687257498503 195.82356110960245 890.82531115412712 4439.4235958494246 9409.2395826280117 182.22235874086618 1361.3101782873273 1607.1150317937136 919.08125344663858 894.44062748551369 10155.47227114439 127.06578934192657
leaf_count=32778 17693 2671 25545 1206 3989 22663 40358 978 5899 7169 4193 3878 43371 674
internal_value=1.12425e-05 -0.000318498 0.00254356 0.000499151 0.0103323 -0.000898428 -0.000254885 -0.00138262 0.0033088 -0.00480166 0.0132832 -0.0130862 -0.00260451 -0.0175381
internal_weight=46320.9 43141.2 7263.03 5761.39 1501.64 35878.2 31438.7 24655.9 5091.24 2810.84 2280.39 1203.73 19564.7 1021.51
internal_count=213065 195372 33411 26751 6660 161961 139298 106520 22791 12699 10092 5530 83729 4552
is_linear=0
shrinkage=0.03


Tree=143
num_leaves=15
num_cat=0
split_feature=245 77 238 226 248 226 246 246 248 31 246 222 246 226
split_gain=79.975 88.006 81.2745 73.0634 151.326 119.847 91.3657 117.984 96.499 112.635 109.793 80.2827 93.843 80.7713
threshold=-0.20662932842969892 1.5000000000000002 -0.096490755677223192 43.500000000000007 0.83333334326744091 8.5000000000000018 0.095399692654609694 0.28148111701011663 0.69191917777061474 55.500000000000007 0.0055763570126146087 3.5000000000000004 0.017577948048710827 22.500000000000004
decision_type=2 8 10 10 2 8 2 2 2 10 2 8 2 10
left_child=-1 -2 3 5 -5 -3 8 -8 11 10 -10 12 -7 -14
right_child=1 2 -4 4 -6 6 7 -9 9 -11 -12 -13 13 -15
leaf_value=0.017923294577118602 -0.0070822159153424817 0.0035869072055492064 -0.0011922242466367676 0.0025015762072931576 0.019337689780360903 -0.042831697826303437 0.01254729704788541 -0.025937721811840786 -0.020793019775520716 -0.018304376731957259 -0.0011036834637705242 8.2591672582385357e-05 -0.019915001622760824 0.016476282049900735
leaf_weight=213.64167553558946 1542.2448015287519 5285.3323431834579 20685.01285571605 9166.8258659094572 497.47477233409882 74.240014269948006 622.62165525555611 71.437743626534939 290.31478783488274 663.57209555804729 1694.0184521377087 5329.7665281072259 122.10267638415098 84.436967901885509
leaf_count=2553 7255 27803 89209 41811 2563 320 3552 376 1230 2869 7693 25026 559 395
internal_value=2.66367e-05 -6.01158e-05 0.000184308 0.00137557 0.00338732 8.61919e-06 -0.00210556 0.00827399 -0.00298683 -0.00769571 -0.00407412 -0.000754727 -0.016105 -0.00496378
internal_weight=46343 46129.4 44587.2 23902.1 9664.3 14237.8 8952.51 694.059 8258.45 2647.91 1984.33 5610.55 280.78 206.54
internal_count=213214 210661 203406 114197 44374 69823 42020 3928 38092 11792 8923 26300 1274 954
is_linear=0
shrinkage=0.03


Tree=144
num_leaves=15
num_cat=0
split_feature=190 226 231 243 147 229 224 243 242 226 231 226 231 244
split_gain=75.0413 68.5439 126.392 152.603 153.827 190.195 128.13 110.52 193.423 114.491 261.107 189.207 153.39 151.922
threshold=73.500000000000014 12.500000000000002 88.500000000000014 -0.089548621326684938 17.500000000000004 17.500000000000004 32.500000000000007 -0.087366931140422807 0.028252302668988708 40.500000000000007 66.500000000000014 49.500000000000007 34.500000000000007 0.0078844963572919386
decision_type=10 8 10 2 10 10 10 2 8 10 10 10 10 2
left_child=1 2 6 -4 -5 -6 -1 8 -3 -9 11 12 13 -11
right_child=-2 7 3 4 5 -7 -8 9 -10 10 -12 -13 -14 -15
leaf_value=0.0072028276932757217 0.0034186694463808061 -0.031653504771970223 0.01091757824210458 0.0089029544142924539 -0.011970367431947562 0.014696285352379308 -0.0025046949948279644 -0.0031442418623503637 0.0011305223857016808 0.025596600114245471 0.0061610719346709844 -0.003200920932889522 -0.0017951069518937547 0.004476605894053025
leaf_weight=4354.2948089726269 5338.37038282305 277.69969851523638 601.68183879181743 528.35749081522226 2066.3671074286103 263.7025411427021 1694.629988014698 11489.858097493649 369.09282344952226 514.51711635291576 5494.8957194834948 11333.232146769762 1179.976591154933 750.42413271963596
leaf_count=21581 24971 1272 4574 2707 10174 1239 7810 51438 2439 2135 25329 48921 5032 3193
internal_value=7.67981e-05 -0.00035992 0.00187039 -0.00269773 -0.00559174 -0.0089025 0.00448358 -0.00103551 -0.0132129 -0.000775267 0.000637924 -0.00156765 0.00598547 0.0132006
internal_weight=46257.1 40918.7 9509.03 3460.11 2858.43 2330.07 6048.92 31409.7 646.793 30762.9 19273 13778.1 2444.92 1264.94
internal_count=212815 187844 48085 18694 14120 11413 29391 139759 3711 136048 84610 59281 10360 5328
is_linear=0
shrinkage=0.03


Tree=145
num_leaves=15
num_cat=0
split_feature=193 76 189 242 237 233 246 228 10 62 242 169 231 244
split_gain=84.1981 115.04 97.4138 84.4172 83.3788 79.2925 62.3358 71.5025 94.5321 91.1666 62.676 61.1092 59.72 96.8636
threshold=72.500000000000014 80.500000000000014 39.500000000000007 0.020672498270869259 0.023465459235012535 43.500000000000007 0.012860209215432407 5.5000000000000009 3.5000000000000004 24.500000000000004 0.023932367563247684 8.5000000000000018 71.500000000000014 0.0019998842617496852
decision_type=8 10 10 8 2 10 2 10 10 8 8 10 10 2
left_child=1 6 -3 5 -5 -2 12 9 -9 11 -11 -8 13 -1
right_child=3 2 -4 4 -6 -7 7 8 -10 10 -12 -13 -14 -15
leaf_value=-0.011918802810130131 -0.0037078120982176519 -0.0017906317596008531 0.0055812481904338246 1.4817983767768676e-05 0.0050385894245384534 0.0025238779314431651 -0.00078434983337647237 0.0047141754746342591 -0.0031358087198383234 -0.0095689258641430356 0.0034478308040042632 -0.021760152358359125 0.0077226184298168918 0.0014684118572829566
leaf_weight=575.1636399179697 4106.3203390911222 2793.9314251504838 3795.2927419543266 4828.6761901304126 7728.3418068438768 3310.36224039644 163.09630207717419 1554.8535243794322 11776.939430013299 711.79050851613283 610.52374860644341 536.13871692121029 933.86899283900857 2874.228162035346
leaf_count=2424 17778 13478 19600 21419 38291 14471 894 7581 51721 3110 3323 2559 4306 12166
internal_value=0.000141987 -0.000972224 0.00245748 0.0016103 0.0031083 -0.000926706 -0.00211792 -0.00301834 -0.00221744 -0.00826322 -0.00357821 -0.0169476 0.00103566 -0.00079182
internal_weight=46299.5 26325.8 6589.22 19973.7 12557 7416.68 19736.6 15353.3 13331.8 2021.55 1322.31 699.235 4383.26 3449.39
internal_count=213121 121162 33078 91959 59710 32249 88084 69188 59302 9886 6433 3453 18896 14590
is_linear=0
shrinkage=0.03


Tree=146
num_leaves=15
num_cat=0
split_feature=231 224 134 244 244 222 244 224 120 222 244 231 47 84
split_gain=77.5495 143.612 172.835 172.417 173.654 148.614 192.426 135.186 131.733 118.558 117.249 110.604 103.2 101.901
threshold=91.500000000000014 16.500000000000004 38.500000000000007 0.033614542335271842 0.057330913841724403 3.5000000000000004 0.0054088553879410037 2.5000000000000004 98.500000000000014 86.500000000000014 0.0019998842617496852 75.500000000000014 52.500000000000007 45.500000000000007
decision_type=10 10 10 2 2 10 2 8 10 10 2 10 8 10
left_child=8 2 5 12 -5 6 -2 -6 10 -3 11 -1 13 -4
right_child=1 9 3 4 7 -7 -8 -9 -10 -11 -12 -13 -14 -15
leaf_value=-0.01055700399263366 0.032370797542337938 0.0048440909956535202 0.017040025666944486 -0.02221543683607553 0.0090097246088870157 -0.025935529542888188 -0.013152678344378716 -0.019374152658316591 0.006797920614166896 -0.010294638725896225 0.00036150842401872917 0.018185814602755423 -0.0086945376762206112 -0.015456421107935332
leaf_weight=1394.2665589824319 94.006708525121212 2315.6448921710253 633.27161417901516 549.24186826497316 480.88871445134282 654.86718645691872 417.53131546452641 208.12595523893833 2757.1771560423076 572.34081709384918 35678.176109932363 122.75094510614872 270.45408073812723 92.434752613306046
leaf_count=5919 540 11533 3338 2760 3303 3006 2119 1210 14676 2830 159370 557 1337 416
internal_value=-4.64503e-06 -0.00309849 -0.00726729 -0.00235579 -0.00979529 -0.016576 -0.00432644 0.000281491 0.000483003 0.00181873 1.31947e-05 -0.00812739 0.00689718 0.0127471
internal_weight=46241.2 6288.81 3400.82 2234.42 1238.26 1166.41 511.538 689.015 39952.4 2887.99 37195.2 1517.02 996.16 725.706
internal_count=212914 32392 18029 12364 7273 5665 2659 4513 180522 14363 165846 6476 5091 3754
is_linear=0
shrinkage=0.03


Tree=147
num_leaves=15
num_cat=0
split_feature=245 228 222 246 226 245 249 117 244 230 226 224 226 246
split_gain=90.2002 114.342 107.981 131.217 100.059 136.74 117.324 103.219 131.238 109.324 145.877 122.469 169.183 172.987
threshold=-0.075751405209302888 27.500000000000004 89.500000000000014 0.089064702391624465 6.5000000000000009 -0.079050879925489412 0.6414141356945039 82.500000000000014 0.0028928219107910995 76.500000000000014 81.500000000000014 16.500000000000004 22.500000000000004 0.046557653695344932
decision_type=2 10 10 2 10 2 2 10 2 10 10 10 10 2
left_child=1 4 -3 -4 5 -1 7 8 -6 10 11 -10 -13 -14
right_child=-2 2 3 -5 6 -7 -8 -9 9 -11 -12 12 13 -15
leaf_value=0.003399768656328443 -0.00080160172787577374 0.0094868612261942552 -0.037075065488335716 0.022538826510464065 -0.016440513937219906 0.026933679568200475 -0.011013089205377042 0.0053890790216985108 -0.0079424420391117512 -0.029860904778557299 0.028301184926913758 0.020327690630651863 -0.0043576067837097152 0.027489037543343163
leaf_weight=3051.4060752652586 33276.123045057058 2317.3608365654945 88.645110875368118 42.00078521668911 523.57104001939297 230.14275326579809 938.94328746572137 2281.36803265661 1317.852581359446 100.40678751468658 151.51968262344599 426.38142668455839 1374.7956046313047 162.65355260670185
leaf_count=18980 145255 12344 511 243 2265 1189 4816 11468 6025 449 675 2077 5997 823
internal_value=2.64306e-05 0.00214379 0.00797155 -0.0176702 0.000786415 0.00512707 -0.00117521 0.000297147 -0.00257228 -0.000476838 0.000466751 -0.000900476 0.00384142 -0.000832541
internal_weight=46283.2 13007 2448.01 130.646 10559 3281.55 7277.49 6338.55 4057.18 3533.61 3433.2 3281.68 1963.83 1537.45
internal_count=213117 67862 13098 754 54764 20169 34595 29779 18311 16046 15597 14922 8897 6820
is_linear=0
shrinkage=0.03


Tree=148
num_leaves=15
num_cat=0
split_feature=209 10 140 70 62 140 195 47 230 194 230 122 249 233
split_gain=72.4759 69.757 94.1063 90.1693 73.0362 112.221 70.909 66.9962 63.9291 59.6414 69.0113 58.9542 75.767 57.4066
threshold=52.500000000000007 2.5000000000000004 17.500000000000004 11.500000000000002 1.0000000180025095e-35 89.500000000000014 37.500000000000007 inf 80.500000000000014 22.500000000000004 3.5000000000000004 52.500000000000007 0.83333334326744091 53.500000000000007
decision_type=10 8 10 8 10 10 10 8 10 10 8 10 2 10
left_child=1 11 6 -4 5 -5 9 -6 13 10 -3 -1 -13 -2
right_child=8 2 3 4 7 -7 -8 -9 -10 -11 -12 12 -14 -15
leaf_value=0.0077309784023933828 -0.00730273921235834 0.0070810660743345208 0.0058555621679537793 -0.0026592783421387003 0.00054174060177525254 -0.031381447377668355 0.0014489888154254639 0.012265526409446328 0.003981780414170067 -0.0073024365509552517 -0.0032698663920150157 -0.0018840874373133045 0.016925738054568536 -0.00092994610417562122
leaf_weight=2128.2587628141046 2686.189079452306 671.71007039025426 3189.2976650297642 570.99888002499938 21206.363322205842 146.63118261098862 3279.836592823267 437.99819275736809 997.27550391107798 2785.4306516163051 3876.4959602616727 1599.6779985763133 208.95167545229197 2414.9727459400892
leaf_count=10329 11570 3405 15036 2770 95626 628 15109 2471 4687 12292 18069 8780 1520 10529
internal_value=0.000108299 0.000571864 0.00015852 0.00114478 0.000470604 -0.00887862 -0.00221468 0.000784539 -0.00293592 -0.00385293 -0.00172899 0.00435887 0.000370138 -0.00429348
internal_weight=46200.1 40101.7 36164.8 25551.3 22362 717.63 10613.5 21644.4 6098.44 7333.64 4548.21 3936.89 1808.63 5101.16
internal_count=212821 186035 165406 116531 101495 3398 48875 98097 26786 33766 21474 20629 10300 22099
is_linear=0
shrinkage=0.03


Tree=149
num_leaves=15
num_cat=0
split_feature=231 226 231 231 148 80 248 246 248 231 248 106 231 222
split_gain=66.5714 169.892 161.495 143.583 183.107 157.748 139.34 143.222 119.488 112.005 275.748 215.106 143.17 146.095
threshold=91.500000000000014 4.5000000000000009 21.500000000000004 77.500000000000014 19.500000000000004 8.5000000000000018 0.48989899456501013 0.0035047894343733792 0.71212121844291698 75.500000000000014 0.59090909361839306 80.500000000000014 26.500000000000004 42.500000000000007
decision_type=10 8 10 10 10 10 2 2 2 10 2 8 10 10
left_child=1 2 8 6 5 -5 -4 -8 -1 12 -11 -12 -3 -14
right_child=-2 9 3 4 -6 -7 7 -9 -10 10 11 -13 13 -15
leaf_value=-0.00088886229102889264 -0.0027842902260372744 0.00186015652050368 0.0014279616870469631 0.0049039535182802182 0.010557736133128473 -0.031543698532573716 -0.019711017118015442 0.021778091459935332 -0.036728396782388248 -0.0013604916692838583 0.014691315119178209 -0.026493539395969008 -0.0041848313514505041 0.00134233565189803
leaf_weight=330.44111747294664 6308.7474223338068 11628.975695934147 539.76813109219074 194.79900676384568 642.58542966842651 220.61483973264694 71.933785945177078 1287.0949948579073 102.37044004350901 3464.258355140686 1992.567460693419 112.04577465355396 12943.988903395832 6439.6104615330696
leaf_count=1483 32513 51615 2489 1273 3531 991 320 6687 468 15863 9846 575 57154 28462
internal_value=7.71836e-05 0.000529402 0.00694439 0.0094506 0.000580248 -0.0147389 0.0143642 0.0194541 -0.0100038 -6.67417e-05 0.0038467 0.0123838 -0.000770484 -0.00234885
internal_weight=46279.8 39971.1 3389.61 2956.8 1058 415.414 1898.8 1359.03 432.812 36581.4 5568.87 2104.61 31012.6 19383.6
internal_count=213270 180757 17242 15291 5795 2264 9496 7007 1951 163515 26284 10421 137231 85616
is_linear=0
shrinkage=0.03


Tree=150
num_leaves=15
num_cat=0
split_feature=66 230 249 245 10 231 230 245 71 224 144 231 222 140
split_gain=73.0301 88.5492 113.132 145.766 120.355 106.527 182.494 131.591 131.433 129.093 122.136 117.696 113.974 98.6546
threshold=15.500000000000002 71.500000000000014 0.015151515137404205 -0.046979540959000581 79.500000000000014 88.500000000000014 18.500000000000004 -0.10320196673274039 28.500000000000004 22.500000000000004 7.5000000000000009 4.5000000000000009 93.500000000000014 31.500000000000004
decision_type=8 8 2 2 10 10 10 2 10 10 10 10 10 10
left_child=-1 5 4 -4 -3 8 10 -8 11 -9 -7 -2 -11 -10
right_child=1 2 3 -5 -6 6 7 9 13 12 -12 -13 -14 -15
leaf_value=-0.0025689978179602906 -0.013929153797543059 0.0041073856640426176 0.0077596043415641735 0.00015500374146142844 -0.023884967967113729 -0.02380191999431246 0.018633547917716115 -0.025466458030570939 -0.0050199640747038568 -0.0011697304641283353 0.00049074328192282534 0.0040593225786304411 -0.031931722811789617 0.00045756368547255152
leaf_weight=8011.733488034457 330.21722255647182 267.02076756954193 4420.7175058312714 4649.5218001753092 271.15309371054173 185.90687685459852 100.75715646147728 627.56616866588593 4243.2157973870635 595.86299115419388 3778.8819706216455 8904.8531055450439 122.73052982985973 9722.8824861980975
leaf_count=34478 1388 1145 22946 20884 1145 817 580 2622 18207 2651 20555 41245 521 43864
internal_value=3.34307e-05 0.000579467 0.00306967 0.00386585 -0.0101747 -0.000257542 -0.00404363 -0.0131234 0.000626929 -0.0156203 -0.000705343 0.00340174 -0.00678981 -0.00120903
internal_weight=46233 38221.3 9608.41 9070.24 538.174 28612.9 5411.71 1446.92 23201.2 1346.16 3964.79 9235.07 718.594 13966.1
internal_count=213048 178570 46120 43830 2290 132450 27746 6374 104704 5794 21372 42633 3172 62071
is_linear=0
shrinkage=0.03


Tree=151
num_leaves=15
num_cat=0
split_feature=245 237 119 231 229 222 231 245 245 249 244 144 243 231
split_gain=85.4475 84.2233 80.687 109.842 118.026 149.306 122.745 136.383 206.659 133.667 167.194 131.699 128.689 111.968
threshold=-0.04295437037944793 0.080272395163774504 58.500000000000007 91.500000000000014 26.500000000000004 62.500000000000007 97.500000000000014 -0.052613724023103707 -0.08741848915815352 0.83333334326744091 0.035618251189589507 50.500000000000007 -0.018707333132624623 99.500000000000014
decision_type=2 2 8 10 10 10 10 2 2 2 2 8 2 10
left_child=2 -2 -1 -4 6 -6 7 8 11 10 13 -5 -10 -8
right_child=1 -3 3 4 5 -7 9 -9 12 -11 -12 -13 -14 -15
leaf_value=-0.00090129845554737307 -0.0033047814904131425 0.0030684438384064629 0.003371097825242737 0.01910369805026577 0.017534663194530169 -0.0056332460998912625 0.018213870810028079 0.016508683051112076 -0.024958397035174964 0.025163604051029548 -0.01324860479655981 -0.0078302293823946344 0.017771107721496048 -0.0027690291909115011
leaf_weight=14902.550539262593 10286.78004977107 2270.9879935532808 14137.209495350718 202.3788925409317 549.00290274620056 446.546870239079 407.40701013803482 157.86446431279182 844.46067883074284 180.39949201792479 629.3400692678988 699.03757276386023 61.561665520071983 501.75688593089581
leaf_count=64360 43840 10766 69150 1145 3057 2399 2237 718 3651 1355 3664 3959 288 2733
internal_value=-3.93173e-05 -0.0021507 0.000747406 0.00205292 -0.00192789 0.00719018 -0.00440458 -0.00950625 -0.0118568 0.00144965 -0.00147551 -0.00163998 -0.0218927 0.00672952
internal_weight=46277.3 12557.8 33719.5 18817 4679.76 995.55 3684.21 1965.3 1807.44 1718.9 1538.5 901.416 906.022 909.164
internal_count=213322 54606 158716 94356 25206 5456 19750 9761 9043 9989 8634 5104 3939 4970
is_linear=0
shrinkage=0.03


Tree=152
num_leaves=15
num_cat=0
split_feature=245 242 193 76 230 243 249 228 228 248 245 228 243 193
split_gain=82.4359 77.0835 61.494 137.295 93.4937 103.633 144.011 129.042 102.628 134.573 98.1875 90.7603 83.8189 80.3611
threshold=-0.20662932842969892 0.010334474965929987 72.500000000000014 81.500000000000014 69.500000000000014 -0.021186019293963906 0.065656565129756941 58.500000000000007 19.500000000000004 0.71212121844291698 -0.061952836811542504 22.500000000000004 -0.074449229985475526 97.500000000000014
decision_type=2 8 8 10 10 2 2 10 10 2 2 10 2 10
left_child=-1 -2 3 -3 8 6 7 -6 9 10 12 -8 -4 -10
right_child=1 2 4 -5 5 -7 11 -9 13 -11 -12 -13 -14 -15
leaf_value=0.018351858650879117 -0.013504106399199182 -0.0022241697620230374 -0.0038629168463908217 0.0029156257129775561 -0.0060562591530479003 0.00056781774411176708 0.028586237483988097 0.018111891242745308 -0.0015870207456368756 -0.0029910787094643422 0.0014635918550915652 0.010347706224778788 0.013464103456071538 -0.011614835641242219
leaf_weight=207.37804509699345 376.69049368798733 19829.799129799008 292.971146479249 6111.0116361230612 841.94925563037395 3321.1622726991773 286.85195744037628 249.36993958801031 5984.3736583665013 2521.0449232980609 2186.6867491900921 1606.9806861877441 1605.338030487299 808.31181410700083
leaf_count=2546 1615 88357 1782 30155 3635 14992 1424 1143 26191 11846 9818 8185 7804 3617
internal_value=-7.91563e-05 -0.000166175 -5.31709e-05 -0.0010127 0.00120989 0.00421883 0.00826535 -0.000419447 -0.000208411 0.0024521 0.00581045 0.0132459 0.0107837 -0.00279562
internal_weight=46229.9 46022.5 45645.9 25940.8 19705 6306.31 2985.15 1091.32 13398.7 6606.04 4085 1893.83 1898.31 6792.69
internal_count=213110 210564 208949 118512 90437 29379 14387 4778 61058 31250 19404 9609 9586 29808
is_linear=0
shrinkage=0.03


Tree=153
num_leaves=15
num_cat=0
split_feature=209 193 229 243 230 120 122 120 228 249 230 164 249 243
split_gain=64.169 63.9899 87.78 121.11 135.242 100.635 98.2789 77.2291 67.7988 85.5786 112.363 96.5291 86.6354 68.6468
threshold=50.500000000000007 73.500000000000014 66.500000000000014 -0.032424777746200555 97.500000000000014 76.500000000000014 41.500000000000007 46.500000000000007 37.500000000000007 0.83333334326744091 1.5000000000000002 48.500000000000007 0.89393940567970287 -0.044786723330616944
decision_type=10 8 8 2 8 10 8 10 10 2 8 10 2 2
left_child=1 2 6 4 5 7 -1 -4 9 11 -11 -8 -12 -10
right_child=-2 -3 3 -5 -6 -7 8 -9 13 10 12 -13 -14 -15
leaf_value=0.0031950128772066742 -0.0028022331029145644 0.0018795643289263894 -0.013538931734765641 -0.0015701053832726469 0.010226524984895844 0.007939660572484299 -0.0064206042013837342 -0.033518817683734131 0.019406135824423323 0.028362291005455759 0.013071108084527676 -0.00026794866579739324 -0.022372527224942568 0.0016309096685890592
leaf_weight=6845.1028983853757 6239.6388193257153 16741.847184546292 438.81941150128841 3265.3581545650959 175.47655730694532 110.40544824302197 4124.6381541751325 308.24445793032646 205.55519742518663 174.71317799761891 128.84144891053438 5159.9373116716743 102.45541332662106 2135.407421797514
leaf_count=31175 27411 77791 1921 14453 926 584 19151 1386 1022 1295 734 25106 450 9397
internal_value=2.44648e-05 0.000466914 -0.00055397 -0.00441789 -0.013319 -0.0181998 0.000327736 -0.0221166 -0.00130484 -0.00241164 0.0109079 -0.00300521 -0.00290555 0.00326762
internal_weight=46156.4 39916.8 23175 4298.3 1032.95 857.469 18876.7 747.064 12031.5 9690.59 406.01 9284.58 231.297 2340.96
internal_count=212802 185391 107600 19270 4817 3891 88330 3307 57155 46736 2479 44257 1184 10419
is_linear=0
shrinkage=0.03


Tree=154
num_leaves=15
num_cat=0
split_feature=57 231 249 69 70 140 228 224 249 66 102 233 63 228
split_gain=65.2389 87.6895 108.118 107.472 79.1939 89.9787 71.5813 70.1871 66.2955 69.026 66.1419 73.8011 60.7544 65.0887
threshold=70.500000000000014 88.500000000000014 0.04545454494655133 40.500000000000007 11.500000000000002 15.500000000000002 1.0000000180025095e-35 22.500000000000004 0.90404042601585399 94.500000000000014 8.5000000000000018 53.500000000000007 76.500000000000014 93.500000000000014
decision_type=10 10 2 10 8 8 10 10 2 8 10 10 10 10
left_child=12 4 3 6 5 -2 -3 -8 9 -4 11 -6 13 -1
right_child=1 2 8 -5 10 -7 7 -9 -10 -11 -12 -13 -14 -15
leaf_value=-0.0012333452312701871 0.0024009446253500134 0.011288239756922407 -0.0049262603965946634 0.015659518605528333 -0.010066919105012314 0.011432880654731354 -0.033024966513224834 -0.0014116390343013804 0.021697242119056145 0.0070968917247840983 0.0024483368701052693 0.0029356211030926106 0.0015501251616867118 -0.011416483363480169
leaf_weight=23206.168925046921 2370.5171907357872 46.60623724013567 1510.2053162120283 75.036859098821878 892.65808795019984 1706.670219425112 283.6338092982769 81.714988008141518 106.67892667651176 589.43514777347445 6092.3153536580503 689.2427886351943 7922.392726868391 569.22847355157137
leaf_count=104408 11078 284 7864 392 3951 8215 1299 367 704 3513 28096 3163 36937 2583
internal_value=3.76759e-05 0.00170802 -0.00316622 -0.0158073 0.00282689 0.00620035 -0.0217742 -0.0261802 -0.000317278 -0.00153334 0.00102889 -0.00441879 -0.0007238 -0.00148185
internal_weight=46142.5 14444.7 2693.31 486.992 11751.4 4077.19 411.955 365.349 2206.32 2099.64 7674.22 1581.9 31697.8 23775.4
internal_count=212854 68926 14423 2342 54503 19293 1950 1666 12081 11377 35210 7114 143928 106991
is_linear=0
shrinkage=0.03


Tree=155
num_leaves=15
num_cat=0
split_feature=242 65 231 228 222 229 244 244 249 226 222 226 222 228
split_gain=59.3429 63.6666 65.6027 251.901 129.882 114.668 152.682 114.866 162.554 133.931 168.375 203.903 114.431 116.896
threshold=0.010334474965929987 99.500000000000014 92.500000000000014 10.500000000000002 79.500000000000014 5.5000000000000009 0.0019998842617496852 0.0087019242346286791 0.62121212482452404 31.500000000000004 4.5000000000000009 2.5000000000000004 17.500000000000004 12.500000000000002
decision_type=8 10 10 8 10 8 2 2 2 8 10 10 10 10
left_child=-1 2 5 -4 -5 7 -7 -2 9 10 -9 -12 -13 -14
right_child=1 -3 3 4 -6 6 -8 8 -10 -11 11 12 13 -15
leaf_value=-0.011538554713103968 0.01125606186254159 0.0059206465657470437 -0.009834233552970157 0.0081008385973200016 -0.0066793628934354657 -0.010085527433653476 0.00011703743400449399 -0.013805352371946229 0.019377517849676593 0.020734148252388535 0.017830215312553892 0.0032822679511879688 -0.032402746855367884 0.015066061760109183
leaf_weight=389.45051571726799 1599.8799844868481 1607.4620786048472 2606.4730893447995 1707.4173399731517 768.45204004645348 1364.3530169054866 33445.132926143706 917.84461400657892 362.56454348936677 200.8735770508647 486.76548125594854 350.40449126809835 208.4809230491519 52.957318872213364
leaf_count=1670 7859 8675 13686 8616 3773 5824 149083 4641 2114 1040 2530 1765 985 255
internal_value=-2.56827e-05 7.49777e-05 -0.000139531 -0.00334189 0.00350499 0.000278654 -0.000285632 0.00496754 0.00103941 -0.00203267 -0.00439177 0.00352651 -0.00795687 -0.0225866
internal_weight=46068.5 45679.1 44071.6 5082.34 2475.87 38989.3 34809.5 4179.77 2579.89 2217.33 2016.45 1098.61 611.843 261.438
internal_count=212516 210846 202171 26075 12389 176096 154907 21189 13330 11216 10176 5535 3005 1240
is_linear=0
shrinkage=0.03


Tree=156
num_leaves=15
num_cat=0
split_feature=245 101 238 29 62 245 165 70 129 226 52 105 226 225
split_gain=65.4748 66.936 76.279 68.5111 94.8206 75.3759 64.5044 61.2952 62.3183 58.3314 70.7756 90.8005 60.99 58.0452
threshold=-0.20662932842969892 3.5000000000000004 -0.096968337893486009 12.500000000000002 20.500000000000004 -0.043717078864574425 5.5000000000000009 6.5000000000000009 41.500000000000007 8.5000000000000018 11.500000000000002 28.500000000000004 56.500000000000007 74.500000000000014
decision_type=2 8 10 8 8 2 8 8 10 8 8 8 8 10
left_child=-1 -2 6 13 5 -5 -3 -6 -9 -8 -11 12 -12 -4
right_child=1 2 3 4 7 -7 9 8 -10 10 11 -13 -14 -15
leaf_value=0.016512793063817893 -0.0033102251101711109 -0.0043354789047617154 -0.0036836049703364349 0.010902987360804122 0.0063523526027133475 -0.0017849920784969396 0.0053891240355458739 -0.002853162669696198 0.0012568835503141437 -0.0025156246702602836 0.0035158021676492701 0.00060888564508229952 0.011588632661966448 -0.017394335693271978
leaf_weight=207.52210425585508 4861.7610212862492 1478.9475960657001 2562.3280357047915 1148.3389418646693 961.46584417670965 658.42489071190357 3959.0913806408644 9573.300210557878 5073.1498051583767 3387.5015129745007 2543.4357605203986 8193.5418486222625 1260.0460566654801 303.35477094352245
leaf_count=2582 22550 6858 11062 5023 4060 2783 21001 40578 23000 15563 11629 39233 5852 1327
internal_value=9.24823e-05 1.47721e-05 0.000408771 -0.000900551 -0.000192054 0.00629483 0.00168382 -0.000946522 -0.00142966 0.00214604 0.00130849 0.00238948 0.00621361 -0.00519043
internal_weight=46172.2 45964.7 41102.9 20280.4 17414.7 1806.76 20822.6 15607.9 14646.5 19343.6 15384.5 11997 3803.48 2865.68
internal_count=213101 210519 187969 87833 75444 7806 100136 67638 63578 93278 72277 56714 17481 12389
is_linear=0
shrinkage=0.03


Tree=157
num_leaves=15
num_cat=0
split_feature=194 226 144 178 51 224 243 248 222 195 243 248 229 126
split_gain=65.1732 116.996 108.221 96.1576 91.9918 79.6957 82.8204 132.277 108.028 80.4968 73.4946 104.457 87.2492 80.0328
threshold=30.500000000000004 2.5000000000000004 6.5000000000000009 99.500000000000014 23.500000000000004 6.5000000000000009 -0.040438141673803323 0.76262626051902782 15.500000000000002 39.500000000000007 -0.039305856451392167 0.84343436360359203 10.500000000000002 69.500000000000014
decision_type=10 8 10 8 10 10 2 2 10 10 2 2 10 10
left_child=1 2 4 5 -1 6 7 -2 -9 -7 11 13 -12 -4
right_child=3 -3 10 -5 -6 9 -8 8 -10 -11 12 -13 -14 -15
leaf_value=0.010874593973463671 -0.019351704373438271 0.00048622978587873955 -0.0074267241629754665 0.010656514821626309 -0.03527455050777413 -0.0024672023805595461 0.00078699879950472633 0.0035493095157391884 -0.040324594613570595 0.0013948193100188694 0.020335409569548185 0.022286243895797871 -0.0098536055434836935 0.0079279312632351915
leaf_weight=59.225900955498219 776.62676664441824 21212.065714791417 517.71804874390364 603.58930577337742 85.508450761437416 11134.133999127895 806.31865112483501 538.5938080213964 45.632315158843994 8601.2989889569581 672.57696358114481 253.90772195160389 92.538491904735565 716.08741671219468
leaf_count=308 4114 97073 2572 3318 368 49505 3761 2955 221 38660 3272 1914 433 4404
internal_value=9.69112e-05 0.00119779 0.00746504 -0.00105796 -0.0169078 -0.0013855 -0.00683288 -0.0113205 -0.000498499 -0.000784162 0.00909869 0.00515363 0.0166041 0.00147704
internal_weight=46115.8 23609.6 2397.56 22506.2 144.734 21902.6 2167.17 1360.85 584.226 19735.4 2252.83 1487.71 765.115 1233.81
internal_count=212878 110344 13271 102534 676 99216 11051 7290 3176 88165 12595 8890 3705 6976
is_linear=0
shrinkage=0.03


Tree=158
num_leaves=15
num_cat=0
split_feature=243 230 229 249 243 248 229 229 222 249 229 244 165 232
split_gain=79.4036 69.6722 180.183 134.462 248.917 117.985 115.947 105.564 123.467 87.3576 95.096 86.008 85.4748 85.5576
threshold=-0.0085835503414273245 72.500000000000014 81.500000000000014 0.025252525694668296 -0.045085355639457696 0.49999998509883886 63.500000000000007 85.500000000000014 21.500000000000004 0.14646464586257937 66.500000000000014 0.0057823061943054208 7.5000000000000009 83.500000000000014
decision_type=2 8 10 2 2 2 10 10 10 2 8 2 10 10
left_child=1 2 12 4 -3 9 11 8 -8 10 -5 -6 -1 -14
right_child=-2 3 -4 5 6 -7 7 -9 -10 -11 -12 -13 13 -15
leaf_value=-0.0061550707845357717 -0.0042240472399829553 -0.035816233520072772 -0.01792608230980523 0.0086420898897999164 -0.026899493171630033 0.0094478033033184496 -0.0075228629850413098 -0.01491807063540382 0.023190516876565204 0.0049006922007147138 -0.0055520040294803679 0.0027700302178188915 -0.00057279240207347545 0.0031876135722213208
leaf_weight=1954.4255655035377 3834.1690336465836 207.41871581971645 507.84904116392136 528.88399966061115 195.54999168217182 2448.0978186577559 169.34370426088572 146.4268484711647 349.14402056485415 3158.6942340433598 2003.9613409340382 150.68697992712259 23427.840687457472 7083.5976314656436
leaf_count=8740 16910 909 2222 2310 818 13195 766 670 1488 15461 8617 651 106004 34274
internal_value=-9.57802e-05 0.000279043 -0.000369502 0.00256215 -0.00669496 0.00395453 -0.000429037 0.00688379 0.0132067 0.00157929 -0.0025658 -0.0142716 -8.94371e-05 0.000300989
internal_weight=46166.1 42331.9 32973.7 9358.21 1218.57 8139.64 1011.15 664.915 518.488 5691.54 2532.85 346.237 32465.9 30511.4
internal_count=213035 196125 151240 44885 5302 39583 4393 2924 2254 26388 10927 1469 149018 140278
is_linear=0
shrinkage=0.03


Tree=159
num_leaves=15
num_cat=0
split_feature=245 77 249 249 231 244 224 134 244 224 226 249 244 244
split_gain=71.2708 65.4777 66.0212 65.5057 80.9862 160.642 161.053 162.677 169.821 140.568 148.731 132.074 138.763 117.871
threshold=-0.20662932842969892 1.5000000000000002 0.91414141654968273 0.91414141654968273 91.500000000000014 0.0043800720013678083 16.500000000000004 33.500000000000007 0.035618251189589507 32.500000000000007 8.5000000000000018 0.065656565129756941 0.052097754552960403 0.057330913841724403
decision_type=2 8 2 2 10 2 10 10 2 8 10 2 2 2
left_child=-1 2 -2 4 9 -6 7 -7 -9 10 -3 -8 -13 -10
right_child=1 3 -4 -5 5 6 11 8 13 -11 -12 12 -14 -15
leaf_value=0.017045808045303739 -0.004265465055341461 0.0076440739404496257 -0.026188329457667407 0.013942553881709436 0.016441667332608587 -0.020294379614389849 -0.010774591309084596 0.0034897185313398503 -0.024271898216905036 -0.0010854845186916138 0.00094225655774164458 0.0094351987209720656 -0.0087244220360204513 -0.0030485711389620397
leaf_weight=207.65861397609115 1415.6502792462707 3948.2066944241524 126.33053772896528 293.37848027795553 337.65751673281193 864.36476095765829 652.34023045748472 1058.5176386088133 476.64110517501831 22295.116795279086 12077.585879385471 1444.744683586061 503.22071098536253 462.754149928689
leaf_count=2615 6674 20055 590 1799 1702 4004 2844 5178 2246 99732 53206 7491 2541 2554
internal_value=-8.05134e-05 -0.000161592 -0.00621872 5.00518e-05 -4.54632e-05 -0.00334597 -0.00459691 -0.00949379 -0.00474328 0.000454844 0.00259709 0.000809026 0.0047234 -0.0139593
internal_weight=46164.2 45956.5 1541.98 44414.5 44121.2 5800.24 5462.58 2862.28 1997.91 38320.9 16025.8 2600.31 1947.97 939.395
internal_count=213231 210616 7264 203352 201553 28560 26858 13982 9978 172993 73261 12876 10032 4800
is_linear=0
shrinkage=0.03


Tree=160
num_leaves=15
num_cat=0
split_feature=57 231 134 245 248 224 230 231 248 170 229 36 147 7
split_gain=69.829 82.0879 131.566 122.876 130.296 138.183 79.8065 85.789 77.1582 72.7499 82.1167 105.578 65.154 60.6831
threshold=70.500000000000014 86.500000000000014 43.500000000000007 -0.10678335279226302 0.53030303120613109 22.500000000000004 3.5000000000000004 42.500000000000007 0.68181815743446361 28.500000000000004 44.500000000000007 38.500000000000007 84.500000000000014 19.500000000000004
decision_type=8 10 10 2 2 10 8 10 2 10 10 10 8 10
left_child=-1 6 3 -3 -5 -6 7 8 13 10 -8 -12 -4 -2
right_child=1 2 12 4 5 -7 9 -9 -10 -11 11 -13 -14 -15
leaf_value=-0.00086579020021136145 -0.030893277896086809 0.011193060639332713 0.0046025266502143416 0.00031480281029563288 -0.029888179794166417 0.0068474108282266417 -0.0027593248526375314 0.01345605887980986 0.014059259872161283 0.00440331271042123 0.012217780907743904 -0.0041572130089013041 -0.010355226464846172 0.0030554095092987827
leaf_weight=31175.327614303678 100.81935456395149 180.5658403262496 1531.859954867512 315.28323908150196 501.94951821863651 108.36227984726429 4031.7305586822331 1068.8842768929899 112.36105229705572 5155.6373202353716 857.17520819604397 592.50772529840469 306.04103804752231 79.900733575224876
leaf_count=140652 456 1407 8779 1420 2188 528 18883 6023 542 23777 3783 2669 1538 370
internal_value=-5.76414e-05 0.00162783 -0.00285423 -0.0109799 -0.0153788 -0.0233605 0.002729 0.00954029 -0.00471354 0.00184874 -0.000557642 0.00554244 0.00206925 -0.0165105
internal_weight=46118.4 14943.1 2944.06 1106.16 925.595 610.312 11999 1361.97 293.081 10637.1 5481.41 1449.68 1837.9 180.72
internal_count=213015 72363 15860 5543 4136 2716 56503 7391 1368 49112 25335 6452 10317 826
is_linear=0
shrinkage=0.03


Tree=161
num_leaves=15
num_cat=0
split_feature=245 101 244 70 243 189 245 246 246 245 120 249 232 106
split_gain=76.1488 81.7234 84.1178 82.2417 82.0922 80.8866 68.2272 93.3619 104.956 90.8476 77.8789 71.7702 67.3341 111.958
threshold=-0.20662932842969892 3.5000000000000004 0.020083720795810226 11.500000000000002 -0.0085835503414273245 50.500000000000007 -0.093083631247282014 0.012860209215432407 0.036278482526540763 -0.11629812046885489 34.500000000000007 0.14646464586257937 87.500000000000014 89.500000000000014
decision_type=2 8 2 8 2 10 2 2 2 2 10 2 8 10
left_child=-1 2 6 -3 12 -6 7 -2 9 -9 11 -8 -5 -14
right_child=1 3 -4 4 5 -7 10 8 -10 -11 -12 -13 13 -15
leaf_value=0.017961168764366812 0.022379453630492863 0.0032629553530418944 -0.010050483133779382 -0.00039076020156686946 -0.010187017536299695 -0.00071000213836350864 -0.0071864493511055423 0.0054799666807351724 0.01225731154187812 -0.016909787859200595 -0.00043713147098158815 -0.029636949923682744 0.0045490433280992709 -0.016257057242077336
leaf_weight=201.28753301501274 203.31659480184317 7165.2164367474616 1365.628214456141 25858.33654191345 1404.9464824423194 1901.3445096462965 587.69781303405762 288.38767687231302 412.48784058541059 354.36399061232805 1484.5498843118548 157.94044679403305 4526.6393470466137 235.66500178724527
leaf_count=2555 1007 33424 6741 116888 6190 8409 2397 1600 2105 1647 6374 661 22056 1141
internal_value=-7.66498e-06 -9.0276e-05 -0.00376725 0.00034491 -0.000272148 -0.00475566 -0.00128605 0.00427755 0.000612446 -0.00693397 -0.00443083 -0.0122712 0.000213357 0.00348754
internal_weight=46147.8 45946.5 4854.37 41092.1 33926.9 3306.29 3488.74 1258.56 1055.24 642.752 2230.19 745.638 30620.6 4762.3
internal_count=213195 210640 22532 188108 154684 14599 15791 6359 5352 3247 9432 3058 140085 23197
is_linear=0
shrinkage=0.03


Tree=162
num_leaves=15
num_cat=0
split_feature=190 228 177 194 245 245 222 149 243 52 242 75 147 68
split_gain=69.4606 75.2752 90.5916 62.8947 92.3833 98.3757 109 76.4141 62.5928 60.461 58.7705 57.1089 52.3612 60.834
threshold=80.500000000000014 93.500000000000014 94.500000000000014 30.500000000000004 -0.091733351349830614 -0.086928300559520708 36.500000000000007 74.500000000000014 -0.020233710296452042 8.5000000000000018 0.021312186494469646 53.500000000000007 6.5000000000000009 19.500000000000004
decision_type=10 10 8 10 2 2 10 10 2 10 10 10 8 8
left_child=1 3 8 4 -1 6 7 -6 -3 -5 -2 -11 13 -7
right_child=10 2 -4 9 5 12 -8 -9 -10 11 -12 -13 -14 -15
leaf_value=0.0049480960263698281 -0.0015781837336820341 -0.025623732850668567 0.0049951125955276683 -0.0052333017610780921 -0.019829872220924798 -0.0095272933367426312 0.018848780305106443 0.00066398742729478918 -0.0070578424100563759 -0.0021943065117954125 0.0062565937569881895 0.0014965588386636863 0.00098516356398822315 0.0024439304194403479
leaf_weight=4099.4225194379687 1259.7167804166675 265.23453446477652 306.77822410315275 3180.0466326065361 533.58903756737709 942.47075509279966 96.558327592909336 233.42781987041235 430.2970539778471 9313.1092351824045 2693.7948231622577 6329.0019292123616 15751.37080078572 632.26132844388485
leaf_count=23742 5792 1193 1502 15494 2464 4131 509 1055 1870 41075 13063 28609 69574 2730
internal_value=-3.43607e-05 -0.000391608 -0.00847343 -0.000192557 0.000885567 -3.22243e-05 -0.0098551 -0.0136647 -0.0144006 -0.00146906 0.0037625 -0.000700932 0.000462774 -0.00473571
internal_weight=46067.1 42113.6 1002.31 41111.3 22289.1 18189.7 863.575 767.017 695.532 18822.2 3953.51 15642.1 17326.1 1574.73
internal_count=212803 193948 4565 189383 104205 80463 4028 3519 3063 85178 18855 69684 76435 6861
is_linear=0
shrinkage=0.03


Tree=163
num_leaves=15
num_cat=0
split_feature=149 238 140 231 231 224 60 229 34 224 231 231 248 244
split_gain=65.7013 71.912 71.1021 103.359 110.859 126.137 123.57 108.814 105.461 95.1051 117.478 87.9039 145.796 109.071
threshold=24.500000000000004 -0.2179165109992027 32.500000000000007 4.5000000000000009 89.500000000000014 7.5000000000000009 53.500000000000007 15.500000000000002 6.5000000000000009 3.5000000000000004 96.500000000000014 67.500000000000014 0.71212121844291698 0.0036051193019375209
decision_type=8 10 10 8 10 8 10 8 10 10 10 10 2 2
left_child=-1 -2 3 -3 6 9 11 -8 -9 10 -6 12 -5 -14
right_child=1 2 -4 4 5 -7 7 8 -10 -11 -12 -13 13 -15
leaf_value=-0.0020764779507863088 0.0066258062834184091 -0.012440937950211464 0.0015978438901897872 -0.0011024745901655666 0.0049182833613673534 -0.00033143615821097297 0.0083967171547137971 -0.013521656897669094 0.0022320883538603153 -0.028963267534481741 -0.022926790204479412 0.0041879826288563132 -0.027680440011203851 -0.0076595957907240348
leaf_weight=10496.275528602302 1699.9788043014705 688.00524174422026 18185.638348080218 4570.0262732282281 288.26373469084501 1016.6399520561099 2480.2488382719457 436.61037531495094 2651.8522471189499 309.82175321877003 244.01136028766632 1561.1218650862575 302.78953838348389 1196.3002490773797
leaf_count=47377 12328 2960 83074 20236 1443 4617 11800 1874 11459 1347 1253 6942 1267 5088
internal_value=8.4282e-06 0.00062301 0.000320403 -0.00115507 -0.000631486 -0.00747032 0.000336517 0.0037307 -3.14423e-05 -0.0159839 -0.00803415 -0.00214227 -0.00377477 -0.0118601
internal_weight=46127.6 35631.3 33931.3 15745.7 15057.7 1858.74 13198.9 5568.71 3088.46 842.097 532.275 7630.24 6069.12 1499.09
internal_count=213065 165688 153360 70286 67326 8660 58666 25133 13333 4043 2696 33533 26591 6355
is_linear=0
shrinkage=0.03


Tree=164
num_leaves=15
num_cat=0
split_feature=140 246 116 246 226 226 230 222 230 222 246 126 249 245
split_gain=69.4261 104.531 110.151 119.471 105.476 163.042 88.1128 129.449 127.488 107.348 164.655 93.6228 93.4784 135.397
threshold=27.500000000000004 0.036551475524902351 34.500000000000007 0.029709467664361004 43.500000000000007 2.5000000000000004 14.500000000000002 29.500000000000004 24.500000000000004 10.500000000000002 0.0072224175091832885 59.500000000000007 1.0000000180025095e-35 -0.047543883323669427
decision_type=10 2 8 2 8 10 10 10 10 10 2 8 2 2
left_child=1 2 3 6 5 -5 7 11 9 10 -8 -1 -11 -14
right_child=-2 -3 -4 4 -6 -7 8 -9 -10 12 -12 -13 13 -15
leaf_value=-0.0030076876879523056 0.0010576094137385323 0.0023374970826144977 -0.0075269997521595485 0.0063089180354267737 0.0054601656761005283 -0.020643413651953289 -0.029978412520922367 0.016223302475704023 0.00028709181915976992 0.0091972437008281567 0.0096423167732636577 0.0077686815427932638 -0.028948361528884588 0.00032338880667265394
leaf_weight=1880.7019841447473 27314.28128740564 5117.7990237623453 3220.3205264285207 264.48733397573233 325.29136008769274 794.18758554756641 113.18186005949974 605.16282225400209 4023.3900479450822 100.26459941267967 394.04000954329967 1167.6990637555718 512.21839588135481 195.14300419390202
leaf_count=8441 126745 25687 13896 1522 1448 3501 489 2860 16906 453 1707 6150 2153 808
internal_value=9.3356e-05 -0.00131386 -0.00268899 -0.00118162 -0.00935368 -0.0139139 8.51655e-05 0.00366924 -0.0023701 -0.0104418 0.000392646 0.00113214 -0.0171679 -0.0209811
internal_weight=46028.2 18713.9 13596.1 10375.8 1383.97 1058.67 8991.8 3653.56 5338.24 1314.85 507.222 3048.4 807.626 707.361
internal_count=212766 86021 60334 46438 6471 5023 39967 17451 22516 5610 2196 14591 3414 2961
is_linear=0
shrinkage=0.03


Tree=165
num_leaves=15
num_cat=0
split_feature=63 245 47 10 64 68 140 243 230 230 224 119 249 231
split_gain=61.9662 75.8595 68.5648 66.4836 64.6336 63.2495 198.932 102.731 134.016 113.454 92.3069 84.7673 84.3307 82.4139
threshold=67.500000000000014 -0.11270445212721823 24.500000000000004 11.500000000000002 98.500000000000014 17.500000000000004 89.500000000000014 -0.049267057329416268 1.5000000000000002 13.500000000000002 60.500000000000007 25.500000000000004 0.04545454494655133 79.500000000000014
decision_type=10 2 10 8 10 10 10 2 8 10 10 10 2 10
left_child=4 2 3 -2 -1 6 7 8 12 11 13 -9 -3 -11
right_child=1 5 -4 -5 -6 -7 -8 9 -10 10 -12 -13 -14 -15
leaf_value=-0.00062635372183149991 0.0096976167980770429 -0.0344798927753368 0.018329867816830197 -0.010653782116873366 -0.0076996187101918395 0.0022160384039499811 -0.028996468351475228 -0.013997727776369187 0.003051511580017526 -0.0035476160556265814 0.012208387321912508 0.0099971763320820355 -0.0096821420079074381 -0.023782946073683739
leaf_weight=30031.729268103838 411.33894664421678 190.39362424612045 425.60473962128162 210.2649277113378 1199.667313195765 9546.491169013083 225.15356715768576 137.38572008907795 457.31134978681803 1026.0941706672311 259.58103849738836 1413.0812579914927 352.83333664387465 211.35339826345444
leaf_count=137015 3195 850 2695 1197 5495 43981 1021 583 2177 4363 1177 6729 1725 916
internal_value=-0.000141616 0.00145199 0.00919772 0.00275383 -0.000900431 0.000858817 -0.00217137 -0.00061157 -0.00890273 0.00213076 -0.0037484 0.00779493 -0.0188396 -0.00716671
internal_weight=46098.3 14866.9 1047.21 621.604 31231.4 13819.7 4273.19 4048.03 1000.54 3047.5 1497.03 1550.47 543.227 1237.45
internal_count=213119 70609 7087 4392 142510 63522 19541 18520 4752 13768 6456 7312 2575 5279
is_linear=0
shrinkage=0.03


Tree=166
num_leaves=15
num_cat=0
split_feature=245 77 248 148 70 231 137 224 126 140 239 230 231 248
split_gain=74.9866 77.5058 70.9965 63.1524 62.087 163.587 85.2047 115.116 74.5644 80.2246 62.8241 55.3971 56.4721 65.3785
threshold=-0.20662932842969892 1.5000000000000002 0.93434342741966259 1.5000000000000002 9.5000000000000018 87.500000000000014 28.500000000000004 16.500000000000004 29.500000000000004 23.500000000000004 -0.016849006526172158 20.500000000000004 91.500000000000014 0.82323232293128978
decision_type=2 8 2 8 8 10 8 10 8 8 10 10 10 2
left_child=-1 3 4 -2 5 8 7 11 9 -3 -6 12 -7 -14
right_child=1 2 -4 -5 10 6 -8 -9 -10 -11 -12 -13 13 -15
leaf_value=0.018032968162439343 -0.016542169638416513 -0.0048987000125033904 0.021137381373960061 -0.0029500158674563921 0.0012635766684573645 0.0088894213483547563 0.0022564828784434536 0.0073170900609503819 0.006387371030458347 0.0082565730182835653 -0.0013642964218997084 -0.032536714118542531 -0.027081926699607562 -0.00098623174058493578
leaf_weight=196.41831636801362 413.9901345744729 1280.8425753042102 134.48758062720299 1143.3946717754006 12503.002153716981 81.742185153067112 542.33064970374107 188.45471432060003 4778.877907320857 606.49607420712709 23679.079267464578 186.26196822524071 232.63669489324093 135.401795566082
leaf_count=2590 1969 5497 841 5367 58846 424 2906 866 22541 2713 106020 779 1109 747
internal_value=-8.21447e-06 -8.93162e-05 0.000142362 -0.00664562 7.3737e-05 0.00245788 -0.00696254 -0.0129809 0.00439696 -0.000650019 -0.000456116 -0.0190152 -0.0128299 -0.0177613
internal_weight=46103.4 45907 44349.6 1557.38 44215.1 8033.04 1366.83 824.497 6666.22 1887.34 36182.1 636.043 449.781 368.038
internal_count=213215 210625 203289 7336 202448 37582 6831 3925 30751 8210 164866 3059 2280 1856
is_linear=0
shrinkage=0.03


Tree=167
num_leaves=15
num_cat=0
split_feature=245 231 230 230 226 231 231 238 245 231 248 6 37 249
split_gain=62.2053 60.3526 160.682 169.196 114.793 166.556 131.991 127.848 122.644 110.176 237.864 212.024 148.285 143.102
threshold=-0.20662932842969892 91.500000000000014 62.500000000000007 21.500000000000004 4.5000000000000009 21.500000000000004 69.500000000000014 -0.13890942931175229 -0.043717078864574425 75.500000000000014 0.59090909361839306 8.5000000000000018 33.500000000000007 0.90404042601585399
decision_type=2 10 8 10 8 10 10 10 2 10 2 10 10 2
left_child=-1 4 3 -3 5 -2 8 -8 -7 13 -11 12 -12 -6
right_child=1 2 -4 -5 9 6 7 -9 -10 10 11 -13 -14 -15
leaf_value=0.016582549223242149 -0.011407027609182559 -0.0024558997788694751 0.0062683871723104622 -0.016193564387555929 -0.00067163597613100628 0.018820363747927411 0.012959577664571802 -0.0055045128534371877 -0.0028499599836600696 -0.0010744441614171296 0.0022765930580965271 0.016680527099674856 -0.039463263068241265 -0.026792448170597741
leaf_weight=192.74261576682329 435.58511672914028 3716.4745365008712 1344.8568104729056 1022.4296214058995 30715.838701836765 1182.0964774265885 543.14674031734467 856.30302241444588 289.77036102116108 3476.2262398824096 368.30405621230602 1645.4436462968588 86.405020155012608 179.93890476971865
leaf_count=2554 1965 18692 7203 4390 136018 6010 3602 4018 1330 15911 1917 8100 413 790
internal_value=1.77827e-06 -7.15036e-05 -0.00285174 -0.00544769 0.000354312 0.00569764 0.00832305 0.00170277 0.0145636 -0.000131593 0.00374567 0.0116913 -0.00633345 -0.000832385
internal_weight=46055.6 45862.8 6083.76 4738.9 39779.1 3306.9 2871.32 1399.45 1471.87 36472.2 5576.38 2100.15 454.709 30895.8
internal_count=212913 210359 30285 23082 180074 16925 14960 7620 7340 163149 26341 10430 2330 136808
is_linear=0
shrinkage=0.03


Tree=168
num_leaves=15
num_cat=0
split_feature=63 245 248 248 230 248 231 231 248 231 244 246 230 228
split_gain=62.7225 72.298 133.196 123.543 112.51 173.195 115.801 167.721 94.4984 149.638 107.99 91.2642 107.014 128.885
threshold=76.500000000000014 -0.093968823552131639 0.7222222387790681 0.7929292917251588 2.5000000000000004 0.87373736500740062 75.500000000000014 52.500000000000007 0.6111111342906953 25.500000000000004 0.020661912858486179 0.030028249137103561 1.5000000000000002 11.500000000000002
decision_type=10 2 2 2 10 2 10 10 2 10 2 2 8 8
left_child=1 3 -3 8 -5 -6 7 -7 10 -10 -1 -4 -13 -14
right_child=-2 2 11 4 5 6 -8 -9 9 -11 -12 12 13 -15
leaf_value=0.015908153994081079 0.0019720575994171211 -0.00031700567837775125 -0.0031187009883634595 0.019077354398260214 0.012813098356396446 0.0066193813098106829 0.0076022986024741222 -0.032663344021223797 -0.026963577209783419 -0.0020989449552143327 -0.0020984263458492087 0.0035159934622508151 -0.027466963669211062 -0.0065055488096338546
leaf_weight=485.75220423191786 11096.471121989191 25242.347622431815 3288.8876614719629 602.93391794711351 834.30020413175225 154.39680524170399 265.10400963574648 243.92137017101049 246.19780032336712 1469.1245439834893 753.1534239128232 295.75764331966639 511.73075018078089 551.02914401888847
leaf_count=3051 52996 110590 14226 4001 4111 724 1596 1054 1121 8231 5157 1417 2154 2536
internal_value=8.11133e-06 -0.000615914 -0.00117722 0.00269886 0.00824244 0.00378306 -0.00759448 -0.0176473 -0.0012575 -0.00580333 0.00503247 -0.00583874 -0.0123529 -0.0167607
internal_weight=46041.1 34944.6 29889.8 5054.88 2100.66 1497.72 663.422 398.318 2954.23 1715.32 1238.91 4647.41 1358.52 1062.76
internal_count=212965 159969 130923 29046 11486 7485 3374 1778 17560 9352 8208 20333 6107 4690
is_linear=0
shrinkage=0.03


Tree=169
num_leaves=15
num_cat=0
split_feature=243 248 117 101 246 76 243 228 243 29 137 56 234 119
split_gain=65.2945 62.4096 78.3542 62.1137 72.2768 59.5898 97.8884 57.5423 77.2026 67.0584 125.02 97.1356 95.9403 90.8005
threshold=-0.0085835503414273245 0.4797979891300202 73.500000000000014 3.5000000000000004 0.010001357644796373 86.500000000000014 -0.033269710838794701 93.500000000000014 -0.02246222551912069 10.500000000000002 91.500000000000014 41.500000000000007 11.500000000000002 97.500000000000014
decision_type=2 2 8 8 2 8 2 10 2 8 10 10 10 10
left_child=3 -2 -3 4 -1 7 -7 9 -9 10 11 -5 -12 -11
right_child=1 2 -4 5 -6 6 -8 8 -10 13 12 -13 -14 -15
leaf_value=0.0079112579536980924 -0.0025541968044555281 -0.033987427709373824 -0.0033567896651845734 0.0015411063807896184 -0.0040689720145078365 0.0072762360585172598 -0.00020433213183592607 -0.017926138562348457 0.0013795421856694129 0.0005515850714238016 0.0067955898178684816 -0.0079016775070582333 -0.028521287187019247 0.0071075288969242494
leaf_weight=497.00844327732921 3518.4758829027414 123.32923686504364 177.96607533842325 3150.654123660177 4311.7371580675244 3078.262364320457 3210.5135098360479 351.31385380774736 382.41499111056328 23483.949943438172 88.212557934224606 1411.7978181764483 263.47511437162757 2059.0878170020878
leaf_count=2286 15447 511 869 15030 21116 17380 15507 1650 1699 102942 439 6387 1247 10858
internal_value=4.9813e-05 -0.00370124 -0.0165839 0.000389428 -0.00281691 0.000801451 0.00346303 0.000263879 -0.00798088 0.000465054 -0.00274081 -0.00139174 -0.0197199 0.00108265
internal_weight=46108.2 3819.77 301.295 42288.4 4808.75 37479.7 6288.78 31190.9 733.729 30457.2 4914.14 4562.45 351.688 25543
internal_count=213368 16827 1380 196541 23402 173139 32887 140252 3349 136903 23103 21417 1686 113800
is_linear=0
shrinkage=0.03


Tree=170
num_leaves=15
num_cat=0
split_feature=242 243 193 76 244 230 244 242 193 70 186 119 68 134
split_gain=59.5666 67.0218 79.5649 96.1265 141.414 86.1619 66.7394 66.7221 69.4445 65.9942 63.3641 63.3482 60.0677 108.189
threshold=0.011421761475503446 -0.0085835503414273245 74.500000000000014 87.500000000000014 0.047689119353890426 71.500000000000014 0.0063442673999816188 0.020672498270869259 98.500000000000014 85.500000000000014 73.500000000000014 97.500000000000014 15.500000000000002 90.500000000000014
decision_type=8 2 10 8 2 10 2 10 10 10 10 10 10 10
left_child=-1 2 3 12 10 7 -3 8 -4 -7 -5 -9 13 -2
right_child=1 6 5 4 -6 9 -8 11 -10 -11 -12 -13 -14 -15
leaf_value=-0.0083159819799262045 -0.0026012962396910187 -0.015387596026100804 -0.00064678336517360387 -0.0014623888781768559 0.014597364702439513 0.0089009988335528156 -0.002362334886080497 0.0017800978710100313 -0.013749932863968502 -0.0024351015551567078 0.0054252828489331235 0.012992669704332551 -0.0002327039914800299 -0.019306475838575077
leaf_weight=760.85753200948238 5961.6257336772978 386.68010850250721 2118.8480741530657 2993.3023437820375 831.35424673557281 2600.6712325066328 3356.3663567975163 3124.6735921241343 429.81943199038506 557.08056887239218 1995.3552022539079 521.4549808204174 20055.185977429152 361.09029221534729
leaf_count=3273 28186 1612 8955 15022 5844 12662 14872 14086 1832 2709 10445 2943 88767 1965
internal_value=-4.66309e-05 9.40857e-05 0.000440776 -0.000266968 0.00321941 0.002875 -0.00374534 0.000815604 -0.00290166 0.00689975 0.00129787 0.00341483 -0.00103713 -0.00358431
internal_weight=46054.4 45293.5 41550.5 32197.9 5820.01 9352.55 3743.05 6194.8 2548.67 3157.75 4988.66 3646.13 26377.9 6322.72
internal_count=213173 209900 193416 150229 31311 43187 16484 27816 10787 15371 25467 17029 118918 30151
is_linear=0
shrinkage=0.03


Tree=171
num_leaves=15
num_cat=0
split_feature=66 244 9 230 229 231 231 249 244 245 246 106 231 249
split_gain=58.1416 75.6144 76.444 68.2311 124.881 90.5457 96.7055 98.518 90.3735 86.9701 138.795 86.0687 88.2391 101.589
threshold=16.500000000000004 0.10090048611164094 77.500000000000014 71.500000000000014 81.500000000000014 59.500000000000007 24.500000000000004 0.015151515137404205 0.0084231276996433752 -0.047753706574439996 0.07084288448095323 10.500000000000002 81.500000000000014 0.015151515137404205
decision_type=10 2 8 8 10 10 10 2 2 2 2 10 10 2
left_child=1 2 -1 4 11 6 9 -8 -9 10 -5 -2 13 -13
right_child=3 -3 -4 5 -6 -7 7 8 -10 -11 -12 12 -14 -15
leaf_value=-0.0010654662495663352 -0.0024484840108688834 0.018602045842932971 -0.0077551772656322265 0.015128109769769952 -0.015310664841050144 0.0065164707834650202 -0.024475116664062064 0.0076404455960936727 -0.0048906368080018237 -0.00058295139628554221 -0.017425656861666361 0.0092164594874427821 -0.0022338351429866095 0.0014335583408685445
leaf_weight=6982.5945038869977 8606.6778353638947 144.9852339066565 1962.9516693763435 939.62896603345871 475.46380399167538 3522.0681030675769 174.8194839656353 674.80182486772537 2119.8302287310362 1203.9802623689175 126.0941254273057 1712.9454615712166 5036.5161425694823 12230.359757892787
leaf_count=30045 41918 1085 9577 4417 2097 17674 730 3009 9489 5256 702 7347 24522 54702
internal_value=-3.59047e-05 -0.00218316 -0.00254043 0.000494637 -0.000227164 0.00280417 0.000300878 -0.00325815 -0.00184838 0.00495103 0.0111502 3.82601e-05 0.00116661 0.00239561
internal_weight=45913.7 9090.53 8945.55 36823.2 28062 8761.22 5239.15 2969.45 2794.63 2269.7 1065.72 27586.5 18979.8 13943.3
internal_count=212570 40707 39622 171863 130586 41277 23603 13228 12498 10375 5119 128489 86571 62049
is_linear=0
shrinkage=0.03


Tree=172
num_leaves=15
num_cat=0
split_feature=238 212 224 229 231 248 231 120 9 228 248 244 248 249
split_gain=63.6361 65.4084 66.5295 184.466 98.6108 96.0835 89.4502 115.174 89.9035 85.9314 72.157 71.4145 95.0185 87.3551
threshold=-0.11149445176124571 57.500000000000007 32.500000000000007 21.500000000000004 91.500000000000014 0.77272728085517894 77.500000000000014 21.500000000000004 24.500000000000004 2.5000000000000004 0.69191917777061474 0.015442436095327141 0.8636363446712495 0.015151515137404205
decision_type=10 10 8 8 10 2 10 8 10 10 2 2 2 2
left_child=-1 2 4 -4 11 10 7 -5 -8 -7 -6 13 -13 -2
right_child=1 -3 3 6 5 9 8 -9 -10 -11 -12 12 -14 -15
leaf_value=0.001230046507722259 0.0090263177271825215 -0.0047815531523720577 -0.013327236387732824 0.0021068556865382376 -0.0065687043496596214 -0.010666542168045507 0.013545407748019411 -0.0041370874666288261 0.0011085510782034541 0.02407633832508313 -0.027999039993101021 0.0090044539991388384 -0.028659126329737054 -0.0010218648990593774
leaf_weight=19523.925110720098 977.21933311223984 3596.0381132438779 1103.778693087399 4194.8163781166077 494.51914794743061 107.56192867457867 676.09742529690266 7227.4574337527156 2211.0594714209437 133.8211732134223 193.44542662799358 1945.069178275764 52.665904015302658 3678.8001822531223
leaf_count=97865 4103 15507 4734 17779 2138 472 3163 31239 10284 602 821 8602 233 15835
internal_value=-7.01893e-05 -0.00102492 -0.000435652 -0.00156718 0.00186331 -0.00724078 -0.000651382 -0.00184417 0.00405764 0.00878622 -0.0129094 0.00314386 0.00787374 0.0011019
internal_weight=46116.3 26592.3 22996.3 15413.2 7583.1 929.348 14309.4 11422.3 2887.16 241.383 687.965 6653.75 1997.74 4656.02
internal_count=213377 115512 100005 67199 32806 4033 62465 49018 13447 1074 2959 28773 8835 19938
is_linear=0
shrinkage=0.03


Tree=173
num_leaves=15
num_cat=0
split_feature=245 148 231 226 140 224 245 8 243 244 146 226 53 98
split_gain=62.4607 60.4756 119.942 153.721 133.687 146.819 101.296 90.3369 89.0461 98.6679 96.4809 198.796 95.3929 83.0287
threshold=-0.20662932842969892 12.500000000000002 68.500000000000014 49.500000000000007 87.500000000000014 5.5000000000000009 -0.1103546880185604 52.500000000000007 -0.074449229985475526 0.02425299305468798 49.500000000000007 40.500000000000007 11.500000000000002 38.500000000000007
decision_type=2 8 10 8 10 10 2 8 2 2 8 8 8 8
left_child=-1 2 3 -2 7 -6 8 -4 9 -3 11 -10 -11 -8
right_child=1 6 4 -5 5 -7 13 -9 10 12 -12 -13 -14 -15
leaf_value=0.016696350566908935 0.0044827893539887212 0.0088093163537491994 -0.0066400609904536008 -0.0077665579557177084 0.0072290903830723096 -0.031540984230981575 -0.0010239236589853326 0.011173886833750779 -0.016626721138938767 9.9439684810869789e-05 0.016812645610759579 0.029213785015504541 -0.026946324013958113 0.0021261432413361555
leaf_weight=188.06659208238125 2842.2164267003536 521.21638111025095 2178.9534760452807 1352.5340859666467 112.38875235617161 346.1349985897541 25813.380357943475 281.00761560350657 245.85830156505108 324.43757151067257 909.76142649352551 117.62884558737278 173.83469361811876 10620.807655885816
leaf_count=2564 12732 3467 10754 5882 585 1598 113793 1334 1152 2146 5928 660 1087 49355
internal_value=-0.000114291 -0.000186886 -0.00272734 0.000524094 -0.00738648 -0.0220866 0.00028032 -0.00456813 0.00638253 -0.000233863 0.0116408 -0.00140718 -0.00968066 -0.000105327
internal_weight=46028.2 45840.2 7113.24 4194.75 2918.48 458.524 38726.9 2459.96 2292.74 1019.49 1273.25 363.487 498.272 36434.2
internal_count=213037 210473 32885 18614 14271 2183 177588 12088 14440 6700 7740 1812 3233 163148
is_linear=0
shrinkage=0.03


Tree=174
num_leaves=15
num_cat=0
split_feature=245 230 243 229 231 244 226 244 229 243 249 244 134 243
split_gain=59.5457 94.9311 102.548 119.288 99.9922 162.567 125.586 116.146 125.121 115.851 134.397 97.8812 173.896 121.74
threshold=-0.044342366978526108 80.500000000000014 -0.010908101685345171 26.500000000000004 91.500000000000014 0.0043800720013678083 96.500000000000014 0.0016664691502228381 3.5000000000000004 -0.023385569453239437 0.81313130259513866 0.040271997451782234 34.500000000000007 -0.064820505678653703
decision_type=2 8 2 10 10 2 10 2 10 2 2 2 10 2
left_child=1 2 4 -4 6 -6 7 8 -1 10 11 12 -7 -13
right_child=-2 -3 3 -5 5 9 -8 -9 -10 -11 -12 13 -14 -15
leaf_value=0.01466372922856519 -0.0016546829342121672 0.0047106827460526197 0.019426380837903906 -0.014562992475145158 0.018109657592622581 -0.013510144540525402 -0.027322069055009949 0.0018248542252903609 -0.01347847398225977 0.01252105231012684 0.010397378482285924 -0.0047874202430559362 0.0020517594885833871 -0.026488489200773183
leaf_weight=163.1329540014267 13262.181686356664 4614.4708680659533 97.657438881695271 721.18406429886818 277.98494572937489 1221.1016571335495 128.18552716076374 21659.275653559715 815.92780642956495 298.80026913806796 370.32949570566416 432.64107031747699 1355.6005397811532 507.06416454166174
leaf_count=805 57661 24105 488 3088 1461 5816 547 99098 3477 1494 2333 2992 6810 2466
internal_value=3.98606e-05 0.000728186 7.15587e-05 -0.0103238 0.000387837 -0.00371287 0.00119308 0.00136654 -0.00868852 -0.00520193 -0.00659306 -0.00840681 -0.00534676 -0.0166529
internal_weight=45925.5 32663.4 28048.9 818.842 27230 4463.52 22766.5 22638.3 979.061 4185.54 3886.74 3516.41 2576.7 939.705
internal_count=212641 154980 130875 3576 127299 23372 103927 103380 4282 21911 20417 18084 12626 5458
is_linear=0
shrinkage=0.03


Tree=175
num_leaves=15
num_cat=0
split_feature=164 239 237 234 212 224 231 245 231 228 245 246 229 224
split_gain=64.6861 72.7455 66.4261 55.9291 55.3093 57.2624 104.644 115.404 161.583 98.9173 216.301 138.76 111.576 129.681
threshold=41.500000000000007 -0.020335237495601174 0.22877554595470431 3.5000000000000004 48.500000000000007 31.500000000000004 29.500000000000004 -0.10434083268046378 22.500000000000004 4.5000000000000009 -0.093968823552131639 0.13885851949453357 14.500000000000002 16.500000000000004
decision_type=10 10 2 8 10 10 10 2 8 8 2 2 8 10
left_child=1 -1 4 -3 5 6 7 8 -2 10 -8 12 13 -11
right_child=2 3 -4 -5 -6 -7 9 -9 -10 11 -12 -13 -14 -15
leaf_value=0.0031594730265105458 -0.020240982227843811 0.0044982439904191814 0.01099054872894022 -0.0025265260654273856 -0.0028114247587566594 -0.00018211055918314573 0.0045894010309044039 0.010584148677646926 0.018738574503493637 0.0048356994426486206 -0.011376085670239721 -0.031307269169825958 -7.8983010013835639e-05 0.020490318793947852
leaf_weight=2789.4526355937123 263.62531921267509 1082.4662008546293 571.32291946560144 15575.012388098985 3423.8535856902599 11677.03647711128 1572.6641309559345 2278.9237880632281 137.88906437903643 1880.145450130105 1467.3829407170415 90.118002951145172 2525.0590805262327 632.35740626603365
leaf_count=14205 1263 5213 3489 70092 15179 52450 9938 9945 748 9046 6489 496 11232 3101
internal_value=-2.75974e-06 -0.0013166 0.000960788 -0.0020676 0.000735813 0.00127601 0.00284425 0.00797606 -0.00672447 0.00115243 -0.00312892 0.00369187 0.00437876 0.00884133
internal_weight=45967.3 19446.9 26520.4 16657.5 25949.1 22525.2 10848.2 2680.44 401.514 8167.73 3040.05 5127.68 5037.56 2512.5
internal_count=212886 89510 123376 75305 119887 104708 52258 11956 2011 40302 16427 23875 23379 12147
is_linear=0
shrinkage=0.03


Tree=176
num_leaves=15
num_cat=0
split_feature=226 226 231 248 231 224 142 229 229 244 230 162 191 243
split_gain=60.9988 69.2031 147.479 174.763 193.88 134.059 121.953 111.466 126.723 102.526 98.9993 72.8323 71.3945 68.3768
threshold=99.500000000000014 81.500000000000014 24.500000000000004 0.68181815743446361 34.500000000000007 87.500000000000014 66.500000000000014 35.500000000000007 64.500000000000014 0.0015076919808052482 84.500000000000014 54.500000000000007 81.500000000000014 -0.010908101685345171
decision_type=10 10 10 2 10 10 10 10 10 2 8 10 10 2
left_child=1 13 5 6 -5 9 11 -6 -9 -3 -10 -4 -11 -1
right_child=-2 2 3 4 7 -7 -8 8 10 12 -12 -13 -14 -15
leaf_value=-0.00010739753110805326 -0.0092875787757698575 -0.024421636738237124 -0.011399212704753112 -0.029629402652502412 -0.027458552162085748 -0.013817852692796078 0.0029451192872186872 0.036801645802559013 -0.014163609121879379 0.019723496490111136 0.018251213840301921 -0.00066560949756963735 0.003981785035936037 -0.0041250477953823587
leaf_weight=34152.000863313675 643.45716885477304 51.696626901626587 1310.60182582587 77.177465081214905 37.681400060653687 169.12550094723701 2318.976785518229 262.53053675591946 104.36142288148403 974.31617666035891 333.57907555252314 1001.9117185622454 360.10237926244736 4281.6365302056074
leaf_count=159008 3096 212 5640 329 162 799 11122 1246 522 4330 2173 4358 1764 18731
internal_value=-0.000186924 -5.60261e-05 0.0026848 0.000351856 0.0130715 0.0108009 -0.00191065 0.0178724 0.0206631 0.0138822 0.010383 -0.0067717 0.0155367 -0.000555934
internal_weight=46079.2 45435.7 7002.06 5446.82 815.33 1555.24 4631.49 738.152 700.471 1386.12 437.94 2312.51 1334.42 38433.6
internal_count=213492 210396 32657 25552 4432 7105 21120 4103 3941 6306 2695 9998 6094 177739
is_linear=0
shrinkage=0.03


Tree=177
num_leaves=15
num_cat=0
split_feature=242 76 68 134 7 231 242 231 60 70 243 224 231 230
split_gain=62.7684 55.6329 59.9372 140.97 117.01 115.281 96.2566 89.3367 84.4029 83.3117 72.3035 88.5681 68.7628 120.628
threshold=0.010334474965929987 96.500000000000014 17.500000000000004 89.500000000000014 4.5000000000000009 97.500000000000014 0.019812147133052353 69.500000000000014 60.500000000000007 9.5000000000000018 -0.056512173265218728 1.5000000000000002 67.500000000000014 3.5000000000000004
decision_type=8 10 8 10 10 10 8 10 10 8 2 10 10 10
left_child=-1 2 3 4 12 -5 -6 9 -9 -4 11 -7 -2 -14
right_child=1 -3 7 5 6 10 -8 8 -10 -11 -12 -13 13 -15
leaf_value=-0.011978568325689037 0.0088978213022405783 0.004347591767108811 0.0047618133347385816 -0.022895116343238774 -0.0072651938089071362 0.0093395047502303815 -0.00044552430066591907 0.00095014427015740002 0.0069884159515205078 -0.0011138462108321928 0.015421732390868529 -0.031298753626064262 0.00803332786834033 -0.0094294748032678968
leaf_weight=377.32196958363056 1406.0375581942499 2664.2847578153014 2433.7404127344489 491.67005530744791 2871.8192972540855 84.686448842287064 5271.4106470234692 5951.4386400170624 3198.7788960821927 19517.654512230307 143.14559834823012 92.19307417050004 721.72347971796989 683.37971541285515
leaf_count=1629 6726 14420 10740 2443 12064 725 24823 27437 15948 86353 799 551 4721 3329
internal_value=4.73201e-05 0.000149587 -0.000112278 -0.00193516 -0.0010352 -0.0139203 -0.00285653 0.000577737 0.00306636 -0.000460543 0.000144168 -0.0123833 0.00423219 -0.00046642
internal_weight=45909.3 45532 42867.7 11766.1 10954.4 811.695 8143.23 31101.6 9150.22 21951.4 320.025 176.88 2811.14 1405.1
internal_count=212708 211079 196659 56181 51663 4518 36887 140478 43385 97093 2075 1276 14776 8050
is_linear=0
shrinkage=0.03


Tree=178
num_leaves=15
num_cat=0
split_feature=240 31 222 57 147 224 111 224 224 224 244 228 59 244
split_gain=57.3178 64.3712 82.8563 69.1299 67.0747 63.5424 58.5485 56.9383 57.9328 79.2741 104.437 90.2494 64.5137 64.2112
threshold=0.044505611062049873 74.500000000000014 36.500000000000007 70.500000000000014 84.500000000000014 7.5000000000000009 36.500000000000007 78.500000000000014 41.500000000000007 21.500000000000004 0.017126874998211864 33.500000000000007 44.500000000000007 0.057330913841724403
decision_type=8 8 10 8 10 10 10 10 10 10 2 10 8 2
left_child=1 3 7 -1 -5 6 -6 8 9 13 -11 -12 -10 -3
right_child=-2 2 -4 4 5 -7 -8 -9 12 10 11 -13 -14 -15
leaf_value=-0.00051892288504014989 0.0060327110032693367 -0.0087584074824136379 0.0030945153687805343 0.0032048155876936136 -0.026025616236556186 -0.00097924216843222559 0.009956920228722797 0.0090258333085602716 -0.024207952519787256 -0.0074441477490484499 0.019043265871893481 -0.0099364620795171464 -0.0062073969565121052 0.0042614201669238924
leaf_weight=26992.197980817407 1384.5263859517872 2266.8901770152152 1507.4323995187879 9823.4471129253507 168.45308321714401 1465.2868279404938 46.860658124089241 238.51823890954256 288.32910466194153 439.19126915186644 396.79953453689814 119.92048317193985 473.79891127347946 394.73004634678364
leaf_count=121657 7480 10836 6849 47054 819 6776 219 1153 1252 1934 1847 531 2066 2739
internal_value=4.34794e-05 -0.000143664 -0.0029975 0.000311105 0.00225738 -0.0032668 -0.0181001 -0.0049884 -0.00577044 -0.00416405 0.00322182 0.0122567 -0.0132427 -0.00681879
internal_weight=46006.4 44621.9 6125.61 38496.2 11504 1680.6 215.314 4618.18 4379.66 3617.53 955.911 516.72 762.128 2661.62
internal_count=213212 205732 29207 176525 54868 7814 1038 22358 21205 17887 4312 2378 3318 13575
is_linear=0
shrinkage=0.03


Tree=179
num_leaves=15
num_cat=0
split_feature=245 244 224 249 245 222 249 143 244 78 215 229 245 222
split_gain=68.0474 107.396 115.714 186.918 91.131 159.235 91.4718 84.5226 82.225 73.2298 64.9146 70.9675 70.7841 86.7935
threshold=-0.1103546880185604 0.02322881389409304 21.500000000000004 0.30808080732822424 -0.15722699463367459 4.5000000000000009 0.68181815743446361 34.500000000000007 0.010267216246575119 2.5000000000000004 72.500000000000014 68.500000000000014 -0.10434083268046378 1.5000000000000002
decision_type=2 2 10 2 2 8 2 8 2 8 10 10 2 10
left_child=1 7 3 -3 5 -5 -6 8 -1 -4 12 -12 13 -2
right_child=10 2 9 4 6 -7 -8 -9 -10 -11 11 -13 -14 -15
leaf_value=-0.011799057723745779 0.023532338320338901 -0.031050633077973341 -0.01453453754002557 0.0044474582332622971 -0.00068002638802891556 -0.03210166718323533 0.028814255038078784 0.012204814609035795 0.011342016012747716 0.018045868016468455 -0.005984786776832186 0.0047706800472975082 9.24984092014726e-05 -0.011946173633504203
leaf_weight=304.48307998105884 58.605561248958111 223.9464302547276 69.22485538572073 262.57212268561125 281.36314491927624 169.0218626819551 132.25869635865092 1443.505344286561 236.67514039576054 306.74307871237397 3226.5954430475831 657.85916708409786 37915.021430842578 717.57358851283789
leaf_count=1532 344 1202 346 2452 1786 1171 1077 9528 1281 2135 13697 3033 169881 3694
internal_value=-0.000136041 0.00392276 -0.00229085 -0.00731854 -0.000740987 -0.0102688 0.00920855 0.00843599 -0.00165617 0.0118259 -0.000463852 -0.0041557 -9.22263e-05 -0.00900211
internal_weight=46005.4 3429.79 1445.13 1069.16 845.216 431.594 413.622 1984.66 541.158 375.968 42575.7 3884.45 38691.2 776.179
internal_count=213159 22510 10169 7688 6486 3623 2863 12341 2813 2481 190649 16730 173919 4038
is_linear=0
shrinkage=0.03


Tree=180
num_leaves=15
num_cat=0
split_feature=57 244 229 242 230 231 137 47 70 224 229 244 244 68
split_gain=56.2597 72.3883 89.1722 71.8839 84.0824 72.066 147.691 105.59 72.3955 65.7175 65.9037 62.477 59.2518 66.1075
threshold=70.500000000000014 0.085569173097610488 97.500000000000014 0.026978673413395885 30.500000000000004 86.500000000000014 22.500000000000004 44.500000000000007 12.500000000000002 74.500000000000014 5.5000000000000009 0.0025355257093906407 0.032244097441434867 10.500000000000002
decision_type=10 2 8 8 10 10 10 8 8 10 8 2 2 10
left_child=1 2 -1 5 11 8 7 -7 -2 10 -10 -5 13 -8
right_child=3 -3 -4 4 -6 6 12 -9 9 -11 -12 -13 -14 -15
leaf_value=-0.00056128328208716329 0.0052044266217994208 0.0089059480945096695 -0.010416664917812516 -0.015599389429665688 0.00060538863188673011 -0.0061063125758929445 0.0196990834280668 -0.029803706310259793 0.006982834091918114 0.0063271116037141783 -0.004266649213535775 0.0095424505405270216 -0.0049396040578011781 7.7004498553590931e-05
leaf_weight=30141.198092009872 2921.4905149936676 692.69948670268059 839.6324626840651 83.755491361021996 2328.3796625509858 421.14350567385554 238.6164389885962 280.749995008111 540.84144962579012 916.23772029578686 3156.9748306050897 2314.6052271611989 714.42675764486194 408.5186253413558
leaf_count=135326 13188 4289 4601 463 11195 2111 1306 1296 2617 4061 13593 13231 3904 1997
internal_value=8.96444e-05 -0.000615951 -0.000831656 0.00164902 0.00467316 0.000156566 -0.00479719 -0.0158705 0.00151761 -0.000822985 -0.00260691 0.00860332 0.000985273 0.00750187
internal_weight=45999.3 31673.5 30980.8 14325.7 4726.74 9599 2063.46 701.894 7535.54 4614.05 3697.82 2398.36 1361.56 647.135
internal_count=213178 144216 139927 68962 24889 44073 10614 3407 33459 20271 16210 13694 7207 3303
is_linear=0
shrinkage=0.03


Tree=181
num_leaves=15
num_cat=0
split_feature=226 226 231 231 243 230 243 58 243 242 133 226 243 231
split_gain=56.1748 66.4334 110.983 117.656 157.52 140.382 107.465 95.326 80.4417 71.5616 76.8887 74.996 180.9 95.1489
threshold=99.500000000000014 81.500000000000014 24.500000000000004 77.500000000000014 -0.045085355639457696 50.500000000000007 -0.044194122776389115 31.500000000000004 -0.020383923314511773 0.041238512843847282 30.500000000000004 12.500000000000002 -0.08204894512891768 69.500000000000014
decision_type=10 10 10 10 2 8 2 10 2 8 8 8 2 10
left_child=1 9 7 4 5 -4 -6 -3 -9 11 -11 -1 -13 -14
right_child=-2 2 3 -5 6 -7 -8 8 -10 10 -12 12 13 -15
leaf_value=0.0016071874168960187 -0.0087135029972270159 0.021815080285713547 0.014502610873136701 0.0068710094262754047 0.035461563404451384 -0.023877750841977553 -0.0005536196703406777 0.01605236051684757 -0.00068224372248671956 0.0090516009614324665 2.8503167230399553e-05 -0.017560264549157198 -0.0021997430224782932 0.0021203628567325354
leaf_weight=9127.4842406883836 639.15653437376022 427.53614567220211 98.073126152157784 1892.4809156507254 66.490112707018852 454.72624437510967 2955.4549321383238 389.49625305086374 730.40671800076962 1442.459881272167 2049.1169589273632 610.43192859739065 19065.80833016336 6032.8040407299995
leaf_count=46060 3061 1975 456 9806 284 2023 13120 1868 3247 8714 10853 3083 81465 27095
internal_value=4.90767e-05 0.000174489 0.00285651 0.00084229 -0.0023596 -0.0169319 0.000353148 0.0099218 0.00522852 -0.000316981 0.00377138 -0.000727712 -0.00155697 -0.00116091
internal_weight=45981.9 45342.8 7014.66 5467.23 3574.74 552.799 3021.95 1547.44 1119.9 38328.1 3491.58 34836.5 25709 25098.6
internal_count=213110 210049 32779 25689 15883 2479 13404 7090 5115 177270 19567 157703 111643 108560
is_linear=0
shrinkage=0.03


Tree=182
num_leaves=15
num_cat=0
split_feature=193 245 229 229 228 110 231 60 231 226 70 228 245 245
split_gain=53.2598 122.546 83.5783 121.779 124.828 121.142 119.4 82.539 97.681 90.8069 80.4125 80.294 76.5529 75.071
threshold=72.500000000000014 -0.10793837159872054 62.500000000000007 35.500000000000007 17.500000000000004 23.500000000000004 91.500000000000014 68.500000000000014 5.5000000000000009 30.500000000000004 76.500000000000014 93.500000000000014 -0.068953096866607652 -0.032124616205692284
decision_type=8 2 10 10 10 10 10 8 10 10 10 10 2 2
left_child=7 -2 3 6 -5 -6 -3 11 9 -9 12 -1 -4 -13
right_child=1 2 10 4 5 -7 -8 8 -10 -11 -12 13 -14 -15
leaf_value=-0.0015975506679550757 0.010529798730902181 0.0030380107148225729 0.016766132705107021 0.012617341850751343 -0.011511083044741655 -0.0015573120121367789 -0.0078073261979736434 -0.032811229249035845 0.0024155380490190116 -0.0019717383662036974 -0.0011079998699736449 -0.024688405164346453 0.004537193581980032 0.00047660074800878429
leaf_weight=17453.168814942241 1202.5852991528809 6980.2084596082568 534.04984603822231 350.81066907942295 1887.5262087360024 2628.4666939750314 1041.2676572725177 126.30128964036703 7878.3454273790121 236.29460562765598 2000.3152486532927 254.28428627550602 3116.5665302574635 178.29124818742275
leaf_count=78603 7919 31614 3170 1521 8112 11387 4659 592 38887 1027 9280 1099 14019 785
internal_value=0.000114246 0.00128991 0.00068519 -0.000648946 -0.00438792 -0.00573388 0.00162221 -0.000774259 0.0017085 -0.0133062 0.00372377 -0.00191852 0.00636708 -0.0145399
internal_weight=45868.5 19741.8 18539.2 12888.3 4866.8 4515.99 8021.48 26126.7 8240.94 362.596 5650.93 17885.7 3650.62 432.576
internal_count=212674 91681 83762 57293 21020 19499 36273 120993 40506 1619 26469 80487 17189 1884
is_linear=0
shrinkage=0.03


Tree=183
num_leaves=15
num_cat=0
split_feature=147 140 230 226 37 243 248 228 226 89 243 243 176 226
split_gain=51.91 54.6416 86.8852 92.8475 88.4873 78.5618 134.243 209.756 182.839 125.411 98.083 75.8349 71.1998 79.3158
threshold=97.500000000000014 17.500000000000004 10.500000000000002 90.500000000000014 6.5000000000000009 -0.048201425001025193 0.71212121844291698 22.500000000000004 29.500000000000004 1.0000000180025095e-35 -0.038856796920299523 -0.087366931140422807 33.500000000000007 41.500000000000007
decision_type=10 10 10 10 10 2 2 10 10 10 2 2 10 10
left_child=1 2 4 5 -1 11 -7 9 -9 -8 -11 -4 13 -13
right_child=-2 -3 3 -5 -6 6 7 8 -10 10 -12 12 -14 -15
leaf_value=-0.0033443346611011495 -0.0050668962894607093 0.0010084480202157571 -0.016318291368524342 0.011258578957137673 0.004207948523304814 -0.0031629070855257275 0.0059078983925427526 -0.026870674028278942 0.015752910873703761 -0.011478111031387416 -0.034029680212335961 -0.00031255276807190573 -0.011044038622891078 0.014649655684211747
leaf_weight=2172.2970978319645 1686.7775853574276 29967.434186764061 174.59506613388658 370.2277857363224 3869.4893884323537 4913.2304764091969 122.85919568687677 117.26571729779243 305.00483930110931 282.39538151025772 508.19446249306202 665.87809261679649 228.17765313386917 601.15576583892107
leaf_count=12523 7649 138882 939 1609 18744 20558 534 487 1328 1172 2116 3061 969 2732
internal_value=8.27332e-05 0.000279919 -0.00124317 -0.00323586 0.00149152 -0.00392687 -0.00546967 -0.0138682 0.00356843 -0.0218802 -0.0262183 0.00184501 0.00406025 0.00684553
internal_weight=45985 44298.2 14330.8 8288.98 6041.79 7918.76 6248.95 1335.72 422.271 913.449 790.59 1669.81 1495.21 1267.03
internal_count=213303 205654 66772 35505 31267 33896 26195 5637 1815 3822 3288 7701 6762 5793
is_linear=0
shrinkage=0.03


Tree=184
num_leaves=15
num_cat=0
split_feature=233 56 228 140 171 243 226 121 190 138 104 226 226 230
split_gain=60.6271 73.2125 125.492 107.571 73.1554 72.5314 70.4614 68.4303 66.7674 64.0702 62.2408 61.1959 61.0389 83.3619
threshold=68.500000000000014 40.500000000000007 22.500000000000004 89.500000000000014 40.500000000000007 -0.022332052700221535 30.500000000000004 34.500000000000007 69.500000000000014 89.500000000000014 81.500000000000014 32.500000000000007 12.500000000000002 3.5000000000000004
decision_type=10 10 10 8 10 2 10 10 10 8 10 10 10 8
left_child=8 3 12 7 5 -4 -5 11 -1 -10 -9 -2 -3 -14
right_child=1 2 4 6 -6 -7 -8 10 9 -11 -12 -13 13 -15
leaf_value=-0.001431632135640095 0.012128683257118425 -0.0011087527695322224 0.0016010259696114207 -0.022611529281394486 0.0045237625722064426 -0.012023766559121738 0.010899445591445064 0.0028533045225739976 0.0034988223643069643 -0.0080216841874127549 -0.014436085115797803 0.0013604614019606855 -0.032165738555369583 -0.0084368208008813849
leaf_weight=25771.931143626571 1417.971454590559 830.97332002967596 913.48890216648579 217.58710420876741 2993.0826572775841 559.72403042018414 68.345611203461885 6112.4918714687228 4446.7385647818446 471.91684950143099 183.50436963140965 715.86532051116228 147.74602404981852 962.00109769403934
leaf_count=118204 7203 3992 4044 1124 13344 2372 429 29620 21001 2342 938 3101 630 4165
internal_value=-5.42422e-05 0.00149987 -0.000934003 0.00328804 0.0018349 -0.00362166 -0.0145039 0.00390799 -0.000820267 0.00237946 0.00232729 0.00853933 -0.00728297 -0.011855
internal_weight=45813.4 15122.8 6407.02 8715.77 4466.3 1473.21 285.933 8429.83 30690.6 4918.66 6296 2133.84 1940.72 1109.75
internal_count=212509 70962 28547 42415 19760 6416 1553 40862 141547 23343 30558 10304 8787 4795
is_linear=0
shrinkage=0.03


Tree=185
num_leaves=15
num_cat=0
split_feature=226 233 246 224 55 70 119 242 47 78 123 246 45 31
split_gain=61.739 59.0971 93.8209 82.9363 123.369 91.4922 90.373 87.7503 85.6929 84.7638 77.411 109.985 94.2397 80.1875
threshold=99.500000000000014 52.500000000000007 0.036278482526540763 6.5000000000000009 17.500000000000004 27.500000000000004 48.500000000000007 0.025816516019403938 48.500000000000007 8.5000000000000018 5.5000000000000009 0.041204450652003295 6.5000000000000009 27.500000000000004
decision_type=10 10 2 10 10 10 10 10 8 10 10 2 10 10
left_child=1 2 -1 4 7 6 -5 -3 -7 -8 -6 12 -12 -13
right_child=-2 3 -4 5 10 8 9 -9 -10 -11 11 13 -14 -15
leaf_value=-0.0022708359661609188 -0.0091601989821392549 -0.0026437591135896189 0.0016723049718167238 0.0011286872928094307 -0.027926294987634558 -0.0015257144683420098 -0.0038229534078654797 0.010238822637028962 0.0039181108320589016 0.010121622890665347 0.014854122401974751 -0.029040298928429301 -0.0085546289656995116 -0.0035887782994280522
leaf_weight=16010.626153416932 650.68560687452555 1566.082679361105 8206.9938362985849 2990.8986686915159 184.64990183338523 7184.8293176703155 446.98377807065845 671.88167538493872 4067.3406924493611 2948.3107786625624 251.62071343883872 255.99827504530549 369.13214749842882 197.16100834310055
leaf_count=70853 3118 8133 40861 12890 870 32047 2230 4595 18115 14151 1489 1268 1706 989
internal_value=-5.55496e-05 7.7068e-05 -0.000934425 0.00123599 -0.0029791 0.00207278 0.00493777 0.00125219 0.000443806 0.00828001 -0.0104537 -0.00721951 0.00101912 -0.0182834
internal_weight=46003.2 45352.5 24217.6 21134.9 3496.53 17638.4 6386.19 2237.96 11252.2 3395.29 1258.56 1073.91 620.753 453.159
internal_count=213315 210197 111714 98483 19050 79433 29271 12728 50162 16381 6322 5452 3195 2257
is_linear=0
shrinkage=0.03


Tree=186
num_leaves=15
num_cat=0
split_feature=165 195 120 231 189 226 75 8 249 248 231 44 120 226
split_gain=58.6827 63.6632 102.415 83.7793 77.4307 76.993 71.8828 69.012 86.2304 66.6753 64.9839 64.7703 62.7485 53.2961
threshold=6.5000000000000009 37.500000000000007 98.500000000000014 92.500000000000014 52.500000000000007 43.500000000000007 56.500000000000007 91.500000000000014 0.085858587175607695 0.82323232293128978 81.500000000000014 22.500000000000004 17.500000000000004 81.500000000000014
decision_type=8 10 10 10 10 10 8 10 2 2 10 10 8 10
left_child=12 2 4 7 13 9 -6 8 -4 -5 11 -3 -1 -2
right_child=1 10 3 5 6 -7 -8 -9 -10 -11 -12 -13 -14 -15
leaf_value=0.0086773239064408397 -0.0032529819032765489 0.0067376406125015933 0.0017873139593353523 -0.011455793845792728 -0.0010896043612017084 0.016475007255175717 0.0041395789293358779 -0.0064893920045019302 0.01683607832475047 0.0081845050990213414 -0.001613902518771491 0.0015978165340416507 -0.0057614475461662288 0.0016130501655341827
leaf_weight=294.68594591319561 13020.637140285224 3001.7129681706429 543.3754401691258 559.7430452182889 6253.6573625579476 154.34024352580309 3792.770611345768 218.52335581928492 930.04318060353398 205.82353514432907 3688.2430299818516 8291.0234551802278 2502.595509916544 2392.3471990525723
leaf_count=1261 58116 14293 2908 3378 27980 1139 17982 1125 5303 1420 18858 36780 11343 10872
internal_value=-1.22584e-05 0.000261718 -0.000581049 0.00506504 -0.00116204 -0.00220769 0.000886693 0.00900895 0.0113358 -0.00613803 0.00184022 0.00296878 -0.00421487 -0.00249714
internal_weight=45849.5 43052.2 28071.3 2611.85 25459.4 919.907 10046.4 1691.94 1473.42 765.567 14981 11292.7 2797.28 15413
internal_count=212758 200154 130223 15273 114950 5937 45962 9336 8211 4798 69931 51073 12604 68988
is_linear=0
shrinkage=0.03


Tree=187
num_leaves=15
num_cat=0
split_feature=190 194 226 138 52 245 248 24 149 230 226 222 230 248
split_gain=55.799 71.6646 83.8503 67.1621 65.2631 64.6569 74.866 87.7496 65.7373 61.2425 94.0194 76.4552 81.8218 92.1142
threshold=73.500000000000014 30.500000000000004 2.5000000000000004 63.500000000000007 9.5000000000000018 -0.093968823552131639 0.82323232293128978 1.5000000000000002 84.500000000000014 46.500000000000007 23.500000000000004 2.5000000000000004 3.5000000000000004 0.67171716690063488
decision_type=10 10 8 10 8 2 2 10 10 10 10 10 10 2
left_child=1 2 3 -1 5 9 -7 -8 -9 10 11 -4 -13 -14
right_child=-2 -3 4 -5 -6 6 7 8 -10 -11 -12 12 13 -15
leaf_value=0.0076105731925595957 0.0029334981945832836 -0.0017163102948991264 -0.013740679192000583 -0.011932235220458413 0.0011568586948141524 -0.0037211061032678201 0.011052478112084872 -0.036207591607684782 0.0026754007477461754 -0.017100302865687717 0.015126779216673261 0.020002501887214908 0.019597026809607222 -0.012171578258942084
leaf_weight=2155.7088427729905 5309.6355579048395 18442.007250234485 292.14130071178079 161.91289320588112 15097.14910595119 3123.1764908507466 60.430970095098019 174.41839399933815 48.004595577716827 121.89791441708803 461.87524202466011 197.541913125664 104.58303468674421 281.4538576900959
leaf_count=12337 25132 83764 1544 761 68797 13530 294 764 207 571 2527 1363 602 1425
internal_value=4.38992e-05 -0.000333493 0.000811359 0.00619988 0.000182973 -0.00283506 -0.00509439 -0.0196129 -0.0280616 0.00243637 0.00433047 -0.00147026 0.00480036 -0.00328749
internal_weight=46031.9 40722.3 22280.3 2317.62 19962.7 4865.52 3406.03 282.854 222.423 1459.49 1337.6 875.72 583.579 386.037
internal_count=213618 188486 104722 13098 91624 22827 14795 1265 971 8032 7461 4934 3390 2027
is_linear=0
shrinkage=0.03


Tree=188
num_leaves=15
num_cat=0
split_feature=149 231 238 151 228 231 244 231 228 249 224 121 231 244
split_gain=64.2659 69.1416 66.9725 59.0314 73.4284 111.796 66.2953 66.031 150.804 97.0279 94.908 96.0022 95.477 81.3375
threshold=16.500000000000004 25.500000000000004 -0.26470784842967982 4.5000000000000009 1.5000000000000002 67.500000000000014 0.0040353958029299983 92.500000000000014 6.5000000000000009 0.83333334326744091 32.500000000000007 63.500000000000007 76.500000000000014 0.04194495081901551
decision_type=8 10 10 10 8 10 2 10 8 2 10 10 10 2
left_child=1 -1 -2 4 -4 -6 -7 10 9 -9 11 -5 -12 -10
right_child=2 -3 3 7 5 6 -8 8 13 -11 12 -13 -14 -15
leaf_value=0.0025452390614807102 0.0091857610454952887 -0.0044018089871995462 -0.018408087507153854 0.0058018019394672389 -0.0049192529998517568 0.021751805792418036 0.0026302314159553264 -0.012433545941075883 0.0061537529425474153 0.010111452118831422 -0.0014313417542384625 0.00064393139943210993 0.0045810666826915794 -0.005756976419942412
leaf_weight=1686.9462274312973 749.362120334059 5385.6111647710204 255.56348433345556 5979.9199969917536 3064.3516745232046 198.19838435202837 771.6369444578886 1479.3501897417009 1471.8186278045177 186.64383435249329 13902.667890787125 7100.4965095594525 2856.9822897017002 782.36721561104059
leaf_count=7365 6406 24610 1309 27533 14019 939 3750 7235 7309 1178 61038 32685 13514 3964
internal_value=-0.000115619 -0.00274355 0.000363997 0.000187892 -0.00312284 -0.00211141 0.00672009 0.000609371 -0.00304628 -0.00986253 0.00109049 0.00300456 -0.000404299 0.00201269
internal_weight=45871.9 7072.56 38799.4 38050 4289.75 4034.19 969.835 33760.2 3920.18 1665.99 29840.1 13080.4 16759.7 2254.19
internal_count=212854 31975 180879 174473 20017 18708 4689 154456 19686 8413 134770 60218 74552 11273
is_linear=0
shrinkage=0.03


Tree=189
num_leaves=15
num_cat=0
split_feature=209 164 237 239 195 166 77 70 120 120 222 242 225 76
split_gain=58.6929 59.9441 57.2486 55.0117 49.8928 46.0759 45.5339 41.5975 67.5434 51.8872 64.1154 49.5785 69.3013 39.5519
threshold=50.500000000000007 51.500000000000007 0.24684522300958636 -0.017624672502279278 37.500000000000007 69.500000000000014 2.5000000000000004 27.500000000000004 19.500000000000004 47.500000000000007 39.500000000000007 0.027589712291955951 9.5000000000000018 67.500000000000014
decision_type=10 10 2 10 10 8 8 8 8 10 10 8 8 10
left_child=1 3 4 -1 5 -3 -5 9 -9 10 -8 -10 -13 -2
right_child=13 2 -4 6 -6 -7 7 8 11 -11 -12 12 -14 -15
leaf_value=0.0025032237876837986 -0.0042250501389201143 0.0028284354324028772 0.012751686911869497 -0.0086429815182101043 0.0035926691449747095 -0.0010373437333858326 -0.0073270133322256813 0.0026170574750644807 -0.0050188565917521208 0.0033431179859902587 0.006867391991505452 -0.01824310935298834 0.00066097245169150073 0.00089633944789650462
leaf_weight=4154.0183385908604 4232.1660054512322 4326.2515561431646 406.96159452199936 727.48364382982254 6645.8039470165968 7696.9804144538939 1039.3312534019351 2228.8805018812418 5347.1303080655634 3366.8282351084054 385.03259348869324 174.60291920602322 3190.1617182418704 1991.1311593912542
leaf_count=20796 18338 19697 2585 3479 31363 36402 4394 9573 23272 16049 1654 886 15503 9180
internal_value=0.000118731 0.000543637 0.00175517 -0.000577836 0.00150876 0.000354852 -0.00135648 -0.00101426 -0.00203455 0.00131499 -0.00346887 -0.00322627 -0.000371141 -0.00258766
internal_weight=45912.8 39689.5 19076 20613.5 18669 12023.2 16459.5 15732 10940.8 4791.19 1424.36 8711.89 3364.76 6223.3
internal_count=213171 185653 90047 95606 87462 56099 74810 71331 49234 22097 6048 39661 16389 27518
is_linear=0
shrinkage=0.03


Tree=190
num_leaves=15
num_cat=0
split_feature=193 245 230 229 231 243 224 228 243 248 222 249 228 230
split_gain=52.188 119.895 96.5099 131.276 118.273 119.721 113.765 115.368 110.909 101.665 102.609 96.5434 156.812 91.2437
threshold=73.500000000000014 -0.10793837159872054 71.500000000000014 35.500000000000007 87.500000000000014 -0.023233680985867974 34.500000000000007 20.500000000000004 -0.05089097470045089 0.83333334326744091 14.500000000000002 0.025252525694668296 35.500000000000007 18.500000000000004
decision_type=8 2 10 10 10 2 10 10 2 2 8 2 10 10
left_child=-1 -2 3 4 8 13 7 -5 -3 -10 -11 -4 -13 -6
right_child=1 2 11 6 5 -7 -8 -9 9 10 -12 12 -14 -15
leaf_value=-0.00080971681572097279 0.010413126779929562 0.01343657396870874 -0.0063049345773248215 0.013497724791371943 -0.0036576966694319094 0.011323626697533505 -0.0022551362825226251 -0.016886988332501573 0.0026510542629990413 -0.026009450758952529 0.012476277144511728 0.017254653706389036 0.0029692745332921587 -0.021337092349678254
leaf_weight=26408.270617265254 1192.4907939955592 823.08829552680254 724.49499847739935 119.94471599161625 649.04353175312281 263.51868734508753 3638.0408458560705 945.18590147793293 5397.3409574851394 209.52075818181038 80.096947528421879 821.12460137158632 4158.9802048206329 437.4313830435276
leaf_count=122411 7903 4081 3136 526 3006 1214 15798 4067 24228 904 366 3851 19700 1844
internal_value=5.88332e-05 0.00123729 0.000632943 -0.000836688 0.00153534 -0.00651491 -0.00479573 -0.0133716 0.00321217 0.00171137 -0.0153046 0.0038653 0.00535452 -0.0109054
internal_weight=45868.6 19460.3 18267.8 12563.2 7860.04 1349.99 4703.17 1065.13 6510.05 5686.96 289.618 5704.6 4980.1 1086.47
internal_count=213035 90624 82721 56034 35643 6064 20391 4593 29579 25498 1270 26687 23551 4850
is_linear=0
shrinkage=0.03


Tree=191
num_leaves=15
num_cat=0
split_feature=233 140 10 231 222 231 243 139 147 231 143 246 243 230
split_gain=52.6017 60.7354 82.9715 94.1261 83.6691 110.381 88.482 73.4093 72.2508 83.6113 82.5851 81.3495 113.565 71.0576
threshold=99.500000000000014 18.500000000000004 53.500000000000007 5.5000000000000009 3.5000000000000004 34.500000000000007 -0.071281947195529924 1.5000000000000002 60.500000000000007 29.500000000000004 61.500000000000007 0.029439410194754604 -0.05089097470045089 11.500000000000002
decision_type=10 10 10 8 8 10 2 10 10 10 10 2 2 10
left_child=1 2 3 7 5 6 -5 -1 11 -10 -11 12 -4 -6
right_child=-2 -3 8 4 13 -7 -8 -9 9 10 -12 -13 -14 -15
leaf_value=-0.028456096602086707 0.0049830461585924149 0.00065454928627566575 0.01579872896007144 -0.015309618366238276 0.0042733183419452446 -0.0086590719638657988 0.028771601626763021 -0.0048228292020420609 0.00074663128322097411 -0.025382970656586002 0.00049940863436179184 -0.011676432352944107 -0.0035182007544006786 -0.0011745212508789404
leaf_weight=168.00902114808559 1892.2087430655956 29801.00017241016 334.57593087106943 51.307692747563124 4010.2105518989265 1486.0545035637915 125.48165641725063 368.63907440006733 266.75162881612778 463.32162388414145 144.42649157717824 701.44751067087054 1325.7771283388138 4636.6890108510852
leaf_count=823 9405 137730 1569 265 20585 7696 572 1551 1120 1947 688 3129 5508 19951
internal_value=9.90174e-05 -0.000112663 -0.00173551 -0.000475717 0.000167348 -0.00597487 0.0158437 -0.0126069 -0.00594319 -0.0132624 -0.0193237 -0.00318865 0.000445612 0.00135406
internal_weight=45775.9 43883.7 14082.7 10846.4 10309.7 1662.84 176.789 536.648 3236.3 874.5 607.748 2361.8 1660.35 8646.9
internal_count=212539 203134 65404 51443 49069 8533 837 2374 13961 3755 2635 10206 7077 40536
is_linear=0
shrinkage=0.03


Tree=192
num_leaves=15
num_cat=0
split_feature=245 222 70 244 230 176 244 226 230 119 47 226 238 106
split_gain=61.6757 85.8303 111.296 94.288 97.5858 93.3689 80.724 78.4282 125.165 112.895 131.159 102.322 120.147 95.6819
threshold=-0.045178743079304688 43.500000000000007 15.500000000000002 0.025379881262779239 9.5000000000000018 83.500000000000014 0.1067665070295334 6.5000000000000009 21.500000000000004 98.500000000000014 34.500000000000007 43.500000000000007 -0.096968337893486009 89.500000000000014
decision_type=2 8 8 2 8 8 2 8 8 10 10 10 10 10
left_child=1 5 -3 4 -4 7 -5 -1 11 10 -10 13 -13 -9
right_child=-2 2 3 6 -6 -7 -8 8 9 -11 -12 12 -14 -15
leaf_value=0.0028514286652127538 -0.0017126697825280042 0.012867866626547904 0.023535199039670499 -0.0039295034774670581 0.003886882541106057 0.0085642357862635143 0.017409224978444372 -0.0056381757839998386 0.0049665424531820058 0.011706671146434838 -0.0021706540204180637 0.012922449867703963 -0.009642957502928224 -0.034602438807961912
leaf_weight=5002.7119808606803 13879.257922306657 1002.4712222293019 236.74642597138882 2248.6531487591565 3034.0105016455054 1058.8338979594409 161.83165291324258 5627.8942979648709 3115.9676811695099 735.25756604224443 8948.2346049547195 569.33616439625621 326.30515310168266 95.022105172276497
leaf_count=27468 60351 4854 1180 11475 14020 5611 1137 26259 14254 4000 38634 2750 1363 457
internal_value=-4.19241e-05 0.000679353 0.00370248 0.00206546 0.00537648 -0.000114806 -0.00243089 -0.000494463 -0.0013575 0.000375075 -0.000324657 -0.00470359 0.00468559 -0.00617861
internal_weight=46042.5 32163.3 6683.71 5681.24 3270.76 25479.6 2410.48 24420.7 19418 12799.5 12064.2 6618.56 895.641 5722.92
internal_count=213813 153462 32666 27812 15200 120796 12612 115185 87717 56888 52888 30829 4113 26716
is_linear=0
shrinkage=0.03


Tree=193
num_leaves=15
num_cat=0
split_feature=151 245 148 245 222 141 228 29 228 245 140 68 140 105
split_gain=56.371 60.3732 68.5075 63.4778 72.6364 63.7953 58.6194 47.9715 57.8547 66.106 71.472 56.1809 112.623 122.718
threshold=3.5000000000000004 -0.1103546880185604 12.500000000000002 -0.20662932842969892 16.500000000000004 83.500000000000014 1.5000000000000002 99.500000000000014 93.500000000000014 -0.065136436372995363 80.500000000000014 18.500000000000004 89.500000000000014 1.5000000000000002
decision_type=10 2 8 2 10 10 8 8 10 2 10 10 10 10
left_child=6 2 3 -2 5 -5 -1 8 11 -10 -11 12 -3 -14
right_child=1 7 -4 4 -6 -7 -8 -9 9 10 -12 -13 13 -15
leaf_value=-0.017474531590124458 0.020272982643525138 -0.001107996207745747 0.0077180215551742593 0.0049909314386778012 0.02265794148052153 -0.012860608976799262 -0.0023585185580634531 0.005417386647959284 -0.02437906585517547 -0.011226657402213186 0.0049192461255313756 0.00087248134584217796 0.017326700049703988 -0.025048213313735898
leaf_weight=236.05119116231799 93.712999429553747 10514.793041989207 1986.6431171409786 258.83283119648695 71.014407686889172 551.17740731686354 3864.5676325857639 1457.7761567607522 154.54387410730124 521.83243983983994 452.183618709445 25332.806338816881 68.087852232158184 320.02084866911173
leaf_count=1342 1291 47460 13357 1431 511 3129 18265 7916 867 2229 2143 111464 356 1410
internal_value=8.3112e-05 0.000412797 0.00453425 -0.00196719 -0.00453381 -0.00716498 -0.00326906 9.73229e-05 -0.000111635 -0.00677042 -0.00375716 9.75637e-05 -0.0017021 -0.0173657
internal_weight=45884 41783.4 2961.38 974.738 881.025 810.01 4100.62 38822 37364.3 1128.56 974.016 36235.7 10902.9 388.109
internal_count=213171 193564 19719 6362 5071 4560 19607 173845 165929 5239 4372 160690 49226 1766
is_linear=0
shrinkage=0.03


Tree=194
num_leaves=15
num_cat=0
split_feature=226 230 229 230 231 245 245 231 226 231 243 226 224 229
split_gain=53.1723 60.048 88.9788 111.956 94.0578 89.5063 87.9664 81.0858 175.967 137.506 107.371 105.309 92.1765 95.6713
threshold=99.500000000000014 80.500000000000014 78.500000000000014 66.500000000000014 20.500000000000004 -0.036037957295775407 -0.048071965575218194 25.500000000000004 66.500000000000014 55.500000000000007 -0.020383923314511773 92.500000000000014 72.500000000000014 88.500000000000014
decision_type=10 8 10 10 10 2 2 8 10 8 2 8 10 10
left_child=1 2 -1 5 -5 -4 7 8 -3 11 -11 -9 -13 -14
right_child=-2 6 3 4 -6 -7 -8 9 -10 10 -12 12 13 -15
leaf_value=-0.00016794999704299838 -0.0085015519919442659 -0.0092204156433591932 -0.027328346002924029 -0.026235345882258541 0.0050641886629080582 -0.0026298635173590558 -0.00052391164561651224 -0.01251431780163664 0.02336288869529184 0.0046808712971109917 0.022435646556863486 0.021419183214109207 -0.039037900486851081 0.0078137545193565899
leaf_weight=36189.90749701485 651.37746185809374 198.15163568407297 346.01912046968937 92.360225260257721 544.52892500907183 213.5971591770649 4199.3187282159925 650.18407283723354 542.09954493492842 1575.401009477675 373.27825637161732 188.37911839783192 50.846465095877647 103.24648380279541
leaf_count=166176 3117 1121 1449 397 2482 903 18906 2962 2679 9333 2062 1024 227 479
internal_value=-5.67402e-05 6.66279e-05 -0.000435187 -0.00844974 0.000189806 -0.018113 0.00244473 0.0058231 0.0146343 0.0035635 0.00817906 -0.00548849 0.00782666 -0.00908289
internal_weight=45918.7 45267.3 37386.4 1196.51 636.889 559.616 7880.91 3681.59 740.251 2941.34 1948.68 992.656 342.472 154.093
internal_count=213317 210200 171407 5231 2879 2352 38793 19887 3800 16087 11395 4692 1730 706
is_linear=0
shrinkage=0.03


Tree=195
num_leaves=15
num_cat=0
split_feature=240 231 230 230 244 70 231 248 42 228 176 228 244 244
split_gain=53.1865 50.8415 118.379 139.327 112.675 96.6406 122.637 187.343 221.576 102.95 101.523 89.809 130.882 129.047
threshold=0.082531653344631209 91.500000000000014 62.500000000000007 20.500000000000004 0.0056783624459058055 9.5000000000000018 75.500000000000014 0.59090909361839306 8.5000000000000018 86.500000000000014 11.500000000000002 12.500000000000002 0.017289781942963604 0.010074587073177101
decision_type=10 8 10 10 2 8 10 2 10 10 8 10 2 2
left_child=1 5 3 4 -3 -1 -7 -8 10 -10 -9 13 -13 -6
right_child=-2 2 -4 -5 11 6 7 8 9 -11 -12 12 -14 -15
leaf_value=0.003392103243290534 0.010332642717308263 0.014208910570034591 0.0058289183426679702 -0.014141808598439559 -0.021562775295929152 -0.0012942959278020682 -0.00072028493671614613 0.0037970492662566307 0.01775494238680389 -0.018005016127915802 -0.022549303607248831 0.022319735721800793 -0.0024264591861686948 -0.0035210542669131917
leaf_weight=7375.9411919824779 433.38444705307484 342.51828277856112 1222.9057804197073 1064.7950387895107 405.62571715563536 25882.160238809884 3487.8940493501723 357.39524722471833 1535.6789794676006 68.249126456677914 196.2793644964695 258.10918004065752 675.05783173814416 2568.3217954002321
leaf_count=34582 2489 1795 6636 4578 1975 114140 16223 2030 7824 327 929 1278 3313 15080
internal_value=-7.43163e-06 -0.0001083 -0.00255413 -0.00449048 -0.00204471 0.000303246 -0.000420243 0.00358212 0.0105084 0.0161312 -0.00577716 -0.00350222 0.00458229 -0.00604584
internal_weight=45874.3 45440.9 6537.33 5314.43 4249.63 38903.6 31527.7 5645.5 2157.6 1603.93 553.675 3907.11 933.167 2973.95
internal_count=213199 210710 34655 28019 23441 176055 141473 27333 11110 8151 2959 21646 4591 17055
is_linear=0
shrinkage=0.03


Tree=196
num_leaves=15
num_cat=0
split_feature=141 243 125 249 226 61 58 239 75 63 248 222 222 243
split_gain=51.0841 50.8931 50.5282 52.4665 62.7405 59.5217 65.7132 56.6298 57.2663 54.0879 62.6549 77.7591 109.23 86.2367
threshold=1.5000000000000002 -0.0085835503414273245 3.5000000000000004 0.7525252401828767 2.5000000000000004 2.5000000000000004 4.5000000000000009 -0.014423011802136896 56.500000000000007 75.500000000000014 0.73232322931289684 79.500000000000014 27.500000000000004 -0.031473882496356957
decision_type=8 2 8 2 8 8 10 8 8 10 2 10 8 2
left_child=-1 2 -2 7 -5 6 -6 8 -4 10 -9 12 13 -12
right_child=1 -3 3 4 5 -7 -8 9 -10 -11 11 -13 -14 -15
leaf_value=0.010973462632711907 -0.0027677408206808187 -0.003532169109168844 0.00016157498515229993 0.018358357890402296 0.0073981741357893186 0.0051548329204028232 -0.032532670320667978 -0.00077869808316904476 0.0041095743929565644 0.0019621988366691151 -0.0040682789411568797 -0.036153360337695305 0.0098653204906409796 -0.018289867224636127
leaf_weight=362.03771430253983 4832.973564170301 3748.0245221555233 8201.3952246457338 282.76299350336194 60.956322453916073 1183.8014798648655 73.9372443780303 13894.98415742442 5531.4264914989471 5161.983111448586 1490.264208201319 64.831040345132351 366.04134868085384 511.01078863441944
leaf_count=1574 23722 16469 37888 1664 377 5966 347 62087 27354 24234 6838 308 1704 2181
internal_value=-9.78843e-05 -0.00018856 0.000113056 0.000491802 0.00578528 0.00297141 -0.0152233 0.000249546 0.00175362 -0.000712014 -0.00155818 -0.00598995 -0.0050153 -0.00777254
internal_weight=45766.4 45404.4 41656.4 36823.4 1601.46 1318.7 134.894 35221.9 13732.8 21489.1 16327.1 2432.15 2367.32 2001.27
internal_count=212713 211139 194670 170948 8354 6690 724 162594 65242 97352 73118 11031 10723 9019
is_linear=0
shrinkage=0.03


Tree=197
num_leaves=15
num_cat=0
split_feature=141 63 119 122 121 171 249 78 248 226 249 121 7 171
split_gain=46.2744 46.9361 69.1886 72.9063 88.6271 73.1501 63.9103 71.7785 72.6916 92.3112 72.7628 64.1389 57.9337 50.936
threshold=1.5000000000000002 63.500000000000007 48.500000000000007 23.500000000000004 1.5000000000000002 82.500000000000014 0.075757574290037169 15.500000000000002 0.58080807328224193 61.500000000000007 0.48989899456501013 58.500000000000007 36.500000000000007 40.500000000000007
decision_type=8 10 8 10 10 10 2 10 2 10 2 10 10 8
left_child=-1 13 -3 4 -4 6 -5 -8 10 11 -9 -10 -7 -2
right_child=1 2 3 5 -6 12 7 8 9 -11 -12 -13 -14 -15
leaf_value=0.010380792867878325 -0.0018710471688926872 -0.0018375089798276811 -0.017074795981851503 -0.00092560579499340794 0.012461401562720045 -0.01674771918123482 -0.0014199962494880229 0.00072178828657352252 0.019010078106621423 0.024560923606320041 0.01052088535310354 0.0028348684842521661 -0.0011087426127648545 0.00065144152250974717
leaf_weight=376.03835367411375 16457.339560534805 4666.4454872608185 91.888656470924616 3206.0293189883232 997.58397173509002 302.10145021602511 1510.2553739957511 2346.9991234578192 293.12402394413948 361.9663073644042 952.29844078049064 827.82878256589174 677.6263510286808 12801.237657729536
leaf_count=1636 75048 20207 447 15101 4978 1465 8318 10978 1524 2215 4739 4230 3354 58951
internal_value=3.79065e-05 -4.98493e-05 0.00124335 0.00248669 0.00983761 0.00171373 0.0025202 0.00427453 0.00607211 0.0115702 0.00357341 0.0071953 -0.00605155 -0.00076756
internal_weight=45868.8 45492.7 16234.1 11567.7 1089.47 10478.2 9498.5 6292.47 4782.22 1482.92 3299.3 1120.95 979.728 29258.6
internal_count=213191 211555 77556 57349 5425 51924 47105 32004 23686 7969 15717 5754 4819 133999
is_linear=0
shrinkage=0.03


Tree=198
num_leaves=15
num_cat=0
split_feature=245 226 231 226 226 231 118 230 242 222 237 231 145 226
split_gain=52.4172 105.503 93.3469 83.9852 77.0231 111.079 138.975 127.066 81.6239 79.8162 78.2639 106.05 69.2956 97.2306
threshold=-0.1103546880185604 54.500000000000007 22.500000000000004 46.500000000000007 13.500000000000002 52.500000000000007 61.500000000000007 15.500000000000002 0.027692954987287525 11.500000000000002 0.054226521402597434 95.500000000000014 93.500000000000014 3.5000000000000004
decision_type=2 10 8 8 8 8 8 10 8 10 2 10 10 10
left_child=1 2 3 -1 10 9 -7 8 -8 -6 -4 -12 -13 -14
right_child=-2 -3 4 -5 5 6 7 -9 -10 -11 11 12 13 -15
leaf_value=-0.030205510758946546 -0.00031987411609606982 0.019972107446102085 0.014071897325196788 0.015433415526303208 0.019974640413279905 -0.027734323108550576 -0.019963198116775251 0.019999488051423219 0.0037098330202609956 -0.0087006619767637811 0.0092713725392270015 -0.034838428089443943 0.012513644272441197 -0.02788812618476233
leaf_weight=131.30176144838333 42490.675003901124 309.44994348660111 805.6873786970973 41.831901215016842 266.89787214994431 226.92954462766647 264.81754867732525 179.0150388404727 245.54778457060456 120.74186820536852 482.94175002351403 83.332198671996593 127.07495283707976 78.232940033078194
leaf_count=612 190756 2246 5866 258 1414 1063 1426 1169 1932 632 3399 567 1407 402
internal_value=-3.41655e-05 0.00356508 0.00184306 -0.0189378 0.00315298 -0.00223424 -0.00791212 -0.00108381 -0.00872118 0.0110487 0.00759268 0.000733583 -0.0133836 -0.00346176
internal_weight=45854.5 3363.8 3054.35 173.134 2881.22 1303.95 916.31 689.38 510.365 387.64 1577.27 771.582 288.64 205.308
internal_count=213149 22393 20147 870 19277 7636 5590 4527 3358 2046 11641 5775 2376 1809
is_linear=0
shrinkage=0.03


Tree=199
num_leaves=15
num_cat=0
split_feature=209 10 146 35 222 178 137 139 78 78 193 248 243 224
split_gain=48.898 55.0201 72.7821 101.314 72.5267 69.6843 100.862 62.9596 92.3845 69.4532 65.3402 61.7201 60.394 60.117
threshold=50.500000000000007 2.5000000000000004 98.500000000000014 7.5000000000000009 4.5000000000000009 11.500000000000002 89.500000000000014 40.500000000000007 22.500000000000004 32.500000000000007 72.500000000000014 0.81313130259513866 -0.035650614649057381 9.5000000000000018
decision_type=10 8 10 10 10 8 10 8 10 8 8 2 2 10
left_child=1 2 4 -4 11 6 -3 8 -7 -9 -11 -1 -8 -13
right_child=-2 5 3 -5 -6 7 12 9 -10 10 -12 13 -14 -15
leaf_value=-0.0097802343705076632 -0.0026020072006561344 -0.0019521925505546027 0.0035244995365585692 -0.020980958758888259 0.007756304287980016 -0.0022639636298392675 -0.0029107620841842493 0.0019853832237391117 0.0038743648288599203 -0.0041800231764238579 0.00018771142924973189 0.019237744491001241 -0.025341706588342304 -0.01469507507459631
leaf_weight=437.7649196125567 6242.1231034733355 5404.7715028785169 405.1951952688396 230.64287222549319 2561.4467459022999 3000.500044003129 180.85139634087682 6205.0999999158084 8273.3757868930697 5902.4280636161566 6438.6319084092975 151.99369379132986 269.32878326997161 57.734795734286308
leaf_count=2223 27649 26097 3070 1302 12655 14500 1006 28382 38163 25534 29690 1055 1209 264
internal_value=-0.000136741 0.000253206 0.00365809 -0.0055518 0.00549457 -0.000114669 -0.00310401 0.000473111 0.00224011 -0.000601647 -0.00190296 -0.00343459 -0.0165896 0.00965294
internal_weight=45761.9 39519.8 3844.78 635.838 3208.94 35675 5854.95 29820 11273.9 18546.2 12341.1 647.493 450.18 209.728
internal_count=212799 185150 20569 4372 16197 164581 28312 136269 52663 83606 55224 3542 2215 1319
is_linear=0
shrinkage=0.03


Tree=200
num_leaves=15
num_cat=0
split_feature=69 231 245 224 81 243 231 245 224 226 230 230 230 243
split_gain=57.5086 71.8619 65.9106 68.3705 55.1043 70.6545 110.142 114.412 96.419 94.3183 87.7002 81.9382 181.259 165.852
threshold=8.5000000000000018 88.500000000000014 -0.091281890869140611 4.5000000000000009 53.500000000000007 -0.021186019293963906 26.500000000000004 -0.10434083268046378 4.5000000000000009 89.500000000000014 15.500000000000002 24.500000000000004 15.500000000000002 -0.072390038520097719
decision_type=8 8 2 10 10 2 8 2 8 10 8 8 10 2
left_child=1 -1 -3 -4 5 6 7 -2 -9 -10 -7 12 -8 -14
right_child=4 2 3 -5 -6 10 11 8 9 -11 -12 -13 13 -15
leaf_value=0.0031991123620211284 -0.012501714766638583 0.0035914049103096756 -0.0219683166029561 -0.0036632533134661215 0.0011791521500043194 0.0034339023542706236 -0.0012766845937652873 0.030695819294362242 0.0037811484800778492 0.030918842690043961 -0.005206773556081022 0.00082470665651835566 0.023161773316381931 -0.015118149164994703
leaf_weight=7698.9474081918597 329.22006799280643 596.64698487147689 256.81795106828213 606.17751695215702 10853.030883278698 1258.8653259798884 5926.4220284186304 124.54193963110447 3270.7768955156207 109.78908628225327 6396.1460183262825 6828.03329551965 100.42060044780374 1509.7689574807882
leaf_count=35846 1659 4035 1131 2733 50214 5688 30124 555 14110 508 27719 31902 568 6515
internal_value=-8.34325e-05 0.00204194 -0.00404183 -0.00929988 -0.000614137 -0.00136709 -0.000349291 0.00416143 0.00575764 0.00475108 -0.00378319 -0.00155539 -0.00370994 -0.0126026
internal_weight=45865.6 9158.59 1459.64 862.995 36707 25854 18199 3834.33 3505.11 3380.57 7655.01 14364.6 7536.61 1610.19
internal_count=213307 43745 7899 3864 169562 119348 85941 16832 15173 14618 33407 69109 37207 7083
is_linear=0
shrinkage=0.03


Tree=201
num_leaves=15
num_cat=0
split_feature=194 245 178 230 229 195 52 244 230 244 249 242 229 245
split_gain=54.581 78.3878 78.2306 74.3667 83.8533 65.8067 86.0846 65.1849 119.356 71.0068 58.5694 59.1584 57.6971 54.8427
threshold=22.500000000000004 -0.093968823552131639 99.500000000000014 43.500000000000007 27.500000000000004 41.500000000000007 14.500000000000002 0.003124469425529242 7.5000000000000009 0.021798778325319294 0.7222222387790681 0.024725412018597129 5.5000000000000009 -0.086928300559520708
decision_type=10 2 8 10 10 10 10 2 8 2 2 8 8 2
left_child=1 3 5 7 -5 6 -2 8 -1 -9 11 -11 -12 -3
right_child=2 13 -4 4 -6 -7 -8 9 -10 10 12 -13 -14 -15
leaf_value=0.018574562376277269 -0.0063261565705947185 -0.0062579385465234717 0.0096535119904654788 -0.023253763982227123 0.0032614240197746014 0.00085029858663091538 -0.0010205158434918404 0.012857157098039688 -0.02480792964822667 -0.012659500906511422 0.023511348983815933 0.0042827115654031035 -0.00024086881648970678 0.00089533974119941054
leaf_weight=84.502247292548418 3621.8951315172017 1016.6120309606194 619.6688246615231 149.93893752992153 320.34789476916194 9851.3702436685562 11386.224651191384 1504.4885097779334 136.27987553179264 273.18324637785554 194.33077672868967 528.39113778248429 167.12364995479584 15972.629042290151
leaf_count=502 17254 4811 3496 654 1863 45300 50835 8790 664 1487 1591 3932 853 71164
internal_value=0.000134869 0.00129308 -0.000790232 0.00547379 -0.00550042 -0.00105434 -0.00230428 0.00727347 -0.00811832 0.00857296 0.00296859 -0.00157618 0.0128183 0.000463868
internal_weight=45827 20347.8 25479.2 3358.59 470.287 24859.5 15008.1 2888.3 220.782 2667.52 1163.03 801.574 361.454 16989.2
internal_count=213196 96311 116885 20336 2517 113389 68089 17819 1166 16653 7863 5419 2444 75975
is_linear=0
shrinkage=0.03


Tree=202
num_leaves=15
num_cat=0
split_feature=63 62 246 178 119 171 23 249 245 126 226 226 248 96
split_gain=48.4973 73.3176 78.9254 71.5622 61.7253 59.722 65.3241 56.9293 76.3173 56.0764 54.2358 146.104 98.1457 93.5055
threshold=72.500000000000014 92.500000000000014 0.098325811326503768 inf 15.500000000000002 80.500000000000014 8.5000000000000018 0.27777777612209326 -0.041627787053585046 97.500000000000014 41.500000000000007 49.500000000000007 0.83333334326744091 23.500000000000004
decision_type=10 8 2 8 10 10 10 2 2 10 10 8 2 10
left_child=1 3 9 10 -2 7 -7 8 -6 -3 -1 -12 -13 -14
right_child=4 2 -4 -5 5 6 -8 -9 -10 -11 11 12 13 -15
leaf_value=-0.0014828585631878797 -0.006420937003796646 -0.0068341376447701233 0.011393493001765068 0.01386089123583399 0.0030633223968621892 -0.018212822882224023 -0.00070776771926991879 0.0062239704219813376 -0.0042857767055394834 0.0038010187427773684 0.007623425995059975 -0.00087678185030786154 0.023723667943228069 -0.0036842083954328557
leaf_weight=14676.737121321261 796.44933136552572 3330.0032851472497 259.60987551510334 319.17806899920106 5704.9902459904552 227.90401596203446 995.99486958608031 3198.0353583544493 1626.3562930375338 508.46058820933104 2538.6963039711118 11112.961968950927 278.70549735054374 179.16026056930423
leaf_count=68742 3390 16222 1815 1770 27381 1105 4825 16715 6960 2631 10883 48160 1391 1002
internal_value=2.33344e-05 -0.000577162 -0.00432893 -4.76042e-05 0.0016113 0.00216059 -0.0040886 0.00289016 0.00142941 -0.00541914 -0.00020658 0.00112112 -0.000310873 0.0131496
internal_weight=45753.2 33203.5 4098.07 29105.4 12549.7 11753.3 1223.9 10529.4 7331.35 3838.46 28786.3 14109.5 11570.8 457.866
internal_count=212992 152616 20668 131948 60376 56986 5930 51056 34341 18853 130178 61436 50553 2393
is_linear=0
shrinkage=0.03


Tree=203
num_leaves=15
num_cat=0
split_feature=165 151 245 243 228 229 108 228 245 94 238 51 139 225
split_gain=53.5528 67.5547 61.2143 67.5707 51.1648 63.0464 68.5633 52.6613 50.3051 56.8092 48.7795 48.8963 65.8434 63.7477
threshold=17.500000000000004 3.5000000000000004 -0.093968823552131639 -0.023858854547142979 44.500000000000007 4.5000000000000009 62.500000000000007 70.500000000000014 -0.079050879925489412 30.500000000000004 -0.28120833635330195 3.5000000000000004 40.500000000000007 91.500000000000014
decision_type=8 10 2 2 10 10 10 10 2 10 10 8 8 8
left_child=2 -2 -1 4 5 8 -7 -6 9 -4 -3 -12 -13 -14
right_child=1 10 3 -5 7 6 -8 -9 -10 -11 11 12 13 -15
leaf_value=0.0090694038029673942 -0.0033817152046339625 0.010570185266597785 0.011355031033156408 -0.00018193859408970447 0.0067658011659354825 -0.0085874136799865518 -0.028007097613784171 -0.0095073280353551119 0.0098846338277075174 -0.030789118997601804 -0.0022956705205487492 0.0026271096969437591 -0.00096164696710860135 0.0044352367752402257
leaf_weight=389.56874091923237 3673.7429693900049 452.34933859109879 41.894910976290703 3557.9421000257134 467.56787119805813 1884.0008636042476 172.48585453629494 276.29458146542311 265.60279621183872 59.982220076024532 4137.8548497259617 14601.944051686674 13420.272283405066 2298.36975800246
leaf_count=2355 17658 4199 210 15681 2164 8224 784 1292 1250 274 19492 68884 58997 11189
internal_value=4.12402e-05 0.000482395 -0.00234834 -0.00302216 -0.00620154 -0.00830605 -0.0103439 0.000675498 0.00306986 -0.0139923 0.000889876 0.000759769 0.00117736 -0.0001702
internal_weight=45699.9 38584.5 7115.34 6725.77 3167.83 2423.97 2056.49 743.862 367.48 101.877 34910.8 34458.4 30320.6 15718.6
internal_count=212653 180419 32234 29879 14198 10742 9008 3456 1734 484 162761 158562 139070 70186
is_linear=0
shrinkage=0.03


Tree=204
num_leaves=15
num_cat=0
split_feature=66 224 244 9 233 10 140 120 243 224 176 224 101 30
split_gain=60.9322 73.6217 63.7705 58.0361 51.0152 80.1272 107.503 93.0962 90.3637 117.914 96.7622 70.8267 65.7551 59.7142
threshold=15.500000000000002 87.500000000000014 0.085569173097610488 80.500000000000014 68.500000000000014 34.500000000000007 88.500000000000014 68.500000000000014 -0.057986741885542863 1.5000000000000002 5.5000000000000009 6.5000000000000009 4.5000000000000009 17.500000000000004
decision_type=10 10 2 8 8 10 10 10 2 10 10 10 10 10
left_child=1 2 3 -1 12 6 7 -6 -9 10 -10 -7 -2 -13
right_child=4 -3 -4 -5 5 11 -8 8 9 -11 -12 13 -14 -15
leaf_value=-0.00075344598432756948 -0.0045049417996573266 -0.012931053448901135 0.016567206613192633 -0.0071698469942780641 -0.0023229764895987557 -0.0048080358959042575 -0.013449418005565959 -0.003739945305934684 0.0044491397105664099 0.008807498430746975 -0.028782119846016838 0.011615613514849217 0.00021116677658730566 0.0037284445427833348
leaf_weight=6343.9604307115078 3021.426331602037 547.08884084969759 159.42230324447155 1576.7903279997408 3653.8964945524931 527.93084406480193 473.91738299280405 950.45130563899875 169.52021174132824 2725.3005541488528 133.84508612751961 1436.6916195005178 21754.058629911393 2182.0971289798617
leaf_count=27364 14432 2342 1205 7846 16026 2773 2409 6390 1015 13423 630 6676 100272 9714
internal_value=-0.000111522 -0.00238053 -0.00165108 -0.00203819 0.000417626 0.00200014 0.000263414 0.0011313 0.00430112 0.00682856 -0.0106631 0.00538668 -0.000365559 0.0068831
internal_weight=45656.4 8627.26 8080.17 7920.75 37029.1 12253.7 8106.93 7633.01 3979.12 3028.67 303.365 4146.72 24775.5 3618.79
internal_count=212517 38757 36415 35210 173760 59056 39893 37484 21458 15068 1645 19163 114704 16390
is_linear=0
shrinkage=0.03


Tree=205
num_leaves=15
num_cat=0
split_feature=233 103 23 189 243 226 231 231 226 231 230 244 231 226
split_gain=52.7361 53.5891 58.7555 47.2534 50.6583 67.6323 120.459 105.392 136.596 122.464 121.726 120.758 110.957 100.255
threshold=99.500000000000014 29.500000000000004 14.500000000000002 53.500000000000007 -0.0085835503414273245 43.500000000000007 68.500000000000014 81.500000000000014 4.5000000000000009 21.500000000000004 18.500000000000004 0.060495218262076385 77.500000000000014 50.500000000000007
decision_type=10 10 10 10 2 10 10 10 8 10 10 2 10 10
left_child=3 -2 -3 4 5 7 13 8 9 -1 -9 -10 -11 -7
right_child=1 2 -4 -5 -6 6 -8 10 11 12 -12 -13 -14 -15
leaf_value=-0.010676048941962236 0.0091707971618294314 -0.010856546219819331 0.0056512427503653999 0.00094004670108807685 -0.0057640339412512879 0.0067970140968693941 0.0059832653878954534 -0.0033563367672548002 -0.0027247056229634265 0.017104588405984788 -0.01712748135070126 0.01903055971182482 -0.016023244709408985 -0.0022759810579803456
leaf_weight=224.19054754823446 1092.0679929964244 317.14386373758316 467.22570243105292 18405.031643334776 1892.2327957972884 1282.6486312374473 3124.4555033072829 2028.9537578709424 7772.6124399341643 841.53939341381192 801.51790030300617 226.70838718116283 93.98904088139534 7202.5896177142859
leaf_count=1018 5709 1593 2069 86887 8272 5506 15222 10482 34748 4423 3535 1728 563 31310
internal_value=-7.01731e-06 0.00490454 -0.00107599 -0.00021804 -0.00105423 -0.000674306 0.000957402 -0.0022538 -0.000687299 0.00888996 -0.00730255 -0.00208515 0.0136421 -0.000898099
internal_weight=45772.9 1876.44 784.37 43896.5 25491.4 23599.2 11609.7 11989.5 9159.04 1159.72 2830.47 7999.32 935.528 8485.24
internal_count=213065 9371 3662 203694 116807 108535 52038 56497 42480 6004 14017 36476 4986 36816
is_linear=0
shrinkage=0.03


Tree=206
num_leaves=15
num_cat=0
split_feature=233 101 229 246 231 244 243 147 167 232 243 231 24 231
split_gain=50.8331 59.5955 68.795 81.2526 77.3903 105.001 64.7267 75.654 56.3952 50.844 47.651 98.4483 81.0407 79.2275
threshold=61.500000000000007 3.5000000000000004 5.5000000000000009 0.0021583283087238674 89.500000000000014 0.057330913841724403 -0.089548621326684938 15.500000000000002 46.500000000000007 19.500000000000004 -0.038856796920299523 5.5000000000000009 27.500000000000004 16.500000000000004
decision_type=10 8 8 2 10 2 2 10 10 10 2 8 10 10
left_child=1 9 4 -4 -3 6 -6 -8 -9 -1 11 -5 -13 -14
right_child=-2 2 3 10 5 -7 7 8 -10 -11 -12 12 13 -15
leaf_value=0.0035416611031215709 0.0011941695728506113 0.0086531416247183236 -0.027854193769431951 -0.019517133339026906 0.013824908223577619 0.019073352356108492 0.01422484193063606 -0.018372970247841305 0.0026496701207420078 -0.0070628900614535398 -0.0015454239848296028 0.0082437614773294577 0.011646635361703126 -0.0018419755108322984
leaf_weight=493.05686554312706 17838.167819343507 1483.7574874982238 90.386089578270912 178.8028756454587 113.11629068478942 165.07568657398224 94.302254401147366 483.692458152771 146.64630351215601 2183.7231184877455 17511.304635014385 1538.3655961677432 442.12118116021156 2932.7090204805136
leaf_count=2211 83900 7584 382 864 761 1049 478 2221 697 10429 78209 8446 1983 13556
internal_value=-5.58513e-05 -0.000856439 -0.000403095 -0.000922725 0.00432397 -0.00210351 -0.00645206 -0.00976239 -0.0135171 -0.00510364 -0.000802761 0.00174927 0.00256127 -4.57061e-05
internal_weight=45695.2 27857.1 25180.3 22693.7 2486.59 1002.83 837.757 724.641 630.339 2676.78 22603.3 5092 4913.2 3374.83
internal_count=212770 128870 116230 103440 12790 5206 4157 3396 2918 12640 103058 24849 23985 15539
is_linear=0
shrinkage=0.03


Tree=207
num_leaves=15
num_cat=0
split_feature=124 193 245 76 242 233 106 242 122 224 67 63 226 23
split_gain=47.7645 56.5788 79.6206 78.7212 66.3865 67.04 67.0194 63.6604 60.9898 81.6233 71.1423 66.2141 62.2783 68.5614
threshold=6.5000000000000009 73.500000000000014 -0.1103546880185604 81.500000000000014 0.020127906464040283 44.500000000000007 17.500000000000004 0.021229340694844726 34.500000000000007 35.500000000000007 4.5000000000000009 40.500000000000007 69.500000000000014 16.500000000000004
decision_type=8 8 2 10 8 10 10 8 8 10 10 10 10 8
left_child=-1 3 -3 8 5 6 -4 -5 9 10 -2 -11 13 -13
right_child=1 2 4 7 -6 -7 -8 -9 -10 11 -12 12 -14 -15
leaf_value=-0.0050298915964964138 -0.0062896713100050643 0.0096100662397802759 -0.0070822607423209789 -0.00089092465142729803 0.0024437900787816504 0.0021604607463807462 0.0013672670959558302 0.0052265922104548692 -0.0026589959128934509 -0.0060697586111551505 0.0074556903959235084 -0.002275431609069472 -0.0094373037747185699 0.011527958856909755
leaf_weight=1559.0709134116769 398.2695783637464 1030.5724009238183 2330.1345602273941 2898.1215993836522 11389.465304292738 2748.6448390111327 1317.767926543951 3229.3637302741408 13592.815402202308 1735.0655820667744 2034.3801047429442 587.71644955128431 313.54586086422205 703.77577569335699
leaf_count=6644 1891 7128 10113 13625 53135 12033 5707 17944 61357 7458 9285 2782 1319 3033
internal_value=0.000114101 0.00029619 0.00154355 -0.000624739 0.00107102 -0.0013733 -0.00403456 0.00233645 -0.00156241 0.00101979 0.00518878 -0.00202299 0.00236212 0.00527726
internal_weight=45868.7 44309.6 18816.6 25493.1 17786 6396.55 3647.9 6127.49 19365.6 5772.75 2432.65 3340.1 1605.04 1291.49
internal_count=213454 206810 88116 118694 80988 27853 15820 31569 87125 25768 11176 14592 7134 5815
is_linear=0
shrinkage=0.03


Tree=208
num_leaves=15
num_cat=0
split_feature=233 56 106 47 193 245 76 60 78 231 238 35 231 64
split_gain=52.098 55.0492 85.8275 57.09 47.0287 76.891 70.049 73.8466 63.1404 62.1928 70.6162 66.8853 66.142 52.9213
threshold=99.500000000000014 40.500000000000007 88.500000000000014 1.0000000180025095e-35 75.500000000000014 -0.10793837159872054 82.500000000000014 30.500000000000004 1.5000000000000002 68.500000000000014 -0.17286951839923856 24.500000000000004 12.500000000000002 1.0000000180025095e-35
decision_type=10 10 10 8 8 2 10 10 10 10 10 10 10 10
left_child=4 2 -2 -3 6 8 -1 -8 -6 12 -11 -12 13 -9
right_child=1 3 -4 -5 5 -7 7 9 -10 10 11 -13 -14 -15
leaf_value=-0.0018980985009394466 0.010636481803287327 -0.02017867952705138 -0.023739959323263608 0.0021069624675122433 -0.0065048135084643305 0.00045265660888695974 -0.014655943464099062 -0.024041707195456941 0.012139091142793938 0.0065718474138979893 -0.009808190920182187 0.0020047717741351122 0.0074267787917977404 0.00029970032924328077
leaf_weight=19810.835101507604 1135.3567219860852 115.95137698203325 60.040794678032398 571.44842151552439 193.95019699633121 17281.700177267194 223.83127931877971 89.483355551958084 872.12031479552388 765.20783541724086 918.18740617483854 800.60036662220955 2519.4898788817227 417.51899327337742
leaf_count=88702 6040 560 290 2542 1542 78571 1052 412 5653 5570 4317 3964 12079 1834
internal_value=-1.08933e-05 0.0048623 0.00872725 -0.00188764 -0.00022099 0.000937406 -0.00105305 0.00186464 0.00871828 0.00256103 -0.000955985 -0.00432602 0.00544126 -0.00437836
internal_weight=45775.7 1882.8 1195.4 687.4 43892.9 18347.8 25545.2 5734.32 1066.07 5510.49 2484 1718.79 3026.49 507.002
internal_count=213128 9432 6330 3102 203696 85766 117930 29228 7195 28176 13851 8281 14325 2246
is_linear=0
shrinkage=0.03


Tree=209
num_leaves=15
num_cat=0
split_feature=194 226 140 231 231 249 246 245 29 121 190 226 57 226
split_gain=52.1805 71.3204 97.629 93.6827 98.9466 82.0925 113.401 71.9697 67.0242 62.3589 60.2823 69.3118 76.3211 47.5848
threshold=29.500000000000004 3.5000000000000004 90.500000000000014 21.500000000000004 69.500000000000014 0.025252525694668296 0.014848346821963789 -0.041366165503859513 inf 61.500000000000007 1.5000000000000002 36.500000000000007 86.500000000000014 99.500000000000014
decision_type=10 8 10 10 10 2 2 2 8 10 10 10 10 10
left_child=1 2 3 -1 7 6 -6 -5 10 -4 11 12 -2 -12
right_child=8 -3 9 4 5 -7 -8 -9 -10 -11 13 -13 -14 -15
leaf_value=-0.012752908240449824 -0.015698801654953784 0.00043303919234116375 -0.030479393889781117 0.022867791603171726 0.0045031650550279058 0.0078358470652174633 -0.035034417388458479 -0.0034022674445516421 0.010622929783147939 0.0023871914599510758 -0.00065309230674300792 0.0075430279139970559 0.0067985736756666984 -0.010839238821964711
leaf_weight=186.26638765633106 731.00592205300927 20220.375188603997 95.06222178414464 557.2797013707459 172.71503835916519 1374.4886704534292 93.127337463200092 109.60494123399258 429.27795566245914 100.12483961507678 20818.61412044242 201.83520825952291 160.11783062666655 411.17155313491821
leaf_count=855 3636 93153 424 3042 982 8289 442 504 2548 607 94375 884 980 1947
internal_value=3.41997e-05 0.00104464 0.0056256 0.00723831 0.00890031 0.00488292 -0.0101152 0.0185637 -0.000983227 -0.0143252 -0.00121108 -0.00804968 -0.0116259 -0.000855385
internal_weight=45661.1 22909 2688.67 2493.48 2307.22 1640.33 265.842 666.885 22752 195.187 22322.7 1092.96 891.124 21229.8
internal_count=212668 108298 15145 14114 13259 9713 1424 3546 104370 1031 101822 5500 4616 96322
is_linear=0
shrinkage=0.03


Tree=210
num_leaves=15
num_cat=0
split_feature=164 77 237 231 248 104 69 212 13 245 245 248 231 120
split_gain=49.3309 61.8447 59.8601 51.1874 68.5592 76.7655 53.5661 48.8964 45.4816 44.1462 130.964 81.4365 113.364 75.3761
threshold=34.500000000000007 1.5000000000000002 0.19204077124595645 99.500000000000014 0.83333334326744091 17.500000000000004 24.500000000000004 57.500000000000007 74.500000000000014 -0.07631423324346541 -0.064919136464595781 0.58080807328224193 11.500000000000002 40.500000000000007
decision_type=10 8 2 10 2 8 10 10 10 2 2 2 8 8
left_child=1 -1 3 7 6 -6 -5 9 -8 -2 13 -12 -13 -11
right_child=2 -3 -4 4 5 -7 8 -9 -10 10 11 12 -14 -15
leaf_value=-0.012735538592292074 0.0030570518200152153 -0.001046075674925618 0.0084749845438327389 -0.018888621647353974 0.022254859750502867 -0.023049373385969976 0.0025522960615213743 -0.0027904737849404697 -0.017187398210266675 -0.010966114810316795 0.00073867022905049827 -0.017314909110015375 0.0098597836457343744 -0.0016821426335175487
leaf_weight=408.06259390711784 7637.4077522493899 16073.227998752147 856.80533143132925 330.34349796548486 123.49819670990109 36.059916898608208 349.29885638132691 3161.2161282636225 139.00246400386095 1183.8561872243881 11310.729215085506 141.69256946444511 1643.2047967612743 2323.3404969498515
leaf_count=1949 39810 74235 5286 1763 1007 205 1835 13950 679 5012 49017 589 7165 10445
internal_value=-3.09931e-05 -0.00134304 0.000708848 0.000471479 -0.00623679 0.0112606 -0.00974187 0.000713145 -0.00329906 0.00117102 0.000302117 0.00168141 0.00761809 -0.00483822
internal_weight=45717.7 16481.3 29236.5 28379.7 978.203 159.558 818.645 27401.4 488.301 24240.2 16602.8 13095.6 1784.9 3507.2
internal_count=212947 76184 136763 131477 5489 1212 4277 125988 2514 112038 72228 56771 7754 15457
is_linear=0
shrinkage=0.03


Tree=211
num_leaves=15
num_cat=0
split_feature=190 228 248 189 120 193 230 226 248 143 226 80 147 243
split_gain=42.8418 56.0058 85.5847 46.5744 68.2798 69.8579 68.8007 79.1813 120.123 86.1222 75.0258 73.1801 72.531 74.4099
threshold=73.500000000000014 93.500000000000014 0.57070705294609081 53.500000000000007 98.500000000000014 90.500000000000014 3.5000000000000004 29.500000000000004 0.70202019810676586 60.500000000000007 27.500000000000004 9.5000000000000018 6.5000000000000009 -0.052745033055543893
decision_type=10 10 2 10 10 10 8 10 2 8 10 10 8 2
left_child=1 3 -3 4 6 -6 -1 8 10 -10 -8 -9 -11 -14
right_child=-2 2 -4 -5 5 -7 7 11 9 12 -12 -13 13 -15
leaf_value=0.003374252509283273 0.0025457201724902122 -0.0039178801372319882 -0.030335929997233738 0.001056221925335819 0.0013690741544072061 0.014920905796078377 -0.0010747501519929581 0.0043660651098682574 -0.01856931285071875 -0.021999605057310745 -0.015901685565813294 -0.0018553132013399685 0.018826552729719281 -0.005528480438893619
leaf_weight=2247.1190968640149 5279.0211404189467 828.08047793805599 118.16384851187468 16603.408599365503 1778.7357928566635 414.69112414121628 3644.5795401632786 2012.6880932822824 846.72695375233889 160.41924039274454 325.62615964561701 10717.675635784864 136.9779939763248 476.95032504945993
leaf_count=11175 25120 3690 603 78685 10151 2321 17190 8749 3687 731 1363 46042 717 2165
internal_value=7.0687e-06 -0.000325928 -0.00749962 -0.000151631 -0.00103275 0.00398728 -0.00156976 -0.00217764 -0.00515021 -0.0120062 -0.00232771 -0.00086905 -0.00468435 0.000120196
internal_weight=45590.9 40311.8 946.244 39365.6 22762.2 2193.43 20568.8 18321.6 5591.28 1621.07 3970.21 12730.4 774.348 613.928
internal_count=212389 187269 4293 182976 104291 12472 91819 80644 25853 7300 18553 54791 3613 2882
is_linear=0
shrinkage=0.03


Tree=212
num_leaves=15
num_cat=0
split_feature=233 194 224 59 35 147 171 79 215 39 228 68 78 226
split_gain=48.3658 57.983 79.1929 66.746 68.8613 56.3536 54.9537 64.3885 59.4765 46.6761 42.1924 43.9348 54.9937 53.6391
threshold=68.500000000000014 31.500000000000004 6.5000000000000009 18.500000000000004 67.500000000000014 75.500000000000014 24.500000000000004 7.5000000000000009 78.500000000000014 3.5000000000000004 1.0000000180025095e-35 10.500000000000002 11.500000000000002 47.500000000000007
decision_type=10 10 10 10 10 10 8 8 10 10 8 8 10 10
left_child=6 9 3 4 5 -3 8 -8 -1 -2 -9 12 13 -12
right_child=1 2 -4 -5 -6 -7 7 10 -10 -11 11 -13 -14 -15
leaf_value=-0.0018199851248853684 0.0087743124931381911 0.0061899362403515425 0.0005204999302396015 -0.01917323844349304 -0.024156815643662108 -0.024621784392052797 0.0074926317071194381 0.010427076821320829 -0.0096995497611981427 0.0021095196127319028 -0.0058388077826149326 5.0964726032159213e-05 -0.00078810290514035465 -0.024184890733675329
leaf_weight=10555.528320334852 1096.6440626382828 420.05843921005726 6453.3940859138966 341.31876380741596 97.569518942385912 51.079222235828638 1009.7542556226254 316.86514181271195 929.91411471739411 6595.1967183202505 476.92289492860436 16048.260823830962 1128.5338607244194 201.26797472313046
leaf_count=48847 6450 2572 29322 1572 492 263 5165 1709 4059 30489 2255 73823 5137 889
internal_value=-0.000142058 0.00125001 -0.000652629 -0.00888703 -0.00248897 0.00240712 -0.000825646 0.000157229 -0.00246583 0.00306989 -0.000254274 -0.000449562 -0.00487131 -0.0115557
internal_weight=45722.3 15055.3 7363.42 910.026 568.707 471.138 30667 19181.6 11485.4 7691.84 18171.9 17855 1806.72 678.191
internal_count=213044 71160 34221 4899 3327 2835 141884 88978 52906 36939 83813 82104 8281 3144
is_linear=0
shrinkage=0.03


Tree=213
num_leaves=15
num_cat=0
split_feature=69 10 222 52 47 136 104 70 135 28 241 244 244 145
split_gain=39.4522 79.6729 65.6638 58.9012 97.9647 50.7071 69.3692 50.8458 73.6232 60.479 64.6126 59.58 45.7595 56.7748
threshold=11.500000000000002 82.500000000000014 28.500000000000004 32.500000000000007 16.500000000000004 1.5000000000000002 9.5000000000000018 81.500000000000014 58.500000000000007 20.500000000000004 -1.3431820273399351 0.088811542838811888 0.025379881262779239 86.500000000000014
decision_type=8 10 10 10 10 8 8 10 10 8 10 2 2 10
left_child=1 2 -1 5 -5 -2 -7 8 11 10 -10 -8 13 -6
right_child=3 -3 -4 4 12 6 7 -9 9 -11 -12 -13 -14 -15
leaf_value=0.001073986485081363 0.0033977166269487298 -0.0046036972985537437 0.0065105271087932907 0.0067235276876994807 -0.00034438755004924685 -0.0071340265927211689 -0.00081920199218645884 -0.009907625436241782 0.0053749570774880972 -0.00015142455921664743 -0.031967874817989295 0.012701163091049452 -0.0027442741807190453 0.0041075374794994372
leaf_weight=6779.6967166103423 1486.1442663855851 1563.4166670665145 2829.0153108909726 2135.4584670513868 10036.858361519873 2316.0611662939191 9537.9523172266781 590.27539382874966 50.869846619665623 175.63114113360643 170.22251252830029 292.64364415034652 4323.4569156207144 3458.6312258578837
leaf_count=33466 8674 7144 12808 10270 43087 10722 43579 2704 226 813 725 1967 20321 16749
internal_value=0.000108276 0.00165729 0.00267973 -0.000392598 0.000667206 -0.00183858 -0.00243323 -0.00142112 -0.000922121 -0.0134299 -0.0235151 -0.000404221 -6.19596e-05 0.000798751
internal_weight=45746.3 11172.1 9608.71 34574.2 19954.4 14619.8 13133.7 10817.6 10227.3 396.724 221.092 9830.6 17818.9 13495.5
internal_count=213255 53418 46274 159837 90427 69410 60736 50014 47310 1764 951 45546 80157 59836
is_linear=0
shrinkage=0.03


Tree=214
num_leaves=15
num_cat=0
split_feature=242 66 23 118 224 222 248 0 224 29 79 77 243 242
split_gain=47.887 45.5341 58.7888 56.2645 49.2897 75.2834 108.894 71.6777 65.3371 60.6287 103.948 68.2015 121.951 88.1534
threshold=0.010334474965929987 15.500000000000002 50.500000000000007 93.500000000000014 76.500000000000014 25.500000000000004 0.77272728085517894 5.5000000000000009 65.500000000000014 9.5000000000000018 41.500000000000007 14.500000000000002 -0.05156388692557811 0.027375230565667156
decision_type=8 10 10 10 10 10 2 10 10 8 10 10 2 8
left_child=-1 2 -2 -4 8 -6 -7 -8 9 10 -3 12 -11 -14
right_child=1 4 3 -5 5 6 7 -9 -10 11 -12 -13 13 -15
leaf_value=-0.010455392325017507 -0.00022454704131543706 0.00019569567438588458 -0.0065767770841343347 0.01159481086419693 0.011493732616241724 0.0026065763040801055 0.0072451833411785174 -0.028854033474975223 -0.0042534824498005825 0.0072210820338078673 -0.0078212155054699847 0.002251609990868637 -0.0075926213431257352 0.0040682604658342043
leaf_weight=384.73004149645567 5906.1768060550094 5966.4321918860078 2603.2394393160939 153.95237594842911 802.30455378070474 4881.6181183233857 65.424466621130705 157.36442169547081 2905.9704436808825 971.38470301777124 1915.1205856204033 15752.8044994995 2468.7696366012096 756.05065622925758
leaf_count=1668 27330 31618 10890 736 4023 22581 499 787 13133 5029 8921 71327 10582 3857
internal_value=-5.14836e-05 3.91509e-05 -0.00191554 -0.0055239 0.000501684 0.00300912 0.00165566 -0.0183972 1.90015e-05 0.000466487 -0.00175976 0.00134648 -0.00204869 -0.00485463
internal_weight=45691.3 45306.6 8663.37 2757.19 36643.2 5906.71 5104.41 222.789 30736.5 27830.6 7881.55 19949 4196.2 3224.82
internal_count=212981 211313 38956 11626 172357 27890 23867 1286 144467 131334 40539 90795 19468 14439
is_linear=0
shrinkage=0.03


Tree=215
num_leaves=15
num_cat=0
split_feature=101 246 238 243 250 228 24 243 243 226 119 246 244 229
split_gain=50.7184 74.8732 69.7181 62.62 55.8133 58.7225 75.1322 64.329 54.4221 76.4632 60.8231 51.2724 91.2159 67.2314
threshold=5.5000000000000009 0.010001357644796373 -0.28120833635330195 -0.0085835503414273245 0.00010001500049838798 93.500000000000014 76.500000000000014 -0.02246222551912069 -0.028265997767448422 5.5000000000000009 98.500000000000014 0.019941524602472786 0.0059612335171550521 7.5000000000000009
decision_type=8 2 10 2 2 10 8 2 2 8 10 2 2 10
left_child=1 -1 -3 4 5 -2 7 -7 -4 -10 11 -11 -13 -14
right_child=3 2 8 -5 -6 6 -8 -9 9 10 -12 12 13 -15
leaf_value=0.0064869315155082633 0.00073568587763837227 0.013257143347860743 -0.0059315011798426274 -0.0033155207204461469 0.0052626049374085368 -0.030240882336101574 0.00053640072981843456 -0.0048550527997566215 0.017168084625005197 0.003866993152493052 0.018650271462799534 -0.030498970111210021 -0.024850034986438434 -0.00067903161142243164
leaf_weight=765.15162544697523 31979.301640488207 208.58129575848579 4116.67035394907 3563.2257381826639 2396.5031570680439 170.90634635835886 481.67747198790312 187.58636982738972 202.97633061930537 547.04909653961658 110.40637102723122 124.57197926938534 109.65073401480913 775.13252771645784
leaf_count=3491 147568 2218 20032 15654 12083 739 2407 798 1029 2269 543 536 488 3311
internal_value=4.54486e-05 -0.00231068 -0.00340598 0.000468819 0.000852559 0.000529029 -0.00725305 -0.0174496 -0.0040077 0.000236916 -0.00191497 -0.00348356 -0.00746625 -0.00391878
internal_weight=45739.4 6960.19 6195.04 38779.2 35216 32819.5 840.17 358.493 5986.46 1869.79 1666.81 1556.4 1009.36 884.783
internal_count=213166 33917 30426 179249 163595 151512 3944 1537 28208 8176 7147 6604 4335 3799
is_linear=0
shrinkage=0.03


Tree=216
num_leaves=15
num_cat=0
split_feature=141 98 238 231 231 244 244 229 248 78 244 170 231 148
split_gain=43.7402 44.6228 60.3829 70.021 120.845 86.4897 83.7707 81.8427 140.284 80.3007 77.5944 72.2228 62.924 59.7359
threshold=1.5000000000000002 42.500000000000007 -0.24148436635732648 26.500000000000004 31.500000000000004 0.0018125285278074446 0.0054901232942938813 11.500000000000002 0.76262626051902782 32.500000000000007 0.0062504049856215724 24.500000000000004 23.500000000000004 12.500000000000002
decision_type=8 10 10 8 8 2 2 10 2 10 2 10 10 10
left_child=-1 2 -2 5 7 -4 11 9 -9 -5 12 -7 -8 -3
right_child=1 13 3 4 -6 6 10 8 -10 -11 -12 -13 -14 -15
leaf_value=0.010177103341442836 0.0066055977182559473 -0.0031018697894383183 -0.011984307883277614 -0.0096342415272094323 -0.0011081973203819213 0.0024309886237031319 -0.014851936891235474 -0.0082731337342435637 -0.034879814254695461 0.019900520478060815 0.0012453763060023997 0.01385886375387207 0.017992999647201333 0.002619871178407035
leaf_weight=364.28499161452055 993.12494422495365 2007.9700950086117 410.16332723200321 161.92647208273411 22257.26659527421 1182.0328445509076 432.47588947415352 1335.1461852043867 198.26336394995451 150.8619282618165 6512.9967900440097 856.47600275278091 51.005238220095634 8829.9069653823972
leaf_count=1594 8042 9777 1725 803 102791 4993 1815 5813 867 722 28577 3664 218 41878
internal_value=-3.64704e-05 -0.000120684 -0.000647659 -0.000864278 -0.00172204 0.00132419 0.00194094 -0.00907657 -0.011917 0.00478597 0.000378168 0.00727661 -0.0110925 0.0015579
internal_weight=45743.9 45379.6 34541.7 33548.6 24103.5 9445.15 9034.99 1846.2 1533.41 312.788 6996.48 2038.51 483.481 10837.9
internal_count=213279 211685 160030 151988 110996 40992 39267 8205 6680 1525 30610 8657 2033 51655
is_linear=0
shrinkage=0.03


Tree=217
num_leaves=15
num_cat=0
split_feature=194 195 230 189 193 245 8 226 242 244 60 248 243 136
split_gain=45.4311 72.1252 70.9078 71.9943 61.0393 62.6248 56.4561 55.9435 49.0984 45.6262 44.4067 43.118 49.3387 73.4368
threshold=22.500000000000004 54.500000000000007 72.500000000000014 46.500000000000007 74.500000000000014 -0.075300887227058397 94.500000000000014 2.5000000000000004 0.021312186494469646 0.00097953883232548855 42.500000000000007 0.84343436360359203 -0.04781305976212024 20.500000000000004
decision_type=8 10 10 8 8 2 8 10 8 2 10 2 2 10
left_child=7 2 3 6 10 -6 9 11 -5 -2 -4 12 13 -1
right_child=1 -3 4 8 5 -7 -8 -9 -10 -11 -12 -13 -14 -15
leaf_value=0.0039612641233647584 0.011705808758773717 0.0013050749334886837 -0.0074923216173214532 -0.0042013573970812717 0.015704217545814938 0.0024407560345989896 -0.019420330750364773 0.0007746559806979178 0.00072175006690519282 -0.0044440758513433236 0.0011931444696179191 0.021676876315899617 0.011234355834327803 -0.02340819139825992
leaf_weight=470.70388015732169 151.248814933002 11353.20520189777 931.87434121221304 2538.8614138253033 349.36516756564379 3017.2226641699672 214.2494255900383 10119.869779530913 6396.1348349153996 8073.9232441224158 1205.6191654205322 156.11133989319205 589.73235830664635 98.089938290417194
leaf_count=3080 670 52787 4032 10907 2172 13628 1036 46459 31982 36183 5456 1256 2958 452
internal_value=-0.000102085 -0.000648986 -0.00161881 -0.0025585 0.00134671 0.00385959 -0.00454386 0.00153432 -0.000680274 -0.00413325 -0.00261068 0.00733211 0.00523019 -0.00108155
internal_weight=45666.2 34231.7 22878.5 17374.4 5504.08 3366.59 8439.42 11434.5 8935 8225.17 2137.49 1314.64 1158.53 568.794
internal_count=213058 158853 106066 80778 25288 15800 37889 54205 42889 36853 9488 7746 6490 3532
is_linear=0
shrinkage=0.03


Tree=218
num_leaves=15
num_cat=0
split_feature=233 245 51 222 193 244 53 249 244 226 103 224 104 119
split_gain=56.4332 62.5563 75.3578 73.6127 62.8783 59.7722 59.5815 56.5128 55.3331 62.7957 53.7423 65.3037 80.3398 76.8193
threshold=68.500000000000014 -0.1103546880185604 3.5000000000000004 22.500000000000004 90.500000000000014 0.0019998842617496852 13.500000000000002 0.78282830119133007 0.1067665070295334 99.500000000000014 2.5000000000000004 6.5000000000000009 89.500000000000014 51.500000000000007
decision_type=10 2 8 10 10 2 8 2 2 8 10 10 10 10
left_child=1 4 3 7 -1 6 -4 -3 9 -7 -2 12 -12 -13
right_child=10 2 5 -5 -6 8 -8 -9 -10 -11 11 13 -14 -15
leaf_value=0.0022032831036074511 0.007903361807586785 -0.0082559270534668504 -0.019959871636381802 0.0016308778405857692 0.017496352312371 -0.00019267288923857512 -0.0032774249451983152 -0.031667072923924844 0.013452951031980557 -0.0075913374285910568 -0.0021311270418091512 -0.00060182909804639513 -0.023638922414683287 0.0042354724032921641
leaf_weight=1622.2155460231006 1079.1753194928169 1550.8607538565993 259.65432497859001 740.65390618890524 275.26795972138643 24123.208219133317 693.62318430095911 90.609161712229252 248.07495293021202 1068.6366190686822 1947.4296732023358 5823.7636174336076 160.25377649068832 5982.8421725891531
leaf_count=10866 5881 6675 1125 3195 1870 107812 2987 400 1595 5558 10657 24902 763 28775
internal_value=-2.25879e-05 -0.000759882 -0.0011083 -0.00620709 0.00450194 -0.000645929 -0.00798144 -0.00973215 -0.000368026 -0.000509411 0.00148523 0.000982129 -0.00387034 0.00185092
internal_weight=45666.3 30672.8 28775.3 2382.12 1897.48 26393.2 953.278 1641.47 25439.9 25191.8 14993.5 13914.3 2107.68 11806.6
internal_count=213061 142083 129347 10270 12736 119077 4112 7075 114965 113370 70978 65097 11420 53677
is_linear=0
shrinkage=0.03


Tree=219
num_leaves=15
num_cat=0
split_feature=245 231 174 249 229 126 248 249 229 222 245 229 243 122
split_gain=49.5449 58.289 108.811 91.9662 90.2038 179.602 80.5273 90.5219 87.6069 80.2737 122.483 112.88 81.7531 76.7622
threshold=-0.20662932842969892 91.500000000000014 6.5000000000000009 0.83333334326744091 5.5000000000000009 48.500000000000007 0.84343436360359203 0.2575757503509522 1.0000000180025095e-35 59.500000000000007 -0.043975368142127984 24.500000000000004 -0.10160019248723982 23.500000000000004
decision_type=2 10 8 2 8 10 2 2 8 10 2 8 2 8
left_child=-1 4 3 -3 5 -2 8 -8 -4 12 11 -11 -6 -13
right_child=1 2 6 -5 9 -7 7 -9 -10 10 -12 13 -14 -15
leaf_value=0.015573264366401477 -0.0035424230752155641 -0.015006244629286547 -0.019870984654647813 0.011219183665857791 0.027262374326999492 0.0093254734815707927 0.022240808068238329 -0.0040116388121920277 -0.0011990200198188103 0.02422563503049327 -0.00052600125238257882 -0.0055642020118467951 -0.00097392261778698065 0.0075299445381428977
leaf_weight=173.30925910174847 1548.6783607900143 903.48522152379155 228.84810242056847 131.18378860130906 82.604383870959282 2611.1635130643845 259.64665899425745 205.79224606975913 4293.5498595684767 305.68895137310028 4574.5280992463231 480.74455445259809 27591.368912532926 2292.8363304287195
leaf_count=2541 7199 4562 1175 829 584 14476 1711 1188 20915 1481 20047 2158 123293 10914
internal_value=8.03253e-06 -5.46503e-05 -0.00280128 -0.0116056 0.000364858 0.00453784 -0.000955355 0.0107931 -0.00218564 -0.000127655 0.00258957 0.00720474 -0.000879822 0.0052485
internal_weight=45683.4 45510.1 6022.51 1034.67 39487.6 4159.84 4987.84 465.439 4522.4 35327.8 7653.8 3079.27 27674 2773.58
internal_count=213073 210532 30380 5391 180152 21675 24989 2899 22090 158477 34600 14553 123877 13072
is_linear=0
shrinkage=0.03


Tree=220
num_leaves=15
num_cat=0
split_feature=231 246 231 230 248 230 178 246 223 116 246 29 249 248
split_gain=46.4073 124.305 98.809 97.1322 138.935 127.164 159.048 103.135 95.6456 95.0684 116.379 122.624 94.7787 184.392
threshold=26.500000000000004 0.0021583283087238674 31.500000000000004 80.500000000000014 0.31818181276321417 35.500000000000007 18.500000000000004 0.060683829709887512 11.500000000000002 23.500000000000004 0.020334205590188507 28.500000000000004 0.66161617636680614 0.80303028225898754
decision_type=8 2 8 10 2 8 10 2 10 8 2 10 2 2
left_child=1 -1 12 5 -5 6 8 -6 -3 10 -7 -12 13 -2
right_child=2 3 -4 4 7 9 -8 -9 -10 -11 11 -13 -14 -15
leaf_value=-0.034501976013743767 -0.00498870668857254 -0.011471448580938872 -0.00012148280917012793 0.0013904826601267726 0.02325072511749051 0.010165845153304367 0.010912993265678034 -0.014965422462480327 0.003647504984863487 -0.0044104242302487866 0.0091489539052653692 -0.012063207017549177 0.020496147317584631 -0.034043584685587928
leaf_weight=75.035105749964714 1974.6061429679394 571.79150742292404 31845.585300199687 953.63910185545683 586.43750398606062 1089.2605751380324 1996.8357196897268 64.299688324332237 1058.6850296109915 4169.873114362359 390.62381835281849 624.74025944620371 101.62422440201044 209.10656551271677
leaf_count=308 8739 2576 152259 4176 2777 4629 8682 383 4682 18071 1822 2700 579 920
internal_value=2.02756e-06 0.00164215 -0.000554813 0.00190761 0.0087313 0.000794286 0.0052579 0.0193052 -0.00169217 -0.00179041 0.00339691 -0.00389297 -0.00656632 -0.00791343
internal_weight=45712.1 11581.2 34130.9 11506.2 1604.38 9901.81 3627.31 650.737 1630.48 6274.5 2104.62 1015.36 2285.34 2183.71
internal_count=213303 50806 162497 50498 7336 43162 15940 3160 7258 27222 9151 4522 10238 9659
is_linear=0
shrinkage=0.03


Tree=221
num_leaves=15
num_cat=0
split_feature=140 23 70 34 120 248 139 29 140 224 226 77 226 232
split_gain=44.2496 86.3674 55.8236 78.2947 63.7353 201.294 79.1007 83.9708 91.7556 123.33 75.5237 69.3607 64.0605 57.9456
threshold=11.500000000000002 24.500000000000004 9.5000000000000018 8.5000000000000018 17.500000000000004 0.73232322931289684 43.500000000000007 13.500000000000002 88.500000000000014 4.5000000000000009 55.500000000000007 8.5000000000000018 86.500000000000014 75.500000000000014
decision_type=10 10 10 10 10 2 10 8 10 10 10 10 10 10
left_child=1 -1 3 -2 5 10 7 8 -6 -10 -4 -9 -7 -13
right_child=2 -3 4 -5 6 12 -8 11 9 -11 -12 13 -14 -15
leaf_value=-0.00029223281517421585 -0.0033036783814540901 -0.0065491776572776201 0.011299599728143034 0.0058250936048362852 -0.00067839878617538193 -0.022703490159305024 -0.0023786665137062904 -0.0054413347528385007 0.012827626019429203 -0.020382283349826075 0.0025169623309126152 0.0021065336597679003 0.012519472099994749 0.00811850540886681
leaf_weight=8890.4740048088133 1116.7862512283027 2546.7871187850833 1210.822660125792 3402.6666429303586 3630.013876888901 318.64403177797794 11938.171341225505 844.14573385566473 120.51040772721171 462.10075505822897 3198.95823328197 5974.3602556735277 47.573886066675186 1897.3931601084769
leaf_count=43464 6181 10734 5142 16185 18372 1324 53200 4168 744 2185 14004 27959 214 8875
internal_value=-7.57068e-05 -0.00169 0.000465084 0.003567 -8.89097e-06 0.00316153 -0.00061884 0.00100676 -0.00246712 -0.0134124 0.00494858 0.00268669 -0.0179167 0.00356411
internal_weight=45599.4 11437.3 34162.1 4519.45 29642.7 4776 24866.7 12928.5 4212.63 582.611 4409.78 8715.9 366.218 7871.75
internal_count=212751 54198 158553 22366 136187 20684 115503 62303 21301 2929 19146 41002 1538 36834
is_linear=0
shrinkage=0.03


Tree=222
num_leaves=15
num_cat=0
split_feature=240 77 103 140 23 244 222 119 245 245 244 45 104 138
split_gain=52.3347 47.7067 53.3417 59.3734 72.271 72.4165 76.1006 71.6981 83.0178 63.259 52.262 69.2599 89.3627 67.0153
threshold=0.082531653344631209 1.5000000000000002 3.5000000000000004 10.500000000000002 23.500000000000004 0.015189054422080519 3.5000000000000004 12.500000000000002 -0.10513607785105704 -0.044342366978526108 0.012268828693777325 2.5000000000000004 83.500000000000014 80.500000000000014
decision_type=8 8 8 10 10 2 8 8 2 2 2 10 10 10
left_child=1 -1 -3 4 5 -4 -7 -8 -9 10 -5 12 -12 -13
right_child=-2 2 3 9 -6 6 7 8 -10 -11 11 13 -14 -15
leaf_value=-0.0054379955328524169 0.010042285404412737 0.0036096462127785237 -0.003610231991828838 0.0028131722477105769 -0.0073722415210892584 -0.012011043551824637 -0.0097754317018208785 -0.0094445748823228457 0.0084622992004446378 -0.0016306117634274759 -0.0034972240075414967 0.0015629884546708029 -0.026611590894880504 -0.0055139737516893151
leaf_weight=1498.7713738717139 444.10652067139745 3367.2249370403588 3845.4962942749262 9915.8316602036357 2083.0961004495621 271.37220329791307 272.88623574376106 256.82429092004895 1908.3709369599819 10405.710807219148 938.86974052712321 8893.7414750047028 170.29877449944615 1382.7233050763607
leaf_count=7622 2606 16797 17828 44820 8772 1414 1253 1799 9569 45012 5512 42674 836 6584
internal_value=-9.14338e-05 -0.000193175 -1.21432e-05 -0.000315238 -0.00251862 -0.000967312 0.00278323 0.00447226 0.00630462 0.000285639 0.00122205 -0.000164926 -0.00725221 0.000606331
internal_weight=45655.3 45211.2 43712.4 40345.2 8638.05 6554.95 2709.45 2438.08 2165.2 31707.2 21301.5 11385.6 1109.17 10276.5
internal_count=213098 210492 202870 186073 40635 31863 14035 12621 11368 145438 100426 55606 6348 49258
is_linear=0
shrinkage=0.03


Tree=223
num_leaves=15
num_cat=0
split_feature=233 77 224 245 101 243 226 243 56 140 189 222 226 193
split_gain=57.7575 81.2253 74.0208 65.0648 76.4243 67.4822 61.2227 82.0256 60.7756 64.6462 57.5938 55.5506 63.8353 57.7738
threshold=68.500000000000014 37.500000000000007 6.5000000000000009 -0.12823065370321271 2.5000000000000004 -0.032197907567024224 3.5000000000000004 -0.08204894512891768 36.500000000000007 6.5000000000000009 41.500000000000007 2.5000000000000004 40.500000000000007 86.500000000000014
decision_type=10 10 10 2 8 2 10 2 10 10 10 10 10 10
left_child=3 6 -3 -1 5 -5 -2 11 10 -10 -4 13 -13 -8
right_child=1 2 8 4 -6 -7 7 -9 9 -11 -12 12 -14 -15
leaf_value=0.006954955047881353 0.0096042803530806027 -0.0083884346305423251 -0.00036134486352077576 -0.011914249805752961 -0.00052119257235476912 -0.00075338585646065768 -0.027853424350111445 0.0034987273966983453 -0.01149602080080411 -0.0001925849540401409 0.0089551145066302067 0.014233548294520976 -0.023521302087328555 0.010541299857560872
leaf_weight=963.61802591383457 1364.524767216295 933.47112900018692 1156.5000549256802 1025.043300151825 27648.402711432427 924.50415728241205 171.79391941055655 5400.8413629606366 502.57264447212219 4083.6991470828652 1223.2028242312372 115.30435132235289 49.486428193747997 38.132975853979588
leaf_count=7035 8258 4788 5162 4607 126038 3977 891 24611 2180 18179 5997 733 234 257
internal_value=7.25175e-05 0.00159389 -0.000502338 -0.000676435 -0.000927155 -0.00665246 0.00391051 0.00255104 0.000564944 -0.00145355 0.00444489 -0.010844 0.00219878 -0.0207169
internal_weight=45601.1 15039.5 7899.45 30561.6 29598 1949.55 7140.08 5775.56 6965.97 4586.27 2379.7 374.718 164.791 209.927
internal_count=212947 71290 36306 141657 134622 8584 34984 26726 31518 20359 11159 2115 967 1148
is_linear=0
shrinkage=0.03


Tree=224
num_leaves=15
num_cat=0
split_feature=245 248 229 226 245 120 231 231 226 226 231 119 69 243
split_gain=57.837 102.278 85.3791 96.4548 72.2269 69.1638 62.264 73.6658 59.4077 93.9046 133.916 118.584 113.143 147.255
threshold=-0.044342366978526108 0.37878787517547613 76.500000000000014 76.500000000000014 -0.049005465582013123 17.500000000000004 10.500000000000002 97.500000000000014 81.500000000000014 12.500000000000002 88.500000000000014 98.500000000000014 75.500000000000014 -0.089548621326684938
decision_type=2 2 10 8 2 8 8 10 10 8 10 10 10 2
left_child=1 2 6 -4 -5 -2 -1 -8 9 10 -3 -11 13 -12
right_child=5 8 3 4 -6 -7 7 -9 -10 11 12 -13 -14 -15
leaf_value=-0.0012963242174121588 0.0029099869012760987 0.0057308047098517702 -0.021910155053051279 0.016355266192867913 -0.0054680618640652054 -0.0026871276549422732 0.011024731606932311 -0.014415307208079131 0.0035480180289694293 -0.0022667000064627296 0.0091580173969128126 0.0080265578545171169 0.016085746178643071 -0.00791285130411239
leaf_weight=550.58303362876177 2425.6268927231431 4378.5245416201651 182.58389556407928 206.50626976042986 360.35412736982107 10802.828280039132 2239.1194616928697 98.982765793800354 3866.6435880661011 16464.345119442791 567.10677654668689 1063.2000448666513 258.55648041516542 2149.8438234888017
leaf_count=2377 10300 22873 810 1018 1609 47280 10184 444 19238 74043 4672 5880 1358 10972
internal_value=1.13362e-05 0.00069406 0.00542595 -0.00356003 0.00262784 -0.00165939 0.00776153 0.00989093 9.35539e-05 -0.000444486 0.00239873 -0.0016381 -0.00250726 -0.00432915
internal_weight=45614.8 32386.3 3638.13 749.444 566.86 13228.5 2888.69 2338.1 28748.2 24881.6 7354.03 17527.5 2975.51 2716.95
internal_count=213058 155478 16442 3437 2627 57580 13005 10628 139036 119798 39875 79923 17002 15644
is_linear=0
shrinkage=0.03


Tree=225
num_leaves=15
num_cat=0
split_feature=194 52 75 244 4 226 231 231 71 244 140 184 29 7
split_gain=46.2008 66.6546 53.5673 63.0389 66.5635 52.4654 80.5158 83.4956 50.0127 44.4882 44.4707 53.7842 44.0783 44.0491
threshold=29.500000000000004 9.5000000000000018 41.500000000000007 0.011817358899861576 9.5000000000000018 3.5000000000000004 19.500000000000004 69.500000000000014 11.500000000000002 0.010788816027343275 90.500000000000014 16.500000000000004 inf 1.5000000000000002
decision_type=8 10 10 2 10 10 10 10 10 2 8 10 8 10
left_child=5 13 -3 4 9 6 -1 -8 -5 -4 11 -9 -10 -2
right_child=1 2 3 8 -6 -7 7 10 12 -11 -12 -13 -14 -15
leaf_value=-0.015947352797603568 0.0010814439751035026 -0.0013925920553495865 -0.0041885201870690532 0.0062786536174776744 0.0054273637773118739 0.00073101200906976486 0.01852993676311402 -0.0091189363288546339 -0.0017591227715795918 0.015221274352375837 -0.014344646180033567 0.0082728759489544244 0.01203171488163172 -0.0047892533129248235
leaf_weight=128.80079600214958 1509.6928441338241 11881.493257742375 1133.2998248748481 873.83962373808026 4516.2762970626354 12278.951290462166 468.89034988731146 182.48935259878635 6454.6154772751033 107.35498359054327 102.05615072324872 974.73005843535066 205.63817623630166 4778.4044992290437
leaf_count=590 9564 52932 5143 4136 20067 56108 2553 1015 29884 498 543 6049 1298 22577
internal_value=2.00229e-05 -0.000620081 7.04884e-05 0.00137847 0.00373913 0.00144406 0.00612981 0.00785751 -0.000427915 -0.0024007 0.00376896 0.00547562 -0.00131593 -0.00338029
internal_weight=45596.5 31460.6 25172.5 13291 5756.93 14135.9 1856.97 1728.17 7534.09 1240.65 1259.28 1157.22 6660.25 6288.1
internal_count=212957 146099 113958 61026 25708 66858 10750 10160 35318 5641 7607 7064 31182 32141
is_linear=0
shrinkage=0.03


Tree=226
num_leaves=15
num_cat=0
split_feature=245 248 244 146 244 230 245 82 230 224 224 246 146 246
split_gain=40.7294 131.64 141.839 112.133 151.041 176.136 154.238 111.715 185.702 135.439 157.773 131.601 101.253 97.5282
threshold=-0.075751405209302888 0.58080807328224193 0.024051298387348655 71.500000000000014 0.0029954100027680401 3.5000000000000004 -0.079050879925489412 38.500000000000007 37.500000000000007 24.500000000000004 1.0000000180025095e-35 0.1728123873472214 98.500000000000014 0.010971164330840113
decision_type=2 2 2 10 2 10 2 10 8 10 10 2 10 2
left_child=1 -1 3 4 5 -3 13 9 -9 10 -4 -12 -5 -6
right_child=-2 2 7 12 6 -7 -8 8 -10 -11 11 -13 -14 -15
leaf_value=0.008067914913415946 -0.00067858064973323631 0.019504400132171935 0.0029588654036243889 0.0088712953971409186 0.0090528360440787926 -0.02047148981756405 0.015840525926036665 0.0076904466707971618 -0.024694940941848379 0.0032929188556742512 -0.025805065388707221 0.02023122489605891 -0.0054947962610609226 -0.0034292156994678901
leaf_weight=2149.6935756355524 33035.114515341818 111.08377434313297 281.14964833855629 2547.126718942076 687.69723173975945 576.92412386089563 553.82272259145975 832.05807965248823 186.58386892452836 422.94477937370539 809.35697958618402 52.775387313216925 526.59281063824892 2918.2347689680755
leaf_count=13101 145259 582 2085 14277 3252 2570 2545 4891 959 2431 4018 543 3174 13692
internal_value=-0.000124197 0.00132226 -6.43175e-05 0.00192762 -0.000915587 -0.0138301 0.00124848 -0.00615262 0.00157604 -0.0111573 -0.0164852 -0.0227873 0.00640024 -0.00103028
internal_weight=45691.2 12656 10506.4 7921.48 4847.76 688.008 4159.75 2584.87 1018.64 1566.23 1143.28 862.132 3073.72 3605.93
internal_count=213379 68120 55019 40092 22641 3152 19489 14927 5850 9077 6646 4561 17451 16944
is_linear=0
shrinkage=0.03


Tree=227
num_leaves=15
num_cat=0
split_feature=231 228 244 248 245 249 243 249 244 243 249 245 248 249
split_gain=42.0976 119.4 136.201 108.435 134.666 125.51 88.1716 88.4114 96.3041 155.042 125.648 96.686 91.7832 99.566
threshold=91.500000000000014 11.500000000000002 0.0044968847651034602 0.84343436360359203 -0.097271446138620363 0.065656565129756941 -0.028265997767448422 0.83333334326744091 0.034016173332929618 -0.064200736582279191 0.49999998509883886 -0.059044573456048959 0.73232322931289684 0.67171716690063488
decision_type=10 8 2 2 2 2 2 2 2 2 2 2 2 2
left_child=-1 2 -2 5 -5 -4 7 8 10 12 11 -7 13 -10
right_child=1 -3 3 4 -6 6 -8 -9 9 -11 -12 -13 -14 -15
leaf_value=0.000341146993617703 0.014663013436469825 0.00208881625853915 -0.021479213557369373 0.016299604885162907 -0.018345635364494968 -0.0038491360926863807 0.011324188730131716 0.013022191331934099 -0.0089389301433208009 -0.036326791748947998 0.024063522868547287 -0.036137900405639946 -0.030322955344515953 0.027012189071511997
leaf_weight=39373.9294962883 248.90114676952362 2906.9882299005985 671.97741107270122 310.16567001119256 138.01045159995556 581.57219129055738 214.86488131433725 144.83923330903053 271.09494510665536 269.27101208269596 116.03667114675045 88.116882935166359 111.3052721247077 82.030178617686033
leaf_count=180319 1362 14653 3085 2410 600 3106 1033 818 1960 1193 658 367 547 574
internal_value=-1.97044e-05 -0.00232484 -0.00626916 -0.00804921 0.00546346 -0.0104352 -0.00639301 -0.00873436 -0.0108799 -0.0186232 -0.0035061 -0.00856683 -0.00780955 -7.36702e-05
internal_weight=45529.1 6155.17 3248.19 2999.28 448.176 2551.11 1879.13 1664.27 1519.43 733.701 785.726 669.689 464.43 353.125
internal_count=212685 32366 17713 16351 3010 13341 10256 9223 8405 4274 4131 3473 3081 2534
is_linear=0
shrinkage=0.03


Tree=228
num_leaves=15
num_cat=0
split_feature=233 231 231 230 230 223 244 244 228 230 244 190 56 231
split_gain=50.5978 54.491 115.868 82.1488 116.983 150.483 113.367 129.964 100.216 97.4615 98.6186 84.2127 82.2874 85.2228
threshold=99.500000000000014 26.500000000000004 31.500000000000004 80.500000000000014 35.500000000000007 7.5000000000000009 0.0018125285278074446 0.0024277422344312076 42.500000000000007 17.500000000000004 0.027677909471094612 3.5000000000000004 31.500000000000004 1.5000000000000002
decision_type=10 8 8 10 8 10 2 2 10 10 2 8 10 10
left_child=1 3 -3 4 5 -1 -6 -8 -5 11 -11 -7 13 -9
right_child=-2 2 -4 8 6 9 7 12 -10 10 -12 -13 -14 -15
leaf_value=-0.0070280882903386447 0.0048768005511536918 -0.0074294600106473898 -0.0003031941619988854 0.024979569404408746 -0.022814438097317438 -0.011917061017271378 0.025157136009272496 -0.015507871422777838 0.0045774187082050621 0.016080280703110589 -0.015587558507455175 0.0062255494581356227 -0.004724047288120134 0.0043943021107281819
leaf_weight=737.86295443028212 1859.8623869456351 2193.2950317636132 30207.862104665488 250.9651897624135 214.60514315962791 276.55870699137449 155.01601412892342 203.50529608130455 1321.554912570864 1256.2369178161025 87.376265928149223 1167.7378712296486 3512.3577396050096 2090.6216188520193
leaf_count=3331 9391 9818 143964 1174 901 1262 674 911 6057 5389 381 5170 15211 9084
internal_value=4.42061e-05 -0.000162652 -0.000787728 0.00163284 0.000598414 0.00495073 -0.00189019 -0.00110001 0.00797076 0.0081349 0.013921 0.00269349 -0.00184304 0.0025692
internal_weight=45535.4 43675.6 32401.2 11274.4 9701.88 3525.77 6176.11 5961.5 1572.52 2787.91 1343.61 1444.3 5806.48 2294.13
internal_count=212718 203327 153782 49545 42314 15533 26781 25880 7231 12202 5770 6432 25206 9995
is_linear=0
shrinkage=0.03


Tree=229
num_leaves=15
num_cat=0
split_feature=226 12 230 244 136 230 244 226 122 228 230 248 215 248
split_gain=48.1349 52.6847 50.378 99.6284 94.1677 82.6874 89.2487 80.5222 80.1739 72.347 71.7718 95.9435 58.767 56.8152
threshold=99.500000000000014 3.5000000000000004 80.500000000000014 0.085569173097610488 50.500000000000007 78.500000000000014 0.0058594450820237407 88.500000000000014 77.500000000000014 86.500000000000014 69.500000000000014 0.28787878155708319 71.500000000000014 0.68181815743446361
decision_type=10 10 8 2 8 10 2 10 10 10 10 2 10 2
left_child=2 -2 5 4 13 9 -7 -8 -6 12 11 -11 -1 -4
right_child=1 -3 3 -5 8 6 7 -9 -10 10 -12 -13 -14 -15
leaf_value=0.00044464987052436519 -0.030469925663838153 -0.0047279822656036271 0.0042710218511161262 0.018313122997329925 -0.0048419659537555547 -0.027876117440925777 0.0023369974183662426 -0.029740422952463982 0.0030439503642901672 -0.0060694438885696058 0.0076690397807879498 -0.033123465334416076 -0.0036891655038494946 0.017167284545197233
leaf_weight=32455.413373157382 72.626520380377769 582.02505344897509 2520.6680671945214 325.67087474837899 2398.0662606097758 185.77938503026962 378.98961102962494 76.181068152189255 2229.9246731102467 379.806790843606 160.90761406719685 165.2231358140707 3411.2618905082345 342.64822667092085
leaf_count=150905 375 2743 12330 2201 11402 772 1694 322 10502 1633 776 713 14858 2302
internal_value=1.52059e-05 -0.00799924 0.00013347 0.00232123 0.00160252 -0.000326584 -0.0109249 -0.00355567 -0.00104389 -0.000137909 -0.00958074 -0.0147198 5.0566e-05 0.00586867
internal_weight=45685.2 654.652 45030.5 7816.98 7491.31 37213.6 640.95 455.171 4627.99 36572.6 705.938 545.03 35866.7 2863.32
internal_count=213528 3118 210410 38737 36536 171673 2788 2016 21904 168885 3122 2346 165763 14632
is_linear=0
shrinkage=0.03


Tree=230
num_leaves=15
num_cat=0
split_feature=164 246 244 195 245 239 226 245 231 230 226 226 248 233
split_gain=46.3739 50.8646 66.9248 50.3508 46.6579 42.9077 42.8024 65.2674 49.0346 90.4222 76.0437 97.887 67.7665 66.9049
threshold=50.500000000000007 0.28148111701011663 0.1067665070295334 67.500000000000014 -0.1655808091163635 -0.032537279650568955 99.500000000000014 -0.082372181117534624 19.500000000000004 1.5000000000000002 81.500000000000014 49.500000000000007 0.55050507187843334 4.5000000000000009
decision_type=10 2 2 10 2 10 8 2 10 8 8 10 2 10
left_child=1 2 5 -2 -3 -1 8 -8 9 -7 11 13 -12 -11
right_child=3 4 -4 -5 -6 6 7 -9 -10 10 12 -13 -14 -15
leaf_value=0.0040551132990144147 0.00010268222859005806 0.012534695526073492 0.01362933947193036 0.0034391640689813161 -0.025675171070395037 -0.023401105076563091 -0.030323907116349431 -0.0048169023843869663 -0.0018676473762602899 -0.0073568043890309878 0.0072890670298627032 -0.0048917119635497755 0.03266168542809799 0.0083715179807710496
leaf_weight=1365.5079085119069 17175.302528239787 30.198413446545601 271.82529211044312 5325.4880928434432 121.74010016024113 113.93918772041798 94.891608621925116 695.29873438179493 16510.707362249494 287.05474638193846 602.76059560477734 1505.1749073415995 104.88734943419695 1377.848159365356
leaf_count=7488 80911 405 1837 25270 613 501 728 3441 75037 1238 2756 6423 488 5918
internal_value=-7.54191e-05 -0.00101996 -0.000901234 0.000893538 -0.0177757 -0.00108149 -0.00141265 -0.00822064 -0.00114639 0.00183418 0.00263395 0.000635589 0.0114525 0.00563198
internal_weight=45582.6 23081.8 22929.9 22500.8 151.939 22658.1 21292.6 790.19 20502.4 3991.66 3877.73 3170.08 707.648 1664.9
internal_count=213054 106873 105855 106181 1018 104018 96530 4169 92361 17324 16823 13579 3244 7156
is_linear=0
shrinkage=0.03


Tree=231
num_leaves=15
num_cat=0
split_feature=150 222 234 230 7 230 249 249 75 231 155 230 68 120
split_gain=43.4191 80.1371 84.0856 68.8658 56.649 60.1075 59.9558 60.8485 48.1346 110.235 81.8278 80.1453 103.452 73.9644
threshold=68.500000000000014 28.500000000000004 16.500000000000004 27.500000000000004 23.500000000000004 9.5000000000000018 0.66161617636680614 0.4797979891300202 55.500000000000007 81.500000000000014 55.500000000000007 3.5000000000000004 18.500000000000004 95.500000000000014
decision_type=10 10 8 8 10 8 2 2 8 10 10 10 10 10
left_child=8 2 -2 -3 5 6 7 -4 13 -10 11 -11 -13 -1
right_child=1 3 4 -5 -6 -7 -8 -9 9 10 -12 12 -14 -15
leaf_value=-0.0013644208936944926 5.8374515234324817e-05 0.0081109855600643831 -0.0022353247622916212 -0.0009672340098690153 -0.0040182735097183961 -0.018572888676963429 0.0095161383112326945 -0.025865787734812937 0.002811242001449144 0.0080679864650147932 -0.0079955893659176078 -0.013114919422668006 0.0033152410957737128 0.0041594741208785353
leaf_weight=16262.340483300388 2145.762916315347 982.47207737714052 256.26108034700155 3097.5816685631871 1597.8544884510338 676.01470163464546 166.16646552830935 151.04282277822495 13806.661015648395 843.11471024528146 1632.9910669997334 583.73964004218578 815.65959013998508 2509.5337427183986
leaf_count=71755 10730 4647 1194 13858 7115 3089 1008 790 64637 5405 8634 2837 3999 13070
internal_value=-2.85498e-05 -0.0018844 -0.00442935 0.00123328 -0.00779968 -0.0125651 -0.00528605 -0.0114082 0.000433749 0.00155654 -0.00290911 0.000813904 -0.00358279 -0.000624133
internal_weight=45527.2 9073.16 4993.1 4080.05 2847.34 1249.49 573.47 407.304 36454 17682.2 3875.51 2242.51 1399.4 18771.9
internal_count=212768 42431 23926 18505 13196 6081 2992 1984 170337 85512 20875 12241 6836 84825
is_linear=0
shrinkage=0.03


Tree=232
num_leaves=15
num_cat=0
split_feature=77 248 138 132 231 226 171 231 168 245 248 231 226 171
split_gain=42.2338 49.9064 46.2154 59.9002 56.4371 88.4874 89.36 92.2571 80.533 72.5184 116.81 128.833 108.963 129.837
threshold=1.5000000000000002 0.93434342741966259 80.500000000000014 42.500000000000007 26.500000000000004 81.500000000000014 33.500000000000007 4.5000000000000009 65.500000000000014 -0.09922825917601584 0.7929292917251588 33.500000000000007 46.500000000000007 71.500000000000014
decision_type=8 2 8 8 10 10 10 8 10 2 2 10 10 10
left_child=-1 2 4 -4 5 6 7 -2 -7 -6 -11 -12 -13 -14
right_child=1 -3 3 -5 9 8 -8 -9 -10 10 11 12 13 -15
leaf_value=-0.0048160532048431657 -0.010959572445518496 0.017979678263953545 -0.0071673564350719036 -0.00055391546814297684 0.0038270181101042592 0.014528463775163415 0.0049100262151511006 0.00050848990980932281 -0.003822808565301517 -2.5742835646267463e-05 -0.026964384109418659 -0.0082663344210708659 0.012399127684697815 -0.019963830067719839
leaf_weight=1592.9753737561405 749.90649399161339 130.7027633599937 1653.318265132606 4767.2281787395477 3543.633011803031 894.6513256020844 3597.2248781621456 3727.0035169273615 277.68997920304537 21912.596048332751 243.88625104725361 1828.8071848079562 534.74523281306028 130.81233756989241
leaf_count=8121 3223 875 7684 23273 22309 4100 15560 16168 1316 97907 1062 8299 2525 604
internal_value=-3.28641e-05 0.000141392 8.41499e-05 -0.0022654 0.000487559 0.00252007 0.00139576 -0.00143262 0.0101861 -0.000179667 -0.000756958 -0.00658705 -0.00449495 0.00583697
internal_weight=45585.2 43992.2 43861.5 6420.55 37441 9246.48 8074.13 4476.91 1172.34 28194.5 24650.8 2738.25 2494.36 665.558
internal_count=213026 204905 204030 30957 173073 40367 34951 19391 5416 132706 110397 12490 11428 3129
is_linear=0
shrinkage=0.03


Tree=233
num_leaves=15
num_cat=0
split_feature=149 140 244 71 229 139 78 249 244 228 177 238 244 249
split_gain=42.1554 49.6525 69.6362 63.921 57.2955 49.8995 50.8412 47.657 72.8328 92.3177 73.6713 71.5384 54.4802 66.2022
threshold=23.500000000000004 24.500000000000004 0.012268828693777325 30.500000000000004 45.500000000000007 44.500000000000007 14.500000000000002 0.015151515137404205 0.012765149120241405 3.5000000000000004 16.500000000000004 -0.12800586968660352 0.01348283886909485 0.18686868995428088
decision_type=10 10 2 10 10 10 10 2 2 8 8 8 2 2
left_child=-1 3 -3 7 -5 -4 -7 -2 11 12 -11 -9 -10 -14
right_child=1 2 5 4 -6 6 -8 8 9 10 -12 -13 13 -15
leaf_value=-0.0016980175329011284 0.0051240639149976262 0.0033166299970092817 0.0019731137698623656 -0.005766432143902718 0.0013458924122758179 0.0034270904418479083 -0.0032057485224774836 0.0022391783642855901 0.022633324558595101 0.0080897133524495731 -0.0009798783174120437 -0.0071761136570996364 -0.020584623698627333 -0.0014941621343046701
leaf_weight=10420.925494212657 1678.4201798997819 9359.7200072295964 5501.0396852307022 3459.4674156084657 1438.8786175996065 1286.8984720855951 5262.7767214179039 1114.4378164149821 40.730500087141991 1922.7159932926297 1379.3766660913825 2054.7029680684209 280.14203353598714 378.4284518584609
leaf_count=48421 7725 42260 28762 15414 6176 6150 23748 5865 208 9317 6273 8858 1472 2429
internal_value=-2.31463e-05 0.000473635 0.00137678 -0.000932923 -0.00367872 -0.000131393 -0.00189927 0.000589449 -0.000477634 0.00221097 0.00430957 -0.00386857 -0.00761967 -0.00980127
internal_weight=45578.7 35157.7 21410.4 13747.3 4898.35 12050.7 6549.68 8848.95 7170.53 4001.39 3302.09 3169.14 699.301 658.57
internal_count=213078 164657 100920 63737 21590 58660 29898 42147 34422 19699 15590 14723 4109 3901
is_linear=0
shrinkage=0.03


Tree=234
num_leaves=15
num_cat=0
split_feature=69 140 244 245 246 246 230 244 222 226 243 227 226 226
split_gain=45.6337 53.009 78.5333 82.8469 81.7033 81.532 75.5585 92.5818 81.7516 75.2937 69.085 68.717 64.7395 69.341
threshold=5.5000000000000009 27.500000000000004 0.012268828693777325 -0.068549506366252885 0.078449483960866942 0.029203127138316635 10.500000000000002 0.016498774290084842 45.500000000000007 1.0000000180025095e-35 -0.052745033055543893 74.500000000000014 44.500000000000007 12.500000000000002
decision_type=10 10 2 2 2 2 8 2 10 10 2 10 10 10
left_child=-1 6 3 4 -3 9 8 -8 12 -5 -11 -12 13 -2
right_child=1 2 -4 5 -6 -7 7 -9 -10 10 11 -13 -14 -15
leaf_value=0.0020279218416326362 0.0018016513651985422 0.0074862173171402323 -0.0011336593622836184 -0.02092459502915902 -0.023562488817055145 0.0079908568003773783 -0.0058713088701595603 0.00022078828393602413 0.0147781760156738 -0.027082293983593051 0.0031929540347479368 -0.0033992364231630987 0.020881588900675152 -0.0069093029112054626
leaf_weight=7204.8239132352173 2844.8993658274412 2767.8185573928058 14502.385399904102 152.98314598202705 68.914549678564072 1115.3892543911934 5892.6800737716258 3622.0368811860681 355.08049652725458 75.079388797283173 3074.5085682868958 2632.2222445011139 119.01431358605623 1145.3611371815205
leaf_count=35748 14754 13649 69331 678 374 5123 25000 16481 1783 314 12929 11303 526 5137
internal_value=-0.000161114 -0.000572593 0.000271701 0.00233218 0.00665181 0.000587163 -0.00204478 -0.00355439 0.00117336 -0.000815393 -0.000248107 0.000151687 -3.52448e-05 -0.000709755
internal_weight=45573.2 38368.4 24389.3 9886.92 2836.73 7050.18 13979.1 9514.72 4464.36 5934.79 5781.81 5706.73 4109.27 3990.26
internal_count=213130 177382 113701 44370 14023 30347 63681 41481 22200 25224 24546 24232 20417 19891
is_linear=0
shrinkage=0.03


Tree=235
num_leaves=15
num_cat=0
split_feature=151 244 230 231 228 77 66 229 222 126 231 230 245 231
split_gain=46.3517 56.3159 60.73 52.7942 105.225 114.693 82.4624 77.1483 107.619 84.8342 100.879 73.3749 72.7474 142.236
threshold=3.5000000000000004 0.10090048611164094 23.500000000000004 91.500000000000014 11.500000000000002 24.500000000000004 88.500000000000014 4.5000000000000009 7.5000000000000009 48.500000000000007 29.500000000000004 10.500000000000002 -0.071556743234395967 76.500000000000014
decision_type=10 2 10 10 8 10 10 8 10 10 10 10 2 8
left_child=1 2 -1 7 5 6 -5 8 9 10 -2 -10 13 -9
right_child=3 -3 -4 4 -6 -7 -8 12 11 -11 -12 -13 -14 -15
leaf_value=-0.00754135059460047 0.014975322308619371 0.019359320630681992 -0.00010464307595751375 -0.0048804696018289939 0.0018971894428922566 -0.011560919014400175 0.010752616776169156 0.0010197287411449084 0.016284774272984581 0.0063521601756981192 -0.010137687208284701 -0.0097637753202030417 -0.00049049630132733991 0.011568580319277412
leaf_weight=1831.869262970984 168.35240100324154 89.149099636822939 2133.1690580993891 919.88656545430422 2774.1177746169269 1625.1197490356863 440.94382701069117 7014.1828175336123 872.60370839387178 1349.423397578299 749.11772949248552 102.74183250963688 24163.153698183596 1366.6551749482751
leaf_count=9308 766 761 9429 5446 14005 8014 2905 33277 4787 7810 3556 469 105054 7663
internal_value=5.71931e-05 -0.0030006 -0.00355077 0.00035623 -0.0023069 -0.00620603 0.000226536 0.000785405 0.00519109 0.0015857 -0.00541776 0.0134696 0.000345023 0.00275166
internal_weight=45600.5 4054.19 3965.04 41546.3 5760.07 2985.95 1360.83 35786.2 3242.24 2266.89 917.47 975.346 32544 8380.84
internal_count=213250 19498 18737 193752 30370 16365 8351 163382 17388 12132 4322 5256 145994 40940
is_linear=0
shrinkage=0.03


Tree=236
num_leaves=15
num_cat=0
split_feature=245 222 231 231 245 231 230 231 244 246 245 64 246 119
split_gain=40.9827 66.7816 83.8581 142.703 129.384 124.907 176.871 124.438 121.177 114.757 103.576 100.501 99.8163 131.451
threshold=-0.044342366978526108 43.500000000000007 26.500000000000004 37.500000000000007 -0.10320196673274039 5.5000000000000009 51.500000000000007 22.500000000000004 0.0018125285278074446 0.043588114902377136 -0.11270445212721823 1.0000000180025095e-35 0.013365753926336767 41.500000000000007
decision_type=2 10 10 8 2 8 8 10 2 2 2 10 2 8
left_child=1 2 4 10 7 6 11 9 -7 -1 -4 -6 -10 -14
right_child=-2 -3 3 -5 5 8 -8 -9 12 -11 -12 -13 13 -15
leaf_value=-0.026821841969670364 -0.0012865777225734606 0.0033812696018662774 0.014263751419343069 3.9300001648074065e-05 -0.024268310112492978 -0.01328969897105655 -0.017118295742106455 0.013309579157379842 0.014431033678786391 0.0081065393655833356 -0.0090996842047293205 0.01369889868172465 -0.0024754255847580474 0.0098369171924727831
leaf_weight=329.62064886465669 13274.118740923703 6604.0233815424144 174.77779445052147 16805.566322803497 64.621408715844154 257.50248746573925 523.39221537858248 142.25826059281826 1322.5687557756901 107.54984652996063 2435.9913937821984 402.36890667676926 1348.6458878144622 1831.4962073490024
leaf_count=1625 57768 31757 1107 83156 271 1091 2240 780 5703 885 10613 1707 5793 8817
internal_value=0.000116484 0.000692412 1.66662e-06 -0.00097606 0.0029975 0.0043631 -0.00529068 -0.0103996 0.00637849 -0.0182399 -0.00748716 0.00804642 0.00753023 0.00462406
internal_weight=45624.5 32350.4 25746.4 19416.3 6330.02 5750.6 990.383 579.429 4760.21 437.17 2610.77 466.99 4502.71 3180.14
internal_count=213313 155545 123788 94876 28912 25622 4218 3290 21404 2510 11720 1978 20313 14610
is_linear=0
shrinkage=0.03


Tree=237
num_leaves=15
num_cat=0
split_feature=238 78 119 186 178 62 231 243 249 120 243 228 146 120
split_gain=40.3979 66.1198 72.5858 67.9056 60.6235 71.3247 58.4547 59.3092 56.2277 54.5915 70.2653 85.968 48.9126 49.7494
threshold=-0.096968337893486009 10.500000000000002 16.500000000000004 65.500000000000014 11.500000000000002 22.500000000000004 16.500000000000004 -0.063025012612342821 1.0000000180025095e-35 17.500000000000004 -0.042881280183792107 42.500000000000007 13.500000000000002 45.500000000000007
decision_type=10 8 8 10 8 8 10 2 2 8 2 10 8 8
left_child=1 3 6 -1 -2 8 -3 -8 -6 10 11 -7 13 -4
right_child=4 2 12 -5 5 9 7 -9 -10 -11 -12 -13 -14 -15
leaf_value=-0.005775422246010584 -0.0047714963094327842 0.0029899465459751603 0.00027523287335740504 0.0012944884603073806 0.026043209181584141 -0.012502144573224972 0.012730989001663589 -0.012553991271145131 0.0037242303715369438 -0.0020170416387919896 0.0036875074868089222 0.010786217439938711 0.0018325041273598425 0.015861713391425853
leaf_weight=2432.6988982781768 3102.4947294518352 504.77906409651041 309.27280167490244 2442.12462823838 97.277473539113998 539.53523554652929 85.640571922063828 753.34403741359711 2086.4399579614401 11491.113764889538 3551.982108168304 184.08905492722988 17509.896909605712 447.42715378850698
leaf_count=12179 13452 2177 1359 13761 409 2300 412 3225 9124 50383 15106 876 86048 2177
internal_value=5.70618e-05 0.000885444 0.00166269 -0.00223823 -0.000906334 -0.000236007 -0.00504243 -0.00985344 0.00483265 -0.000940644 0.00195024 -0.00651135 0.00215843 0.009578
internal_weight=45538.1 24485.2 19610.4 4874.82 21052.9 17950.4 1343.76 838.985 2183.72 15766.7 4275.61 723.624 18266.6 756.7
internal_count=212988 121338 95398 25940 91650 78198 5814 3637 9533 68665 18282 3176 89584 3536
is_linear=0
shrinkage=0.03


Tree=238
num_leaves=15
num_cat=0
split_feature=226 12 226 248 246 226 228 250 229 243 249 161 249 47
split_gain=40.5673 56.0545 51.0363 96.3356 131.794 89.1118 88.5042 99.9368 65.0476 107.482 109.493 84.8393 64.1733 59.3619
threshold=99.500000000000014 5.5000000000000009 81.500000000000014 0.68181815743446361 0.013909967616200449 98.500000000000014 24.500000000000004 7.1829999797046198e-05 40.500000000000007 -0.044786723330616944 0.065656565129756941 69.500000000000014 0.025252525694668296 93.500000000000014
decision_type=8 8 10 2 2 10 10 2 10 2 2 10 2 8
left_child=2 -2 -1 8 6 -6 7 -5 -4 10 11 -10 -13 -12
right_child=1 -3 3 4 5 -7 -8 -9 9 -11 13 12 -14 -15
leaf_value=-0.00032923434975082165 -0.022120417389158684 -0.0029261512111792049 0.019030653276549833 -0.029349325642646695 0.025939717256011754 -0.0074107700258139583 0.01692446475948084 0.015428208737753182 -0.038379200309413858 0.002026193310324137 -0.010442527181193723 -0.027549968014809908 0.011981708521556755 0.014110316422240801
leaf_weight=37183.565948542207 142.83103559166193 1368.1090382672846 167.81582045555115 134.25678008049726 451.20318366214633 80.90175899118185 108.07674460858107 57.633474938571453 158.13377978652716 5221.5923597253859 186.37497460097075 55.989739090204239 75.004604540765285 151.53637692332268
leaf_count=172109 781 7754 765 586 2679 536 625 270 671 23960 864 251 359 837
internal_value=-5.70832e-05 -0.00487412 0.00010928 0.00248717 0.0119917 0.0208259 -0.00384554 -0.0158025 0.00115499 0.000610474 -0.0110255 -0.024245 -0.00567055 0.000657289
internal_weight=45543 1510.94 44032.1 6848.52 832.072 532.105 299.967 191.89 6016.45 5848.63 627.039 289.128 130.994 337.911
internal_count=213047 8535 204512 32403 4696 3215 1481 856 27707 26942 2982 1281 610 1701
is_linear=0
shrinkage=0.03


Tree=239
num_leaves=15
num_cat=0
split_feature=233 146 244 244 248 231 244 58 224 231 24 231 39 194
split_gain=47.2625 60.802 53.2892 71.3474 69.2059 103.412 72.3986 66.2855 53.5256 49.7344 66.3867 102.228 50.3719 47.9071
threshold=52.500000000000007 98.500000000000014 0.003124469425529242 0.0032212866935878996 0.69191917777061474 68.500000000000014 0.002174267428927124 72.500000000000014 2.5000000000000004 97.500000000000014 4.5000000000000009 81.500000000000014 19.500000000000004 31.500000000000004
decision_type=10 10 2 2 2 8 2 8 8 10 8 10 10 10
left_child=2 13 4 -4 -1 6 7 -6 -5 10 11 -3 -13 -2
right_child=1 9 3 8 5 -7 -8 -9 -10 -11 -12 12 -14 -15
leaf_value=-0.0014207987122099874 0.0030743228631485782 0.0067291311154879154 0.024000631441618452 0.0056142737423535063 -0.01692310412269004 0.011780153491265103 -0.033687515457407675 0.014066980623972261 -0.00078716361596835468 0.00079709593639542241 -0.00068505991765758958 -0.015513619818094928 -0.044242236159646155 0.0001280864367356281
leaf_weight=1270.8208480328321 10043.2571586743 90.180560518056154 98.074982136487961 1234.4585276134312 275.48940707743168 113.4314538910985 184.93338079750538 71.171301163733006 21241.79520893842 638.34960084408522 300.2583210170269 132.33851949125528 110.64478352665901 9819.9097591303289
leaf_count=5532 46851 659 446 6964 1201 590 808 344 97919 4384 1631 720 509 44846
internal_value=0.000171545 0.00121063 -0.000725307 -0.000316504 -0.00551555 -0.0134381 -0.0189373 -0.0103447 -0.000433238 -0.00512369 -0.0110102 -0.0200244 -0.0298272 0.00161857
internal_weight=45625.1 21134.9 24490.2 22574.3 1915.85 645.026 531.594 346.661 22476.3 1271.77 633.422 333.164 242.983 19863.2
internal_count=213404 99600 113804 105329 8475 2943 2353 1545 104883 7903 3519 1888 1229 91697
is_linear=0
shrinkage=0.03


Tree=240
num_leaves=15
num_cat=0
split_feature=240 67 75 189 120 230 75 249 244 248 56 240 249 228
split_gain=39.9192 44.366 43.4312 40.4067 57.6648 58.3258 55.9921 53.502 61.9418 60.9476 55.9089 52.2089 50.5273 50.244
threshold=0.13682430237531665 84.500000000000014 52.500000000000007 46.500000000000007 98.500000000000014 28.500000000000004 36.500000000000007 0.82323232293128978 0.034016173332929618 0.71212121844291698 7.5000000000000009 -0.0081437132321298105 0.085858587175607695 8.5000000000000018
decision_type=10 10 10 10 10 8 8 2 2 2 10 10 2 8
left_child=1 3 -3 4 11 7 -5 8 12 -10 -9 -1 -6 -8
right_child=-2 2 -4 6 5 -7 13 10 9 -11 -12 -13 -14 -15
leaf_value=-8.9219787551761206e-05 0.015233964593226674 -0.0076750152930663285 -0.0010364846333773938 -0.00066127296187424038 -0.0066671949489096067 0.0095023637137391856 -0.0011463712792996906 0.020828171858770495 -0.0017558125749755243 -0.033378329359509018 -0.019604615570374948 -0.0032747800027344964 0.0077181972004473388 0.0038093814196245371
leaf_weight=13503.643700201064 142.56081658601761 1275.4477709047496 2873.7049117684364 8125.0967574417591 420.40570015460253 945.49984030798078 2389.5083975121379 160.75373192876577 114.93210877478123 97.034803181886673 29.244450222700834 7037.0981189273298 439.07252820953727 7957.2919421195984
leaf_count=60849 855 5673 13692 37005 2282 5043 13373 1455 711 484 167 31397 2611 37344
internal_value=-8.61742e-05 -0.000137661 -0.00309071 0.00016027 -0.000686024 0.00391127 0.00120227 -0.000321251 -0.00295491 -0.0170836 0.0139357 -0.00118163 0.000685965 0.00266489
internal_weight=45511.3 45368.7 4149.15 41219.6 22747.7 2206.94 18471.9 1261.44 1071.45 211.967 189.998 20540.7 859.478 10346.8
internal_count=212941 212086 19365 192721 104999 12753 87722 7710 6088 1195 1622 92246 4893 50717
is_linear=0
shrinkage=0.03


Tree=241
num_leaves=15
num_cat=0
split_feature=195 194 127 226 10 136 243 139 80 42 165 228 245 224
split_gain=41.6179 68.1273 69.2571 61.7441 51.2303 45.4323 76.1466 89.6712 57.0987 44.5017 41.1612 47.1655 60.4767 50.2931
threshold=66.500000000000014 30.500000000000004 2.5000000000000004 2.5000000000000004 4.5000000000000009 8.5000000000000018 -0.04781305976212024 9.5000000000000018 72.500000000000014 5.5000000000000009 29.500000000000004 5.5000000000000009 -0.09922825917601584 35.500000000000007
decision_type=10 10 10 8 8 10 2 8 10 10 8 8 2 10
left_child=1 3 -3 5 9 8 7 -7 -1 -5 -2 12 -12 -13
right_child=10 2 -4 4 -6 6 -8 -9 -10 -11 11 13 -14 -15
leaf_value=0.011428410599122132 -0.0014661235626091962 -0.0094018462692707777 -0.0015796011429692269 0.00059024841114386128 -0.00055078737308415977 -0.02666293019973141 0.0088622930045370533 0.0019106703998514546 -0.024825048663589044 0.010249395584943194 0.0073780192567129404 0.0069118711981756998 -0.0068825098641848454 0.0015362224310632162
leaf_weight=964.78323160484433 3034.5528305843472 1089.9403189793229 13921.673481151462 971.82026233151555 15976.011187482625 145.92809033766389 471.70149838551879 266.70891860872507 31.558886960148811 760.80421542003751 371.83501916006207 2589.5596230402589 888.81634125858545 3960.5277433805168
leaf_count=6450 13947 5366 63363 5173 73524 690 2256 1475 140 3441 2545 11933 4080 18299
internal_value=-0.000125165 -0.000633452 -0.00215343 0.000531835 -1.83478e-05 0.0056851 0.000715813 -0.00858609 0.0100448 0.00486611 0.00149557 0.00264662 -0.00265134 0.00366877
internal_weight=45446.2 34600.9 15011.6 19589.3 17708.6 1880.68 884.339 412.637 996.342 1732.62 10845.3 7810.74 1260.65 6550.09
internal_count=212682 161878 68729 93149 82138 11011 4421 2165 6590 8614 50804 36857 6625 30232
is_linear=0
shrinkage=0.03


Tree=242
num_leaves=15
num_cat=0
split_feature=231 244 137 224 244 249 245 231 249 229 244 249 244 222
split_gain=44.3346 109.134 117.657 107.06 95.0048 100.581 119.419 113.503 77.5498 71.7489 115.702 103.926 152.866 118.453
threshold=91.500000000000014 0.0043800720013678083 25.500000000000004 16.500000000000004 0.030532187782227996 0.82323232293128978 -0.061643267050385468 97.500000000000014 0.04545454494655133 5.5000000000000009 0.0016664691502228381 0.62121212482452404 0.0088174357078969496 4.5000000000000009
decision_type=10 2 8 10 2 2 2 10 2 8 2 2 2 10
left_child=9 -2 3 -3 8 6 -6 -7 -4 11 -11 12 -1 -14
right_child=1 2 4 -5 5 7 -8 -9 -10 10 -12 -13 13 -15
leaf_value=0.0095944880103108806 0.014616264839813004 -0.016186894027667566 -0.0070237751849002673 0.0002199365616330424 -0.014149385827549999 -0.0093323338902926295 0.0016137140828665919 0.018667667719036277 0.0072878601463114059 -0.0099077154668928327 0.00018528957129563259 0.019167842486823891 -0.0098184366981816963 0.0040470328318293102
leaf_weight=1596.3123495094478 311.39130662381649 1001.7394132353365 429.90691248327494 553.51715925708413 1124.0887322835624 219.25001864135265 696.20757090300322 294.97081993147731 1518.150229755789 1043.7652485817671 34129.766535129398 362.64149509370327 1048.9210226200521 1155.6461811065674
leaf_count=8111 1651 5109 1984 2655 6543 1089 3263 2178 7977 4454 153900 2319 5549 6137
internal_value=-4.61887e-05 -0.00241292 -0.0033447 -0.0103836 -0.000770225 -0.00484253 -0.00814461 0.00677893 0.00410976 0.000324301 -0.000116949 0.00404333 0.00255379 -0.00256463
internal_weight=45486.3 6149.22 5837.83 1555.26 4282.57 2334.52 1820.3 514.221 1948.06 39337.1 35173.5 4163.52 3800.88 2204.57
internal_count=212919 32449 30798 7764 23034 13073 9806 3267 9961 180470 158354 22116 19797 11686
is_linear=0
shrinkage=0.03


Tree=243
num_leaves=15
num_cat=0
split_feature=70 231 148 246 246 228 240 244 57 28 231 231 10 231
split_gain=52.6398 123.431 64.136 69.9366 55.5488 87.6143 80.7467 56.408 52.9721 65.6002 78.2707 68.7084 52.3303 50.355
threshold=9.5000000000000018 87.500000000000014 2.5000000000000004 0.036278482526540763 0.045655507594347007 10.500000000000002 -0.056181818246841424 0.035618251189589507 28.500000000000004 6.5000000000000009 39.500000000000007 29.500000000000004 43.500000000000007 75.500000000000014
decision_type=8 10 8 2 2 10 10 2 10 8 10 10 10 8
left_child=1 2 -1 8 5 6 -3 -6 -4 10 11 -10 -5 -2
right_child=13 4 3 12 7 -7 -8 -9 9 -11 -12 -13 -14 -15
leaf_value=-0.005199743896490752 -0.001116845604703488 0.00018112437772970492 -0.0053734667736933155 0.014218353308145124 0.014085307174352012 0.0048728187170781947 -0.023991173338063249 -0.0047592113868365309 -0.0029687273584198194 0.006454109545965446 0.0048335079293846273 -0.026722859955321778 0.003317702797546244 0.0012993452829452895
leaf_weight=627.72707946226001 25967.836641274393 176.25380710139871 598.73418061435223 1027.5790765024722 192.64379148930311 226.45980364084244 411.3365837149322 475.58979147672653 330.10331881791353 2965.6348141096532 640.95560154691339 156.29930713772774 653.6746959015727 11061.824810225517
leaf_count=3026 115196 1093 2649 5510 1089 1036 1935 3188 1526 13193 3301 699 3242 56377
internal_value=9.35597e-05 0.00222374 0.0038891 0.00479107 -0.00561497 -0.0108275 -0.0168587 0.000801015 0.00289825 0.00411841 -0.00202862 -0.0109864 0.0100248 -0.000394904
internal_weight=45512.7 8482.99 7000.71 6372.98 1482.28 814.05 587.59 668.234 4691.73 4092.99 1127.36 486.403 1681.25 37029.7
internal_count=213060 41487 33146 30120 8341 4064 3028 4277 21368 18719 5526 2225 8752 171573
is_linear=0
shrinkage=0.03


Tree=244
num_leaves=15
num_cat=0
split_feature=147 148 29 171 145 71 250 232 79 68 192 243 228 77
split_gain=45.8538 56.7838 43.2613 40.4555 39.4322 38.9392 48.9797 44.9991 50.5899 53.0211 56.5871 55.1778 89.6887 74.7709
threshold=94.500000000000014 88.500000000000014 99.500000000000014 23.500000000000004 62.500000000000007 24.500000000000004 0.00010001500049838798 16.500000000000004 1.5000000000000002 6.5000000000000009 1.0000000180025095e-35 -0.037103289738297456 5.5000000000000009 33.500000000000007
decision_type=10 10 8 10 10 8 2 10 8 10 8 2 10 10
left_child=1 5 4 -3 -2 7 -7 -1 -9 10 -10 12 -11 -14
right_child=2 3 -4 -5 -6 6 -8 8 9 11 -12 -13 13 -15
leaf_value=0.0073022222534232491 -7.1403721408352374e-05 -0.00028724417276266564 0.0087109740364284399 0.0056577136790005502 -0.0073927760445108006 -0.0012058818062323053 0.0037574230040509334 0.0083442094329637187 -0.014220804860189505 -0.003363152265338763 -0.0014439664938290207 -0.00063498994042220645 0.014032584432650866 0.0029911517124121883
leaf_weight=993.62384447455406 1067.0060767009854 1637.3013479039073 228.62304131686687 2764.1279323324561 1735.4500634595752 23381.673553373665 1927.9927896820009 718.16949720308185 329.89554500952363 876.07766937091947 3843.8734803423285 3798.1481320224702 991.01821757853031 1246.2757498845458
leaf_count=4566 4586 7510 1228 12736 8052 107051 9797 4514 1972 4385 19609 16654 4656 5864
internal_value=-2.61917e-05 0.000228349 -0.00358491 0.00345059 -0.0046154 -0.000144636 -0.000826462 0.00120345 0.000684303 0.000180976 -0.00248543 0.00179244 0.00474634 0.00792268
internal_weight=45539.3 42508.2 3031.08 4401.43 2802.46 38106.7 25309.7 12797.1 11803.5 11085.3 4173.77 6911.52 3113.37 2237.29
internal_count=213180 199314 13866 20246 12638 179068 116848 62220 57654 53140 21581 31559 14905 10520
is_linear=0
shrinkage=0.03


Tree=245
num_leaves=15
num_cat=0
split_feature=245 246 244 245 222 245 232 222 246 234 229 119 37 249
split_gain=41.6671 52.9649 59.7615 100.703 47.8662 75.4353 57.2281 65.4892 57.7827 55.9474 54.3941 46.7382 56.8352 64.0233
threshold=-0.20662932842969892 0.28148111701011663 0.088811542838811888 -0.17293421924114225 94.500000000000014 -0.08741848915815352 87.500000000000014 71.500000000000014 0.0047018700279295453 5.5000000000000009 13.500000000000002 58.500000000000007 84.500000000000014 0.17676767706871035
decision_type=2 2 2 2 8 2 8 8 2 8 8 8 10 2
left_child=-1 2 4 -4 6 9 -2 8 -8 -6 -9 -10 -13 -14
right_child=1 -3 3 -5 5 -7 7 10 11 -11 -12 12 13 -15
leaf_value=0.014600521955385051 -0.00027802832077170828 -0.016453885833697182 -0.026801682300464862 0.011918993661054679 0.0052236836161601808 -0.0031069504657768162 0.01672569736456183 -0.0096232203503447428 -0.0017799348353572839 -0.037243631038302652 0.01638233597815953 0.0047612036192232251 0.010971790718065408 -0.022187315281527932
leaf_weight=168.94025899469852 36856.838979836553 163.38395783305168 56.873491205275059 676.37499001249671 34.711407624185085 1023.6210504248738 216.03397665917873 78.360988639295101 2533.5054862499237 97.237375527620316 472.56213448941708 2963.9231782890856 72.666762366890907 141.2016244456172
leaf_count=2541 167984 898 336 4251 201 4857 1033 419 11138 670 2187 15741 360 657
internal_value=0.000152454 9.54711e-05 0.000158885 0.00859548 1.79411e-05 -0.00598142 0.000179263 0.00277735 0.00184679 -0.0264909 0.0125778 0.00125573 0.00367392 -0.0109339
internal_weight=45556.2 45387.3 45223.9 733.248 44490.7 1155.57 43335.1 6478.25 5927.33 131.949 550.923 5711.3 3177.79 213.868
internal_count=213273 210732 209834 4587 205247 5728 199519 31535 28929 871 2606 27896 16758 1017
is_linear=0
shrinkage=0.03


Tree=246
num_leaves=15
num_cat=0
split_feature=194 226 230 29 250 171 226 226 129 146 133 246 230 140
split_gain=49.9851 54.062 53.1125 45.0057 52.8605 53.087 50.9706 59.5915 71.9169 65.5796 57.4986 66.463 53.7066 51.6454
threshold=30.500000000000004 2.5000000000000004 8.5000000000000018 14.500000000000002 0.00010001500049838798 27.500000000000004 41.500000000000007 15.500000000000002 20.500000000000004 98.500000000000014 43.500000000000007 0.034167064353823669 14.500000000000002 88.500000000000014
decision_type=8 10 8 8 2 10 10 10 10 10 10 2 10 10
left_child=1 2 -1 6 5 -5 7 9 -9 10 12 -12 13 -2
right_child=3 -3 -4 4 -6 -7 -8 8 -10 -11 11 -13 -14 -15
leaf_value=0.0084645931457607571 0.003828528501589273 0.0006967995149174945 -0.0086528663979897405 -0.0025243507249374081 0.0042804449919252221 0.00054446086243538469 0.0021550241565021929 -0.013203235898933388 -0.0016780740268009535 -0.012057693626390554 -0.015770617631858254 0.0073345818767693366 -0.011480475275385659 -0.013407909513549693
leaf_weight=1420.143292915076 2366.6730657666922 12865.480498809367 175.99369307234883 8116.8012563250959 2182.010424669832 13495.175981499255 1452.9520353190601 1139.7647456154227 851.39118484407663 487.86983286216855 385.17272466421127 149.50379650294781 255.56061513721943 157.75663944333792
leaf_count=8627 12491 59108 875 37059 11111 60783 6561 5064 4006 2978 1688 732 1176 748
internal_value=-0.000110935 0.00134524 0.00653506 -0.000789573 -0.000158758 -0.000608726 -0.00285775 -0.0041164 -0.00830824 -0.00190536 -0.000379314 -0.009294 0.00136242 0.00270274
internal_weight=45502.2 14461.6 1596.14 31040.6 23794 21612 7246.64 5793.69 1991.16 3802.54 3314.67 534.677 2779.99 2524.43
internal_count=213007 68610 9502 144397 108953 97842 35444 28883 9070 19813 16835 2420 14415 13239
is_linear=0
shrinkage=0.03


Tree=247
num_leaves=15
num_cat=0
split_feature=195 140 231 195 248 226 226 70 231 226 231 248 224 5
split_gain=39.0236 57.1166 68.6429 66.9778 63.274 62.3241 71.7397 55.6513 57.5119 104.285 105.773 109.128 74.3363 80.7085
threshold=35.500000000000007 27.500000000000004 5.5000000000000009 24.500000000000004 0.54040405154228222 31.500000000000004 49.500000000000007 84.500000000000014 26.500000000000004 3.5000000000000004 77.500000000000014 0.84343436360359203 4.5000000000000009 20.500000000000004
decision_type=10 10 8 8 2 10 10 10 8 8 10 2 10 10
left_child=1 2 5 4 -3 -1 -7 8 -4 10 12 -12 -10 -14
right_child=-2 3 7 -5 -6 6 -8 -9 9 -11 11 -13 13 -15
leaf_value=-0.024307067974716566 0.0011503925275911854 -0.0001059095322039679 0.0027976143629342724 -0.0022087077056846664 0.0045613198632622953 0.016415022424687321 -0.012460566227413426 -0.013955898773688781 -0.0034931948296994964 -0.0039139339716056654 -0.0074968816852519996 0.022692358593255812 0.025252667009082672 0.001569217055736946
leaf_weight=222.17626076936722 17086.735781829804 6098.1105897538364 2381.5744539946318 5377.1859494969249 4565.4229368641973 99.405669890344143 257.40696505457163 314.01437148451805 197.08416700735688 7509.8570560179651 708.4117102175951 116.91687453538179 392.59124527126551 192.96118629723787
leaf_count=972 80467 27013 10336 24851 23222 409 1094 1362 1221 34465 3841 944 2064 913
internal_value=1.76807e-05 -0.000663182 -0.0021921 0.000518627 0.00189469 -0.0121898 -0.00418782 -0.0016922 -0.00134548 -0.00242954 0.00448452 -0.00299978 0.0123154 0.0176055
internal_weight=45519.9 28433.1 12392.4 16040.7 10663.5 578.989 356.813 11813.4 11499.4 9117.82 1607.97 825.329 782.637 585.552
internal_count=213174 132707 57621 75086 50235 2475 1503 55146 53784 43448 8983 4785 4198 2977
is_linear=0
shrinkage=0.03


Tree=248
num_leaves=15
num_cat=0
split_feature=194 178 10 244 34 147 104 243 120 24 230 192 226 244
split_gain=44.7675 43.2194 85.1267 64.5508 57.6324 51.7411 56.0347 57.2023 52.0337 46.4646 40.4552 53.4792 50.7557 74.1013
threshold=29.500000000000004 11.500000000000002 2.5000000000000004 0.1067665070295334 16.500000000000004 97.500000000000014 51.500000000000007 -0.044194122776389115 16.500000000000004 15.500000000000002 3.5000000000000004 21.500000000000004 3.5000000000000004 0.0063442673999816188
decision_type=8 8 10 2 10 8 8 2 8 8 10 10 10 2
left_child=10 2 4 5 -2 6 9 -8 -9 -3 11 12 -1 -14
right_child=1 3 -4 -5 -6 -7 7 8 -10 -11 -12 -13 13 -15
leaf_value=0.0054913519601320409 -0.003554888392653251 0.0041894298179977404 -0.0055703448419408483 0.014610035549447791 0.0055326982796799814 -0.005523076129310839 0.0090904251364290461 0.0070948417562251712 -0.00034535383117209107 -0.0013134498057515767 0.00058255774518362253 0.0096020277918889511 0.016209336492329994 -0.01180625121123885
leaf_weight=786.27078885957599 1132.7955430261791 1506.6392260827124 4044.8519060797989 254.06255563348532 1385.716487146914 1587.3513894043863 991.78236157074571 1064.5198366418481 3973.5775219500065 15456.068939778954 11700.327864136547 1122.6933224797249 96.209086030721664 428.30456453189254
leaf_count=5019 6245 6930 19075 1757 7060 7858 5052 4781 18107 69242 53077 6188 495 2342
internal_value=-8.51924e-05 -0.000716307 -0.0028794 -0.000143695 0.00144732 -0.000302071 6.06184e-05 0.00254218 0.00123766 -0.0008225 0.0013163 0.00482738 0.000696138 -0.00646037
internal_weight=45531.2 31397.4 6563.36 24834 2518.51 24579.9 22992.6 6029.88 5038.1 16962.7 14133.8 2433.48 1310.78 524.514
internal_count=213228 146107 32380 113727 13305 111970 104112 27940 22888 76172 67121 14044 7856 2837
is_linear=0
shrinkage=0.03


Tree=249
num_leaves=15
num_cat=0
split_feature=140 107 231 37 126 231 62 231 229 229 231 243 229 146
split_gain=45.5812 75.745 61.7653 54.4854 49.2312 66.2752 52.9575 51.6222 48.337 57.0572 50.9988 50.8627 50.0919 47.5227
threshold=10.500000000000002 29.500000000000004 89.500000000000014 17.500000000000004 51.500000000000007 10.500000000000002 6.5000000000000009 65.500000000000014 16.500000000000004 28.500000000000004 5.5000000000000009 -0.042881280183792107 56.500000000000007 16.500000000000004
decision_type=10 10 10 10 10 10 8 10 10 10 8 2 10 10
left_child=1 2 3 8 -5 6 -6 -7 10 -10 -1 -11 -13 -2
right_child=13 -3 -4 4 5 7 -8 -9 9 11 -12 12 -14 -15
leaf_value=-0.025323319017833783 0.0038651860382558634 -0.0068031923905885645 -0.0073341448231935384 -0.00012310317661153253 -0.034309636207308605 0.013466923258269403 0.0039922106611124013 0.00059343051088749262 -0.01174794811319757 0.015029320482610636 0.0012220790894067748 -0.0084414920627900111 0.009075684256050702 9.5732810816240128e-05
leaf_weight=56.604068890213966 3319.6994656547904 2146.7735519856215 1042.2517108209431 1556.4284346066415 48.382475331425667 906.37629605829716 69.128132089972496 405.27690431475639 754.1584253013134 146.29234780371189 2958.0268826782703 540.49354014545679 191.27252151817083 31370.642965529114
leaf_count=259 13995 9553 5484 6942 210 4231 296 2072 3257 705 15491 2262 835 147660
internal_value=-7.28696e-05 -0.0017718 -0.000520258 0.000418595 0.00357431 0.00757386 -0.0132317 0.00952384 -0.00161227 -0.00575358 0.000641575 -0.000530746 -0.00380214 0.000457461
internal_weight=45511.8 10821.5 8674.69 7632.44 2985.59 1429.16 117.511 1311.65 4646.85 1632.22 3014.63 878.058 731.766 34690.3
internal_count=213252 51597 42044 36560 13751 6809 506 6303 22809 7059 15750 3802 3097 161655
is_linear=0
shrinkage=0.03


Tree=250
num_leaves=15
num_cat=0
split_feature=52 245 244 144 135 195 246 245 244 244 246 140 244 246
split_gain=42.5356 64.6712 81.6386 68.273 63.9396 61.6472 61.3505 60.6245 57.7402 66.2752 58.8278 50.2818 56.9493 84.2413
threshold=9.5000000000000018 -0.093968823552131639 0.016981222666800026 63.500000000000007 2.5000000000000004 33.500000000000007 0.023396934382617477 -0.055307682603597634 0.057330913841724403 0.036715589463710792 0.28148111701011663 10.500000000000002 0.012268828693777325 0.03266496770083905
decision_type=10 2 2 10 10 10 2 2 2 2 2 10 2 2
left_child=1 2 -1 5 -2 -3 -4 8 9 -5 -10 -6 13 -13
right_child=4 3 6 7 11 -7 -8 -9 10 -11 -12 12 -14 -15
leaf_value=0.0066485574890535002 0.0073506193727624998 -0.0031190187743209683 -0.024264758533363188 -0.0081155251914197205 -0.0031855516061907669 0.0046460149489601582 -0.0012358736184324513 -0.0004321764546620323 0.015750061631865649 -0.024833174136495505 -0.022861364097423686 0.0014895159109359385 -0.00034015379418890647 0.0095406960322396185
leaf_weight=1673.5106859542429 1235.8972346670926 2458.7458440735936 102.6234411559999 2039.3814407512546 3129.7544327005744 1456.9655882716179 1397.5607762522995 1216.3274752423167 146.69636208564043 232.6177973896265 36.486757650971413 11968.87493500486 17133.401759661734 1287.173999670893
leaf_count=9711 5644 11461 622 9117 13591 6889 9910 5322 825 1055 177 52608 79984 6303
internal_value=0.000166895 -0.00148042 0.00211093 -0.00298347 0.000677218 -0.000225315 -0.00296146 -0.00591647 -0.00862068 -0.00992848 0.00727407 0.000429042 0.000802227 0.0022779
internal_weight=45516 10760.9 3173.69 7587.22 34755.1 3915.71 1500.18 3671.51 2455.18 2272 183.183 33519.2 30389.5 13256
internal_count=213219 55089 20243 34846 158130 18350 10532 16496 11174 10172 1002 152486 138895 58911
is_linear=0
shrinkage=0.03


Tree=251
num_leaves=15
num_cat=0
split_feature=232 224 6 106 9 246 70 54 141 178 245 119 146 224
split_gain=45.5602 100.971 72.3803 63.628 63.6148 73.2689 55.6579 68.2904 55.2947 54.924 65.64 77.0098 60.1852 65.6213
threshold=87.500000000000014 16.500000000000004 35.500000000000007 81.500000000000014 9.5000000000000018 0.010971164330840113 9.5000000000000018 95.500000000000014 66.500000000000014 17.500000000000004 -0.11443791538476943 22.500000000000004 2.5000000000000004 15.500000000000002
decision_type=10 10 10 10 10 2 8 10 10 8 2 8 10 10
left_child=6 3 8 4 -2 -6 7 -1 -3 12 11 -11 -8 -14
right_child=1 2 -4 -5 5 -7 9 -9 -10 10 -12 -13 13 -15
leaf_value=0.0010880928032937296 0.0046754568902642483 0.0050273780796813569 0.0013693989677576904 -0.015464576413213634 0.013109538218002406 -0.0075299092954084889 0.014887895874983596 0.010292859740564087 0.015136803030011641 -0.018813202628557964 -0.00042153677640747545 0.011535871023704593 0.00045950801798890357 -0.0059069420151912442
leaf_weight=6034.6909896731377 1166.0910218842328 1120.3928568102419 1939.4142432957888 271.89589566737413 168.77051755785942 1175.7342333830893 151.36383385956287 815.05688225477934 872.97005386650562 75.118420816957951 24614.218589998782 699.73887189477682 2238.7692575119436 4156.0842756219208
leaf_count=28757 7143 5193 8729 1360 788 5749 648 4036 4327 341 110837 4801 11556 18927
internal_value=0.00014007 0.00241957 0.00550824 -0.00195005 -0.000430894 -0.00486146 -0.000255127 0.00219678 0.00950814 -0.000781556 -0.000149372 0.00839147 -0.00322947 -0.00368088
internal_weight=45500.3 6715.27 3932.78 2782.49 2510.6 1344.5 38785 6849.75 1993.36 31935.3 25389.1 774.857 6546.22 6394.85
internal_count=213192 33289 18249 15040 13680 6537 179903 32793 9520 147110 115979 5142 31131 30483
is_linear=0
shrinkage=0.03


Tree=252
num_leaves=15
num_cat=0
split_feature=92 245 248 77 243 243 248 229 245 229 243 243 167 58
split_gain=40.802 45.5576 137.433 82.704 91.1979 84.1262 112.621 80.7605 110.527 240.593 86.2772 79.382 78.7604 72.2292
threshold=66.500000000000014 -0.075751405209302888 0.58080807328224193 4.5000000000000009 -0.054124308750033372 -0.051270980387926095 0.7929292917251588 32.500000000000007 -0.09233562275767325 49.500000000000007 -0.05156388692557811 -0.020383923314511773 30.500000000000004 29.500000000000004
decision_type=10 2 2 8 2 2 2 8 2 8 2 2 8 8
left_child=1 2 7 -3 12 -6 13 10 9 -9 -1 -8 -5 -7
right_child=-2 3 -4 4 5 6 11 8 -10 -11 -12 -13 -14 -15
leaf_value=0.0070801660024331411 0.0045444321572339968 -0.0074951717145545528 5.8327507951257452e-06 -0.014184305404194221 0.013546305067556517 0.0022146788936794949 -0.02137425942637269 -0.041820379441432576 0.0097030180663345011 0.0089544803601425259 0.023840920176101947 0.014281097459789399 -0.00037014725377578568 -0.0010414428506034135
leaf_weight=733.14401141181588 1748.7787678390741 1533.2468305677176 10292.736171100289 770.44203919917345 397.08999370038509 9176.0788971632719 339.22990350425243 131.92038071155548 556.37464042007923 199.00650049000978 446.82478184252977 59.721325412392616 709.85613121837378 18427.760563470423
leaf_count=4694 8756 6739 54079 3385 1816 40489 1425 695 2947 1734 2635 286 3253 80307
internal_value=6.41758e-05 -0.000115811 0.00142641 -0.000722878 -0.000372979 6.61998e-06 -0.000190145 0.00846526 0.00159581 -0.0119193 0.0135741 -0.0158181 -0.00760685 4.13684e-05
internal_weight=45522.2 43773.4 12360 31413.4 29880.2 28399.9 28002.8 2067.27 887.302 330.927 1179.97 398.951 1480.3 27603.8
internal_count=213240 204484 66784 137700 130961 124323 122507 12705 5376 2429 7329 1711 6638 120796
is_linear=0
shrinkage=0.03


Tree=253
num_leaves=15
num_cat=0
split_feature=151 245 224 230 243 243 228 230 229 118 47 146 245 118
split_gain=41.695 43.43 95.8865 135.622 102.452 94.7843 89.2767 80.4385 85.2262 170.462 83.7495 81.2051 78.1515 125.889
threshold=4.5000000000000009 -0.071556743234395967 12.500000000000002 1.5000000000000002 -0.048201425001025193 -0.054124308750033372 93.500000000000014 94.500000000000014 73.500000000000014 80.500000000000014 96.500000000000014 95.500000000000014 -0.085850849747657762 84.500000000000014
decision_type=10 2 8 10 2 2 10 10 10 10 8 10 2 8
left_child=-1 2 3 4 -2 -3 7 8 11 10 -10 12 13 -4
right_child=1 5 6 -5 -6 -7 -8 -9 9 -11 -12 -13 -14 -15
leaf_value=-0.0024971655521293938 0.0012895404745449617 -0.0084877541514082732 -0.00028875277963665583 -0.0055483128166564115 0.018772098962580433 0.00011294366898532847 -0.02001831867822074 0.024569381441437887 -0.025207159973677597 0.016428856739286291 0.010777108523678905 -0.0068213549350549752 0.009233756264513622 0.01285862116902611
leaf_weight=4986.8740884549916 1548.9623934403062 1195.5214662477374 2898.2491253502667 2918.6507543809712 365.18247757852077 26575.224551163614 128.77475801110268 162.31676185503602 307.63409329950809 173.67409782484174 65.296247459948063 504.05288346484303 2928.3531614691019 836.87673679366708
leaf_count=23881 10437 5384 14221 14778 2074 116590 735 1157 1419 1300 393 2768 13447 5108
internal_value=8.88078e-05 0.000406909 0.00184913 -0.00148587 0.00470511 -0.000260236 0.00386183 0.00427714 0.00381891 -0.00750555 -0.0187898 0.00469178 0.0055716 0.00268346
internal_weight=45595.6 40608.8 12838 4832.8 1914.14 27770.7 8005.23 7876.45 7714.14 546.604 372.93 7167.53 6663.48 3735.13
internal_count=213692 189811 67837 27289 12511 121974 40548 39813 38656 3112 1812 35544 32776 19329
is_linear=0
shrinkage=0.03


Tree=254
num_leaves=15
num_cat=0
split_feature=238 178 64 243 228 189 32 243 137 244 105 228 243 9
split_gain=41.2841 59.3277 68.4281 59.7715 56.1948 55.7299 52.6214 48.849 67.5249 67.6576 66.578 56.0732 54.304 85.005
threshold=-0.096968337893486009 11.500000000000002 41.500000000000007 -0.015309567097574471 93.500000000000014 49.500000000000007 29.500000000000004 -0.0306770596653223 91.500000000000014 0.014304763637483122 9.5000000000000018 61.500000000000007 -0.049267057329416268 9.5000000000000018
decision_type=10 8 8 2 10 10 10 2 10 2 10 10 2 10
left_child=-1 7 4 -4 6 -5 -3 12 9 11 -11 -9 -2 -14
right_child=1 2 3 5 -6 -7 -8 8 -10 10 -12 -13 13 -15
leaf_value=0.00090362758574313471 -0.0086814357796128824 0.0060370382916182961 -6.3677906860545934e-05 -0.0085488315067649631 -0.011530358426863421 -0.0013030120168858214 -0.00036910759714149584 -0.01391778562763629 -0.031854082863664403 0.021705921160605872 -0.0035709997826293225 0.014078284633094931 0.011955963902527737 -0.005603564817052595
leaf_weight=24428.536642506719 504.19273842871189 2828.8776498138905 9053.3784471228719 1707.7127881646156 227.42742662131786 2162.2220330312848 1942.587257489562 841.93521629273891 93.54361267387867 104.17092271149158 515.62319886684418 61.738303035497665 494.95023316890001 479.21815611422062
leaf_count=121417 2269 12003 39994 7347 965 9409 8469 3531 393 461 2211 253 2243 2072
internal_value=6.50974e-05 -0.000909485 -0.000246034 -0.00139887 0.00273116 -0.00451422 0.00343361 -0.0047377 -0.00832459 -0.00668153 0.000954573 -0.011872 -0.000784843 0.00334882
internal_weight=45446.1 21017.6 17922.2 12923.3 4998.89 3869.93 4771.46 3095.37 1617.01 1523.47 619.794 903.674 1478.36 974.168
internal_count=213037 91620 78187 56750 21437 16756 20472 13433 6849 6456 2672 3784 6584 4315
is_linear=0
shrinkage=0.03


Tree=255
num_leaves=15
num_cat=0
split_feature=92 231 224 120 120 78 248 123 34 248 230 230 249 222
split_gain=40.9058 41.5683 90.449 95.8629 84.495 118.62 98.4295 95.9648 95.2697 80.961 93.7465 144.73 97.88 94.0583
threshold=70.500000000000014 91.500000000000014 32.500000000000007 17.500000000000004 49.500000000000007 10.500000000000002 0.21717172116041186 34.500000000000007 11.500000000000002 0.84343436360359203 64.500000000000014 21.500000000000004 0.83333334326744091 13.500000000000002
decision_type=10 10 8 8 8 8 2 10 10 2 10 10 2 10
left_child=1 2 4 -4 -1 7 -7 -6 -8 10 11 12 13 -3
right_child=-2 9 3 -5 5 6 8 -9 -10 -11 -12 -13 -14 -15
leaf_value=-0.0010762595493488353 0.0056102610853722102 -0.0083529581749024438 0.0027704533819667334 -0.0020579004996312106 -0.00038060549258445896 -0.0034340357220994456 0.0019463857380995636 -0.018551765445256677 0.0086855566903691964 0.0075194680809020659 0.0041403040387806966 -0.016992048565532266 0.01991911637964348 0.0023220496458762688
leaf_weight=5636.4512390345335 1139.3754938468337 1863.4711612723768 4696.5339264348149 17318.37762934342 1585.9094140417874 1119.1268298178911 3113.1291025914252 303.3391687348485 4815.1880110166967 636.25339816510677 1065.2909414730966 821.97644366323948 150.42413985356688 1225.0246381796896
leaf_count=24299 5773 10024 20177 79022 8610 4955 15297 1475 23098 4269 5647 3493 894 6254
internal_value=2.26285e-05 -0.000122152 0.000232978 -0.00102706 0.00190635 0.00344308 0.00487012 -0.0033805 0.00604514 -0.00249655 -0.00375194 -0.00582739 -0.00295044 -0.00412498
internal_weight=45489.9 44350.5 38588.1 22014.9 16573.1 10936.7 9047.44 1889.25 7928.32 5762.44 5126.19 4060.9 3238.92 3088.5
internal_count=213287 207514 176933 99199 77734 53435 43350 10085 38395 30581 26312 20665 17172 16278
is_linear=0
shrinkage=0.03


Tree=256
num_leaves=15
num_cat=0
split_feature=184 138 222 238 28 224 224 245 245 224 224 246 224 246
split_gain=37.3594 58.8806 48.4266 45.0106 53.964 58.723 50.4759 51.587 48.5928 84.5579 110.006 84.07 79.3307 145.452
threshold=77.500000000000014 89.500000000000014 19.500000000000004 -0.28120833635330195 8.5000000000000018 32.500000000000007 66.500000000000014 -0.034937443211674683 -0.07631423324346541 16.500000000000004 19.500000000000004 0.010001357644796373 26.500000000000004 0.018809730187058452
decision_type=10 10 10 10 10 10 10 2 2 10 10 2 10 2
left_child=1 3 -2 -1 5 -5 7 -7 9 11 -11 -6 13 -12
right_child=2 -3 -4 4 8 6 -8 -9 -10 10 12 -13 -14 -15
leaf_value=0.009593523942028153 -0.0014113409804207217 -0.0064481598515622992 0.003407306211017167 -0.00094437160301620354 0.012598793635911539 -0.01239796590687868 0.0011011001060323026 0.0036943823236170242 -0.00032868671885865177 0.019874314838759555 -0.015515586282985836 -0.0041231119771132172 0.0058977859572321174 0.00841970687108602
leaf_weight=414.61165791377425 2768.9814044721425 1362.5111161842942 5787.4423118121922 5605.3184382803738 301.52115196734667 1177.9907005578279 499.97330355644226 206.47682891786098 20953.909684479237 401.84195521473885 473.53595436364412 2057.2400767207146 2982.1205450370908 424.33626659214497
leaf_count=3628 14825 6195 27529 28783 1404 5535 2345 905 90538 1874 2086 9949 15322 2046
internal_value=6.34404e-05 -0.00035121 0.0018481 -0.000115448 -0.000232886 -0.00248946 -0.00705611 -0.0099887 0.000380278 0.00261449 0.00512289 -0.00194138 0.00354796 -0.00423557
internal_weight=45417.8 36861.4 8556.42 35498.9 35084.3 7489.76 1884.44 1384.47 27594.5 6640.6 4281.83 2358.76 3879.99 897.872
internal_count=212964 170610 42354 164415 160787 37568 8785 6440 123219 32681 21328 11353 19454 4132
is_linear=0
shrinkage=0.03


Tree=257
num_leaves=15
num_cat=0
split_feature=57 170 81 231 137 226 226 51 122 177 236 118 222 231
split_gain=44.2754 51.7027 59.1607 66.0854 62.634 54.5597 63.4574 49.1238 48.7328 65.3855 57.0848 46.6707 67.2455 53.8718
threshold=70.500000000000014 28.500000000000004 13.500000000000002 77.500000000000014 27.500000000000004 81.500000000000014 85.500000000000014 6.5000000000000009 41.500000000000007 1.5000000000000002 -0.095143180340528474 96.500000000000014 6.5000000000000009 45.500000000000007
decision_type=8 10 10 10 8 10 10 10 8 8 2 10 10 8
left_child=-1 5 3 11 -5 8 -7 -6 9 -2 -10 12 13 -3
right_child=1 2 -4 4 7 6 -8 -9 10 -11 -12 -13 -14 -15
leaf_value=-0.00063483212364766307 -0.0078182597510876375 -0.022328794957267039 0.0012603498693206691 -0.0072823205764261942 -0.0056455870383262836 0.02284323594358087 0.0022281285203283791 0.014300815058663586 0.0014082959832390609 0.0053474372774487168 -0.0055524509849732302 0.023925355922202379 0.012364859177954534 0.0049727621672357785
leaf_weight=30764.775362130255 420.38209853321314 88.375229276716709 4861.4385556988418 444.25221659243107 155.99035438895226 170.43996877223253 536.83678198605776 341.26326558366418 1672.7369100358337 1606.3573249876499 2870.3976601660252 208.43410729244351 965.95685610175133 184.16172159835696
leaf_count=140398 2274 422 23277 2309 1041 772 2561 2062 10299 7315 12865 1225 4630 947
internal_value=9.69149e-06 0.00137414 0.00316542 0.00702159 0.000817891 -0.000412327 0.00744518 0.00805561 -0.00126825 0.00259166 -0.00299211 0.011025 0.00867965 -0.00435724
internal_weight=45291.8 14527 7249.87 2388.43 941.506 7277.15 707.277 497.254 6569.87 2026.74 4543.13 1446.93 1238.49 272.537
internal_count=212397 71999 35913 12636 5412 36086 3333 3103 32753 9589 23164 7224 5999 1369
is_linear=0
shrinkage=0.03


Tree=258
num_leaves=15
num_cat=0
split_feature=57 231 134 244 225 244 62 231 137 245 228 245 245 231
split_gain=39.396 51.8875 87.023 138.967 55.1374 50.3481 51.8008 74.5728 67.9521 48.9039 69.2352 75.0805 58.7188 47.5047
threshold=69.500000000000014 88.500000000000014 40.500000000000007 0.034388624131679542 27.500000000000004 0.085569173097610488 1.0000000180025095e-35 15.500000000000002 91.500000000000014 -0.10678335279226302 12.500000000000002 -0.052613724023103707 -0.085850849747657762 97.500000000000014
decision_type=10 10 10 2 10 2 10 8 10 2 10 2 2 10
left_child=5 -2 9 4 -4 6 7 -1 -9 -3 11 12 -11 -5
right_child=1 2 3 13 -6 -7 -8 8 -10 10 -12 -13 -14 -15
leaf_value=-0.017905873057945942 0.0020817874026689029 0.0052871821200037817 0.020079395253536424 -0.013846923575716298 0.0037662502578517682 0.0075476592264145329 -0.00044080052373735528 -0.001425492134065703 -0.020137925219785666 -0.0093761554445963968 0.0012246979881905321 0.0074002677672261779 -0.031356727351924144 -0.00049924279148602603
leaf_weight=330.44442949444056 11925.539632003754 154.8132091537118 329.1974644549191 396.74821519851685 427.11140256747603 648.97635039687157 27454.940263483673 2243.1507880240679 179.61223089694977 191.92381724715233 223.63879723101854 81.754367776215076 285.88113844394684 587.19611768424511
leaf_count=1539 56547 1231 1963 2145 2188 4244 123387 11814 843 916 1044 354 1260 3729
internal_value=-4.8813e-05 0.00123441 -0.00253241 0.00144367 0.0110362 -0.00065633 -0.00083502 -0.00475035 -0.00288982 -0.0098465 -0.0128669 -0.0184215 -0.0229008 -0.00596649
internal_weight=45460.9 14603.8 2678.26 1740.25 756.309 30857.1 30208.1 2753.21 2422.76 938.011 783.198 559.559 477.805 983.944
internal_count=213204 71377 14830 10025 4151 141827 137583 14196 12657 4805 3574 2530 2176 5874
is_linear=0
shrinkage=0.03


Tree=259
num_leaves=15
num_cat=0
split_feature=76 231 246 174 232 190 230 51 231 249 230 226 231 246
split_gain=38.9409 54.6977 83.6097 68.8468 61.0891 43.6713 43.1593 44.1568 42.0368 87.7925 57.9918 80.3085 56.3975 96.4629
threshold=92.500000000000014 68.500000000000014 0.05917570739984513 9.5000000000000018 50.500000000000007 88.500000000000014 50.500000000000007 8.5000000000000018 99.500000000000014 0.83333334326744091 11.500000000000002 60.500000000000007 97.500000000000014 0.098325811326503768
decision_type=10 10 2 10 10 10 8 10 10 2 8 10 10 2
left_child=5 4 3 -3 -2 8 7 -6 12 10 -10 -12 -1 -14
right_child=1 2 -4 -5 6 -7 -8 -9 9 -11 11 -13 13 -15
leaf_value=-0.00047204346901976384 0.0015071525698460034 -0.014650003084057218 0.0070050648969668507 -0.00036062636551435447 0.0069094654742139676 0.0038435957986806069 -0.00161043197342385 0.020152571390475372 -0.014475743469137648 0.018294853163742516 0.013179915783121872 -0.01139706821575702 0.012736901452619563 -0.013370226632096506
leaf_weight=36584.855832792819 1514.278301268816 470.77325297147036 728.44362965226173 824.21861831098795 480.93231498077512 2214.5545831769705 207.42758241295815 447.4092130959034 627.58301514387131 111.85241119936109 204.64837928488851 260.41985784471035 632.056027315557 150.20925330370665
leaf_count=166724 7380 2710 5079 4410 2452 10869 955 2180 3331 774 902 1349 3312 882
internal_value=5.37595e-05 0.00264459 -0.00106781 -0.00562775 0.00547254 -0.000243686 0.0107001 0.0134387 -0.000479289 -0.00597212 -0.00859967 -0.000532441 -0.000300681 0.00761837
internal_weight=45459.7 4673.48 2023.44 1294.99 2650.05 40786.2 1135.77 928.342 38571.6 1204.5 1092.65 465.068 37367.1 782.265
internal_count=213309 25166 12199 7120 12967 188143 5587 4632 177274 6356 5582 2251 170918 4194
is_linear=0
shrinkage=0.03


Tree=260
num_leaves=15
num_cat=0
split_feature=226 12 76 189 193 120 243 249 193 77 68 137 226 235
split_gain=40.8861 42.175 36.3342 55.7425 49.2374 70.1487 53.5895 52.6748 67.518 66.011 51.748 104.119 79.4269 65.3975
threshold=99.500000000000014 36.500000000000007 86.500000000000014 38.500000000000007 72.500000000000014 98.500000000000014 -0.011399664450436829 0.27777777612209326 96.500000000000014 17.500000000000004 17.500000000000004 91.500000000000014 3.5000000000000004 20.500000000000004
decision_type=10 10 10 10 10 10 2 2 10 10 8 10 10 10
left_child=2 -2 4 -4 10 6 7 8 -6 -9 11 12 -1 -13
right_child=1 -3 3 -5 5 -7 -8 9 -10 -11 -12 13 -14 -15
leaf_value=0.0035896126455399573 -0.014161467120060297 0.0010485102899325542 -0.0010248244478864937 0.0042601168124371154 0.0020962391123645597 0.0084468861904728656 -0.005141417557405205 -0.0023659967494035041 -0.0055696708232440325 0.010434068172789975 -0.0002612781521761387 0.0092622982370427123 -0.0042029443295472976 -0.026394932270068804
leaf_weight=1512.3007852621377 363.75996606424451 290.1539057418704 3197.031933138147 4079.8688640259206 4013.2183134406805 1139.1632904186845 1257.949267193675 533.91272067651153 1381.7376242950559 1099.48475022614 21105.382320486009 51.046611733734608 5202.0183299705386 249.2243665382266
leaf_count=8395 1694 1408 16109 22015 17399 6282 5480 2579 6198 5413 95059 298 23719 1209
internal_value=-0.000108105 -0.00749837 1.36066e-06 0.00194001 -0.000374797 0.00150066 0.000536696 0.00155884 0.0001262 0.00626114 -0.00100374 -0.00323409 -0.00244506 -0.02023
internal_weight=45476.3 653.914 44822.3 7276.9 37545.4 9425.47 8286.3 7028.35 5394.96 1633.4 28120 7014.59 6714.32 300.271
internal_count=213257 3102 210155 38124 172031 43351 37069 31589 23597 7992 128680 33621 32114 1507
is_linear=0
shrinkage=0.03


Tree=261
num_leaves=15
num_cat=0
split_feature=69 222 229 46 146 248 224 23 229 248 140 71 68 25
split_gain=41.8679 67.8078 71.8021 70.6488 60.4039 58.767 60.9592 60.096 50.6694 56.7894 49.1549 60.3307 57.1879 67.0257
threshold=8.5000000000000018 28.500000000000004 17.500000000000004 16.500000000000004 80.500000000000014 0.54040405154228222 10.500000000000002 61.500000000000007 9.5000000000000018 0.92424240708351146 27.500000000000004 24.500000000000004 9.5000000000000018 25.500000000000004
decision_type=8 10 10 10 8 2 8 10 8 2 10 8 10 10
left_child=1 2 8 -4 5 -3 -7 -8 9 -1 11 -2 13 -12
right_child=10 4 3 -5 -6 6 7 -9 -10 -11 12 -13 -14 -15
leaf_value=-0.00014877089042414051 0.00010389440939934769 0.0045472480463363387 -0.017264633473414101 -0.0019919466667211766 -0.0040595476939199052 -0.013623196181954692 0.021600533529814121 -0.0045650348282984992 0.0086086612670205533 0.023846827201189073 -0.0010975862409848712 -0.0039615153958073718 0.00076244969760472508 -0.013604332490589581
leaf_weight=2752.0916297566146 6414.6697636768222 1626.6723005026579 302.0205487832427 2188.7926477864385 469.84468133747578 53.751007065176964 525.50458465144038 89.001316830515862 947.79785773158073 81.72065919265151 1350.0938081555068 6723.1374567896128 21283.587357338518 530.99888057634234
leaf_count=14965 30039 7160 1436 9725 2366 258 2492 401 4263 680 7653 30788 97926 2589
internal_value=-5.79356e-05 0.00176807 4.05715e-05 -0.00390545 0.00567295 0.00767447 0.0151075 0.0177985 0.00264312 0.000624629 -0.000512865 -0.00197797 0.000318561 -0.00468129
internal_weight=45339.7 9037.2 6272.42 2490.81 2764.77 2294.93 668.257 614.506 3781.61 2833.81 36302.5 13137.8 23164.7 1881.09
internal_count=212741 43746 31069 11161 12677 10311 3151 2893 19908 15645 168995 60827 108168 10242
is_linear=0
shrinkage=0.03


Tree=262
num_leaves=15
num_cat=0
split_feature=92 106 232 64 46 224 147 148 7 224 141 231 224 6
split_gain=40.3321 45.9601 52.5841 59.7969 63.5115 48.1171 46.7982 46.5542 89.3981 54.6952 45.1682 43.71 39.6071 62.8962
threshold=70.500000000000014 90.500000000000014 87.500000000000014 36.500000000000007 12.500000000000002 6.5000000000000009 92.500000000000014 12.500000000000002 5.5000000000000009 16.500000000000004 1.5000000000000002 38.500000000000007 16.500000000000004 36.500000000000007
decision_type=10 10 10 8 10 10 10 8 10 10 8 10 10 10
left_child=1 2 10 4 7 -6 12 8 -4 -10 -1 -9 -5 -14
right_child=-2 -3 3 6 5 -7 -8 11 9 -11 -12 -13 13 -15
leaf_value=0.010497570097755602 0.0055434145456702225 -0.0064088779751000817 0.0057393140563903305 -0.0048693275488712736 -0.005216095343107372 0.011353247327187562 -0.016506214257615646 -0.009366234377333138 -0.02275484181239569 -0.0011398121541088086 -0.00053378253878817652 0.0069255395330968189 0.0086346800849574825 -0.0034826294386696805
leaf_weight=327.15589045733213 1140.7932772189379 1019.8354764953256 429.0067079141736 913.84255203604698 171.8621773570776 1394.3962609246373 154.11893902719021 159.44546001404524 236.71220538765192 185.82344172894955 36495.877196112648 1235.3944949135184 815.59717457741499 715.39680233970284
leaf_count=1434 5804 5040 2679 4577 889 6434 667 738 1089 848 168872 6991 3814 3167
internal_value=-1.2407e-06 -0.000145391 3.80235e-06 0.00250893 0.00489617 0.00951357 -0.000998482 0.00164886 -0.00385065 -0.0134951 -0.000432951 0.0050098 4.23601e-05 0.0029867
internal_weight=45395.3 44254.5 43234.6 6411.6 3812.64 1566.26 2598.96 2246.38 851.542 422.536 36823 1394.84 2444.84 1530.99
internal_count=213043 207239 202199 31893 19668 7323 12225 12345 4616 1937 170306 7729 11558 6981
is_linear=0
shrinkage=0.03


Tree=263
num_leaves=15
num_cat=0
split_feature=194 178 34 244 24 57 244 10 248 228 228 243 142 244
split_gain=37.4412 57.0202 46.0768 45.4417 71.2431 48.4961 45.6011 42.3756 40.7541 58.1277 55.0048 50.8582 42.1813 40.0404
threshold=29.500000000000004 13.500000000000002 18.500000000000004 0.012268828693777325 12.500000000000002 20.500000000000004 0.012765149120241405 2.5000000000000004 0.29797980189323431 26.500000000000004 17.500000000000004 -0.033095777034759515 28.500000000000004 0.02425299305468798
decision_type=10 8 10 2 10 10 2 10 2 10 10 2 10 2
left_child=-1 2 13 5 -5 -3 -6 -4 -7 10 -10 -12 -11 -2
right_child=1 3 7 4 6 8 -8 -9 9 12 11 -13 -14 -15
leaf_value=0.00081861099152943863 -0.0047514138935822832 -0.0026653593952872577 0.003964406070321354 0.0065696560899092737 -0.014201161698471092 -0.0013333391647742344 -0.001937080179920531 -0.0037950385259207025 0.0043692379654249108 0.015294427450219243 -0.011086548161890739 0.0033319070103594453 0.0054143879558065534 -0.014593176004304967
leaf_weight=22758.292726583779 2081.1610569618642 1863.0555805712938 998.83476788178086 881.30947148427367 272.63966885209084 1567.1447652727365 8198.0675306469202 1693.2105234265327 1767.6893534213305 530.93122026324272 491.42201618105173 386.00012050569057 1462.5766318701208 449.10429802536964
leaf_count=108622 10114 8084 5091 4802 1175 6617 37191 7882 7955 2264 2156 1697 6858 2552
internal_value=-4.05396e-05 -0.000904039 -0.00365041 -7.91274e-05 -0.00150159 0.00156937 -0.00234809 -0.00091202 0.00284293 0.00425371 0.00132859 -0.00477744 0.00810894 -0.00654883
internal_weight=45401.4 22643.1 5222.31 17420.8 9352.02 8068.82 8470.71 2692.05 6205.76 4638.62 2645.11 877.422 1993.51 2530.27
internal_count=213060 104438 25639 78799 43168 35631 38366 12973 27547 20930 11808 3853 9122 12666
is_linear=0
shrinkage=0.03


Tree=264
num_leaves=15
num_cat=0
split_feature=243 248 12 240 68 140 224 144 126 78 248 79 147 224
split_gain=34.2324 51.3727 74.342 44.3625 44.0244 80.6091 143.961 58.7075 60.8512 75.8879 62.9726 60.5412 55.2374 73.0151
threshold=-0.0085835503414273245 0.4797979891300202 9.5000000000000018 0.082531653344631209 19.500000000000004 89.500000000000014 5.5000000000000009 42.500000000000007 51.500000000000007 13.500000000000002 0.59090909361839306 49.500000000000007 79.500000000000014 7.5000000000000009
decision_type=2 2 10 8 8 10 10 10 8 10 2 10 10 10
left_child=3 -2 -3 4 5 7 -7 8 -1 -10 -11 12 -9 -14
right_child=1 2 -4 -5 -6 6 -8 11 9 10 -12 -13 13 -15
leaf_value=-0.0018154185812691104 -0.0016912889077643264 0.010278721999545753 -0.02321047517272469 0.010793424884998659 0.00085911997289432347 0.0101667185697925 -0.023699828644871305 -0.00046872043238689517 -0.0039782158911987235 0.0034784009174041427 0.015686401243225935 -0.0081606193840393741 -0.020751406770267624 0.0022322739367986013
leaf_weight=1673.2066434361041 3519.8471205160022 74.353202998638153 216.98781186342239 346.29303570836782 27352.310517910868 159.67222008481622 341.09738227725029 7867.0073004812002 519.09533952176571 818.74617749452591 712.36071847379208 1242.1584554314613 274.27840780466795 218.03875682502985
leaf_count=7466 15408 378 959 2133 125300 1192 1583 39816 2554 4125 3710 5635 1430 1061
internal_value=3.054e-06 -0.00271419 -0.0146062 0.000253042 0.000161802 -0.00121738 -0.0129137 -0.000768455 0.00242496 0.00587762 0.00922321 -0.00200808 -0.00108518 -0.0107305
internal_weight=45335.5 3811.19 291.341 41524.3 41178 13825.7 500.77 13324.9 3723.41 2050.2 1531.11 9601.48 8359.32 492.317
internal_count=212750 16745 1337 196005 193872 68572 2775 65797 17855 10389 7835 47942 42307 2491
is_linear=0
shrinkage=0.03


Tree=265
num_leaves=15
num_cat=0
split_feature=233 245 248 40 245 249 229 243 229 222 243 151 249 154
split_gain=37.7181 58.7451 90.2788 87.1263 80.4241 77.6767 74.2761 80.5788 69.0667 96.7141 68.8294 80.3608 108.062 68.4697
threshold=68.500000000000014 -0.1103546880185604 0.71212121844291698 12.500000000000002 -0.10513607785105704 0.29797980189323431 45.500000000000007 -0.026222090236842629 88.500000000000014 43.500000000000007 -0.038856796920299523 19.500000000000004 0.04545454494655133 15.500000000000002
decision_type=10 2 2 8 2 2 10 2 10 8 2 10 2 10
left_child=1 -1 4 6 5 -3 7 10 9 -5 -4 12 -12 -9
right_child=-2 2 3 8 -6 -7 -8 13 -10 -11 11 -13 -14 -15
leaf_value=0.0044816262570046058 0.0011645104191574213 -0.030257694208188499 -0.0080901035545325999 -0.0018412908584403728 -7.4927074606105496e-05 0.0091821425806369022 0.013714509273622961 -0.021756595343815133 -0.018411078396454256 0.016068013170453053 -0.023785984579750608 -0.028531370711904203 0.012287121535273612 0.008931196865777152
leaf_weight=1856.7630303427577 14936.729516901076 140.44952756166458 1150.037379771471 2140.9312702044845 23471.650404371321 58.573216639459133 115.61892664432526 73.027311064302921 178.818010866642 300.56825180351734 153.76302149146795 408.40181878954172 128.89824190735817 300.28549909591675
leaf_count=12689 71283 688 5287 9630 105572 360 600 328 951 1482 668 1749 569 1323
internal_value=-7.00118e-05 -0.000675217 -0.00101121 -0.0046912 -0.000239943 -0.0187664 -0.00889876 -0.0101358 -0.000930161 0.000420039 -0.0127011 -0.0201497 -0.00747829 0.00251708
internal_weight=45414.5 30477.8 28621 4950.35 23670.7 199.023 2330.03 2214.41 2620.32 2441.5 1841.1 691.063 282.661 373.313
internal_count=213179 141896 129207 22587 106620 1048 10524 9924 12063 11112 8273 2986 1237 1651
is_linear=0
shrinkage=0.03


Tree=266
num_leaves=15
num_cat=0
split_feature=209 10 146 77 140 120 138 190 244 31 176 244 71 37
split_gain=44.535 46.3586 56.7126 131.113 54.4251 75.6847 66.6999 71.1726 55.6079 56.7481 53.6947 49.7336 48.8689 46.9871
threshold=50.500000000000007 2.5000000000000004 98.500000000000014 25.500000000000004 18.500000000000004 17.500000000000004 76.500000000000014 1.5000000000000002 0.088811542838811888 69.500000000000014 93.500000000000014 0.01781678851693869 24.500000000000004 6.5000000000000009
decision_type=10 8 10 10 10 10 10 10 2 8 10 2 10 10
left_child=1 2 -1 -4 8 13 7 -7 9 12 -8 -11 -3 -6
right_child=-2 4 3 -5 5 6 10 -9 -10 11 -12 -13 -14 -15
leaf_value=0.0052114377862603678 -0.0023084932319106708 0.0010806030907206494 0.0040527678999073202 -0.025908102373454298 -0.010077516831132021 -0.0049249345498742136 -0.004848576756829359 0.0016856077557375897 0.014005729583793425 -0.011737286738356814 0.0030761471233505949 -0.0021674528915869361 -0.0034955878420674237 0.0053971820313196035
leaf_weight=3163.267533024773 6163.2758756689727 4781.0876054018736 447.82979741320014 174.86761135235429 176.29081905633211 1617.4131290651858 3478.1016828380525 14777.184257492423 189.38418646156788 897.7766854763031 979.8199377655983 1071.0563123822212 3730.7707546539605 3754.4414691999555
leaf_count=16284 27567 22553 3339 1024 759 8140 15710 68924 1490 4194 4883 5361 16427 16518
internal_value=6.01346e-05 0.000432666 0.00358359 -0.00463743 9.52713e-05 0.000866487 0.000145859 0.00103084 -0.00169515 -0.00199195 -0.00310379 -0.0065685 -0.000926902 0.00467934
internal_weight=45402.6 39239.3 3785.96 622.697 35453.3 24783.3 20852.5 16394.6 10670.1 10480.7 4457.92 1968.83 8511.86 3930.73
internal_count=213173 185606 20647 4363 164959 114934 97657 77064 50025 48535 20593 9555 38980 17277
is_linear=0
shrinkage=0.03


Tree=267
num_leaves=15
num_cat=0
split_feature=165 177 141 70 80 37 70 249 244 222 248 223 248 244
split_gain=43.4827 38.4023 37.6799 36.4351 67.7546 49.726 45.9761 44.088 97.6898 139.627 91.2782 72.3816 63.0294 87.768
threshold=7.5000000000000009 58.500000000000007 1.5000000000000002 79.500000000000014 55.500000000000007 50.500000000000007 15.500000000000002 0.015151515137404205 0.0074287771712988624 5.5000000000000009 0.6414141356945039 16.500000000000004 0.3686868697404862 0.011925845406949522
decision_type=8 8 8 10 8 10 10 2 2 10 2 8 2 2
left_child=1 -1 -2 5 -5 7 -7 8 11 -10 12 -4 -11 -14
right_child=2 -3 3 4 -6 6 -8 -9 9 10 -12 -13 13 -15
leaf_value=-0.006687294816610026 0.010090577844543798 -0.00010366048516686764 -0.0056530224716404738 -0.0069646406516816039 -0.00015857944582898593 0.010592098953274797 0.0020424533144636605 -0.00053525467462157939 -0.0089718533482396993 0.01702061905420162 0.021229818102597203 0.0040906956150110379 0.0062895141518112306 -0.024660484484735394
leaf_weight=1632.2777714245021 329.7764336168766 1550.55848640576 1331.4232137724757 1778.0971974171698 4992.1038880310953 626.91778245940804 5179.6726680286229 25054.025474885479 312.73276578634977 229.76860801875591 624.34360741823912 1394.8444067910314 282.84978103637695 104.90729171037674
leaf_count=7341 1459 7017 6039 7923 23239 3114 24296 119780 1495 950 2857 6100 1231 436
internal_value=-0.000114618 -0.00349036 0.000140506 5.98269e-05 -0.00195373 0.000448195 0.00298215 -5.42251e-05 0.00275571 0.00873111 0.0132252 -0.000671098 0.00492286 -0.00249345
internal_weight=45424.3 3182.84 42241.5 41911.7 6770.2 35141.5 5806.59 29334.9 4280.87 1554.6 1241.87 2726.27 617.526 387.757
internal_count=213277 14358 198919 197460 31162 166298 27410 138888 19108 6969 5474 12139 2617 1667
is_linear=0
shrinkage=0.03


Tree=268
num_leaves=15
num_cat=0
split_feature=92 245 244 248 228 118 244 245 248 248 228 244 0 120
split_gain=36.578 45.8964 128.421 128.548 114.943 128.662 126.052 102.821 112.975 118.171 98.2657 96.1476 88.3992 84.9224
threshold=61.500000000000007 -0.071556743234395967 0.021798778325319294 0.55050507187843334 27.500000000000004 78.500000000000014 0.0012506597558967771 -0.064919136464595781 0.59090909361839306 0.69191917777061474 10.500000000000002 0.003124469425529242 3.5000000000000004 17.500000000000004
decision_type=10 2 2 2 10 10 2 2 2 2 10 2 8 8
left_child=1 2 4 -4 5 11 -6 -3 13 10 -10 -1 -11 -9
right_child=-2 7 3 -5 6 -7 -8 8 9 12 -12 -13 -14 -15
leaf_value=-0.011132923607827687 0.0032770534914267693 -0.0056416300498014754 0.0065423394832475968 -0.0060967991254443805 -0.034171578223414371 0.0062701298669737898 0.011521080351579175 0.0029427146867582162 0.019804901113221949 -0.029267174192877464 0.0050454371937753064 0.00029389173795606654 -0.00062032080024752314 -0.0019152475830735373
leaf_weight=772.27235809713602 2709.1510976292193 3728.6795136332512 920.64840380474925 3269.0097053945065 46.704553529620171 3119.7703826129436 1639.0340263321996 3941.4167251586914 539.84617479145527 104.23274900764227 1595.2415949255228 4333.3529122211039 643.76949904114008 17956.659069307148
leaf_count=3548 13544 16457 5784 18738 211 17720 8562 16549 2424 475 7030 20079 2778 78798
internal_value=-9.65036e-05 -0.00031171 0.0010878 -0.00331047 0.00294851 0.00148039 0.0100611 -0.00100404 -0.000304251 0.00526772 0.00885222 -0.0014529 -0.00494565 -0.00103992
internal_weight=45319.8 42610.6 14100.8 4189.66 9911.13 8225.4 1685.74 28509.8 24781.2 2883.09 2135.09 5105.63 748.002 21898.1
internal_count=212697 199153 74642 24522 50120 41347 8773 124511 108054 12707 9454 23627 3253 95347
is_linear=0
shrinkage=0.03


Tree=269
num_leaves=15
num_cat=0
split_feature=239 233 248 226 243 249 68 248 117 248 226 243 245 38
split_gain=36.645 33.7228 64.0235 112.904 100.437 88.9038 81.9031 75.0246 67.5574 64.4167 58.0135 63.8111 73.6382 56.6764
threshold=-0.067969478666782365 53.500000000000007 0.71212121844291698 25.500000000000004 -0.014383462257683275 0.085858587175607695 35.500000000000007 0.58080807328224193 81.500000000000014 0.84343436360359203 29.500000000000004 -0.04781305976212024 -0.047216800972819321 22.500000000000004
decision_type=10 10 2 8 2 2 10 2 8 2 8 2 2 10
left_child=-1 2 3 7 6 -6 8 -2 13 -8 11 -5 -13 -4
right_child=1 -3 4 10 5 -7 9 -9 -10 -11 -12 12 -14 -15
leaf_value=0.0055966076123493084 0.0016581052873580842 0.00073711426169607917 -0.019018172553547857 0.013405027337825897 0.022257590302337097 -0.01094333426505629 -0.0028604448240632965 0.010564961564026112 -0.0040888264433780004 0.013337984469521738 -0.00099075504588102777 -0.023761818394180064 -0.0030064289513650781 -0.0054871450958419886
leaf_weight=1003.8511748518795 3101.1524705328047 20085.929459072649 740.55012126266956 85.26958280429244 216.31639716029167 99.530512094497681 1153.9065287858248 1165.7031995616853 1334.1510264724493 262.72562441602349 15011.313014447689 293.43211914598942 318.83272188156843 460.21714533865452
leaf_count=6740 14053 94065 3269 396 1020 473 5438 5964 6894 1495 68397 1257 1373 2022
internal_value=-4.27929e-05 -0.000171733 -0.000924726 -0.00021136 -0.00425569 0.0117805 -0.00556396 0.00411047 -0.0087823 0.000216117 -0.00138713 -0.00978273 -0.0131756 -0.0139203
internal_weight=45332.9 44329 24243.1 19975.7 4267.4 315.847 3951.55 4266.86 2534.92 1416.63 15708.8 697.534 612.265 1200.77
internal_count=212856 206116 112051 91440 20611 1493 19118 20017 12185 6933 71423 3026 2630 5291
is_linear=0
shrinkage=0.03


Tree=270
num_leaves=15
num_cat=0
split_feature=231 224 228 229 228 249 222 231 64 249 222 229 193 231
split_gain=37.5836 97.1611 96.8171 86.1494 84.6935 84.3177 83.5381 77.2971 77.8865 105.844 99.1491 92.1312 76.8145 73.0843
threshold=91.500000000000014 32.500000000000007 32.500000000000007 20.500000000000004 11.500000000000002 0.30808080732822424 24.500000000000004 5.5000000000000009 73.500000000000014 0.015151515137404205 7.5000000000000009 50.500000000000007 98.500000000000014 93.500000000000014
decision_type=10 10 10 10 8 2 10 10 8 2 10 10 10 10
left_child=1 12 7 -4 6 -6 -2 -3 9 10 -9 -12 -1 -7
right_child=4 2 3 -5 5 13 -8 8 -10 -11 11 -13 -14 -15
leaf_value=0.0025332314255895726 -0.003523206299773431 -0.017801538165352043 -0.017272154552082593 0.00062747691000222068 0.0070881600811069992 -0.013623041864086258 -0.017562199772142399 -0.017347054771293693 0.0016434387095845032 -0.0081110528295347713 0.012112305180424941 -0.027883361021397757 -0.0072013122104586831 0.00083451818022176483
leaf_weight=16409.931479321793 2773.1416760422289 337.97974184900522 235.82427354902029 15541.293464913964 1339.9191958196461 423.13962249457836 434.08971879631281 150.13463225215673 1966.3652759790421 3178.6770217120647 620.55873404443264 47.06061914563179 753.98056739941239 1146.9035918861628
leaf_count=78327 15441 1417 1090 69387 6669 2089 2230 646 9040 14215 2754 197 3462 6007
internal_value=6.81739e-05 0.000409269 -0.000906799 0.000349156 -0.00211705 0.00158674 -0.00547203 -0.00404728 -0.00323917 -0.00563966 0.00394877 0.00892312 0.00210167 -0.00312347
internal_weight=45359 39241.8 22077.9 15777.1 6117.19 2909.96 3207.23 6300.78 5962.8 3996.43 817.754 667.619 17163.9 1570.04
internal_count=212971 180535 98746 70477 32436 14765 17671 28269 26852 17812 3597 2951 81789 8096
is_linear=0
shrinkage=0.03


Tree=271
num_leaves=15
num_cat=0
split_feature=165 245 238 98 138 29 24 81 16 226 229 245 245 245
split_gain=41.3132 42.4154 41.5805 35.5527 48.7168 53.3251 61.0925 53.6935 48.89 47.1153 85.5215 93.5624 74.1038 69.0428
threshold=5.5000000000000009 -0.096477255225181566 -0.29099270701408381 42.500000000000007 82.500000000000014 10.500000000000002 17.500000000000004 65.500000000000014 32.500000000000007 41.500000000000007 25.500000000000004 -0.034479796886444085 -0.068549506366252885 -0.064526900649070726
decision_type=8 2 10 10 8 8 10 10 10 10 10 2 2 2
left_child=1 -1 -2 4 5 9 -7 8 -8 10 -4 -12 -11 -14
right_child=2 -3 3 -5 -6 6 7 -9 -10 12 11 -13 13 -15
leaf_value=0.016439766620382535 0.0086742900089471445 -0.0045608524567185603 -0.0019978745603634524 0.0016768716927691683 -0.0036074574531135086 0.0045749097262162341 0.00027106449210880721 0.0050577225701698165 -0.0042097978160791655 0.011030965695531997 -0.017334966336215514 0.012073217400811478 -0.02671180856477675 0.00022689638202946398
leaf_weight=80.226825773715973 508.13041311129928 2334.0823042318225 4657.1405958719552 10102.933433171362 3676.055281419307 3224.1064137592912 14498.416310418397 1778.2452355697751 2571.5231918543577 553.40624108165503 629.41667730361223 107.52333070337772 89.589307695627213 609.55572782456875
leaf_count=524 4850 10365 23365 48141 17900 15413 64471 8367 11087 2716 2812 451 384 2567
internal_value=1.22884e-05 -0.00379807 0.000227031 0.000124014 -0.00036064 5.60674e-05 0.000765555 0.00011186 -0.00040603 -0.00229763 -0.00351396 -0.01294 0.00292684 -0.00355306
internal_weight=45420.4 2414.31 43006 42497.9 32395 28718.9 22072.3 18848.2 17069.9 6646.63 5394.08 736.94 1252.55 699.145
internal_count=213413 10889 202524 197674 149533 131633 99338 83925 75558 32295 26628 3263 5667 2951
is_linear=0
shrinkage=0.03


Tree=272
num_leaves=15
num_cat=0
split_feature=238 230 192 101 96 226 222 142 226 249 79 235 249 240
split_gain=37.243 55.1255 65.8373 44.1165 48.6737 48.0501 75.9973 90.0272 56.6349 54.2855 53.3947 50.8831 52.9659 45.7533
threshold=-0.29099270701408381 1.5000000000000002 1.0000000180025095e-35 5.5000000000000009 36.500000000000007 41.500000000000007 8.5000000000000018 60.500000000000007 49.500000000000007 0.11616161838173868 26.500000000000004 21.500000000000004 0.015151515137404205 -0.016016426496207711
decision_type=10 10 8 8 10 10 10 10 10 2 10 10 2 10
left_child=1 -1 -3 4 5 11 7 -7 9 -8 -10 12 -2 -13
right_child=3 2 -4 -5 -6 6 8 -9 10 -11 -12 13 -14 -15
leaf_value=0.018666868221900394 0.00184240231982592 -0.01898481608292495 0.0085258831514285552 0.00042994857363687827 -0.011504568856050381 0.02107673479313768 0.01844429677364192 -0.003344934625959643 0.002199405806233561 -0.007390649469991302 -0.010810314728810324 0.0048341673018860139 -0.009411837161170505 -0.0037919088005417068
leaf_weight=230.68221485614777 492.26273967325687 103.66019684821367 241.59065120667219 38015.498753305525 461.07377768307924 339.63188112527132 206.08298562467098 218.20914949476719 548.99915031343699 103.93856094032526 571.85368774831295 944.04474072530866 1549.2459179088473 1307.8160556219518
leaf_count=2719 2312 704 1831 175689 2327 1484 890 974 2456 456 2444 4828 7677 6201
internal_value=0.000131506 0.00764592 -3.59899e-05 3.31281e-05 -0.00220133 -0.00150132 0.00234582 0.0116331 -0.00133054 0.00982252 -0.00447499 -0.00328464 -0.00670238 -0.000170226
internal_weight=45334.6 575.933 345.251 44758.7 6743.16 6282.08 1988.72 557.841 1430.87 310.022 1120.85 4293.37 2041.51 2251.86
internal_count=212992 5254 2535 207738 32049 29722 8704 2458 6246 1346 4900 21018 9989 11029
is_linear=0
shrinkage=0.03


Tree=273
num_leaves=15
num_cat=0
split_feature=164 252 62 118 231 222 0 245 1 245 34 65 231 118
split_gain=38.7953 48.1578 41.0324 59.2822 49.6774 54.2315 68.8904 59.0987 50.154 54.2653 43.2237 45.9575 58.7296 44.7305
threshold=47.500000000000007 0.24684522300958636 94.500000000000014 30.500000000000004 99.500000000000014 1.5000000000000002 16.500000000000004 -0.13124186545610425 20.500000000000004 -0.10793837159872054 7.5000000000000009 84.500000000000014 93.500000000000014 96.500000000000014
decision_type=10 2 8 8 10 10 10 2 10 2 10 10 10 10
left_child=-1 2 4 -4 10 6 -6 -7 9 -9 11 12 -2 -14
right_child=1 -3 3 -5 5 7 -8 8 -10 -11 -12 -13 13 -15
leaf_value=-0.0010426131487844277 -0.0032498441849050271 0.010765745948120093 -0.013505641479325644 -0.0010878653519720421 0.026466339613140846 -0.036539758782373026 -0.0099084030711034492 0.012009358022423061 0.0046268834326759307 -0.019220402532737164 0.0021716764621815352 0.0050979492184631946 0.017704920980860669 -0.012325288340371445
leaf_weight=21821.783261764795 3968.3491100631654 411.23383624479175 388.11103408783674 2661.3914048746228 82.121536951512098 60.736841339617968 87.392932575196028 53.338455215096474 200.82321339100599 281.78266151249409 14202.89186026901 894.15572300925851 199.16479766368866 49.063343465328217
leaf_count=101479 18440 2768 1788 13337 685 537 541 365 952 1283 64448 5163 1095 291
internal_value=-0.000131629 0.000712925 0.000529613 -0.00270726 0.0010223 -0.00642063 0.00820609 -0.0106428 -0.00709243 -0.0140459 0.00132074 -0.00104368 -0.00235504 0.0115219
internal_weight=45362.3 23540.6 23129.3 3049.5 20079.8 766.196 169.514 596.681 535.944 335.121 19313.6 5110.73 4216.58 248.228
internal_count=213172 111693 108925 15125 93800 4363 1226 3137 2600 1648 89437 24989 19826 1386
is_linear=0
shrinkage=0.03


Tree=274
num_leaves=15
num_cat=0
split_feature=189 138 151 104 120 106 7 58 58 244 178 137 228 10
split_gain=36.4246 56.6123 48.1929 43.0811 63.4513 42.389 53.7105 42.3643 42.0901 71.1581 63.6839 52.4313 49.0072 52.9676
threshold=53.500000000000007 89.500000000000014 66.500000000000014 22.500000000000004 76.500000000000014 88.500000000000014 10.500000000000002 6.5000000000000009 34.500000000000007 0.1067665070295334 11.500000000000002 92.500000000000014 12.500000000000002 6.5000000000000009
decision_type=8 8 10 10 10 10 10 10 8 2 8 10 8 10
left_child=1 2 5 4 -4 -1 7 -7 11 10 -10 12 -2 -14
right_child=8 -3 3 -5 -6 6 -8 -9 9 -11 -12 -13 13 -15
leaf_value=0.00042843909245053282 0.00048688766424497486 -0.0079961728004371707 -0.0096080726181932054 0.00071253465895132994 0.00024444752205251332 0.0017717761340683628 0.00026485294819154605 -0.031923827184614208 -0.005288507287204142 0.017230336760963357 0.00076096030237778989 -0.0089866184739155232 0.013117877792616195 0.0041151392436773061
leaf_weight=20513.784834906459 2139.5419214460999 887.95505185797811 1505.0445239171386 1457.9408614113927 960.92232724092901 45.280260622501373 211.4361447840929 109.63243068009615 1790.7371910214424 208.44039183855057 12013.040356580168 286.14649502933025 778.30108723416924 2386.0216517820954
leaf_count=93949 12196 4305 6550 6555 4985 233 1011 488 8549 1503 55642 1631 4139 11113
internal_value=0.000146847 -0.000596176 -0.000328149 -0.00337409 -0.00578332 0.000245602 -0.00973175 -0.0225646 0.00112051 0.000241734 -2.70857e-05 0.00331893 0.00399848 0.00636381
internal_weight=45294.2 25692 24804 3923.91 2465.97 20880.1 366.349 154.913 19602.2 14012.2 13803.8 5590.01 5303.86 3164.32
internal_count=212849 118076 113771 18090 11535 95681 1732 721 94773 65694 64191 29079 27448 15252
is_linear=0
shrinkage=0.03


Tree=275
num_leaves=15
num_cat=0
split_feature=193 76 189 142 120 64 78 248 232 121 224 224 230 228
split_gain=35.6431 65.3924 54.8418 47.8511 65.1871 53.7218 51.6116 49.2537 66.922 64.7498 54.5591 51.4187 47.4207 87.1691
threshold=73.500000000000014 80.500000000000014 26.500000000000004 32.500000000000007 96.500000000000014 94.500000000000014 27.500000000000004 0.71212121844291698 11.500000000000002 5.5000000000000009 15.500000000000002 13.500000000000002 71.500000000000014 19.500000000000004
decision_type=8 10 10 10 8 8 10 2 10 10 10 10 10 10
left_child=1 3 -3 4 5 7 -7 -1 -9 -10 11 -11 13 -2
right_child=12 2 -4 -5 -6 6 -8 8 9 10 -12 -13 -14 -15
leaf_value=0.0033796064931823138 0.0025777411072161584 -0.0020993254266825356 0.0038849020236148548 -0.0024119719936855559 -0.023320567016151962 0.012760102053988788 -0.01539206762036922 0.026035685199787873 0.022257366007545069 -0.0067690202330408077 -0.015049927450651325 0.025201013882406292 0.0033515139309958299 -0.0022292724726124423
leaf_weight=4271.0201409012079 6561.2039318811148 2005.2832354307175 4361.660468256101 14229.293894447386 88.362269677221775 65.170793183147907 282.80513446778059 49.045109555125237 52.370002046227455 129.80941845476627 484.23954822123051 57.25689896941185 5706.4660219401121 7014.3766789026558
leaf_count=18235 32455 9967 23177 65430 442 312 1275 206 242 570 2037 255 27491 31034
internal_value=8.17479e-05 -0.000641319 0.00199982 -0.0014951 0.000885667 0.00132481 -0.00991041 0.00211802 -0.00480916 -0.00722595 -0.00981894 0.00379857 0.00105942 9.41891e-05
internal_weight=45358.4 26076.3 6366.94 19709.4 5480.08 5391.72 347.976 5043.74 772.721 723.676 671.306 187.066 19282 13575.6
internal_count=213128 122148 33144 89004 23574 23132 1587 21545 3310 3104 2862 825 90980 63489
is_linear=0
shrinkage=0.03


Tree=276
num_leaves=15
num_cat=0
split_feature=228 228 243 140 245 92 248 246 248 244 50 138 226 231
split_gain=39.42 40.9967 86.8637 71.2793 52.5826 37.9928 51.8262 41.1951 48.3954 49.2189 39.6388 36.4619 78.2892 145.534
threshold=99.500000000000014 93.500000000000014 -0.020233710296452042 93.500000000000014 -0.068549506366252885 59.500000000000007 0.055555555969476707 0.18666904419660571 0.56060606241226207 0.11358200013637544 39.500000000000007 80.500000000000014 43.500000000000007 65.500000000000014
decision_type=10 10 2 8 2 10 2 2 2 2 8 8 10 10
left_child=1 5 3 -3 -5 6 -1 -7 9 -9 -11 12 -8 -14
right_child=-2 2 -4 4 -6 7 11 8 -10 10 -12 -13 13 -15
leaf_value=-0.0066506551094475787 0.016508677849073075 -0.023258282837628985 0.001151625241550451 -0.024951725622865698 0.010986042009600992 0.0045491082372983039 -0.00083043723764402984 -0.041845964998038374 0.0077314270950081844 -0.023600079889755699 0.014789436618322474 -0.0024171786195645258 0.00017946629408568449 0.0066478138783773854
leaf_weight=1048.3870829492807 120.27739536017179 317.81108654290438 719.60372149944305 40.853864379227161 121.21298202127218 2592.2179818935692 20120.546214630827 46.117821387946606 86.444483242928982 37.287466034293175 40.069355368614197 4661.1329749077559 11065.015981249511 4356.0170142240822
leaf_count=4484 609 1444 3251 260 654 12737 96655 241 693 187 237 22483 48397 20906
internal_value=3.00518e-05 -1.73845e-05 -0.00546637 -0.0152113 0.00100321 0.000132187 -9.77925e-05 0.0035061 -0.00899486 -0.0204068 -0.00429835 7.47013e-05 0.000402089 0.00200972
internal_weight=45373 45252.7 1199.48 479.878 162.067 44053.2 41251.1 2802.14 209.919 123.475 77.3568 40202.7 35541.6 15421
internal_count=213238 212629 5609 2358 914 207020 192925 14095 1358 665 424 188441 165958 69303
is_linear=0
shrinkage=0.03


Tree=277
num_leaves=15
num_cat=0
split_feature=245 231 243 245 249 231 226 245 249 243 249 230 230 230
split_gain=38.0808 35.8776 143.899 169.651 170.142 108.863 98.1392 92.8559 142.804 197.948 158.859 117.078 99.7108 259.91
threshold=-0.20662932842969892 26.500000000000004 -0.020630085840821263 -0.10434083268046378 0.015151515137404205 22.500000000000004 46.500000000000007 -0.068953096866607652 0.035353535786271102 -0.040771950036287301 0.54040405154228222 72.500000000000014 70.500000000000014 47.500000000000007
decision_type=2 8 2 2 2 10 8 2 2 2 2 10 10 10
left_child=-1 2 3 5 -5 6 -2 8 -6 11 -11 -10 13 -9
right_child=1 -3 -4 4 7 -7 -8 12 9 10 -12 -13 -14 -15
leaf_value=0.013770076006653727 -0.031802400714973575 -0.00058620933406500436 -0.0024076075543321878 0.019764733733881126 0.02457427067661299 0.011246471774556276 -0.0016056631731582091 0.0054454515693038797 -0.012199074485292486 0.020618456037829934 -0.014509293013520889 0.020443305203191091 0.010374278917421008 -0.014265216844074958
leaf_weight=169.09446755610406 230.54039031267166 33615.236912567168 5101.2041261717677 683.13251161575317 412.97557710856199 130.75943043828011 164.03153090551496 1591.2633942291141 588.00094669312239 678.78648637235165 131.83931297063828 109.11142975091934 754.48782146722078 955.1626633554697
leaf_count=2603 1032 159441 21991 2919 1850 726 949 6993 2728 3231 560 545 3361 3998
internal_value=-3.61221e-05 -9.08706e-05 0.00135236 0.00433438 0.00579228 -0.0118546 -0.019599 0.00393001 0.00915621 0.00479905 0.0147981 -0.00687306 0.000870563 -0.00197489
internal_weight=45315.6 45146.5 11531.3 6430.09 5904.76 525.331 394.572 5221.63 1920.71 1507.74 810.626 697.112 3300.91 2546.43
internal_count=212927 210324 50883 28892 26185 2707 1981 23266 8914 7064 3791 3273 14352 10991
is_linear=0
shrinkage=0.03


Tree=278
num_leaves=15
num_cat=0
split_feature=141 245 222 246 184 233 106 231 125 245 245 141 192 224
split_gain=37.6158 34.6157 40.7351 34.7449 43.8794 33.5502 54.2276 64.4348 71.4646 59.128 66.1434 73.846 62.9893 52.593
threshold=1.5000000000000002 -0.20662932842969892 24.500000000000004 0.28148111701011663 92.500000000000014 49.500000000000007 17.500000000000004 72.500000000000014 6.5000000000000009 -0.1103546880185604 -0.08339794352650641 77.500000000000014 80.500000000000014 42.500000000000007
decision_type=8 2 8 2 10 10 8 10 8 2 2 10 10 10
left_child=-1 2 -2 5 -5 6 7 9 -9 12 11 13 -3 -11
right_child=1 3 -4 4 -6 -7 -8 8 -10 10 -12 -13 -14 -15
leaf_value=0.0095176213657192192 0.018349715107835722 -0.00039434162839803514 -0.024502891193028415 -0.02238318519977793 0.010702413902779203 0.00081486638264936882 0.00053688860115548315 -0.0087536876970910251 0.0047728604065025082 -0.017658361503149343 -0.0029364428637666676 -0.00040296022388176518 0.020596776802963415 7.9251650930933115e-05
leaf_weight=363.9374760016799 147.60847130790353 500.36396723985672 14.081284433603285 119.68909705430269 43.059705592691898 21535.261056728661 12233.185445673764 426.42723866924644 1803.7479286342859 833.56804061681032 6414.8866822421551 497.35049119591713 163.02266385778785 182.99244240671396
leaf_count=1609 2319 2843 212 621 261 100716 56795 2227 9369 3699 27854 2391 1022 901
internal_value=4.20218e-05 -3.68582e-05 0.013408 -8.84173e-05 -0.0135167 -3.63869e-05 -0.000831517 -0.00237738 0.00215895 -0.00355596 -0.00427665 -0.00989899 0.00499334 -0.0144957
internal_weight=45279.2 44915.2 161.69 44753.6 162.749 44590.8 23055.5 10822.4 2230.18 8592.18 7928.8 1513.91 663.387 1016.56
internal_count=212839 211230 2531 208699 882 207817 107101 50306 11596 38710 34845 6991 3865 4600
is_linear=0
shrinkage=0.03


Tree=279
num_leaves=15
num_cat=0
split_feature=224 231 243 249 245 174 246 222 245 229 231 245 249 231
split_gain=34.2108 113.877 98.7255 162.592 97.2509 111.33 97.9513 161.488 95.3269 93.7561 105.536 173.12 169.012 96.9238
threshold=32.500000000000007 81.500000000000014 -0.030501508153975006 0.83333334326744091 -0.093968823552131639 18.500000000000004 0.064962733536958708 4.5000000000000009 -0.061643267050385468 21.500000000000004 75.500000000000014 -0.075300887227058397 0.33838383853435522 7.5000000000000009
decision_type=8 10 2 2 2 10 2 10 2 8 10 2 2 10
left_child=1 -1 3 4 6 -6 -3 -8 -4 13 -11 12 -12 -2
right_child=9 2 8 -5 5 -7 7 -9 -10 10 11 -13 -14 -15
leaf_value=0.0022576880736093086 -0.03008213540504907 0.0047738885288614195 0.014948622858355388 0.01559261176990745 -0.017267800095819279 -0.0045404941901126365 0.0011205532950921717 -0.033658066086235811 -0.0014200815976435385 -0.0013446072638961795 0.022686863773697535 0.00084578792596444799 -0.0043542920495217444 -0.0050507156768441926
leaf_weight=14811.848800236359 140.9055730253458 1022.6209965143353 476.31778411194682 312.76563309133053 1103.7424480766058 1413.8196171969175 339.61251729354262 175.43189558386803 933.01942527294159 17456.405540600419 696.92100937664509 4160.1236828491092 290.72028423845768 1922.5743060559034
leaf_count=68857 589 6521 2595 2240 5013 6426 2473 1147 4207 77895 4354 19323 1852 9177
internal_value=-3.80103e-05 0.000864591 -0.00270475 -0.00493008 -0.00654739 -0.0101666 -0.00059438 -0.011141 0.00417844 -0.000791423 -0.000231272 0.00353941 0.0147632 -0.00689683
internal_weight=45256.8 20589.2 5777.33 4367.99 4055.23 2517.56 1537.67 515.044 1409.34 24667.7 22604.2 5147.76 987.641 2063.48
internal_count=212669 99479 30622 23820 21580 11439 10141 3620 6802 113190 103424 25529 6206 9766
is_linear=0
shrinkage=0.03


Tree=280
num_leaves=15
num_cat=0
split_feature=194 190 194 34 29 147 140 193 140 243 62 132 143 204
split_gain=35.9312 57.275 50.4256 53.9662 43.8801 46.4027 42.7106 35.0132 34.4096 53.937 60.0131 33.3454 30.1616 39.4633
threshold=30.500000000000004 3.5000000000000004 72.500000000000014 19.500000000000004 inf 97.500000000000014 11.500000000000002 46.500000000000007 91.500000000000014 -0.030853558331727978 11.500000000000002 81.500000000000014 75.500000000000014 74.500000000000014
decision_type=10 10 10 10 8 10 10 10 8 2 8 10 10 10
left_child=8 2 3 7 5 6 -3 -2 12 -10 -11 -12 -1 -14
right_child=1 4 -4 -5 -6 -7 -8 -9 9 10 11 -13 13 -15
leaf_value=0.00055597971516624964 -0.016452607998243371 -0.003121867137874735 0.0050105492995784215 -0.0030510666717965861 0.0095541477895162222 -0.0073378151361466115 0.00041520230938226545 0.0099993320103850709 0.0037035656698394394 -0.023405188735132434 -0.0045277437675840622 0.0088314287996162765 0.0037854458589732798 -0.0062809262936829599
leaf_weight=14176.208583397791 615.09340105205774 3826.8269951976836 302.03624352812767 806.00600393861532 380.65917527675629 869.11441244184971 15415.051405750215 42.053375996649265 997.59884826466441 134.25983340665698 1880.0472031310201 175.33587777614594 5369.6026007924229 366.036277577281
leaf_count=63566 3241 17191 1429 4049 2342 3886 70451 196 6491 609 9263 883 27859 1741
internal_value=7.53758e-06 -0.00085248 -0.00602197 -0.00831795 -0.000404451 -0.000597601 -0.000289507 -0.0146353 0.000836207 -0.00205352 -0.00468135 -0.00335089 0.00129956 0.00313322
internal_weight=45355.9 22256.8 1765.19 1463.15 20491.7 20111 19241.9 657.147 23099.1 3187.24 2189.64 2055.38 19911.8 5735.64
internal_count=213197 102785 8915 7486 93870 91528 87642 3437 110412 17246 10755 10146 93166 29600
is_linear=0
shrinkage=0.03


Tree=281
num_leaves=15
num_cat=0
split_feature=151 246 245 245 246 246 28 229 229 229 224 226 229 245
split_gain=42.4341 58.1805 39.3942 112.806 103.234 51.7626 46.2311 44.1545 121.609 65.1079 98.6412 56.8677 48.2513 45.4622
threshold=3.5000000000000004 0.0065299244597554216 -0.063897319138050065 -0.066339887678623186 0.0060645926278084525 0.0021583283087238674 3.5000000000000004 24.500000000000004 37.500000000000007 10.500000000000002 29.500000000000004 8.5000000000000018 42.500000000000007 -0.084874346852302537
decision_type=10 2 2 2 2 2 10 10 10 8 10 10 10 2
left_child=-1 2 3 4 7 -4 -7 9 -9 11 -11 -2 -10 -14
right_child=1 -3 5 -5 -6 6 -8 8 12 10 -12 -13 13 -15
leaf_value=-0.0028214314072295479 0.013357783079060812 0.00012981213035022295 -0.018531195367263727 -0.023178370648183753 0.03193955729556431 -0.011137123377636551 0.012914345371106056 -0.023485053482522576 0.03173967406341488 0.032179958083783017 -0.0059561212495009234 -0.015301605214491016 0.019469387865979945 -0.010246922014953065
leaf_weight=4047.0771079994738 96.352609701454639 39136.302891379222 47.483403086662292 137.47590462863445 102.99161411076784 70.654686138033867 889.14295409619808 180.27237679064274 50.928998529911041 152.85116267949343 93.282269150018692 141.37302818894386 63.534651804715395 115.31056103110313
leaf_count=19512 667 183943 197 581 484 308 3756 797 231 730 465 634 343 504
internal_value=0.000106245 0.000393901 0.00519679 0.00133991 0.00491769 0.00948444 0.0110472 0.00148545 -0.00568285 0.00755229 0.0180585 -0.00361535 0.00868106 0.000781736
internal_weight=45325 41278 2141.65 1134.37 996.897 1007.28 959.798 893.906 410.047 483.859 246.133 237.726 229.774 178.845
internal_count=213152 193640 9697 5436 4855 4261 4064 4371 1875 2496 1195 1301 1078 847
is_linear=0
shrinkage=0.03


Tree=282
num_leaves=15
num_cat=0
split_feature=245 245 41 222 224 231 226 245 246 231 126 245 226 91
split_gain=39.171 78.8785 98.0098 80.5922 117.165 96.8163 73.7721 68.268 90.5085 94.9387 69.8467 66.0696 154.518 130.098
threshold=-0.07631423324346541 -0.079050879925489412 43.500000000000007 86.500000000000014 76.500000000000014 51.500000000000007 88.500000000000014 -0.064919136464595781 0.0053128900472074756 6.5000000000000009 94.500000000000014 -0.068549506366252885 45.500000000000007 70.500000000000014
decision_type=2 2 10 10 10 10 10 2 2 8 8 2 10 8
left_child=1 3 -3 4 -1 -6 -7 10 9 -9 11 12 -2 -14
right_child=7 2 -4 -5 5 6 -8 8 -10 -11 -12 -13 13 -15
leaf_value=0.00028084872999653213 -0.007401926407557091 0.015432502631176445 -0.0022493165340663288 -0.017004210610136669 -0.0029451795638832773 0.02829046150034387 0.0015154564189446174 -0.022700714692529125 -0.00013565523614117615 0.012807346098332411 0.0067971885370784009 -0.0085576610405468621 0.008861751621074776 -0.016564960660395412
leaf_weight=10217.82314652577 1926.1780872195959 742.62583292275667 447.66869851201773 216.1558557972312 225.98912878707051 325.80364413559437 129.50951048359275 65.088626444339752 26091.484942033887 773.89263738691807 547.005176410079 2085.1785648167133 1305.5650781393051 200.61866802722216
leaf_count=55890 8552 3613 2234 1219 1140 2104 1037 270 114933 3285 2887 9072 5866 924
internal_value=6.87938e-05 0.00151262 0.00881905 0.000722975 0.00108981 0.0130427 0.0208708 -0.000469979 0.000177956 0.00981767 -0.00334278 -0.00435853 -0.00179009 0.00538808
internal_weight=45300.6 12305.6 1190.29 11115.3 10899.1 681.302 455.313 32995 26930.5 838.981 6064.55 5517.54 3432.36 1506.18
internal_count=213026 67237 5847 61390 60171 4281 3141 145789 118488 3555 27301 24414 15342 6790
is_linear=0
shrinkage=0.03


Tree=283
num_leaves=15
num_cat=0
split_feature=232 78 120 136 231 120 229 104 238 148 192 234 248 245
split_gain=35.3818 51.0219 63.9371 50.562 48.8071 62.6681 58.3559 48.1914 50.3278 47.3825 72.5024 46.2447 40.1601 71.2375
threshold=83.500000000000014 19.500000000000004 49.500000000000007 41.500000000000007 64.500000000000014 77.500000000000014 60.500000000000007 82.500000000000014 -0.14473663270473477 12.500000000000002 26.500000000000004 81.500000000000014 0.59090909361839306 -0.099836397916078554
decision_type=8 8 10 8 10 10 10 10 10 10 8 10 2 2
left_child=-1 3 11 7 5 6 -4 8 -2 10 -6 -3 13 -11
right_child=1 2 4 -5 9 -7 -8 -9 -10 12 -12 -13 -14 -15
leaf_value=-0.00038549182052420263 0.0022361945763538734 -0.0018355801346534534 0.0069379190541212629 0.010464309133624561 -0.016056240928423247 0.017309851669583928 -0.01996356069615662 -0.016561750687216836 -0.0082564162399365038 -0.021867116514248084 0.0050851180868459883 0.013179643767631241 0.009299494121278444 0.0034879232246492757
leaf_weight=36317.893894936889 981.84070819988847 2406.3736345544457 767.26197192817926 237.91100209951401 260.59344099462032 579.92156526073813 70.378828421235085 228.67244501411915 694.24180422723293 100.00398433580995 309.33890318498015 189.89826939254999 1012.874115653336 1060.0049317255616
leaf_count=167781 6322 11534 3492 1110 1292 2933 309 1092 3114 738 1546 919 5453 5060
internal_value=3.00094e-05 0.00172419 0.00300245 -0.00230188 0.00530345 0.0098065 0.0044688 -0.00394275 -0.00213309 0.00294898 -0.00469165 -0.000690971 0.00496538 0.00113386
internal_weight=45217.2 8899.32 6756.65 2142.67 4160.38 1417.56 837.641 1904.75 1676.08 2742.82 569.932 2596.27 2172.88 1160.01
internal_count=212695 44914 33276 11638 20823 6734 3801 10528 9436 14089 2838 12453 11251 5798
is_linear=0
shrinkage=0.03


Tree=284
num_leaves=15
num_cat=0
split_feature=141 69 243 249 229 171 119 63 242 176 29 140 245 194
split_gain=40.1966 36.9098 46.1535 66.9239 44.8088 44.7488 60.8105 59.5524 55.2084 46.4757 58.8783 72.1766 67.4396 46.6386
threshold=1.5000000000000002 7.5000000000000009 -0.016040611080825325 0.065656565129756941 18.500000000000004 28.500000000000004 15.500000000000002 64.500000000000014 0.024023249745368961 2.5000000000000004 10.500000000000002 88.500000000000014 -0.08801941946148871 32.500000000000007
decision_type=8 8 2 2 8 8 10 10 8 8 8 10 2 8
left_child=-1 2 -2 -4 -5 6 8 -8 -3 -7 11 13 -13 -11
right_child=1 5 3 4 -6 9 7 -9 -10 10 -12 12 -14 -15
leaf_value=0.009918274595964555 0.00077309409900813762 -0.0010466937264977131 0.013938357680210841 0.015080361845575636 -0.0040957967800407773 0.0073175036859389371 -0.0027225588378973994 0.0016055387244658167 -0.013236167388162296 0.0030000708493500717 0.00071405110669238187 0.0062579998456626191 -0.02266981529218191 -0.0047712958114903862
leaf_weight=354.0964418053627 6865.6196101214737 600.33529943227768 619.32422250509262 130.14176996797323 494.3549482524395 813.02247112616897 8036.4085627198219 4431.8053476475179 750.22415956109762 1073.1242352798581 18793.427730694413 90.977452103048563 287.96373374760151 1934.7562768794596
leaf_count=1572 34069 2467 2640 620 2220 4766 37002 21454 3231 5187 86894 518 1254 9054
internal_value=-9.58043e-06 -9.00274e-05 0.00174087 0.00703402 7.5104e-05 -0.000493725 -0.00184229 -0.00118409 -0.00786536 0.000317201 5.74209e-05 -0.00357759 -0.0157424 -0.00199794
internal_weight=45275.6 44921.5 8109.44 1243.82 624.497 36812 13818.8 12468.2 1350.56 22993.3 22180.2 3386.82 378.941 3007.88
internal_count=212948 211376 39549 5480 2840 171827 64154 58456 5698 107673 102907 16013 1772 14241
is_linear=0
shrinkage=0.03


Tree=285
num_leaves=15
num_cat=0
split_feature=190 71 224 231 230 224 231 226 126 226 28 231 10 230
split_gain=42.2821 40.3793 58.7752 121.409 82.1258 73.4587 93.8694 82.1034 147.105 108.491 80.1683 78.3428 77.9687 63.7727
threshold=88.500000000000014 24.500000000000004 32.500000000000007 89.500000000000014 18.500000000000004 26.500000000000004 3.5000000000000004 43.500000000000007 50.500000000000007 38.500000000000007 11.500000000000002 23.500000000000004 79.500000000000014 40.500000000000007
decision_type=10 8 10 10 10 10 10 8 10 10 8 10 10 10
left_child=1 2 3 5 -5 6 -1 8 10 13 -8 -9 -13 -10
right_child=-2 -3 -4 4 -6 -7 7 11 9 -11 -12 12 -14 -15
leaf_value=-0.02602922611573422 0.0038840436529191912 -0.00074140491917605404 -0.0016540230421319439 -0.00077620023782312914 -0.01579395249776179 0.012699519975078167 -0.010011134476503645 0.025654535646565928 0.0091296542458023013 -0.017458197233436144 0.0018896774599564022 0.010186783826144954 -0.017075906691163916 -0.011726006690404803
leaf_weight=86.158897213637829 2503.5841405279934 29384.626816287637 4270.2215270660818 1866.906338609755 387.81458308547735 869.34912367910147 989.85891490802169 253.04746546596289 2521.6792515385896 149.6453515291214 1033.2089906781912 708.45736307650805 99.477865651249886 130.86945965886116
leaf_count=366 12536 134985 19261 11082 1735 3915 4630 1100 13807 682 4571 3174 427 558
internal_value=0.000102687 -0.000119612 0.00124684 0.00260893 -0.0034176 0.00459708 0.00339843 0.00387258 0.00219968 0.00664051 -0.00395382 0.0113893 0.00666231 0.00806052
internal_weight=45254.9 42751.3 13366.7 9096.47 2254.72 6841.75 5972.4 5886.24 4825.26 2802.19 2023.07 1060.98 807.935 2652.55
internal_count=212829 200293 65308 46047 12817 33230 29315 28949 24248 15047 9201 4701 3601 14365
is_linear=0
shrinkage=0.03


Tree=286
num_leaves=15
num_cat=0
split_feature=212 245 245 117 60 50 170 148 231 121 226 238 23 231
split_gain=37.5471 38.2568 43.8387 40.9438 35.3377 45.2976 34.4388 34.1037 97.678 128.108 91.5869 85.5989 73.9856 66.9133
threshold=57.500000000000007 -0.10793837159872054 -0.073942758142948137 71.500000000000014 38.500000000000007 18.500000000000004 36.500000000000007 12.500000000000002 68.500000000000014 23.500000000000004 48.500000000000007 -0.28120833635330195 1.5000000000000002 10.500000000000002
decision_type=10 2 2 10 10 10 10 8 10 10 8 10 10 10
left_child=7 3 -3 -2 5 6 -4 8 10 -10 12 -11 13 -1
right_child=1 2 4 -5 -6 -7 -8 -9 9 11 -12 -13 -14 -15
leaf_value=-0.028556407494925273 -0.014014083983715125 -0.0083582351356726713 -0.0031946014621537528 0.01522125854146677 0.00077805115812335738 -0.010228669914073767 0.012526007738212929 0.00064010673208845245 -0.024301924402937245 0.015601701589438959 -0.0055415959007730341 -0.0053888216486493289 0.0075960413118325888 -0.00034668952807411429
leaf_weight=78.034700579941273 46.57582276314497 1077.1791940182447 550.77898868918419 188.86009095609188 2326.9500222653151 752.77360682189465 151.55153705179691 33835.790325775743 298.81755529716611 180.37151545286179 1152.3408477157354 2182.6603668723255 1881.2886610776186 540.88763403892517
leaf_count=337 213 4999 2319 1308 10284 3183 644 159113 1402 1888 5105 10904 8473 2739
internal_value=-4.57444e-05 -0.00246923 -0.00304743 0.00910235 -0.00151679 -0.00516689 0.000325875 0.000262311 -0.00175992 -0.00611958 0.00142527 -0.00372761 0.00464557 -0.00430092
internal_weight=45244.9 5094.67 4859.23 235.436 3782.05 1455.1 702.331 40150.2 6314.4 2661.85 3652.55 2363.03 2500.21 618.922
internal_count=212911 22950 21429 1521 16430 6146 2963 189961 30848 14194 16654 12792 11549 3076
is_linear=0
shrinkage=0.03


Tree=287
num_leaves=15
num_cat=0
split_feature=184 150 212 224 230 245 246 246 224 222 231 163 231 235
split_gain=39.0027 51.7484 43.7301 43.9741 95.9141 81.4947 93.3522 71.6397 64.9 53.8575 53.545 51.5666 50.6654 65.4843
threshold=59.500000000000007 62.500000000000007 89.500000000000014 32.500000000000007 29.500000000000004 -0.07631423324346541 0.037100639194250114 0.010971164330840113 61.500000000000007 38.500000000000007 66.500000000000014 64.500000000000014 81.500000000000014 6.5000000000000009
decision_type=8 10 10 8 10 2 2 2 10 10 10 8 10 10
left_child=1 2 3 12 8 6 7 9 -5 -6 -8 -10 13 -1
right_child=-2 -3 -4 4 5 -7 10 -9 11 -11 -12 -13 -14 -15
leaf_value=-0.0023986631203110754 0.0012231594690993591 -0.0028387950571009003 -0.0052292522812298027 -0.0097458150163919587 -0.0054400895994704329 -0.00066187996285011093 -0.01786989820185687 0.017594016758558692 0.0074817259587384088 0.021246950192221274 0.0094419482770491028 -0.010169277272768151 -0.0022628642161103209 0.0043660265531640105
leaf_weight=1615.2163477037102 15871.070348683745 7156.8906053155661 1298.532420642674 1562.6841711103916 278.80125170946121 7557.0762562081218 168.95710957422853 644.10104200616479 430.26503369212151 79.061248585581779 93.231045667082071 215.30203971266747 2100.5821610167623 6240.4019048623741
leaf_count=7408 78194 32792 5912 6972 1263 32756 948 3391 1962 429 621 1036 10742 28707
internal_value=2.48358e-05 -0.000621351 9.17665e-05 0.000423349 -0.000881075 0.000520618 0.00753929 0.0116896 -0.00645748 0.000873085 -0.00816804 0.00152964 0.00186782 0.00297384
internal_weight=45312.2 29441.1 22284.2 20985.7 11029.5 8821.23 1264.15 1001.96 2208.25 357.863 262.188 645.567 9956.2 7855.62
internal_count=213133 134939 102147 96235 49378 39408 6652 5083 9970 1692 1569 2998 46857 36115
is_linear=0
shrinkage=0.03


Tree=288
num_leaves=15
num_cat=0
split_feature=69 10 243 248 243 228 243 248 140 10 34 63 248 117
split_gain=36.5519 62.9129 69.6076 67.1816 132.617 74.4985 57.4035 44.4828 41.4301 60.8288 64.3602 49.8799 56.8441 82.07
threshold=8.5000000000000018 82.500000000000014 -0.031245912425220009 0.76262626051902782 -0.039499927312135689 5.5000000000000009 -0.037754010409116738 0.54040405154228222 8.5000000000000018 5.5000000000000009 38.500000000000007 62.500000000000007 0.7222222387790681 85.500000000000014
decision_type=8 10 2 2 2 10 2 2 8 10 10 10 2 8
left_child=1 2 3 5 -5 6 -1 -4 9 10 -2 12 -10 -14
right_child=8 -3 7 4 -6 -7 -8 -9 11 -11 -12 -13 13 -15
leaf_value=-0.011908396876304654 -0.0007456658588183378 -0.004464933869997083 0.0035822327355636962 0.0095365697282823233 -0.01277210698781241 0.0010378851274801858 0.0090318459475773865 0.011046717264990197 -0.00017715880706499311 -0.0046910578160655522 0.014791982633055291 0.0016106286977928502 -0.0088413188965823768 0.0012245896405136748
leaf_weight=838.23590574041009 1154.8500877525657 1245.3112511374056 2106.972000002861 1278.3103511072695 285.56342443451285 2020.7556449733675 129.32187435030937 1093.3051363788545 16304.187604989856 3981.3421907797456 292.57321558892727 11633.309710774571 1748.143780246377 1241.6365048959851
leaf_count=4760 5595 5737 9207 7190 1289 9896 622 5068 74281 17768 1442 56100 7567 6827
internal_value=5.90167e-05 0.00176986 0.00277584 0.000389285 0.00540774 -0.0022463 -0.0090458 0.00615878 -0.000364771 -0.00277941 0.00247496 5.98397e-05 -0.000875559 -0.00467086
internal_weight=45353.8 8997.78 7752.46 4552.19 1563.87 2988.31 967.558 3200.28 36356 5428.77 1447.42 30927.3 19294 2989.78
internal_count=213349 43769 38032 23757 8479 15278 5382 14275 169580 24805 7037 144775 88675 14394
is_linear=0
shrinkage=0.03


Tree=289
num_leaves=15
num_cat=0
split_feature=243 248 249 2 193 230 228 248 249 193 248 249 228 228
split_gain=34.9102 50.2024 59.379 62.7127 40.1959 61.0232 82.493 74.764 56.0911 69.725 55.1707 102.591 87.6859 84.5656
threshold=-0.0085835503414273245 0.4797979891300202 0.055555555969476707 31.500000000000004 72.500000000000014 69.500000000000014 19.500000000000004 0.71212121844291698 0.085858587175607695 97.500000000000014 0.53030303120613109 0.055555555969476707 93.500000000000014 50.500000000000007
decision_type=2 2 2 10 10 10 10 2 2 10 2 2 10 10
left_child=4 -2 -3 -4 -1 6 7 -6 9 -8 -7 13 -13 -12
right_child=1 2 3 -5 5 10 8 -9 -10 -11 11 12 -14 -15
leaf_value=-0.00028132877239648945 -0.0017264133975264898 -0.033901489829494084 0.010979685972309543 -0.02022584860381357 0.006966957576213486 0.0023760064578086321 -0.0049136468117326323 -0.0022402435748024867 0.00011406341392115733 -0.02328679487836529 -0.0074030125535933756 0.021394592178936196 -0.0082061474808641788 0.022281333456291821
leaf_weight=31599.171152530238 3543.3379547968507 86.54769304394722 103.74125375598669 109.30617636442184 2028.0480095818639 2384.2777084670961 1076.2881231158972 1293.6898258589208 1704.1386010013521 217.12277828902006 369.04988142848015 625.10530307143927 99.540165342390537 101.8718985915184
leaf_count=149848 15491 357 516 505 9492 11186 4554 6163 7705 924 1642 3822 605 560
internal_value=-1.21898e-05 -0.00274385 -0.0143327 -0.00521963 0.000241374 0.0019085 0.000133875 0.00338514 -0.0034683 -0.00815291 0.00503205 0.0102653 0.0172722 -0.000651782
internal_weight=45341.2 3842.93 299.595 213.047 41498.3 9899.13 6319.29 3321.74 2997.55 1293.41 3579.84 1195.57 724.645 470.922
internal_count=213370 16869 1378 1021 196501 46653 28838 15655 13183 5478 17815 6629 4427 2202
is_linear=0
shrinkage=0.03


Tree=290
num_leaves=15
num_cat=0
split_feature=239 149 151 243 245 224 224 145 47 224 248 248 243 143
split_gain=39.8736 42.0042 34.7064 39.8608 48.1885 35.9093 37.8573 45.6017 40.4213 47.4149 34.5949 52.6973 42.1167 38.7878
threshold=-0.049356944859027856 90.500000000000014 3.5000000000000004 -0.069620165973901735 -0.11629812046885489 1.0000000180025095e-35 8.5000000000000018 59.500000000000007 39.500000000000007 86.500000000000014 0.7525252401828767 0.6111111342906953 -0.045447031036019318 74.500000000000014
decision_type=10 10 10 2 2 8 8 10 8 10 2 2 2 10
left_child=1 -1 3 4 -2 -5 7 -7 9 -8 11 12 13 -3
right_child=2 10 -4 5 -6 6 8 -9 -10 -11 -12 -13 -14 -15
leaf_value=0.0082603857615827295 -6.2124484537650064e-05 0.020340058016780183 5.9363833918754309e-05 -0.023350005899629492 -0.026359216098616328 0.021007237844025316 -0.009895259573820956 -0.00095501066802787136 -0.00035308836462448294 0.012255300202849531 0.0058565322816098294 -0.010079605929301268 -0.0028142537108280185 -0.009640967394221215
leaf_weight=1034.3117151334882 114.39499092847109 162.42667887732387 38727.777160525322 60.402242116630077 128.94812608510256 128.77088578045368 881.21937367320061 217.836401168257 2020.6465651392937 87.881968945264816 678.84778088144958 473.87186268344522 364.33116071671247 43.575803115963936
leaf_count=6739 813 974 179308 287 673 580 3907 1034 9367 393 3838 2421 1713 361
internal_value=2.36488e-05 0.00351259 -0.000204192 -0.0030007 -0.0144874 -0.00213768 -0.00168502 0.00756464 -0.00277899 -0.00778191 0.000631374 -0.00278888 0.00333805 0.0138454
internal_weight=45125.2 2757.37 42367.9 3640.1 243.343 3396.76 3336.36 346.607 2989.75 969.101 1723.05 1044.21 570.334 206.002
internal_count=212408 16046 196362 17054 1486 15568 15281 1614 13667 4300 9307 5469 3048 1335
is_linear=0
shrinkage=0.03


Tree=291
num_leaves=15
num_cat=0
split_feature=147 145 226 148 120 66 22 96 171 186 29 46 195 195
split_gain=36.6275 46.9991 72.809 40.1802 44.3934 44.0013 51.1491 47.8471 38.8597 37.3651 36.0204 33.9995 33.8383 38.3618
threshold=95.500000000000014 62.500000000000007 53.500000000000007 91.500000000000014 17.500000000000004 20.500000000000004 58.500000000000007 38.500000000000007 42.500000000000007 99.500000000000014 99.500000000000014 21.500000000000004 33.500000000000007 24.500000000000004
decision_type=10 10 8 10 8 10 10 10 10 10 8 8 10 8
left_child=3 2 -2 5 8 6 -1 -8 -5 12 -3 -6 13 -7
right_child=1 10 -4 4 11 9 7 -9 -10 -11 -12 -13 -14 -15
leaf_value=-0.00084055364740803643 0.01056663623343144 -0.0080120800347624147 -0.0056893701430593135 0.0010433706463187386 0.011181177672369294 0.000575063584883609 -0.01159688057228974 -0.0019087805324105643 0.015332243476725734 -0.010552365318037165 0.0072749999011847734 0.00037611111108612212 0.0017528020430778407 -0.002533731254338558
leaf_weight=7650.0745183583349 441.87950449436903 1490.8365590460598 540.0300035700202 281.47384630143642 282.00150082632899 12400.363291710615 846.93310911953449 997.79905639588833 433.84947956353426 266.71153628826141 145.11482946574688 2567.0528320521116 11943.811562955379 5006.5620985813439
leaf_count=35025 1940 6907 2348 1220 1400 59231 3573 4283 1973 1341 793 11860 57561 23739
internal_value=-8.2743e-05 -0.00352029 0.00165894 0.000128898 0.00317356 -0.000149309 -0.00192535 -0.00639522 0.00980159 0.000420517 -0.0066201 0.00148097 0.000523788 -0.000320026
internal_weight=45294.5 2617.86 981.91 42676.6 3564.38 39112.3 9494.81 1844.73 715.323 29617.4 1635.95 2849.05 29350.7 17406.9
internal_count=213194 11988 4288 201206 16453 184753 42881 7856 3193 141872 7700 13260 140531 82970
is_linear=0
shrinkage=0.03


Tree=292
num_leaves=15
num_cat=0
split_feature=245 248 90 224 246 245 222 246 245 230 248 224 161 243
split_gain=34.1603 113.58 90.0591 86.9157 98.5188 150.53 92.067 173.942 153.365 202.937 136.79 107.616 94.5906 91.1362
threshold=-0.075751405209302888 0.58080807328224193 79.500000000000014 26.500000000000004 0.0058016881812363872 -0.091281890869140611 7.5000000000000009 0.04157631844282151 -0.085400678217411027 30.500000000000004 0.74242421984672557 8.5000000000000018 76.500000000000014 -0.023858854547142979
decision_type=2 2 8 10 2 2 8 2 2 8 2 10 10 2
left_child=1 2 -1 6 5 -5 -3 8 9 10 11 -8 -9 -10
right_child=-2 3 -4 4 -6 -7 7 12 13 -11 -12 -13 -14 -15
leaf_value=0.0093179632446370158 -0.00056566416358741142 0.00078794968258384418 -0.014342834822193376 0.010432037445109163 0.0054300413686558862 -0.026185977247292335 -0.006683445443485034 -0.011355768359049615 0.014116957346958588 -0.025825195285361147 -0.010981453332442534 0.027391809942804067 -0.034306952266144886 -0.019519522691840107
leaf_weight=1962.5296749547124 32864.428103737533 4060.1124572325498 147.4475447870791 171.96801845729351 3246.2846273258328 221.11464202404022 127.22634030133486 666.31908235326409 600.4817374125123 363.74376553297043 374.01716178655624 215.24255070090294 212.07789979875088 73.438272833824158
leaf_count=11971 145222 22435 1201 876 17105 984 804 3584 2818 1691 1898 1340 1013 337
internal_value=-5.88069e-05 0.00127939 0.00760466 -1.84438e-05 0.00370697 -0.0103047 -0.00204678 -0.00640514 -0.000922227 -0.0079033 0.00142548 0.0149025 -0.0172208 0.0102197
internal_weight=45306.4 12442 2109.98 10332 3639.37 393.083 6692.66 2632.55 1754.15 1080.23 716.486 342.469 878.397 673.92
internal_count=213279 68057 13172 54885 18965 1860 35920 13485 8888 5733 4042 2144 4597 3155
is_linear=0
shrinkage=0.03


Tree=293
num_leaves=15
num_cat=0
split_feature=124 142 106 229 63 230 224 246 79 147 77 224 76 230
split_gain=31.4422 53.1898 50.2196 50.261 49.8489 47.3545 62.857 62.6022 68.4056 52.6196 46.46 45.2365 48.5434 78.4322
threshold=15.500000000000002 34.500000000000007 8.5000000000000018 83.500000000000014 59.500000000000007 2.5000000000000004 82.500000000000014 0.051583349704742439 99.500000000000014 25.500000000000004 21.500000000000004 65.500000000000014 40.500000000000007 19.500000000000004
decision_type=8 8 8 10 8 10 10 2 10 10 10 10 10 10
left_child=-1 2 -2 -4 5 -3 10 8 9 -8 -7 12 13 -12
right_child=1 4 3 -5 -6 6 7 -9 -10 -11 11 -13 -14 -15
leaf_value=-0.002556627709070604 -0.003198988533173343 0.0025901848350256234 0.0039979981149318939 -0.0049094019821416951 0.00094844790726297075 -0.0052865439448639747 0.016513802565754018 -0.0060455134290293864 0.023035922531543605 0.0011534100653598648 -0.0052806993456170287 -0.006307763299598014 -0.003189319284992781 0.0041948719602800709
leaf_weight=4141.5293147563934 1271.8840645886958 2312.1438075695187 6685.7038563676178 614.77152912318707 14393.774187641218 4500.5960343256593 222.52967169135809 589.65837778896093 163.84139339998364 1481.1701608449221 1064.2045023813844 1486.8495493866503 3456.1724265366793 2926.4721610099077
leaf_count=17742 5595 13428 29384 2667 72733 20633 1074 2872 806 6847 4796 6539 15570 12722
internal_value=-6.82602e-05 0.000182621 0.00228392 0.00324222 -0.000370503 -0.00141336 -0.00199712 0.00240728 0.00509415 0.00324437 -0.0028039 -0.00154868 -0.00059129 0.00166111
internal_weight=45311.3 41169.8 8572.36 7300.48 32597.4 18203.6 15891.5 2457.2 1867.54 1703.7 13434.3 8933.7 7446.85 3990.68
internal_count=213408 195666 37646 32051 158020 85287 71859 11599 8727 7921 60260 39627 33088 17518
is_linear=0
shrinkage=0.03


Tree=294
num_leaves=15
num_cat=0
split_feature=233 230 56 94 53 134 249 231 230 224 246 244 224 139
split_gain=38.7785 51.3945 86.1861 76.9801 76.2098 73.394 108.466 77.9201 71.9131 93.1712 90.5725 84.8116 69.5662 66.6099
threshold=68.500000000000014 24.500000000000004 37.500000000000007 41.500000000000007 10.500000000000002 80.500000000000014 0.83333334326744091 12.500000000000002 15.500000000000002 13.500000000000002 0.026702855713665489 0.0088174357078969496 6.5000000000000009 3.5000000000000004
decision_type=10 10 10 10 10 10 2 10 8 10 2 2 10 10
left_child=-1 2 5 -4 -3 7 -7 -2 9 11 -10 -9 -6 -13
right_child=1 4 3 -5 12 6 -8 8 10 -11 -12 13 -14 -15
leaf_value=-0.000571781111502034 -0.016052007728477143 0.010292541255607955 -0.008023032215743563 0.0025830513520778836 -0.01724086770631347 -0.013799317173165689 0.013427451523839055 0.011076215764751866 -0.012400526847255875 0.011500125030588396 0.006837751473141287 0.0045477399136749693 0.0023717662063858849 -0.0082285628639940274
leaf_weight=30413.01524426043 170.62557127326727 1133.7132601067424 1880.5628165602684 907.57876753807068 157.86881926655769 523.14471597224474 166.08247210644186 606.14496249333024 472.82036017626524 1535.1953525841236 396.19031585007906 688.1585975587368 5438.0866352207959 766.17152184993029
leaf_count=141926 736 5285 8625 4323 705 2943 1264 3350 2110 7713 1961 4342 24030 3716
internal_value=4.16824e-05 0.00129825 -0.000309877 -0.00457371 0.00323445 0.00192723 -0.0071403 0.00328796 0.00406129 0.00593032 -0.0036516 0.00174492 0.0017887 -0.00219331
internal_weight=45255.4 14842.3 8112.68 2788.14 6729.67 5324.53 689.227 4635.31 4464.68 3595.67 869.011 2060.48 5595.96 1454.33
internal_count=213029 71103 41083 12948 30020 28135 4207 23928 23192 19121 4071 11408 24735 8058
is_linear=0
shrinkage=0.03


Tree=295
num_leaves=15
num_cat=0
split_feature=151 222 230 230 76 224 246 222 230 143 222 222 235 222
split_gain=34.9716 37.736 60.3577 54.1244 52.6578 36.0961 34.4363 38.5937 45.4029 51.2018 47.0354 57.4892 50.678 54.9781
threshold=3.5000000000000004 12.500000000000002 5.5000000000000009 24.500000000000004 35.500000000000007 86.500000000000014 0.0065299244597554216 65.500000000000014 6.5000000000000009 72.500000000000014 11.500000000000002 7.5000000000000009 16.500000000000004 38.500000000000007
decision_type=10 8 8 8 10 10 2 8 8 8 10 10 10 10
left_child=1 3 -3 4 -1 -4 7 8 -2 10 11 -10 -12 -14
right_child=6 2 5 -5 -6 -7 -8 -9 9 -11 12 -13 13 -15
leaf_value=-0.022750942698923263 0.013724506789079433 0.012764406798099948 -0.003449593522366116 0.0031234285447469456 -0.0058622747094358918 0.0076077588428765204 5.0759467484185572e-05 0.020316934052928302 0.0066668961229381972 -0.0080385537768300607 0.0010729719960699984 -0.017875588268488559 0.02033679171349859 -0.0039348020111645366
leaf_weight=253.34227528423071 290.08062476664782 253.39063093066216 2462.2096279710531 297.27392299473286 478.35345708206296 288.2271516546607 39069.113824725151 112.53017002344131 162.00245357304811 412.01127544417977 560.14506369829178 163.80299722403288 339.10720362514257 106.79334217309952
leaf_count=1165 1590 1305 11691 1394 2539 1362 183908 508 726 1920 2381 719 1445 461
internal_value=-6.64359e-06 -0.00266935 -0.00096132 -0.0075983 -0.0119377 -0.0022675 0.000254477 0.00394502 0.00294426 0.00108301 0.00394366 -0.00583704 0.00713739 0.0145649
internal_weight=45248.4 4032.8 3003.83 1028.97 731.696 2750.44 41215.6 2146.47 2033.94 1743.86 1331.85 325.805 1006.05 445.901
internal_count=213114 19456 14358 5098 3704 13053 193658 9750 9242 7652 5732 1445 4287 1906
is_linear=0
shrinkage=0.03


Tree=296
num_leaves=15
num_cat=0
split_feature=245 224 120 92 52 229 229 147 242 77 249 35 65 242
split_gain=37.3333 66.0179 65.8488 47.5621 47.4121 92.9328 76.9634 72.1134 79.8739 76.9386 70.1942 66.1188 61.2283 59.6544
threshold=-0.044342366978526108 98.500000000000014 17.500000000000004 66.500000000000014 13.500000000000002 17.500000000000004 59.500000000000007 51.500000000000007 0.026294298470020298 39.500000000000007 0.015151515137404205 80.500000000000014 81.500000000000014 0.042120808735489852
decision_type=2 10 8 10 8 10 10 10 8 10 2 10 10 8
left_child=1 4 -2 -4 5 7 13 10 9 -9 -1 12 -12 -7
right_child=2 -3 3 -5 -6 6 -8 8 -10 -11 11 -13 -14 -15
leaf_value=0.011514752830484559 0.0031695035911004019 -0.01327963253400872 -0.0028321602179657741 0.0049897948255656441 0.001543100977850027 -0.0076190999269333927 0.0083699341161146534 -0.0023690399881283642 0.0059254141971358219 -0.017123058821093946 -0.001244769667932193 -0.02061280845543495 0.0059955974107456676 0.01009076685247315
leaf_weight=721.37574597261846 2424.1315833926201 295.38836562633514 10086.022086583078 742.72150724381208 21330.51893773675 2832.1098813414574 337.56868677586317 884.58164741843939 527.40242673456669 490.19920039176941 2285.7059477921575 108.86840092763305 1931.8183364439756 173.70336214080453
leaf_count=3698 10340 1515 43835 3564 101148 12454 1658 4418 3372 2268 11537 531 11529 958
internal_value=4.686e-05 0.000602578 -0.00129102 -0.00229156 0.000736405 -0.000935159 -0.00503715 0.00104257 -0.00392217 -0.00771547 0.00291752 0.00146078 0.00207799 -0.0065656
internal_weight=45172.1 31919.2 13252.9 10828.7 31623.9 10293.3 3343.38 6949.95 1902.18 1374.78 5047.77 4326.39 4217.52 3005.81
internal_count=212825 155086 57739 47399 153571 52423 15070 37353 10058 6686 27295 23597 23066 13412
is_linear=0
shrinkage=0.03


Tree=297
num_leaves=15
num_cat=0
split_feature=149 2 230 120 246 248 248 244 230 246 240 46 79 248
split_gain=40.0938 38.5623 37.1806 35.0418 37.8043 60.5988 33.7141 79.1718 47.1326 31.6768 31.5294 31.2919 48.5976 30.0463
threshold=31.500000000000004 28.500000000000004 10.500000000000002 18.500000000000004 0.037100639194250114 0.77272728085517894 0.59090909361839306 0.017986852675676349 16.500000000000004 0.030318879522383217 0.13682430237531665 43.500000000000007 98.500000000000014 0.92424240708351146
decision_type=10 8 10 10 2 2 2 2 10 2 10 10 10 2
left_child=1 -1 -3 9 6 11 -5 8 -8 -4 13 12 -6 -2
right_child=10 2 3 4 5 -7 7 -9 -10 -11 -12 -13 -14 -15
leaf_value=0.00019061388593009896 0.00038258768579055633 0.00051996023637433859 0.0055570099541386465 -0.010091198932270815 0.0055076280160330938 -0.019520902865375511 -0.018053144963480441 -0.021831324479661608 0.01037862910595887 -0.0061945572549909483 0.014951945846227993 -0.0043817452150954634 -0.023539571337171324 0.010537094525640105
leaf_weight=6855.8187579959631 31089.290555413812 1962.8416947871447 539.14137833565474 1735.8585978001356 759.35283330827951 159.78447020798922 53.338958829641342 113.94534537196159 310.46533831208944 321.03870198130608 125.87122264876962 962.55605541169643 45.756575658917427 254.5024558454752
leaf_count=31786 146485 10548 2231 7292 3502 724 239 513 1419 1408 769 4420 203 1766
internal_value=-6.04838e-05 -0.00140686 -0.00297752 -0.00434847 -0.00549069 -0.00240059 -0.00815844 -0.00107303 0.00583868 0.00115027 0.000531036 -0.000751924 0.00358826 0.000468374
internal_weight=45289.6 13819.9 6964.08 5001.24 4141.06 1927.45 2213.61 477.75 363.804 860.18 31469.7 1767.67 805.109 31343.8
internal_count=213305 64285 32499 21951 18312 8849 9463 2171 1658 3639 149020 8125 3705 148251
is_linear=0
shrinkage=0.03


Tree=298
num_leaves=15
num_cat=0
split_feature=226 230 230 229 249 10 245 193 224 249 245 226 224 226
split_gain=37.4829 41.4254 37.4306 138.95 108.981 120.069 95.5858 116.197 75.8514 128.544 79.1647 152.53 157.718 63.4975
threshold=99.500000000000014 97.500000000000014 72.500000000000014 81.500000000000014 0.025252525694668296 63.500000000000007 -0.046979540959000581 51.500000000000007 82.500000000000014 0.025252525694668296 -0.052613724023103707 17.500000000000004 87.500000000000014 87.500000000000014
decision_type=10 8 8 10 2 8 2 8 10 2 2 10 10 10
left_child=2 -2 3 8 5 -4 7 -6 13 -10 11 -11 -13 -1
right_child=1 -3 4 -5 6 -7 -8 -9 9 10 -12 12 -14 -15
leaf_value=-0.00055576425364776462 -0.014884874527272388 0.00016977803771548773 0.0060532272177048416 -0.014479555358710414 -0.0016634296755451028 -0.01335276134426058 -8.9327433930183351e-05 0.0092870009921825914 0.027895817037100288 0.014990792758050169 0.010723807071912892 0.0064091353149223909 -0.034075399798386752 0.0083805997481062409
leaf_weight=31883.088716749102 306.69451127946377 341.84016150981188 435.67170047014952 603.28560344129801 1218.3400899767876 804.64547395333648 4575.6621081233025 3035.0445802733302 210.66009616851807 200.44289200752974 545.55116495490074 143.81900119781494 197.78871052712202 722.05390875041485
leaf_count=149072 1446 1634 1903 2627 6093 3581 20533 16909 922 1137 2352 684 900 3254
internal_value=3.74781e-05 -0.00706754 0.000142411 -0.000327288 0.00175075 -0.00654235 0.00292186 0.00615381 -7.12639e-05 0.00701174 0.00274935 -0.00532547 -0.0173336 -0.000355356
internal_weight=45224.6 648.535 44576.1 34506.7 10069.4 1240.32 8829.05 4253.38 33903.4 1298.26 1087.6 542.051 341.608 32605.1
internal_count=213047 3080 209967 160948 49019 5484 43535 23002 158321 5995 5073 2721 1584 152326
is_linear=0
shrinkage=0.03


Tree=299
num_leaves=15
num_cat=0
split_feature=242 124 9 63 242 228 226 224 231 248 226 224 245 245
split_gain=44.5711 35.8217 42.5432 36.9415 34.4196 49.0315 42.6567 41.1553 110.129 92.8118 90.6501 84.4899 89.8192 81.5677
threshold=0.010334474965929987 6.5000000000000009 30.500000000000004 69.500000000000014 0.048769617453217513 22.500000000000004 99.500000000000014 81.500000000000014 60.500000000000007 0.65151515603065502 43.500000000000007 83.500000000000014 -0.077757120132446275 -0.054673904553055756
decision_type=8 8 8 8 8 8 8 10 10 2 10 10 2 2
left_child=-1 2 -2 -4 6 -6 7 -3 9 10 13 -12 -13 -9
right_child=1 4 3 -5 5 -7 -8 8 -10 -11 11 12 -14 -15
leaf_value=-0.010090178790125085 0.0024703595383507265 -0.0001386197537334315 -0.0043546363206303767 -0.017156494021222157 0.011846240473073174 0.0012606626655268093 -0.0062803323001217699 -0.013615639937325863 0.0072344933804141609 -0.019310896488658424 0.015263282606304203 0.026993257274638662 -0.0065042247570081908 0.023346332834292993
leaf_weight=380.46617676317692 531.93038821965456 35734.262760449201 743.5714703425765 274.78506631404161 526.34585485979915 1492.8810352049768 922.63286509364843 61.951123669743538 2450.4071852453053 236.51119089126587 203.32442516833544 65.983904667198658 1461.9833636134863 230.84083823859692
leaf_count=1678 2288 166486 3094 1239 3408 8670 4456 279 12359 1025 900 399 6288 976
internal_value=1.83463e-06 8.95053e-05 -0.00437655 -0.00794223 0.000250056 0.00406475 6.29178e-05 0.000209136 0.00284167 -0.0019309 0.000184881 -0.00245049 -0.00489156 0.0153343
internal_weight=45317.9 44937.4 1550.29 1018.36 43387.1 2019.23 41367.9 40445.3 4711 2260.59 2024.08 1731.29 1527.97 292.792
internal_count=213545 211867 6621 4333 205246 12078 193168 188712 22226 9867 8842 7587 6687 1255
is_linear=0
shrinkage=0.03


end of trees

feature_importances:
Column_245=306
Column_231=298
Column_226=256
Column_248=222
Column_230=202
Column_244=177
Column_243=176
Column_224=163
Column_229=122
Column_249=122
Column_228=116
Column_242=106
Column_222=104
Column_246=85
Column_238=80
Column_120=75
Column_140=67
Column_119=50
Column_233=45
Column_126=38
Column_10=36
Column_193=33
Column_63=30
Column_70=29
Column_76=29
Column_190=27
Column_29=26
Column_77=26
Column_137=26
Column_60=25
Column_47=24
Column_66=23
Column_78=23
Column_147=23
Column_178=23
Column_232=23
Column_24=21
Column_52=21
Column_101=21
Column_148=21
Column_68=20
Column_106=19
Column_194=19
Column_237=19
Column_57=18
Column_118=17
Column_189=16
Column_236=16
Column_104=14
Column_121=14
Column_134=14
Column_146=14
Column_165=14
Column_171=14
Column_195=14
Column_209=14
Column_98=13
Column_122=12
Column_136=12
Column_139=12
Column_141=12
Column_143=12
Column_149=12
Column_7=11
Column_62=11
Column_138=11
Column_144=11
Column_239=11
Column_240=11
Column_69=10
Column_71=10
Column_75=10
Column_151=10
Column_23=9
Column_34=9
Column_35=9
Column_37=9
Column_56=9
Column_59=9
Column_79=9
Column_117=9
Column_215=9
Column_51=8
Column_145=8
Column_164=8
Column_225=8
Column_252=8
Column_58=7
Column_64=7
Column_124=7
Column_129=7
Column_142=7
Column_4=6
Column_8=6
Column_9=6
Column_28=6
Column_53=6
Column_80=6
Column_81=6
Column_92=6
Column_96=6
Column_176=6
Column_192=6
Column_212=6
Column_12=5
Column_31=5
Column_46=5
Column_103=5
Column_105=5
Column_170=5
Column_184=5
Column_234=5
Column_250=5
Column_14=4
Column_38=4
Column_110=4
Column_125=4
Column_130=4
Column_132=4
Column_167=4
Column_174=4
Column_177=4
Column_235=4
Column_241=4
Column_0=3
Column_5=3
Column_6=3
Column_22=3
Column_25=3
Column_45=3
Column_61=3
Column_65=3
Column_67=3
Column_94=3
Column_108=3
Column_111=3
Column_123=3
Column_133=3
Column_150=3
Column_186=3
Column_208=3
Column_223=3
Column_227=3
Column_2=2
Column_39=2
Column_40=2
Column_42=2
Column_50=2
Column_54=2
Column_82=2
Column_84=2
Column_88=2
Column_91=2
Column_93=2
Column_116=2
Column_135=2
Column_161=2
Column_191=2
Column_1=1
Column_13=1
Column_16=1
Column_26=1
Column_30=1
Column_32=1
Column_36=1
Column_41=1
Column_44=1
Column_48=1
Column_55=1
Column_85=1
Column_89=1
Column_90=1
Column_100=1
Column_102=1
Column_107=1
Column_127=1
Column_131=1
Column_154=1
Column_155=1
Column_162=1
Column_163=1
Column_166=1
Column_168=1
Column_169=1
Column_172=1
Column_188=1
Column_204=1

parameters:
[boosting: gbdt]
[objective: binary]
[metric: binary_logloss]
[tree_learner: serial]
[device_type: cpu]
[data_sample_strategy: bagging]
[data: ]
[valid: ]
[num_iterations: 300]
[learning_rate: 0.03]
[num_leaves: 15]
[num_threads: 4]
[seed: 7]
[deterministic: 0]
[force_col_wise: 0]
[force_row_wise: 0]
[histogram_pool_size: -1]
[max_depth: -1]
[min_data_in_leaf: 200]
[min_sum_hessian_in_leaf: 0.001]
[bagging_fraction: 0.7]
[pos_bagging_fraction: 1]
[neg_bagging_fraction: 1]
[bagging_freq: 1]
[bagging_seed: 17422]
[bagging_by_query: 0]
[feature_fraction: 0.5]
[feature_fraction_bynode: 1]
[feature_fraction_seed: 7040]
[extra_trees: 0]
[extra_seed: 6516]
[early_stopping_round: 0]
[early_stopping_min_delta: 0]
[first_metric_only: 0]
[max_delta_step: 0]
[lambda_l1: 0]
[lambda_l2: 10]
[linear_lambda: 0]
[min_gain_to_split: 0]
[drop_rate: 0.1]
[max_drop: 50]
[skip_drop: 0.5]
[xgboost_dart_mode: 0]
[uniform_drop: 0]
[drop_seed: 15215]
[top_rate: 0.2]
[other_rate: 0.1]
[min_data_per_group: 100]
[max_cat_threshold: 32]
[cat_l2: 10]
[cat_smooth: 10]
[max_cat_to_onehot: 4]
[top_k: 20]
[monotone_constraints: ]
[monotone_constraints_method: basic]
[monotone_penalty: 0]
[feature_contri: ]
[forcedsplits_filename: ]
[refit_decay_rate: 0.9]
[cegb_tradeoff: 1]
[cegb_penalty_split: 0]
[cegb_penalty_feature_lazy: ]
[cegb_penalty_feature_coupled: ]
[path_smooth: 0]
[interaction_constraints: ]
[verbosity: -1]
[saved_feature_importance_type: 0]
[use_quantized_grad: 0]
[num_grad_quant_bins: 4]
[quant_train_renew_leaf: 0]
[stochastic_rounding: 1]
[linear_tree: 0]
[max_bin: 255]
[max_bin_by_feature: ]
[min_data_in_bin: 3]
[bin_construct_sample_cnt: 200000]
[data_random_seed: 61]
[is_enable_sparse: 1]
[enable_bundle: 1]
[use_missing: 1]
[zero_as_missing: 0]
[feature_pre_filter: 1]
[pre_partition: 0]
[two_round: 0]
[header: 0]
[label_column: ]
[weight_column: ]
[group_column: ]
[ignore_column: ]
[categorical_feature: ]
[forcedbins_filename: ]
[precise_float_parser: 0]
[parser_config_file: ]
[objective_seed: 15521]
[num_class: 1]
[is_unbalance: 0]
[scale_pos_weight: 1]
[sigmoid: 1]
[boost_from_average: 1]
[reg_sqrt: 0]
[alpha: 0.05]
[fair_c: 1]
[poisson_max_delta_step: 0.7]
[tweedie_variance_power: 1.5]
[lambdarank_truncation_level: 30]
[lambdarank_norm: 1]
[label_gain: ]
[lambdarank_position_bias_regularization: 0]
[eval_at: ]
[multi_error_top_k: 1]
[auc_mu_weights: ]
[num_machines: 1]
[local_listen_port: 12400]
[time_out: 120]
[machine_list_filename: ]
[machines: ]
[gpu_platform_id: -1]
[gpu_device_id: -1]
[gpu_device_id_list: ]
[gpu_use_dp: 0]
[num_gpu: 1]

end of parameters

pandas_categorical:null
