tree
version=v4
num_class=1
num_tree_per_iteration=1
label_index=0
max_feature_idx=252
objective=binary sigmoid:1
feature_names=Column_0 Column_1 Column_2 Column_3 Column_4 Column_5 Column_6 Column_7 Column_8 Column_9 Column_10 Column_11 Column_12 Column_13 Column_14 Column_15 Column_16 Column_17 Column_18 Column_19 Column_20 Column_21 Column_22 Column_23 Column_24 Column_25 Column_26 Column_27 Column_28 Column_29 Column_30 Column_31 Column_32 Column_33 Column_34 Column_35 Column_36 Column_37 Column_38 Column_39 Column_40 Column_41 Column_42 Column_43 Column_44 Column_45 Column_46 Column_47 Column_48 Column_49 Column_50 Column_51 Column_52 Column_53 Column_54 Column_55 Column_56 Column_57 Column_58 Column_59 Column_60 Column_61 Column_62 Column_63 Column_64 Column_65 Column_66 Column_67 Column_68 Column_69 Column_70 Column_71 Column_72 Column_73 Column_74 Column_75 Column_76 Column_77 Column_78 Column_79 Column_80 Column_81 Column_82 Column_83 Column_84 Column_85 Column_86 Column_87 Column_88 Column_89 Column_90 Column_91 Column_92 Column_93 Column_94 Column_95 Column_96 Column_97 Column_98 Column_99 Column_100 Column_101 Column_102 Column_103 Column_104 Column_105 Column_106 Column_107 Column_108 Column_109 Column_110 Column_111 Column_112 Column_113 Column_114 Column_115 Column_116 Column_117 Column_118 Column_119 Column_120 Column_121 Column_122 Column_123 Column_124 Column_125 Column_126 Column_127 Column_128 Column_129 Column_130 Column_131 Column_132 Column_133 Column_134 Column_135 Column_136 Column_137 Column_138 Column_139 Column_140 Column_141 Column_142 Column_143 Column_144 Column_145 Column_146 Column_147 Column_148 Column_149 Column_150 Column_151 Column_152 Column_153 Column_154 Column_155 Column_156 Column_157 Column_158 Column_159 Column_160 Column_161 Column_162 Column_163 Column_164 Column_165 Column_166 Column_167 Column_168 Column_169 Column_170 Column_171 Column_172 Column_173 Column_174 Column_175 Column_176 Column_177 Column_178 Column_179 Column_180 Column_181 Column_182 Column_183 Column_184 Column_185 Column_186 Column_187 Column_188 Column_189 Column_190 Column_191 Column_192 Column_193 Column_194 Column_195 Column_196 Column_197 Column_198 Column_199 Column_200 Column_201 Column_202 Column_203 Column_204 Column_205 Column_206 Column_207 Column_208 Column_209 Column_210 Column_211 Column_212 Column_213 Column_214 Column_215 Column_216 Column_217 Column_218 Column_219 Column_220 Column_221 Column_222 Column_223 Column_224 Column_225 Column_226 Column_227 Column_228 Column_229 Column_230 Column_231 Column_232 Column_233 Column_234 Column_235 Column_236 Column_237 Column_238 Column_239 Column_240 Column_241 Column_242 Column_243 Column_244 Column_245 Column_246 Column_247 Column_248 Column_249 Column_250 Column_251 Column_252
feature_infos=[0:100] [0:100] [0:100] [0:100] [0:100] [0:100] [0:100] [0:100] [0:100] [0:100] [0:100] [0:100] [0:100] [0:100] [0:100] [0:100] [0:100] [0:100] [0:100] [0:100] [0:100] [0:100] [0:100] [0:100] [0:100] [0:100] [0:100] [0:100] [0:100] [0:100] [0:100] [0:100] [0:100] [0:100] [0:100] [0:100] [0:100] [0:100] [0:100] [0:100] [0:100] [0:100] [0:100] [0:100] [0:100] [0:100] [0:100] [0:100] [0:100] [0:100] [0:100] [0:100] [0:100] [0:100] [0:100] [0:100] [0:100] [0:100] [0:100] [0:100] [0:100] [0:100] [0:100] [0:100] [0:100] [0:100] [0:100] [0:100] [0:100] [0:100] [0:100] [0:100] [0:100] [0:100] [0:100] [0:100] [0:100] [0:100] [0:100] [0:100] [0:100] [0:100] [0:100] [0:100] [0:100] [0:100] [0:100] [0:100] [0:100] [0:100] [0:100] [0:100] [0:98] [0:100] [0:99] [0:100] [0:99] [0:100] [0:95] [0:100] [0:100] [0:100] [0:100] [0:100] [0:100] [0:100] [0:100] [0:100] [0:100] [0:100] [0:100] [0:100] none none [0:100] [0:100] [0:100] [0:100] [0:100] [0:100] [0:100] [0:100] [0:100] [0:100] [0:100] [0:100] [0:100] [0:100] [0:100] [0:98] [0:98] [0:100] [0:99] [0:100] [0:100] [0:100] [0:100] [0:100] [0:100] [0:100] [0:100] [0:100] [0:100] [0:100] [0:100] [0:100] [0:100] [0:100] [0:100] [0:100] [0:100] [0:100] [0:100] [0:100] [0:100] [0:100] [0:100] [0:100] [0:100] [0:100] [0:100] [0:100] [0:100] [0:100] [0:100] [0:100] [0:100] [0:100] [0:100] [0:100] [0:100] [0:100] [0:100] [0:100] [0:100] [0:100] [0:100] [0:100] [0:100] [0:100] [0:100] [0:100] [0:100] [0:100] [0:100] [0:100] [0:100] [0:100] [0:100] [0:100] [0:100] [0:100] [0:100] [0:100] [0:100] [0:100] [0:100] [0:100] [0:100] [0:100] [0:100] [0:100] [0:100] [0:100] [0:100] [0:100] none none [0:100] [0:100] none [0:100] [0:100] none [0:100] [0:100] none [0:100] [0:100] none [0:100] [0:100] [0:100] [0:100] [0:100] [0:100] [0:100] [0:100] [0:100] [0:100] [0:100] [0:100] [0:100] [0:100] [0:100] [0:100] [-0.99573081731796265:-0.05000000074505806] [0:5.531731128692627] [-0.99952542781829834:-0.05000000074505806] [-1.5006817579269409:0.4679189920425415] [-2.5528819561004639:0.56539756059646606] [-66.470733642578125:-0.14111022651195526] [0.0010164615232497454:0.2135617733001709] [-0.23561988770961761:0] [2.5925926820491441e-05:0.44481456279754639] [-0.3861553966999054:-0.00061426201136782765] [0.00047802733024582267:1.2675960063934326] [-0.78832495212554932:0.24366392195224762] [0.010101010091602802:0.96969699859619141] [0:0.96969699859619141] [-0.05000000074505806:0.0074999998323619366] [0.1666666716337204:166.66667175292969] [0:5.531731128692627]
tree_sizes=1760 1821 1821 1828 1819 1823 1817 1809 1819 1818 1822 1822 1817 1819 1811 1818 1813 1822 1839 1815 1816 1823 1821 1821 1816 1828 1814 1821 1806 1822 1817 1805 1811 1822 1811 1820 1807 1812 1821 1806 1812 1812 1807 1822 1815 1826 1816 1814 1832 1810 1827 1827 1816 1810 1816 1820 1810 1825 1825 1797 1820 1813 1819 1812 1829 1803 1828 1827 1801 1820 1831 1821 1834 1815 1823 1820 1823 1806 1816 1831 1811 1812 1814 1819 1820 1819 1809 1820 1800 1812 1819 1826 1815 1819 1827 1830 1810 1811 1824 1812 1820 1820 1816 1825 1830 1827 1821 1810 1818 1825 1826 1827 1811 1811 1822 1809 1805 1828 1820 1832 1824 1822 1816 1822 1814 1829 1823 1811 1833 1816 1820 1816 1826 1815 1801 1805 1823 1821 1822 1810 1813 1827 1821 1833 1818 1846 1812 1824 1802 1826 1817 1828 1827 1823 1813 1815 1824 1828 1824 1815 1811 1805 1803 1822 1819 1823 1816 1813 1812 1813 1812 1826 1831 1822 1807 1817 1819 1816 1835 1812 1826 1815 1808 1822 1813 1820 1818 1822 1820 1808 1812 1819 1803 1814 1807 1816 1800 1827 1828 1812 1825 1800 1809 1802 1818 1799 1819 1823 1818 1810 1806 1809 1802 1816 1809 1820 1816 1814 1813 1837 1822 1812 1817 1806 1820 1821 1817 1812 1810 1804 1812 1795 1821 1802 1824 1803 1801 1819 1822 1818 1805 1826 1803 1814 1826 1816 1823 1819 1823 1826 1818 1827 1823 1817 1828 1827 1811 1808 1786 1827 1820 1819 1821 1819 1809 1820 1799 1815 1821 1817 1802 1819 1800 1813 1798 1806 1819 1817 1817 1830 1816 1800 1804 1825 1816 1786 1810 1826 1819 1815 1804 1808 1814 1803 1822 1804 1791 1825 1801 1813

Tree=0
num_leaves=15
num_cat=0
split_feature=238 24 143 245 245 230 228 245 245 229 249 37 249 209
split_gain=3139.37 1162.96 752.18 505.133 461.559 413.905 412.434 349.172 333.265 297.798 256.738 248.457 243.835 230.765
threshold=-0.17278546839952466 94.500000000000014 66.500000000000014 -0.093972545117139802 -0.077279862016439424 10.500000000000002 26.500000000000004 -0.047269089147448533 -0.075677461922168718 54.500000000000007 0.17676767706871035 31.500000000000004 0.075757574290037169 35.500000000000007
decision_type=10 8 10 2 2 10 10 2 2 10 2 10 2 10
left_child=3 2 5 -1 9 -2 13 -3 -8 11 -9 -4 -6 -7
right_child=1 7 4 -5 12 6 8 10 -10 -11 -12 -13 -14 -15
leaf_value=0.62664624911801792 0.60115247610710709 0.61922905859156618 0.60164160131868227 0.61146939953241408 0.59220379114321131 0.58784311172564097 0.6094951500056488 0.59187434849508558 0.59263853347030793 0.63161238714659329 0.61050028221944708 0.61948363252563876 0.60203778022594678 0.57405586144689669
leaf_weight=3810.8327728509903 4281.2410189956427 2523.3274613320827 2225.5775651335716 4128.7070859968662 3641.3760346919298 5771.8199924379587 1180.708689764142 1015.5969961732626 9424.6303549408913 517.51767672598362 1891.2378199398518 1016.5117423981428 5992.0451460778713 1358.3981439471245
leaf_count=16664 18721 11034 9732 18054 15923 25239 5163 4441 41212 2263 8270 4445 26202 5940
internal_value=0.601528 0.598171 0.596188 0.618777 0.601794 0.592779 0.590759 0.611087 0.594521 0.610695 0.603982 0.607274 0.598315 0.585182
internal_weight=48779.5 40840 35409.8 7939.54 13393 22016.8 17735.6 5430.16 10605.3 3759.61 2906.83 3242.09 9633.42 7130.22
internal_count=213303 178585 154840 34718 58565 96275 77554 23745 46375 16440 12711 14177 42125 31179
is_linear=0
shrinkage=1


Tree=1
num_leaves=15
num_cat=0
split_feature=238 137 242 230 238 242 248 246 230 59 233 146 140 63
split_gain=3010.03 1226.79 668.988 558.117 506.305 450.037 418.493 343.836 294.814 266.32 247.88 227.472 207.504 185.253
threshold=-0.17278546839952466 59.500000000000007 0.025192502886056903 11.500000000000002 -0.23244462162256238 0.028139524161815647 0.32828283309936529 0.037310399115085609 72.500000000000014 13.500000000000002 43.500000000000007 82.500000000000014 31.500000000000004 65.500000000000014
decision_type=10 8 8 10 10 8 2 2 10 10 10 10 8 10
left_child=4 2 9 -4 -1 6 -3 -5 13 -2 12 -10 -11 -8
right_child=1 5 3 7 -6 -7 8 -9 11 10 -12 -13 -14 -15
leaf_value=0.026981835981112375 -0.0027011157980941858 -0.0073477169536348497 0.010997121507438227 -0.0095541651683906034 0.011242739496948512 0.010942872636005714 -0.0070830838851684537 0.0044645325700072933 0.003014021655990779 -0.022994464910460723 -0.0091708650623707547 0.021317097692364961 -0.011242812868718251 0.006899418872330222
leaf_weight=2913.8981346189976 2903.4000035077333 4116.9379822909832 2576.5602245628834 5063.1704589873552 5035.774774774909 5070.1240614950657 1829.8810495883226 2276.2416695356369 1125.190594792366 2961.7376270592213 7437.8160482943058 1337.5202014446259 2547.8759473413229 1579.581547960639
leaf_count=12814 12682 17991 11275 22089 22127 22194 8000 9941 4920 12916 32455 5868 11118 6909
internal_value=0.00016169 -0.00312793 -0.00710258 -0.000989141 0.0170384 0.00367301 -2.41728e-05 -0.00520625 0.00511407 -0.010924 -0.0127644 0.0130006 -0.0175902 -0.00060385
internal_weight=48775.7 40826 25766.8 9915.97 7949.67 15059.2 9989.11 7339.41 5872.17 15850.8 12947.4 2462.71 5509.61 3409.46
internal_count=213299 178358 112476 43305 34941 65882 43688 32030 25697 69171 56489 10788 24034 14909
is_linear=0
shrinkage=0.03


Tree=2
num_leaves=15
num_cat=0
split_feature=245 249 47 118 140 245 230 189 245 243 231 77 231 230
split_gain=2759.42 1171.52 770.921 646.438 376.445 480.207 375.687 320.99 311.822 257.545 226.334 219.2 217.702 209.327
threshold=-0.09922825917601584 0.085858587175607695 97.500000000000014 85.500000000000014 28.500000000000004 -0.069990444928407655 10.500000000000002 49.500000000000007 -0.049783322960138314 -0.046171454712748521 25.500000000000004 1.5000000000000002 3.5000000000000004 2.5000000000000004
decision_type=2 2 8 8 8 2 10 10 2 2 10 10 10 10
left_child=3 4 7 13 6 -6 9 11 -4 -2 12 -3 -8 -1
right_child=1 2 8 -5 5 -7 10 -9 -10 -11 -12 -13 -14 -15
leaf_value=0.019914347276658365 -0.019484811703090996 -0.029585715345835897 0.019887828090930537 0.025484703465351918 0.0062534918304225137 -0.0085651520574767225 -0.031105245405466452 0.0026394170553952372 0.0053040035533721813 0.0023516444107136198 -0.021060906541678252 -0.0046410279855770504 -0.0044943715112275981 0.0030759620109982286
leaf_weight=893.04824297130108 646.70252510905266 319.91422326862812 2253.6748714447021 3812.1119864583015 2672.4454209953547 7394.6636769324541 321.00227239727974 8307.2916350513697 3188.5689270943403 1864.6883778870106 4200.1082245260477 8462.4550383239985 1717.5237734764814 2533.5701635330915
leaf_count=3925 2825 1396 9921 16830 11683 32240 1395 36361 13976 8149 18265 36972 7467 11097
internal_value=-7.60199e-05 -0.00306843 0.00154627 0.0169979 -0.00859203 -0.00462905 -0.013141 -0.00158651 0.0113687 -0.00332639 -0.0170803 -0.0055823 -0.00881611 0.00750957
internal_weight=48587.8 41349 22531.9 7238.73 18817.1 10067.1 8750.03 17089.7 5442.24 2511.39 6238.63 8782.37 2038.53 3426.62
internal_count=212502 180650 98626 31852 82024 43923 38101 74729 23897 10974 27127 38368 8862 15022
is_linear=0
shrinkage=0.03


Tree=3
num_leaves=15
num_cat=0
split_feature=238 126 245 229 238 120 106 245 106 245 233 224 110 245
split_gain=2751.46 1292.71 675.234 466.902 449.563 411.163 369.281 319.773 253.039 231.338 220.958 204.87 180.432 178.594
threshold=-0.17278546839952466 60.500000000000007 -0.082732543349266038 67.500000000000014 -0.23244462162256238 61.500000000000007 16.500000000000004 -0.049037931486964219 33.500000000000007 -0.075677461922168718 42.500000000000007 6.5000000000000009 6.5000000000000009 -0.098627276718616472
decision_type=10 8 2 8 10 10 10 2 10 2 8 10 8 2
left_child=4 5 12 8 -1 6 13 -5 -4 -8 -7 -12 -3 -2
right_child=1 2 3 7 -6 10 9 -9 -10 -11 11 -13 -14 -15
leaf_value=0.025714859973430669 -0.0045847787281573776 0.0023344312596548264 -0.0078796824392636539 0.018024698576160379 0.010775432141761144 -0.0088251708016977033 0.0049037542958833089 0.0018132167096601523 0.001880362867805611 -0.0089232126549018097 -0.01184619179380493 0.0043029089747551787 0.018281411167243349 -0.019015666523141756
leaf_weight=2881.7434819489717 926.36622522771358 836.61016148328781 5617.506771415472 1719.0428244322538 4935.5104011595249 2937.3855647742748 1257.3552350848913 2993.5867555588484 4150.917803183198 7860.8633275181055 843.11602610349655 4121.2446785271168 2731.7552268356085 4854.7919934540987
leaf_count=12832 4038 3667 24507 7568 21795 12784 5491 13098 18140 34200 3683 17972 12026 21064
internal_value=1.40336e-05 -0.00310734 0.00289003 6.39695e-06 0.0163085 -0.00785406 -0.0107864 0.00775238 -0.00373464 -0.00701326 -0.0023182 0.00154195 0.0145596 -0.0167152
internal_weight=48667.8 40850.5 18049.4 14481.1 7817.25 22801.1 14899.4 4712.63 9768.42 9118.22 7901.75 4964.36 3568.37 5781.16
internal_count=212865 178238 79006 63313 34627 99232 64793 20666 42647 39691 34439 21655 15693 25102
is_linear=0
shrinkage=0.03


Tree=4
num_leaves=15
num_cat=0
split_feature=238 137 238 226 244 226 242 242 228 215 230 231 228 118
split_gain=2502.17 1148.47 720.044 500.243 410.381 329.22 319.968 300.77 281.366 251.537 244.557 208.519 217.269 202.388
threshold=-0.14806263148784635 59.500000000000007 -0.23244462162256238 9.5000000000000018 0.018303897231817249 2.5000000000000004 0.032439846545457847 0.028139524161815647 7.5000000000000009 46.500000000000007 72.500000000000014 92.500000000000014 26.500000000000004 88.500000000000014
decision_type=10 8 10 10 2 10 8 8 10 10 10 10 10 10
left_child=2 3 -1 11 9 -4 -7 10 -6 -5 -3 12 -2 -12
right_child=1 7 5 4 8 6 -8 -9 -10 -11 13 -13 -14 -15
leaf_value=0.02505281214198497 0.0077518694768877556 -0.0045503779175687306 0.018732152239059545 -0.0111067385035317 -0.026112064717468124 0.00043897624116695982 0.013879274531602263 0.0093900787629681345 -0.0013054354911657621 -0.022104078999512427 -0.00052626267947274749 -0.0129464097846955 -0.012947598371414074 0.012624694531481148
leaf_weight=2838.3914836347103 2887.2831119894981 5084.8295339643955 1935.6606912761927 10796.961799442768 437.57086117565632 4890.6093570142984 2355.5847192108631 4406.6230201423168 5124.6170138120651 2274.5487019717693 2429.1218279153109 741.67749059200287 532.36693359911442 1848.3531490415335
leaf_count=12745 12594 22197 8562 46786 1907 21479 10384 19389 22310 9835 10616 3248 2322 8155
internal_value=9.19293e-07 -0.00390294 0.0118693 -0.00803386 -0.0101331 0.00777104 0.00482124 0.00293684 -0.0033003 -0.0130358 -0.000107324 0.00136779 0.00450105 0.00517263
internal_weight=48584.2 36564 12020.2 22795 18633.7 9181.85 7246.19 13768.9 5562.19 13071.5 9362.3 4161.33 3419.65 4277.47
internal_count=212529 159359 53170 99002 80838 40425 31863 60357 24217 56621 40968 18164 14916 18771
is_linear=0
shrinkage=0.03


Tree=5
num_leaves=15
num_cat=0
split_feature=238 120 24 245 226 245 226 53 238 233 245 248 140 249
split_gain=2509.77 1059.67 901.43 516.714 451.739 408.28 366.048 353.658 303.829 252.694 250.627 248.647 244.565 223.976
threshold=-0.19491066038608548 73.500000000000014 94.500000000000014 -0.088454291224479661 66.500000000000014 -0.055699085816740983 12.500000000000002 8.5000000000000018 -0.12805767357349393 71.500000000000014 -0.1079621985554695 0.69191917777061474 30.500000000000004 0.14646464586257937
decision_type=10 8 8 2 8 2 10 10 10 8 2 2 10 2
left_child=10 2 6 -3 9 -6 -2 -8 -9 11 -1 -5 -10 -7
right_child=1 3 -4 4 5 13 7 8 12 -11 -12 -13 -14 -15
leaf_value=0.026790177026520864 0.0018256326696193313 0.013808954907816341 0.0084115527255924447 -0.0025482333467629998 0.023505936482601606 -0.010413025761868856 -0.018350045006869573 0.0012663703325024745 -0.014293855421871194 0.0044331360806277309 0.013590063872291523 -0.016243864673947648 -0.0062771972824310672 0.0094080250786087796
leaf_weight=2353.6553761512041 2894.6504912823439 3499.4532420039177 3377.5812059044838 4957.4916833937168 1281.0267496705055 794.13903596997261 3428.6484823077917 2787.3692528605461 5807.5360763370991 3196.6634147316217 2960.4405127167702 1563.3264903724194 8402.077713727951 1408.5621749460697
leaf_count=10649 12633 15481 14874 21629 5651 3468 14844 12140 25066 13977 13214 6805 36499 6201
internal_value=3.60016e-05 -0.00234832 -0.00605509 0.00357744 0.000856809 0.0101093 -0.00815307 -0.00956741 -0.00778602 -0.0024672 0.0194758 -0.00585152 -0.00956139 0.00224718
internal_weight=48712.6 43398.5 26697.9 16700.7 13201.2 3483.73 23320.3 20425.6 16997 9717.48 5314.1 6520.82 14209.6 2202.7
internal_count=213131 189268 116056 73212 57731 15320 101182 88549 73705 42411 23863 28434 61565 9669
is_linear=0
shrinkage=0.03


Tree=6
num_leaves=15
num_cat=0
split_feature=126 242 242 248 229 230 230 140 233 230 243 231 248 231
split_gain=2025.54 1013.24 929.919 465.43 472.726 440.99 423.992 298.249 291.6 287.461 213.669 252.332 211.53 201.087
threshold=60.500000000000007 0.024370121769607071 0.030868547968566421 0.55050507187843334 67.500000000000014 3.5000000000000004 14.500000000000002 50.500000000000007 43.500000000000007 36.500000000000007 -0.017475123517215248 91.500000000000014 0.6414141356945039 64.500000000000014
decision_type=8 8 8 2 10 10 10 8 10 10 2 10 2 10
left_child=2 3 7 -2 6 -3 -5 8 12 -4 11 -8 -1 -14
right_child=1 5 9 4 -6 -7 10 -9 -10 -11 -12 -13 13 -15
leaf_value=-0.012711602706802405 -0.00625166650434521 0.021356529071267547 0.0099369823004055863 0.0098027129492886094 0.025298679915659306 0.008647386920066405 0.00091775816275358781 -0.0033707585648195112 -0.0083807447754843476 -0.0030006162981058042 -0.030984350100363656 -0.026888861394709033 -0.031498964997935669 -0.0083840290993653678
leaf_weight=3073.7134630382061 5620.9131752997637 3489.8346345424652 3373.4371785372496 2909.1483486294746 926.8817580640316 8346.3790085762739 1715.4060270488262 5378.3425922840834 8559.1245317608118 2838.9169379919767 289.523128464818 344.2383052110672 1355.2056868970394 462.49543057382107
leaf_count=13234 24539 15658 14857 12875 4137 36864 7473 23343 37079 12383 1259 1501 5844 2005
internal_value=-8.56539e-05 0.00621072 -0.00603039 -9.07532e-06 0.00566493 0.0124095 0.00216264 -0.00934988 -0.0117364 0.00402945 -0.00730007 -0.00383716 -0.0175792 -0.0256957
internal_weight=48683.6 23642.3 25041.2 11806.1 6185.2 11836.2 5258.32 18828.9 13450.5 6212.35 2349.17 2059.64 4891.41 1817.7
internal_count=213051 104306 108745 51784 27245 52522 23108 81505 58162 27240 10233 8974 21083 7849
is_linear=0
shrinkage=0.03


Tree=7
num_leaves=15
num_cat=0
split_feature=245 242 140 119 120 108 245 248 229 224 124 249 248 228
split_gain=2246.1 1257.86 714.11 603.199 505.76 364.646 354.79 350.582 377.29 339.576 334.01 261.077 249.469 243.528
threshold=-0.09922825917601584 0.031638966873288162 56.500000000000007 84.500000000000014 52.500000000000007 10.500000000000002 -0.069990444928407655 0.6111111342906953 3.5000000000000004 44.500000000000007 66.500000000000014 0.14646464586257937 0.85353535413742077 26.500000000000004
decision_type=2 8 10 8 10 8 2 2 8 10 8 2 2 10
left_child=3 2 4 7 5 13 -4 -1 -9 12 -3 -8 -10 -2
right_child=1 10 6 -5 -6 -7 11 8 9 -11 -12 -13 -14 -15
leaf_value=0.021183339686650079 -0.03142567744073943 0.0023472375119377308 0.0098405903576496302 0.023958426044319719 -0.0044651238475502441 -0.010730116400736749 -0.0070502355708323382 0.018752954803364908 -0.0058978013475516509 0.016948600238088137 0.013972832501593674 0.0026181079234077467 -0.034108311857199702 -0.010815899502292401
leaf_weight=1021.6493290662766 1529.0981866568327 5566.2289669215679 2607.9338169544935 3660.0356728881598 10076.249373108149 7089.5663577318192 5392.3274005204439 703.88935227692127 966.23559820652008 399.17978438735008 3700.0358933806419 4693.4434335529804 391.80253085494041 798.33900555968285
leaf_count=4539 6541 24401 11504 16603 43795 30536 23437 3132 4224 1757 16486 20608 1715 3426
internal_value=-5.69184e-05 -0.00273516 -0.00553895 0.0154684 -0.00914338 -0.0141391 -9.08712e-07 0.00650314 0.000348067 -0.00708878 0.00699942 -0.00255291 -0.0142265 -0.0244328
internal_weight=48596 41453.2 32187 7142.79 19493.3 9417 12693.7 3482.76 2461.11 1757.22 9266.26 10085.8 1358.04 2327.44
internal_count=212704 180734 139847 31970 84298 40503 55549 15367 10828 7696 40887 44045 5939 9967
is_linear=0
shrinkage=0.03


Tree=8
num_leaves=15
num_cat=0
split_feature=236 237 8 242 242 230 230 245 242 230 137 245 29 7
split_gain=2154.08 865.983 418.157 382.116 344.65 314.929 328.684 315.353 283.552 233.678 232.404 214.786 214.304 211.002
threshold=-0.10490768030285834 0.037483023479580886 1.5000000000000002 0.025095670484006408 0.031638966873288162 80.500000000000014 10.500000000000002 -0.047008434310555451 0.025192502886056903 75.500000000000014 51.500000000000007 -0.081468682736158357 99.500000000000014 7.5000000000000009
decision_type=2 2 10 8 8 8 10 2 10 10 10 2 8 10
left_child=2 5 -1 9 -4 6 8 -7 13 -3 -8 -12 -5 -2
right_child=1 3 4 12 -6 7 10 -9 -10 -11 11 -13 -14 -15
leaf_value=0.02413815707813018 0.0053705997106393445 -0.0065306508884715349 0.0042079828555812299 0.0054908284680224573 0.016788400409068281 0.0080383632386564104 -0.012395124598389923 -0.0077489919214899644 0.009688479800690139 0.0067855244376407598 0.015077722703286743 -0.0065194713132787421 0.019987013549388491 -0.010862592468108201
leaf_weight=2111.0560834854841 1024.9526996314526 4098.8486277908087 4984.70860914886 6233.1301744133234 3229.96940356493 2442.9488548785448 11301.994765624404 2115.473744392395 1487.3298490345478 1658.1327682435513 452.10010598599911 4045.3606957346201 1069.8447701185942 2377.6394177079201
leaf_count=9642 4485 17835 22017 27486 14506 10688 48559 9173 6554 7303 1998 17576 4798 10308
internal_value=9.55959e-05 -0.00318285 0.0122497 0.00308712 0.00916894 -0.00642607 -0.0079981 0.000710839 -0.00119814 -0.00269019 -0.0101006 -0.00431981 0.00763887 -0.00597131
internal_weight=48633.5 38307.8 10325.7 13060 8214.68 25247.8 20689.4 4558.42 4889.92 5756.98 15799.5 4497.46 7302.97 3402.59
internal_count=212928 166763 46165 57422 36523 109341 89480 19861 21347 25138 68133 19574 32284 14793
is_linear=0
shrinkage=0.03


Tree=9
num_leaves=15
num_cat=0
split_feature=120 242 240 137 242 24 242 63 124 119 241 35 65 114
split_gain=1811.09 825.41 486.17 439.464 313.407 272.056 220.946 190.113 179.679 162.551 161.159 154.372 141.682 136.574
threshold=77.500000000000014 0.031638966873288162 -0.059841411188244813 75.500000000000014 0.031183444894850258 8.5000000000000018 0.019420887343585495 56.500000000000007 65.500000000000014 95.500000000000014 -0.98383429646491993 4.5000000000000009 62.500000000000007 3.5000000000000004
decision_type=8 8 10 10 8 10 10 10 10 10 10 10 10 10
left_child=1 3 13 6 7 -3 11 9 -7 -4 -6 -1 -8 -2
right_child=2 5 4 -5 10 8 12 -9 -10 -11 -12 -13 -14 -15
leaf_value=-0.022625163043523071 0.028332518476214499 0.014991727837079074 -0.0054271299808714623 0.0016548880766790986 0.017436889074970541 -0.0027923622585429254 -0.0087592996396067616 0.0060969913711994318 0.01075376042741062 0.0055138850874465123 0.0061686005719055748 -0.011161035194755937 -0.0017112157203622027 0.013998851074640242
leaf_weight=1279.5324620008469 899.80878001451492 1775.7704520374537 3496.6331961154938 4129.3695403337479 2275.5511465668678 3088.3245232850313 8261.1759925782681 6182.9403429478407 1221.6967348456383 1866.4326187521219 2317.6305277943611 6282.93320761621 3730.3489729315042 1890.2283974140882
leaf_count=5488 4174 7921 15240 18118 10321 13500 35577 27249 5443 8303 10319 26921 16200 8500
internal_value=-8.99842e-05 -0.00470282 0.00716308 -0.00723458 0.00515722 0.00514544 -0.00911173 0.0025159 0.00106336 -0.00161631 0.0117769 -0.013128 -0.00657002 0.0187062
internal_weight=48698.4 29769.2 18929.2 23683.4 16139.2 6085.79 19554 11546 4310.02 5363.07 4593.18 7562.47 11991.5 2790.04
internal_count=213274 129168 84106 102304 71432 26864 84186 50792 18943 23543 20640 32409 51777 12674
is_linear=0
shrinkage=0.03


Tree=10
num_leaves=15
num_cat=0
split_feature=236 252 238 126 120 242 242 245 178 226 233 226 226 222
split_gain=2064.65 797.529 693.922 474.707 391.967 315.372 261.862 212.967 199.001 197.7 191.295 190.303 220.257 184.025
threshold=-0.097240164875984178 0.037483023479580886 -0.21779592335224149 77.500000000000014 73.500000000000014 0.025095670484006408 0.034454328939318664 -0.07161830365657805 1.5000000000000002 64.500000000000014 55.500000000000007 81.500000000000014 12.500000000000002 28.500000000000004
decision_type=2 2 10 8 8 8 8 2 10 10 10 10 8 10
left_child=2 4 -1 6 11 -3 -4 9 -7 10 -6 12 -2 -14
right_child=1 5 3 -5 7 8 -8 -9 -10 -11 -12 -13 13 -15
leaf_value=0.023795903253625746 -0.0013061608847889134 -0.0027703074087699463 -0.0018797180453068824 0.015312490403940065 -0.0080618399343449377 0.018376240792216558 0.012005857902988668 -0.0042993056206023566 0.0046117161858165428 0.027803637767593418 0.011778278783437067 -0.0031069531009716152 -0.016596658816581362 -0.008791050625488581
leaf_weight=2735.5631888359785 1760.1822378337383 5417.8485466241837 4664.514244094491 3672.3110653012991 787.90659885108471 1130.2669571638107 1645.4090413302183 5556.6873619109392 5607.1173110902309 331.84780290722847 958.98709172010422 3338.7315602004528 5537.568617194891 5423.58901925385
leaf_count=12728 7622 23622 20382 16504 3433 5105 7359 24190 24772 1479 4224 14393 23644 23308
internal_value=5.40461e-05 -0.00363018 0.0104344 0.00675256 -0.00683396 0.00261578 0.00175443 -0.00123575 0.00694467 0.00693481 0.00283478 -0.00949309 -0.0111654 -0.012746
internal_weight=48568.5 35850.7 12717.8 9982.23 23695.5 12155.2 6309.92 7635.43 6737.38 2078.74 1746.89 16060.1 12721.3 10961.2
internal_count=212765 155792 56973 44245 102293 53499 27741 33326 29877 9136 7657 68967 54574 46952
is_linear=0
shrinkage=0.03


Tree=11
num_leaves=15
num_cat=0
split_feature=245 242 126 226 248 126 230 230 126 226 245 140 248 225
split_gain=1936.12 1093.66 664.089 555.661 401.688 385.957 343.527 372.221 302.921 277.1 275.283 257.073 290.72 230.295
threshold=-0.09922825917601584 0.031638966873288162 54.500000000000007 6.5000000000000009 0.60101011395454418 77.500000000000014 72.500000000000014 14.500000000000002 53.500000000000007 54.500000000000007 -0.054694369435310357 44.500000000000007 0.71212121844291698 50.500000000000007
decision_type=2 8 10 10 2 10 10 10 8 10 2 10 2 10
left_child=3 2 11 -1 -5 9 7 13 -3 -6 -8 12 -2 -4
right_child=1 8 6 4 5 -7 10 -9 -10 -11 -12 -13 -14 -15
leaf_value=0.025358317840264526 -0.009426321824516401 0.00063880412527688541 0.0077094784635969487 0.022421783525217783 -0.010742647278853015 0.017268322494015959 0.016494196150338758 -0.0077595649987554039 0.011587347230327571 0.015547133025849083 0.00088257747074870386 -0.0041243169143987558 -0.021330814323038603 -0.0061017993912622671
leaf_weight=2659.7532346844673 7953.7574376165867 4122.316828802228 3163.5746998339891 1228.4375797510147 1662.8066630065441 1023.0917611271143 1530.1628818362951 7295.5128167122602 5066.8761752694845 450.67784076929092 2993.6402574777603 5384.9270155280828 2411.3288658112288 1643.3615003377199
leaf_count=12315 33955 18098 13907 5590 7322 4704 6831 31617 22809 1977 13120 23206 10287 7188
internal_value=1.53143e-05 -0.0024475 -0.00503988 0.0145705 0.00795417 0.00223469 -0.000856851 -0.00349306 0.00668181 -0.00508982 0.00618789 -0.00945229 -0.0122137 0.00298491
internal_weight=48590.2 41565.5 32376.3 7024.77 4365.01 3136.58 16626.3 12102.4 9189.19 2113.48 4523.8 15750 10365.1 4806.94
internal_count=212926 181018 140111 31908 19593 14003 72663 52712 40907 9299 19951 67448 44242 21095
is_linear=0
shrinkage=0.03


Tree=12
num_leaves=15
num_cat=0
split_feature=238 140 59 238 242 252 242 10 140 60 238 77 229 229
split_gain=1872.41 715.125 475.148 393.202 297.943 253.906 225.678 196.483 177.361 173.771 165.164 158.241 151.565 132.659
threshold=-0.16628088057041165 55.500000000000007 13.500000000000002 -0.23244462162256238 0.016667409799993042 0.13439410179853442 0.022658303380012516 5.5000000000000009 30.500000000000004 71.500000000000014 -0.097496159374713884 2.5000000000000004 45.500000000000007 2.5000000000000004
decision_type=10 8 10 10 8 2 8 10 10 8 10 10 10 10
left_child=3 2 6 13 12 10 -2 -6 -9 11 -3 -5 -4 -1
right_child=1 5 4 9 7 -7 -8 8 -10 -11 -12 -13 -14 -15
leaf_value=0.029471104656860189 -0.0037096569942084521 0.0047511507814658079 -0.020231316559480256 -0.011827523758538499 0.0015182355502159001 0.012846046621355724 0.0095958684714864302 -0.010716204299245831 -0.0035268667775316363 0.015592577041238323 -0.0016872141422141316 0.0068793010815854927 -0.0057825539864964299 0.015997760431080241
leaf_weight=1244.7497874796391 2408.8951558023691 5864.8235128521919 2411.9839926511049 453.89061464369297 2382.0189099758863 1756.0011948049068 2173.757851138711 7757.8962505012751 5149.41561858356 1974.3389141708612 9195.1723738461733 3347.4757484793663 908.78774718940258 1497.3388433456421
leaf_count=5946 10441 25917 10240 2027 10329 7874 9570 33185 22204 8960 40191 15015 3859 6993
internal_value=9.422e-05 -0.00262555 -0.00603973 0.0128573 -0.00816967 0.00208411 0.0026089 -0.00639291 -0.00785294 0.00839161 0.000821571 0.0046205 -0.0163064 0.0221987
internal_weight=48526.5 40008.8 23192.8 8517.79 18610.1 16816 4582.65 15289.3 12907.3 5775.71 15060 3801.37 3320.77 2742.09
internal_count=212751 173810 99828 38941 79817 73982 20011 65718 55389 26002 66108 17042 14099 12939
is_linear=0
shrinkage=0.03


Tree=13
num_leaves=15
num_cat=0
split_feature=245 242 119 119 230 178 245 104 228 242 229 117 78 139
split_gain=1803.16 948.88 556.29 511.76 408.886 339.881 306.552 294.764 244.649 241.975 227.487 221.495 215.568 205.954
threshold=-0.09922825917601584 0.031638966873288162 57.500000000000007 84.500000000000014 71.500000000000014 1.5000000000000002 -0.055699085816740983 7.5000000000000009 45.500000000000007 0.0244591822847724 36.500000000000007 59.500000000000007 57.500000000000007 35.500000000000007
decision_type=2 8 10 8 8 10 2 8 10 10 8 10 8 10
left_child=3 2 7 -1 9 -3 10 8 -2 13 -6 -7 -9 -4
right_child=1 5 4 -5 6 11 -8 12 -10 -11 -12 -13 -14 -15
leaf_value=0.0058054964480715151 -0.025251404928973705 0.016813067530975945 -0.0034119455614260211 0.022095303315118608 -0.036960712569079748 -0.0023397502392422317 0.00073723466310085214 -0.0042975051610872903 0.0084673481574396529 0.0017749035286632011 0.019643663955252418 0.0082015836793342782 -0.012143758742373908 -0.012988838906854145
leaf_weight=3439.8193221688271 1480.7974060624838 2045.9480599611998 5849.1438218206167 3513.5327985882759 57.74043795466423 3557.0941278338432 2790.7483289837837 7452.4056626111269 217.63795937597752 4531.3381638228893 1499.0453792363405 3602.2281818240881 5473.4262267798185 3086.6513317525387
leaf_count=15318 6268 9326 25333 16516 249 15562 12222 31923 932 19909 6711 16237 23335 13275
internal_value=-7.39916e-05 -0.0024362 -0.00484838 0.0140567 -0.00128745 0.00606023 0.00670201 -0.00918231 -0.0209064 -0.00386971 0.0173217 0.00296819 -0.00762681 -0.00673087
internal_weight=48597.6 41644.2 32438.9 6953.35 17814.7 9205.27 4347.53 14624.3 1698.44 13467.1 1556.79 7159.32 12925.8 8935.8
internal_count=213116 181282 140157 31834 77699 41125 19182 62458 7200 58517 6960 31799 55258 38608
is_linear=0
shrinkage=0.03


Tree=14
num_leaves=15
num_cat=0
split_feature=236 126 242 226 229 34 230 242 126 29 225 226 249 77
split_gain=1652.9 713.298 408.151 393.473 328.403 289.479 254.707 251.461 303.776 204.867 183.936 168.217 156.469 133.537
threshold=-0.10990187153220175 54.500000000000007 0.025095670484006408 3.5000000000000004 67.500000000000014 12.500000000000002 14.500000000000002 0.03468479402363301 74.500000000000014 1.5000000000000002 60.500000000000007 84.500000000000014 0.13636363297700885 4.5000000000000009
decision_type=2 8 8 10 10 10 8 8 10 10 10 10 2 8
left_child=3 5 4 -1 6 11 10 8 -5 -4 -3 -2 -7 -8
right_child=1 2 9 7 -6 12 13 -9 -10 -11 -12 -13 -14 -15
leaf_value=0.022516701849961837 -0.014663264517214752 0.0052684545189261188 0.017043206587456665 -0.0028894943567526294 0.0063227256298453776 -0.0068899785997677231 -0.024245388202441497 0.016812839125192588 0.012678319738876993 0.0043493507366913018 -0.010282841938924127 0.0011883406029238066 -0.00039942055179718444 -0.0076697469818097696
leaf_weight=2248.536320284009 4695.2460780441761 2602.6434359252453 1371.5921263098717 2523.3336834907532 3032.0092873573303 8968.9931163787842 473.36154864728451 1999.0563589930534 2025.870659545064 6741.5071365982294 917.61330290138721 689.35002566874027 5327.3846392929554 4953.9543180465698
leaf_count=10621 19960 11419 6295 11115 13407 38304 2025 9236 9305 29985 3991 2955 23147 21315
internal_value=-5.05612e-05 -0.00265386 0.0013222 0.0117096 -0.00219621 -0.00671171 -0.00508681 0.00797 0.00405583 0.0065137 0.00119711 -0.0126355 -0.00447331 -0.00915738
internal_weight=48570.5 39773.7 20092.7 8796.8 11979.6 19681 8947.57 6548.26 4549.2 8113.1 3520.26 5384.6 14296.4 5427.32
internal_count=213080 172803 88437 40277 52157 84366 38750 29656 20420 36280 15410 22915 61451 23340
is_linear=0
shrinkage=0.03


Tree=15
num_leaves=15
num_cat=0
split_feature=238 242 120 226 137 24 231 226 243 228 226 228 243 231
split_gain=1638.33 705.602 525.865 406.499 349.608 265.691 242.962 467.11 269.85 282.637 216.714 272.293 292.299 394.28
threshold=-0.19491066038608548 0.031638966873288162 73.500000000000014 66.500000000000014 72.500000000000014 97.500000000000014 88.500000000000014 4.5000000000000009 -0.098864674568176256 10.500000000000002 12.500000000000002 25.500000000000004 -0.048500157892704003 92.500000000000014
decision_type=10 8 10 8 10 8 10 10 2 10 8 10 2 8
left_child=-1 2 4 6 10 -3 7 -4 -8 -10 -2 12 13 -12
right_child=1 5 3 -5 -6 -7 8 -9 9 -11 11 -13 -14 -15
leaf_value=0.016141313933018632 0.000120343310334436 0.0029486893701955396 0.016041941994170306 0.01122053983110426 0.0010891046123442424 0.015625200097622662 0.026679455194770465 -0.0028448649723371734 -0.020059548872049835 0.00065745910825672216 8.6384607055000687e-05 -0.0060106340657500625 -0.017916787824794188 -0.039561571120337875
leaf_weight=5061.074195548892 2299.4001295417547 7129.2243609726429 1478.6819678544998 2761.309951916337 4267.5967787355185 1873.0079129785299 164.09965713322163 5647.7835571467876 1517.3801414966583 967.46977314352989 1886.2430672645569 8230.555261939764 5076.509303689003 246.41982890665531
leaf_count=23840 9914 31642 6512 12290 18695 8630 758 24533 6726 4237 8033 35031 21452 1054
internal_value=3.0659e-06 -0.00187587 -0.00382533 0.00107839 -0.00661809 0.00560058 -0.00179505 0.00109098 -0.00953423 -0.0120231 -0.00847183 -0.00975069 -0.0140064 -0.00465802
internal_weight=48606.8 43545.7 34543.4 12536.7 22006.7 9002.23 9775.42 7126.47 2648.95 2484.85 17739.1 15439.7 7209.17 2132.66
internal_count=213347 189507 149235 55056 94179 40272 42766 31045 11721 10963 75484 65570 30539 9087
is_linear=0
shrinkage=0.03


Tree=16
num_leaves=15
num_cat=0
split_feature=245 242 224 140 106 245 248 231 178 119 117 228 226 245
split_gain=1593.2 837.692 484.491 452.806 378.41 325.861 324.4 379.314 312.85 266.02 229.773 226.658 273.089 202.797
threshold=-0.09922825917601584 0.030124226585030559 3.5000000000000004 45.500000000000007 33.500000000000007 -0.069990444928407655 0.6111111342906953 22.500000000000004 1.5000000000000002 79.500000000000014 59.500000000000007 4.5000000000000009 15.500000000000002 -0.10331549495458602
decision_type=2 8 10 10 10 2 2 10 10 10 10 10 10 2
left_child=2 3 -1 4 -2 -5 -4 13 -3 -9 -10 12 -11 -8
right_child=1 8 6 5 -6 -7 7 9 10 11 -12 -13 -14 -15
leaf_value=0.024895069522034134 -0.010980228715362221 0.015074074195841891 0.019959038911635672 0.0076819751846321574 -0.0007596529609833441 -0.0032561918097686279 -0.041622414290950038 -0.002428515838504969 -0.0025813503184393466 0.018159255474912869 0.0072663677041491306 0.022892738199526502 -0.029242564937661565 0.017212038000889714
leaf_weight=2189.8481743484735 11923.702147990465 2181.0895195752382 1389.9570323675871 3105.924467921257 4487.9449524879456 11482.589378103614 232.99117620289326 1617.7962232679129 4244.5175362825394 234.18091326951981 4267.4552419930696 1014.1908794343472 188.29005606472492 61.281731098890305
leaf_count=10508 50653 10060 6484 13716 19296 49863 1026 7089 18532 1099 19315 4732 854 267
internal_value=-5.88142e-05 -0.00227343 0.013252 -0.00477061 -0.00818746 -0.000923767 0.00783034 0.00275165 0.0049638 0.0059159 0.00235851 0.0152642 -0.00315482 -0.0292073
internal_weight=48621.8 41693.2 6928.54 31000.2 16411.6 14588.5 4738.69 3348.73 10693.1 3054.46 8511.97 1436.66 422.471 294.273
internal_count=213494 181435 32059 133528 69949 63579 21551 15067 47907 13774 37847 6685 1953 1293
is_linear=0
shrinkage=0.03


Tree=17
num_leaves=15
num_cat=0
split_feature=245 126 226 230 248 226 230 248 245 245 126 120 226 47
split_gain=1601.11 743.964 469.384 381.891 371.041 349.727 304.031 294.961 292.029 256.559 250.991 215.273 335.084 238.237
threshold=-0.09922825917601584 55.500000000000007 6.5000000000000009 72.500000000000014 0.60101011395454418 54.500000000000007 14.500000000000002 0.71212121844291698 -0.073904946446418748 -0.047008434310555451 58.500000000000007 19.500000000000004 57.500000000000007 17.500000000000004
decision_type=2 8 10 8 2 10 10 2 2 2 10 10 8 10
left_child=2 7 -1 6 -4 10 -3 8 -2 -5 -6 -9 13 -13
right_child=1 3 4 9 5 -7 -8 11 -10 -11 -12 12 -14 -15
leaf_value=0.023501758350668416 0.0056957883031528503 0.0043453910681179519 0.021480632578769462 0.014045954223255025 -0.013400638289911266 0.020807763345353149 -0.0043932373011171776 -0.031612397454311832 -0.0062180942200139805 0.001953903650274012 0.0057835456085994549 -0.0019223552450476533 0.0093977004181965123 -0.022127206917331624
leaf_weight=2560.5165867656469 2111.5735663473606 5879.59982457757 1184.4417808949947 3055.4104807823896 1177.1862831860781 671.47148151695728 9140.9684684574604 535.70122620463371 14641.746368974447 3264.8765091300011 1262.1942267715931 763.17620499432087 577.25875380635262 1689.0181037038565
leaf_count=12330 9150 26084 5541 13881 5125 3031 39833 2238 62617 14526 5861 3270 2464 7165
internal_value=-6.78305e-05 -0.00227959 0.0133557 0.00163205 0.00726687 0.00180356 -0.000972003 -0.00638684 -0.00471398 0.00781251 -0.00349119 -0.0142128 -0.0110421 -0.0158724
internal_weight=48515.1 41659.3 6855.81 21340.9 4295.29 3110.85 15020.6 20318.5 16753.3 6320.29 2439.38 3565.15 3029.45 2452.19
internal_count=213116 181228 31888 94324 19558 14017 65917 86904 71767 28407 10986 15137 12899 10435
is_linear=0
shrinkage=0.03


Tree=18
num_leaves=15
num_cat=0
split_feature=238 140 238 245 226 106 237 226 242 245 246 226 226 245
split_gain=1483.55 590.477 465.945 397.747 372.01 351.784 294.555 242.855 221.791 182.428 146.128 145.477 144.404 138.626
threshold=-0.14806263148784635 46.500000000000007 -0.23244462162256238 -0.069990444928407655 8.5000000000000018 17.500000000000004 0.03708321042358876 2.5000000000000004 0.032271940261125572 -0.076229613274335847 0.043441720306873328 67.500000000000014 1.0000000180025095e-35 -0.099846858531236635
decision_type=10 8 10 2 10 10 2 10 8 2 2 10 8 2
left_child=2 4 -1 -3 13 -6 12 -4 11 -7 -11 -9 -5 -2
right_child=1 3 7 6 5 9 -8 8 -10 10 -12 -13 -14 -15
leaf_value=0.020399818643064484 0.016687018556090217 0.0089960809124530385 0.015704848417165854 -0.035656421880057375 -0.01420820410947971 0.005332536397598486 0.0034106368581795082 -0.0025127177867555394 0.011192856254527542 -0.0087517607686566443 0.0018464750310464065 0.011112754381264797 -0.0048113430768132529 -0.00040144329075330243
leaf_weight=2641.6246377080679 483.36386613547802 4202.0393354147673 1859.1107783168554 129.37056429684162 6237.6109174489975 1325.6222802549601 6117.9741475880146 3985.1150753498077 2300.5027281790972 6057.6746243834496 1446.9869619160891 846.4164827466011 7718.5892467051744 3185.0576682835817
leaf_count=12945 2207 18830 8668 564 26279 5740 27120 17584 10564 25676 6265 3756 33330 13795
internal_value=6.52445e-06 -0.00293842 0.00934369 0.000915272 -0.00667371 -0.00875836 -0.00152076 0.00607631 0.00354796 -0.00489693 -0.00670856 -0.000107704 -0.00536454 0.00188943
internal_weight=48537.1 36904.3 11632.8 18168 18736.3 15067.9 13965.9 8991.15 7132.03 8830.28 7504.66 4831.53 7847.96 3668.42
internal_count=213323 159806 53517 79844 79962 63960 61014 40572 31904 37681 31941 21340 33894 16002
is_linear=0
shrinkage=0.03


Tree=19
num_leaves=15
num_cat=0
split_feature=119 24 226 239 226 230 248 136 231 222 144 215 231 231
split_gain=1159.41 471.91 460.122 382.239 333.046 429.129 357.07 268.239 259.183 249.124 198.294 186.382 228.353 213.557
threshold=77.500000000000014 95.500000000000014 12.500000000000002 -0.048536105081439011 67.500000000000014 14.500000000000002 0.49999998509883886 1.5000000000000002 91.500000000000014 28.500000000000004 2.5000000000000004 40.500000000000007 92.500000000000014 77.500000000000014
decision_type=8 8 10 10 8 10 2 10 10 10 10 10 10 10
left_child=1 2 -1 -2 5 7 -6 -5 -7 11 -9 12 13 -4
right_child=3 -3 9 4 6 8 -8 10 -10 -11 -12 -13 -14 -15
leaf_value=0.0042018916536921136 0.017990505287145599 0.0081195960727438732 -0.0085540760885652843 0.016177165549211045 0.0047419712326817005 -0.0018036303728865377 0.022622320176278254 -0.035054492155224951 -0.021652109427426087 -0.0034450482379677115 0.0040870880101152463 -0.018284508606406635 -0.02965949380270709 0.0066548257768987047
leaf_weight=4162.9758592545986 2044.0567177981138 2731.542505338788 8160.1781966984272 2007.5414619594812 2664.627021074295 5295.9564501643181 1611.0490218549967 109.54032157361507 656.99350284039974 11111.81918169558 4648.2523707151413 1916.2664252966642 410.50771310925484 917.62651215493679
leaf_count=18181 9699 12349 34851 9499 11994 23247 7438 484 2872 47695 21016 8040 1756 3926
internal_value=-3.00524e-06 -0.00373641 -0.00495286 0.00576349 0.00428309 0.00184428 0.0115162 0.00700871 -0.00402683 -0.00664657 0.00311428 -0.00976015 -0.00802113 -0.00701106
internal_weight=48448.9 29410.9 26679.4 19038 16994 12718.3 4275.68 6765.33 5952.95 22516.4 4757.79 11404.6 9488.31 9077.8
internal_count=213047 126798 114449 86249 76550 57118 19432 30999 26119 96268 21500 48573 40533 38777
is_linear=0
shrinkage=0.03


Tree=20
num_leaves=15
num_cat=0
split_feature=238 137 238 245 98 226 140 226 249 231 245 230 224 243
split_gain=1387.69 597.463 410.856 373.93 301.825 275.804 251.233 236.131 234.991 213.035 273.475 223.026 187.749 195.38
threshold=-0.14806263148784635 65.500000000000014 -0.25169490277767176 -0.069990444928407655 42.500000000000007 8.5000000000000018 30.500000000000004 2.5000000000000004 0.2575757503509522 77.500000000000014 -0.099846858531236635 1.0000000180025095e-35 32.500000000000007 -0.038286296650767319
decision_type=10 8 10 2 10 8 10 10 2 10 2 10 10 2
left_child=2 4 -1 -3 5 9 -7 -4 -5 12 -11 -12 -2 -14
right_child=1 3 7 8 -6 6 -8 -9 -10 10 11 -13 13 -15
leaf_value=0.02170299381809114 0.01172122458020197 0.012902304484432622 0.015572886753391102 -0.0039631349837762897 0.00089723236065661967 -0.012112977124356232 -0.0047135355219048523 0.004081590180880351 0.0056692111710255882 0.018424466642989166 -0.039275292328990859 -0.0056468074661392047 0.021215422716009763 -0.020898529630941531
leaf_weight=1917.2548265010118 1552.6669586598873 2516.5193037092686 2034.6394814550877 5657.2287321090698 5233.4597804993391 8993.8364049196243 7666.1519777476788 7621.3607410937548 3803.1600687801838 218.86192598938942 288.03620606660843 448.92083148658276 127.18558290600777 354.21282666921616
leaf_count=9568 6747 11510 9633 24680 22664 37863 32750 34318 17000 1010 1238 1954 569 1526
internal_value=-8.95152e-06 -0.0028546 0.00904894 0.00264919 -0.0055037 -0.00720808 -0.00871297 0.00651656 -8.89491e-05 0.0011784 -0.010437 -0.0191402 0.0066609 -0.0095667
internal_weight=48433.5 36860.2 11573.3 11976.9 24883.3 19649.9 16660 9656 9460.39 2989.88 955.819 736.957 2034.07 481.398
internal_count=213030 159511 53519 53190 106321 83657 70613 43951 41680 13044 4202 3192 8842 2095
is_linear=0
shrinkage=0.03


Tree=21
num_leaves=15
num_cat=0
split_feature=236 126 126 252 25 24 248 248 247 209 190 232 239 63
split_gain=1279.11 520.063 402.449 267.66 237.819 146.91 141.689 137.466 130.477 126.506 125.516 121.041 120.776 108.62
threshold=-0.10244582593441008 55.500000000000007 74.500000000000014 0.061447495594620712 8.5000000000000018 23.500000000000004 0.83333334326744091 0.60101011395454418 -0.045294357463717454 63.500000000000007 88.500000000000014 87.500000000000014 -0.021076053380966183 77.500000000000014
decision_type=2 8 8 2 10 10 2 2 2 10 8 10 10 8
left_child=2 4 7 12 -2 9 -4 8 -1 -6 -7 -9 -3 -14
right_child=1 3 6 -5 5 10 -8 11 -10 -11 -12 -13 13 -15
leaf_value=0.0025735282583240382 -0.013580400596347887 0.0034995707957714644 0.012926239050188804 0.0070880393467206201 0.00083833257420885105 -0.0074922280517644296 0.026189194913666936 -0.0028970056074902402 0.016886485076751917 -0.014730194004054065 0.0063107032098451699 0.01086082245133212 -0.0050542342519574466 0.0015711620749348522
leaf_weight=1209.7673716396093 3190.702536508441 3629.986187338829 4018.8398965001106 4723.8657850623131 4974.560658633709 9994.9855586141348 894.05159196257591 2770.8940452039242 1086.7636374533176 508.6330149769783 622.92018909752369 715.7389742732048 6760.5966735929251 3312.8085771501064
leaf_count=5418 13422 15989 19160 21382 21425 42443 4390 12312 5088 2150 2666 3254 29386 14566
internal_value=-6.9403e-05 -0.00266639 0.00908267 0.000937922 -0.00610788 -0.00461957 0.0153881 0.00370876 0.00939055 -0.000630024 -0.00667728 -4.98032e-05 -0.00118578 -0.00287596
internal_weight=48415.1 37719.1 10696.1 18427.3 19291.8 16101.1 4912.89 5783.16 2296.53 5483.19 10617.9 3486.63 13703.4 10073.4
internal_count=213051 163429 49622 81323 82106 68684 23550 26072 10506 23575 45109 15566 59941 43952
is_linear=0
shrinkage=0.03


Tree=22
num_leaves=15
num_cat=0
split_feature=236 242 230 230 226 66 242 106 118 226 243 226 249 140
split_gain=1179.22 559.902 418.535 389.566 295.218 276.738 239.296 212.938 200.341 183.385 210.627 175.542 157.609 149.157
threshold=-0.11301660910248755 0.025095670484006408 80.500000000000014 5.5000000000000009 3.5000000000000004 38.500000000000007 0.034454328939318664 33.500000000000007 88.500000000000014 12.500000000000002 -0.087225511670112596 66.500000000000014 0.91414141654968273 31.500000000000004
decision_type=2 8 10 10 10 10 8 10 10 8 2 10 2 10
left_child=4 2 7 -3 -1 -5 8 9 12 -2 -11 -4 -6 -12
right_child=1 3 11 5 6 -7 -8 -9 -10 10 13 -13 -14 -15
leaf_value=0.020663653598937941 -0.0025098994027965118 0.011261047752894467 -0.019318470757105029 -0.0049676059857683644 -0.0020341500153557446 0.0037259054987757011 0.016213852292869643 -0.001457974274090335 0.0097001448227608967 -0.049933768529773735 -0.013670625888076701 0.0045619423673524699 -0.04649133006584346 -0.0066828473365755205
leaf_weight=1981.6116927415133 3271.8157338052988 3369.3672915250063 285.88974556326866 5928.6951125115156 1889.4945578128099 7394.2999743074179 1825.8901830911636 4779.2497097253799 2025.2225753813982 111.81207701563835 5476.6091881096363 4379.0471474528313 64.66326829791069 5585.6215537935495
leaf_count=9888 14206 15514 1228 25588 8324 32731 8712 20603 9531 470 22839 19191 287 23816
internal_value=1.52503e-06 -0.00205097 -0.00499563 0.00216388 0.0106873 -0.000143507 0.00725224 -0.00695095 0.00310998 -0.00876597 -0.0105939 0.00306024 -0.00373445 -0.0101515
internal_weight=48369.3 40582.4 23890 16692.4 7786.88 13323 5805.27 19225.1 3979.38 14445.9 11174 4664.94 1954.16 11062.2
internal_count=212928 176186 102353 73833 36742 58319 26854 81934 18142 61331 47125 20419 8611 46655
is_linear=0
shrinkage=0.03


Tree=23
num_leaves=15
num_cat=0
split_feature=238 242 119 226 245 245 24 226 226 243 55 242 63 245
split_gain=1286.91 587.808 439.156 352.458 519.178 310.391 229.924 223.498 202.594 189.337 189.139 187.781 205.468 182.451
threshold=-0.20395676791667935 0.031638966873288162 58.500000000000007 66.500000000000014 -0.055699085816740983 -0.09922825917601584 97.500000000000014 92.500000000000014 6.5000000000000009 -0.08204894512891768 6.5000000000000009 0.019811893813312057 57.500000000000007 -0.075677461922168718
decision_type=10 8 10 10 2 2 8 10 8 2 10 10 8 2
left_child=-1 2 7 5 -5 8 -3 10 -4 -10 -2 -7 -13 -12
right_child=1 6 3 4 -6 11 -8 -9 9 -11 13 12 -14 -15
leaf_value=0.015946707157192597 -0.015905464623107088 0.0028018272313607407 0.01872910892812505 0.01813471261336741 -0.0016451285027919583 -0.00922552064901269 0.014515720494497238 0.0037963501040041308 -0.025263225919760803 0.005446088334460337 0.001026333297131609 -0.0062755560229733973 0.0037359228143742916 -0.0083378723487776366
leaf_weight=4139.5835095793009 2329.5362448692322 7265.5714460164309 895.13309845328331 2064.9298095107079 2810.456141024828 4592.3442561030388 1895.5891499966383 1575.013655602932 209.80558253824711 1005.400307238102 2302.9828066527843 3857.2407908886671 3519.0262474417686 9963.1221267431974
leaf_count=20399 9790 32477 4279 9380 12315 19609 8977 6756 944 4499 9790 16652 15394 42042
internal_value=-2.85571e-05 -0.00152508 -0.0032902 -0.000191222 0.00675243 -0.00259882 0.0052388 -0.00692029 0.00798424 -1.88036e-05 -0.00807853 -0.00446996 -0.00150075 -0.00658032
internal_weight=48425.7 44286.2 35125 18954.3 4875.39 14079 9161.16 16170.7 2110.34 1215.21 14595.6 11968.6 7376.27 12266.1
internal_count=213303 192904 151450 83072 21695 61377 41454 68378 9722 5443 61622 51655 32046 51832
is_linear=0
shrinkage=0.03


Tree=24
num_leaves=15
num_cat=0
split_feature=245 242 230 119 126 245 119 231 106 96 249 226 231 231
split_gain=1185.87 658.682 403.777 351.221 294.26 287.591 257.048 359.091 282.229 236.508 225.782 216.982 247.127 194.322
threshold=-0.09922825917601584 0.027585318312048916 80.500000000000014 84.500000000000014 39.500000000000007 -0.047008434310555451 48.500000000000007 91.500000000000014 11.500000000000002 22.500000000000004 0.91414141654968273 4.5000000000000009 88.500000000000014 75.500000000000014
decision_type=2 8 10 8 8 2 10 10 10 10 2 8 10 10
left_child=3 2 6 10 -3 -4 8 11 -2 -9 -1 12 -8 -13
right_child=1 4 5 -5 -6 -7 7 9 -10 -11 -12 13 -14 -15
leaf_value=0.006300323325634502 -0.019368477478579928 -0.0024529677618015202 0.0096825218802332226 0.018615088477330656 0.0066442318126984775 -0.00399736876207388 0.012045062664252832 -0.026508629635610487 -0.0070066406452681121 -0.0068451314978427713 -0.037440348281755541 -0.0054430474005635636 -0.033277646891856971 0.0047844116777012143
leaf_weight=3305.9228101223707 2333.9434846639633 4923.4931773245335 2711.7050596624613 3337.6528323888779 9109.2741023004055 2803.810860067606 1439.3433612883091 907.3453640639782 5792.0380541682243 1401.7785763591528 99.857504993677139 8055.111071780324 107.44593118131161 2100.9221165627241
leaf_count=14967 9683 21373 12068 16741 41507 12133 6288 3916 24289 6140 446 34407 465 9059
internal_value=4.9674e-05 -0.00183923 -0.00452503 0.0117118 0.00345294 0.0027337 -0.00633391 -0.00386762 -0.0105766 -0.0146527 0.00491199 -0.00172889 0.00870324 -0.00332472
internal_weight=48429.6 41686.2 27653.4 6743.43 14032.8 5515.52 22137.9 14011.9 8125.98 2309.12 3405.78 11702.8 1546.79 10156
internal_count=213482 181328 118448 32154 62880 24201 94247 60275 33972 10056 15413 50219 6753 43466
is_linear=0
shrinkage=0.03


Tree=25
num_leaves=15
num_cat=0
split_feature=238 24 238 249 226 147 242 229 248 60 242 248 242 226
split_gain=1096.44 463.744 365.095 313.513 243.354 211.466 209.026 236.107 187.94 177.778 143.162 133.208 122.29 118.107
threshold=-0.14547630399465558 81.500000000000014 -0.22459051012992856 0.14646464586257937 12.500000000000002 17.500000000000004 0.019262029789388183 59.500000000000007 0.33838383853435522 71.500000000000014 0.036623461171984679 0.2575757503509522 0.027810429222881797 70.500000000000014
decision_type=10 8 10 2 10 10 10 10 2 8 8 2 10 10
left_child=2 4 -1 -3 5 -2 7 -6 -5 10 13 -9 -7 -4
right_child=1 3 9 8 6 12 -8 11 -10 -11 -12 -13 -14 -15
leaf_value=0.017289261404410016 0.012142067381132781 -0.0028238724826227888 -0.0024233368240495243 0.003347992680352606 -0.013721010636367142 -0.0050106770852865199 -0.0040208977689420574 -0.012882856788446306 0.015047298199124967 0.01097785376439315 0.010697225384432426 0.0049733871193649772 0.0054681607064446126 0.010623984132452025
leaf_weight=2843.1629303991795 1170.7457669973373 4234.7195274084806 4029.7694029808044 2983.3469860553741 5005.8455861657858 3480.6525576412678 14260.275964856148 544.77222745120525 2108.9910759329796 2969.5600590407848 1328.6032704263926 1157.0410628169775 1396.7875172048807 728.58975097537041
leaf_count=14443 5152 18481 17937 13344 20839 15057 60975 2295 9736 13788 6213 4956 6270 3252
internal_value=2.75402e-05 -0.00256059 0.00792755 0.00320446 -0.00455137 0.000749185 -0.00607995 -0.0104449 0.00821325 0.00497275 0.00202993 -0.000784492 -0.00200473 -0.000407469
internal_weight=48242.9 36343.2 11899.7 9327.06 27016.1 6048.19 20967.9 6707.66 5092.34 9056.52 6086.96 1701.81 4877.44 4758.36
internal_count=212738 157105 55633 41561 115544 26479 89065 28090 23080 41190 27402 7251 21327 21189
is_linear=0
shrinkage=0.03


Tree=26
num_leaves=15
num_cat=0
split_feature=236 106 60 178 137 136 4 231 229 248 243 248 244 231
split_gain=1063.81 419.758 322.253 193.464 192.558 172.953 149.341 143.619 148.079 200.435 147.512 147.415 131.214 167.135
threshold=-0.097240164875984178 33.500000000000007 67.500000000000014 1.5000000000000002 58.500000000000007 2.5000000000000004 6.5000000000000009 60.500000000000007 59.500000000000007 0.59090909361839306 -0.034367369487881654 0.74242421984672557 0.0019773815292865042 92.500000000000014
decision_type=2 8 8 10 10 8 10 10 10 2 2 2 2 10
left_child=2 4 5 -3 12 -1 -7 -6 10 -10 -9 -12 -2 -14
right_child=1 3 -4 -5 7 6 -8 8 9 -11 11 -13 13 -15
leaf_value=0.013504361792777567 -0.018845820572060478 0.01045806330636268 0.013893599339610313 0.00019281650491378313 -0.0047311131137923734 -0.0039761720664454733 0.0055074700647212609 0.0057325906527711966 0.0031829458345463747 0.025669801813483217 -0.007270893925617348 -0.045860618040198274 -0.005399685230278682 -0.018043189213608115
leaf_weight=1359.1745933294296 780.24604207277298 1925.2197496592999 4640.3672164827585 11307.366108953953 4165.7436116784811 2479.292554795742 3731.2461165338755 791.75590971112251 1260.8463587164879 489.46998552978039 630.24724407494068 94.980041474103928 13723.591113597155 1003.016990840435
leaf_count=6740 3264 8825 22245 49405 18125 11167 16885 3500 5578 2291 2749 412 57962 4303
internal_value=2.34935e-05 -0.00256119 0.00767647 0.00169309 -0.00501488 0.00385196 0.00172122 -0.001043 0.00365937 0.00958142 -0.00319157 -0.0128799 -0.00691686 -0.00627248
internal_weight=48382.6 36172.5 12210.1 13232.6 22939.9 7569.71 6210.54 7433.04 3267.3 1750.32 1516.98 725.227 15506.9 14726.6
internal_count=213451 156414 57037 58230 98184 34792 28052 32655 14530 7869 6661 3161 65529 62265
is_linear=0
shrinkage=0.03


Tree=27
num_leaves=15
num_cat=0
split_feature=238 126 120 35 236 232 238 98 252 231 120 136 192 63
split_gain=1096.55 531.898 327.044 256.414 236.073 177.607 154.748 139.352 133.267 129.242 128.767 120.546 143.59 104.53
threshold=-0.20395676791667935 76.500000000000014 61.500000000000007 6.5000000000000009 -0.094693727791309343 78.500000000000014 -0.13584809750318524 44.500000000000007 0.078832529485225691 91.500000000000014 98.500000000000014 1.5000000000000002 1.0000000180025095e-35 58.500000000000007
decision_type=10 8 10 10 2 10 10 10 2 10 10 10 8 8
left_child=11 2 3 -2 -3 9 -5 -8 -6 10 13 -1 -13 -4
right_child=1 4 5 6 8 -7 7 -9 -10 -11 -12 12 -14 -15
leaf_value=0.020642572372063246 -0.015922955724660296 0.010310097860801776 -0.0044708576094146428 0.0028418263913905289 -0.00062127470367412342 0.005857756169515109 -0.00733325461343358 2.17943439814396e-05 0.0080486827529069795 -0.011231075092680884 0.011432396760303271 -0.0087056681839243252 0.013179667930733533 0.0031323032908358831
leaf_weight=1819.7697971612215 2074.6023389846087 3566.6624931842089 4667.7054295241833 2103.244914367795 7377.0086630284786 3614.69146707654 11538.813788488507 2900.5984924733639 2025.5915143340826 1176.3303102850914 715.95493844151497 305.91445760428905 1944.9112094938755 2487.0073411464691
leaf_count=9473 8688 16786 20107 9192 32461 15911 48663 12523 9261 5182 3162 1509 9506 10866
internal_value=1.56824e-05 -0.00135631 -0.00347402 -0.00600274 0.00374984 0.000245921 -0.00474978 -0.00585678 0.00125305 -0.00200026 -0.000608142 0.0148964 0.0101798 -0.00182728
internal_weight=48318.8 44248.2 31278.9 18617.3 12969.3 12661.7 16542.7 14439.4 9402.6 9047 7870.67 4070.6 2250.83 7154.71
internal_count=213290 192802 134294 79066 58508 55228 70378 61186 41722 39317 34135 20488 11015 30973
is_linear=0
shrinkage=0.03


Tree=28
num_leaves=15
num_cat=0
split_feature=245 242 66 229 248 238 148 232 146 248 229 24 118 148
split_gain=1042.14 532.007 370.985 362.173 316.271 216.124 218.719 207.108 167.713 207.564 217.389 160.198 155.695 147.312
threshold=-0.1104091852903366 0.025095670484006408 40.500000000000007 67.500000000000014 0.43939393758773809 -0.25169490277767176 12.500000000000002 86.500000000000014 54.500000000000007 0.85353535413742077 4.5000000000000009 1.5000000000000002 80.500000000000014 12.500000000000002
decision_type=2 8 8 10 2 10 8 10 8 2 10 10 10 10
left_child=5 3 -3 7 -5 -1 -7 -2 9 -8 -11 -4 -6 -13
right_child=1 2 11 4 12 6 8 -9 -10 10 -12 13 -14 -15
leaf_value=0.026571897473899358 -0.0077092636088461385 -0.0025959455202716236 0.013262107366164148 -0.0031598796361638729 0.0038179498087148826 -0.0019946885604441192 0.012691392369091168 0.000649739738952566 0.019427031010752445 0.015674961644114034 -0.043388696354754251 -0.0060053540444804437 0.020302645658347988 0.0055726481949790281
leaf_weight=919.55217286944389 15907.441673398018 8005.7583051621914 2127.5506166368723 3435.7095052748919 1092.5296472012997 958.32978692650795 544.08862824738026 3202.9761127978563 1905.8397120088339 84.101980999112129 136.6226107776165 1124.2517316937447 976.42913903295994 7792.5775962024927
leaf_count=5053 67451 34959 10226 14807 4702 4541 2545 13673 9304 378 581 5054 4598 35049
internal_value=-1.93536e-05 -0.00144398 0.00231947 -0.00435636 0.00242054 0.01363 0.0102867 -0.00630866 0.0146847 0.00276897 -0.0211799 0.00588164 0.011658 0.00410778
internal_weight=48213.8 43665.2 19050.1 24615.1 5504.67 4548.53 3628.98 19110.4 2670.65 764.813 220.725 11044.4 2068.96 8916.83
internal_count=212921 190519 85288 105231 24107 22402 17349 81124 12808 3504 959 50329 9300 40103
is_linear=0
shrinkage=0.03


Tree=29
num_leaves=15
num_cat=0
split_feature=238 242 237 226 118 233 231 226 231 226 96 84 81 226
split_gain=935.283 452.519 321.953 268.998 257.168 232.432 204.095 229.017 270.901 468.09 197.932 192.764 168.367 155.664
threshold=-0.20395676791667935 0.024370121769607071 0.035553844645619399 81.500000000000014 61.500000000000007 14.500000000000002 92.500000000000014 12.500000000000002 69.500000000000014 44.500000000000007 24.500000000000004 5.5000000000000009 40.500000000000007 1.5000000000000002
decision_type=10 8 2 10 10 10 10 10 10 10 10 10 10 10
left_child=13 3 4 5 -3 -2 7 12 -9 -10 11 -8 -7 -1
right_child=1 2 -4 -5 -6 6 10 8 9 -11 -12 -13 -14 -15
leaf_value=0.023474011173306466 -0.011950787106715977 -0.0048090958863854184 0.0061935283953401315 0.0024215308581812104 0.0048869563439359756 0.0075644701451445901 -0.0028534761506957239 -0.0075519042251967188 -0.0095347418822972832 0.015930356873946762 -0.0038181071388105775 -0.032006585222218227 -0.010863107103578769 0.010168675685370311
leaf_weight=1093.982822611928 4061.3147819191217 7058.6100664138794 9212.5316962450743 4695.8669762164354 3768.0897124260664 2646.2102958858013 301.27965857088566 7690.1094030588865 1245.0715060383081 1337.6588606983423 1049.0792181491852 636.9892060905695 527.18690240383148 2924.1162723749876
leaf_count=5836 17254 30395 41873 20585 16895 11525 1363 32213 5265 5725 4637 2731 2258 14617
internal_value=1.02808e-06 -0.00125907 0.00207438 -0.00402017 -0.00143312 -0.00557227 -0.00388712 -0.00255579 -0.00473105 0.00366483 -0.0128369 -0.0227743 0.00447864 0.0138405
internal_weight=48248.1 44230 20039.2 24190.8 10826.7 19494.9 15433.6 13446.2 10272.8 2582.73 1987.35 938.269 3173.4 4018.1
internal_count=213172 192719 89163 103556 47290 82971 65717 56986 43203 10990 8731 4094 13783 20453
is_linear=0
shrinkage=0.03


Tree=30
num_leaves=15
num_cat=0
split_feature=126 242 242 76 229 248 248 140 233 248 248 17 229 24
split_gain=807.83 464.778 339.595 276.528 231.173 288.686 285.483 147.262 213.051 186.324 143.597 142.967 139.802 148.189
threshold=59.500000000000007 0.024370121769607071 0.031183444894850258 86.500000000000014 67.500000000000014 0.43939393758773809 0.81313130259513866 51.500000000000007 37.500000000000007 0.71212121844291698 0.28787878155708319 23.500000000000004 68.500000000000014 66.500000000000014
decision_type=8 8 8 8 10 2 2 8 10 2 2 10 8 8
left_child=2 4 7 11 6 -6 -2 8 9 -1 -9 -3 -4 -14
right_child=1 3 12 -5 5 -7 -8 10 -10 -11 -12 -13 13 -15
leaf_value=-0.009241116171095758 -0.0048001130446562812 0.009145275851329477 0.0049216648051232598 0.015130700706202892 -0.00076572028417567735 0.018561671804834451 0.010117641561289975 -0.0084887435151051339 -0.0049091859180323046 -0.023542977841710784 0.0020417516335681542 0.00097433582251249616 -0.014701924923049411 0.0066302635376555156
leaf_weight=3223.569786965847 7723.7594712227583 3831.730022162199 4543.4235331714153 3587.073538094759 1687.9621608704329 1172.1071195453405 1347.5783412754536 1744.4280675500631 9585.921849027276 1102.9874748140574 3463.3417277932167 3872.6301957815886 748.42701125144958 470.10874553024769
leaf_count=13426 33541 18156 20485 17467 7403 5545 6299 7414 40392 4616 14840 17677 3255 2131
internal_value=-0.000123738 0.00389953 -0.00387876 0.00825939 -0.000229932 0.00719206 -0.00257533 -0.00580203 -0.00741197 -0.012933 -0.00149512 0.0050447 0.00250233 -0.00648503
internal_weight=48105 23222.8 24882.2 11291.4 11931.4 2860.07 9071.34 19120.2 13912.5 4326.56 5207.77 7704.36 5761.96 1218.54
internal_count=212647 106088 106559 53300 52788 12948 39840 80688 58434 18042 22254 35833 25871 5386
is_linear=0
shrinkage=0.03


Tree=31
num_leaves=15
num_cat=0
split_feature=245 242 66 229 226 248 226 248 245 231 252 224 248 10
split_gain=995.154 447.263 464.038 290.556 243.032 355.799 372.68 241.041 205.604 188.621 184.803 180.479 199.049 195.971
threshold=-0.1104091852903366 0.019811893813312057 55.500000000000007 68.500000000000014 6.5000000000000009 0.60101011395454418 54.500000000000007 0.43939393758773809 -0.07161830365657805 61.500000000000007 0.029401023872196678 3.5000000000000004 0.83333334326744091 43.500000000000007
decision_type=2 8 8 10 10 2 10 2 2 10 2 8 2 10
left_child=4 3 9 -2 -1 -6 11 -5 -4 -3 -10 12 -7 -13
right_child=1 2 8 7 5 6 -8 -9 10 -11 -12 13 -14 -15
leaf_value=0.022037128060405631 -0.0081543844402603132 -0.0051183766090792211 0.01062273868153853 -0.0044807535604082542 0.023639526178426934 -0.01493023091648623 0.031449340487757001 0.013122489844462105 -0.0023178751330901587 0.0015889863731457833 0.0059263839610625077 -0.019317836111632958 0.031293787120354154 0.0060977422848656985
leaf_weight=1797.20038869977 10580.267008379102 10475.557673096657 3859.6035782545805 1744.0171305090189 853.07575349509716 128.83386445045471 280.89891868829727 1155.6920973360538 4199.0525761544704 5888.6018909364939 5840.8536558002234 812.16295927762985 207.16415756940842 402.92356725037098
leaf_count=9511 44516 44963 17885 7499 4247 668 1355 5284 18326 25878 26600 3688 1048 1822
internal_value=7.3464e-05 -0.00130713 0.000717716 -0.00585024 0.01352 0.00775858 0.000275322 0.00255609 0.00474669 -0.00270525 0.00247946 -0.00553554 0.0136506 -0.010909
internal_weight=48225.9 43743.6 30263.7 13480 4482.26 2685.06 1831.98 2899.71 13899.5 16364.2 10039.9 1551.08 335.998 1215.09
internal_count=213290 190951 133652 57299 22339 12828 8581 12783 62811 70841 44926 7226 1716 5510
is_linear=0
shrinkage=0.03


Tree=32
num_leaves=15
num_cat=0
split_feature=236 120 24 4 226 248 246 226 243 242 191 60 143 122
split_gain=834.781 380.065 336.491 219.008 207.034 290.746 223.231 199.465 170.917 164.611 130.933 126.708 124.977 111.048
threshold=-0.1186024248600006 73.500000000000014 96.500000000000014 8.5000000000000018 66.500000000000014 0.59090909361839306 0.045384194701910026 3.5000000000000004 -0.056960796937346451 0.034454328939318664 63.500000000000007 79.500000000000014 21.500000000000004 28.500000000000004
decision_type=2 8 8 10 8 2 2 10 2 8 10 10 10 10
left_child=7 2 3 -2 11 6 -6 -1 -5 10 12 13 -9 -3
right_child=1 4 -4 8 5 -7 -8 9 -10 -11 -12 -13 -14 -15
leaf_value=0.019078796660202735 -0.011323247790413523 0.0040679854627434144 0.0069416131573909598 0.0053309674878270034 -0.0042978046576577578 0.022219774176116668 0.013488460565129106 -0.021309273608016838 -0.0043775564765861971 0.01506784236065685 0.01384031589202874 0.0057969473254631211 0.0019272179527766384 -0.0033309442425991029
leaf_weight=1662.4614458233118 3836.6962274909019 2484.1726019829512 2425.6998838335276 1787.9592655003071 1496.9544486999512 998.76406836509705 1088.6464783847332 219.35387027263641 17823.919777676463 1539.6261858642101 776.73530554771423 2927.6773472428322 2261.6131515353918 6805.8119923323393
leaf_count=8870 16054 10906 11056 7747 6698 4718 5154 951 75569 7669 3630 13259 10657 30044
internal_value=0.000119084 -0.00143702 -0.00367534 -0.00477613 0.00222803 0.008557 0.00321407 0.0101452 -0.00349019 0.0070161 0.0031763 0.000365788 -0.000204527 -0.0013502
internal_weight=48136.1 41676.3 25874.3 23448.6 15802 3584.36 2585.6 6459.79 19611.9 4797.33 3257.7 12217.7 2480.97 9289.98
internal_count=212982 181205 110426 99370 70779 16570 11852 31777 83316 22907 15238 54209 11608 40950
is_linear=0
shrinkage=0.03


Tree=33
num_leaves=15
num_cat=0
split_feature=238 126 242 229 98 243 230 222 238 52 178 249 78 164
split_gain=798.508 385.214 256.61 220.929 202.278 191.42 183.96 167.513 126.753 159.694 119.586 117.76 116.841 107.559
threshold=-0.19491066038608548 59.500000000000007 0.024370121769607071 67.500000000000014 36.500000000000007 -0.021075347438454625 1.5000000000000002 17.500000000000004 -0.11431067064404486 13.500000000000002 2.5000000000000004 0.015151515137404205 26.500000000000004 52.500000000000007
decision_type=10 8 8 10 10 2 10 10 10 10 10 2 10 10
left_child=6 4 3 5 8 13 -1 -5 -2 11 -4 -10 -8 -3
right_child=1 2 10 7 -6 -7 12 -9 9 -11 -12 -13 -14 -15
leaf_value=0.020172596752439646 -0.001898410020195936 -0.0049965910988772587 0.013215901943051398 0.024763535167232103 0.0010199125479509533 -0.010926794806550545 0.0033946912091547799 0.0032861133441481677 -0.001944165320626778 -0.0053711774103142908 0.0041374991745949793 -0.017705988476103295 0.015777693209331031 0.0030951819439418516
leaf_weight=1585.4241274744272 6310.0575501322746 2777.7627968937159 1603.2165424674749 368.66542114317417 6059.3671640306711 2277.5646259784698 2046.5621920973063 2422.8138883858919 557.73231618106365 9146.8854708373547 6960.594074845314 1842.1983715742826 1027.2787934839725 3138.1412002295256
leaf_count=8570 27197 12014 7792 1758 26145 9677 10197 10940 2310 38355 31678 7686 5086 13701
internal_value=0.000103726 -0.00116247 0.00196084 -0.00107407 -0.00371516 -0.00355715 0.0118929 0.00620087 -0.00532158 -0.00718901 0.00585048 -0.0140663 0.00757084 -0.000706262
internal_weight=48124.3 43465 19548.8 10984.9 23916.2 8193.47 4659.27 2791.48 17856.9 11546.8 8563.81 2399.93 3073.84 5915.9
internal_count=213106 189253 87560 48090 101693 35392 23853 12698 75548 48351 39470 9996 15283 25715
is_linear=0
shrinkage=0.03


Tree=34
num_leaves=15
num_cat=0
split_feature=245 242 224 63 224 248 119 178 248 101 57 244 245 243
split_gain=884.476 415.546 316.13 305.474 226.598 240.98 224.136 199.395 172.106 171.473 158.398 156.825 147.961 197.811
threshold=-0.09922825917601584 0.031183444894850258 1.5000000000000002 75.500000000000014 64.500000000000014 0.6111111342906953 81.500000000000014 1.5000000000000002 0.82323232293128978 3.5000000000000004 70.500000000000014 0.022918043658137325 -0.1008326970040798 -0.05855214782059192
decision_type=2 8 10 10 10 2 8 10 2 10 10 2 2 2
left_child=2 3 -1 9 5 11 12 -3 -8 -2 -11 -4 13 -7
right_child=1 7 4 -5 -6 6 8 -9 -10 10 -12 -13 -14 -15
leaf_value=0.02235184999077218 -0.012674280326815005 0.012343610892146745 0.026132563354308934 0.0016005880666138496 0.025283971254826263 -0.00030537027201249089 -0.0025528380849006 0.0016357210800945342 0.018767519131641746 -0.0058753938771591652 -0.00024217701509378958 0.0055086872457108249 0.020225631048211262 -0.021107058967640913
leaf_weight=1485.8244390338659 2365.575525149703 1976.6928803324699 611.3591003715992 8511.7298149466515 514.60444678366184 916.90790028870106 621.69126334786415 7395.4980146586895 738.41851499676704 14824.563817992806 6445.0924675017595 726.95630684494972 154.62069484591484 736.75310622155666
leaf_count=7991 9956 9624 3021 36971 2505 4064 3089 33425 3720 62990 27801 3752 669 3193
internal_value=-3.83215e-05 -0.00165076 0.0102367 -0.00327118 0.00661449 0.00443143 -8.86931e-05 0.00390488 0.00907471 -0.00502558 -0.00416934 0.0150539 -0.00699301 -0.00964428
internal_weight=48026.3 41519.2 6507.14 32147 5021.31 4506.71 3168.39 9372.19 1360.11 23635.2 21269.7 1338.32 1808.28 1653.66
internal_count=212771 180767 32004 137718 24013 21508 14735 43049 6809 100747 90791 6773 7926 7257
is_linear=0
shrinkage=0.03


Tree=35
num_leaves=15
num_cat=0
split_feature=236 98 226 242 140 226 231 242 226 243 5 248 243 248
split_gain=758.142 333.499 315.456 214.141 204.917 214.245 228.111 228.871 191.551 168.393 157.871 154.424 151.517 200.437
threshold=-0.092272523790597902 42.500000000000007 3.5000000000000004 0.033997777849435813 30.500000000000004 8.5000000000000018 77.500000000000014 0.023345786146819595 80.500000000000014 -0.091982115060091005 24.500000000000004 0.27777777612209326 -0.10134678333997725 0.62121212482452404
decision_type=2 8 10 8 10 8 10 10 10 2 10 2 2 2
left_child=2 4 9 8 5 6 10 -8 12 -1 -2 -6 13 -4
right_child=1 -3 3 -5 11 -7 7 -9 -10 -11 -12 -13 -14 -15
leaf_value=0.026536665764899676 0.013070344286805993 0.0022134072602116232 0.023051456885965896 0.010365028902823439 -0.0067996659782560741 -0.0096776713112885337 -0.026018376550150459 0.012301593671585913 0.011781245838216638 0.010164409548100165 -0.0089157957348465836 4.8289904677322935e-05 -0.00017803842994750785 -0.036386727800954061
leaf_weight=767.06715746223927 1109.9105189144611 9651.2214082479477 59.17133341729641 2925.3282779306173 4217.1850016564131 8408.1803516000509 434.26048702001572 197.8348738104105 1216.3745553642511 2175.0772859305143 390.56227155029774 9915.0824434161186 6445.3206449002028 207.60283368825912
leaf_count=4295 4803 42764 306 14244 18129 35032 1858 902 5649 10884 1674 42912 28802 1004
internal_value=-0.000125766 -0.00251307 0.00581135 0.00344266 -0.00436205 -0.00752594 0.000963352 -0.0140201 0.000878705 0.0145084 0.00732637 -0.00199856 -0.00111165 -0.0228466
internal_weight=48120.2 34324.2 13795.9 10853.8 24673 10540.7 2132.57 632.095 7928.47 2942.14 1500.47 14132.3 6712.09 266.774
internal_count=213258 148074 65184 50005 105310 44269 9237 2760 35761 15179 6477 61041 30112 1310
is_linear=0
shrinkage=0.03


Tree=36
num_leaves=15
num_cat=0
split_feature=126 120 248 226 231 226 224 148 224 232 35 237 224 231
split_gain=638.838 314.586 237.899 192.529 339.505 292.061 179.45 210.243 296.688 169.567 165.491 161.629 152.424 150.58
threshold=64.500000000000014 60.500000000000007 0.31818181276321417 8.5000000000000018 88.500000000000014 75.500000000000014 1.5000000000000002 12.500000000000002 7.5000000000000009 87.500000000000014 8.5000000000000018 0.080402329564094557 9.5000000000000018 73.500000000000014
decision_type=8 10 2 10 10 10 8 8 10 10 10 2 10 10
left_child=1 10 11 4 -4 -5 -6 8 -8 -3 -1 -2 -9 -7
right_child=2 9 3 5 6 13 7 12 -10 -11 -12 -13 -14 -15
leaf_value=-0.012594815292388119 -0.0036711924197775107 -0.00085814031832635483 0.019199570821721103 0.00060140642608826121 0.013695964244048321 0.0047852850815705518 0.0046823553082609246 -0.0055838601631456718 -0.050460589122830607 0.0086863660381265202 -0.0043141771897980234 0.0069629222414844009 0.016091158956986911 0.020061406183586532
leaf_weight=2563.7231175750494 4741.7429770678282 8578.2658666968346 2332.7949564605951 7089.1841734796762 913.0888459533453 1115.8339502513409 169.19355855882168 739.11582620441914 169.14876854419708 2071.3742660582066 14101.244068086147 1753.9477839320898 468.99029183387756 1219.7525577992201
leaf_count=10712 20948 37426 11372 31974 4771 5138 830 3586 762 9338 59678 8153 2341 5920
internal_value=-9.83133e-06 -0.00302234 0.0039624 0.00613438 0.0110252 0.0036384 0.0032258 -0.0030045 -0.0235427 0.00100469 -0.00559485 -0.00079351 0.00289347 0.0128147
internal_weight=48027.4 27314.6 20712.8 14217.1 4792.33 9424.77 2459.54 1546.45 338.342 10649.6 16665 6495.69 1208.11 2335.59
internal_count=212949 117154 95795 66694 23662 43032 12290 7519 1592 46764 70390 29101 5927 11058
is_linear=0
shrinkage=0.03


Tree=37
num_leaves=15
num_cat=0
split_feature=245 24 119 119 231 230 230 233 4 222 225 248 231 245
split_gain=768.714 340.183 262.06 258.406 250.908 371.187 326.345 253.875 245.464 240.472 304.193 206.704 234.097 220.5
threshold=-0.09922825917601584 95.500000000000014 49.500000000000007 84.500000000000014 91.500000000000014 64.500000000000014 18.500000000000004 68.500000000000014 7.5000000000000009 13.500000000000002 41.500000000000007 0.6111111342906953 24.500000000000004 -0.10331549495458602
decision_type=2 8 10 8 10 10 10 10 10 10 10 2 10 2
left_child=3 2 8 11 7 6 9 -4 -2 10 -6 -1 13 -13
right_child=1 -3 4 -5 5 -7 -8 -9 -10 -11 -12 12 -14 -15
leaf_value=0.015860988596538068 -0.017413463339180212 0.0059702431110376895 -0.0012263902572825622 0.015988875955525911 -6.7433242608926658e-05 0.011026746900914932 -0.027550953577075672 0.0064645666094093777 -0.0042853742279205477 0.0041816041893161333 -0.031225076985931362 -0.039655331451309554 0.0027518247657599129 0.020523783961357275
leaf_weight=932.60902932286263 1414.8982173353434 4912.1774560064077 13023.96258559823 3066.2249333709478 567.04535689949989 779.76989363133907 865.41744960844517 5480.1289585232735 12937.416585072875 1085.9949037283659 551.10800650715828 220.47417709231377 2141.1291997134686 64.96344929933548
leaf_count=4568 5825 22955 56746 16454 2582 3587 3683 24087 54383 4979 2403 967 9627 278
internal_value=5.54453e-05 -0.0014363 -0.00242885 0.00970485 -0.000397075 -0.00735529 -0.0120456 0.00105361 -0.00559081 -0.00586073 -0.0155649 0.00393842 -0.000690096 -0.0257279
internal_weight=48043.3 41617.9 36705.7 6425.4 22353.4 3849.34 3069.57 18504.1 14352.3 2204.15 1118.15 3359.18 2426.57 285.438
internal_count=213124 181230 158275 31894 98067 17234 13647 80833 60208 9964 4985 15440 10872 1245
is_linear=0
shrinkage=0.03


Tree=38
num_leaves=15
num_cat=0
split_feature=120 230 140 244 31 228 244 248 190 79 228 231 217 231
split_gain=521.064 398.005 304.328 228.867 191.62 188.635 178.533 168.609 162.014 153.281 131.335 214.216 131.208 129.98
threshold=98.500000000000014 3.5000000000000004 30.500000000000004 0.018131668679416183 71.500000000000014 5.5000000000000009 0.0019773815292865042 0.84343436360359203 84.500000000000014 46.500000000000007 3.5000000000000004 81.500000000000014 66.500000000000014 75.500000000000014
decision_type=8 10 10 2 10 10 2 2 10 10 10 10 10 10
left_child=1 9 3 4 6 -5 13 -2 12 -1 11 -11 -4 -3
right_child=7 2 8 5 -6 -7 -8 -9 -10 10 -12 -13 -14 -15
leaf_value=0.0095108901549961992 0.0062721866796772848 -0.027066050815358397 -9.1382954899792187e-05 -0.019980903146236007 -0.021102654536357894 0.0018817348614769353 -0.0056468655707553866 0.021021476047019625 0.0074205951400993005 0.011433989975234172 0.00409504531238829 -0.028917262752092623 -0.0079278851629427695 0.0096939517851257293
leaf_weight=3927.7768830955029 5258.802772924304 570.33594308793545 17384.577979698777 378.92699955403805 928.39482781291008 4084.6377019882202 8466.9559362232685 798.15530040860176 2313.8869223296642 180.51048801839352 1191.1155044436455 311.45350576937199 2152.0920104533434 96.516597807407379
leaf_count=18088 25613 2365 76352 1687 3914 17720 35618 4265 10386 794 5412 1387 9249 412
internal_value=2.8949e-05 -0.00115828 -0.00230574 -0.00566959 -0.00817554 -1.47735e-05 -0.00683994 0.00824722 -6.79654e-05 0.00627184 -0.0012986 -0.0141788 -0.000958239 -0.021681
internal_weight=48044.1 41987.2 36376.3 14525.8 10062.2 4463.56 9133.81 6056.96 21850.6 5610.86 1683.08 491.964 19536.7 666.853
internal_count=213262 183384 157703 61716 42309 19407 38395 29878 95987 25681 7593 2181 85601 2777
is_linear=0
shrinkage=0.03


Tree=39
num_leaves=15
num_cat=0
split_feature=245 224 226 24 120 226 231 248 230 231 228 148 224 134
split_gain=798.501 305.446 304.347 302.659 308.454 243.899 349.659 249.9 310.032 218.501 584.28 354.565 284.552 254.429
threshold=-0.09922825917601584 3.5000000000000004 54.500000000000007 97.500000000000014 49.500000000000007 12.500000000000002 92.500000000000014 0.85353535413742077 2.5000000000000004 91.500000000000014 6.5000000000000009 17.500000000000004 32.500000000000007 39.500000000000007
decision_type=2 10 8 8 10 10 10 2 8 10 10 10 10 10
left_child=1 -1 5 4 -2 -3 7 -7 -9 12 11 13 -6 -11
right_child=3 2 -4 -5 9 6 -8 8 -10 10 -12 -13 -14 -15
leaf_value=0.019853218176979968 -0.0056744056280662999 0.011109365571787275 0.019547940397581277 0.0066195072802895374 0.0048586873232133263 0.0059186653230640148 -0.039900721692192657 0.028219661263891398 -0.029509152388179576 -0.033827473257545794 0.0015417217560035658 -0.033561265682127639 -0.0024777232863029872 0.019208872517180349
leaf_weight=1911.3032775074244 15067.54655970633 1339.7518594563007 1053.6845264285803 3712.4441182762384 9441.3205298781395 1343.3552881032228 222.90597182512283 95.555208951234818 419.48472668230534 110.79791256785393 2529.9306126236916 885.61536972224712 9573.1540892273188 239.77205777168274
leaf_count=10516 63323 6761 5090 17594 41239 6294 994 436 1821 478 11445 3872 41897 1129
internal_value=-2.5348e-05 0.00984261 0.00553202 -0.00154362 -0.00234586 0.00117073 -0.00524939 -0.000901812 -0.0184653 -0.000142776 -0.00673458 -0.023549 0.00116569 0.00197341
internal_weight=47946.6 6386.04 4474.74 41560.6 37848.1 3421.05 2081.3 1858.4 515.04 22780.6 3766.12 1236.19 19014.5 350.57
internal_count=212889 31912 21396 180977 163383 16306 9545 8551 2257 100060 16924 5479 83136 1607
is_linear=0
shrinkage=0.03


Tree=40
num_leaves=15
num_cat=0
split_feature=238 238 137 231 228 226 231 79 226 212 35 63 231 231
split_gain=683.479 277.11 262.401 189.545 350.026 268.154 343.072 173.553 163.093 152.823 151.353 149.424 147.015 133.962
threshold=-0.14293514937162397 -0.25169490277767176 58.500000000000007 91.500000000000014 8.5000000000000018 4.5000000000000009 71.500000000000014 47.500000000000007 2.5000000000000004 57.500000000000007 7.5000000000000009 68.500000000000014 16.500000000000004 69.500000000000014
decision_type=10 10 8 10 10 8 10 10 10 10 10 8 10 10
left_child=1 -1 3 5 -5 7 9 12 -3 -7 -10 -4 -2 -14
right_child=2 8 11 4 -6 6 -8 -9 10 -11 -12 -13 13 -15
leaf_value=0.017247231619954485 -0.012981712505514234 0.011782993441654016 -0.00171038391353911 -0.026995655892406691 -0.0010210199529923896 -0.0051487479699581966 0.0048392561176670663 -0.0070982822834812168 -0.0027624306960861321 -0.014212033445274433 0.0055112953365482357 0.0046433915379085061 0.023176082216804419 0.0030447418904995189
leaf_weight=1697.065165668726 172.90883427858353 2043.138115465641 7487.848761215806 877.11685843765736 987.49598211050034 13627.680661082268 2974.9235492795706 560.39972913265228 3215.4137847721577 1904.9693250954151 5190.3028379827738 5985.4498212188482 817.92937952280045 469.62999774515629
leaf_count=9546 747 10322 33027 3761 4266 57170 12679 2422 14743 7879 23798 27211 3597 2102
internal_value=-0.000110983 0.00603695 -0.00219405 -0.00418378 -0.0133184 -0.00334799 -0.00448157 0.00700448 0.00420147 -0.00626872 0.00234685 0.0011136 0.0124274 0.0159133
internal_weight=48012.3 12145.9 35866.4 22393.1 1864.61 20528.4 18507.6 2020.87 10448.9 15532.6 8405.72 13473.3 1460.47 1287.56
internal_count=213270 58409 154861 94623 8027 86596 77728 8868 48863 65049 38541 60238 6446 5699
is_linear=0
shrinkage=0.03


Tree=41
num_leaves=15
num_cat=0
split_feature=236 237 101 120 230 231 248 230 243 24 132 229 244 229
split_gain=626.532 295.963 192.512 175.038 154.702 203.718 198.596 198.193 236.503 145.232 136.636 163.287 129.599 164.224
threshold=-0.1195990778505802 0.041964031755924232 2.5000000000000004 77.500000000000014 71.500000000000014 88.500000000000014 0.58080807328224193 8.5000000000000018 -0.04701986908912658 1.5000000000000002 27.500000000000004 12.500000000000002 0.0019773815292865042 3.5000000000000004
decision_type=2 2 8 10 8 10 2 10 2 10 10 10 2 8
left_child=-1 3 -3 12 5 7 -6 -5 -9 -4 11 -7 13 -2
right_child=1 2 9 4 6 10 -8 8 -10 -11 -12 -13 -14 -15
leaf_value=0.0089681262211636636 0.017641724560281586 -0.013626990567359956 0.011396246040719555 0.010627713467199887 0.0020067272350292979 -0.023794035259294764 0.026681879009413483 0.018202021238957929 -0.0045631886900818763 0.0020431564034554604 0.0012651132081177145 0.0041717680829597426 -0.0038666132101638538 -0.018667478477340963
leaf_weight=6131.724065169692 118.8645131289959 617.35213269293308 1744.9131958782673 1572.0279915183783 904.93489277362823 768.87663900852203 425.81788086891174 454.80950289964676 3524.0515485554934 10106.592839896679 566.41267609596252 244.10933764278889 19710.536331668496 955.91526012122631
leaf_count=31096 504 2683 8528 7082 4022 3448 2079 2033 15189 45287 2540 1057 83160 3982
internal_value=2.21278e-05 -0.00129468 0.00257398 -0.00294435 0.000692763 -0.00106383 0.0100425 0.00164493 -0.00192187 0.00342867 -0.0105344 -0.0170799 -0.00442453 -0.0145263
internal_weight=47846.9 41715.2 12468.9 29246.4 8461.04 7130.29 1330.75 5550.89 3978.86 11851.5 1579.4 1012.99 20785.3 1074.78
internal_count=212690 181594 56498 125096 37450 31349 6101 24304 17222 53815 7045 4505 87646 4486
is_linear=0
shrinkage=0.03


Tree=42
num_leaves=15
num_cat=0
split_feature=236 237 126 248 243 248 249 231 236 106 244 248 127 233
split_gain=591.609 270.909 269.842 147.734 135.363 122.317 121.6 128.83 117.41 114.107 106.63 106.405 105.322 98.6584
threshold=-0.093248911201953874 0.035553844645619399 77.500000000000014 0.74242421984672557 -0.052742749452590935 0.83333334326744091 0.91414141654968273 56.500000000000007 -0.17064411938190457 6.5000000000000009 0.0079108825884759443 0.21717172116041186 3.5000000000000004 53.500000000000007
decision_type=2 2 8 2 2 2 2 10 2 10 2 2 8 10
left_child=2 13 6 11 -5 -4 8 -8 -1 -10 -6 -3 -13 -2
right_child=1 3 5 4 10 -7 7 -9 9 -11 -12 12 -14 -15
leaf_value=0.014938507843569711 -0.0058267140322143278 -0.0013952554814922818 0.0086960932431904957 0.0055485730689303929 0.010098899471389446 0.021190193171795265 -0.046589755611769708 0.011477732410112127 -0.0033454891465745408 0.0043522552798546553 -0.019384533637340187 -0.017779156556796898 0.0054593744449068582 -0.0018523622285874044
leaf_weight=617.46293166279793 11923.414373278618 3677.7105948925018 4361.7564521729946 431.70597811043262 123.73526002466679 841.37877491116524 82.449939250946045 49.47967691719532 2794.9773135781288 4527.7695714682341 716.69578355550766 170.51635165512562 6973.1855629682541 10653.116768524051
leaf_count=3323 50450 16346 22084 1942 557 4606 354 247 12398 20584 3143 722 31286 45138
internal_value=4.94571e-05 -0.0020127 0.00543251 0.00160976 -0.00802195 0.0107532 0.00199382 -0.0255375 0.00248281 0.00141359 -0.014976 0.0027484 0.00488061 -0.003953
internal_weight=47945.4 34670.1 13275.3 12093.5 1272.14 5203.14 8072.14 131.93 7940.21 7322.75 840.431 10821.4 7143.7 22576.5
internal_count=213180 149584 63596 53996 5642 26690 36906 601 36305 32982 3700 48354 32008 95588
is_linear=0
shrinkage=0.03


Tree=43
num_leaves=15
num_cat=0
split_feature=242 66 124 119 243 24 226 243 226 231 222 226 226 231
split_gain=506.784 366.738 219.297 198.029 177.61 147.616 145.199 264.258 239.815 280.4 213.136 161.427 161.405 205.775
threshold=0.031638966873288162 75.500000000000014 65.500000000000014 94.500000000000014 -0.037341710180044167 8.5000000000000018 12.500000000000002 -0.087225511670112596 40.500000000000007 69.500000000000014 14.500000000000002 34.500000000000007 49.500000000000007 36.500000000000007
decision_type=8 10 8 10 2 10 8 2 10 10 10 10 10 10
left_child=1 3 5 6 -3 -2 -1 -8 10 12 11 -9 13 -10
right_child=2 4 -4 -5 -6 -7 7 8 9 -11 -12 -13 -14 -15
leaf_value=0.0009966179618362042 0.0087280981815712356 0.0076936266204924459 0.010701226359025422 0.0038866512947158577 -8.6038345961395089e-05 -0.0011205974555457004 -0.037736379054921616 -0.012830630099504206 0.012432988682624145 0.0045431572141331469 -0.0056962563123930448 -0.03172391673253875 -0.0074031566636973307 -0.0075417767163196581
leaf_weight=3533.3096256107092 2007.4731894731522 4193.1133356839418 4537.3153527826071 2770.6990918517113 7106.3436422646046 4259.8559981882572 218.03180894255638 1831.1429230570793 919.88296395540237 3362.191468283534 3843.267368838191 526.14070320129395 7764.5249887257814 917.38377723097801
leaf_count=15526 9624 19689 23037 12930 31351 18933 940 7729 3806 14408 16074 2177 32543 3822
internal_value=-2.72951e-05 -0.00169722 0.00568542 -0.00367813 0.00280517 0.00204289 -0.00459407 -0.0056132 -0.00522825 -0.00290339 -0.0100765 -0.0171638 -0.00551291 0.00247236
internal_weight=47790.7 36986 10804.6 25686.6 11299.5 6267.33 22915.9 19382.6 19164.5 12964 6200.55 2357.28 9601.79 1837.27
internal_count=212589 160995 51594 109955 51040 28557 97025 81499 80559 54579 25980 9906 40171 7628
is_linear=0
shrinkage=0.03


Tree=44
num_leaves=15
num_cat=0
split_feature=245 63 126 29 209 245 249 230 243 224 224 143 249 167
split_gain=633.932 313.937 269.189 232.028 185.612 160.006 164.015 160.535 231.834 137.558 157.359 131.647 123.011 115.612
threshold=-0.096477255225181566 72.500000000000014 75.500000000000014 99.500000000000014 40.500000000000007 -0.045213133096694939 0.2575757503509522 1.5000000000000002 -0.049229111522436135 61.500000000000007 2.5000000000000004 54.500000000000007 0.025252525694668296 30.500000000000004
decision_type=2 8 8 8 10 2 2 8 2 10 10 8 2 10
left_child=2 3 9 4 -2 7 -7 8 12 10 -1 -9 -3 -14
right_child=1 5 -4 -5 -6 6 -8 11 -10 -11 -12 -13 13 -15
leaf_value=0.014833072466348046 -0.0023848118383429889 -0.053315927588993173 0.015924926876655809 0.014597422635242337 -0.0089934540563185172 -0.006722198656880435 0.0048440068586479276 0.001313417123979583 0.0085415755055678923 0.020932652598936331 -0.00084273940219540731 0.0098076371930625669 -0.024636545827368499 0.011104690371570448
leaf_weight=696.06219512224197 23299.422732114792 81.134937644004822 2680.1013062000275 644.95133580267429 4569.7392962574959 2616.2944669276476 1893.7097498625517 2591.1513082683086 439.78772707283497 371.74662643671036 3131.7675185203552 4489.9740300625563 250.13804656267166 111.59810096025467
leaf_count=3634 100433 336 14744 3048 19344 11339 8686 11110 1942 1761 14369 20643 1110 518
internal_value=9.36207e-05 -0.00132138 0.00851361 -0.00305761 -0.00347128 0.00264679 -0.00186568 0.0052014 -0.00680623 0.00375723 0.00203901 0.00670564 -0.0218993 -0.013608
internal_weight=47867.6 40987.9 6879.68 28514.1 27869.2 12473.8 4510 7963.78 882.659 4199.58 3827.83 7081.13 442.871 361.736
internal_count=213017 178509 34508 122825 119777 55684 20025 35659 3906 19764 18003 31753 1964 1628
is_linear=0
shrinkage=0.03


Tree=45
num_leaves=15
num_cat=0
split_feature=236 237 233 101 101 226 244 192 241 135 237 66 143 236
split_gain=510.511 258.068 157.255 164.989 156.253 133.204 127.896 125.711 122.723 115.479 118.98 103.319 93.5224 88.5404
threshold=-0.1195990778505802 0.041492948308587081 61.500000000000007 3.5000000000000004 2.5000000000000004 3.5000000000000004 0.0019773815292865042 82.500000000000014 -1.5696421861648557 8.5000000000000018 0.13002067059278491 75.500000000000014 35.500000000000007 -0.07062904909253119
decision_type=2 2 10 10 8 10 2 10 8 8 2 10 10 2
left_child=5 2 3 -2 -3 -1 -5 8 12 -6 -11 -8 -7 -4
right_child=1 4 13 6 9 7 11 -9 -10 10 -12 -13 -14 -15
leaf_value=0.015634727770389358 -0.013509151328648447 -0.012244553879836157 0.0025372432316325927 -0.015578716699674986 0.015640967393158574 -0.011972114790909852 -0.0045669997148333674 0.016536866336467695 0.012615436396446076 0.00085263190747281723 0.00865450116769346 0.0011260228330116759 0.0024915266885306032 -0.0026637253954972344
leaf_weight=1529.8239589482546 1707.8395804166794 623.76281775534153 5606.9965824633837 767.04192127287388 611.25755374133587 474.08514040708542 11022.002170190215 748.72944195568562 917.36967872083187 9164.6285743713379 2167.954663336277 3872.8095001131296 2372.9309905320406 6184.8575244396925
leaf_count=8840 7282 2702 24380 3231 2855 2127 46649 3719 4661 41232 10331 16924 11659 26119
internal_value=-0.000135646 -0.00131637 -0.00286487 -0.00467919 0.00227616 0.00800644 -0.00370833 0.00539181 0.00313714 0.00304411 0.00235147 -0.00308699 4.95669e-05 -0.000190624
internal_weight=47772.1 41729.2 29161.5 17369.7 12567.6 6042.94 15661.9 4513.12 3764.39 11943.8 11332.6 14894.8 2847.02 11791.9
internal_count=212711 181705 124585 74086 57120 31006 66804 22166 18447 54418 51563 63573 13786 50499
is_linear=0
shrinkage=0.03


Tree=46
num_leaves=15
num_cat=0
split_feature=245 242 230 119 76 233 226 226 242 244 245 230 244 215
split_gain=600.841 324.706 246.726 239.303 233.046 197.129 165.024 224.964 267.998 218.929 243.59 196.003 132.741 116.369
threshold=-0.1104091852903366 0.019736967980861667 80.500000000000014 15.500000000000002 86.500000000000014 16.500000000000004 54.500000000000007 6.5000000000000009 0.026683841831982139 0.017238150350749496 -0.20662932842969892 16.500000000000004 0.053563781082630164 50.500000000000007
decision_type=2 8 10 8 8 10 10 10 10 2 2 10 2 10
left_child=3 2 5 -1 13 -2 7 -5 9 -9 -11 -12 -6 -3
right_child=1 4 -4 6 12 -7 -8 8 -10 10 11 -13 -14 -15
leaf_value=-0.027412764054054257 -0.014319173181703258 0.00016223899935070233 0.0030532771524474584 0.018318705347015178 0.0045758023174154987 -0.0047247746224978477 0.029786550272969916 0.0055814155792282046 0.014072542936904369 0.028318126629547039 -0.037512817486580148 0.023404801659357592 0.018456319310809873 -0.0068025244757253635
leaf_weight=133.95289817452431 2530.2758002430201 23068.568239524961 2746.4917136132717 1622.7111666053534 4152.2225470989943 8070.479367390275 415.84411130845547 551.96808081865311 1047.7401358485222 66.953457221388817 372.59436699748039 47.444167494773865 721.78882049024105 2371.9638984501362
leaf_count=581 10549 101349 12144 9399 19248 33813 2131 2491 5464 389 1740 220 3658 10246
internal_value=-4.2496e-06 -0.00105432 -0.00495138 0.0107375 0.000662582 -0.00702618 0.0120396 0.00997531 0.00343069 -0.00733295 -0.0217882 -0.0302478 0.00666494 -0.000489543
internal_weight=47921 43661.8 13347.2 4259.21 30314.5 10600.8 4125.26 3709.41 2086.7 1038.96 486.992 420.039 4874.01 25440.5
internal_count=213422 191007 56506 22415 134501 44362 21834 19703 10304 4840 2349 1960 22906 111595
is_linear=0
shrinkage=0.03


Tree=47
num_leaves=15
num_cat=0
split_feature=236 60 98 66 241 162 66 243 126 24 118 53 22 233
split_gain=469.786 253.863 220.821 126.772 123.35 94.8101 92.3202 85.1658 84.4679 83.5206 82.4627 138.298 76.8834 75.8734
threshold=-0.093747872859239564 64.500000000000014 42.500000000000007 16.500000000000004 -2.2278808355331416 21.500000000000004 78.500000000000014 -0.0088994191028177721 97.500000000000014 99.500000000000014 81.500000000000014 5.5000000000000009 54.500000000000007 61.500000000000007
decision_type=2 8 8 10 8 8 8 2 10 8 10 10 8 8
left_child=1 9 3 12 13 -4 -3 -7 -6 10 11 -1 -2 -5
right_child=2 6 5 4 8 7 -8 -9 -10 -11 -12 -13 -14 -15
leaf_value=-0.011046820314842744 -0.005081873946564488 0.0051687884212312171 -0.0045994764213472651 -0.01650281906086036 -0.0022219181670001431 0.0044595770750475005 0.013307442377272719 -0.0046500183714441087 0.0062003716372757978 0.015378965903957549 0.0038926892664860693 0.0013202086145036524 -0.012831135673655543 0.00094973478454370142
leaf_weight=1155.2746669352055 3795.4635273069143 2187.953416287899 1659.7007647007704 830.37055790424347 17447.605422139168 6978.1305510252714 2993.2139426618814 1056.028697475791 1132.2598674446344 352.95002096891403 3608.8634747117758 2692.4707010537386 1661.7984115183353 304.32807567715645
leaf_count=5019 15850 10571 7377 3522 74357 31136 15628 4678 5122 1803 17886 11996 7045 1308
internal_value=-0.000122205 0.00474512 -0.00193658 -0.00341782 -0.00229546 0.00190927 0.00988715 0.0032579 -0.0017056 0.00132541 0.000640499 -0.00241197 -0.00746077 -0.0118546
internal_weight=47856.4 12990.7 34865.7 25171.8 19714.6 9693.86 5181.17 8034.16 18579.9 7809.56 7456.61 3847.75 5457.26 1134.7
internal_count=213298 62903 150395 107204 84309 43191 26199 35814 79479 36704 34901 17015 22895 4830
is_linear=0
shrinkage=0.03


Tree=48
num_leaves=15
num_cat=0
split_feature=238 126 120 4 236 224 224 244 246 103 224 192 142 236
split_gain=535.095 285.582 179.685 174.13 153.553 139.736 142.18 124.23 118.149 115.28 113.619 145.783 106.41 105.085
threshold=-0.21179524064064023 75.500000000000014 52.500000000000007 7.5000000000000009 -0.094205483794212327 6.5000000000000009 34.500000000000007 0.046097356826066978 0.034686729311943061 3.5000000000000004 2.5000000000000004 1.0000000180025095e-35 67.500000000000014 -0.088744387030601488
decision_type=10 8 10 10 2 10 10 2 2 10 10 8 10 2
left_child=10 2 3 -2 -3 9 -7 -6 12 -4 -1 -12 -8 -5
right_child=1 4 5 13 7 6 8 -9 -10 -11 11 -13 -14 -15
leaf_value=0.019127851819094668 -0.012546251946474341 0.0080818165000100216 0.0067224403494651891 0.0026304985496267766 -0.00045739847200122671 0.0046365539107608164 -0.0076930133388311735 0.0093194873271828117 0.0038526900971451706 -0.0097597254874871725 -0.011912971519906734 0.010725459963894315 0.0021750626659691246 -0.004457420075901602
leaf_weight=1202.7723554372787 2112.7139328122139 3720.2811380326748 466.36648958921432 2237.5517567694187 8323.3307245522738 5982.982593998313 3049.1418638527393 1350.7899662852287 2275.0959233939648 1957.1569960415363 290.68947429955006 1763.3739067167044 1444.0088772773743 11665.224026173353
leaf_count=7212 8728 18463 2093 9778 36950 25927 12989 6374 10174 8673 1550 9291 6271 48874
internal_value=0.000106888 -0.000751685 -0.00232494 -0.00454035 0.00291081 1.46547e-05 0.00127097 0.000915954 -0.00170659 -0.00657342 0.0118267 0.00747949 -0.00452382 -0.0033156
internal_weight=47841.5 44584.6 31190.2 16015.5 13394.4 15174.8 12751.2 9674.12 6768.25 2423.52 3256.84 2054.06 4493.15 13902.8
internal_count=213347 195294 133507 67380 61787 66127 55361 43324 29434 10766 18053 10841 19260 58652
is_linear=0
shrinkage=0.03


Tree=49
num_leaves=15
num_cat=0
split_feature=245 249 245 228 231 244 243 229 243 178 243 243 231 249
split_gain=568.758 249.098 226.797 332.434 297.848 341.79 257.899 253.933 229.588 223.38 213.283 207.728 205.912 197.719
threshold=-0.1104091852903366 0.085858587175607695 -0.07161830365657805 4.5000000000000009 76.500000000000014 0.0033115847036242489 -0.046171454712748521 2.5000000000000004 -0.045028099790215485 99.500000000000014 -0.085582215338945375 -0.069620165973901735 29.500000000000004 0.025252525694668296
decision_type=2 2 2 8 10 2 2 8 2 8 2 2 10 2
left_child=-1 2 3 12 5 8 -4 -8 -5 -3 -6 -7 -2 -10
right_child=1 9 6 4 10 11 7 -9 13 -11 -12 -13 -14 -15
leaf_value=0.010488610836547443 0.02644639116058493 0.00022092478209727553 -0.019683031380894393 0.006272277580477663 -0.030212675742445523 -0.025968562951340538 0.01601139516447804 -0.005300709839675441 -0.043936282603385717 0.011618435464949043 0.021146189537385354 0.0067480619409319015 -0.015286497571037463 0.00030871576599880187
leaf_weight=4177.0126814246178 107.11304873228073 21516.113612219691 1074.4694023132324 214.6001747995615 69.200309962034225 175.87285429239273 514.73386846482754 12493.070500195026 307.11116109788418 1657.6125117242336 1112.0268598794937 2946.8863801807165 1257.251748546958 127.23164756596088
leaf_count=22283 468 95608 4519 945 293 771 2228 52532 1289 8371 5003 12693 5448 551
internal_value=-7.26225e-05 -0.00108722 -0.003504 0.00121757 0.00483154 0.000699377 -0.00562145 -0.00444571 -0.0189418 0.00104085 0.017909 0.00482846 -0.0118416 -0.0312604
internal_weight=47750.3 43573.3 20399.6 6317.29 4952.93 3771.7 14082.3 13007.8 648.943 23173.7 1181.23 3122.76 1364.36 434.343
internal_count=213002 190719 86740 27461 21545 16249 59279 54760 2785 103979 5296 13464 5916 1840
is_linear=0
shrinkage=0.03


Tree=50
num_leaves=15
num_cat=0
split_feature=236 126 106 242 120 228 178 37 230 248 226 243 248 228
split_gain=410.723 243.918 198.157 141.723 136.463 192.234 134.446 117.959 103.904 99.6065 114.893 126.58 98.1381 135.026
threshold=-0.093747872859239564 59.500000000000007 33.500000000000007 0.03468479402363301 52.500000000000007 29.500000000000004 1.5000000000000002 9.5000000000000018 1.0000000180025095e-35 0.49999998509883886 93.500000000000014 -0.008347315248101948 0.24747474491596225 4.5000000000000009
decision_type=2 8 8 8 10 10 10 8 8 2 10 2 2 10
left_child=1 3 4 -1 5 7 -4 -2 -3 -7 11 -11 -6 -14
right_child=2 8 6 -5 12 9 -8 -9 -10 10 -12 -13 13 -15
leaf_value=-0.0030746765429888398 -0.01687554260318181 0.017728256836583068 0.0088615534625153328 0.0077931922945368715 -0.0070292537883937011 -0.0045481318927627357 3.0207836499647948e-05 -0.006940229220076876 0.0067933092435567876 0.0028157791045101302 0.023304491168576857 -0.040454824196339521 -0.0072123974712828762 0.0019824666399002595
leaf_weight=4073.4546948224306 1595.7812063544989 885.79136045277119 1796.0522212684155 1458.2279250621796 2048.7257683128119 4242.7613607048988 11005.734841585159 3344.7904016673565 6509.4099517464638 1324.3500310778618 231.08026744425297 53.755641534924507 1769.6918804198503 7462.7959473878145
leaf_count=17803 6538 5141 8500 7175 8802 17841 48161 13827 32855 5548 1013 223 7605 32267
internal_value=-5.56837e-07 0.00456494 -0.00169362 -0.000200863 -0.00341518 -0.00582524 0.00127517 -0.0101769 0.00812526 -0.00214022 0.00419733 0.000848647 -0.0011064 0.00021409
internal_weight=47802.4 12926.9 34875.5 5531.68 22073.7 10792.5 12801.8 4940.57 7395.2 5851.95 1609.19 1378.11 11281.2 9232.49
internal_count=213299 62974 150325 24978 93664 44990 56661 20365 37996 24625 6784 5771 48674 39872
is_linear=0
shrinkage=0.03


Tree=51
num_leaves=15
num_cat=0
split_feature=236 209 249 230 226 226 248 24 78 230 136 10 140 226
split_gain=390.6 200.772 173.844 167.628 144.693 162.439 125.305 171.106 142.4 141.047 130.409 117.373 124.609 148.857
threshold=-0.11483607813715933 47.500000000000007 0.085858587175607695 81.500000000000014 3.5000000000000004 54.500000000000007 0.21717172116041186 73.500000000000014 8.5000000000000018 13.500000000000002 19.500000000000004 2.5000000000000004 24.500000000000004 1.0000000180025095e-35
decision_type=2 10 2 10 10 10 2 8 10 10 10 8 10 10
left_child=4 2 11 -3 -1 -6 -4 8 9 -8 -10 -2 -13 -14
right_child=1 3 6 -5 5 -7 7 -9 10 -11 -12 12 13 -15
leaf_value=0.014449565049641171 0.0055794343254142358 -0.0083568478104216696 -0.0020345498705993128 0.0050542697437572027 0.00073996959295101873 0.012321880778494854 0.00096311678233510628 0.0085637183612310881 0.0073845956416232908 -0.018982398549412059 -0.00049553725720483642 -0.0065283662430616098 -0.026459701533224859 -0.00030637401246669732
leaf_weight=1619.7343693971634 1457.8974341154099 5058.0642694532871 5551.4594152718782 998.17388066649437 3660.6222198605537 1542.7678460478783 694.73577071726322 3936.3287640661001 3098.403012290597 578.71158018708229 4819.4445010572672 6240.121839389205 190.66560815274715 8199.4562510401011
leaf_count=9569 6333 21366 24511 4450 18068 7573 3294 18328 14114 2493 20783 26089 829 34911
internal_value=5.19961e-06 -0.00110572 -0.000226955 -0.00614177 0.00664383 0.00419097 0.00174139 0.0033385 0.00109384 -0.0081783 0.00259353 -0.00251195 -0.00332152 -0.0009315
internal_weight=47646.6 40823.5 34767.2 6056.24 6823.12 5203.39 18679.1 13127.6 9191.29 1273.45 7917.85 16088.1 14630.2 8390.12
internal_count=212711 177501 151685 25816 35210 25641 83523 59012 40684 5787 34897 68162 61829 35740
is_linear=0
shrinkage=0.03


Tree=52
num_leaves=15
num_cat=0
split_feature=245 126 190 209 101 139 138 245 52 137 20 224 224 53
split_gain=522.84 263.58 214.176 201.871 136.931 151.05 146.826 136.027 184.376 268.46 145.713 134.272 111.041 138.272
threshold=-0.093972545117139802 75.500000000000014 88.500000000000014 52.500000000000007 2.5000000000000004 37.500000000000007 29.500000000000004 -0.044033477082848542 31.500000000000004 89.500000000000014 3.5000000000000004 76.500000000000014 4.5000000000000009 5.5000000000000009
decision_type=2 8 10 10 8 10 10 2 8 10 10 8 10 10
left_child=1 11 3 4 -2 7 -7 8 9 -6 -11 12 -1 -14
right_child=2 -3 -4 -5 5 6 -8 -9 -10 10 -12 -13 13 -15
leaf_value=0.010723288863897796 -0.0095078763073661709 0.014458164255481422 0.0070659949779002459 -0.0075708000375504418 0.0022466878365734206 -0.00937470974144336 -0.0014221021106310002 -0.0028851891599539219 0.0093994798554039496 0.01359181923485789 -0.029897473557778546 0.023998987995519586 -0.0079442676506802402 0.0041719234136527216
leaf_weight=938.63637401163578 1639.3081602454185 2831.1187347918749 2526.4598314613104 4965.2113446444273 6691.469770014286 2447.9569582492113 13973.575426027179 4328.7486870139837 3211.7462938427925 79.374857157468796 355.19587871432304 245.56612211465836 1438.5936041623354 2033.8885581493378
leaf_count=4852 6923 15964 11376 21019 29326 10193 60361 19212 14737 394 1623 1192 6521 9371
internal_value=-1.74916e-05 0.00725574 -0.00137306 -0.00194043 -0.00108418 -0.00063707 -0.00261258 0.0015751 0.00344375 0.000750058 -0.021827 0.0028553 0.00162661 -0.000856018
internal_weight=47706.9 7487.8 40219 37692.6 32727.4 31088.1 16421.5 14666.5 10337.8 7126.04 434.571 4656.68 4411.12 3472.48
internal_count=213064 37900 175164 163788 142769 135846 70554 65292 46080 31343 2017 21936 20744 15892
is_linear=0
shrinkage=0.03


Tree=53
num_leaves=15
num_cat=0
split_feature=245 248 231 230 244 224 249 222 245 248 226 231 224 61
split_gain=512.083 447.362 392.485 384.357 365.013 362.734 328.14 280.97 271.557 311.479 328.282 310.073 260.717 261.902
threshold=-0.075677461922168718 0.58080807328224193 67.500000000000014 3.5000000000000004 0.0029695603298023347 26.500000000000004 0.91414141654968273 4.5000000000000009 -0.093972545117139802 0.82323232293128978 15.500000000000002 85.500000000000014 12.500000000000002 39.500000000000007
decision_type=2 2 8 10 2 10 2 10 2 2 10 8 10 10
left_child=1 -1 3 7 -5 8 12 -3 9 10 -4 -10 -6 -14
right_child=-2 2 5 4 6 -7 -8 -9 11 -11 -12 -13 13 -15
leaf_value=0.015896283880552683 -0.0021094750477252504 -0.00089992272699035457 0.0071140866703085937 -0.028060547369158792 -0.014435502118489173 0.018358194571432819 -0.04765989763640123 0.030571314414542125 0.0097569820118893237 0.020859098814160086 -0.027134157768976194 -0.018105458540349305 0.014610888176730714 -0.0041329199963215345
leaf_weight=2604.6549266129732 33375.150973841548 568.10078643262386 1105.853189483285 630.40933682024479 1098.3319724053144 1900.1399949342012 137.3902625143528 452.89808797836304 571.39335742592812 1050.4692350924015 315.33642111718655 936.79561737179756 1043.3727719038725 1839.3791741728783
leaf_count=13120 144782 2617 6292 2712 4867 9170 593 2094 2593 5772 1382 4181 4635 8063
internal_value=-7.66023e-05 0.00468125 0.00216233 -0.00339378 -0.00698626 0.00761091 -0.00370029 0.0132213 0.00244657 0.00855516 -0.000621478 -0.00755474 -0.0020676 0.0026782
internal_weight=47629.7 14254.5 11649.9 5769.88 4748.88 5879.99 4118.47 1021 3979.85 2471.66 1421.19 1508.19 3981.08 2882.75
internal_count=212873 68091 54971 25581 20870 29390 18158 4711 20220 13446 7674 6774 17565 12698
is_linear=0
shrinkage=0.03


Tree=54
num_leaves=15
num_cat=0
split_feature=245 126 242 101 237 226 245 249 226 228 243 226 226 9
split_gain=444.584 263.697 232.776 208.042 156.923 138.527 171.302 188.654 173.681 138.329 138.267 127.253 183.782 162.229
threshold=-0.091836016625165925 78.500000000000014 0.025095670484006408 3.5000000000000004 0.026291366666555408 81.500000000000014 -0.053789688274264329 0.075757574290037169 98.500000000000014 21.500000000000004 -0.045347929000854485 12.500000000000002 54.500000000000007 65.500000000000014
decision_type=2 8 8 10 2 10 2 2 10 10 2 10 10 8
left_child=1 11 3 -2 -4 -5 7 9 -9 -7 -11 -1 -13 -14
right_child=2 -3 4 5 -6 6 -8 8 -10 10 -12 12 13 -15
leaf_value=0.0090826820742427108 -0.012132234716474653 0.014045168889135025 -0.0020840476272668295 -0.0036504318354814809 0.0037750825368014838 -0.013747344532095024 -0.0023665643968226518 0.029063778990437845 -0.006116033841325222 -0.023036716305524067 0.014072583096797382 -0.0053639767663676997 0.018171445658845219 -0.0057143491527117665
leaf_weight=1775.8103395402431 2139.5503788739443 2729.4732941389084 6926.9864499717951 15809.718527987599 10102.700986802578 350.4605139195919 2808.1807728409767 557.40831917524338 158.49595241248608 95.957111537456512 631.4229948669672 2413.9234030395746 687.62074987590313 398.05826330184937
leaf_count=9078 8846 15555 30147 66499 46637 1501 12083 2631 787 407 2736 10857 3155 1828
internal_value=4.94235e-05 0.00649285 -0.00125501 -0.00325366 0.001392 -0.00231752 0.00225964 0.00947512 0.0212983 0.00149856 0.00893104 0.00256613 -0.000757031 0.00944162
internal_weight=47585.8 8004.89 39580.9 22551.2 17029.7 20411.6 4601.93 1793.74 715.904 1077.84 727.38 5275.41 3499.6 1085.68
internal_count=212747 40473 172274 95490 76784 86644 20145 8062 3418 4644 3143 24918 15840 4983
is_linear=0
shrinkage=0.03


Tree=55
num_leaves=15
num_cat=0
split_feature=238 60 238 148 143 24 10 38 125 190 243 244 63 35
split_gain=429.22 232.174 181.937 152.342 147.895 142.818 129.154 118.819 116.167 111.665 106.875 106.548 105.643 102.758
threshold=-0.23244462162256238 68.500000000000014 -0.11840806901454924 12.500000000000002 75.500000000000014 7.5000000000000009 5.5000000000000009 9.5000000000000018 25.500000000000004 79.500000000000014 -0.030544253997504708 0.071283362805843367 59.500000000000007 81.500000000000014
decision_type=10 8 10 10 8 8 10 10 10 8 2 2 8 10
left_child=13 3 7 5 6 8 -5 11 -2 -8 -4 -3 -6 -1
right_child=1 2 10 4 12 -7 9 -9 -10 -11 -12 -13 -14 -15
leaf_value=0.014824380130874087 -0.011822891148812477 -0.0012515791275569527 0.0038324806637618459 0.0038078386316226873 -0.0010716797090160833 -0.0036650153366124729 -0.0044198726986258985 0.010165671326558465 -0.037667152876766072 0.0046713165692295324 -0.0026482501335418434 0.020684023999348211 0.0058706632060897069 -0.01003981019360684
leaf_weight=2026.815298050642 1118.7096100896597 1859.6767839044333 3819.5261371135712 2382.6403239518404 4168.5731449127197 2939.2678455114365 14663.96681894362 3480.7908854335546 176.62947925925255 1317.7589379996061 5687.411130964756 213.09986411035061 3730.6933090239763 154.63588966429234
leaf_count=12032 4943 8949 17003 10468 18660 12615 62020 16440 762 5653 24924 1191 17034 845
internal_value=5.54061e-05 -0.000568283 0.0024783 -0.00207305 -0.0012203 -0.00734662 -0.00269636 0.00678715 -0.0156085 -0.00366781 -4.32476e-05 0.00109208 0.00221035 0.0130241
internal_weight=47740.2 45558.7 15060.5 30498.2 26263.6 4234.61 18364.4 5553.57 1295.34 15981.7 9506.94 2072.78 7899.27 2181.45
internal_count=213539 200662 68507 132155 113835 18320 78141 26580 5705 67673 41927 10140 35694 12877
is_linear=0
shrinkage=0.03


Tree=56
num_leaves=15
num_cat=0
split_feature=245 126 222 237 245 245 246 229 10 226 226 245 229 226
split_gain=421.055 259.634 288.302 220.635 171.418 267.639 143.243 125.653 133.138 120.917 152.903 118.122 140.328 129.982
threshold=-0.075677461922168718 68.500000000000014 15.500000000000002 0.054954437538981445 -0.078993272036313997 -0.098627276718616472 0.0045122965238988408 36.500000000000007 4.5000000000000009 4.5000000000000009 54.500000000000007 -0.20662932842969892 45.500000000000007 8.5000000000000018
decision_type=2 8 10 2 2 2 2 8 10 10 10 2 8 8
left_child=1 2 4 -2 5 9 -6 8 -7 -1 -11 -3 13 -13
right_child=3 11 -4 -5 6 7 -8 -9 -10 10 -12 12 -14 -15
leaf_value=0.013655757405636331 -0.0029763046374109959 0.027105299897824675 0.008447535355540485 0.0029923667206017929 -0.028049979500894856 -0.00032691522768024195 0.020646385295205842 0.0061903854111041807 -0.019479534867903915 -0.0054412248761310589 0.015379914914231314 0.011383834001533182 0.018237108037831511 0.0011440200293579056
leaf_weight=571.95208199322224 26319.880362764001 309.73283123970032 3034.1803226321936 7062.0951447039843 53.85048308968544 418.42590680718422 398.39502646028996 275.49774314463139 1484.9733779281378 1777.2888020426035 376.088423371315 2094.7671279162169 1025.8168244659901 2379.5120988488197
leaf_count=3058 112221 2147 13540 32512 221 1804 1709 1189 6239 8109 1703 11395 5572 11491
internal_value=0.000127538 0.00445258 0.00107403 -0.00171309 -0.00311066 -0.00474828 0.0143666 -0.0125607 -0.0152929 0.00152083 -0.00175052 0.0093217 0.00827286 0.00595279
internal_weight=47582.5 14200.5 8390.65 33382 5356.47 4904.23 452.246 2178.9 1903.4 2725.33 2153.38 5809.83 5500.1 4474.28
internal_count=212910 68177 37572 144733 24032 22102 1930 9232 8043 12870 9812 30605 28458 22886
is_linear=0
shrinkage=0.03


Tree=57
num_leaves=15
num_cat=0
split_feature=245 230 245 231 230 243 248 76 228 248 230 147 230 244
split_gain=422.393 208.424 260.228 245.877 332.543 311.972 363.223 291.273 288.562 274.661 238.771 277.426 228.215 216.635
threshold=-0.1104091852903366 80.500000000000014 -0.048146445304155343 91.500000000000014 5.5000000000000009 -0.048500157892704003 0.76262626051902782 88.500000000000014 8.5000000000000018 0.7929292917251588 18.500000000000004 19.500000000000004 19.500000000000004 0.0060968257021158942
decision_type=2 8 2 10 10 2 2 10 10 2 10 10 10 2
left_child=-1 3 -3 4 -2 9 -7 12 10 13 11 -5 -8 -6
right_child=1 2 -4 8 5 6 7 -9 -10 -11 -12 -13 -14 -15
leaf_value=0.0093541733289510768 0.0066661831927437958 0.0090206701146857242 -0.0013960838670967408 0.012517432483269678 -0.014578417129881734 -0.0019967031313063688 -0.03146669382476544 0.011776463974497955 -0.0011243393616211066 0.025622828796823142 -0.034655868903690455 -0.018123382989188624 -0.011216969233012741 0.0063984164259210229
leaf_weight=4081.1846381276846 4520.104152739048 4015.2446984052658 4648.955830425024 344.42241832613945 532.66843038797379 20114.021913215518 708.95278929173946 350.12022796273232 2158.3553232550621 542.81592866778374 503.91506965458393 1074.8192256987095 1722.5346141159534 2409.0667298734188
leaf_count=22378 20238 19008 20700 1660 2268 85922 2999 1523 9733 2361 2129 4903 7265 10589
internal_value=0.000136917 -0.000726902 0.00343618 -0.00175869 -0.000843326 -0.00213208 -0.00340517 -0.0135463 -0.00866972 0.00621873 -0.0170883 -0.0106519 -0.0172259 0.00256356
internal_weight=47727.2 43646 8664.2 34981.8 30900.3 26380.2 22895.6 2781.61 4081.51 3484.55 1923.16 1419.24 2431.49 2941.74
internal_count=213676 191298 39708 151590 133165 112927 97709 11787 18425 15218 8692 6563 10264 12857
is_linear=0
shrinkage=0.03


Tree=58
num_leaves=15
num_cat=0
split_feature=238 60 245 215 246 52 139 245 120 245 228 244 104 145
split_gain=409.396 243.276 213.463 191.586 151.764 140.068 218.507 156.924 122.597 117.181 110.915 142.491 156.406 107.527
threshold=-0.21779592335224149 69.500000000000014 -0.072169277817010866 45.500000000000007 0.060527648776769645 31.500000000000004 43.500000000000007 -0.044033477082848542 68.500000000000014 -0.20662932842969892 14.500000000000002 0.021765369921922687 83.500000000000014 96.500000000000014
decision_type=10 8 2 10 2 8 8 2 10 2 8 2 10 10
left_child=9 3 10 5 -4 13 7 -7 -5 -1 11 -3 -13 -2
right_child=1 2 4 8 -6 6 -8 -9 -10 -11 -12 12 -14 -15
leaf_value=0.028013579316123836 -0.0030288142085865559 0.0082280629116823663 -0.0015615967245907155 -0.012423265581383248 0.0084578824798177531 0.0095826525079699479 -0.0017637853374810537 -0.0020510878979519628 -0.0027456556266175539 0.0088890077114514993 0.013054993660550979 -0.001982943892188871 -0.042382739839491881 -0.016045235410723675
leaf_weight=320.60335836559534 10033.622975289822 1719.9600824564695 8193.5204122513533 2412.447601094842 1621.0962353497744 3337.9554398804903 10241.492922082543 1511.5468346625566 2307.619510948658 2472.5765059739351 2078.3745764940977 608.87802542746067 90.70037567615509 596.56939743459225
leaf_count=2287 43267 8171 35712 9915 7638 14929 44155 6563 10072 13955 10079 3043 445 2738
internal_value=5.4376e-05 -0.000642105 0.00258249 -0.00215856 0.000100261 -0.00113764 0.000720485 0.00595976 -0.00770773 0.0111762 0.00798657 0.00359701 -0.00774426 -0.00377369
internal_weight=47547 44753.8 14312.5 30441.3 9814.62 25721.2 15091 4849.5 4720.07 2793.18 4497.91 2419.54 699.578 10630.2
internal_count=212969 196727 65088 131639 43350 111652 65647 21492 19987 16242 21738 11659 3488 46005
is_linear=0
shrinkage=0.03


Tree=59
num_leaves=15
num_cat=0
split_feature=245 228 226 243 140 231 245 222 222 249 249 230 0 0
split_gain=421.942 258.509 308.248 328.722 299.509 261.492 266.214 295.791 244.929 235.504 202.157 202.11 199.087 186.663
threshold=-0.075677461922168718 27.500000000000004 6.5000000000000009 -0.041048767045140259 48.500000000000007 92.500000000000014 -0.20662932842969892 9.5000000000000018 21.500000000000004 0.04545454494655133 0.1565656587481499 74.500000000000014 5.5000000000000009 7.5000000000000009
decision_type=2 8 10 2 8 10 2 10 10 2 2 8 10 10
left_child=1 2 -1 5 8 -4 -7 -8 9 12 -2 -12 -5 -10
right_child=10 -3 3 4 -6 6 7 -9 13 -11 11 -13 -14 -15
leaf_value=0.0096005717778323268 -0.003571620400958896 0.012351737630385523 0.0060700855339590118 0.00090927414500582577 0.0058401400361988405 0.029543089015585396 -0.027374235294710777 0.019004325688231766 -0.026811935425696244 -0.011715516317962109 -0.0014856637465511979 0.0064891540493109785 -0.045340710714841061 0.022337484999221859
leaf_weight=3582.3183220401406 20692.00236107409 2933.4530961290002 4400.516941934824 100.92609469592571 708.39823272824287 112.20959980785847 611.7247576713562 146.91692279279232 92.491770341992378 758.61612847447395 8379.7306076735258 4330.0956722199917 471.72631445527077 208.16620714962482
leaf_count=19088 87572 14427 20127 423 3276 735 2891 719 409 3233 37018 20182 1938 979
internal_value=9.51902e-05 0.00443967 0.0023571 -0.00106004 -0.0103921 0.00309494 -0.0118371 -0.0182623 -0.017431 -0.0229228 -0.00174311 0.00123423 -0.0373138 0.00684123
internal_weight=47529.3 14127.5 11194 7611.69 2340.32 5271.37 870.851 758.642 1631.93 1331.27 33401.8 12709.8 572.652 300.658
internal_count=213017 68245 53818 34730 10258 24472 4345 3610 6982 5594 144772 57200 2361 1388
is_linear=0
shrinkage=0.03


Tree=60
num_leaves=15
num_cat=0
split_feature=238 230 226 231 248 231 231 228 106 248 224 131 228 224
split_gain=348.948 206.226 240.191 289.968 224.84 183.104 261.439 258.821 222.72 201.181 254.958 213.073 201.799 185.178
threshold=-0.20395676791667935 80.500000000000014 12.500000000000002 88.500000000000014 0.32828283309936529 91.500000000000014 75.500000000000014 11.500000000000002 11.500000000000002 0.59090909361839306 12.500000000000002 54.500000000000007 84.500000000000014 1.0000000180025095e-35
decision_type=10 8 10 10 2 10 10 10 10 2 10 10 10 10
left_child=-1 2 3 -2 -3 6 8 -7 -4 11 13 -8 -12 -11
right_child=1 4 5 -5 -6 7 9 -9 -10 10 12 -13 -14 -15
leaf_value=0.0089088953415843563 0.006204362233003238 -0.0016362606636614952 -0.0081573229238893156 -0.0054761109355766207 0.008117296059454349 -0.02498984102408543 -0.0093360995686182363 -0.0023210811535307667 -0.0016430639130256589 0.035839535573584332 0.023948262324322643 0.011042069757722648 -0.028919344709649412 -0.018360736087371338
leaf_weight=3585.829400986433 5987.0933667421341 4129.5686115920544 7012.9611969143152 2799.6114667356014 4370.4821807742119 804.97622112929821 1143.2874808013439 1026.5887858867645 14448.45101326704 60.192790240049362 1029.9933104962111 760.26076044142246 61.051340013742447 292.25679339468479
leaf_count=20444 26826 18351 29709 13108 20662 3418 4906 4486 61377 285 4521 3409 267 1266
internal_value=-7.61737e-05 -0.000811503 -0.00181843 0.00248075 0.00338238 -0.00323683 -0.00255815 -0.0123656 -0.00377454 0.00522941 0.0136342 -0.00118206 0.0207542 -0.00837076
internal_weight=47512.6 43926.8 35426.7 8786.7 8500.05 26640 24808.5 1831.57 21461.4 3347.04 1443.49 1903.55 1091.04 352.45
internal_count=213035 192591 153578 39934 39013 113644 105740 7904 91086 14654 6339 8315 4788 1551
is_linear=0
shrinkage=0.03


Tree=61
num_leaves=15
num_cat=0
split_feature=245 248 245 243 126 237 222 190 248 226 243 226 248 63
split_gain=361.29 214.622 250.356 238.95 206.884 196.331 186.19 200.869 176.309 196.921 280.907 308.158 279.371 175.966
threshold=-0.093972545117139802 0.7929292917251588 -0.075677461922168718 -0.038510775193572037 77.500000000000014 0.10185205563902856 23.500000000000004 82.500000000000014 0.59090909361839306 12.500000000000002 -0.087225511670112596 46.500000000000007 0.68181815743446361 39.500000000000007
decision_type=2 2 2 2 8 2 8 10 2 10 2 10 2 10
left_child=4 2 13 -3 8 -4 7 -5 -1 -10 -11 -12 -13 -2
right_child=1 3 5 6 -6 -7 -8 -9 9 10 11 12 -14 -15
leaf_value=0.012722033466750014 -0.0010172336673128853 -0.0014485322395173651 -0.0021031583243643951 -0.031883805857716926 0.012907001813720948 0.0060878348787544341 -0.0042634436194244601 0.020647241059385143 0.0083342749406128923 -0.04324156976138719 -0.011969904963931355 -0.023303913643398452 0.020171769458677373 0.01152749044631945
leaf_weight=1117.83354370296 1695.7545358687639 1739.0504647493362 30093.255010873079 731.63529096543789 2585.8729506060481 2876.5006739348173 519.3039382994175 65.103655561804771 1321.1054061353207 160.3061430901289 1337.7426852285862 158.04739293456078 644.30250397324562 2459.9368935078382
leaf_count=5892 7654 7597 129300 3051 15338 13651 2320 300 6732 687 5772 710 2868 11213
internal_value=-2.43149e-05 -0.00114176 -0.000511704 -0.00877157 0.00609835 -0.00138689 -0.0183645 -0.0273886 0.00236407 -0.000859308 -0.00615235 -0.00318594 0.0114265 0.00641839
internal_weight=47505.8 40180.5 37125.4 3055.09 7325.21 32969.8 1316.04 796.739 4739.34 3621.5 2300.4 2140.09 802.35 4155.69
internal_count=213085 175086 161818 13268 37999 142951 5671 3351 22661 16769 10037 9350 3578 18867
is_linear=0
shrinkage=0.03


Tree=62
num_leaves=15
num_cat=0
split_feature=238 24 231 231 228 244 224 231 222 47 222 242 60 244
split_gain=351.307 196.185 160.844 158.675 315.831 233.103 214.316 249.513 201.486 190.153 170.562 150.327 147.296 140.656
threshold=-0.14464107900857923 79.500000000000014 66.500000000000014 91.500000000000014 8.5000000000000018 0.0040039366576820621 32.500000000000007 75.500000000000014 12.500000000000002 39.500000000000007 4.5000000000000009 0.041716579347848899 84.500000000000014 0.014504292979836466
decision_type=10 8 10 10 10 2 10 10 10 10 10 8 10 2
left_child=11 3 -3 6 5 -5 9 8 -8 10 13 12 -1 -2
right_child=1 2 -4 4 -6 -7 7 -9 -10 -11 -12 -13 -14 -15
leaf_value=0.0010928632050958807 0.0014343170149476126 -0.00037275375598128297 0.008108194761246976 0.014457029736794179 -0.0010852087347265474 -0.02562209603034582 -0.019064734328820089 0.0042607703557108762 -0.005139284699705789 -0.0028367574112793401 0.0079448171675687036 0.012040095510451581 0.010645137674978298 -0.023586740120405864
leaf_weight=7540.9890156835318 668.10627008974552 6805.997083991766 2847.1595910340548 141.68718849122524 1724.5598380118608 1090.3095651566982 1025.3569628000259 2369.9067674875259 9884.3118302375078 5156.0510414093733 4151.3484149724245 1971.1051311716437 1790.4250021129847 279.31761328876019
leaf_count=36409 2864 30408 13377 632 7632 4703 4284 10327 41492 21633 17791 10820 9317 1193
internal_value=-8.17303e-05 -0.0015254 0.00213447 -0.00285933 -0.00939866 -0.0209335 -0.00203417 -0.00454855 -0.00646434 0.0012231 0.00532608 0.00453221 0.0029351 -0.00611165
internal_weight=47446.6 36144.1 9653.16 26491 2956.56 1232 23534.4 13279.6 10909.7 10254.8 5098.77 11302.5 9331.41 947.424
internal_count=212882 156336 43785 112551 12967 5335 99584 56103 45776 43481 21848 56546 45726 4057
is_linear=0
shrinkage=0.03


Tree=63
num_leaves=15
num_cat=0
split_feature=242 63 230 231 248 65 226 124 248 56 248 26 118 228
split_gain=269.193 203.691 212.834 236.671 211.436 179.222 161.902 159.986 145.116 128.051 119.619 112.936 111.1 119.848
threshold=0.031638966873288162 75.500000000000014 2.5000000000000004 92.500000000000014 0.84343436360359203 89.500000000000014 81.500000000000014 68.500000000000014 0.49999998509883886 35.500000000000007 0.95454546809196483 24.500000000000004 98.500000000000014 6.5000000000000009
decision_type=8 10 8 10 2 10 10 8 2 10 2 10 10 10
left_child=1 2 3 11 5 -5 10 9 -8 -2 12 -1 13 -4
right_child=7 -3 6 4 -6 -7 8 -9 -10 -11 -12 -13 -14 -15
leaf_value=0.013028157279521994 0.0061565028543360085 0.0025584401145963159 -0.010888797729862183 -0.022413347155172455 0.027662176133166273 0.0055449728090036171 -0.002697781246478737 0.0089466404180071398 0.0083356320607698466 -0.0023422898486619051 -0.045659171227522166 -0.0049274235203415201 0.0062770494254563505 -0.0040113517066175932
leaf_weight=1886.1489091962576 2806.0060604661703 9713.2589754983783 2657.4194442778826 572.58547678589821 125.86534954607487 314.33889388293028 2705.1285258382559 4038.9777743518353 1764.3256726562977 3672.794046625495 53.959679439663887 372.63747349381447 812.93461911380291 15963.219816938043
leaf_count=8871 13236 43390 11448 2753 733 1724 11600 21572 8053 16732 238 1630 3890 67185
internal_value=3.62351e-05 -0.0011695 -0.00249982 0.00466757 -0.00733377 -0.0125532 -0.00348015 0.00426826 0.00166657 0.0013424 -0.00466079 0.0100573 -0.00452353 -0.00499817
internal_weight=47459.6 36941.8 27228.6 3271.58 1012.79 886.924 23957 10517.8 4469.45 6478.8 19487.5 2258.79 19433.6 18620.6
internal_count=213055 161515 118125 15711 5210 4477 102414 51540 19653 29968 82761 10501 82523 78633
is_linear=0
shrinkage=0.03


Tree=64
num_leaves=15
num_cat=0
split_feature=242 66 29 52 230 139 244 190 230 122 240 230 146 144
split_gain=275.672 188.187 131.768 122.317 279.815 141.118 120.546 118.459 113.142 114.777 111.32 116.719 122.028 127.307
threshold=0.031638966873288162 76.500000000000014 1.5000000000000002 9.5000000000000018 3.5000000000000004 40.500000000000007 0.058951472863554961 89.500000000000014 37.500000000000007 62.500000000000007 -0.056246245279908173 71.500000000000014 80.500000000000014 11.500000000000002
decision_type=8 10 10 10 8 10 2 10 10 10 10 10 10 10
left_child=1 3 -2 4 -1 -5 10 -7 -4 -10 -3 12 -12 -14
right_child=2 6 8 5 -6 7 -8 -9 9 -11 11 -13 13 -15
leaf_value=0.0043583385774186431 0.010315540945977546 0.010351938916522207 0.0056613039831262682 0.0015763054122464452 -0.010474157317517538 -0.0043513735308517276 0.013210744955877067 0.0074050601411096246 -0.0054468912917746233 0.005233108488055944 0.0016632290102155335 0.0057490031933864708 -0.026140210304080119 -0.0045301855900197335
leaf_weight=1552.9058877378702 2405.4235803857446 1037.0587894916534 4310.4374321550131 7725.2669548839331 4294.8828532248735 11691.525029867887 787.73216082900763 816.8620617389679 2387.8328546583652 1445.7481215596199 3661.1110608875751 2351.6157542765141 260.47122494876385 2739.4450537487864
leaf_count=7436 13278 5343 20951 33167 18248 49231 4117 3588 10519 7035 15815 10712 1142 12602
internal_value=-0.000113989 -0.00133622 0.00416055 -0.0027166 -0.00653461 -0.00161046 0.00198525 -0.00357832 0.00233218 -0.00141604 0.0010931 1.74188e-05 -0.00201165 -0.00648711
internal_weight=47468.3 36918.9 10549.4 26081.4 5847.79 20233.7 10837.4 12508.4 8144.02 3833.58 10049.7 9012.64 6661.03 2999.92
internal_count=213184 161401 51783 111670 25684 85986 49731 52819 38505 17554 45614 40271 29559 13744
is_linear=0
shrinkage=0.03


Tree=65
num_leaves=15
num_cat=0
split_feature=245 242 66 119 244 231 245 230 229 248 226 242 248 248
split_gain=370.052 223.133 213.478 197.089 172.772 252.406 164.705 175.913 163.102 168.803 161.754 346.555 145.264 144.507
threshold=-0.1104091852903366 0.019811893813312057 56.500000000000007 17.500000000000004 0.022415379062294963 22.500000000000004 -0.20662932842969892 15.500000000000002 68.500000000000014 0.43939393758773809 6.5000000000000009 0.026210144162178043 0.63131311535835277 0.6111111342906953
decision_type=2 8 8 8 2 8 2 8 10 2 10 10 2 2
left_child=3 8 -3 -1 5 12 -6 10 -2 -10 13 -12 -5 -8
right_child=1 2 -4 4 6 -7 7 -9 9 -11 11 -13 -14 -15
leaf_value=-0.024404330936007985 -0.0057066001351072423 -0.0016092715895677627 0.0034953122420084662 0.025220297616267498 0.024732530003030325 0.018976251241926943 -0.022325254348097814 0.014828284018024412 -0.0034730928802451308 0.011407864347833422 -0.038630344923746902 0.005595722726152717 -0.032313263112616702 0.016440814012596807
leaf_weight=146.29319798946381 10600.435583397746 16584.447785526514 13260.341578140855 45.744834631681442 257.71113725751638 1932.0654382184148 107.14110846817493 444.49165138602257 1744.1761610358953 1117.3904661983252 316.96158285439014 306.94893488287926 136.16549806296825 325.44297942519188
leaf_count=640 44226 71746 61476 247 1893 10552 703 2596 7455 5271 1476 1681 639 2074
internal_value=2.16134e-05 -0.000787265 0.000659158 0.00871809 0.0100289 0.0157892 0.00305489 -0.000806095 -0.00399204 0.00235715 -0.0074612 -0.0171271 -0.0172851 0.00655186
internal_weight=47325.8 43306.8 29844.8 4018.97 3872.67 2113.98 1758.7 1500.99 13462 2861.57 1056.49 623.911 181.91 432.584
internal_count=212675 190174 133222 22501 21861 11438 10423 8530 56952 12726 5934 3157 886 2777
is_linear=0
shrinkage=0.03


Tree=66
num_leaves=15
num_cat=0
split_feature=245 248 126 248 248 249 243 228 230 230 243 244 228 230
split_gain=329.992 367.242 234.724 172.284 232.617 222.836 223.47 191.843 177.212 317.527 167.82 156.613 184.743 154.332
threshold=-0.075677461922168718 0.58080807328224193 60.500000000000007 0.69191917777061474 0.59090909361839306 0.13636363297700885 -0.052742749452590935 24.500000000000004 81.500000000000014 59.500000000000007 -0.010593852028250693 0.024240670725703243 27.500000000000004 5.5000000000000009
decision_type=2 2 8 2 2 2 2 8 10 10 2 2 10 10
left_child=1 -1 11 4 5 6 -2 -5 9 -9 -6 12 13 -3
right_child=3 2 -4 7 10 -7 -8 8 -10 -11 -12 -13 -14 -15
leaf_value=0.014318322289621269 -0.025941721806891825 0.0059043151875543248 0.0060512146914718946 -0.012899714256296929 0.0075908957483541905 0.0011175574416477771 -0.0037514788960092815 0.0064902597154791906 0.031322651891467157 -0.031193436094690899 -0.023661087793260708 -0.013863868158219987 0.014405967053520687 -0.0063388397079299748
leaf_weight=2488.6410838440061 411.52230541408062 1317.9574736058712 5562.0142534673214 2317.0959451347589 3504.7111868411303 12247.014502808452 13584.145870372653 827.5908944606781 148.88344350457191 254.96259263157845 152.19455164670944 914.71179774403572 647.19612328708172 3061.4133502691984
leaf_count=12980 1730 5983 29169 9776 15153 55133 57296 3505 726 1077 654 4200 2864 13030
internal_value=2.63113e-05 0.00389323 0.00162737 -0.00159197 -0.000848997 -0.00183735 -0.00442201 -0.0078322 0.00173004 -0.00258927 0.00622926 -0.00251728 -0.000429056 -0.00264924
internal_weight=47440.1 13991.9 11503.3 33448.1 29899.6 26242.7 13995.7 3548.53 1231.44 1082.55 3656.91 5941.28 5026.57 4379.37
internal_count=213276 68226 55246 145050 129966 114159 59026 15084 5308 4582 15807 26077 21877 19013
is_linear=0
shrinkage=0.03


Tree=67
num_leaves=15
num_cat=0
split_feature=238 245 101 190 78 63 246 129 245 140 10 56 228 245
split_gain=298.203 213.663 157.416 120.92 118.769 108.337 89.8889 86.3983 119.49 103.759 135.759 152.165 141.16 108.52
threshold=-0.12397858127951621 -0.20662932842969892 5.5000000000000009 90.500000000000014 6.5000000000000009 62.500000000000007 0.020116534084081653 61.500000000000007 -0.044033477082848542 44.500000000000007 64.500000000000014 36.500000000000007 42.500000000000007 -0.069990444928407655
decision_type=10 2 8 10 8 8 2 10 2 10 10 10 10 2
left_child=1 -1 6 7 -3 -6 -2 8 9 10 11 -4 -12 -11
right_child=2 4 3 -5 5 -7 -8 -9 -10 13 12 -13 -14 -15
leaf_value=0.026515484238881431 -0.0025847842252440609 -0.0029105042973221252 0.0041136442539210887 0.0064953497277552277 0.0017137833982522656 0.0071894384085248791 -0.013276744009384375 0.0040585491334974621 -0.005219569423682421 0.0071053246595337034 -0.014545138995137104 -0.0047874431712442694 0.0051001710192687191 -0.00055598087578504385
leaf_weight=339.20212010294199 1309.4618472605944 2727.1221653074026 3044.5815005749464 1795.9399737119675 7989.6242179051042 5484.2134724482894 1545.1579648405313 2262.719452932477 7423.4718553423882 2462.0887909531593 1423.4631760716438 3972.1299271285534 421.70980675518513 5086.3149968236685
leaf_count=2538 5395 13586 13073 8141 36990 27092 6436 10342 31468 11273 5866 16808 1754 21915
internal_value=4.61786e-05 0.00329319 -0.00170103 -0.00101284 0.00279092 0.0039462 -0.00839831 -0.00153184 -0.00206406 -0.000634297 -0.00283445 -0.000924865 -0.010052 0.00194903
internal_weight=47287.2 16540.2 30747 27892.4 16201 13473.8 2854.62 26096.5 23833.8 16410.3 8861.88 7016.71 1845.17 7548.4
internal_count=212677 80206 132471 120640 77668 64082 11831 112499 102157 70689 37501 29881 7620 33188
is_linear=0
shrinkage=0.03


Tree=68
num_leaves=15
num_cat=0
split_feature=76 244 119 248 119 229 243 230 47 229 231 222 118 231
split_gain=229.08 240.14 170.978 197.759 239.797 255.271 294.712 296.935 189.294 175.531 191.535 141.496 134.572 133.77
threshold=86.500000000000014 0.055819895118474967 98.500000000000014 0.7222222387790681 20.500000000000004 40.500000000000007 -0.051808537915349 3.5000000000000004 12.500000000000002 24.500000000000004 81.500000000000014 31.500000000000004 77.500000000000014 89.500000000000014
decision_type=8 2 10 2 10 8 2 8 8 10 10 10 10 8
left_child=2 13 3 -1 -5 6 9 -8 -4 10 -6 -9 -7 -2
right_child=1 -3 8 4 5 12 7 11 -10 -11 -12 -13 -14 -15
leaf_value=-0.00042864410221575197 0.0047254212428540776 0.017192769261784153 -0.013142763989602272 -0.023528415694089744 0.011450041719458411 3.5135963014653727e-05 0.0063449000195672503 -0.01922126010552189 0.0092411717980443852 0.035752645313691163 -0.012258387034457295 0.0012187412860786497 0.02153051357825346 -0.0044980281127989059
leaf_weight=29158.275311417878 5923.4884215220809 1145.114190146327 385.50964063405991 640.74716913700104 666.9742291495204 640.97219990193844 624.95976679027081 2311.6567010432482 2452.5791157186031 133.95252174139023 550.70499300956726 349.54623535275459 433.52782019972801 1849.7308977246284
leaf_count=127224 27288 6586 2093 2625 2998 2711 2805 9746 12291 592 2538 1528 2106 9595
internal_value=9.97648e-05 0.00442778 -0.000907628 -0.00147447 -0.00626623 -0.0042922 -0.00734402 -0.0121833 0.0061652 0.00442464 0.000715207 -0.016542 0.00882642 0.00252763
internal_weight=47267.7 8918.33 38349.4 35511.3 6353.04 5712.29 4637.79 3286.16 2838.09 1351.63 1217.68 2661.2 1074.5 7773.22
internal_count=212726 43469 169257 154873 27649 25024 20207 14079 14384 6128 5536 11274 4817 36883
is_linear=0
shrinkage=0.03


Tree=69
num_leaves=15
num_cat=0
split_feature=242 119 243 248 229 248 231 224 248 226 243 77 248 222
split_gain=217.368 203.577 180.038 155.654 153.705 243.571 190.542 247.921 245.34 208.88 314.11 250.664 244.287 229.148
threshold=0.025095670484006408 17.500000000000004 -0.038510775193572037 0.85353535413742077 59.500000000000007 0.43939393758773809 91.500000000000014 32.500000000000007 0.81313130259513866 7.5000000000000009 -0.051808537915349 11.500000000000002 0.66161617636680614 6.5000000000000009
decision_type=8 8 2 2 10 2 8 10 2 8 2 10 2 10
left_child=4 3 -3 -2 6 -6 7 9 -8 13 12 -12 -11 -1
right_child=1 2 -4 -5 5 -7 8 -9 -10 10 11 -13 -14 -15
leaf_value=-0.00041282351214066336 -0.0035719168389291107 0.0073798963405900635 0.0012026451230758054 -0.03905115494281345 -0.0024113808892140803 0.008973842331748012 -0.015492577143191929 -0.0065267553562906944 0.0044133418616993008 -0.0064115617550063548 -0.013752916063014438 -0.00044972751680147669 0.021723613707735023 0.018328824032969603
leaf_weight=1182.9522861465812 2785.7447494268417 6858.3124325275421 11136.263880655169 106.1180833876133 4299.3904496729374 2774.3998509049416 2101.2915057614446 6318.4502667486668 751.94530886411667 408.86218212544918 1714.9122210592031 4887.1744579672813 831.80921268463135 1154.8971496969461
leaf_count=5460 12048 35116 51108 436 18318 12837 9420 26360 3821 1727 7153 20336 3644 5167
internal_value=8.56117e-05 0.00237226 0.00355979 -0.00500393 -0.0017219 0.00206036 -0.00310477 -0.00186376 -0.0102495 0.00103383 -0.00131462 -0.00392085 0.0124746 0.00888418
internal_weight=47312.5 20886.4 17994.6 2891.86 26426.1 7073.79 19352.3 16499.1 2853.24 10180.6 7842.76 6602.09 1240.67 2337.85
internal_count=212951 98708 86224 12484 114243 31155 83088 69847 13241 43487 32860 27489 5371 10627
is_linear=0
shrinkage=0.03


Tree=70
num_leaves=15
num_cat=0
split_feature=245 238 222 167 244 245 245 233 118 120 230 229 244 244
split_gain=306.145 202.303 204.571 200.086 145.9 136.796 197.123 146.527 152.889 132.505 157.026 121.53 121.461 114.997
threshold=-0.075677461922168718 -0.25169490277767176 15.500000000000002 23.500000000000004 0.046097356826066978 -0.097271446138620363 -0.078993272036313997 56.500000000000007 81.500000000000014 96.500000000000014 1.0000000180025095e-35 54.500000000000007 0.033959373831748969 0.021765369921922687
decision_type=2 10 8 10 2 2 2 8 10 10 8 8 2 2
left_child=1 -1 3 5 9 13 7 8 -7 -2 -11 -5 -9 -3
right_child=4 2 -4 11 -6 6 -8 12 -10 10 -12 -13 -14 -15
leaf_value=0.01675629588221814 -0.002888548548111772 0.0044788413345114584 0.0074500878669899566 0.0043684101947179593 0.0046047614285783731 -0.029633326024796708 0.011034306479915464 0.00011482767761300078 -0.0054759810471092926 -0.01963726217245295 0.0053284425748063788 0.026771041427153731 -0.029412649281633452 -0.0085750006101566988
leaf_weight=986.73448490351439 26998.910734459758 2068.8075917586684 5034.7194518968463 2447.5589735731483 3122.9664070159197 632.39868146181107 363.34449589252472 828.99458920955658 380.98298674821854 235.12153361737728 3048.3413036316633 230.11829839646816 137.70475661754608 848.13041651248932
leaf_count=6815 115350 10004 24247 11559 14650 2644 1593 3591 1691 1029 13896 1212 618 4414
internal_value=-2.52843e-07 0.00372922 0.00272621 -0.000275521 -0.00155938 -0.00367217 -0.00905313 -0.0127761 -0.0206936 -0.00219639 0.00348651 0.00638612 -0.00434939 0.00066697
internal_weight=47364.8 13959.5 12972.8 7938.04 33405.3 5260.36 2343.43 1980.08 1013.38 30282.4 3283.46 2677.68 966.699 2916.94
internal_count=213313 68388 61573 37326 144925 24555 10137 8544 4335 130275 14925 12771 4209 14418
is_linear=0
shrinkage=0.03


Tree=71
num_leaves=15
num_cat=0
split_feature=120 24 233 101 231 230 77 120 140 249 230 190 52 215
split_gain=246.658 182.319 181.03 212.333 164.37 171.748 200.298 143.631 234.884 135.64 123.399 174.831 122.102 98.266
threshold=98.500000000000014 97.500000000000014 68.500000000000014 3.5000000000000004 91.500000000000014 44.500000000000007 21.500000000000004 69.500000000000014 89.500000000000014 0.89393940567970287 10.500000000000002 69.500000000000014 33.500000000000007 46.500000000000007
decision_type=10 8 10 10 10 8 10 10 10 2 10 8 10 10
left_child=1 2 3 9 -2 6 -6 -4 -9 -1 -5 13 -10 -12
right_child=4 -3 7 10 5 -7 -8 8 12 -11 11 -13 -14 -15
leaf_value=-0.0095252511487970409 0.010898156227863758 0.0057222836751663212 -0.0010064723377812604 0.0033726812596300833 0.0060528169162490635 0.018485789643990343 -0.015533014062790037 0.0069626802152596059 -0.033065379587037882 -0.043419497495449773 -0.0031816445120095879 0.0034204568292425862 -0.00062675572905510242 -0.010121869063976564
leaf_weight=2370.6865191683173 2959.0802543312311 3692.2798580825329 8254.5058010667562 3437.6738146841526 764.88803943991661 341.01279103755951 764.58929789811373 5165.5367122069001 193.58906181901693 102.39727036654949 13551.528231829405 3346.2726107090712 215.2343907803297 2118.3576209843159
leaf_count=10262 14665 18765 35004 15708 4652 1847 3948 24055 914 447 58210 14679 1000 8834
internal_value=9.29437e-05 -0.000638506 -0.00124582 -0.00277259 0.00650983 -0.000453447 -0.00476879 0.00150624 0.00522221 -0.0110978 -0.00185111 -0.00279673 -0.0164101 -0.00412573
internal_weight=47277.6 42448.1 38755.8 24926.9 4829.57 1870.49 1529.48 13828.9 5574.36 2473.08 22453.8 19016.2 408.823 15669.9
internal_count=212990 187878 169113 108140 25112 10447 8600 60973 25969 10709 97431 81723 1914 67044
is_linear=0
shrinkage=0.03


Tree=72
num_leaves=15
num_cat=0
split_feature=245 228 238 244 120 243 244 228 129 89 243 120 246 245
split_gain=278.747 212.73 224.795 170.827 244.693 337.756 236.964 209.955 164.033 154.965 142.878 140.054 138.396 135.257
threshold=-0.075677461922168718 27.500000000000004 -0.25169490277767176 0.021765369921922687 69.500000000000014 -0.039296975359320634 0.017941828817129139 14.500000000000002 43.500000000000007 1.0000000180025095e-35 -0.054542422294616692 52.500000000000007 0.040425390005111701 -0.043429188430309289
decision_type=2 8 10 2 8 2 2 10 10 10 2 10 2 2
left_child=1 2 -1 4 5 -4 9 12 10 -7 -2 -12 -5 -13
right_child=8 -3 3 7 -6 6 -8 -9 -10 -11 11 13 -14 -15
leaf_value=0.016390080458722707 -0.012638106733842492 0.010897823079884449 0.0027978578039406349 -0.024171937535164691 0.0086070798288282215 0.0078134082389318456 0.031201294874868602 0.011057281095263745 0.0023749656865568259 -0.026209547909908485 -0.0045751723061404253 0.002145682609842897 -0.0060052535982986896 -0.0042560129499589821
leaf_weight=853.72109115123749 1211.2605718523264 2836.2438860610127 3023.7377209663391 481.57538183033466 3462.996324442327 136.67414160072803 75.625062003731728 512.13968348503113 7669.0833406895399 806.81065137684345 11285.261691361666 8742.9531136751175 1674.3493102267385 4486.188983514905
leaf_count=6007 5250 14320 13262 2220 17073 565 322 2486 34596 3352 47378 38119 8499 19523
internal_value=1.08064e-05 0.00358517 0.00169623 0.000448344 0.00276612 -0.00224598 -0.017093 -0.00605804 -0.00147372 -0.0212507 -0.00262154 -0.00212166 -0.0101561 -2.67978e-05
internal_weight=47258.6 13863.9 11027.6 10173.9 7505.84 4042.85 1019.11 2668.06 33394.7 943.485 25725.7 24514.4 2155.92 13229.1
internal_count=212972 68106 53786 47779 34574 17501 4239 13205 144866 3917 110270 105020 10719 57642
is_linear=0
shrinkage=0.03


Tree=73
num_leaves=15
num_cat=0
split_feature=76 119 248 226 231 118 226 243 222 246 47 38 248 226
split_gain=204.352 159.863 201.026 236.215 340.817 228.727 190.191 278.545 318.819 216.675 188.031 156.488 143.2 142.013
threshold=86.500000000000014 97.500000000000014 0.7222222387790681 57.500000000000007 43.500000000000007 53.500000000000007 8.5000000000000018 -0.048818582668900483 23.500000000000004 0.028115966357290748 13.500000000000002 17.500000000000004 0.34848484396934515 12.500000000000002
decision_type=8 10 2 8 10 10 10 2 10 2 8 10 2 8
left_child=1 2 13 6 5 -5 -4 11 -9 -10 -3 -8 -12 -1
right_child=-2 10 3 4 -6 -7 7 8 9 -11 12 -13 -14 -15
leaf_value=0.0042381323725995514 0.0040281403824548624 -0.01135219790733887 9.0192978094539314e-05 -0.033393373642230884 0.015994168061801504 0.0071801566214808035 -0.011415975337901939 -0.024673174075585027 0.0096490281996153941 -0.032320686621568222 -0.0027997191388882047 0.011556721303420454 0.011800265069275527 -0.0015153790548866144
leaf_weight=4591.3194696158171 8817.8838950544596 530.11071506142616 1329.7924557775259 266.84518374502659 851.44652464985847 222.65381248295307 536.76401770114899 1894.1370197981596 480.87507066130638 132.94762095808983 823.98726096749306 511.32564960420132 2227.0545104593039 23993.377056717873
leaf_count=20955 43166 2823 6116 1089 3866 963 2314 7851 2049 583 3762 2222 11500 103588
internal_value=-8.76519e-05 -0.00103376 -0.00165502 -0.00653496 0.0045922 -0.0151638 -0.00959202 -0.0132028 -0.0186122 0.000186435 0.00499323 -0.000205114 0.00786102 -0.000590082
internal_weight=47210.5 38392.6 34811.5 6226.79 1340.95 489.499 4885.84 3556.05 2507.96 613.823 3581.15 1048.09 3051.04 28584.7
internal_count=212847 169681 151596 27053 5918 2052 21135 15019 10483 2632 18085 4536 15262 124543
is_linear=0
shrinkage=0.03


Tree=74
num_leaves=15
num_cat=0
split_feature=120 215 178 57 231 248 228 248 236 249 243 249 228 222
split_gain=229.637 176.792 144.553 118.208 118.201 185.534 158.282 237.067 178.648 123.564 111.847 150.299 129.209 104.822
threshold=98.500000000000014 43.500000000000007 99.500000000000014 69.500000000000014 91.500000000000014 0.31818181276321417 10.500000000000002 0.82323232293128978 -0.2103566378355026 0.13636363297700885 -0.021206832490861412 0.69191917777061474 93.500000000000014 56.500000000000007
decision_type=8 10 8 10 10 2 8 2 2 2 2 2 10 10
left_child=1 2 3 10 5 -2 7 8 -6 -7 11 12 13 -1
right_child=4 -3 -4 -5 6 9 -8 -9 -10 -11 -12 -13 -14 -15
leaf_value=-0.00017604033816733276 -0.0012151764548812803 -0.0055882485334337291 0.0099108410047694332 0.0022172810897658456 0.014500429628342663 0.006669367634617296 0.012641585472777373 0.012597458385807827 -0.020581574798234629 0.019911579937694487 -0.0045734915747409214 -0.014728756469862868 -0.026188959209255423 0.0075613894472749098
leaf_weight=13462.880841061473 1147.6661584079266 5883.1284223198891 1272.1388716697693 10999.102946326137 150.07536961883307 1289.5974737554789 570.65865470468998 409.29331632703543 754.72399140149355 1267.4197401627898 7487.2097305208445 600.69015946239233 152.19549466669559 1774.6415328830481
leaf_count=59208 5522 24956 6461 49204 1183 6485 3098 2499 3788 7143 32085 2726 688 7944
internal_value=-6.83013e-06 -0.000773815 1.98297e-05 -0.000347902 0.00569711 0.00880187 -0.00041989 -0.00614461 -0.0146678 0.013285 -0.0015501 -0.000132487 0.000446428 0.000729469
internal_weight=47221.4 41632 35748.9 34476.7 5589.43 3704.68 1884.75 1314.09 904.799 2557.02 23477.6 15990.4 15389.7 15237.5
internal_count=212990 183272 158316 151855 29718 19150 10568 7470 4971 13628 102651 70566 67840 67152
is_linear=0
shrinkage=0.03


Tree=75
num_leaves=15
num_cat=0
split_feature=245 119 244 243 245 209 147 243 249 101 245 24 230 140
split_gain=304.681 190.252 164.484 173.934 206.69 155.309 138.593 202.263 156.141 116.281 134.704 122.563 110.848 171.858
threshold=-0.1104091852903366 17.500000000000004 0.022415379062294963 -0.043102772906422608 -0.20662932842969892 51.500000000000007 1.5000000000000002 -0.067331388592720018 0.7222222387790681 2.5000000000000004 -0.044407408684492104 95.500000000000014 5.5000000000000009 24.500000000000004
decision_type=2 8 2 2 2 10 8 2 2 8 2 8 10 10
left_child=1 -1 -3 4 -4 9 -6 8 -8 -2 11 12 -11 -14
right_child=5 2 3 -5 6 -7 7 -9 -10 10 -12 -13 13 -15
leaf_value=-0.024460160338656743 -0.006685073536239183 0.015008834986737024 0.024084748567509473 0.027839757936128522 -0.027675783025512376 -0.0052857600895508247 -0.013374549334554741 0.022870300496292306 0.023482178270980383 0.0055388643429431124 -0.0022565917149379648 0.0086211183357998555 -0.0039707272298225198 0.0022078657283276871
leaf_weight=147.00557035207748 2212.950070515275 2056.745345570147 236.09342290461063 202.7290960624814 208.82207016646862 5841.054345741868 731.23154684156179 230.15958472341299 110.90589063614607 3966.529108248651 11605.84165738523 2082.1968045979738 6305.7188299745321 11292.395721510053
leaf_count=644 9480 11414 1862 1255 1064 24930 4157 1368 733 18469 50657 10765 26574 49711
internal_value=-1.42025e-05 0.00797989 0.00930386 0.0024344 -0.00112031 -0.000740162 -0.00591584 -0.00146169 -0.00830207 -3.02621e-05 0.000389264 0.00168825 0.00101516 -7.03224e-06
internal_weight=47230.4 3923.69 3776.69 1719.94 1517.21 43306.7 1281.12 1072.3 842.137 37465.6 35252.7 23646.8 21564.6 17598.1
internal_count=213083 22497 21853 10439 9184 190586 7322 6258 4890 165656 156176 105519 94754 76285
is_linear=0
shrinkage=0.03


Tree=76
num_leaves=15
num_cat=0
split_feature=236 98 242 76 192 244 242 3 143 242 140 10 249 43
split_gain=195.02 123.623 115.501 128.335 129.983 96.6821 94.878 91.5693 84.2636 80.5789 74.2056 137.189 82.7845 74.0723
threshold=-0.088744387030601488 42.500000000000007 0.041716579347848899 83.500000000000014 84.500000000000014 0.024240670725703243 0.010974107310175897 4.5000000000000009 36.500000000000007 0.023849055171012882 31.500000000000004 64.500000000000014 0.015151515137404205 32.500000000000007
decision_type=2 8 8 10 10 2 10 10 10 10 10 10 2 8
left_child=2 6 3 4 5 8 -2 -7 -1 -5 11 12 -8 -14
right_child=1 -3 -4 9 -6 7 10 -9 -10 -11 -12 -13 13 -15
leaf_value=-0.0058971022678002243 -0.014109897535587092 0.0016722499353281897 0.0092408368266032742 0.0024245817115724727 0.0079874224468207446 -0.018439483312412578 0.0038497912825368069 -0.0034483740314569327 0.0023666071819319419 0.011759673241501938 -0.00063889705188554656 -0.011278582177354108 -0.0017839182914061382 -0.0089260032490890828
leaf_weight=1493.4045745879412 600.29043740034103 9174.9854877069592 2183.525729931891 1795.413296610117 1484.0449505448341 506.09306052327156 1554.177067220211 1289.2652763128281 4239.8235698789358 1551.9831008762121 13068.071683958173 1912.7391996830702 4516.138497158885 1833.252636641264
leaf_count=6477 2626 41097 12280 9105 7085 2606 6416 6252 19752 8659 56279 7819 19013 7574
internal_value=7.33295e-06 -0.00127942 0.00289582 0.00176834 -9.65729e-05 -0.00169858 -0.0024328 -0.00775294 0.000207537 0.00677483 -0.00212046 -0.00409016 -0.00233844 -0.00385684
internal_weight=47203.2 32659.7 14543.6 12360 9012.63 7528.59 23484.7 1795.36 5733.23 3347.4 22884.4 9816.31 7903.57 6349.39
internal_count=213040 140824 72216 59936 42172 35087 99727 8858 26229 17764 97101 40822 33003 26587
is_linear=0
shrinkage=0.03


Tree=77
num_leaves=15
num_cat=0
split_feature=245 229 245 222 230 231 222 224 208 224 230 231 224 120
split_gain=257.584 173.61 189.502 177.454 205.43 285.77 174.055 164.25 167.703 160 153.545 196.147 263.302 182.932
threshold=-0.075677461922168718 45.500000000000007 -0.20662932842969892 28.500000000000004 3.5000000000000004 79.500000000000014 4.5000000000000009 72.500000000000014 23.500000000000004 15.500000000000002 80.500000000000014 91.500000000000014 31.500000000000004 46.500000000000007
decision_type=2 8 2 10 10 10 10 10 10 10 8 10 10 10
left_child=1 2 -1 4 5 6 9 8 -6 -4 11 12 13 -2
right_child=10 -3 3 -5 7 -7 -8 -9 -10 -11 -12 -13 -14 -15
leaf_value=0.02510438389828918 -0.0041677817535283055 0.01072021602629444 0.012627918298012131 0.011397146988724993 -0.0022352250269715023 -0.0020926626696350227 0.025993533533661514 0.028656373095699118 -0.017346531824711561 -0.019796547276782848 0.0022921315081915247 -0.010626498319007447 -0.004472984675315545 0.0046412632897317356
leaf_weight=296.86228338629007 3043.1399031728506 2391.4840306192636 610.65028082579374 1341.3352243155241 5600.1076726689935 1840.8164205774665 723.64732423424721 131.60483743995428 740.1511569917202 166.22580985724926 7515.2326119095087 2455.3036363124847 13416.376909509301 6949.5072627812624
leaf_count=2364 12601 12332 3132 6741 25762 9892 3676 672 3113 719 34206 10784 56990 30258
internal_value=-5.35207e-05 0.00338563 0.00184587 0.00120495 -0.000198375 0.00583224 0.0155039 -0.0033161 -0.00402383 0.00552674 -0.00148036 -0.00257697 -0.0017285 0.00195709
internal_weight=47222.4 13842.9 11451.4 11154.5 9813.2 3341.34 1500.52 6471.86 6340.26 776.876 33379.6 25864.3 23409 9992.65
internal_count=213242 68403 56071 53707 46966 17419 7527 29547 28875 3851 144839 110633 99849 42859
is_linear=0
shrinkage=0.03


Tree=78
num_leaves=15
num_cat=0
split_feature=245 245 248 229 226 245 245 229 241 248 56 222 229 248
split_gain=215.641 145.092 359.497 161.074 269.986 232.342 209.236 261.737 186.855 142.783 191.832 135.522 181.005 130.491
threshold=-0.20662932842969892 -0.075677461922168718 0.58080807328224193 41.500000000000007 12.500000000000002 -0.078993272036313997 -0.093972545117139802 7.5000000000000009 -1.4679041504859922 0.82323232293128978 69.500000000000014 28.500000000000004 36.500000000000007 0.76262626051902782
decision_type=2 2 2 10 8 2 2 10 10 2 10 10 8 2
left_child=-1 2 -2 4 5 6 -4 9 -5 -8 -11 -6 -13 -3
right_child=1 13 3 8 11 -7 7 -9 -10 10 -12 12 -14 -15
leaf_value=0.024462965153771488 0.013061919246515775 -0.00079316391020541532 0.0078039046059186854 0.015723519737889251 -0.0072162319255165853 0.029997286052219487 -0.006106774622354991 0.016028139126800105 -0.0039856657141957314 -0.038762602942738977 0.023177944984735795 0.019556242618915184 -0.025085414128194206 -0.010608800548937909
leaf_weight=313.75234883278608 2385.0360707268119 32090.229302749038 2343.5846634432673 1144.0343295410275 4878.7690980881453 289.87258684635162 604.02714404463768 316.06480367481709 687.4076970666647 301.32258275151253 45.785231605172157 357.63608746230602 95.893999099731445 1257.2207463234663
leaf_count=2558 12643 139388 13255 5739 21518 1358 2730 1475 3216 1309 206 1673 442 5306
internal_value=6.33296e-05 -0.000105451 0.00252378 0.000242438 -0.00137196 0.00461925 0.00250469 -0.00728015 0.00834446 -0.0151117 -0.0301721 -0.00575507 0.0097797 -0.00116629
internal_weight=47110.6 46796.9 13449.4 11064.4 9232.96 3900.66 3610.78 1267.2 1831.44 951.135 347.108 5332.3 453.53 33347.5
internal_count=212816 210258 65564 52921 43966 20333 18975 5720 8955 4245 1515 23633 2115 144694
is_linear=0
shrinkage=0.03


Tree=79
num_leaves=15
num_cat=0
split_feature=245 238 242 81 60 148 245 129 125 224 122 120 228 245
split_gain=232.071 181.416 154.912 144.027 139.342 124.941 110.719 108.838 90.2777 114.76 204.815 143.143 131.215 113.374
threshold=-0.20662932842969892 -0.12805767357349393 0.044215891510248191 53.500000000000007 71.500000000000014 2.5000000000000004 -0.044033477082848542 74.500000000000014 3.5000000000000004 32.500000000000007 34.500000000000007 97.500000000000014 10.500000000000002 -0.07161830365657805
decision_type=2 10 8 10 10 10 2 10 8 8 10 10 8 2
left_child=-1 2 4 8 5 -2 -5 -8 -3 10 -10 12 -11 -14
right_child=1 3 -4 6 -6 -7 7 -9 9 11 -12 -13 13 -15
leaf_value=0.02554139901940649 -0.011133173128537635 -0.0085979273123343181 0.010792355819350926 0.0045916199294133162 0.0061466546462248242 0.00060349485738232084 -0.0030718246736002861 0.012053791753233747 0.0081219571919823996 -0.023882196634114214 -0.0023774083403832031 0.011981021399710719 0.0021357472942468408 -0.0057287100677394657
leaf_weight=310.00350745767355 896.92955537885427 2134.4961256086826 1829.1543697118759 5263.6350172609091 4000.3498428836465 8162.4251098930836 4515.6169354617596 463.03448323905468 2317.7798605263233 304.66875198483467 5927.395677998662 469.55549749732018 2041.4365164488554 8490.2417577952147
leaf_count=2566 4349 8839 10116 23929 20242 37812 19616 2155 9931 1260 25200 2218 9215 35581
internal_value=8.04189e-05 -9.3593e-05 0.00264007 -0.00136881 0.00149087 -0.000569499 0.00156204 -0.00164374 -0.00275315 -0.00211098 0.000580304 -0.00407245 -0.00477848 -0.0042037
internal_weight=47126.7 46816.7 14888.9 31927.9 13059.7 9059.35 10242.3 4978.65 21685.6 19551.1 8245.18 11305.9 10836.3 10531.7
internal_count=213029 210463 72519 137944 62403 42161 45700 21771 92244 83405 35131 48274 46056 44796
is_linear=0
shrinkage=0.03


Tree=80
num_leaves=15
num_cat=0
split_feature=238 230 104 61 230 189 190 242 134 228 129 44 120 14
split_gain=206.846 137.23 156.782 147.201 143.762 121.995 121.09 95.2376 95.0042 124.287 94.3068 88.8792 84.5316 81.3397
threshold=-0.1246407814323902 3.5000000000000004 88.500000000000014 17.500000000000004 71.500000000000014 66.500000000000014 88.500000000000014 1.0000000180025095e-35 87.500000000000014 4.5000000000000009 57.500000000000007 6.5000000000000009 95.500000000000014 10.500000000000002
decision_type=10 10 10 8 10 10 10 10 10 10 10 10 8 10
left_child=1 2 3 -1 5 8 10 -5 13 -10 -2 -4 -9 -3
right_child=6 4 11 7 -6 -7 -8 12 9 -11 -12 -13 -14 -15
leaf_value=0.01410777324586159 -0.0024619324177685524 -0.0049193568866283399 -0.042162905918457907 0.020232689456859257 0.0090144188245347458 0.0052808294043766562 0.0055549191242091076 0.0062267170304674728 0.020169520098500097 -0.023344603328765045 0.0031915404361301586 0.0015178431921514062 -0.0060346789107622633 0.0015940453612102278
leaf_weight=2067.0620502084494 25912.951643913984 3231.6714265570045 77.71914379298687 247.90742228925228 1739.6910027489066 2581.8050884455442 2104.4328824132681 1149.178156979382 62.987127169966698 341.46696273237467 2950.0137371271849 79.019443511962891 888.26114125549793 3681.762882553041
leaf_count=11917 110624 14626 396 1670 8438 12756 9557 5577 416 1695 13475 427 5051 16404
internal_value=5.92264e-05 0.00281085 0.00724797 0.00832523 0.00108714 -0.000313628 -0.0013761 0.00305632 -0.00229191 -0.0162448 -0.0018832 -0.021371 0.000877758 -0.00145334
internal_weight=47115.9 16148.5 4509.15 4352.41 11639.4 9899.69 30967.4 2285.35 7317.89 404.454 28863 156.739 2037.44 6913.43
internal_count=213029 79373 25038 24215 54335 45897 133656 12298 33141 2111 124099 823 10628 31030
is_linear=0
shrinkage=0.03


Tree=81
num_leaves=15
num_cat=0
split_feature=236 66 108 186 52 120 4 243 120 62 226 226 248 224
split_gain=168.385 138.82 97.0283 103.618 96.2598 90.3812 100.333 108.589 84.4406 108.351 82.9472 88.9744 99.9097 153.197
threshold=-0.088744387030601488 77.500000000000014 21.500000000000004 32.500000000000007 25.500000000000004 99.500000000000014 5.5000000000000009 -0.038832848891615861 91.500000000000014 18.500000000000004 54.500000000000007 3.5000000000000004 0.85353535413742077 7.5000000000000009
decision_type=2 10 8 8 10 10 8 2 10 10 8 10 2 10
left_child=1 5 4 -4 -2 6 10 -8 9 -6 11 -1 -13 -14
right_child=2 -3 3 -5 8 -7 7 -9 -10 -11 -12 12 13 -15
leaf_value=0.0045352394737294523 -0.0064850267850432635 0.007274125289254395 -0.0031780356432768971 0.00177710752236524 0.012932991802548402 0.0097219751126821474 0.0056850975391499834 -0.0021037248178337247 0.0050497929227038768 -0.0032743602726573321 0.0060571318686192662 -0.0063237316639753226 0.0059379319658832445 -0.033979795279043934
leaf_weight=448.75149630755186 4749.5531633645296 4258.2502995282412 5396.524271696806 12757.142174765468 380.0280499458313 922.09911972284317 3362.082271464169 3076.8768831342459 1579.7049884349108 7799.58112873137 502.5046174004674 1378.2030288875103 116.10762959718704 301.58919155597687
leaf_count=2397 19738 22882 23533 56021 1624 5291 16575 14111 7176 32796 2320 6339 566 1310
internal_value=3.17774e-05 0.00273736 -0.00115874 0.000303158 -0.00298682 0.00082088 -8.22096e-05 0.00196569 -0.00127946 -0.00250649 -0.00487194 -0.00733461 -0.0103093 -0.0230044
internal_weight=47029 14366.5 32662.5 18153.7 14508.9 10108.2 9186.12 6438.96 9759.31 8179.61 2747.16 2244.65 1795.9 417.697
internal_count=212679 71791 140888 79554 61334 48909 43618 30686 41596 34420 12932 10612 8215 1876
is_linear=0
shrinkage=0.03


Tree=82
num_leaves=15
num_cat=0
split_feature=245 248 243 245 230 243 244 222 224 119 248 230 248 224
split_gain=234.109 167.758 190.781 179.461 172.106 146.159 146.934 149.304 153.187 145.722 145.331 255.647 195.485 191.534
threshold=-0.096477255225181566 0.7929292917251588 -0.038510775193572037 -0.075677461922168718 62.500000000000007 -0.054542422294616692 0.055000575259327895 11.500000000000002 32.500000000000007 13.500000000000002 0.82323232293128978 2.5000000000000004 0.6111111342906953 48.500000000000007
decision_type=2 2 2 2 10 2 2 8 8 8 2 10 2 8
left_child=9 3 4 -2 -3 6 7 -5 -9 -1 12 -12 -11 -14
right_child=1 2 -4 5 -6 -7 -8 8 -10 10 11 -13 13 -15
leaf_value=-0.017624421186882566 0.0053014763920094937 -0.0035680677263092092 -0.01537922706127034 -0.022458068482939866 0.02987647452267865 -0.00057995678948796411 0.016789949728991147 0.019248125572046821 -0.011948040207645325 0.010794556302588507 0.025992270546825156 0.0049659345161894106 -0.0067592584745375696 0.017828650795618576
leaf_weight=228.91977944970131 4589.9973147809505 1692.2703122794628 1454.6645729392767 723.98033630847931 140.75108695030212 31359.943112745881 156.43001179397106 191.41881585121155 468.38738836348057 1543.384309887886 785.04551939666271 1525.058140642941 1888.2958178296685 325.74632989615202
leaf_count=1003 21363 7402 6300 3071 660 136042 794 851 2066 9423 4840 7559 9854 1748
internal_value=1.21082e-05 -0.000819608 -0.00730673 -0.000248925 -0.00085181 -0.00102465 -0.0100168 -0.0131459 -0.00274536 0.00539133 0.00628725 0.0121926 0.00263387 -0.0030778
internal_weight=47074.3 40777.8 3287.69 37490.2 1833.02 32900.2 1540.22 1383.79 659.806 6296.45 6067.53 2310.1 3757.43 2214.04
internal_count=212976 178549 14362 164187 8062 142824 6782 5988 2917 34427 33424 12399 21025 11602
is_linear=0
shrinkage=0.03


Tree=83
num_leaves=15
num_cat=0
split_feature=238 226 192 242 190 215 252 226 226 69 233 249 20 224
split_gain=183.291 121.652 119.978 114.792 109.466 106.345 83.0681 78.3488 92.0686 91.8961 89.7281 87.9148 86.9158 76.4098
threshold=-0.1351419389247894 1.5000000000000002 79.500000000000014 0.03277221322059632 90.500000000000014 63.500000000000007 0.13002067059278491 44.500000000000007 6.5000000000000009 6.5000000000000009 36.500000000000007 0.77272728085517894 22.500000000000004 32.500000000000007
decision_type=10 10 10 8 10 10 2 10 10 10 8 2 10 8
left_child=1 -1 3 7 5 6 13 8 11 -10 -9 -3 -12 -2
right_child=4 2 -4 -5 -6 -7 -8 10 9 -11 12 -13 -14 -15
leaf_value=0.0094559208978963593 0.0007935038599705069 0.00018996914108046321 0.0095462003499062874 0.0054627153477040617 0.0057440413571298154 -0.0062282096642993891 0.0062532939067183801 -0.0032672906546892867 0.0010309281166733081 -0.0095895603260971046 0.014142437468563045 0.024454378182594709 -0.0043564806232207305 -0.0025202978747224602
leaf_weight=2210.8406374454498 10059.302950620651 897.41977974027395 1524.0787109583616 2910.0922179743648 1963.9898234009743 3816.1966805160046 1380.5803861990571 1049.12678103894 1057.9625832587481 2365.8074304163456 795.81373779475689 148.09214976429939 313.61660975217819 16564.118855670094
leaf_count=13110 43141 4646 7542 15298 8993 16065 6721 4700 4766 10949 3539 834 1405 71331
internal_value=6.16362e-05 0.00304744 0.00175926 0.000506284 -0.00111196 -0.00153679 -0.00089548 -0.00167489 -0.00393892 -0.00631433 0.00300931 0.00382604 0.00892091 -0.00126839
internal_weight=47057 13272.9 11062 9537.93 33784.2 31820.2 28004 6627.84 4469.28 3423.77 2158.56 1045.51 1109.43 26623.4
internal_count=213040 66789 53679 46137 146251 137258 121193 30839 21195 15715 9644 5480 4944 114472
is_linear=0
shrinkage=0.03


Tree=84
num_leaves=15
num_cat=0
split_feature=238 60 209 245 246 224 68 137 242 224 246 106 224 226
split_gain=189.007 152.257 126.238 122.542 111.683 119.06 98.73 196.218 115.114 96.5139 126.297 133.825 103.434 91.6374
threshold=-0.26422083377838129 69.500000000000014 52.500000000000007 -0.07161830365657805 0.060527648776769645 95.500000000000014 17.500000000000004 90.500000000000014 0.031478056684136398 16.500000000000004 0.029964536428451542 78.500000000000014 98.500000000000014 15.500000000000002
decision_type=10 8 10 2 2 10 10 8 8 8 2 10 10 10
left_child=-1 2 6 9 5 -5 7 8 -2 10 13 -12 -11 -3
right_child=1 3 -4 4 -6 -7 -8 -9 -10 12 11 -13 -14 -15
leaf_value=0.012087157477226523 -0.0048560312788022237 0.015487433642159531 -0.0061597393983240283 -0.0018230889010127712 0.0074562295267974008 0.016507453489370303 0.00035053200840875484 -0.03043930218882105 0.0052295988077882966 0.010986053184807502 -0.0011042531571228628 -0.030849595764040706 -0.028946969964574239 -0.0044868039017802392
leaf_weight=1129.0650969296694 5131.4734103530645 680.74837099760771 4419.5513916388154 7941.1789993941784 1641.204687282443 322.26581645011902 20190.93910381943 231.13922311365604 1261.3666367307305 2532.1379710957408 1065.1991235613823 146.21444322913885 50.416612327098846 289.62044641375542
leaf_count=7781 22388 3569 18817 34679 7938 1484 88000 1127 6321 12804 5629 742 310 1325
internal_value=1.55809e-05 -0.000283906 -0.00146785 0.00223634 0.000332933 -0.00108913 -0.000692545 -0.00386774 -0.00286098 0.00618438 0.00152713 -0.00491762 0.0100978 0.00954088
internal_weight=47032.5 45903.5 31234.5 14669 9904.65 8263.44 26814.9 6623.98 6392.84 4764.34 2181.78 1211.41 2582.55 970.369
internal_count=212914 205133 136653 68480 44101 36163 117836 29836 28709 24379 11265 6371 13114 4894
is_linear=0
shrinkage=0.03


Tree=85
num_leaves=15
num_cat=0
split_feature=242 76 229 248 228 117 122 193 229 47 228 226 243 243
split_gain=164.842 202.803 161.531 191.708 168.027 139.385 135.195 132.471 155.682 150.153 120.991 111.666 231.494 184.82
threshold=0.024370121769607071 86.500000000000014 59.500000000000007 0.49999998509883886 93.500000000000014 84.500000000000014 32.500000000000007 72.500000000000014 68.500000000000014 79.500000000000014 21.500000000000004 6.5000000000000009 -0.087225511670112596 -0.060263033956289284
decision_type=8 10 10 2 10 10 8 8 8 8 10 8 2 2
left_child=2 7 6 -4 5 10 -1 8 -2 -10 -5 -8 -13 -14
right_child=1 -3 3 4 -6 -7 11 -9 9 -11 -12 12 13 -15
leaf_value=0.0029007583417662761 0.00034367683655178369 0.0090966060220243478 -0.0011312545995520024 -0.020439963600175578 -0.016369756521549268 0.022864701505536843 0.00079370573152235638 0.0037345693530820628 -0.013929281404897114 0.0036991410817187116 0.0094747313058357457 -0.030935086864409274 0.0075431401565656019 -0.0059690336671199083
leaf_weight=2829.6692222207785 9212.4029370993376 3027.4903835505247 4539.0275289267302 127.71085892617702 191.75807051360607 717.78976172208786 3167.6091639325023 7882.2407707199454 1462.3243702352047 612.06721013784409 1067.0164511799812 304.69327810406685 985.11412035673857 10957.127960555255
leaf_count=11784 43021 15927 19336 556 1028 3827 15114 37243 6397 2912 4635 1415 4346 45714
internal_value=1.52043e-05 0.00189436 -0.00166085 0.00234192 0.00980364 0.0124994 -0.00311888 0.000752715 -0.00133115 -0.00873507 0.00613387 -0.00422507 -0.00552275 -0.00484904
internal_weight=47084 22196.5 24887.5 6643.3 2104.28 1912.52 18244.2 19169 11286.8 2074.39 1194.73 15414.5 12246.9 11942.2
internal_count=213255 105500 107755 29382 10046 9018 78373 89573 52330 9309 5191 66589 51475 50060
is_linear=0
shrinkage=0.03


Tree=86
num_leaves=15
num_cat=0
split_feature=245 231 248 245 248 228 245 228 231 229 231 140 245 224
split_gain=200.559 172.015 185.692 291.177 170.973 294.044 235.744 188.758 168.776 296.201 353.607 238.507 150.532 199.665
threshold=-0.09922825917601584 22.500000000000004 0.56060606241226207 -0.10331549495458602 0.71212121844291698 22.500000000000004 -0.075209613889455781 82.500000000000014 81.500000000000014 12.500000000000002 71.500000000000014 50.500000000000007 -0.069346994161605821 27.500000000000004
decision_type=2 8 2 2 2 8 2 10 10 8 10 10 2 10
left_child=1 2 -1 -4 6 8 -2 -7 9 -6 11 -11 13 -10
right_child=4 -3 3 -5 5 7 -8 -9 12 10 -12 -13 -14 -15
leaf_value=0.017887032580399011 0.0074701615285843927 0.0070922332561775712 -0.034441635552303604 0.019691652931977933 0.0030050145976042056 0.007208513077091922 -0.00061818828697889224 -0.020404403073793799 -0.017092198218570588 -0.026162135592157559 0.030480513542767956 0.002427925580700767 -0.035902932094106638 0.016253037495866117
leaf_weight=150.73577397316694 3618.9030085727572 5144.398437872529 317.22391028702259 115.56638377904892 1849.5389408022165 2003.0754575282335 30497.204618558288 240.82007975876331 1107.174825951457 1065.4070481359959 132.89865316450596 345.33948655426502 297.76408931612968 180.80183477699757
leaf_count=895 17219 29138 1445 521 8104 8906 132605 1173 4815 4343 578 1489 1250 813
internal_value=8.29361e-05 0.00533882 -0.00997838 -0.0198684 -0.000646435 -0.00483611 0.00024173 0.00416765 -0.00889413 -0.00509189 -0.0147502 -0.0191957 -0.0169473 -0.0123222
internal_weight=47066.9 5727.92 583.526 432.79 41338.9 7222.82 34116.1 2243.9 4978.92 3393.18 1543.65 1410.75 1585.74 1287.98
internal_count=213294 31999 2861 1966 181295 31471 149824 10079 21392 14514 6410 5832 6878 5628
is_linear=0
shrinkage=0.03


Tree=87
num_leaves=15
num_cat=0
split_feature=245 190 245 248 244 93 228 146 244 230 245 246 146 104
split_gain=189.616 150.971 127.158 290.307 204.973 193.177 183.992 183.752 233.339 271.316 183.511 141.651 136.57 139.428
threshold=-0.20662932842969892 90.500000000000014 -0.075677461922168718 0.58080807328224193 0.024240670725703243 40.500000000000007 17.500000000000004 71.500000000000014 0.0029695603298023347 3.5000000000000004 -0.078993272036313997 0.010280616115778686 98.500000000000014 44.500000000000007
decision_type=2 10 2 2 2 8 8 10 2 10 2 2 10 10
left_child=-1 2 3 -2 7 6 -6 8 9 -5 11 -10 13 -9
right_child=1 -3 -4 4 5 -7 -8 12 10 -11 -12 -13 -14 -15
leaf_value=0.023665423043467887 0.011967691414357724 0.0074230566253404885 -0.0014288220579806834 0.023564650582387468 -0.024946736283259174 -0.00033386903227787914 0.0033076028245606942 0.0070518199616366852 0.011578725460397846 -0.025677095469527716 0.016745243156535982 -0.003840628357126914 -0.00618722059878984 0.023822192873104095
leaf_weight=296.50108503550291 2214.3724188283086 2327.2332002744079 31433.035912767053 113.40035899728537 754.73053328692913 1425.7925606742501 281.68257769197226 2156.3855953663588 639.51983186602592 575.8186848461628 588.56782533228397 3065.363860398531 514.26253291964531 558.19991153478622
leaf_count=2579 12013 10921 135958 545 3739 7406 1474 10730 2892 2477 2586 13784 2749 3005
internal_value=0.000146355 -8.17437e-06 -0.000399963 0.0021085 5.3828e-05 -0.00752046 -0.0173094 0.00233135 -0.00128224 -0.017354 0.00133206 -0.00115501 0.00789447 0.0105751
internal_weight=46944.9 46648.4 44321.1 12888.1 10673.7 2462.21 1036.41 8211.52 4982.67 689.219 4293.45 3704.88 3228.85 2714.59
internal_count=212858 210279 199358 63400 51387 12619 5213 38768 22284 3022 19262 16676 16484 13735
is_linear=0
shrinkage=0.03


Tree=88
num_leaves=15
num_cat=0
split_feature=245 119 230 226 242 63 245 243 161 230 246 245 222 52
split_gain=179.385 144.22 141.427 185.535 264.6 126.135 122.246 151.237 152.674 114.767 133.551 142.763 163.299 128.008
threshold=-0.1104091852903366 19.500000000000004 17.500000000000004 6.5000000000000009 0.026683841831982139 77.500000000000014 -0.20662932842969892 -0.10134678333997725 82.500000000000014 1.5000000000000002 0.059782449156045921 -0.09922825917601584 3.5000000000000004 8.5000000000000018
decision_type=2 8 8 10 10 10 2 2 10 10 2 2 10 10
left_child=1 -1 3 -3 6 9 -5 -8 -9 10 11 -2 -13 -11
right_child=5 2 -4 4 -6 -7 7 8 -10 13 -12 12 -14 -15
leaf_value=-0.019568255463243346 0.020549235474411006 0.012287403363007082 0.016720994987156033 0.022059685589631679 0.010581526342435249 0.0024091606952228541 -0.052179706390193592 -0.024542238820565034 0.007315143296987122 -0.0063741398663441327 0.013818664363639432 -0.013477772815279477 0.0034929450122358221 -0.0011215071745873273
leaf_weight=175.41729615628719 268.98159171640873 1192.8307483270764 1066.0144627913833 61.345675729215145 611.41589965671301 10152.848964303732 99.592593610286713 368.81988552212715 204.83076018095016 5019.0737064033747 875.60672723501921 756.3968682512641 1518.6073235198855 24648.421317629516
leaf_count=772 1483 8235 6111 472 3614 45778 470 1722 980 21619 4776 3543 7071 106560
internal_value=3.40806e-05 0.00629209 0.00760115 0.0037213 -0.00390462 -0.000514357 -0.015942 -0.0196769 -0.0132366 -0.0014119 0.00378493 0.00029087 -0.0021838 -0.00201198
internal_weight=47020.2 3780.27 3604.85 2538.84 1346 43239.9 734.589 673.243 573.651 33087.1 3419.59 2543.99 2275 29667.5
internal_count=213206 22376 21604 15493 7258 190830 3644 3172 2702 145052 16873 12097 10614 128179
is_linear=0
shrinkage=0.03


Tree=89
num_leaves=15
num_cat=0
split_feature=242 76 229 248 231 233 231 248 120 246 243 119 224 50
split_gain=154.494 199.21 136.139 188.169 182.772 202.398 170.794 221.379 139.444 134.696 151.169 132.934 126.631 119.339
threshold=0.024287560023367408 86.500000000000014 68.500000000000014 0.43939393758773809 91.500000000000014 14.500000000000002 96.500000000000014 0.84343436360359203 75.500000000000014 0.059782449156045921 -0.023881457746028897 17.500000000000004 16.500000000000004 78.500000000000014
decision_type=8 10 10 2 8 8 10 2 8 2 2 8 10 10
left_child=2 11 4 -4 5 -1 12 9 -7 10 -8 -2 -6 -5
right_child=1 -3 3 13 6 8 7 -9 -10 -11 -12 -13 -14 -15
leaf_value=-0.0075885934631347964 -0.0052452999784191792 0.0090464665852907217 -0.0015762842032626383 0.012333787878345799 -0.024205201273899937 -0.001695713843259272 -0.01844928802691714 0.028453841415015751 0.005126001461186149 0.0070578503568764989 0.019133190511299789 0.0017987202306574311 -0.0046355733435823982 -0.021513913346888056
leaf_weight=3806.9456706941128 2816.7056794017553 3015.4616526961327 3119.6474260389805 1726.0873601511121 868.67243591696024 9417.4669952616096 746.93201924115419 171.16327445954084 3767.4428969994187 407.30401858687401 102.11164385080338 16399.863501004875 458.45756666362286 90.17966690659523
leaf_count=16063 12045 16012 13332 8380 3847 39024 3380 1088 16823 2076 442 77839 1990 446
internal_value=7.74761e-05 0.001891 -0.00155611 0.00289614 -0.00266991 -0.00150503 -0.00982397 -0.00258763 0.000255924 -0.00700798 -0.0137593 0.000764038 -0.0175301 0.0105446
internal_weight=46914.4 22232 24682.4 4935.91 19746.5 16991.9 2754.64 1427.51 13184.9 1256.35 849.044 19216.6 1327.13 1816.27
internal_count=212787 105896 106891 22158 84733 71910 12823 6986 55847 5898 3822 89884 5837 8826
is_linear=0
shrinkage=0.03


Tree=90
num_leaves=15
num_cat=0
split_feature=238 60 94 230 242 228 230 244 59 248 241 140 178 244
split_gain=165.363 140.023 136.673 114.195 108.307 95.187 86.6843 114.524 84.377 81.2293 81.173 72.571 125.859 91.9895
threshold=-0.11199941113591193 72.500000000000014 48.500000000000007 1.5000000000000002 0.041716579347848899 7.5000000000000009 71.500000000000014 0.11410578340291978 79.500000000000014 0.95454546809196483 -1.1170275211334226 31.500000000000004 50.500000000000007 0.016447675414383415
decision_type=10 10 10 8 8 10 10 2 8 2 10 10 10 2
left_child=1 4 11 -3 6 -5 7 8 9 -1 -6 12 13 -2
right_child=2 3 -4 5 10 -7 -8 -9 -10 -11 -12 -13 -14 -15
leaf_value=0.00012658113576892961 -0.0053156933510240725 0.014615827299799031 0.0019607945926533193 -0.0047098703524182661 0.014577215474595683 0.0060565341278379144 0.005884960016474366 -0.030936976347630318 -0.0076810071081883056 -0.028543559340275384 0.0021723848973893363 -0.0011887266073783136 -0.011884058015919343 0.0019554066690949268
leaf_weight=8979.8321250230074 5072.536667868495 1103.2327163890004 7131.5030405074358 918.62056632339954 753.4547114148736 3641.8246938586235 1590.0980855897069 108.45607892423868 1564.7799891754985 79.828749224543571 1266.9209392741323 10575.24324350059 1817.8533629029989 2257.0302114337683
leaf_count=41133 21090 6487 32023 4650 4842 17935 7356 640 7271 398 6358 45327 7396 9819
internal_value=-5.84388e-05 0.00200566 -0.00159642 0.00599515 0.000427277 0.00388227 -0.000630029 -0.00159982 -0.00127153 -0.000157237 0.00684751 -0.00288301 -0.00483832 -0.00307705
internal_weight=46861.2 20007 26854.2 5663.68 14343.4 4560.45 12323 10732.9 10624.4 9059.66 2020.38 19722.7 9147.42 7329.57
internal_count=212725 97070 115655 29072 67998 22585 56798 49442 48802 41531 11200 83632 38305 30909
is_linear=0
shrinkage=0.03


Tree=91
num_leaves=15
num_cat=0
split_feature=245 226 226 242 244 119 101 233 245 224 245 190 237 244
split_gain=181.523 179.112 177.363 157.985 143.137 131.35 130.214 134.815 124.125 116.434 110.012 120.762 107.324 104.394
threshold=-0.1104091852903366 54.500000000000007 6.5000000000000009 0.028252908959984783 0.017238150350749496 45.500000000000007 2.5000000000000004 59.500000000000007 -0.20662932842969892 18.500000000000004 -0.044033477082848542 90.500000000000014 0.075918566435575499 0.0019773815292865042
decision_type=2 10 10 10 2 10 8 8 2 10 2 8 2 2
left_child=1 2 -1 4 -4 -5 7 -2 -6 -10 11 13 -12 -8
right_child=6 -3 3 5 8 -7 10 -9 9 -11 12 -13 -14 -15
leaf_value=0.012483508649676511 -0.012972047097948521 0.025659563729557411 0.00099101878931412988 -0.014006713282593767 0.021225134352411749 0.014214379755734721 -0.0080022254969347624 0.00032500803456821792 -0.033344018948204136 -0.00056100016956600455 -0.0038097811006373621 0.008985073559008282 0.0031029845664462723 0.00085051925197126904
leaf_weight=1343.1429953798652 1489.0209235548973 375.56996712833643 643.85077603906393 180.40989446640015 52.019558973610401 680.83632597327232 1249.7339573577046 1264.7323749661446 354.1356869712472 133.63372351229191 10286.331728711724 1562.0906345695257 2507.0214286446571 24802.21076990664
leaf_count=9468 6284 2232 3011 877 415 4153 5331 5471 1661 616 43891 7706 11738 110195
internal_value=-3.45006e-05 0.00627527 0.00405729 -0.00151112 -0.00859386 0.00820984 -0.000586031 -0.00688595 -0.0198366 -0.0245542 -0.000155095 0.000910364 -0.00245377 0.000422938
internal_weight=46924.7 3763.6 3388.03 2044.89 1183.64 861.246 43161.1 2753.75 539.789 487.769 40407.4 27614 12793.4 26051.9
internal_count=213049 22433 20201 10733 5703 5030 190616 11755 2692 2277 178861 123232 55629 115526
is_linear=0
shrinkage=0.03


Tree=92
num_leaves=15
num_cat=0
split_feature=60 119 193 119 204 242 147 10 148 47 70 143 232 224
split_gain=136.673 124.49 97.0518 132.548 118.053 93.0289 103.384 88.968 93.4107 154.187 77.3212 85.5412 75.7485 74.9179
threshold=68.500000000000014 15.500000000000002 72.500000000000014 97.500000000000014 99.500000000000014 0.022582362405955795 57.500000000000007 2.5000000000000004 12.500000000000002 3.5000000000000004 8.5000000000000018 75.500000000000014 75.500000000000014 95.500000000000014
decision_type=8 8 8 10 8 8 8 10 10 8 10 10 10 10
left_child=2 -2 7 4 -4 6 -3 -1 9 -9 -10 -12 -13 -8
right_child=1 5 3 -5 -6 -7 13 8 10 -11 11 12 -14 -15
leaf_value=0.0031524281479743022 -0.0069066437668382713 0.0034830285519960825 -0.0060312540231555996 0.0094386820344501462 0.001398118398522327 0.0054428506548781464 -0.0055700030824815533 -0.025984726474709129 0.0027754341057951285 -0.0051622265924325013 -0.0050222723901229274 -0.0019523172949030265 0.0082345959120320548 0.014745550527455808
leaf_weight=2222.6887687146664 1183.3672439306974 4209.7475186213851 2416.0308167412877 1453.4889827221632 9309.4941705986857 7640.9581149145961 2359.3170568719506 388.07438055425882 2214.1957142502069 1674.7214248329401 8100.4066231101751 2616.7517555058002 866.10843024402857 165.95527850836515
leaf_count=10858 5082 19065 10173 7357 40461 38945 10442 1726 9849 7337 34435 12017 4129 834
internal_value=0.000111703 0.00240831 -0.00103174 0.000925858 -0.00013653 0.00317934 0.000607108 -0.00245818 -0.00324596 -0.00918603 -0.00235187 -0.00333353 0.00059726 -0.00418201
internal_weight=46821.3 15559.3 31262 13179 11725.5 14376 6735.02 18082.9 15860.3 2062.8 13797.5 11583.3 3482.86 2525.27
internal_count=212710 74368 138342 57991 50634 69286 30341 80351 69493 9063 60430 50581 16146 11276
is_linear=0
shrinkage=0.03


Tree=93
num_leaves=15
num_cat=0
split_feature=238 101 238 233 60 222 94 76 38 230 228 57 192 142
split_gain=151.103 141.429 110.552 104.589 92.6866 89.7989 87.401 80.7169 75.6372 89.1543 83.4193 72.8625 71.0711 69.7158
threshold=-0.22459051012992856 3.5000000000000004 -0.10764382034540175 51.500000000000007 71.500000000000014 78.500000000000014 38.500000000000007 96.500000000000014 9.5000000000000018 7.5000000000000009 7.5000000000000009 55.500000000000007 80.500000000000014 86.500000000000014
decision_type=10 8 10 10 10 10 10 10 10 8 10 10 10 10
left_child=5 3 4 -2 12 -1 7 -4 9 11 -11 -6 -3 -5
right_child=1 2 6 13 8 -7 -8 -9 -10 10 -12 -13 -14 -15
leaf_value=0.0096193470299944153 -0.010336311903100182 -0.00042595501690157118 -0.0030281451115443405 0.00068286898816901308 -0.016314563315942058 -0.0097852477557873029 0.0010479531074065514 0.010020040764867264 0.0077194346694836125 -0.028655599441463828 -0.0027706938108660187 0.011504803561846603 0.0062578152117891798 -0.014906651785488167
leaf_weight=2006.2486219704151 2085.7011879682541 9470.3117839992046 13752.869030557573 2148.9867385700345 91.420298241078854 232.10846027731895 9888.1055313646793 430.76666364073753 3639.9133048951626 135.21077513694763 502.33232466131449 530.49816036969423 1676.6637060195208 283.31097470223904
leaf_count=13299 9023 43039 58086 9513 466 1305 43942 1844 17748 603 2323 2707 7717 1372
internal_value=-1.59034e-05 -0.000398053 0.000169165 -0.00542399 0.0020973 0.0075726 -0.00111648 -0.00262508 0.00553194 -0.000801064 -0.00861814 0.00722197 0.000584087 -0.00118658
internal_weight=46874.4 44636.1 40118.1 4518 16046.4 2238.36 24071.7 14183.6 4899.37 1259.46 637.543 621.918 11147 2432.3
internal_count=212987 198383 178475 19908 74603 14604 103872 59930 23847 6099 2926 3173 50756 10885
is_linear=0
shrinkage=0.03


Tree=94
num_leaves=15
num_cat=0
split_feature=238 190 233 51 245 215 120 137 228 244 67 59 243 244
split_gain=168.705 111.546 118.699 136.099 109.333 91.0831 75.6571 142.421 128.769 167.988 116.666 103.76 119.795 75.1446
threshold=-0.23244462162256238 88.500000000000014 69.500000000000014 3.5000000000000004 -0.1104091852903366 41.500000000000007 69.500000000000014 89.500000000000014 5.5000000000000009 0.0055125725921243438 34.500000000000007 13.500000000000002 -0.037708550691604607 0.10799458995461465
decision_type=10 10 10 8 2 10 8 10 10 2 10 10 2 2
left_child=-1 2 3 -2 -5 13 -4 8 9 -8 -9 -11 -13 -6
right_child=1 -3 6 4 5 -7 7 10 -10 11 -12 12 -14 -15
leaf_value=0.0087377836675794976 -0.0080091879283027724 0.0056944076584297208 -0.00039194549930953257 0.0083124523663234209 -0.00095808508354406296 -0.0059270882071332702 0.016707257748428607 -0.024290567610783218 0.008314722492639242 0.0021810734047601923 0.0020898428532374574 -0.022125727105208465 0.011418041543881636 0.017472979683235038
leaf_weight=1905.7543452829123 2881.5490430369973 2577.7544675692916 7997.1000995784998 1045.9250788390636 20543.684490479529 3627.8250449597836 323.21596695482731 263.51364212483168 4035.5673993527889 531.76483610272408 333.28360102325678 494.96170121431351 111.63323980569839 191.05086830258369
leaf_count=12783 12590 12067 34018 5930 90307 15371 1583 1238 18799 2827 1609 2297 484 1072
internal_value=1.89989e-05 -0.000352441 -0.000721487 -0.00184178 -0.00113947 -0.0015485 0.0015274 0.00404268 0.00555691 -0.00206247 -0.00976668 -0.00749086 -0.0158675 -0.000779919
internal_weight=46864.6 44958.8 42381.1 28290 25408.5 24362.6 14091 6093.94 5497.14 1461.58 596.797 1138.36 606.595 20734.7
internal_count=212975 200192 188125 125270 112680 106750 62855 28837 25990 7191 2847 5608 2781 91379
is_linear=0
shrinkage=0.03


Tree=95
num_leaves=15
num_cat=0
split_feature=245 230 245 245 4 244 224 249 243 230 146 235 230 249
split_gain=167.464 116.25 176.116 125.644 165.963 160.373 156.693 130.386 197.138 154.279 124.052 138.98 110.957 150.06
threshold=-0.20662932842969892 80.500000000000014 -0.047008434310555451 -0.075677461922168718 7.5000000000000009 0.12540433555841449 31.500000000000004 0.085858587175607695 -0.044755548238754266 66.500000000000014 72.500000000000014 6.5000000000000009 3.5000000000000004 0.91414141654968273
decision_type=2 8 2 2 8 2 10 2 2 10 10 10 10 2
left_child=-1 3 -3 4 5 12 10 8 9 -8 11 -5 -2 -14
right_child=1 2 -4 6 -6 -7 7 -9 -10 -11 -12 -13 13 -15
leaf_value=0.022772182483439988 0.0043116964472759822 0.0073348673326216491 -0.0011867912145677457 -0.0083467596702747199 0.0049150693370952044 -0.047874636308973074 -0.010855636430931306 -0.00127684893979483 -0.005269457918143621 -0.039334436958264767 -0.003113530513301827 0.0047573446382123893 -0.0034518933820359495 -0.035267426410129546
leaf_weight=279.80209173262119 1868.1553639769554 4297.4924282878637 4420.0236771553755 819.36581484973431 6574.7122377976775 58.223194822669029 474.26755525171757 7216.6656828969717 6268.7731150537729 268.5758480578661 4792.7164895236492 6014.3990190029144 3383.5120290368795 129.12068235129118
leaf_count=2589 10248 21611 19784 3384 31579 343 1977 31457 25916 1100 21209 25525 15757 566
internal_value=3.77379e-05 -0.000103666 0.00301774 -0.000822837 0.00171126 -0.00216344 -0.00200054 -0.00411059 -0.00702123 -0.0215379 0.000583013 0.00317627 -0.00158093 -0.0047182
internal_weight=46865.8 46586 8717.52 37868.5 12013.7 5439.01 25854.8 14228.3 7011.62 742.843 11626.5 6833.76 5380.79 3512.63
internal_count=213045 210456 41395 169061 58493 26914 110568 60450 28993 3077 50118 28909 26571 16323
is_linear=0
shrinkage=0.03


Tree=96
num_leaves=15
num_cat=0
split_feature=245 226 226 248 243 222 47 231 231 224 147 226 224 243
split_gain=151.643 135.095 155.521 207.89 220.137 137.405 137.057 129.538 127.303 274.976 255.446 200.138 204.008 203.359
threshold=-0.1104091852903366 54.500000000000007 6.5000000000000009 0.60101011395454418 -0.10134678333997725 17.500000000000004 37.500000000000007 22.500000000000004 91.500000000000014 7.5000000000000009 32.500000000000007 4.5000000000000009 34.500000000000007 -0.047300521284341805
decision_type=2 10 10 2 2 10 10 8 10 8 10 8 10 2
left_child=1 2 7 -4 -5 6 -6 -1 11 10 -10 12 13 -2
right_child=8 -3 3 4 5 -7 -8 -9 9 -11 -12 -13 -14 -15
leaf_value=-0.026858945101886463 -0.00084412327903240017 0.022527379009670789 0.014386664474722043 -0.041533491346978944 -0.013981434446540287 0.02890725284730649 0.0060201251134273433 0.013953671497322417 -0.00044376564957897632 0.00024362275463803468 -0.023296436286475534 -0.00057601582436047206 -0.010153752316801138 0.016617615299523179
leaf_weight=64.986283637583256 913.10430298745632 378.14898435026407 543.30574079602957 140.55577430129051 763.06766096502542 100.15397666394711 505.38923946768045 1263.9891412779689 729.71474985778332 3283.8989299237728 1101.1393326595426 34915.703073129058 498.23559999465942 1736.6953978538513
leaf_count=367 4327 2284 3317 717 3725 607 2451 9177 3477 15292 4991 152476 2215 8062
internal_value=-1.59901e-05 0.00575452 0.00381791 -0.00136463 -0.00709254 -0.00327985 -0.00602749 0.0117723 -0.000519651 -0.00495856 -0.01424 7.79656e-05 0.0073103 0.0106199
internal_weight=46938.1 3759.6 3381.45 2052.47 1509.17 1368.61 1268.46 1328.98 43178.5 5114.75 1830.85 38063.7 3148.04 2649.8
internal_count=213485 22645 20361 10817 7500 6783 6176 9544 190840 23760 8468 167080 14604 12389
is_linear=0
shrinkage=0.03


Tree=97
num_leaves=15
num_cat=0
split_feature=245 242 57 229 248 228 118 248 229 78 47 246 245 77
split_gain=153.209 110.637 109.298 105.021 129.309 120.238 80.0535 128.859 163.796 96.5733 158.688 84.0942 78.454 76.5381
threshold=-0.20662932842969892 0.019262029789388183 59.500000000000007 68.500000000000014 0.43939393758773809 93.500000000000014 39.500000000000007 0.7222222387790681 15.500000000000002 8.5000000000000018 1.5000000000000002 0.034114113077521331 -0.047008434310555451 5.5000000000000009
decision_type=2 8 8 10 2 10 10 2 8 8 8 2 2 8
left_child=-1 3 6 13 -5 -6 7 -3 -9 10 11 -8 -11 -2
right_child=1 2 -4 4 5 -7 9 8 -10 12 -12 -13 -14 -15
leaf_value=0.021982026095189049 -0.0097703522346614391 -0.0018924524758782675 0.0027566243232076044 -0.002501537886603543 0.015345974953186521 -0.013307967873912887 0.0051739133650186521 0.0069006382899659347 -0.02366926053610053 0.0027797480018217514 -0.00077696758259914996 -0.041785071919401076 -0.0022055111384334768 -0.0027243962726004123
leaf_weight=273.60438118129969 1647.4506478533149 5093.6268407329917 14311.169940158725 1581.6933061033487 875.04685660451651 146.93094903230667 40.639852397143841 214.9134428948164 546.07246513664722 8663.3372612819076 466.33261292427778 156.78034868091345 4216.2153780907393 8624.3769286349416
leaf_count=2582 7185 21686 67829 6729 4267 794 216 940 2230 41015 2274 743 18534 36215
internal_value=-1.06048e-06 -0.000134863 0.000768753 -0.00249936 0.00287404 0.0111373 -0.0006985 -0.00362652 -0.0150584 0.000568991 -0.0105039 -0.032335 0.00114734 -0.00386287
internal_weight=46858.2 46584.6 33709.1 12875.5 2603.67 1021.98 19397.9 5854.61 760.986 13543.3 663.753 197.42 12879.6 10271.8
internal_count=213239 210657 155467 55190 11790 5061 87638 24856 3170 62782 3233 959 59549 43400
is_linear=0
shrinkage=0.03


Tree=98
num_leaves=15
num_cat=0
split_feature=238 101 139 81 233 226 140 68 224 232 222 243 193 229
split_gain=136.661 119.401 109.239 111.754 106.566 105.315 119.549 124.767 151.346 111.737 88.1716 86.1505 85.3 105.761
threshold=-0.25169490277767176 3.5000000000000004 39.500000000000007 63.500000000000007 71.500000000000014 43.500000000000007 91.500000000000014 17.500000000000004 4.5000000000000009 86.500000000000014 74.500000000000014 -0.008629474323242901 72.500000000000014 66.500000000000014
decision_type=10 8 8 10 8 10 10 10 10 10 10 2 8 10
left_child=10 4 5 11 -2 6 9 8 -8 -3 -1 12 13 -4
right_child=1 2 3 -5 -6 -7 7 -9 -10 -11 -12 -13 -14 -15
leaf_value=0.012345597641371556 -0.0081431093565804049 -0.00048960738001033047 -0.0021016471270542238 0.0022188387341126807 0.0012086207881454793 0.0054108403129620565 0.010375642473433182 -0.0019803198321146076 -0.039099523339276271 0.0058751001643402292 -0.010032739794776055 -0.0099545156585457116 0.00046808314796418284 -0.010587880738667921
leaf_weight=1176.1310457140207 3018.8386683836579 9265.9210430458188 5446.1987041085958 6212.0827401429415 1715.4939560443163 5535.7636192217469 70.136083550751209 530.60594550520182 205.85851979255676 3380.295988291502 175.22447894513607 1283.0986639782786 7096.5547346025705 1738.4288790002465
leaf_count=8581 13327 41521 23272 28342 7896 24966 350 2563 928 16004 1009 5494 31446 7535
internal_value=2.54446e-05 -0.000254736 0.000269427 -0.00118051 -0.00475909 0.00193198 0.000497496 -0.0106283 -0.0266037 0.00121496 0.00939151 -0.00253783 -0.00186498 -0.00416688
internal_weight=46850.6 45499.3 40764.9 21776.4 4734.33 18988.6 13452.8 806.601 275.995 12646.2 1351.36 15564.3 14281.2 7184.63
internal_count=213234 203644 182421 96089 21223 86332 61366 3841 1278 57525 9590 67747 62253 30807
is_linear=0
shrinkage=0.03


Tree=99
num_leaves=15
num_cat=0
split_feature=245 224 224 209 165 244 224 57 229 244 245 4 244 224
split_gain=156.289 134.559 130.059 112.291 100.434 98.4004 130.997 186.533 116.732 109.475 119.275 95.6738 83.0755 109.23
threshold=-0.09922825917601584 1.5000000000000002 66.500000000000014 40.500000000000007 17.500000000000004 0.022415379062294963 21.500000000000004 91.500000000000014 3.5000000000000004 0.0050869749393314132 -0.1246339976787567 11.500000000000002 0.058951472863554961 3.5000000000000004
decision_type=2 8 10 10 8 2 8 10 8 2 2 10 2 10
left_child=1 -1 5 4 -2 8 7 -7 -3 10 -10 -11 13 -6
right_child=3 2 -4 -5 12 6 -8 -9 9 11 -12 -13 -14 -15
leaf_value=0.014592201994600413 -0.0034715981578786474 0.016000813297712926 0.018889126471841135 -0.0042256337747237672 -0.0065450040545393428 -0.018616198855333336 0.0052599883190501181 0.017358837252252873 0.013750950960145039 0.0001971679228661786 -0.021807395314086851 0.016564761455370541 0.0074100416919854585 0.00093367425776746536
leaf_weight=1011.8828616738319 5939.1624067425728 598.52020919322968 389.80045121908188 6459.3116376847029 1878.2574393823743 739.2841324582696 636.67893135547638 148.61625365912914 107.9082248210907 1212.7162433415651 309.27756771445274 427.44208767265081 1609.6308441087604 25409.807247199118
leaf_count=7130 26465 3514 2345 27475 8827 4093 3824 973 521 5814 1434 2254 8043 110710
internal_value=4.13518e-05 0.00474815 0.00254151 -0.000595876 7.81591e-05 0.000975757 -0.00507885 -0.0124685 0.00445738 0.00103802 -0.0125034 0.00453726 0.000808667 0.000416702
internal_weight=46878.3 5582.13 4570.24 41296.2 34836.9 4180.44 1524.58 887.9 2655.86 2057.34 417.186 1640.16 28897.7 27288.1
internal_count=213422 31902 24772 181520 154045 22427 8890 5066 13537 10023 1955 8068 127580 119537
is_linear=0
shrinkage=0.03


Tree=100
num_leaves=15
num_cat=0
split_feature=245 231 228 70 231 245 134 245 224 63 53 178 148 245
split_gain=135.694 122.863 307.724 208.67 237.407 269.376 184.868 327.127 167.232 131.73 127.624 127.217 185.961 141.024
threshold=-0.20662932842969892 91.500000000000014 8.5000000000000018 9.5000000000000018 75.500000000000014 -0.075209613889455781 51.500000000000007 -0.08801392093300818 25.500000000000004 76.500000000000014 58.500000000000007 11.500000000000002 8.5000000000000018 -0.050178920850157731
decision_type=2 10 8 8 8 2 10 2 10 10 10 8 10 2
left_child=-1 3 6 -2 9 8 7 -3 -6 10 -5 12 -7 -13
right_child=1 2 -4 4 5 11 -8 -9 -10 -11 -12 13 -14 -15
leaf_value=0.021095632878806198 0.0049994706911733466 -0.0064240929593360986 0.001994798425257883 -0.0042641035853240531 0.0060949506178210652 -0.033336934732012484 -0.0030615495386464597 -0.0349460029525357 0.024637168944135538 0.0019693799419224088 0.0014915523035173048 0.0095851364320537254 -0.0014539905983950304 -0.0020357681121593936
leaf_weight=264.22946816682816 7629.2080970704556 854.80964289605618 3437.7545499056578 15440.737246319652 969.33407934755087 209.50893406569958 1283.5076861381531 624.99012693762779 801.95739697664976 6409.7259175777435 4464.8735550865531 1712.4181612730026 662.72463122010231 2062.3247142136097
leaf_count=2570 34405 4451 16715 66475 5485 915 6738 2614 4167 28747 19848 7816 2975 9359
internal_value=5.44559e-05 -6.94473e-05 -0.00399747 0.000534868 -0.000506905 0.00466195 -0.0114326 -0.018624 0.0145812 -0.00176887 -0.002973 0.000857842 -0.00940328 0.00324747
internal_weight=46828.1 46563.9 6201.06 40362.8 32733.6 6418.27 2763.31 1479.8 1771.29 26315.3 19905.6 4646.98 872.234 3774.74
internal_count=213280 210710 30518 180192 145787 30717 13803 7065 9652 115070 86323 21065 3890 17175
is_linear=0
shrinkage=0.03


Tree=101
num_leaves=15
num_cat=0
split_feature=63 66 71 231 229 101 140 209 248 229 231 148 20 228
split_gain=112.525 108.12 88.6216 110.088 128.211 128.214 123.085 108.835 79.2788 99.1487 145.603 143.334 135.691 126.909
threshold=72.500000000000014 47.500000000000007 13.500000000000002 92.500000000000014 15.500000000000002 3.5000000000000004 8.5000000000000018 42.500000000000007 0.23737373948097232 54.500000000000007 81.500000000000014 12.500000000000002 4.5000000000000009 5.5000000000000009
decision_type=10 10 10 10 8 10 8 10 2 10 10 10 10 10
left_child=2 -2 3 4 5 -1 -5 -4 -3 10 -10 12 -12 -13
right_child=1 8 7 6 -6 -7 -8 -9 9 -11 11 13 -14 -15
leaf_value=0.00021325951467817777 -0.0034240387005861463 -0.0010815769410169726 -0.00098005186481481266 -0.024025546706878148 -0.00033835521123063025 0.013095719286872138 -0.00085018775464562385 -0.0063803875194335478 0.0065089066685093226 0.010949987279625288 0.0055280754613586808 -0.0095451884974867961 -0.028116380567974122 0.007454948356476432
leaf_weight=1152.9261074215174 2399.0388297960162 2476.9811007380486 21942.35523943603 276.41609954833984 3899.2767811864614 1743.0857394710183 739.68334653973579 3956.9353469088674 4076.317260608077 1938.6182294040918 154.73754219710827 623.85981331020594 325.65983226895332 1039.9685436189175
leaf_count=5529 10538 10987 97964 1424 18074 8306 4102 16896 18812 9442 933 3311 1448 5187
internal_value=-4.73506e-05 0.0023186 -0.000962629 0.00183657 0.00321562 0.00798549 -0.00732743 -0.00180727 0.00361589 0.00504153 0.00318556 -0.00313324 -0.0173877 0.00106173
internal_weight=46745.9 13035.2 33710.7 7811.39 6795.29 2896.01 1016.1 25899.3 10636.1 8159.16 6220.54 2144.23 480.397 1663.83
internal_count=212953 60658 152295 37435 31909 13835 5526 114860 50120 39133 29691 10879 2381 8498
is_linear=0
shrinkage=0.03


Tree=102
num_leaves=15
num_cat=0
split_feature=239 70 224 226 226 228 246 81 232 106 228 228 34 139
split_gain=122.068 119.47 106.929 112.469 111.997 107.32 96.277 93.1283 96.0562 130.945 79.8068 108.248 80.4809 76.08
threshold=-0.042676778510212891 9.5000000000000018 12.500000000000002 4.5000000000000009 29.500000000000004 5.5000000000000009 0.059782449156045921 63.500000000000007 87.500000000000014 89.500000000000014 2.5000000000000004 10.500000000000002 2.5000000000000004 40.500000000000007
decision_type=10 10 10 10 10 10 2 10 8 10 10 10 10 8
left_child=-1 2 3 5 10 6 -2 8 -3 13 12 -12 -5 -10
right_child=1 7 -4 4 -6 -7 -8 -9 9 -11 11 -13 -14 -15
leaf_value=0.0047039512350806776 -0.0055578324268927212 -0.0029382002189128858 0.005690492482597365 -0.028060318726916261 0.0031763767001758798 0.020418884822107169 0.011733931093388945 0.0016232331091242046 0.0055954897203280111 -0.026266217477789865 -0.02254807082148674 -0.00025632818934017998 0.0066683248720216352 -0.0036545480996826138
leaf_weight=4359.3086814507842 765.04382964968681 22613.008930377662 4630.5070364773273 63.287594623863697 795.79595906287432 311.15850734710693 452.92640818655491 7434.1998592987657 2885.4192428141832 132.12211675941944 638.64593932777643 281.31261459738016 322.69525185972452 1097.9697419703007
leaf_count=22645 4025 99311 20354 310 3526 1579 3015 34004 13485 640 2789 1229 1500 4721
internal_value=-7.06311e-05 -0.000562239 0.00267308 -0.00118014 -0.0056725 0.00499119 0.000915643 -0.00134517 -0.00217109 0.00204075 -0.0110479 -0.0158076 0.000409227 0.00304307
internal_weight=46783.4 42424.1 8261.37 3630.87 2101.74 1529.13 1217.97 34162.7 26728.5 4115.51 1305.94 919.959 385.983 3983.39
internal_count=213133 190488 38327 17973 9354 8619 7040 152161 118157 18846 5828 4018 1810 18206
is_linear=0
shrinkage=0.03


Tree=103
num_leaves=15
num_cat=0
split_feature=238 60 242 193 125 75 120 244 244 243 83 67 96 52
split_gain=138.081 113.356 108.848 99.9249 83.4275 85.0118 112.631 88.7039 70.435 90.8831 74.8905 70.0998 70.8395 99.4151
threshold=-0.12333127856254576 83.500000000000014 0.044215891510248191 84.500000000000014 3.5000000000000004 55.500000000000007 95.500000000000014 0.094723999500274672 0.021765369921922687 -0.063064016401767717 12.500000000000002 86.500000000000014 34.500000000000007 86.500000000000014
decision_type=10 10 8 10 8 10 10 2 2 2 8 8 8 8
left_child=1 2 3 8 -2 6 7 11 9 -1 -10 12 13 -6
right_child=4 -3 -4 -5 5 -7 -8 -9 10 -11 -12 -13 -14 -15
leaf_value=0.0086481888892819148 -0.0072206119614928784 0.0074542649829393345 0.0082655498696539847 0.0063946847960465155 -0.0039067008871767955 0.0013661461575983544 0.0053395864723965111 0.017659508279266618 -0.01284197461500523 -0.00097052485099022258 -0.0022406114569706727 -0.010582604095330425 -0.0004678739344881642 -0.023121848581151353
leaf_weight=1042.474392965436 1954.5678723305464 2984.88240852952 1614.8002354726195 1829.4041395485401 7565.1531103551388 10199.85004131496 1677.4662489295006 178.8633618876338 783.69818796217442 5516.9138233363628 2478.6641115695238 1026.9379400834441 7656.5579702407122 240.93047012388706
leaf_count=5610 8080 16094 9367 8744 31709 44593 7766 964 4204 24818 12273 4591 33153 1091
internal_value=-5.05081e-05 0.00218231 0.000991378 -2.3015e-05 -0.0012405 -0.000828644 -0.00204897 -0.00279529 -0.00122367 0.000569001 -0.00481878 -0.00302773 -0.00251947 -0.00452859
internal_weight=46751.2 16250.8 13266 11651.2 30500.3 28545.8 18345.9 16668.4 9821.75 6559.39 3262.36 16489.6 15462.6 7806.08
internal_count=213057 81110 65016 55649 131947 123867 79274 71508 46905 30428 16477 70544 65953 32800
is_linear=0
shrinkage=0.03


Tree=104
num_leaves=15
num_cat=0
split_feature=245 165 226 52 139 226 245 222 245 75 193 122 134 224
split_gain=138.917 115.824 102.897 146.881 135.326 110.901 151.094 108.34 205.933 97.3276 99.2448 95.8743 94.9314 93.702
threshold=-0.20662932842969892 6.5000000000000009 12.500000000000002 11.500000000000002 40.500000000000007 42.500000000000007 -0.047575149685144417 22.500000000000004 -0.081468682736158357 75.500000000000014 72.500000000000014 23.500000000000004 80.500000000000014 66.500000000000014
decision_type=2 8 8 8 8 10 2 10 2 10 8 10 10 10
left_child=-1 -2 13 7 5 11 -7 -4 -9 10 -6 -5 -10 -3
right_child=1 2 3 4 9 6 -8 8 12 -11 -12 -13 -14 -15
leaf_value=0.021380187724540853 -0.0061295150132206896 0.0021332234014433005 -0.0078593829402100798 0.0070956466442785937 -0.0048689252393235415 0.010581263325110718 -0.00055075333935373648 0.020724962572673814 -0.0018930776245354452 0.0034300529115777558 5.8475020325636084e-05 -0.0024764362876161664 -0.029478019294192536 0.014007743488033792
leaf_weight=260.02618165314198 2776.968506783247 8883.2755266577005 3843.6042762026191 1269.3152915388346 6806.4776461571455 2991.7720691934228 1728.1336735486984 362.54321654886007 2121.7583869844675 3373.8781756535172 7991.8629575744271 3558.962141700089 108.68913169205189 631.90296094864607
leaf_count=2568 12536 43388 16718 5639 29303 13996 7546 1865 9001 15210 36018 15681 495 2987
internal_value=-7.52693e-05 -0.000199955 0.000178403 -0.000590333 0.000358105 0.00324795 0.00651287 -0.00466918 7.1702e-05 -0.00116125 -0.00220963 4.94519e-05 -0.00336286 0.00293569
internal_weight=46709.2 46449.1 43672.2 34157 27720.4 9548.18 4719.91 6436.6 2592.99 18172.2 14798.3 4828.28 2230.45 9515.18
internal_count=212951 210383 197847 151472 123393 42862 21542 28079 11361 80531 65321 21320 9496 46375
is_linear=0
shrinkage=0.03


Tree=105
num_leaves=15
num_cat=0
split_feature=242 66 233 68 228 8 136 193 226 248 228 23 149 78
split_gain=117.456 158.707 109.166 102.931 97.0027 93.2326 90.7514 88.268 77.7507 76.8568 108.31 76.7139 76.4706 78.0117
threshold=0.019889350980520252 18.500000000000004 13.500000000000002 20.500000000000004 93.500000000000014 3.5000000000000004 1.5000000000000002 71.500000000000014 83.500000000000014 0.54040405154228222 21.500000000000004 50.500000000000007 24.500000000000004 10.500000000000002
decision_type=8 8 10 10 10 10 8 10 10 2 10 10 8 8
left_child=2 11 8 5 9 -4 -3 12 -1 -5 -11 -2 13 -8
right_child=1 6 3 4 -6 -7 7 -9 -10 10 -12 -13 -14 -15
leaf_value=-0.0095279204457908613 -0.00095037833065790382 0.0078494637657009342 0.0027985669754617966 -0.00081228079455758744 -0.015639635413456501 -0.0066909136583290516 -0.01428288362762032 0.0048193300880366163 0.0013949559002430242 0.00049008742185526301 0.012220627095143011 -0.0077034555832904686 0.0014978889762593548 -0.0016214034094864001
leaf_weight=2611.7109155654907 4676.6160411387682 2162.6997057795525 1254.9938026964664 3136.6143550127745 270.1614937633276 3556.2822110205889 488.62080739438534 5339.7149142622948 752.50665575265884 1511.1558439657092 1324.975039921701 2231.1107633039355 13822.945360712707 3632.1180321350694
leaf_count=10947 20575 12865 6047 13048 1285 14924 2313 24673 3442 6407 5947 9474 64847 16489
internal_value=-0.000113372 0.000890233 -0.00236444 -0.000921834 0.00161879 -0.00421497 0.00198497 0.00143711 -0.0070878 0.00242427 0.00599401 -0.00313952 0.000428499 -0.00315369
internal_weight=46772.2 32353.8 14418.4 11054.2 6242.91 4811.28 25446.1 23283.4 3364.22 5972.75 2836.13 6907.73 17943.7 4120.74
internal_count=213283 151236 62047 47658 26687 20971 121187 108322 14389 25402 12354 30049 83649 18802
is_linear=0
shrinkage=0.03


Tree=106
num_leaves=15
num_cat=0
split_feature=245 63 226 249 245 224 246 106 241 243 226 226 248 57
split_gain=126.766 110.035 116.475 112.783 109.677 194.638 163.097 109.663 104.37 101.29 94.9358 154.868 159.489 130.149
threshold=-0.20662932842969892 63.500000000000007 2.5000000000000004 0.63131311535835277 -0.07161830365657805 26.500000000000004 0.032371418550610549 89.500000000000014 -2.6788123846054073 -0.052742749452590935 40.500000000000007 49.500000000000007 0.83333334326744091 72.500000000000014
decision_type=2 10 8 2 2 10 2 10 10 2 8 8 2 8
left_child=-1 2 -2 10 5 7 9 -3 -5 -6 -4 -12 13 -13
right_child=1 4 3 8 6 -7 -8 -9 -10 -11 11 12 -14 -15
leaf_value=0.020845655140884847 0.0054230487621571288 0.0017427598118167935 -0.0034504789042402381 -0.026238944822398681 -0.021782341649995571 0.012272275392123107 0.004423076760437049 -0.027989463309864761 -0.005895618843255796 -0.0021375667178528588 0.0069090370377264138 -0.0037106253164521374 0.017482244272492956 0.002943698045186109
leaf_weight=251.77296117693186 2211.0241208896041 3133.2362676113844 10139.163838788867 255.90991415828466 235.53755047917366 2178.5109555497766 4726.344010129571 105.76432023197412 1630.770536750555 6365.5367726683617 2624.7457877993584 8639.558325022459 393.77554210275412 3802.0595456212759
leaf_count=2546 11301 15718 44673 1307 988 11121 21765 567 7558 27231 11170 37385 1913 17736
internal_value=2.75929e-05 -8.97301e-05 -0.00118614 -0.00171957 0.00185429 0.00536079 0.000173999 0.000688742 -0.00877879 -0.00287041 -0.00119608 0.000283691 -0.00107547 -0.00167639
internal_weight=46693.7 46441.9 29697 27486 16744.9 5417.51 11327.4 3239 1886.68 6601.07 25599.3 15460.1 12835.4 12441.6
internal_count=212979 210433 133043 121742 77390 27406 49984 16285 8865 28219 112877 68204 57034 55121
is_linear=0
shrinkage=0.03


Tree=107
num_leaves=15
num_cat=0
split_feature=120 226 104 230 69 147 24 226 248 248 248 233 248 249
split_gain=105.952 116.321 120.985 173.1 108.16 105.65 101.144 95.5173 112.028 94.532 124.915 198.252 129.086 90.639
threshold=98.500000000000014 12.500000000000002 36.500000000000007 3.5000000000000004 2.5000000000000004 79.500000000000014 18.500000000000004 81.500000000000014 0.83333334326744091 0.45959596335887914 0.69191917777061474 82.500000000000014 0.59090909361839306 0.12626262754201892
decision_type=10 8 8 8 10 10 8 10 2 2 2 8 2 2
left_child=1 9 4 6 -3 -2 -4 -6 -9 -1 12 -12 -11 -5
right_child=5 2 3 13 7 -7 -8 8 -10 10 11 -13 -14 -15
leaf_value=-0.0019287946473084501 0.0065794069349545342 0.0031860942304365513 -0.034695718478850321 -0.0011711374456571718 -0.0045753461269613261 -0.0045890862621803677 0.0017566758781103553 -0.00017902429349017808 0.030774069169990256 0.0030462905471363043 -0.0051732518374855456 0.011970865022041392 0.016160983759858208 0.0039278341393096435
leaf_weight=2630.1452976241708 3676.920659288764 2497.3907181024551 180.64919424057007 5866.7070291787386 14628.303975135088 953.31238162517548 105.48274514079094 3898.0986579060555 98.152223959565163 1370.033836401999 1837.6617649719119 894.12367578595877 1333.470826625824 6725.7669066339731
leaf_count=11703 20413 10854 806 25188 62877 4843 473 17315 525 6731 8707 4351 6548 31753
internal_value=-2.71899e-05 -0.000501639 -0.00127005 0.00102127 -0.00266695 0.00427501 -0.021652 -0.00345308 0.000656135 0.00273524 0.00499156 0.000461277 0.00955067 0.00155323
internal_weight=46696.2 42066 34000.6 12878.6 21121.9 4630.23 286.132 18624.6 3996.25 8065.44 5435.29 2731.79 2703.5 12592.5
internal_count=213087 187831 149791 58220 91571 25256 1279 80717 17840 38040 26337 13058 13279 56941
is_linear=0
shrinkage=0.03


Tree=108
num_leaves=15
num_cat=0
split_feature=245 231 228 248 226 231 245 134 243 231 248 98 249 70
split_gain=131.256 135.012 299.958 284.949 221.328 213.142 182.548 174.325 177.373 154.825 359.493 222.612 166.534 161.292
threshold=-0.20662932842969892 91.500000000000014 8.5000000000000018 0.82323232293128978 4.5000000000000009 21.500000000000004 -0.097271446138620363 47.500000000000007 -0.040418973192572587 75.500000000000014 0.59090909361839306 69.500000000000014 0.90404042601585399 9.5000000000000018
decision_type=2 10 8 2 8 10 2 10 2 10 2 10 2 8
left_child=-1 4 3 7 5 -2 -5 -3 -9 12 -11 -12 13 -6
right_child=1 2 -4 6 9 -7 -8 8 -10 10 11 -13 -14 -15
leaf_value=0.021443008483276946 -0.011713319888375864 -0.027160693065231552 0.0017337632247985864 0.01431887081601553 0.0037681101326250293 0.010574697836022719 -0.0146985417292715 -0.016325666974928561 0.012128277475476313 -0.0015107717044580749 0.016151754294908956 -0.027006451178335444 -0.029160478262360272 -0.0017897781776677721
leaf_weight=247.34671375900507 433.18089519441128 921.86093424260616 3443.8685194477439 505.55946816504002 5765.8503670021892 3066.6038194149733 304.27573080360889 755.09610296040773 257.44564709812403 3499.4671605080366 2080.3936920315027 104.55872277915478 176.877082683146 25208.79749084264
leaf_count=2556 1938 4214 16796 3089 25392 15202 1287 3864 1257 15886 9894 509 774 110768
internal_value=7.69876e-05 -4.11898e-05 -0.00416353 -0.0115437 0.000592115 0.00779052 0.00336999 -0.0177726 -0.0090432 -9.37346e-05 0.00445483 0.0139728 -0.000924905 -0.000754309
internal_weight=46771.2 46523.8 6188.11 2744.24 40335.7 3499.78 809.835 1934.4 1012.54 36835.9 5684.42 2184.95 31151.5 30974.6
internal_count=213426 210870 30507 13711 180363 17140 4376 9335 5121 163223 26289 10403 136934 136160
is_linear=0
shrinkage=0.03


Tree=109
num_leaves=15
num_cat=0
split_feature=238 101 244 75 120 230 244 248 230 243 230 130 243 142
split_gain=109.697 108.896 99.6756 91.8252 157.068 127.183 104.434 84.3082 80.6329 109.251 103.598 78.6908 77.2296 75.1905
threshold=-0.21471343189477918 3.5000000000000004 0.020083720795810226 55.500000000000007 95.500000000000014 46.500000000000007 0.10129259899258615 0.54040405154228222 2.5000000000000004 -0.048818582668900483 13.500000000000002 11.500000000000002 -0.021206832490861412 75.500000000000014
decision_type=10 8 2 10 10 10 2 2 10 2 10 10 2 10
left_child=-1 2 8 4 6 -6 12 -7 -2 10 -10 -5 -3 -4
right_child=1 3 13 11 5 7 -8 -9 9 -11 -12 -13 -14 -15
leaf_value=0.005972902753939322 0.0061858305452134254 -0.00085194997109652737 -0.0067303095065719696 -0.0012788381449588139 0.00030543640727791617 0.005948714289636693 0.018512909828585777 0.022346215015282941 -0.0088692340761937615 -0.0080935360884965835 0.016950607185565431 0.0032292657071672599 -0.0047622651627476937 -0.02337462185680738
leaf_weight=2621.7827808335423 777.92113279551268 13072.168055340648 702.59163117408752 4980.5442683845758 1719.4220991134644 658.1880187690258 211.32006242126226 497.92488945275545 223.96776355803013 1988.406073346734 341.88531689345837 11558.795323975384 6963.8729812204838 375.17549736052752
leaf_count=17121 3674 57733 3128 23034 8126 3025 1250 2735 1021 8262 1509 51059 29688 1744
internal_value=2.31204e-05 -0.000332097 -0.00479869 0.000165617 -0.00105504 0.00549405 -0.0019874 0.013142 -0.00221732 -0.00479071 0.00675442 0.00187177 -0.00221275 -0.0126859
internal_weight=46694 44072.2 4409.95 39662.2 23122.9 2875.54 20247.4 1156.11 3332.18 2554.26 565.853 16539.3 20036 1077.77
internal_count=213109 195988 19338 176650 102557 13886 88671 5760 14466 10792 2530 74093 87421 4872
is_linear=0
shrinkage=0.03


Tree=110
num_leaves=15
num_cat=0
split_feature=136 52 230 57 226 147 226 242 243 243 248 117 243 226
split_gain=99.8643 90.5324 127.335 107.153 90.2473 104.814 96.6548 105.703 87.8332 94.7654 86.7111 80.0237 98.5382 76.6623
threshold=3.5000000000000004 8.5000000000000018 3.5000000000000004 69.500000000000014 6.5000000000000009 21.500000000000004 29.500000000000004 0.025639879517257217 -0.021206832490861412 -0.02323960047215223 0.37878787517547613 89.500000000000014 -0.089370332658290849 1.0000000180025095e-35
decision_type=8 8 10 8 8 10 10 8 2 2 2 10 2 8
left_child=4 2 -2 8 5 -1 7 -6 9 13 -11 -7 -13 -3
right_child=1 3 -4 -5 6 11 -8 -9 -10 10 -12 12 -14 -15
leaf_value=0.017338455070069789 0.0032345838687033186 -0.010809435936962358 -0.0063199542093829979 0.0028085729878105673 -0.010217870087658263 0.01218658003143459 0.0061310168494097383 0.0045809555085877616 -0.0033393138030955102 0.00071992451418224175 0.017629426262441645 0.01766540990117605 -0.0061547970666152481 0.00019825395463583131
leaf_weight=758.77862215787172 1705.8747928664088 582.47381570190191 4689.2319586873055 9582.7300735935569 1052.0984028577805 616.73000506311655 1498.9884658828378 727.25371944159269 8765.8747407868505 564.91644705832005 519.67119739204645 184.12728916853666 793.17747352272272 14626.032150797546
leaf_count=4685 8240 2700 20219 44180 4754 3135 7404 4004 37758 2416 2322 1646 4418 65161
internal_value=2.07032e-05 -0.000493662 -0.00377024 0.000112131 0.00376335 0.00823301 0.000540265 -0.00417752 -0.000919717 0.000383304 0.00890901 0.00381765 -0.00153352 -0.000230158
internal_weight=46668 41036.8 6395.11 34641.7 5631.15 2352.81 3278.34 1779.35 25059 16293.1 1084.59 1594.03 977.305 15208.5
internal_count=213042 182996 28459 154537 30046 13884 16162 8758 110357 72599 4738 9199 6064 67861
is_linear=0
shrinkage=0.03


Tree=111
num_leaves=15
num_cat=0
split_feature=66 120 232 244 236 148 140 62 192 228 120 244 142 67
split_gain=96.33 119.513 117.095 92.2382 87.0678 93.4262 189.341 102.41 83.9958 83.9084 100.117 82.7772 80.2908 72.9031
threshold=76.500000000000014 98.500000000000014 83.500000000000014 0.0019773815292865042 -0.094693727791309343 12.500000000000002 88.500000000000014 35.500000000000007 86.500000000000014 3.5000000000000004 55.500000000000007 0.10129259899258615 34.500000000000007 5.5000000000000009
decision_type=10 10 8 2 2 10 8 10 10 8 10 2 10 10
left_child=1 2 3 -1 -2 6 -6 -8 -3 -4 11 -11 -5 -14
right_child=4 8 9 12 5 -7 7 -9 -10 10 -12 -13 13 -15
leaf_value=-0.011078447766080487 0.0060638146055577878 0.0027511033870715462 -0.0078029031221640279 0.00046766292717609852 -0.00074294688488778682 0.0019996155855538716 -0.033854660196367986 0.0057276050919413462 0.017053886239936457 -0.0013991059687852349 0.0077530699045861131 0.022500219181067645 -0.0091816596218800249 -0.0025190994023489011
leaf_weight=1037.2479148283601 3573.1553362607956 1936.1809340789914 660.11074478179216 8043.7754209786654 1371.3412936329842 7447.3129217401147 265.83923600614071 71.441252857446671 448.39756201952696 2852.8910373225808 2578.5679411664605 126.65925830602646 1637.9922821819782 14548.45472753793
leaf_count=4363 20445 10326 3089 34067 6108 33616 1157 330 2326 12931 11878 923 7331 63871
internal_value=-0.000124831 -0.000961014 -0.00145198 -0.00235945 0.00209914 0.000546973 -0.00575941 -0.025547 0.00550059 0.00223337 0.0034372 -0.000311293 -0.00198179 -0.00319857
internal_weight=46599.4 33870.3 31485.7 25267.5 12729.1 9155.93 1708.62 337.28 2384.58 6218.23 5558.12 2979.55 24230.2 16186.4
internal_count=212761 151105 138453 109632 61656 41211 7595 1487 12652 28821 25732 13854 105269 71202
is_linear=0
shrinkage=0.03


Tree=112
num_leaves=15
num_cat=0
split_feature=245 228 244 246 143 51 246 224 57 244 245 63 228 222
split_gain=112.812 131.357 121.247 153.042 107.522 95.0973 107.846 93.4976 92.7167 90.3326 88.036 110.24 101.495 139.603
threshold=-0.1104091852903366 30.500000000000004 0.023197970353066925 0.037039883434772498 14.500000000000002 3.5000000000000004 0.052305050194263465 20.500000000000004 74.500000000000014 0.011252145282924177 -0.044033477082848542 82.500000000000014 93.500000000000014 60.500000000000007
decision_type=2 10 2 2 8 8 2 8 10 2 2 10 10 8
left_child=1 2 4 7 9 6 -2 -4 -5 -1 11 12 13 -7
right_child=5 -3 3 8 -6 10 -8 -9 -10 -11 -12 -13 -14 -15
leaf_value=-0.022240275027193678 -0.0031020103747287147 0.028197629540538931 -0.0367477740638575 -0.005644283895484185 0.010850717453695174 -0.00065371926833481626 -0.018442425846372339 0.012761682864198241 0.010919367437568562 0.017845473079022196 -0.0021032466364991637 0.0048849136852688818 -0.014557625054929064 0.0066273395377880262
leaf_weight=162.83276379853487 3348.3204606771469 197.52810851484537 157.50088327378035 757.8752062395215 1774.1435794904828 18423.181779183447 461.57550080865622 37.768853791058064 493.72298881411552 62.932215668261051 12676.850998237729 5119.7515926510096 413.07089413702488 2709.7002286911011
leaf_count=749 14310 1362 837 4811 10528 81107 2069 223 3643 339 55148 23799 2034 12790
internal_value=-5.62979e-05 0.00500485 0.00359799 -0.00300607 0.008367 -0.000484782 -0.00500394 -0.0270165 0.000924407 -0.0107834 -4.59904e-05 0.000932449 -8.56639e-06 0.000282566
internal_weight=46796.8 3644.3 3446.78 1446.87 1999.91 43152.5 3809.9 195.27 1251.6 225.765 39342.6 26665.7 21546 21132.9
internal_count=213749 22492 21130 9514 11616 191257 16379 1060 8454 1088 174878 119730 95931 93897
is_linear=0
shrinkage=0.03


Tree=113
num_leaves=15
num_cat=0
split_feature=238 101 244 233 230 232 237 140 22 62 140 248 230 226
split_gain=99.4182 108.568 106.934 110.934 99.0375 87.4202 107.561 99.4489 108.522 86.0269 78.4 123.996 186.616 231.1
threshold=-0.26422083377838129 3.5000000000000004 0.020083720795810226 52.500000000000007 58.500000000000007 83.500000000000014 0.10185205563902856 89.500000000000014 35.500000000000007 39.500000000000007 27.500000000000004 0.71212121844291698 14.500000000000002 28.500000000000004
decision_type=10 8 2 10 8 10 2 8 8 10 10 2 8 8
left_child=-1 2 3 -2 -4 6 10 9 -9 -7 11 -3 -13 -14
right_child=1 5 4 -5 -6 7 -8 8 -10 -11 -12 12 13 -15
leaf_value=0.0091499755732004136 -0.0070688092271150591 -0.00110482820525228 -0.014523868259735258 0.0035766333576066661 0.012383319045910501 0.0069009447226342684 0.0050343933693714239 -0.027288041911702383 0.0020407813155562146 -7.5804296785573122e-05 0.00026853683165360042 0.0007012830844975109 -0.034323496134082178 -0.0079870522917853196
leaf_weight=1043.2985812649131 1735.1005192399025 8180.0652243867517 1167.6777065768838 1770.2980341687799 129.8533722832799 4174.7933629304171 3066.2366333976388 183.31182162463665 272.09153681993484 2565.6028451323509 19808.294648684561 1098.0218213573098 414.92912585288286 1050.4042093530297
leaf_count=7847 7549 35768 5568 7999 628 19713 15651 837 1333 11263 87855 5057 1710 4446
internal_value=3.77957e-05 -0.000172569 -0.00443408 -0.00169776 -0.011757 0.000329886 -0.000312752 0.00332848 -0.0100975 0.0042492 -0.000850875 -0.00291313 -0.00865699 -0.0156267
internal_weight=46660 45616.7 4802.93 3505.4 1297.53 40813.8 33618 7195.8 455.403 6740.4 30551.7 10743.4 2563.36 1465.33
internal_count=213224 205377 21744 15548 6196 183633 150487 33146 2170 30976 134836 46981 11213 6156
is_linear=0
shrinkage=0.03


Tree=114
num_leaves=15
num_cat=0
split_feature=63 230 194 244 118 248 228 243 248 230 248 151 249 230
split_gain=90.9388 129.068 99.6602 92.1348 93.2691 130.811 86.1446 116.249 108.445 100.362 112.616 94.2332 82.7214 82.3291
threshold=72.500000000000014 2.5000000000000004 29.500000000000004 0.0019773815292865042 82.500000000000014 0.65151515603065502 11.500000000000002 -0.063064016401767717 0.66161617636680614 11.500000000000002 0.33838383853435522 6.5000000000000009 0.52020201086997997 19.500000000000004
decision_type=10 10 8 2 10 2 10 2 2 10 2 10 2 10
left_child=1 2 -1 4 5 -3 -5 8 12 10 -9 -12 -8 -11
right_child=-2 3 -4 6 -6 -7 7 9 -10 13 11 -13 -14 -15
leaf_value=0.0098295042781180557 0.0021390349796638181 -0.0018560154538658394 0.00070568001966710365 -0.0047508310792003568 0.0078326419737635225 -0.024697802884815497 0.0073660966097560078 -0.0031536057365129534 0.024854273211766899 -0.0074435967730228682 -0.0080300105839834855 0.016062245761156828 -0.02260037316788132 -0.00087309179792168456
leaf_weight=1586.9492935165763 12907.797491960227 420.87006625533104 3317.7296874076128 5131.4735975041986 207.16590685397387 480.85322605073452 527.02864055335522 724.08625885844231 289.12244855612516 1888.2015399038792 168.37325990200043 881.61573704332113 88.160775706171989 17959.340573891997
leaf_count=8707 60486 1726 17820 22954 956 2016 2538 3184 1434 8242 769 4118 474 77516
internal_value=-9.3083e-07 -0.00082168 0.00367176 -0.00158883 -0.0100293 -0.0141739 -0.00124691 -0.000446954 0.0100314 -0.000889639 0.00592688 0.0121596 0.00277889 -0.00150161
internal_weight=46578.8 33671 4904.68 28766.3 1108.89 901.723 27657.4 22525.9 904.312 21621.6 1774.08 1049.99 615.189 19847.5
internal_count=212940 152454 26527 125927 4698 3742 121229 98275 4446 93829 8071 4887 3012 85758
is_linear=0
shrinkage=0.03


Tree=115
num_leaves=15
num_cat=0
split_feature=245 231 245 246 231 228 148 70 184 7 77 242 235 231
split_gain=129.092 126.488 127.481 165.283 123.604 350.324 226.537 100.595 115.954 100.305 98.7508 97.6519 94.1472 90.1119
threshold=-0.09922825917601584 22.500000000000004 -0.1044003665447235 0.043441720306873328 91.500000000000014 6.5000000000000009 7.5000000000000009 11.500000000000002 70.500000000000014 11.500000000000002 2.5000000000000004 0.031183444894850258 7.5000000000000009 97.500000000000014
decision_type=2 8 2 2 10 8 10 8 10 8 8 10 10 10
left_child=1 2 3 -1 7 6 9 12 10 -6 -9 -8 -2 -7
right_child=4 -3 -4 -5 5 13 11 8 -10 -11 -12 -13 -14 -15
leaf_value=-0.026760735376154341 -0.0053084730840621498 0.0058229424640971906 0.014474163832393987 0.01790356911278234 0.019922786719055605 -0.0038139157461527513 -0.027073869671179345 -0.013037772087740906 0.0024092699202919736 -0.023517234974574187 -0.0015294979882759028 -0.00068756610638949576 0.0046268521840462911 0.0063349665228953495
leaf_weight=334.34065220504999 992.60211704671383 4942.8663786873221 145.81650591641665 87.577678896486759 172.77241633087397 2067.7240264490247 965.1771232932806 683.3255520015955 7578.3645877540112 55.527696669101715 21154.447342455387 145.60813625901937 6008.7006484940648 1257.8643112853169
leaf_count=1585 4202 29226 724 499 866 9459 4095 2965 34147 238 92067 695 26200 6081
internal_value=-2.73755e-05 0.00427992 -0.00902232 -0.0172899 -0.000606041 -0.00519841 -0.0180926 -1.65433e-05 -0.000785967 0.0088137 -0.00189541 -0.023652 0.00321272 3.22623e-05
internal_weight=46592.7 5510.6 567.735 421.918 41082.1 4664.67 1339.09 36417.4 29416.1 228.3 21837.8 1110.79 7001.3 3325.59
internal_count=213049 32034 2808 2084 181015 21434 5894 159581 129179 1104 95032 4790 30402 15540
is_linear=0
shrinkage=0.03


Tree=116
num_leaves=15
num_cat=0
split_feature=245 244 231 119 243 224 224 244 231 248 78 231 228 244
split_gain=105.614 126.742 182.1 168.071 161.387 133.57 176.812 135.51 148.532 123.956 122.724 98.4711 257.345 150.965
threshold=-0.1104091852903366 0.023197970353066925 22.500000000000004 15.500000000000002 -0.043102772906422608 1.5000000000000002 16.500000000000004 0.035618251189589507 95.500000000000014 0.63131311535835277 2.5000000000000004 91.500000000000014 10.500000000000002 0.0019773815292865042
decision_type=2 2 8 8 2 10 10 2 10 2 8 10 8 2
left_child=1 2 9 -4 5 -3 7 -7 -9 -1 -8 13 -13 -2
right_child=11 4 3 -5 -6 6 10 8 -10 -11 -12 12 -14 -15
leaf_value=0.017571519033647853 -0.0091678955109725461 0.008651061872680374 -0.023931020592818361 0.014798813715221232 0.024435084265721947 -0.036107012767558185 -0.027730688035390978 0.0086322214679950202 -0.035077747490874882 -0.031127910274551664 0.013643823566152046 -0.01232559538463621 0.001363556676751598 0.00044571911471699645
leaf_weight=60.065707378089428 1521.9188468530774 421.36247856169939 98.095384500920773 1768.8781301155686 177.70711643248796 284.25425773859024 72.467862531542778 190.70351909846067 97.980948805809021 143.98914332687855 289.32846085727215 2122.7486253082752 2935.2010715007782 36415.789103679359
leaf_count=344 6474 3572 413 10821 1252 1381 347 1257 637 663 1762 9628 13972 160559
internal_value=-5.29574e-05 0.00487211 0.00969533 0.0126472 -0.00166108 -0.00523463 -0.0115194 -0.0217516 -0.00688088 -0.0166415 0.00483354 -0.000466921 -0.00439457 5.77426e-05
internal_weight=46600.5 3604.83 2071.03 1866.97 1533.8 1356.1 934.735 572.939 288.684 204.055 361.796 42995.7 5057.95 37937.7
internal_count=213082 22449 12241 11234 10208 8956 5384 3275 1894 1007 2109 190633 23600 167033
is_linear=0
shrinkage=0.03


Tree=117
num_leaves=15
num_cat=0
split_feature=238 60 242 244 245 231 62 244 228 68 231 245 228 231
split_gain=101.469 121.275 91.1497 82.2631 94.9089 102.709 82.3046 82.2388 87.8799 86.8788 123.002 140.687 139.907 147.121
threshold=-0.11431067064404486 81.500000000000014 0.041239887475967414 0.021765369921922687 -0.13156839460134503 22.500000000000004 8.5000000000000018 0.10799458995461465 93.500000000000014 18.500000000000004 69.500000000000014 -0.056598186492919915 11.500000000000002 91.500000000000014
decision_type=10 10 8 2 2 8 10 2 8 8 10 2 10 10
left_child=1 2 3 4 5 -1 -6 8 9 -2 -11 12 13 -12
right_child=7 -3 -4 -5 6 -7 -8 -9 -10 10 11 -13 -14 -15
leaf_value=-0.023583532396024884 -0.0042841470698290786 0.0064388445215149831 0.0060988593182181921 -0.0041001570263087279 -0.0078366996821671499 0.018464158384742524 0.0013921917910962726 0.017714494165541897 -0.0093398726702300164 -0.0014694758120278805 0.0109089124678972 -0.00072064132620912693 0.013092754231461197 -0.016005239911243363
leaf_weight=50.483242005109787 5584.4981203824282 3810.8631608039141 2196.1926366835833 3954.1059628799558 971.95548778772354 441.20796594768763 7598.4441467225552 195.74162486195564 1168.6586969196796 15194.432764589787 358.54824493825436 2970.1426954567432 1883.1655726358294 352.993777140975
leaf_count=241 23765 20296 12559 19692 4682 2773 33738 1065 5453 64634 1590 12970 8808 1520
internal_value=-2.60728e-05 0.00166055 0.000460091 -0.000495276 0.00108044 0.013763 0.000337644 -0.00118422 -0.00132506 -0.000966101 -7.1873e-05 0.00373997 0.00882917 -0.00247989
internal_weight=46731.4 19023.3 15212.4 13016.2 9062.09 491.691 8570.4 27708.2 27512.4 26343.8 20759.3 5564.85 2594.71 711.542
internal_count=213786 93981 73685 61126 41434 3014 38420 119805 118740 113287 89522 24888 11918 3110
is_linear=0
shrinkage=0.03


Tree=118
num_leaves=15
num_cat=0
split_feature=190 242 230 178 226 226 147 226 243 222 243 249 52 80
split_gain=99.5415 84.3914 125.39 113.201 94.341 93.256 80.8235 131.365 237.396 200.794 150.784 249.665 138.751 136.281
threshold=90.500000000000014 0.029204936698079113 37.500000000000007 1.5000000000000002 81.500000000000014 99.500000000000014 79.500000000000014 4.5000000000000009 -0.08204894512891768 9.5000000000000018 -0.048500157892704003 0.055555555969476707 9.5000000000000018 43.500000000000007
decision_type=10 8 10 10 10 10 8 8 2 10 2 2 10 10
left_child=1 4 -3 -4 6 -6 7 13 9 -9 11 -10 -12 -1
right_child=-2 2 3 -5 5 -7 -8 8 10 -11 12 -13 -14 -15
leaf_value=0.0063242799432908251 0.0061115477120032924 0.0042516989926046026 0.015407937726719579 -0.0031373158810126356 0.0036615625121351634 -0.01068967163551876 -0.0053714482560140589 -0.028054226292146326 0.01410549974721401 0.023441753159991478 -0.0075765840377786803 -0.0031437309360833081 -0.00097436605303714765 -0.014255141071610704
leaf_weight=3048.0119744092226 2289.1987301632762 7479.8344198092818 306.9467465877533 4547.0946516022086 4997.1651285141706 433.97484919428825 4771.1160396188498 485.74373554438353 1364.3792478814721 71.248622432351112 3865.577736094594 1669.8370342254639 10999.4041980654 310.45846142619848
leaf_count=15422 10951 39510 1602 20771 22295 1970 20648 2369 5991 344 16378 7522 46226 1355
internal_value=2.51273e-05 -0.000290335 0.00181717 -0.00193534 -0.00110252 0.00249729 -0.00183858 -0.0010638 -0.0020572 -0.0211698 -0.00145096 0.00463349 -0.00269519 0.00438524
internal_weight=46640 44350.8 12333.9 4854.04 32016.9 5431.14 26585.8 21814.7 18456.2 556.992 17899.2 3034.22 14865 3358.47
internal_count=213354 202403 61883 22373 140520 24265 116255 95607 78830 2713 76117 13513 62604 16777
is_linear=0
shrinkage=0.03


Tree=119
num_leaves=15
num_cat=0
split_feature=245 231 226 226 231 231 248 6 249 75 248 140 246 231
split_gain=105.686 118.942 204.745 203.554 177.141 160.712 287.846 206.547 139.947 138.693 187.514 159.178 152.747 138.541
threshold=-0.20662932842969892 91.500000000000014 4.5000000000000009 74.500000000000014 21.500000000000004 75.500000000000014 0.59090909361839306 8.5000000000000018 0.91414141654968273 66.500000000000014 0.65151515603065502 55.500000000000007 0.05291221663355828 88.500000000000014
decision_type=2 10 8 8 10 10 2 10 2 10 2 10 2 10
left_child=-1 2 4 -3 -2 8 -7 -8 9 10 12 -12 -4 -6
right_child=1 3 5 -5 13 6 7 -9 -10 -11 11 -13 -14 -15
leaf_value=0.019421438092305614 -0.010312186687136737 -0.0069012357280992679 -0.0021710760066143532 0.0063427346981954876 0.012038701143012151 -0.00090687449409841063 -0.0047062187193175741 0.01776396408431153 -0.027308193778814053 0.0017233980965225808 -0.012434248184341886 0.00029646434899760477 0.0063084791906157347 -0.0099951001387004884
leaf_weight=239.42164389789104 434.94545982033014 4821.8683740273118 13325.319343596697 1323.9854171425104 2738.4996343106031 3507.4710364416242 463.90683405101299 1708.8696681559086 171.90332900732756 11332.754143849015 2672.421769618988 1317.6973949074745 2222.0807736888528 275.79840313643217
leaf_count=2603 1942 23584 57337 6846 13675 15935 2306 8171 749 50236 11243 5957 11061 1434
internal_value=-5.44181e-05 -0.000159262 0.000435685 -0.00404245 0.00741301 -0.000221518 0.00441347 0.0129668 -0.0010708 -0.000915897 -0.00244692 -0.00823983 -0.000955877 0.0099963
internal_weight=46556.9 46317.5 40171.7 6145.85 3449.24 36722.4 5680.25 2172.78 31042.2 30870.3 19537.5 3990.12 15547.4 3014.3
internal_count=213079 210476 180046 30430 17051 162995 26412 10477 136583 135834 85598 17200 68398 15109
is_linear=0
shrinkage=0.03


Tree=120
num_leaves=15
num_cat=0
split_feature=238 244 52 226 144 245 246 149 144 242 148 245 148 146
split_gain=106.105 99.2276 85.9609 89.6043 121.173 85.2317 106.715 81.1875 84.8648 79.8992 71.8079 66.5684 71.5958 70.3362
threshold=-0.12805767357349393 0.10799458995461465 6.5000000000000009 4.5000000000000009 87.500000000000014 -0.20662932842969892 0.28148111701011663 22.500000000000004 52.500000000000007 1.0000000180025095e-35 2.5000000000000004 -0.069676335901021944 10.500000000000002 77.500000000000014
decision_type=10 2 10 8 10 2 2 10 10 10 10 2 10 10
left_child=5 2 3 4 -2 -1 9 8 11 -7 -11 -4 13 -13
right_child=1 -3 7 -5 -6 6 -8 -9 -10 10 -12 12 -14 -15
leaf_value=0.019934540187048141 0.011421206319473246 0.018853841410990019 0.0047639288528987783 -0.0074281213269979949 -0.016508579113163339 0.019706101970676088 -0.023042129941282831 0.00036551925193662241 0.0002238168361320678 -0.0045464731733627743 0.0025820367518381003 -0.010518657382372997 -0.0070891554721392068 -0.042351266541770967
leaf_weight=229.72589402645826 535.16551594436169 217.44604909420013 362.63113878667355 3119.7457175925374 178.44166754186153 219.88767712563276 142.90854519605637 22146.175908915699 2649.0438058301806 1403.784677810967 12721.73255405575 170.03569670021534 2317.1528427749872 98.335292935371399
leaf_count=2557 2456 1200 1656 13534 793 1600 811 96057 11381 7175 62802 716 9835 410
internal_value=8.33324e-05 -0.000891548 -0.00103345 -0.00523829 0.00430557 0.00218846 0.00189352 -0.000450777 -0.00367547 0.00215781 0.00187089 -0.00716806 -0.00885348 -0.023285
internal_weight=46512.2 31794.2 31576.7 3833.35 713.607 14718 14488.3 27743.4 5597.2 14345.4 14125.5 2948.15 2585.52 268.371
internal_count=212983 138038 136838 16783 3249 74945 72388 120055 23998 71577 69977 12617 10961 1126
is_linear=0
shrinkage=0.03


Tree=121
num_leaves=15
num_cat=0
split_feature=165 136 140 178 68 70 195 231 231 249 231 121 231 122
split_gain=86.6931 104.943 89.6201 113.07 86.6665 93.3021 81.1673 79.0193 89.9662 94.5421 77.8943 84.8487 79.0376 77.4395
threshold=7.5000000000000009 3.5000000000000004 27.500000000000004 53.500000000000007 5.5000000000000009 9.5000000000000018 37.500000000000007 91.500000000000014 97.500000000000014 0.83333334326744091 75.500000000000014 1.5000000000000002 81.500000000000014 45.500000000000007
decision_type=8 8 10 10 8 10 10 10 10 2 10 10 10 10
left_child=-1 7 3 6 -4 -6 -3 -2 13 -10 -7 -12 -13 -9
right_child=1 2 4 -5 5 10 -8 8 9 -11 11 12 -14 -15
leaf_value=-0.0047970190693818072 0.0067770372990724782 -0.0024375460625659612 -0.0088893275665586254 -0.0079973545354581135 0.007949089967527103 -0.00039815053582746508 0.0026407876499429817 0.011297924885289813 0.00030595029764785144 0.025064368488080857 -0.030293783168031919 0.010923152276863808 0.0022534113233786792 -0.012225858206654399
leaf_weight=3178.1476972401142 3604.0512975379825 9235.5076755732298 761.05960774421692 2358.4067582339048 1759.3612482845783 14462.130518093705 4074.3409308642149 145.54219251126051 584.14552554488182 172.18107119202614 55.142984859645367 1208.159933462739 4278.7503087818623 684.95414803922176
leaf_count=14337 18438 41500 3622 9771 7874 63439 18250 854 3911 1283 248 5664 20487 3622
internal_value=-2.22886e-05 0.000328517 -0.000215845 -0.00195758 0.000996049 0.00134566 -0.000882178 0.00432648 -0.0012469 0.00619583 0.000761208 0.00378185 0.0041788 -0.00801801
internal_weight=46561.9 43383.7 38192.9 15668.3 22524.6 21763.5 13309.8 5190.87 1586.82 756.327 20004.2 5542.05 5486.91 830.496
internal_count=213300 198963 170855 69521 101334 97712 59750 28108 9670 5194 89838 26399 26151 4476
is_linear=0
shrinkage=0.03


Tree=122
num_leaves=15
num_cat=0
split_feature=57 63 238 52 226 62 249 24 29 140 59 248 120 66
split_gain=99.94 95.0286 92.0415 86.0531 90.6642 85.9142 88.8874 75.495 72.3104 151.654 83.4767 81.4222 91.5561 75.563
threshold=70.500000000000014 64.500000000000014 -0.26422083377838129 8.5000000000000018 2.5000000000000004 95.500000000000014 0.65151515603065502 18.500000000000004 10.500000000000002 88.500000000000014 11.500000000000002 0.23737373948097232 64.500000000000014 59.500000000000007
decision_type=10 10 10 8 10 10 2 10 8 10 10 2 10 10
left_child=1 5 -2 4 -4 6 -1 -5 9 10 -3 -10 13 -13
right_child=2 8 3 7 -6 -7 -8 -9 11 -11 -12 12 -14 -15
leaf_value=-0.0010204806510108917 0.013400318966633669 0.0057937354075517306 0.0061653453105826213 0.0079826096713198416 -0.0040212073666653046 -0.0096062132752350263 -0.0098181189106921422 0.0017771438098015976 -0.0020995845117422543 -0.02463098963136515 -0.0048303188591236361 -0.0040077397537588207 0.0083723496491181354 0.0051787024284904795
leaf_weight=18126.050843752921 621.44193781167269 1106.4109082072973 1005.0393978282809 2329.9077187329531 3486.2038216590881 1251.7034938409925 1086.3977022990584 7211.6292584612966 2229.1713873445988 247.32338680326939 1638.6162211000919 1445.439417488873 2968.8688614889979 1796.2731575965881
leaf_count=80780 4861 5551 5433 11165 15501 5675 5064 32232 9733 1175 7319 6147 14560 8081
internal_value=0.000144059 -0.000798138 0.00219398 0.00168852 -0.00173305 -0.00202168 -0.00152281 0.0032992 0.00139193 -0.00260905 -0.0005427 0.00281191 0.00457534 0.00108285
internal_weight=46550.5 31896.3 14654.2 14032.8 4491.24 20464.2 19212.4 9541.54 11432.1 2992.35 2745.03 8439.75 6210.58 3241.71
internal_count=213277 144085 69192 64331 20934 91519 85844 43397 52566 14045 12870 38521 28788 14228
is_linear=0
shrinkage=0.03


Tree=123
num_leaves=15
num_cat=0
split_feature=238 244 231 228 244 224 228 230 230 249 224 249 226 231
split_gain=98.2282 96.6809 101.303 197.738 133.296 117.744 163.133 154.179 131.228 219.872 151.189 135.692 113.031 112.162
threshold=-0.12737939506769178 0.094723999500274672 91.500000000000014 8.5000000000000018 0.021090117283165458 32.500000000000007 31.500000000000004 29.500000000000004 55.500000000000007 0.015151515137404205 51.500000000000007 0.015151515137404205 60.500000000000007 5.5000000000000009
decision_type=10 2 8 10 2 8 10 8 8 2 8 2 8 10
left_child=-1 2 5 -4 -5 -2 7 -7 11 -10 13 -9 -12 -11
right_child=1 -3 3 4 -6 6 -8 8 9 10 12 -13 -14 -15
leaf_value=0.0020998459754892908 0.0021533242308285892 0.014740674982512612 -0.016173417843910392 0.0082350010227434777 -0.0070863393938303152 -0.013787561625837512 -0.0002128499186069982 0.025233008600205841 -0.029268613256978347 -0.030122396395498605 -0.031744097856258723 7.0040865407704496e-05 -0.0044257278938623018 0.0092698826216209857
leaf_weight=14923.101373538375 10020.786425039172 343.86348652839661 1120.9479756429791 879.30602411925793 1191.6165751293302 1734.6843117922544 13344.171824999154 232.53076195716858 332.57372188568115 61.398905456066132 197.42765010893345 942.28507344424725 409.34423587471247 751.59799361974001
leaf_count=75987 43086 1861 4980 4045 5558 7328 57664 976 1366 270 836 3993 1773 3328
internal_value=9.50878e-05 -0.000853148 -0.00102957 -0.00608486 -0.000572644 -0.000451881 -0.00190213 -0.00672677 -0.00250973 -0.00769314 -0.00246983 0.00522147 -0.013685 0.00596505
internal_weight=46485.6 31562.5 31218.7 3191.87 2070.92 28026.8 18006 4661.84 2927.16 1752.34 1419.77 1174.82 606.772 812.997
internal_count=213051 137064 135203 14583 9603 120620 77534 19870 12542 7573 6207 4969 2609 3598
is_linear=0
shrinkage=0.03


Tree=124
num_leaves=15
num_cat=0
split_feature=66 120 231 10 222 231 243 228 232 229 175 229 224 243
split_gain=93.6594 127.458 125.539 117.835 140.81 114.025 116.164 110.407 109.304 106.425 99.4701 91.637 91.5757 84.7433
threshold=77.500000000000014 98.500000000000014 92.500000000000014 79.500000000000014 3.5000000000000004 34.500000000000007 -0.07121360674500464 93.500000000000014 82.500000000000014 55.500000000000007 51.500000000000007 30.500000000000004 1.5000000000000002 -0.066553238779306398
decision_type=10 10 10 10 8 10 2 10 10 10 10 10 10 2
left_child=1 3 -3 4 5 6 -1 8 -6 -4 -5 13 -10 -7
right_child=-2 2 9 10 7 11 -8 -9 12 -11 -12 -13 -14 -15
leaf_value=-0.021018846662508788 0.0022888789585697854 0.010501139405045835 -0.0093381415720949195 -0.0073776266116466925 -0.00037037433009946949 -0.0026565614427804295 0.029713783446349604 -0.012528994725180972 -0.017559891408456822 0.019833319607533904 0.00070995394991661155 0.01785302363660508 0.0056197105141762658 -0.015545286631720952
leaf_weight=49.496238380670547 12268.639510333538 1648.1160143464804 626.32382003962994 4450.0663241371512 17931.463797718287 726.85032021254301 126.77673421800137 573.80635772645473 149.36640756577253 127.05058183521032 1972.250358954072 96.470141552388668 4415.573959633708 1259.1841798275709
leaf_count=255 59952 8511 3624 19162 78709 3681 557 2523 701 766 8862 438 19693 5409
internal_value=4.16667e-05 -0.000766029 0.00588358 -0.00127066 -0.000349677 -0.00748107 0.0151048 0.000351488 0.000685446 -0.00422324 -0.00489674 -0.0094559 0.00482454 -0.0108652
internal_weight=46421.4 34152.8 2401.49 31751.3 25329 2258.78 176.273 23070.2 22496.4 753.374 6422.32 2082.5 4564.94 1986.03
internal_count=212843 152891 12901 139990 111966 10340 812 101626 99103 4390 28024 9528 20394 9090
is_linear=0
shrinkage=0.03


Tree=125
num_leaves=15
num_cat=0
split_feature=76 242 226 231 231 226 148 248 226 248 244 226 226 231
split_gain=95.9571 94.6693 72.9089 154.159 161.964 291.407 214.395 203.406 198.705 212.476 221.216 181.729 161.17 148.239
threshold=91.500000000000014 0.02308239042758942 81.500000000000014 92.500000000000014 70.500000000000014 44.500000000000007 11.500000000000002 0.63131311535835277 50.500000000000007 0.69191917777061474 0.0030861961422488098 13.500000000000002 15.500000000000002 24.500000000000004
decision_type=10 8 10 10 10 10 8 2 10 2 2 10 8 10
left_child=2 -2 3 4 8 6 -6 -7 9 -1 -11 -12 -8 -4
right_child=1 -3 13 -5 5 7 12 -9 -10 10 11 -13 -14 -15
leaf_value=0.0024494758026696616 0.00038695560803149454 0.0084367581042189208 0.010672891742065323 -0.0070615994847335467 -0.013570544572891849 0.0063393587859971266 0.0085756337594862005 0.026427959960978496 -0.0053755456597568106 -0.020755135316501989 0.0077367423248670191 -0.0072997533592946738 -0.0037859791498715055 -3.8342964106017202e-05
leaf_weight=11456.688217423856 3242.1526169031858 2203.0845267549157 1459.3922602236271 3553.0023304969072 900.33524329215288 1374.8625319004059 1965.8839131966233 673.9383022710681 8287.3454252332449 702.5719780549407 1077.1257281452417 2154.1219494789839 1818.6093123778701 5573.8826122358441
leaf_count=51477 15367 12252 6481 17582 4244 5990 9875 3065 35511 2975 5078 9139 8219 25671
internal_value=-8.46452e-05 0.00365331 -0.000581883 -0.00115764 -0.000465782 0.0036363 -0.000496794 0.0130436 -0.0016334 0.000383825 -0.00562304 -0.00227898 0.00264103 0.00219622
internal_weight=46443 5445.24 40997.8 33964.5 30411.5 6733.63 4684.83 2048.8 23677.9 15390.5 3933.82 3231.25 3784.49 7033.27
internal_count=212926 27619 185307 153155 135573 31393 22338 9055 104180 68669 17192 14217 18094 32152
is_linear=0
shrinkage=0.03


Tree=126
num_leaves=15
num_cat=0
split_feature=242 193 76 233 245 231 135 224 245 120 246 246 245 231
split_gain=96.0215 111.906 154.296 109.703 91.8026 88.6926 169.855 82.6943 102.515 82.2915 115.757 78.2622 67.6573 146.05
threshold=0.019262029789388183 72.500000000000014 83.500000000000014 14.500000000000002 -0.1104091852903366 86.500000000000014 17.500000000000004 7.5000000000000009 -0.10521511361002921 83.500000000000014 0.020116534084081653 0.019459127448499206 -0.095329787582159028 22.500000000000004
decision_type=8 10 10 10 2 10 10 10 2 10 2 2 2 10
left_child=3 2 -2 -1 -3 9 7 8 -7 10 11 -5 13 -4
right_child=1 4 12 5 -6 6 -8 -9 -10 -11 -12 -13 -14 -15
leaf_value=-0.0070212946539227232 -0.0011199697997929167 0.016935373340621281 -0.023398959696842959 0.0023651018261725229 0.0032743078644366158 0.0011629890143911945 0.00013092302569842952 -0.004446090962919794 -0.032639668793025364 0.0079560703859943328 -0.0049794065760652238 0.027384836825467575 0.0027504541978402236 0.014047518422400668
leaf_weight=3159.8545460924506 21525.398450963199 464.71964248269796 93.337905719876289 3357.8528170883656 6768.9394441619515 102.73891969770193 1437.2743088528514 281.34307608008385 356.04072012007236 1248.5427785366774 2797.8344093710184 106.58484263718128 3578.2413902431726 1107.4158111065626
leaf_count=13522 98687 2932 457 13879 30560 714 6761 1186 1519 5692 11703 448 16904 7641
internal_value=2.75047e-05 0.000872334 -3.68917e-05 -0.00217677 0.00417412 -0.00059109 -0.00590756 -0.0174794 -0.0252066 0.000955971 -0.000450136 0.00321145 0.00483363 0.0109675
internal_weight=46386.1 33538.1 26304.4 12848.1 7233.66 9688.21 2177.4 740.123 458.78 7510.81 6262.27 3464.44 4779 1200.75
internal_count=212605 157181 123689 55424 33492 41902 10180 3419 2233 31722 26030 14327 25002 8098
is_linear=0
shrinkage=0.03


Tree=127
num_leaves=15
num_cat=0
split_feature=245 228 222 231 249 229 231 228 245 245 222 231 245 249
split_gain=96.3019 120.451 134.122 170.346 121.782 110.78 138.321 103.344 97.2471 99.0058 116.274 118.391 95.5332 124.032
threshold=-0.075677461922168718 27.500000000000004 89.500000000000014 78.500000000000014 0.33838383853435522 65.500000000000014 48.500000000000007 32.500000000000007 -0.064956225454807268 -0.044033477082848542 74.500000000000014 91.500000000000014 -0.068607170134782777 0.055555555969476707
decision_type=2 8 10 10 2 8 10 10 2 2 10 8 2 2
left_child=1 -1 3 5 -5 -3 -7 -6 12 10 -10 -12 -2 -14
right_child=8 2 -4 4 7 6 -8 -9 9 -11 11 -13 13 -15
leaf_value=0.00072948693212921225 -0.0012919455762626527 0.010276380454381666 -0.01876079923412758 0.030354256800704509 -0.03759972043671532 0.00428174466484666 -0.024398473884081374 0.012555421322589957 0.00067579744477099044 -0.0019795598382690411 0.01391751192655972 -0.0053288145274889955 -0.016527335571644854 -0.0025484468743120995
leaf_weight=10584.005686640739 3598.7840866670012 1122.5452822744846 151.34393376111984 479.17367737740278 34.793837517499924 460.96844413876534 213.66449096798897 203.8437507674098 12640.01056137681 13123.60685364902 1190.2568640559912 372.36361607909203 1070.6256712377071 1221.1681198552251
leaf_count=53919 15847 5374 834 2861 204 2925 1001 1203 54751 57054 5363 1759 4492 5482
internal_value=6.57787e-06 0.002168 0.0078541 0.00952365 0.0217765 0.00453633 -0.00502533 0.00402458 -0.000856015 -0.000101802 0.00163347 0.0093265 -0.00434869 -0.0091222
internal_weight=46467.2 13250.3 2666.33 2514.99 717.811 1797.18 674.633 238.638 33216.8 27326.2 14202.6 1562.62 5890.58 2291.79
internal_count=213069 68321 14402 13568 4268 9300 3926 1407 144748 118927 61873 7122 25821 9974
is_linear=0
shrinkage=0.03


Tree=128
num_leaves=15
num_cat=0
split_feature=165 238 101 76 244 190 228 243 230 238 230 248 119 229
split_gain=83.6541 79.2339 90.2384 99.3838 93.0766 86.1288 79.3414 79.1331 77.6485 73.2559 69.4096 59.7228 168.094 173.887
threshold=5.5000000000000009 -0.28044252097606653 5.5000000000000009 86.500000000000014 0.021765369921922687 73.500000000000014 93.500000000000014 -0.033115489408373826 53.500000000000007 -0.13968084007501599 62.500000000000007 0.69191917777061474 25.500000000000004 59.500000000000007
decision_type=8 10 8 10 2 10 10 2 8 10 8 2 10 10
left_child=-1 -2 4 5 9 6 11 -5 -6 -3 -8 -4 -13 -14
right_child=1 2 3 7 8 -7 10 -9 -10 -11 -12 12 13 -15
leaf_value=-0.0053022537508024626 0.010489590284311186 0.0036430744260782691 0.00059042533962923717 0.0087132103897229179 -0.011323406910011621 0.0043681453122474626 -0.031093030180567402 0.0013823463642117829 0.0079989571266583757 -0.0037356620350033109 -0.005940349614503568 -0.016000599383432693 -0.0029335832925963122 0.014295251573752261
leaf_weight=2430.2037204355001 680.08475977182388 1963.7605747804046 20979.090887024999 2350.6880831941962 1504.3681438341737 3867.1817751377821 111.32792021334171 3031.7635886594653 206.36426155269146 3124.1781433746219 573.13583292067051 750.71884144097567 4341.187305174768 589.94908401370049
leaf_count=10983 5564 9693 93116 11925 7444 17653 475 14173 1002 13075 2561 3120 19371 3113
internal_value=0.000104727 0.000404 0.000243554 0.000833381 -0.00292785 0.000183585 -0.000409575 0.00459419 -0.00895963 -0.000886177 -0.0104202 -0.000148762 -0.0028743 -0.000847608
internal_weight=46504 44073.8 43393.7 36595 6798.67 31212.6 27345.4 5382.45 1710.73 5087.94 684.464 26660.9 5681.86 4931.14
internal_count=213268 202285 196721 165507 31214 139409 121756 26098 8446 22768 3036 118720 25604 22484
is_linear=0
shrinkage=0.03


Tree=129
num_leaves=15
num_cat=0
split_feature=60 119 190 10 46 71 144 119 10 100 226 148 141 226
split_gain=79.6105 79.1278 63.7674 66.6471 93.9124 84.7418 81.7415 81.8936 84.5193 115.549 64.8425 64.6037 94.2188 60.171
threshold=67.500000000000014 15.500000000000002 80.500000000000014 5.5000000000000009 16.500000000000004 24.500000000000004 11.500000000000002 97.500000000000014 52.500000000000007 41.500000000000007 99.500000000000014 12.500000000000002 77.500000000000014 6.5000000000000009
decision_type=8 8 10 10 10 10 10 10 10 10 10 10 10 10
left_child=2 -2 3 -1 5 13 -6 8 10 -10 -8 -7 -13 -5
right_child=1 -3 -4 4 6 11 7 -9 9 -11 -12 12 -14 -15
leaf_value=0.0023377396477584794 -0.0054784913847961041 0.002383979678263468 0.0039468459149117922 0.00713066840028612 0.0050388232850714669 -0.022857983567720664 0.00018728658722317189 0.0046180699185265749 -0.0065135926648005734 0.00025391526904134526 -0.022988139894825874 -0.014600140870893306 0.007361816115397048 -0.0065599064399956518
leaf_weight=3998.9126945585012 1241.6411771327257 14540.893891077489 2289.1969371810555 428.7084591165185 1726.2091994732618 394.55025707930326 8382.5775121599436 1660.7773523330688 6573.3307432755828 3465.045400314033 100.07966601848602 572.62511797994375 244.49435447156429 837.90815380215645
leaf_count=19308 5329 71260 10406 2200 7506 1712 35950 8466 28007 15107 421 2559 1208 3741
internal_value=3.16581e-05 0.00176235 -0.000859096 -0.00124794 -0.00183664 -0.00736008 -0.00120874 -0.00174535 -0.00231814 -0.00417966 -0.000112887 -0.0129987 -0.00801924 -0.00190653
internal_weight=46457 15782.5 30674.4 28385.2 24386.3 2478.29 21908 20181.8 18521 10038.4 8482.66 1211.67 817.119 1266.62
internal_count=213180 76589 136591 126185 106877 11420 95457 87951 79485 43114 36371 5479 3767 5941
is_linear=0
shrinkage=0.03


Tree=130
num_leaves=15
num_cat=0
split_feature=245 231 230 244 230 245 230 244 238 248 222 248 222 246
split_gain=104.456 112.679 247.963 235.755 154.092 170.28 144.122 164.586 138.598 124.141 138.051 123.564 196.028 130.024
threshold=-0.20662932842969892 91.500000000000014 62.500000000000007 0.0040039366576820621 18.500000000000004 -0.10331549495458602 3.5000000000000004 0.0019773815292865042 -0.11431067064404486 0.59090909361839306 4.5000000000000009 0.84343436360359203 12.500000000000002 0.1608088091015816
decision_type=2 10 8 2 10 2 8 2 10 2 10 2 10 2
left_child=-1 6 3 -3 11 -6 8 -8 -2 -10 -11 12 -5 -13
right_child=1 2 -4 4 5 -7 7 -9 9 10 -12 13 -14 -15
leaf_value=0.020138664636916794 0.011120021322579119 0.019090446023510656 0.0072971336765817263 -0.014113845555160577 0.021552109583153862 -0.020976319036914125 -0.01009932720471971 0.00038235767623801231 -0.0096463043006983756 -0.0067698471981120197 0.015196680112191776 0.023725301366327167 0.0014151172624294341 -0.016309634427032545
leaf_weight=222.70459390804172 2152.3337663039565 282.84554566442966 1396.8776277601719 1650.0528643503785 83.651597119867802 1119.7156771048903 1392.6679256558418 34749.888783298433 726.69844768941402 423.53776000440121 629.18331683427095 232.57920515537262 1305.1067325472832 96.20453254878521
leaf_count=2547 11519 1398 7253 8145 448 4725 5960 154763 3229 1840 2792 1549 6617 494
internal_value=8.95247e-05 -1.1368e-05 -0.00378301 -0.00703616 -0.00872176 -0.0178667 0.000569848 -2.42111e-05 0.00601693 -0.000183265 0.00637842 -0.00532662 -0.00727404 0.0118751
internal_weight=46464 46241.3 6167.03 4770.16 4487.31 1203.37 40074.3 36142.6 3931.75 1779.42 1052.72 3283.94 2955.16 328.784
internal_count=213279 210732 30629 23376 21978 5173 180103 160723 19380 7861 4632 16805 14762 2043
is_linear=0
shrinkage=0.03


Tree=131
num_leaves=15
num_cat=0
split_feature=245 140 29 59 28 69 243 57 45 249 246 118 35 249
split_gain=94.6276 103.57 151.789 93.8297 108.365 91.4426 80.2145 77.152 140.433 92.1776 93.2537 150.037 88.1432 72.3491
threshold=-0.044033477082848542 27.500000000000004 48.500000000000007 12.500000000000002 9.5000000000000018 11.500000000000002 -0.060263033956289284 70.500000000000014 1.5000000000000002 0.82323232293128978 0.089071817696094527 95.500000000000014 70.500000000000014 0.55050507187843334
decision_type=2 8 10 10 8 10 2 8 8 2 2 10 10 2
left_child=1 2 3 -1 -5 -6 -4 8 12 10 -9 -12 -3 -10
right_child=-2 7 6 4 5 -7 -8 9 13 -11 11 -13 -14 -15
leaf_value=0.0045299282246670817 -0.0022499458378024777 -0.0070902746174167953 0.0053096396317397097 -0.0066379546567299254 0.0059004536668460904 -0.0018673602592669055 -0.0097738673287323264 0.005596367052303204 0.0022895199732138774 0.017479594541949688 0.0092159137362478518 -0.020037515920284434 -0.038014735915341456 -0.0052101980901471034
leaf_weight=3357.8276015855372 13210.882630363107 292.09771614521742 362.43776657432318 2488.6882403343916 2062.2157721742988 3981.3374749422073 2257.4771930798888 4192.0430914312601 11787.804891079664 495.49932456761599 280.99124528467655 337.27636084705591 109.53330194205046 1274.1587512716651
leaf_count=17268 57407 1715 1673 11416 9017 17135 9339 20525 53973 2986 1846 2123 561 6469
internal_value=-0.000102737 0.000750058 -0.00115296 0.000289375 -0.00138283 0.000788586 -0.00767497 0.00222104 0.00101195 0.00528147 0.00399131 -0.0068073 -0.0162427 0.00155452
internal_weight=46490.3 33279.4 14510 11890.1 8532.24 6043.55 2619.91 18769.4 13463.6 5305.81 4810.31 618.268 401.631 13062
internal_count=213453 156046 65848 54836 37568 26152 11012 90198 62718 27480 24494 3969 2276 60442
is_linear=0
shrinkage=0.03


Tree=132
num_leaves=15
num_cat=0
split_feature=242 233 76 68 176 69 190 230 189 238 232 126 229 62
split_gain=88.4742 106.742 100.716 76.6268 72.7595 64.4855 60.9938 60.7916 69.1688 64.8475 56.9807 56.8504 56.4364 56.163
threshold=0.019262029789388183 15.500000000000002 87.500000000000014 19.500000000000004 9.5000000000000018 54.500000000000007 73.500000000000014 1.5000000000000002 39.500000000000007 -0.12805767357349393 83.500000000000014 97.500000000000014 56.500000000000007 1.0000000180025095e-35
decision_type=8 10 10 10 10 10 10 10 10 10 8 10 10 8
left_child=1 -1 6 4 -3 -5 10 9 -9 -4 13 -12 -6 -2
right_child=2 3 7 5 12 -7 -8 8 -10 -11 11 -13 -14 -15
leaf_value=-0.0067468819451022609 -0.0086060772541531466 2.4598944937657239e-05 0.017122390391995486 0.0042983159634604317 -0.0094760448757254256 -0.0025009557894138464 0.0038928702605056046 -0.0022528349022722625 0.0063030292883002959 -0.0010005284745723813 0.0030070665816634193 -0.012545022116656238 0.010436481348088654 -0.00072658767877284208
leaf_weight=3275.4783382192254 840.45892752707005 2268.2752251476049 625.80375155434012 3484.8442643731833 1697.354673653841 1950.9581538513303 3512.2860821411014 1308.8170986026525 2395.9828140065074 245.15118449181318 5271.7634071409702 210.62463890761137 130.37220048904419 19152.00069809705
leaf_count=14017 4021 10321 4528 14851 7032 8498 16290 6298 12231 1217 25983 1136 568 85903
internal_value=3.67138e-05 -0.00208367 0.000846212 -0.000475828 -0.00356988 0.00185789 0.000192594 0.00497739 0.00328252 0.0120678 -0.0003189 0.00238783 -0.00800662 -0.00106197
internal_weight=46370.2 12807.3 33562.9 9531.8 4096 5435.8 28987.1 4575.75 3704.8 870.955 25474.8 5482.39 1827.73 19992.5
internal_count=212894 55287 157607 41270 17921 23349 133333 24274 18529 5745 117043 27119 7600 89924
is_linear=0
shrinkage=0.03


Tree=133
num_leaves=15
num_cat=0
split_feature=245 231 224 229 134 249 222 248 249 222 222 249 231 249
split_gain=88.1584 109.236 225.076 212.101 157.293 207.934 194.91 151.703 140.763 144.195 123.222 124.743 118.33 157.725
threshold=-0.20662932842969892 91.500000000000014 16.500000000000004 5.5000000000000009 34.500000000000007 0.11616161838173868 3.5000000000000004 0.82323232293128978 0.62121212482452404 7.5000000000000009 86.500000000000014 0.075757574290037169 97.500000000000014 0.83333334326744091
decision_type=2 10 10 8 10 2 10 2 2 10 10 2 10 2
left_child=-1 3 4 8 6 -6 7 -3 9 -2 11 -4 -7 -14
right_child=1 2 10 -5 5 12 -8 -9 -10 -11 -12 -13 13 -15
leaf_value=0.018421147974912257 0.00047627469160209775 -0.018313504378348496 -0.0048245528652798011 -0.00035485265286142937 0.015784072695851161 -0.017123704125003018 -0.030053424992420502 0.016582062923260431 0.023233017975381097 0.012286841294937975 -0.010068543990969452 0.010018192662672868 -0.0071970318612966629 0.024138291372273527
leaf_weight=220.95052566751838 2496.6689343899488 256.27979353070259 743.11312955617905 35647.82946652174 360.79051750153303 833.93899507820606 591.00965029746294 183.99950501322746 406.95301816612482 1473.7804434597492 581.52533502876759 1578.0940559953451 833.01617477089167 164.54202852398157
leaf_count=2571 12219 1186 3259 158239 1821 4093 2727 990 2313 7241 2847 8178 4276 1005
internal_value=-6.77246e-05 -0.000160211 -0.00388739 0.000411104 -0.00933172 -0.00474636 -0.01894 -0.00368572 0.00663534 0.00488006 0.00216999 0.00526611 -0.00885444 -0.00184016
internal_weight=46372.5 46151.5 6126.31 40025.2 3223.58 2192.29 1031.29 440.279 4377.4 3970.45 2902.73 2321.21 1831.5 997.558
internal_count=212965 210394 30382 180012 16098 11195 4903 2176 21773 19460 14284 11437 9374 5281
is_linear=0
shrinkage=0.03


Tree=134
num_leaves=15
num_cat=0
split_feature=63 245 130 224 77 226 226 230 100 224 136 243 226 119
split_gain=93.1021 84.1646 101.148 100.514 101.376 94.3649 93.183 115.038 101.748 93.6211 119.11 83.4322 76.1347 72.1344
threshold=76.500000000000014 -0.093972545117139802 14.500000000000002 82.500000000000014 3.5000000000000004 3.5000000000000004 46.500000000000007 31.500000000000004 3.5000000000000004 43.500000000000007 29.500000000000004 -0.076915692538022981 54.500000000000007 15.500000000000002
decision_type=10 2 10 10 8 8 8 8 10 8 10 2 8 10
left_child=1 5 3 4 -3 -1 8 11 -7 10 -9 -8 -11 -2
right_child=13 2 -4 -5 -6 6 7 9 -10 12 -12 -13 -14 -15
leaf_value=0.011279308415879461 -0.0070409065797877824 -0.013932153416133393 -6.444933865375366e-05 0.0057235346272483901 -0.0036178990851600439 -0.01157175468790823 -0.01102125744173634 0.0075300700546304961 0.001275346619756928 -0.026965595025810103 -0.021170854227042006 0.027752477759463309 0.012866304028256404 0.0030541107284670264
leaf_weight=962.33164466917515 668.46233904361725 951.6886879503727 20045.715714685619 905.21056721359491 8098.5834224447608 767.64140585809946 53.997377224266529 245.06237207353115 1930.6519577652216 37.390321932733059 258.37799332290888 297.85844800621271 569.9498573243618 10585.826201304793
leaf_count=6800 2827 4178 86526 4278 35928 3701 327 1252 10266 177 1215 1375 3787 50346
internal_value=7.54467e-05 -0.00068548 -0.00129248 -0.00376261 -0.00471668 0.00286461 0.000896103 0.00696795 -0.00240878 0.00216166 -0.0073254 0.021662 0.010017 0.00244879
internal_weight=46378.7 35124.5 30001.2 9955.48 9050.27 5123.26 4160.93 1462.64 2698.29 1110.78 503.44 351.856 607.34 11254.3
internal_count=212983 159810 130910 44384 40106 28900 22100 8133 13967 6431 2467 1702 3964 53173
is_linear=0
shrinkage=0.03


Tree=135
num_leaves=15
num_cat=0
split_feature=245 231 228 248 229 244 134 245 244 249 58 222 24 37
split_gain=87.0069 89.4868 214.141 235.222 195.425 176.248 157.32 145.188 143.213 164.233 136.331 132.732 129.886 125.494
threshold=-0.20662932842969892 91.500000000000014 8.5000000000000018 0.82323232293128978 5.5000000000000009 0.0019773815292865042 45.500000000000007 -0.097271446138620363 0.032584326341748245 0.83333334326744091 10.500000000000002 6.5000000000000009 6.5000000000000009 48.500000000000007
decision_type=2 10 8 2 8 2 10 2 2 2 10 10 8 10
left_child=-1 4 3 6 11 -6 -3 -5 10 12 -8 -2 -10 -9
right_child=1 2 -4 7 5 -7 8 13 9 -11 -12 -13 -14 -15
leaf_value=0.018512377429263031 0.0021894556039084479 -0.024377365518548057 0.0015941022784881269 0.013925093511220191 -0.010960986466147769 9.6749712091052971e-05 0.024156470658368394 -0.020770148702596376 -0.036533651602764824 0.013369933348238527 -0.009019835428701363 0.012946182598936666 -0.0057685380619648422 0.026056132110488215
leaf_weight=216.92914365231991 2630.955458201468 900.78718189895153 3384.8292062953115 496.76550196111202 1338.389987885952 34219.7173024863 192.1518262848258 254.73609733581543 292.25567108392715 127.66570045799017 240.08697832375765 1694.6927544251084 216.222616314888 54.922558560967445
leaf_count=2564 13027 4100 16712 3148 5712 152136 1006 1058 1494 619 1133 8531 1096 248
internal_value=-1.80658e-05 -0.00010937 -0.00347148 -0.00963248 0.00041068 -0.000322423 -0.0151993 0.0039805 -0.00730665 -0.0162609 0.00594143 0.00642384 -0.0238148 -0.0119095
internal_weight=46261.1 46044.2 6160.42 2775.59 39883.8 35558.1 1969.17 806.424 1068.38 636.144 432.239 4325.65 508.478 309.659
internal_count=212584 210020 30614 13902 179406 157848 9448 4454 5348 3209 2139 21558 2590 1306
is_linear=0
shrinkage=0.03


Tree=136
num_leaves=15
num_cat=0
split_feature=149 238 232 231 148 209 78 124 222 222 122 118 137 171
split_gain=108.465 95.9553 78.2451 71.9698 94.8759 70.7836 63.773 70.9062 65.885 67.8009 67.1268 61.117 101.363 59.9318
threshold=24.500000000000004 -0.27162852883338923 87.500000000000014 19.500000000000004 12.500000000000002 51.500000000000007 19.500000000000004 20.500000000000004 94.500000000000014 39.500000000000007 25.500000000000004 96.500000000000014 87.500000000000014 25.500000000000004
decision_type=8 10 10 10 8 10 10 10 10 10 8 10 10 10
left_child=3 -2 5 -1 11 -3 -4 -8 9 10 -9 12 -5 -7
right_child=1 2 6 4 -6 13 7 8 -10 -11 -12 -13 -14 -15
leaf_value=0.0024557201299515645 0.012246721819982785 0.0005553511740192744 -0.0018619380953850211 -0.0095997254347113259 -0.0024310413162002263 -0.0079621915816663353 -0.0035264215848374142 0.014415283468380134 -0.019880764764128742 0.015723571114769946 0.0028607915741289238 0.0036460574053880251 -0.033366352444733426 -0.00064050797253645362
leaf_weight=1974.7313131093979 634.10453812777996 25956.038918174803 1278.7357239946723 1073.3191140368581 7033.5133631154895 1703.8294106796384 609.71411269158125 589.75219417363405 67.833365544676781 801.06838612258434 1873.8390888869762 220.73872895538807 184.11815681308508 2441.5436774864793
leaf_count=8598 5374 118031 6379 4758 31900 7345 2621 2844 298 3665 8820 1279 795 10741
internal_value=-1.15515e-05 0.000771492 0.000562081 -0.00269467 -0.00389106 -2.64286e-05 0.00394871 0.00583345 0.00755136 0.00818032 0.00567388 -0.0107751 -0.0133155 -0.00366178
internal_weight=46442.9 35956.5 35322.4 10486.4 8511.69 30101.4 5220.94 3942.21 3332.49 3264.66 2463.59 1478.18 1257.44 4145.37
internal_count=213448 166118 160744 47330 38732 136117 24627 18248 15627 15329 11664 6832 5553 18086
is_linear=0
shrinkage=0.03


Tree=137
num_leaves=15
num_cat=0
split_feature=76 193 120 244 242 229 228 242 193 76 146 46 72 10
split_gain=86.9268 105.096 101.912 93.2992 92.3018 133.664 74.1087 73.4027 73.1922 72.5816 68.8248 82.2663 88.7962 79.7891
threshold=91.500000000000014 72.500000000000014 98.500000000000014 0.055000575259327895 0.020048826932907108 68.500000000000014 93.500000000000014 0.012197958305478098 98.500000000000014 54.500000000000007 95.500000000000014 1.5000000000000002 15.500000000000002 2.5000000000000004
decision_type=10 8 10 2 8 10 10 8 10 10 10 8 10 10
left_child=1 6 4 7 5 8 10 -2 -3 -4 13 12 -12 -1
right_child=3 2 9 -5 -6 -7 -8 -9 -10 -11 11 -13 -14 -15
leaf_value=0.0040576314853029349 -0.012456189283917967 -0.0039704942494492171 0.012718048763900341 0.014781378113260938 0.0021140248551919242 0.0056022005951001453 -0.012368027950774079 0.0031803541583213988 -0.016922656856223739 0.00061640935397007086 -0.0027408804459566742 -0.0034767399634430228 -0.032314711156197426 -0.0017169966601768259
leaf_weight=2428.2512861825526 277.66815058141947 3586.5123239159584 1120.1031641215086 592.71604717150331 10968.882946163416 1308.8497448787093 567.3353196978569 4494.1024516895413 432.98061116039753 738.65070986375213 160.61923584714532 1040.6706115417182 208.27292238175869 18451.292013842613
leaf_count=11753 1199 14858 5737 3853 50424 5874 2513 22441 1815 3982 1008 5259 1108 81353
internal_value=6.87127e-05 -0.000401317 0.00130221 0.00365623 0.000540972 -0.0026952 -0.00175449 0.00224632 -0.00540424 0.00793801 -0.00147891 -0.00787142 -0.0198502 -0.0010438
internal_weight=46376.9 41012.4 18156 5364.49 16297.2 5328.34 22856.4 4771.77 4019.49 1858.75 22289.1 1409.56 368.892 20879.5
internal_count=213177 185684 82690 27493 72971 22547 102994 23640 16673 9719 100481 7375 2116 93106
is_linear=0
shrinkage=0.03


Tree=138
num_leaves=15
num_cat=0
split_feature=238 140 10 231 226 231 173 169 248 226 226 231 143 248
split_gain=76.9613 93.4925 100.992 106.129 100.366 86.3439 114.566 77.8302 68.7207 64.3721 123.395 144.578 138.958 96.6278
threshold=-0.12877839058637616 27.500000000000004 65.500000000000014 5.5000000000000009 5.5000000000000009 89.500000000000014 28.500000000000004 11.500000000000002 0.7222222387790681 43.500000000000007 2.5000000000000004 65.500000000000014 35.500000000000007 0.84343436360359203
decision_type=10 10 10 8 10 10 10 8 2 8 10 10 10 2
left_child=9 2 3 4 -2 7 -7 -5 -9 10 13 -12 -13 -1
right_child=1 -3 -4 5 -6 6 -8 8 -10 -11 11 12 -14 -15
leaf_value=0.0038982471188045422 -0.039126259058253003 0.00043800623006524095 -0.0093091018268623097 0.004630200658940477 -0.0076780616532266021 -0.019539552473069821 0.001136078338909702 -0.00014274323991693796 -0.0081392407658414101 0.0044782623705054113 0.0024592833620904089 -0.021475465314690693 -0.0037015724137869359 0.021828919809000834
leaf_weight=1940.788521900773 107.10848844051361 20207.925381578505 1867.557184368372 2374.0446249470115 450.56312960386276 483.06977487355471 470.15880099684 4694.2644800171256 1208.3674155324697 5277.8993737027049 3663.2650392502546 450.82499090582132 2860.6646732389927 305.75699340179563
leaf_count=11430 492 88988 7694 10203 1866 2059 2095 20248 5073 26183 17322 2044 15160 2358
internal_value=2.82431e-05 -0.000796265 -0.00293481 -0.00171028 -0.014301 -0.000934896 -0.00943583 5.43665e-05 -0.00179076 0.00183946 0.0003259 -0.00164484 -0.00617867 0.00642455
internal_weight=46362.3 31863.1 11655.1 9787.58 557.672 9229.91 953.229 8276.68 5902.63 14499.2 9221.3 6974.75 3311.49 2246.55
internal_count=213215 138718 49730 42036 2358 39678 4154 35524 25321 74497 48314 34526 17204 13788
is_linear=0
shrinkage=0.03


Tree=139
num_leaves=15
num_cat=0
split_feature=245 248 231 231 76 226 226 248 231 226 230 248 245 243
split_gain=80.8526 209.248 124.334 280.506 216.492 214.558 159.343 153.458 149.437 220.784 142.207 139.677 155.911 138.704
threshold=-0.075677461922168718 0.58080807328224193 67.500000000000014 92.500000000000014 85.500000000000014 44.500000000000007 11.500000000000002 0.84343436360359203 57.500000000000007 15.500000000000002 25.500000000000004 0.60101011395454418 -0.083333015441894517 -0.053212653845548623
decision_type=2 2 8 8 8 10 8 2 10 10 10 2 2 2
left_child=1 -1 4 5 8 6 -4 -5 11 13 -8 -3 -13 -10
right_child=-2 2 3 7 -6 -7 10 -9 9 -11 -12 12 -14 -15
leaf_value=0.010251182279733722 -0.00080368658466396391 0.016499990940111564 0.013623213837469795 -0.008109391646124323 0.0086119503606267127 0.024074706460509479 -0.010107072897024276 0.0089409179930140057 0.024183047235194845 -0.025369099602117133 0.013865548828998738 -0.0092500551288214865 0.005078407921477574 -0.017780901017881118
leaf_weight=2264.4847933240235 33198.545566387475 292.79088334739208 997.51389883458614 1850.8438327945769 1160.8408240489662 720.17187517136335 744.22258377075195 628.82802763953805 155.81783170998096 680.93363563716412 306.34409530460835 2200.5744800642133 981.739979788661 114.51366095989943
leaf_count=13045 144851 1483 6004 10618 5743 3649 3658 3983 756 3005 1437 9873 4252 506
internal_value=-1.6168e-05 0.00197874 0.000241988 0.00355444 -0.0028701 0.0101026 0.00509644 -0.003767 -0.00589396 -0.0163663 -0.00305186 -0.00298855 -0.00482768 0.00640676
internal_weight=46298.2 13099.6 10835.1 5247.92 5587.21 2768.25 2048.08 2479.67 4426.37 951.265 1050.57 3475.11 3182.31 270.331
internal_count=212863 68012 54967 29349 25618 14748 11099 14601 19875 4267 5095 15608 14125 1262
is_linear=0
shrinkage=0.03


Tree=140
num_leaves=15
num_cat=0
split_feature=245 119 244 231 243 248 147 245 231 188 233 248 239 243
split_gain=82.6836 102.076 145.78 146.016 92.1598 175.4 153.175 143.174 119.35 107.602 84.9722 116.075 146.483 113.508
threshold=-0.1104091852903366 19.500000000000004 0.014504292979836466 22.500000000000004 -0.064820505678653703 0.83333334326744091 2.5000000000000004 -0.20662932842969892 98.500000000000014 62.500000000000007 61.500000000000007 0.77272728085517894 -0.036874422803521149 -0.038510775193572037
decision_type=2 8 2 10 2 2 8 2 10 10 10 2 10 2
left_child=1 -1 3 -3 5 7 -6 -4 9 -9 11 -2 -13 -14
right_child=10 2 4 -5 6 -7 -8 8 -10 -11 -12 12 13 -15
leaf_value=-0.017906890269308355 -0.00070941176353351849 -0.013834455645233123 0.019067719522877176 0.017260857597549539 -0.011959506489196471 0.018197579619627782 0.016702608407314579 -0.017674339717780891 -0.034981184394583476 0.0057711431532674624 0.0013351210924621871 0.006934579032043673 -0.0035405100552944758 -0.016526828692795058
leaf_weight=165.62694901227951 23557.578533403575 146.99213612824678 126.34472064301372 1117.1075992844999 226.91063584387302 240.49407805502415 575.79244567453861 425.14545057713985 183.63244055956602 289.47288262844086 16306.80661393702 547.35690756887197 1200.7298828437924 1226.8681040778756
leaf_count=740 105077 790 1514 7014 1178 1980 3867 2411 1003 1932 72402 2566 5410 5265
internal_value=-6.1767e-06 0.00442222 0.00558245 0.0135648 0.000660796 -0.00437454 0.00855285 -0.00979737 -0.0140227 -0.00822862 -0.00036867 -0.00141592 -0.00698941 -0.0101445
internal_weight=46336.9 3497.52 3331.89 1264.1 2067.79 1265.09 802.703 1024.6 898.251 714.618 42839.3 26532.5 2974.95 2427.6
internal_count=213149 22429 21689 7804 13885 8840 5045 6860 5346 4343 190720 118318 13241 10675
is_linear=0
shrinkage=0.03


Tree=141
num_leaves=15
num_cat=0
split_feature=245 63 245 52 80 249 246 244 241 164 239 245 60 122
split_gain=83.3552 73.8677 80.0513 97.9811 105.047 77.5529 76.7686 95.7688 75.4623 74.8155 75.3959 68.9139 67.7846 70.5885
threshold=-0.20662932842969892 72.500000000000014 -0.044407408684492104 32.500000000000007 72.500000000000014 0.32828283309936529 0.018142874352633957 0.02514077723026276 -3.2064601182937618 50.500000000000007 -0.014422609005123375 -0.071227662265300737 77.500000000000014 28.500000000000004
decision_type=2 10 2 10 10 2 2 2 8 10 10 2 10 10
left_child=-1 8 3 4 12 -4 11 -8 -2 10 -10 -5 13 -3
right_child=1 2 5 6 -6 -7 7 -9 9 -11 -12 -13 -14 -15
leaf_value=0.01827819919121669 -0.011927385852198337 0.0061051478354640356 -0.0048500033502544568 0.0096829634851714457 -0.03243849949437691 0.0040975480213997998 0.013100380188652208 0.0014025829549362463 0.0014553126589871633 0.00071643183289635812 -0.0032863783962446902 -0.0037755461301205813 0.0052296841181043944 -0.0051721305651886351
leaf_weight=211.32557594031096 541.43873254209757 664.09659956395626 2571.5577493309975 518.14051077514887 76.900327764451504 1307.3512905985117 1963.3683624491096 929.02823960036039 3961.1172264367342 16157.726081080735 12600.728018283844 964.13810326159 1854.1363651826978 1925.0879355072975
leaf_count=2593 2879 3064 11029 2512 333 6103 9495 4856 18802 72658 55876 4179 9492 8991
internal_value=-8.85053e-05 -0.00017677 0.00176154 0.00332872 0.000228876 -0.00183153 0.00652386 0.00936086 -0.00092148 -0.000735767 -0.00215211 0.000962328 0.00086582 -0.00226728
internal_weight=46246.1 46034.8 12773.8 8894.9 4520.22 3878.91 4374.68 2892.4 33261 32719.6 16561.8 1482.28 4443.32 2589.18
internal_count=212862 210269 60054 42922 21880 17132 21042 14351 150215 147336 74678 6691 21547 12055
is_linear=0
shrinkage=0.03


Tree=142
num_leaves=15
num_cat=0
split_feature=238 193 237 134 121 38 67 142 118 232 70 52 47 229
split_gain=80.0741 89.0911 72.9015 72.2883 86.3644 62.114 59.9154 73.4648 63.8882 61.835 66.9707 68.787 125.282 62.4284
threshold=-0.14547630399465558 90.500000000000014 0.22847047448158267 90.500000000000014 87.500000000000014 14.500000000000002 2.5000000000000004 46.500000000000007 50.500000000000007 87.500000000000014 6.5000000000000009 33.500000000000007 16.500000000000004 45.500000000000007
decision_type=10 10 2 10 10 10 10 10 10 10 8 10 10 10
left_child=1 3 6 -1 5 -5 7 8 -2 10 -8 13 -13 -12
right_child=2 -3 -4 4 -6 -7 9 -9 -10 -11 11 12 -14 -15
leaf_value=0.0023227424877408378 -0.004716456919722424 0.010952569198992509 0.01040627061376269 -0.026027237651408283 0.00044951445070334415 7.8590841997393959e-05 0.0031046212933552907 -0.011502020791780162 0.011399013875723384 0.0026904339991387512 -0.0052757782042812725 0.0076190214403157857 -0.0012906560788217289 0.00087193919124087336
leaf_weight=8428.6993079632521 804.72845602780581 960.90179013460875 515.2260651960969 243.54609174281359 658.72695897147059 121.16662166267633 3093.4235403984785 1017.613389775157 294.02286103367805 4583.8982109129429 6273.8866486847401 1550.1859278678894 15845.606594391167 1943.9191380143166
leaf_count=44524 3762 5176 2734 1397 4150 678 13277 4382 1264 20346 26987 7110 69227 8246
internal_value=-1.75995e-05 0.00229747 -0.000689132 0.00140695 -0.00608472 -0.0175836 -0.000853479 -0.00573594 -0.000340086 -0.000541463 -0.00105828 -0.00156207 -0.00049277 -0.00382225
internal_weight=46335.6 10413 35922.5 9452.14 1023.44 364.713 35407.3 2116.36 1098.75 33290.9 28707 25613.6 17395.8 8217.81
internal_count=213260 55925 157335 50749 6225 2075 154601 9408 5026 145193 124847 111570 76337 35233
is_linear=0
shrinkage=0.03


Tree=143
num_leaves=15
num_cat=0
split_feature=245 246 237 245 248 119 226 226 119 226 245 226 145 226
split_gain=72.0532 74.0679 78.3321 81.6935 108.476 106.462 151.098 138.748 184.611 148.898 122.804 116.405 129.138 107.301
threshold=-0.20662932842969892 0.28148111701011663 0.19127560406923297 -0.043028723448514931 0.37878787517547613 42.500000000000007 92.500000000000014 66.500000000000014 78.500000000000014 98.500000000000014 -0.059793366119265549 8.5000000000000018 68.500000000000014 67.500000000000014
decision_type=2 2 2 2 2 8 10 8 10 10 2 10 10 8
left_child=-1 2 3 4 -2 6 13 11 -9 10 -10 12 -7 -6
right_child=1 -3 -4 -5 5 7 -8 8 9 -11 -12 -13 -14 -15
leaf_value=0.017373581038003388 0.0050584455099230178 -0.019941532397902088 0.0075735042466497171 -0.0023177691584839555 -0.0018672552469359484 0.010652085031633668 0.011780009432683333 0.00053754074396526318 0.023370716613427284 -0.0067715168553886297 0.0055867992634713766 -0.0020148110746230387 0.00040637175037902057 -0.0097773986402255476
leaf_weight=204.15746711939573 4223.9282272011042 158.16631976515055 1188.4866058528423 11968.776836544275 5579.7126092016697 1557.7497703880072 573.30496114492416 2451.7005505785346 954.9462878704071 278.69971942901611 560.193787291646 10607.638794973493 3771.5158260017633 2127.1205528303981
leaf_count=2561 18621 864 6677 51652 23715 7605 2548 11686 5369 1647 2696 47732 20204 9131
internal_value=1.26529e-05 -6.81544e-05 4.74508e-06 -0.000198346 0.000578192 -8.82329e-05 -0.00295068 0.00108701 0.00589946 0.0131842 0.0168752 -0.000197909 0.00341555 -0.00406033
internal_weight=46206.1 46001.9 45843.8 44655.3 32686.5 28462.6 8280.14 20182.4 4245.54 1793.84 1515.14 15936.9 5329.27 7706.83
internal_count=212708 210147 209283 202606 150954 132333 35394 96939 21398 9712 8065 75541 27809 32846
is_linear=0
shrinkage=0.03


Tree=144
num_leaves=15
num_cat=0
split_feature=209 149 195 119 248 137 62 243 245 243 245 110 243 249
split_gain=84.633 76.7886 71.8003 62.4725 50.1487 50.7414 74.7452 80.9085 59.3926 72.1472 83.5962 102.402 77.9547 81.2534
threshold=52.500000000000007 22.500000000000004 35.500000000000007 51.500000000000007 0.91414141654968273 90.500000000000014 12.500000000000002 -0.044176073744893067 -0.045789767056703561 -0.045028099790215485 -0.07430317252874373 44.500000000000007 -0.072346772998571382 0.41919192671775823
decision_type=10 8 10 10 2 10 8 2 2 2 2 8 2 2
left_child=1 4 3 -3 5 8 7 -7 9 10 12 -12 -1 -14
right_child=-2 2 -4 -5 -6 6 -8 -9 -10 -11 11 -13 13 -15
leaf_value=-0.010992813499194081 -0.003350517503006873 -0.0019192936715955458 0.0029592131515429254 0.0014824466281066352 -0.0295662384708037 0.0055953794347921139 -0.0035594492671191941 -0.032157930222670945 -0.0041584588386119519 0.0038577162606409847 -0.021398395074056234 0.0052677266239322231 0.017998164601225924 -0.0094543831650962164
leaf_weight=241.77761605009437 6061.9328206703067 8529.0026703216136 11966.609140686691 11263.656812526286 49.408356033265591 66.366141106933355 848.35229164734483 179.06832608580589 3070.4135613143444 2979.5455473661423 395.36897775530815 185.56611011922359 312.08618386089802 131.45448486506939
leaf_count=1350 26624 37521 55929 54672 245 388 4164 826 13210 13396 1711 845 1571 680
internal_value=-4.90961e-05 0.000449218 0.00112578 1.63483e-05 -0.00208913 -0.00189278 -0.00788921 -0.0221299 -0.000986753 0.0013113 -0.00466381 -0.0129355 0.0024332 0.00983285
internal_weight=46280.6 40218.7 31759.3 19792.7 8459.41 8410 1093.79 245.434 7316.21 4245.8 1266.25 580.935 685.318 443.541
internal_count=213132 186508 148122 92193 38386 38141 5378 1214 32763 19553 6157 2556 3601 2251
is_linear=0
shrinkage=0.03


Tree=145
num_leaves=15
num_cat=0
split_feature=243 230 229 249 243 245 231 229 126 243 231 229 244 244
split_gain=75.1197 80.8507 211.588 156.977 257.864 135.833 133.673 141.796 229.076 152.473 142.421 135.223 132.976 132.001
threshold=-0.008629474323242901 72.500000000000014 81.500000000000014 0.025252525694668296 -0.045347929000854485 -0.049037931486964219 92.500000000000014 5.5000000000000009 48.500000000000007 -0.050886129960417741 76.500000000000014 40.500000000000007 0.0040039366576820621 0.0019773815292865042
decision_type=2 8 10 2 2 2 10 10 10 2 10 10 2 2
left_child=1 2 6 4 -3 -5 7 8 -1 10 11 -9 -8 -11
right_child=-2 3 -4 5 -6 -7 12 9 -10 13 -12 -13 -14 -15
leaf_value=-0.0038102647101148253 -0.0040779604028871657 -0.036528098397358315 -0.019397920868646553 0.0080755138444876893 -0.00080577793552506197 0.00033414810126630479 0.016705529777950472 0.0050866155845431232 0.010449979001443772 -0.012575464728078755 0.015952192502828332 -0.012538490587290611 -0.0063015813899140356 -0.00076767256267846844
leaf_weight=1540.9945090860128 3863.540406383574 211.84618619829416 509.93047077953815 4116.979211859405 1011.8560907319188 4035.5310185179114 229.9171108007431 2233.1881779134274 2929.9355963915586 881.41946326941252 865.10866646468639 464.85854064673185 4063.6287161037326 19360.103924900293
leaf_count=6974 17021 938 2240 21412 4381 18081 1141 10437 15615 3713 4231 2230 21274 83632
internal_value=-7.86339e-05 0.00028619 -0.000410986 0.00274363 -0.00723595 0.00424861 -0.000107847 0.000641626 0.00553737 -0.000279818 0.00543389 0.00201482 -0.00503361 -0.0012878
internal_weight=46318.8 42455.3 33079.1 9376.21 1223.7 8152.51 32569.2 28275.6 4470.93 23804.7 3563.16 2698.05 4293.55 20241.5
internal_count=213320 196299 151487 44812 5319 39493 149247 126832 22589 104243 16898 12667 22415 87345
is_linear=0
shrinkage=0.03


Tree=146
num_leaves=15
num_cat=0
split_feature=238 231 231 249 244 224 14 244 115 249 80 244 249 249
split_gain=73.3217 70.5714 146.982 154.224 122.149 115.952 145.589 119.111 108.775 91.1969 88.3909 86.7356 81.1307 78.808
threshold=-0.11604394018650054 92.500000000000014 97.500000000000014 0.82323232293128978 0.035618251189589507 4.5000000000000009 5.5000000000000009 0.0075370315462350854 25.500000000000004 0.90404042601585399 27.500000000000004 0.044182501733303077 0.67171716690063488 0.27777777612209326
decision_type=10 10 10 2 2 8 10 2 8 2 8 2 2 2
left_child=1 5 8 4 -4 7 9 -1 -3 -7 -8 -6 -13 -9
right_child=-2 2 3 -5 11 6 10 13 -10 -11 -12 12 -14 -15
leaf_value=0.023365828704354517 -0.00087077316711115036 -0.0125735899825174 0.007371851528798914 0.024756787460841031 -0.027586926909549749 -0.0030836128202855221 0.0054713067275677773 -0.001433882217232793 0.0079616081220236622 -0.031597359090218588 -0.00038511160440062443 -0.012816519595490595 0.012352719224360185 0.013488599801024792
leaf_weight=425.32085593044758 28062.857287727296 1304.3215572983027 835.4037336781621 254.31815176457167 170.98864509910345 3152.6181474328041 6247.7933166325092 720.59911072999239 274.75812838226557 94.490572705864906 3683.4997205212712 284.755217269063 179.66052896529436 558.41376674920321
leaf_count=2355 121813 6704 4854 1806 802 15597 29255 3872 1501 420 17674 1853 1163 3347
internal_value=9.07365e-05 0.00157403 -0.00238687 0.00365854 -0.000132119 0.00245443 0.00149844 0.00979456 -0.00897287 -0.00400782 0.00330097 -0.00995939 -0.00302459 0.00513533
internal_weight=46249.8 18186.9 3304.21 1725.13 1470.81 14882.7 13178.4 1704.33 1579.08 3247.11 9931.29 635.404 464.416 1279.01
internal_count=213016 91203 18683 10478 8672 72520 62946 9574 8205 16017 46929 3818 3016 7219
is_linear=0
shrinkage=0.03


Tree=147
num_leaves=15
num_cat=0
split_feature=238 78 60 193 145 121 238 231 171 148 231 119 244 148
split_gain=70.9626 85.8486 93.2548 88.2082 83.5868 89.5751 84.4936 84.0124 81.9371 80.7353 67.2798 65.6936 61.4413 54.0925
threshold=-0.096987947821617113 10.500000000000002 67.500000000000014 70.500000000000014 42.500000000000007 52.500000000000007 -0.28044252097606653 69.500000000000014 24.500000000000004 2.5000000000000004 97.500000000000014 96.500000000000014 0.10799458995461465 12.500000000000002
decision_type=10 8 10 8 10 10 10 10 10 8 10 10 2 10
left_child=1 4 3 13 -1 7 -7 -6 -2 10 -8 -5 -12 -3
right_child=8 2 -4 11 5 6 9 -9 -10 -11 12 -13 -14 -15
leaf_value=0.0086220831413466002 -0.0044623273300460819 -0.0080429239105048716 0.0050764491610699727 0.0018793082212636217 -0.0037310937374498954 0.011221084953922924 -0.015337996896984622 -0.028684507294787512 -0.00021147784121894214 -0.0012378946889576162 0.021273074363408792 0.01017966456882966 -0.021323770260288834 -0.00057915399827473751
leaf_weight=533.50680194795132 5503.5262027904391 992.09804981574416 5911.7600353807211 5304.1187549680471 253.82144841551781 365.26921529695392 714.11469484865665 229.05479944869876 15711.911905921996 2736.7354857772589 86.415741588920355 1015.5876266397536 35.306743361055851 6847.1196571327746
leaf_count=2356 23375 4544 29707 24525 1168 3156 3355 1257 68275 13728 577 5220 193 31633
internal_value=-3.97125e-05 0.0010422 0.00191514 0.000592556 -0.00249105 -0.00384865 -0.00233311 -0.0159097 -0.00131578 -0.00374638 -0.011848 0.00322716 0.00823662 -0.00153278
internal_weight=46240.3 25024.9 20070.7 14158.9 4954.22 4420.72 3937.84 482.876 21215.4 3572.57 835.837 6319.71 121.722 7839.22
internal_count=213069 121419 95629 65922 25790 23434 21009 2425 91650 17853 4125 29745 770 36177
is_linear=0
shrinkage=0.03


Tree=148
num_leaves=15
num_cat=0
split_feature=57 230 249 246 222 249 31 248 224 190 246 248 249 149
split_gain=79.2489 70.7867 136.6 116.731 110.49 91.227 79.5131 75.6776 80.7548 70.4701 69.2473 72.9725 68.4751 63.1665
threshold=70.500000000000014 3.5000000000000004 0.83333334326744091 0.089071817696094527 16.500000000000004 0.65151515603065502 69.500000000000014 0.73232322931289684 1.5000000000000002 3.5000000000000004 0.012955126352608206 0.52020201086997997 0.62121212482452404 28.500000000000004
decision_type=10 10 2 2 10 2 10 2 10 8 2 2 2 8
left_child=13 2 3 5 6 9 -3 8 -5 -2 11 -6 -10 -1
right_child=1 4 -4 7 10 -7 -8 -9 12 -11 -12 -13 -14 -15
leaf_value=-0.0030363501053748874 0.012876805746069484 -0.00091634314021627361 0.025843446667319341 0.021320536460361965 0.0028213396771767187 0.025523491578526011 -0.011044542990286911 -0.034817191653903401 0.0046672881463144548 0.0010042201259146649 0.0014673794763522005 0.017246415448363306 -0.028098524934582883 -3.3336404084356146e-05
leaf_weight=8668.769709199667 628.16838680207729 2560.3997593075037 271.05050871521235 74.936912316828966 738.76351387798786 194.23345587775111 949.9628522247076 84.573466688394547 102.65184822678566 1532.0612613297999 6698.8579293191433 547.37465882301331 113.50697685033083 23038.964253939688
leaf_count=38833 3647 11514 1933 634 3116 1089 4306 415 677 7973 30611 2462 665 105049
internal_value=-1.49838e-05 0.00182178 0.00591652 0.00385106 0.000748517 0.00633501 -0.00368079 -0.0114774 -0.0037652 0.00450005 0.0026979 0.00904628 -0.01302 -0.000855047
internal_weight=46204.3 14496.5 3001.18 2730.13 11495.4 2354.46 3510.36 375.669 291.096 2160.23 7985 1286.14 216.159 31707.7
internal_count=212924 69042 17033 15100 52009 12709 15820 2391 1976 11620 36189 5578 1342 143882
is_linear=0
shrinkage=0.03


Tree=149
num_leaves=15
num_cat=0
split_feature=190 76 228 230 230 26 230 249 65 233 52 47 122 225
split_gain=78.8291 73.9381 67.1379 80.0333 76.8548 99.4926 92.7738 177.586 90.0956 72.9639 74.4354 92.9041 88.5725 86.7434
threshold=88.500000000000014 94.500000000000014 93.500000000000014 62.500000000000007 80.500000000000014 14.500000000000002 78.500000000000014 0.04545454494655133 38.500000000000007 99.500000000000014 29.500000000000004 16.500000000000004 37.500000000000007 69.500000000000014
decision_type=10 10 10 8 8 8 10 2 8 10 10 10 10 10
left_child=1 2 4 -4 6 -6 9 -8 -7 10 13 12 -12 -1
right_child=-2 -3 3 -5 5 8 7 -9 -10 -11 11 -13 -14 -15
leaf_value=-0.0020465012921741842 0.0050760312857157548 0.0037941966165854087 -0.028571816532576611 -0.0047099716476229287 0.011277841301753331 -0.004552834137690683 -0.030808596584826129 0.0028289190009773029 0.0035854030959597888 0.0053531854500366008 0.012638880258197012 -0.00061326963104222862 -0.00023054398293358396 -0.010689991025462657
leaf_weight=14073.46173030138 2574.7757151126862 3603.6273123249412 141.51916246116161 805.22269414365292 972.59260941296816 1812.4199605807662 258.56900250911713 294.74829915165901 3721.4535540305078 1597.8484283722937 987.95485702157021 13345.191013813019 929.01499629765749 1119.8393303602934
leaf_count=64183 12428 18870 599 3655 4962 8054 1064 1306 18272 7615 4516 58218 4288 5047
internal_value=-1.45545e-05 -0.000315833 -0.00068641 -0.0085382 -0.000494222 0.00248035 -0.00108836 -0.013158 0.000916614 -0.000875969 -0.00120443 0.000275417 0.00643318 -0.00269019
internal_weight=46238.2 43663.5 40059.8 946.742 39113.1 6506.47 32606.6 553.317 5533.87 32053.3 30455.5 15262.2 1916.97 15193.3
internal_count=213077 200649 181779 4254 177525 31288 146237 2370 26326 143867 136252 67022 8804 69230
is_linear=0
shrinkage=0.03


Tree=150
num_leaves=15
num_cat=0
split_feature=242 66 178 190 194 230 231 224 147 147 59 230 231 246
split_gain=84.8331 72.2678 81.5365 77.437 90.0503 94.0598 106.155 88.8503 83.9008 83.4403 88.3006 67.0261 166.777 145.751
threshold=0.010350507684051992 15.500000000000002 68.500000000000014 73.500000000000014 29.500000000000004 10.500000000000002 77.500000000000014 5.5000000000000009 51.500000000000007 78.500000000000014 25.500000000000004 24.500000000000004 26.500000000000004 0.072385627776384368
decision_type=8 10 10 10 10 10 10 10 10 10 10 10 10 2
left_child=-1 2 -2 4 5 6 -3 9 -9 10 -8 12 -7 -14
right_child=1 3 -4 -5 -6 11 7 8 -10 -11 -12 -13 13 -15
leaf_value=-0.01361895145730907 -0.00083117510776810604 0.0091208599834761636 -0.0081000799675240397 0.0044758376397809651 -0.0014410902368500226 0.010242497692292666 0.01298250774253139 -0.013331394611475318 0.0042784519855253904 -0.011509587660513425 -0.0059047694472512003 0.0015405673127290866 -0.010117790516822206 0.011337559411018324
leaf_weight=394.61081355065107 6949.5922460965812 2755.2390862964094 1726.6527960002422 4421.3170309700072 15185.966980837286 612.99861473590136 908.66801210492849 598.55333635210991 399.46413435041904 214.91910964250565 287.54653242975473 9398.4029834270477 2064.1536710336804 321.8482978194952
leaf_count=1701 31520 13413 7301 20934 69518 2708 5973 2870 2096 1189 1603 41538 9105 1678
internal_value=5.76477e-05 0.000178313 -0.00228541 0.000753871 0.000250151 0.00171258 0.00511003 0.00050429 -0.0063104 0.00533443 0.00843106 0.000294327 -0.00360334 -0.00718843
internal_weight=46239.9 45845.3 8676.25 37169.1 32747.8 17561.8 5164.39 2409.15 998.017 1411.13 1196.21 12397.4 2999 2386
internal_count=213147 211446 38821 172625 151691 82173 27144 13731 4966 8765 7576 55029 13491 10783
is_linear=0
shrinkage=0.03


Tree=151
num_leaves=15
num_cat=0
split_feature=245 231 229 229 126 248 243 245 96 249 245 231 248 245
split_gain=69.6084 80.556 167.783 138.583 205.933 110.121 184.746 149.995 113.481 108.828 108.386 197.991 216.914 150.414
threshold=-0.20662932842969892 91.500000000000014 16.500000000000004 5.5000000000000009 47.500000000000007 0.82323232293128978 -0.02323960047215223 -0.097271446138620363 46.500000000000007 0.90404042601585399 -0.07161830365657805 76.500000000000014 0.58080807328224193 -0.064956225454807268
decision_type=2 10 8 8 10 2 2 2 10 2 2 10 2 2
left_child=-1 3 5 4 -2 6 -3 -7 -9 10 11 12 -5 -12
right_child=1 2 -4 9 -6 7 -8 8 -10 -11 13 -13 -14 -15
leaf_value=0.0172741346753226 -0.0033533923181617007 -0.013167826611405328 0.0029668260417859658 0.0096856716099127365 0.01035755325018731 0.012818774370628361 0.0073657079975225376 -0.02178418320543488 0.021246793388299209 -0.021892125174669295 -0.0073268642789437489 0.012738044750385336 -0.0020611663091276611 -0.0002040548075041255
leaf_weight=199.78868635371327 1517.1392115280032 2464.4187710210681 2383.2153280898929 1863.1043205931783 2784.7137367874384 493.17809746786952 462.41149271279573 259.26057705283165 60.820546984672546 196.35914152115583 3004.056229904294 1489.7088786587119 5772.7432692423463 23263.554504409432
leaf_count=2570 6931 12051 11680 9945 14749 3240 2178 1087 275 867 12988 7774 26001 100761
internal_value=3.27045e-05 -4.58921e-05 -0.0032468 0.000446136 0.00552554 -0.00720352 -0.00990969 0.00253774 -0.0132116 -0.000169212 -4.25449e-05 0.00277229 0.000813916 -0.00102112
internal_weight=46214.5 46014.7 6123.3 39891.4 4301.85 3740.09 2926.83 813.259 320.081 35589.5 35393.2 9125.56 7635.85 26267.6
internal_count=213097 210527 30511 180016 21680 18831 14229 4602 1362 158336 157469 43720 35946 113749
is_linear=0
shrinkage=0.03


Tree=152
num_leaves=15
num_cat=0
split_feature=66 230 229 249 228 245 122 245 37 146 230 193 47 137
split_gain=69.203 78.8988 151.829 104.187 154.947 140.62 99.4995 101.512 84.4182 84.4508 81.3475 80.684 79.1389 85.9778
threshold=15.500000000000002 71.500000000000014 81.500000000000014 0.015151515137404205 29.500000000000004 -0.047008434310555451 34.500000000000007 -0.093972545117139802 16.500000000000004 89.500000000000014 65.500000000000014 76.500000000000014 7.5000000000000009 87.500000000000014
decision_type=10 8 10 2 10 2 10 2 10 10 10 8 8 10
left_child=-1 2 6 4 -3 11 -2 -8 -9 -10 -4 -5 13 -11
right_child=1 3 10 5 -6 -7 7 8 9 12 -12 -13 -14 -15
leaf_value=-0.0024126264452740643 0.0032930633032981615 -0.027241289621168251 -0.024768810070433873 0.002844584165346786 0.00492674572069702 4.8224609715345118e-05 0.0030970523080562757 -0.0044754692166490634 0.0013928268302239931 -0.0042217054738576398 0.0017937357831694074 0.011393495644840178 -0.0012018125029658318 -0.023959539579128854
leaf_weight=8686.1405262351036 6613.2962963506579 237.59330949187279 333.04775381088257 1721.1599222384393 290.14772135019302 4305.5984294712543 4489.8173972442746 7064.7596529424191 7505.9469312652946 476.70699514448643 146.91996628791094 2368.4857540801167 1653.8347481116652 337.20411582291126
leaf_count=38857 29797 1009 1411 8307 1217 19088 25990 30764 32591 2247 703 12145 7623 1523
internal_value=-1.09642e-06 0.000557319 -0.000210815 0.00301868 -0.00979284 0.00383473 7.74183e-05 -0.00091147 -0.00196896 -0.00019079 -0.0167673 0.00781133 -0.00499373 -0.0125907
internal_weight=46230.7 37544.5 28621.5 8922.99 527.741 8395.24 28141.6 21528.3 17038.5 9973.69 479.968 4089.65 2467.75 813.911
internal_count=213272 174415 132649 41766 2226 39540 130535 100738 74748 43984 2114 20452 11393 3770
is_linear=0
shrinkage=0.03


Tree=153
num_leaves=15
num_cat=0
split_feature=243 230 230 226 226 141 36 243 243 248 190 73 250 222
split_gain=66.1062 71.1472 101.182 143.152 162.089 83.7884 97.0337 84.6198 84.1379 91.281 102.09 87.2529 83.4483 95.1531
threshold=-0.008629474323242901 72.500000000000014 59.500000000000007 31.500000000000004 39.500000000000007 51.500000000000007 18.500000000000004 -0.039466554298996918 -0.041894070804119103 0.6414141356945039 74.500000000000014 72.500000000000014 -1.0000000180025095e-35 19.500000000000004
decision_type=2 8 10 10 10 10 10 2 2 2 8 10 2 8
left_child=1 2 -1 -4 -5 6 -6 -7 9 10 -8 -10 13 -3
right_child=-2 12 3 4 5 7 8 -9 11 -11 -12 -13 -14 -15
leaf_value=0.00031534592740979666 -0.0037704020999277063 -0.020937005703156149 0.018900058357417742 -0.028444299507678909 0.0047172869226824081 0.0099504381707300211 -0.035616553708050377 -0.0039091275480604738 -0.011792904587261475 0.010248116451287471 0.0082980110453790487 0.0095411947084306243 0.0036580180028347492 -0.00024001969531206813
leaf_weight=28719.954160962254 3842.2901073992252 250.95096710696816 210.90917387604713 258.79164201021194 376.94753801822662 550.49952115118504 303.82516592741013 1344.8265628144145 876.47155576944351 56.814542785286903 52.220920711755753 206.21203368902206 8331.1618578955531 855.77652284130454
leaf_count=132786 16914 1107 920 1084 1605 2564 1283 5928 3624 249 224 854 40322 3813
internal_value=-7.68774e-06 0.000334136 -0.000323702 -0.00464542 -0.00592247 -0.00430437 -0.00878737 0.000147495 -0.0121999 -0.0235925 -0.0291249 -0.0076794 0.00262924 -0.00507853
internal_weight=46237.7 42395.4 32957.5 4237.52 4026.61 3767.82 1872.49 1895.33 1495.54 412.861 356.046 1082.68 9437.89 1106.73
internal_count=213277 196363 151121 18335 17415 16331 7839 8492 6234 1756 1507 4478 45242 4920
is_linear=0
shrinkage=0.03


Tree=154
num_leaves=15
num_cat=0
split_feature=231 244 137 226 231 248 231 80 148 244 249 231 248 249
split_gain=69.6043 146.721 182.366 140.896 135.027 136.678 129.551 133.239 133.631 112.978 122.43 146.865 131.437 112.488
threshold=91.500000000000014 0.0040039366576820621 22.500000000000004 4.5000000000000009 21.500000000000004 0.70202019810676586 69.500000000000014 7.5000000000000009 18.500000000000004 0.030506710521876815 0.82323232293128978 97.500000000000014 0.69191917777061474 0.015151515137404205
decision_type=10 2 8 8 10 2 10 10 10 2 2 10 2 2
left_child=3 -2 -3 4 5 -1 -6 -8 -9 13 12 -12 -11 -4
right_child=1 2 9 -5 6 -7 7 8 -10 10 11 -13 -14 -15
leaf_value=0.0021189390298803307 0.017590070389430241 -0.013146698409516065 -0.018270986136877679 -2.0272966597528474e-05 0.01482329854776661 -0.033599936869625681 0.01300516162569525 -0.021909375847111178 0.0030653492450800992 -0.0044455589887056786 -0.010538884856314304 0.019629283760736405 -0.022892627403443413 0.0062430080158907154
leaf_weight=305.83778523653746 290.61506573855877 1442.8488440066576 174.78184150159359 36525.572966948152 1501.1448433846235 130.08698502182961 593.90518678724766 281.33886341005564 564.25092449039221 1406.4560258612037 246.62630127370358 327.17107225582004 454.89233699068427 1935.3843739815056
leaf_count=1354 1458 7135 774 163339 7424 597 3863 1292 2746 7485 1211 2233 2460 9753
internal_value=6.02675e-05 -0.00287323 -0.00389402 0.00052247 0.00637625 -0.00905461 0.00868668 0.00222913 -0.00540303 -0.000934463 -0.00532716 0.00670416 -0.00905205 0.00413595
internal_weight=46180.9 6278.78 5988.16 39902.1 3376.56 435.925 2940.64 1439.49 845.59 4545.31 2435.15 573.797 1861.35 2110.17
internal_count=213124 32509 31051 180615 17276 1951 15325 7901 4038 23916 13389 3444 9945 10527
is_linear=0
shrinkage=0.03


Tree=155
num_leaves=15
num_cat=0
split_feature=243 98 140 245 231 231 135 231 231 244 228 222 63 231
split_gain=72.5586 82.9241 84.7166 116.261 93.2336 81.0693 78.1176 90.7973 95.9613 74.4903 90.0474 81.134 72.6634 83.6574
threshold=-0.008629474323242901 42.500000000000007 27.500000000000004 -0.045213133096694939 10.500000000000002 82.500000000000014 7.5000000000000009 92.500000000000014 5.5000000000000009 0.0024018534459173684 6.5000000000000009 6.5000000000000009 82.500000000000014 26.500000000000004
decision_type=2 8 10 2 10 10 10 10 8 2 8 10 10 10
left_child=1 2 6 4 -4 -3 7 8 -1 -9 11 -11 -6 -14
right_child=-2 5 3 -5 12 -7 -8 9 -10 10 -12 -13 13 -15
leaf_value=-0.01478407000366861 -0.0039132558751733913 0.0047504105568491918 0.0098659739523314777 -0.0030314916873676739 0.00044080200076627622 -0.00087229090178480944 -0.0040974667559925569 0.022216088240465389 0.0025246999812697088 -0.011354609013377674 0.0055116001697193082 -0.040234980111294345 0.01732871912775992 0.0033908207770968575
leaf_weight=294.73195827752352 3840.3077947050333 6513.9708593264222 1351.1198792010546 4755.4978894293308 9771.2249929718673 3566.9301174320281 7820.6121439933777 48.753613017499447 5357.141767539084 290.92477963864803 158.09444853290915 123.70516309142113 481.39681816101074 1870.9077134765685
leaf_count=1257 16894 30699 6061 20412 45865 17964 34038 293 24867 1761 790 628 2277 9601
internal_value=2.99614e-05 0.000387908 -0.000353135 0.00099708 0.00242004 0.00276203 -0.00209907 0.00039477 0.00159757 -0.0103959 -0.0135056 -0.0207157 0.00158278 0.00630448
internal_weight=46245.3 42405 32324.1 18230.1 13474.6 10080.9 14094 6273.35 5651.87 621.478 572.724 414.63 12123.5 2352.3
internal_count=213407 196513 147850 84216 63804 48663 63634 29596 26124 3472 3179 2389 57743 11878
is_linear=0
shrinkage=0.03


Tree=156
num_leaves=15
num_cat=0
split_feature=233 101 243 231 224 77 224 230 228 230 114 78 119 33
split_gain=64.4876 87.5134 78.7417 78.3843 155.478 127.552 111.59 126.179 158.083 144.104 96.4511 93.8184 124.839 102.937
threshold=52.500000000000007 3.5000000000000004 -0.056960796937346451 89.500000000000014 16.500000000000004 29.500000000000004 36.500000000000007 21.500000000000004 32.500000000000007 14.500000000000002 34.500000000000007 8.5000000000000018 51.500000000000007 25.500000000000004
decision_type=10 8 2 10 10 10 10 8 10 10 10 10 10 10
left_child=1 -1 -3 6 5 -5 11 8 9 10 -8 13 -13 -2
right_child=3 2 -4 4 -6 -7 7 -9 -10 -11 -12 12 -14 -15
leaf_value=-0.006714860434766442 -4.8949498719502119e-05 0.0048222271568648199 -0.0011773485714479759 -0.00071058923487855126 0.0037598662771333932 -0.01436330159617087 0.0069205453642504902 0.0014617363219397226 0.0036776492029543429 -0.02737769307554529 -0.015764689309607244 0.0014291311682563923 0.0091789599659530506 -0.026329492488967828
leaf_weight=2310.8223338238895 1122.4937827326357 2170.676768809557 20265.964294407517 1239.3373100608587 1986.9728962741792 1216.4118869900703 303.55262193083763 6457.8305551633239 698.12071113288403 449.78212222456932 357.70754656195641 3465.8248277008533 4065.7288981825113 142.34639563411474
leaf_count=10745 5763 11732 91330 7231 9657 5994 1450 27948 3249 1908 1601 14842 19408 643
internal_value=-0.000124921 -0.00116895 -0.000595018 0.00107644 -0.00246922 -0.00750404 0.00200052 -0.000502131 -0.00748168 -0.0144639 -0.00540303 0.00435044 0.00561931 -0.00318992
internal_weight=46253.6 24747.5 22436.6 21506.1 4442.72 2455.75 17063.4 8266.99 1809.16 1111.04 661.26 8796.39 7531.55 1264.84
internal_count=213501 113807 103062 99694 22882 13225 76812 36156 8208 4959 3051 40656 34250 6406
is_linear=0
shrinkage=0.03


Tree=157
num_leaves=15
num_cat=0
split_feature=238 250 244 67 37 146 29 79 238 193 222 44 189 231
split_gain=68.6358 66.57 66.368 67.6629 57.0842 102.327 98.7911 61.3148 60.1832 55.1509 54.0932 51.4496 93.9264 115.434
threshold=-0.10923130437731741 0.00010001500049838798 0.094723999500274672 2.5000000000000004 20.500000000000004 98.500000000000014 4.5000000000000009 1.0000000180025095e-35 -0.22829621285200116 48.500000000000007 19.500000000000004 31.500000000000004 77.500000000000014 81.500000000000014
decision_type=10 2 2 10 10 10 8 10 10 8 10 10 10 10
left_child=1 4 3 -2 8 11 7 -7 -1 10 -10 12 13 -6
right_child=2 -3 -4 -5 5 6 -8 -9 9 -11 -12 -13 -14 -15
leaf_value=0.0055886961415031562 -0.0090657630032596886 0.0081028762595074088 0.013019773757483451 -0.00090223286398689883 0.0084962607546747084 0.011677878201014701 0.0017831708999628804 -0.025382782193791972 -0.0056340184484232414 0.00079692121205824609 0.00093884828969761805 0.00057662165822968336 0.015912292501984188 -0.0046338707367116856
leaf_weight=1409.0807902403176 939.41696762293577 1202.9894998557866 288.61832573264837 24483.225492998958 1820.1584126800299 41.238941922783852 464.68271121382713 258.06238707154989 3238.205326821655 6836.6558770686388 1721.5890676826239 1761.3441985696554 789.0424865372479 890.68622481077909
leaf_count=10534 4061 6468 1558 105846 8453 220 2457 1295 15442 31800 7859 8305 4355 4354
internal_value=-1.13609e-05 0.00128614 -0.00104263 -0.00120734 0.000855724 0.00327287 -0.00692439 -0.020064 -0.000248775 -0.000950201 -0.00335522 0.00476394 0.00686359 0.004181
internal_weight=46145 20433.7 25711.3 25422.6 19230.7 6025.22 763.984 299.301 13205.5 11796.5 4959.79 5261.23 3499.89 2710.84
internal_count=213007 101542 111465 109907 95074 29439 3972 1515 65635 55101 23301 25467 17162 12807
is_linear=0
shrinkage=0.03


Tree=158
num_leaves=15
num_cat=0
split_feature=140 231 226 231 224 228 126 178 71 10 248 231 147 147
split_gain=65.3452 106.367 144.544 102.493 109.545 123.032 97.6642 92.7037 81.0973 78.0678 76.4551 70.2557 68.6104 65.1106
threshold=11.500000000000002 5.5000000000000009 33.500000000000007 91.500000000000014 16.500000000000004 1.0000000180025095e-35 52.500000000000007 99.500000000000014 24.500000000000004 55.500000000000007 0.55050507187843334 29.500000000000004 97.500000000000014 52.500000000000007
decision_type=10 8 10 10 10 10 10 8 8 10 2 10 10 10
left_child=1 2 -1 6 5 -5 9 12 -8 -3 -7 -11 -2 -13
right_child=7 3 -4 4 -6 10 8 -9 -10 11 -12 13 -14 -15
leaf_value=-0.029905694192802403 0.00068830487608640128 -0.0008819980656799368 2.2909134234449931e-05 0.011105859803566522 0.0034625638967251521 -0.0018857751411758383 0.0063469542123186732 0.010720436782691238 -0.0042695713084427442 0.00011184072974876008 -0.026751899804337752 -0.0073911177987982194 -0.0060516578010260669 -0.025237781963034403
leaf_weight=271.46692580729723 32342.610246878117 5178.8402669839561 300.03300894796848 118.91094129532576 374.83643750101328 144.17079152166843 2619.3376624584198 792.80800178647041 851.34328485652804 455.08396638929844 502.66318029537797 467.64113186299801 1408.9619342014194 307.39429239928722
leaf_count=1239 148304 24115 1271 833 1839 666 12709 4295 3925 1894 2484 1949 6292 1261
internal_value=-9.06299e-06 -0.00195713 -0.0144632 -0.00129605 -0.00977007 -0.0162087 -0.000308853 0.000645008 0.00373798 -0.00250277 -0.0213227 -0.00926412 0.000405235 -0.0147008
internal_weight=46136.1 11591.7 571.5 11020.2 1140.58 765.745 9879.64 34544.4 3470.68 6408.96 646.834 1230.12 33751.6 775.035
internal_count=213076 54185 2510 51675 5822 3983 45853 158891 16634 29219 3150 5104 154596 3210
is_linear=0
shrinkage=0.03


Tree=159
num_leaves=15
num_cat=0
split_feature=57 242 76 229 249 121 120 248 249 143 243 229 249 248
split_gain=71.894 80.8587 71.7191 66.7675 109.078 75.7064 65.0824 68.7572 124.685 156.283 113.627 168.617 93.8719 100.952
threshold=70.500000000000014 0.025192502886056903 96.500000000000014 45.500000000000007 0.7525252401828767 74.500000000000014 99.500000000000014 0.71212121844291698 0.48989899456501013 52.500000000000007 -0.036835204809904092 59.500000000000007 0.035353535786271102 0.83333334326744091
decision_type=8 8 10 10 2 8 10 2 2 10 2 10 2 2
left_child=2 3 6 4 5 -2 7 -1 9 -9 -11 12 13 -12
right_child=1 -3 -4 -5 -6 -7 -8 8 -10 10 11 -13 -14 -15
leaf_value=-0.0006528734709981283 0.00019652916389598665 0.0043328012586719969 0.007037724028242983 0.0038963873295495286 0.011354063602551898 -0.0068008844364820563 0.0051558347529115523 -0.008693010730404762 -0.016280599888403142 0.0080247972053993713 -0.02214713955828292 0.019994973908714325 0.00061350885245631595 0.012417063602765675
leaf_weight=23249.331409092993 2981.6584357470274 6263.8634155653417 1008.757940120995 2580.1307241916656 505.685561966151 2598.4540242813528 1435.9326325133443 2138.5716369897127 683.12192116677761 1403.90503128618 500.19416117668152 205.41855179518461 490.46482849121094 82.721688702702522
leaf_count=103114 12830 33017 5009 11553 2762 12108 7959 9052 3158 6620 2105 1105 2176 447
internal_value=2.74997e-05 0.0017389 -0.000791775 -0.00013884 -0.0018532 -0.00306825 -0.00105563 -0.00136751 -0.00437933 -0.00266284 0.00215865 -0.00429367 -0.00908358 -0.0171154
internal_weight=46128.2 14929.8 31198.4 8665.93 6085.8 5580.11 30189.7 28753.7 5504.4 4821.28 2682.7 1278.8 1073.38 582.916
internal_count=213015 72270 140745 39253 27700 24938 135736 127777 24663 21505 12453 5833 4728 2552
is_linear=0
shrinkage=0.03


Tree=160
num_leaves=15
num_cat=0
split_feature=149 119 242 37 248 233 248 248 63 224 249 29 8 224
split_gain=71.3361 68.968 81.1953 78.2619 78.2935 77.6749 86.8449 68.1032 67.4628 63.3601 66.7167 61.4004 52.4004 68.8035
threshold=28.500000000000004 49.500000000000007 0.044215891510248191 8.5000000000000018 0.8636363446712495 37.500000000000007 0.70202019810676586 0.82323232293128978 60.500000000000007 32.500000000000007 0.55050507187843334 8.5000000000000018 74.500000000000014 7.5000000000000009
decision_type=10 8 8 10 2 10 2 2 10 8 2 10 8 10
left_child=-1 3 8 4 5 6 11 -7 9 10 12 -2 13 -3
right_child=1 2 -4 -5 -6 7 -8 -9 -10 -11 -12 -13 -14 -15
leaf_value=-0.0019648505304027085 -0.018822246159035716 -0.00021596686375603707 0.0099093176080444819 -1.5026550392172722e-05 -0.022373844572233129 -0.0017348310617641804 -0.027714731757041904 0.020572813679155023 0.003336504545047463 -0.0027520065032452306 -0.0052153461973620426 0.0010820609030097517 -0.0053810068257416311 0.0074058325814170354
leaf_weight=12663.66285790503 194.93594907224178 1779.343154694885 1036.3804058395326 11033.933369472623 233.32350498437881 870.87159596383572 199.55540707707405 133.24383896589279 8456.510621022433 4918.5834997966886 995.01210104674101 433.61015360802412 552.6897801309824 2646.6425620503724
leaf_count=58305 981 8961 6150 47205 987 3735 844 585 41534 22277 5548 1812 2493 11806
internal_value=-4.77785e-05 0.000677615 0.0017687 -0.00102036 -0.00636481 -0.00421576 -0.0109594 0.00139902 0.00132777 -0.000233401 0.00184149 -0.00528911 0.00325946 0.00434812
internal_weight=46148.3 33484.6 20385.2 13099.5 2065.54 1832.22 828.102 1004.12 19348.8 10892.3 5973.69 628.546 4978.68 4425.99
internal_count=213223 154918 98769 56149 8944 7957 3637 4320 92619 51085 28808 2793 23260 20767
is_linear=0
shrinkage=0.03


Tree=161
num_leaves=15
num_cat=0
split_feature=245 245 226 245 249 230 226 231 226 222 119 37 75 224
split_gain=68.7248 97.4934 107.35 280.506 242.808 167.367 147.033 127.728 170.11 194.139 135.601 121.211 115.909 111.554
threshold=-0.075677461922168718 -0.064956225454807268 45.500000000000007 -0.068607170134782777 0.075757574290037169 46.500000000000007 61.500000000000007 74.500000000000014 32.500000000000007 34.500000000000007 42.500000000000007 57.500000000000007 60.500000000000007 34.500000000000007
decision_type=2 2 8 2 2 8 8 10 10 10 10 10 10 8
left_child=-1 2 7 5 -5 -4 -7 8 9 10 -2 -11 -9 -8
right_child=1 -3 3 4 -6 6 13 12 -10 11 -12 -13 -14 -15
leaf_value=0.001857881306479368 -0.0076189440969306309 4.1545972734531741e-05 0.022016970347910444 -0.027570994927366293 0.0023334010641571719 -0.018414318525030636 0.026605821521282567 -0.0068348807014970208 -0.016926116766079691 -0.035004166307994654 0.012728229571486862 0.011693044511462445 -0.025536984343424472 0.0011127759364553866
leaf_weight=12960.823118418455 423.91485691070557 27233.753575101495 518.44422942399979 465.26281869411469 500.0226878747344 248.42629741877317 196.59957844018936 660.61440545320511 589.11116200685501 174.12959699332714 918.62529399991035 63.015051782131195 549.54769292473793 616.18426280468702
leaf_count=68141 1772 118890 2218 1948 2344 1052 881 2927 2451 748 4056 300 2472 2941
internal_value=6.39909e-06 -0.000717659 -0.00420212 0.000452523 -0.0122153 0.00822163 0.00133943 -0.00769886 -0.00331301 0.00183826 0.00629466 -0.0226245 -0.0154674 0.00752756
internal_weight=46118.5 33157.7 5923.9 2544.94 965.286 1579.65 1061.21 3378.96 2168.8 1579.68 1342.54 237.145 1210.16 812.784
internal_count=213141 145000 26110 11384 4292 7092 4874 14726 9327 6876 5828 1048 5399 3822
is_linear=0
shrinkage=0.03


Tree=162
num_leaves=15
num_cat=0
split_feature=245 193 228 226 248 248 228 248 226 222 188 248 101 226
split_gain=68.6509 126.303 83.5042 87.8756 132.316 113.404 138.504 127.692 101.087 104.72 136.766 88.0505 69.125 68.4103
threshold=-0.1104091852903366 86.500000000000014 30.500000000000004 6.5000000000000009 0.83333334326744091 0.60101011395454418 21.500000000000004 0.65151515603065502 40.500000000000007 3.5000000000000004 11.500000000000002 0.82323232293128978 2.5000000000000004 40.500000000000007
decision_type=2 10 10 10 2 2 10 2 10 10 10 2 8 10
left_child=1 2 3 4 -1 6 13 -7 9 -9 -11 -10 -2 -5
right_child=12 -3 -4 5 -6 7 -8 8 11 10 -12 -13 -14 -15
leaf_value=-0.00040897862256219044 -0.0050461005220415658 0.018769139863869699 0.024922645791849773 0.023058393021712247 0.021259305894514323 -0.032933514727869588 -0.034947110865971277 -0.022493442946880181 -0.0095799524996812227 -0.019773469890178377 0.0092877874446317087 0.027490798173448999 -0.00013467106485978521 -0.0037165132585188733
leaf_weight=718.44274142757058 2747.6422597020864 440.42662885785103 123.29704506695271 281.91016397625208 381.72581069171429 152.393868714571 46.689236238598824 318.2268272601068 88.202510625123978 220.67768996208906 386.01788850873709 137.03297485783696 39835.970195561647 118.14337910711765
leaf_count=5812 11858 2788 882 1848 3188 705 302 1615 419 1006 2109 893 178430 686
internal_value=-0.000124215 0.00396318 0.00171404 0.000626155 0.00723305 -0.00354655 0.00935671 -0.00800962 -0.00445184 -0.0088415 -0.0014321 0.0131837 -0.000452684 0.0152535
internal_weight=45996.8 3413.19 2972.76 2849.46 1100.17 1749.29 446.743 1302.55 1150.16 924.922 606.696 225.235 42583.6 400.054
internal_count=212541 22253 19465 18583 9000 9583 2836 6747 6042 4730 3115 1312 190288 2534
is_linear=0
shrinkage=0.03


Tree=163
num_leaves=15
num_cat=0
split_feature=242 245 248 231 231 229 245 119 231 231 58 245 248 245
split_gain=76.2063 73.8525 103.972 80.1421 85.9753 103.273 101.645 79.3795 104.457 164.236 137.289 109.408 107.009 100.745
threshold=0.010350507684051992 -0.044033477082848542 0.37878787517547613 97.500000000000014 11.500000000000002 75.500000000000014 -0.04955633915960788 60.500000000000007 91.500000000000014 97.500000000000014 23.500000000000004 -0.10684019327163695 0.84343436360359203 -0.091419335454702363
decision_type=8 2 2 10 8 10 2 10 10 10 10 2 2 2
left_child=-1 2 3 4 -2 -6 -7 -4 -9 10 11 -10 -11 -12
right_child=1 -3 7 -5 5 6 -8 8 9 12 13 -13 -14 -15
leaf_value=-0.013001715398916704 -0.0030651856274899131 -0.00171332864840624 -0.0013917033937401052 -0.016978478021345538 0.01161555074512209 0.016027574751786976 -0.0093689800733845648 0.0032350376028734773 -0.0015689053704669277 0.0017050813206144098 0.012620754545110035 -0.021747830760633073 0.023918796101584879 -0.0060951401318396076
leaf_weight=387.44177423417568 689.64649178832769 13073.035554677248 13055.256913609803 126.9733494669199 2318.4441767260432 192.19682244956493 465.66277983039618 11620.293336156756 359.20805576071143 1679.2666326649487 353.79894346743822 740.5074148029089 211.14495328441262 887.42627799510956
leaf_count=1673 3031 56827 57415 582 10440 912 2050 57182 2365 9678 2134 3339 1745 4027
internal_value=7.81661e-05 0.000191696 0.000953595 0.0056168 0.00644347 0.00864963 -0.00182037 0.000339997 0.00176619 -0.00226575 -0.00756279 -0.0152302 0.00429899 -0.000702129
internal_weight=46160.3 45772.9 32699.8 3792.92 3665.95 2976.3 657.86 28906.9 15851.6 4231.35 2340.94 1099.72 1890.41 1241.23
internal_count=213400 211727 154900 17015 16433 13402 2962 137885 80470 23288 11865 5704 11423 6161
is_linear=0
shrinkage=0.03


Tree=164
num_leaves=15
num_cat=0
split_feature=245 149 106 79 120 226 51 226 244 245 245 61 244 238
split_gain=65.6412 60.4546 57.8679 70.7021 85.5905 68.2732 76.0713 54.6535 59.4103 57.8226 79.3154 60.1985 56.9283 54.3207
threshold=-0.20662932842969892 24.500000000000004 20.500000000000004 90.500000000000014 69.500000000000014 66.500000000000014 60.500000000000007 92.500000000000014 0.0019773815292865042 -0.069346994161605821 -0.093183517456054674 48.500000000000007 0.0052586616948246965 -0.096032347530126558
decision_type=2 10 8 10 10 10 10 10 2 2 2 10 2 10
left_child=-1 -2 3 4 7 -6 -7 8 9 10 11 -3 -9 -4
right_child=1 2 13 -5 5 6 -8 12 -10 -11 -12 -13 -14 -15
leaf_value=0.017018174893239549 -0.0019098686006367067 0.021441198699091644 0.0037885416627691368 0.0048656963837313731 5.2148621585911333e-05 0.012449310747713277 -0.006672450907072529 0.024140422700044462 -0.003069805466363837 -0.0031823887074978207 -0.036801553570311424 -0.01993483119832765 0.0011792086305613917 0.00039614985877356798
leaf_weight=195.84830315038562 10906.657164573669 43.247526302933693 7558.8004312478006 1920.6179608181119 5414.177457921207 844.08996871858835 232.8847576379776 106.26554393768311 8118.961567915976 258.60463970899582 148.79862080514431 68.406916104257107 599.2969269156456 9688.6812512129545
leaf_count=2599 50043 206 36199 9218 27046 4396 1168 448 34843 1053 626 300 2657 42412
internal_value=0.00011515 3.93516e-05 0.000647088 -0.000555039 -0.00121518 0.00142976 0.00829108 -0.00305223 -0.00370888 -0.0134582 -0.0231662 -0.0034634 0.00492646 0.00188422
internal_weight=46105.3 45909.5 35002.8 17755.4 15834.7 6491.15 1076.97 9343.58 8638.02 519.058 260.453 111.654 705.562 17247.5
internal_count=213214 210615 160572 81961 72743 32610 5564 40133 37028 2185 1132 506 3105 78611
is_linear=0
shrinkage=0.03


Tree=165
num_leaves=15
num_cat=0
split_feature=245 215 230 246 244 245 228 230 245 61 245 248 244 228
split_gain=61.1782 55.9869 58.4863 58.3645 63.2636 137.793 76.1969 122.891 72.8886 57.5167 50.5564 186.915 166.422 151.928
threshold=-0.20662932842969892 71.500000000000014 80.500000000000014 0.28148111701011663 0.094723999500274672 -0.17363885045051572 93.500000000000014 62.500000000000007 -0.082327447831630693 99.500000000000014 -0.07161830365657805 0.55050507187843334 0.021765369921922687 27.500000000000004
decision_type=2 10 10 2 2 2 8 8 2 10 2 2 2 10
left_child=-1 3 -3 4 6 -6 10 -8 -9 -10 11 -2 13 -13
right_child=1 2 -4 -5 5 -7 7 8 9 -11 -12 12 -14 -15
leaf_value=0.016530423415132139 0.01175175362682878 -0.0049356296214003266 0.0047479396395730686 -0.017177642443100199 -0.031751101537464098 0.014486611958510955 -0.032343871299616134 -0.025466090364712996 -0.0040502694668710744 0.014399415991730599 -0.00033530853715914137 0.00095928955050491552 -0.0055482954610782797 0.011764296642600392
leaf_weight=190.08391690999269 1532.2064097300172 3520.340077534318 659.21097456663847 162.49294681847095 55.23050444573164 552.4825578853488 140.16339917480946 113.90856593847275 984.98692183941603 169.57462699711323 26695.550485789776 7070.0356014147401 2915.3555301092565 1394.2682257592678
leaf_count=2548 8365 15209 3082 876 337 3388 588 834 4735 835 116014 34283 15311 6958
internal_value=-2.23434e-05 -9.43752e-05 -0.00340062 0.000237057 0.000309151 0.00983843 0.000165597 -0.00666594 -0.00359779 -0.00124012 0.000410181 0.00195056 0.00062173 0.00275091
internal_weight=46155.9 45965.8 4179.55 41786.3 41623.8 607.713 41016 1408.63 1268.47 1154.56 39607.4 12911.9 11379.7 8464.3
internal_count=213363 210815 18291 192524 191648 3725 187923 6992 6404 5570 180931 64917 56552 41241
is_linear=0
shrinkage=0.03


Tree=166
num_leaves=15
num_cat=0
split_feature=233 245 241 67 56 231 189 178 231 138 148 231 226 245
split_gain=68.1458 90.4423 88.6972 92.7682 71.3395 109.293 119.349 99.0764 82.6901 78.0643 75.9579 98.312 98.9465 86.6221
threshold=68.500000000000014 -0.1104091852903366 -1.9449227452278135 16.500000000000004 40.500000000000007 92.500000000000014 50.500000000000007 11.500000000000002 97.500000000000014 84.500000000000014 9.5000000000000018 77.500000000000014 45.500000000000007 -0.09922825917601584
decision_type=10 2 8 10 10 10 10 8 10 8 10 10 10 2
left_child=1 -1 3 -3 5 6 9 -6 -7 10 11 -2 13 -13
right_child=4 2 -4 -5 7 8 -8 -9 -10 -11 -12 12 -14 -15
leaf_value=0.0054071854518168523 0.0012987850342471674 -0.0097603535185018901 -0.00057359544730099452 -0.0011412943077925566 -0.007657905538002407 -0.010354324170183324 0.010275014348176664 0.0012074905394533308 0.0028871075947477028 -0.030223800389133585 0.0046850317415510654 0.010753881763462937 0.013896627798280088 -0.035541670183781147
leaf_weight=1927.6917752921581 748.36827724426985 2091.0040658414364 24458.290670864284 2423.0882731601596 1459.8648376911879 810.39469875767827 2475.4815651103854 4964.6046796478331 872.46480266004801 56.291853055357933 3510.2707152739167 39.469244290143251 59.185935944318771 193.06849378347397
leaf_count=12554 3481 9123 109112 11261 6717 4112 12234 21923 5216 249 15684 343 269 853
internal_value=-5.96246e-05 -0.000868353 -0.00128762 -0.00514654 0.00158507 0.00334376 0.0049757 -0.000815809 -0.00351291 0.00211192 0.00257733 -0.00451294 -0.0189709 -0.0275644
internal_weight=46089.5 30900.1 28972.4 4514.09 15189.5 8765 7082.14 6424.47 1682.86 4606.65 4550.36 1040.09 291.724 232.538
internal_count=213131 142050 129496 20384 71081 42441 33113 28640 9328 20879 20630 4946 1465 1196
is_linear=0
shrinkage=0.03


Tree=167
num_leaves=15
num_cat=0
split_feature=245 248 76 224 245 224 228 228 229 228 151 77 245 245
split_gain=60.8369 185.583 110.359 144.06 128.969 110.923 96.0111 123.661 98.6197 114.68 99.9126 91.9038 112.642 90.58
threshold=-0.075677461922168718 0.58080807328224193 85.500000000000014 42.500000000000007 -0.078993272036313997 36.500000000000007 26.500000000000004 23.500000000000004 36.500000000000007 17.500000000000004 21.500000000000004 1.5000000000000002 -0.090042456984519945 -0.064956225454807268
decision_type=2 2 10 10 2 10 10 10 10 10 10 10 2 2
left_child=1 -1 3 4 5 6 7 8 -3 -10 -11 -5 -13 -2
right_child=13 2 -4 11 -6 -7 -8 -9 9 10 -12 12 -14 -15
leaf_value=0.0097202983506439883 -0.0040486652223493758 -0.0052056740471445422 0.0053672894647426497 -0.025092932708029491 0.0095722739936817229 -0.022581140663585474 0.016237710472230042 -0.033993973092900726 0.038722437578490046 -0.02945400602603784 0.015736781794640987 0.014506102479257122 -0.00059714991967185988 6.4579402453079102e-05
leaf_weight=2180.8834911696613 5846.1146857365966 4733.7545836009085 2704.9258130192757 73.710366457700729 576.91403143852949 303.1720502898097 189.98395375162363 119.01617058366537 91.183339565992355 61.453032657504082 104.82340753823519 900.35409337282181 866.86889337003231 27190.911055743694
leaf_count=12919 25779 22992 15963 343 2648 1410 926 533 487 272 493 5010 4106 118658
internal_value=1.80694e-05 0.00176381 0.000138518 -0.00162922 -0.00382311 -0.00521686 -0.00418297 -0.00497239 -0.00421378 0.0135364 -0.00168841 0.00571686 0.00713589 -0.000664291
internal_weight=45944.1 12907 10726.2 8021.23 6180.3 5603.39 5300.21 5110.23 4991.21 257.46 166.276 1840.93 1767.22 33037
internal_count=212539 68102 55183 39220 29761 27113 25703 24777 24244 1252 765 9459 9116 144437
is_linear=0
shrinkage=0.03


Tree=168
num_leaves=15
num_cat=0
split_feature=165 136 68 231 79 248 231 228 222 230 244 140 144 245
split_gain=60.5006 57.2477 59.2289 103.095 133.3 97.4851 279.572 137.975 192.981 115.86 108.03 96.2422 84.5228 84.0753
threshold=7.5000000000000009 3.5000000000000004 17.500000000000004 75.500000000000014 16.500000000000004 0.58080807328224193 89.500000000000014 11.500000000000002 94.500000000000014 10.500000000000002 0.0045626494102180013 90.500000000000014 38.500000000000007 -0.089151408523321138
decision_type=8 8 8 10 8 2 10 8 10 10 2 10 8 2
left_child=-1 -2 11 4 -4 12 9 10 -9 -7 -8 -3 -5 -13
right_child=1 2 3 5 -6 6 7 8 -10 -11 -12 13 -14 -15
leaf_value=-0.0039837863461724011 0.003310081909960098 -0.0016963921329495666 0.0077544349075894248 -0.0067233479723590598 -0.0010987161302236468 -0.00067441147916422087 0.024723655909606266 0.013004479581487954 -0.029495190482868281 0.022787290299862518 -0.012941473785696492 0.0091101909732754886 0.0033225317621377371 -0.033790870437422751
leaf_weight=3165.9356871135533 5032.8020073138177 9270.3625294752419 1647.6152872443199 1010.659364938736 19977.265816252679 230.8901904374361 66.576841950416565 777.94907889515162 99.965745821595192 1030.8549902662635 703.05743069201708 51.335974853485823 2873.3652703650296 142.51730439066887
leaf_count=14301 28090 42025 7368 4541 88288 1154 346 4108 530 5225 3238 288 13184 607
internal_value=1.16642e-05 0.000307275 -9.24254e-05 0.000592223 -0.000420916 0.00381318 0.0079555 -0.000199902 0.00788748 0.0185224 -0.00940794 -0.00214667 0.000697947 -0.0225403
internal_weight=46081.2 42915.2 37882.4 28418.2 21624.9 6793.32 2909.29 1647.55 877.915 1261.75 769.634 9464.22 3884.02 193.853
internal_count=213293 198992 170902 127982 95656 32326 14601 8222 4638 6379 3584 42920 17725 895
is_linear=0
shrinkage=0.03


Tree=169
num_leaves=15
num_cat=0
split_feature=70 231 249 224 246 246 75 231 29 77 246 120 231 231
split_gain=57.5758 183.313 83.2841 137.885 78.0121 91.1437 71.4948 77.0976 76.3156 67.0156 83.4117 72.3377 65.1514 120.382
threshold=9.5000000000000018 89.500000000000014 0.19696969538927081 16.500000000000004 0.036200953647494323 0.029648124240338806 67.500000000000014 81.500000000000014 1.5000000000000002 4.5000000000000009 0.051356485113501556 39.500000000000007 75.500000000000014 81.500000000000014
decision_type=8 10 2 10 2 2 10 10 8 10 2 10 10 10
left_child=1 4 3 -3 5 6 -1 8 -8 10 -6 -11 -2 -14
right_child=12 2 -4 -5 9 -7 7 -9 -10 11 -12 -13 13 -15
leaf_value=-0.0020352742279290698 -0.0012678295155433726 -0.023981121765904636 -0.00083249937521317401 0.0069073666573370449 0.017091561333663328 -0.0079129802116184728 -0.0019292136714287131 -0.012835734307174098 0.0098361415216424494 -0.0017049224023251112 -0.010116970641460976 0.014631417807538603 0.0078024730062816973 -0.00010179862719181306
leaf_weight=1353.0079594776034 26642.26096887514 465.47916322574019 731.75039252638817 173.84198681637645 139.93179216980934 691.70137038826942 625.91696012765169 171.76803582906723 2330.9852032437921 294.09346620738506 303.53519229590893 1367.0504150353372 2165.2277274914086 8550.2456798739731
leaf_count=5903 118524 2265 4510 811 630 3247 2965 860 10258 1324 1596 7014 10444 42584
internal_value=3.73777e-05 0.00224156 -0.00778393 -0.015605 0.00413831 0.00214911 0.00371625 0.00620209 0.00734754 0.0089947 -0.001344 0.0117463 -0.000473397 0.00150117
internal_weight=46006.8 8649.06 1371.07 639.321 7277.99 5173.38 4481.68 3128.67 2956.9 2104.61 443.467 1661.14 37357.7 10715.5
internal_count=212935 41383 7586 3076 33797 23233 19986 14083 13223 10564 2226 8338 171552 53028
is_linear=0
shrinkage=0.03


Tree=170
num_leaves=15
num_cat=0
split_feature=69 10 228 244 237 126 52 24 230 226 229 249 244 225
split_gain=62.9068 91.7345 79.5285 88.6778 74.155 69.1957 67.2551 96.9658 66.1601 112.456 61.1674 81.9505 59.716 59.0835
threshold=12.500000000000002 80.500000000000014 5.5000000000000009 0.0055125725921243438 0.13439410179853442 52.500000000000007 36.500000000000007 18.500000000000004 3.5000000000000004 39.500000000000007 3.5000000000000004 0.54040405154228222 0.0019773815292865042 69.500000000000014
decision_type=8 10 10 2 2 10 10 10 10 10 8 2 2 10
left_child=1 2 3 8 -5 -3 13 -8 -1 -10 -4 12 -12 -2
right_child=6 5 10 4 -6 -7 7 -9 9 -11 11 -13 -14 -15
leaf_value=0.018591679323338765 -0.0015117532944711758 -0.010911993951177651 0.018007346955709096 -0.00557680333692279 0.014408469914354459 0.00072503582094874753 0.0080119985783213884 -7.7476245608649658e-05 -0.01291684138739322 0.025713866688181614 -0.0091836547254831175 -0.007111132245449168 0.0056123008873191814 -0.007733022478476341
leaf_weight=301.05582273751497 13903.127687245607 789.71877612173557 287.47058322280645 2074.2940058112144 172.12680409103632 1079.443157646805 1435.6591237857938 17199.648854557425 211.62801660597324 87.742428869009018 246.90070971846581 533.92888640612364 6172.3115480914712 1515.8579027727246
leaf_count=1639 65259 3321 1512 10817 1447 5120 7207 77063 964 377 1050 2680 27472 7078
internal_value=-5.63956e-06 0.00186551 0.00299685 -0.00124819 -0.00398841 -0.0042235 -0.000662965 0.000549698 0.00890141 -0.00112938 0.00466532 0.00408864 0.00502981 -0.00212799
internal_weight=46010.9 11956.6 10087.5 2846.85 2246.42 1869.16 34054.3 18635.3 600.426 299.37 7240.61 6953.14 6419.21 15419
internal_count=213006 56399 47958 15244 12264 8441 156607 84270 2980 1341 32714 31202 28522 72337
is_linear=0
shrinkage=0.03


Tree=171
num_leaves=15
num_cat=0
split_feature=242 243 76 244 193 120 242 226 193 246 246 243 10 249
split_gain=67.1947 62.0299 61.3455 97.4676 85.3883 91.6561 67.2753 80.0873 63.6089 63.3246 76.6621 97.2845 70.8055 70.1577
threshold=0.010350507684051992 -0.008629474323242901 90.500000000000014 0.058951472863554961 73.500000000000014 98.500000000000014 0.020048826932907108 61.500000000000007 96.500000000000014 0.012955126352608206 0.014808574225753547 -0.020896560512483116 52.500000000000007 0.025252525694668296
decision_type=8 2 8 2 10 10 10 10 10 2 2 2 10 2
left_child=-1 2 4 -4 9 6 7 8 -6 -2 11 13 -12 -11
right_child=1 -3 3 -5 5 -7 -8 -9 -10 10 12 -13 -14 -15
leaf_value=-0.012227973027380224 0.0017833937575696915 -0.0035152594193184681 0.0019796621579531858 0.014527538179009942 -0.002942205949628786 0.010503742860438705 0.0037172502648939376 0.00311475415189639 -0.01624418493985904 -0.0033798794326876116 0.00031621080313678861 0.0064505587694970203 -0.0034072527221272438 -0.018782343646672528
leaf_weight=389.08554819971323 6408.934611056 3825.233469851315 5117.3457144498825 615.95184979215264 1224.977661177516 1133.0085324980319 4550.5801161155105 1460.8468386605382 432.74641636013985 456.76627411693335 11816.242826450616 305.88220202922821 7510.9798893332481 645.73714787513018
leaf_count=1679 27911 16830 26361 4521 5082 6084 20751 6469 1812 2003 55060 1278 33818 2812
internal_value=2.83507e-05 0.00013581 0.000471654 0.00335068 1.16617e-05 0.00257762 0.00139449 -0.00199589 -0.00649125 -0.000821044 -0.00162649 -0.00835899 -0.00113182 -0.0124889
internal_weight=45894.3 45505.2 41680 5733.3 35946.7 8802.16 7669.15 3118.57 1657.72 27144.5 20735.6 1408.39 19327.2 1102.5
internal_count=212471 210792 193962 30882 163080 40198 34114 13363 6894 122882 94971 6093 88878 4815
is_linear=0
shrinkage=0.03


Tree=172
num_leaves=15
num_cat=0
split_feature=165 195 120 193 126 232 70 14 244 224 244 238 59 224
split_gain=67.006 75.6041 94.5763 84.8451 60.3774 60.0619 66.1003 77.5697 63.1352 61.1655 67.0016 58.3178 65.2215 73.0425
threshold=7.5000000000000009 38.500000000000007 98.500000000000014 73.500000000000014 94.500000000000014 83.500000000000014 6.5000000000000009 5.5000000000000009 0.085759349167346968 13.500000000000002 0.0087039805948734301 -0.12805767357349393 48.500000000000007 24.500000000000004
decision_type=8 10 10 8 10 10 8 8 2 10 2 10 10 8
left_child=-1 2 4 -4 5 6 -2 -8 11 10 -7 -9 13 -13
right_child=1 -3 3 -5 -6 9 7 8 -10 -11 -12 12 -14 -15
leaf_value=-0.0041818391227147365 0.0019714704071272515 0.002097864152038339 -0.00039073310840688301 0.010307163103492811 0.0045680166428943405 0.0062218215260092906 -0.0084326600469948037 0.0013332695818001872 0.012549976487858902 0.0038236634412569669 -0.0083976916651730647 -2.2082263222231714e-05 -0.0016901263831559806 -0.0088609256278489104
leaf_weight=3163.0571371950209 2883.9923174083233 14491.454089432955 1371.7893413007259 1287.7951989993453 1564.5145185627043 401.09434197843075 2024.6812855005264 2931.1402931883931 247.62585428357124 3228.2714166045189 896.50791814550757 1167.523396551609 7299.8132951110601 3003.2955081164837
leaf_count=14272 12839 67489 8338 7136 7865 1882 9091 14280 1582 14558 4347 5009 31301 12886
internal_value=2.45858e-05 0.000336362 -0.000565809 0.00480849 -0.00112475 -0.0014963 -0.00221682 -0.00294199 -0.00217789 0.0016154 -0.00386572 -0.00243966 -0.00340409 -0.00639267
internal_weight=45962.6 42799.5 28308 2659.58 25648.5 24083.9 19558.1 16674.1 14649.4 4525.87 1297.6 14401.8 11470.6 4170.82
internal_count=212875 198603 131114 15474 115640 107775 86988 74149 65058 20787 6229 63476 49196 17895
is_linear=0
shrinkage=0.03


Tree=173
num_leaves=15
num_cat=0
split_feature=238 244 231 228 228 231 231 249 244 229 248 47 125 243
split_gain=61.2376 68.0923 88.2663 54.951 108.109 53.1116 105.463 115.915 113.425 92.8506 94.8302 110.834 92.7664 91.8094
threshold=-0.12805767357349393 0.10799458995461465 99.500000000000014 8.5000000000000018 92.500000000000014 92.500000000000014 97.500000000000014 0.83333334326744091 0.035618251189589507 5.5000000000000009 0.84343436360359203 39.500000000000007 24.500000000000004 -0.050886129960417741
decision_type=10 2 8 8 8 10 10 2 2 8 2 10 10 2
left_child=5 2 -2 -4 -5 9 12 8 -8 -1 13 -12 -7 -11
right_child=1 -3 3 4 -6 6 7 -9 -10 10 11 -13 -14 -15
leaf_value=0.0080098429259983714 -0.00059620645552732208 0.015873047688316884 -0.021713101443959902 0.0077626116350973367 -0.016571878829988524 -0.012535599848982665 0.0078195705984552121 0.023152086687826142 -0.0098005465174852893 0.0086467559719314371 -0.018749165273942731 0.0058840668359803026 0.0050355941690501923 0.00059961754905286772
leaf_weight=2225.2912096232176 30413.087112471461 210.14110781997442 252.22271422296762 299.18802489340305 342.77108749002218 1026.4345549978316 729.21953196078539 218.12709295377135 582.21614402160048 1547.9271502867341 424.5617035292089 258.21136331558228 359.62746646255255 7060.7641170993447
leaf_count=13009 132275 1220 1084 1413 1751 5338 4408 1718 3536 8709 2006 1247 1986 33234
internal_value=-1.32996e-05 -0.000754384 -0.000871024 -0.0101082 -0.00528557 0.00160448 -0.00200746 0.00341523 -1.79067e-05 0.00251984 0.0011978 -0.0094829 -0.00797317 0.00205493
internal_weight=45949.8 31517.4 31307.3 894.182 641.959 14432.4 2915.62 1529.56 1311.44 11516.8 9291.46 682.773 1386.06 8608.69
internal_count=212934 137743 136523 4248 3164 75191 16986 9662 7944 58205 45196 3253 7324 41943
is_linear=0
shrinkage=0.03


Tree=174
num_leaves=15
num_cat=0
split_feature=149 151 231 228 190 228 245 140 231 245 148 226 228 229
split_gain=58.1384 69.6541 56.1056 103.091 55.5954 65.6878 56.038 55.6207 51.5785 102.244 76.3343 72.5085 70.6378 65.2807
threshold=23.500000000000004 3.5000000000000004 67.500000000000014 1.5000000000000002 93.500000000000014 93.500000000000014 -0.062743093818426118 95.500000000000014 25.500000000000004 -0.045789767056703561 12.500000000000002 81.500000000000014 66.500000000000014 3.5000000000000004
decision_type=10 10 8 8 10 8 2 10 10 2 8 10 10 10
left_child=8 2 -2 -4 5 -3 -7 -8 9 11 13 12 -1 -10
right_child=1 4 3 -5 -6 6 7 -9 10 -11 -12 -13 -14 -15
leaf_value=0.0053945471564399309 -0.0063346519363604139 0.00099754763794391199 -0.019454787247376495 0.0070615542928942421 0.0071644886709275584 -0.024479739344695595 -0.0089296029766528229 0.0088071404081161327 0.005286010162176411 -0.0042813464421183169 -0.0018342952715576979 0.021769124888010756 -0.030569292218693946 -0.012556769919969032
leaf_weight=1200.6767003759742 2159.191140152514 30252.605284102261 149.4792265817523 757.71114820614457 1259.6617607735097 132.77021427825093 549.25519485026598 213.34339535236359 214.3872728869319 1415.819282270968 6281.2018340714276 238.46394813805819 41.36359204351902 1129.6177737489343
leaf_count=6200 9486 139921 939 3724 6319 682 2427 1030 1271 6230 28618 1104 183 5000
internal_value=2.0478e-05 0.000601412 -0.00371296 0.00252794 0.00101065 0.000759565 -0.00720357 -0.00391783 -0.00193689 0.0014676 -0.00323026 0.00695721 0.00396226 -0.00969258
internal_weight=45995.5 35474 3066.38 907.19 32407.6 31148 895.369 762.599 10521.5 2896.32 7625.21 1480.5 1242.04 1344.01
internal_count=213134 164528 14149 4663 150379 144060 4139 3457 48606 13717 34889 7487 6383 6271
is_linear=0
shrinkage=0.03


Tree=175
num_leaves=15
num_cat=0
split_feature=245 77 248 140 10 224 230 245 7 98 147 246 231 245
split_gain=60.9967 64.2248 68.7827 65.1544 103.216 101.135 89.3314 92.3636 87.2681 87.134 78.9146 70.9328 70.0158 67.2977
threshold=-0.20662932842969892 1.5000000000000002 0.93434342741966259 14.500000000000002 52.500000000000007 12.500000000000002 48.500000000000007 -0.071887455880641923 24.500000000000004 35.500000000000007 38.500000000000007 0.029144423082470897 30.500000000000004 -0.044407408684492104
decision_type=2 8 2 10 10 10 10 2 10 10 10 2 10 2
left_child=-1 -2 3 4 9 10 7 -7 -8 -3 11 -6 -12 -5
right_child=1 2 -4 13 5 6 8 -9 -10 -11 12 -13 -14 -15
leaf_value=0.016725673407732539 -0.0060454416936841929 -0.0020153070453770871 0.020869509159266837 0.0017834004229061269 0.0045533956376355364 0.014195542568464203 0.0038048537072382692 -0.0047412449905045086 -0.015188260232558362 0.0043831882217406099 0.0076399496092326375 -0.020046461965947917 -0.028428440025507297 -0.0011537245886903275
leaf_weight=185.86215917766094 1544.4540208987892 7075.7121000960469 133.84988046437502 21238.98821381852 244.87547814100981 408.6283857151866 313.84944136440754 511.37669116258621 676.47014977037907 2615.1436844542623 50.948801472783089 171.58704900741577 386.14789328724146 10477.272695228457
leaf_count=2552 7385 33285 859 99566 1086 1926 1307 2107 2794 12418 215 767 1696 45369
internal_value=1.96336e-05 -5.17212e-05 0.000158535 9.1066e-05 -0.00174674 -0.00684933 -0.00298044 0.0037319 -0.00919115 -0.000285891 -0.0153734 -0.00581441 -0.0241474 0.000813081
internal_weight=46035.2 45849.3 44304.9 44171 12454.7 2763.88 1910.32 920.005 990.32 9690.86 853.559 416.463 437.097 31716.3
internal_count=213332 210780 203395 202536 57601 11898 8134 4033 4101 45703 3764 1853 1911 144935
is_linear=0
shrinkage=0.03


Tree=176
num_leaves=15
num_cat=0
split_feature=233 56 108 70 232 228 245 248 245 248 193 237 233 117
split_gain=64.2032 58.2384 78.8625 51.3293 89.0252 77.0474 110.602 114.326 89.8608 67.3857 59.7346 81.9256 78.5592 74.9405
threshold=99.500000000000014 44.500000000000007 81.500000000000014 9.5000000000000018 17.500000000000004 5.5000000000000009 -0.097271446138620363 0.82323232293128978 -0.16600830852985379 0.78282830119133007 72.500000000000014 0.023439594544470314 14.500000000000002 89.500000000000014
decision_type=10 10 10 8 8 10 2 2 2 2 8 2 10 10
left_child=3 2 -2 4 -1 6 7 -6 -7 -8 -5 12 -12 -14
right_child=1 -3 -4 10 5 8 9 -9 -10 -11 11 -13 13 -15
leaf_value=0.009545186112554253 0.010798010973706083 -0.0021284832230641921 -0.020895547388091077 -0.0019041848920407177 -0.0069070065664165901 -0.024823561762219292 -0.005172756679040616 0.013790282769232207 0.0031878544501045404 -0.020647595196984506 -0.006879638331534107 0.0024646729807177221 -0.0010640622816728376 0.011011321148202163
leaf_weight=1149.0060179308057 1201.7311061322689 628.1750017143786 65.937823459506035 19658.026489112526 480.76691433042288 95.395370956510305 734.50011217594147 461.38573914393783 4850.1819340959191 384.65770723670721 1989.1886048540473 9000.3122870512307 4776.6465298607945 502.02840936556458
leaf_count=5228 6244 2840 328 89315 3123 595 3340 2941 21912 1685 8788 43813 20339 2550
internal_value=-7.09453e-05 0.00532005 0.00899883 -0.00030395 0.00184317 0.000568375 -0.0042915 0.00326714 0.00259854 -0.0106273 -0.000791763 0.000552801 -0.00181494 0.000103016
internal_weight=45977.9 1895.84 1267.67 44082.1 8155.89 7006.89 2061.31 942.153 4945.58 1119.16 35926.2 16268.2 7267.86 5278.67
internal_count=213041 9412 6572 203629 38824 33596 11089 6064 22507 5025 164805 75490 31677 22889
is_linear=0
shrinkage=0.03


Tree=177
num_leaves=15
num_cat=0
split_feature=226 226 248 119 248 246 246 248 245 226 246 246 246 245
split_gain=65.0898 92.1082 141.737 161.613 121.053 116.98 116.25 141.293 108.551 100.755 95.9669 88.0746 87.2957 95.6277
threshold=12.500000000000002 29.500000000000004 0.82323232293128978 14.500000000000002 0.83333334326744091 0.0046918767038732776 0.01450268365442753 0.68181815743446361 -0.093183517456054674 55.500000000000007 0.0021583283087238674 0.052305050194263465 0.0077152727171778688 -0.067995566874742494
decision_type=8 10 2 10 2 2 2 2 2 10 2 2 2 2
left_child=-1 4 10 -4 5 -2 7 -7 11 -10 -3 -5 -9 -14
right_child=1 2 3 8 -6 6 -8 12 9 -11 -12 -13 13 -15
leaf_value=0.00205030942248818 0.018371613948961599 -0.02985850580905659 -0.021339575509091345 0.025307911661234309 -0.014491568841317033 -0.0042335229902863295 -0.0010914427173845298 -0.042972281999844576 -0.0093010359815045695 0.015843723034934806 -0.0002604309807384042 0.0019827482925878184 -0.022331191547018049 0.019866801311117975
leaf_weight=9888.5627746172249 229.44086547195911 88.965554550290108 132.60529506206512 580.78172924369574 798.41489570587873 975.57670379430056 5917.0873626060784 146.61456111073494 305.05760210752487 253.51870001852512 26143.315223701298 195.77239911258221 233.64879942685366 52.016057252883911
leaf_count=50585 1023 367 552 3005 3690 4191 28181 618 1308 1152 115759 1259 1023 216
internal_value=-0.000104605 -0.000696059 0.000136953 0.00917692 -0.0034554 -0.00227138 -0.00294215 -0.010658 0.0123439 0.00218925 -0.000372151 0.0195275 -0.0247332 -0.0142354
internal_weight=45941.4 36052.8 27700 1467.74 8352.8 7554.38 7324.94 1407.86 1335.13 558.576 26232.3 776.554 432.279 285.665
internal_count=212929 162344 123402 7276 38942 35252 34229 6048 6724 2460 116126 4264 1857 1239
is_linear=0
shrinkage=0.03


Tree=178
num_leaves=15
num_cat=0
split_feature=233 101 245 56 228 231 189 231 223 245 222 245 190 241
split_gain=64.5892 80.8037 84.5639 68.9285 106.378 78.9811 109.623 79.902 67.6412 67.2069 60.8279 62.9039 55.844 63.1939
threshold=68.500000000000014 3.5000000000000004 -0.1104091852903366 40.500000000000007 31.500000000000004 92.500000000000014 50.500000000000007 97.500000000000014 42.500000000000007 -0.084781903773546205 46.500000000000007 -0.12845756858587262 69.500000000000014 -1.0000000180025095e-35
decision_type=10 8 2 10 10 10 10 10 10 2 10 2 10 8
left_child=1 10 -3 5 -5 6 8 -7 -2 -6 11 -1 13 -4
right_child=3 2 12 4 9 7 -8 -9 -10 -11 -12 -13 -14 -15
leaf_value=0.0041476812831402242 0.0037805981312473186 0.0076123312127944036 -0.0013153548678573419 -0.0051497307473454736 0.016622358761289875 -0.0092198970585543327 0.010016417241237209 0.0038498392675158188 -0.0059105600962587176 0.0015068719653429851 0.0091368663769753576 -0.0084011553996085966 0.0025149493267479675 0.011776459394612507
leaf_weight=416.98463309183717 3831.3955152109265 1203.7759356424212 21632.293440066278 2683.7453392073512 277.10209209471941 791.55171226710081 2434.5886710137129 878.12470260262489 770.47665917873383 3440.3765158355236 233.97531203180552 2377.2977156043053 4605.6950195729733 327.0735999122262
leaf_count=2899 17449 8210 95603 12075 1598 4028 12160 5285 3452 14902 1023 10455 21526 2153
internal_value=0.000148503 -0.00063965 -0.00013139 0.00175455 -0.000608382 0.00349061 0.00488128 -0.0023642 0.00214874 0.00267516 -0.00528457 -0.00652041 -0.000485023 -0.00111509
internal_weight=45904.5 30797.1 27768.8 15107.4 6401.22 8706.14 7036.46 1669.68 4601.87 3717.48 3028.26 2794.28 26565.1 21959.4
internal_count=212818 141869 127492 70949 28575 42374 33061 9313 20901 16500 14377 13354 119282 97756
is_linear=0
shrinkage=0.03


Tree=179
num_leaves=15
num_cat=0
split_feature=190 194 226 144 243 243 121 77 224 52 178 231 10 52
split_gain=79.9439 70.6781 90.3279 96.3511 85.2221 109.355 84.6873 73.5181 71.0945 68.811 61.419 60.9256 58.9869 65.8676
threshold=89.500000000000014 30.500000000000004 2.5000000000000004 3.5000000000000004 -0.039296975359320634 -0.091982115060091005 68.500000000000014 38.500000000000007 1.0000000180025095e-35 8.5000000000000018 99.500000000000014 90.500000000000014 2.5000000000000004 13.500000000000002
decision_type=10 10 8 10 2 2 10 10 10 10 8 10 8 8
left_child=1 2 3 -1 5 -5 -7 -6 -8 -3 -11 -9 -4 -14
right_child=-2 9 12 4 7 6 8 11 -10 10 -12 -13 13 -15
leaf_value=-0.022810522681621211 0.0053827009202445748 -0.0055048932177290772 0.0058476966992848907 0.02042654613842803 0.023205528493638477 0.0088241065792744114 0.0047608724900489339 0.011661648432211786 -0.014548717087847328 -0.0010504821764300608 0.011174088729136191 -0.017212640960838445 -0.0031537837602480163 0.00083543312500805112
leaf_weight=87.874791957437992 2369.7662730142474 3302.7483883686364 1551.5283905416727 265.017976552248 458.83199902996421 500.07825467363 272.48829566687346 255.17217017710209 436.10220252722502 16827.116664689034 368.24611932039261 77.898548118770123 5047.6868314146996 14128.790396668017
leaf_count=401 11632 16138 7720 2439 2258 2753 1646 1241 2166 74958 2010 346 22885 64525
internal_value=2.83912e-05 -0.000263933 0.000874441 0.00643108 0.00766052 0.00335201 -0.000528724 0.0155366 -0.0071603 -0.00154558 -0.000782345 0.00460365 0.000240742 -0.000215716
internal_weight=45949.3 43579.6 23081.5 2353.46 2265.59 1473.69 1208.67 791.903 708.59 20498.1 17195.4 333.071 20728 19176.5
internal_count=213118 201486 108380 13250 12849 9004 6565 3845 3812 93106 76968 1587 95130 87410
is_linear=0
shrinkage=0.03


Tree=180
num_leaves=15
num_cat=0
split_feature=226 226 79 142 226 147 77 145 228 128 170 81 226 226
split_gain=58.9211 74.6524 91.6359 71.2765 66.7728 103.248 109.555 75.7122 93.1839 119.917 67.3367 84.4124 77.1503 86.9469
threshold=99.500000000000014 81.500000000000014 23.500000000000004 66.500000000000014 12.500000000000002 17.500000000000004 2.5000000000000004 66.500000000000014 23.500000000000004 46.500000000000007 25.500000000000004 8.5000000000000018 29.500000000000004 62.500000000000007
decision_type=10 10 10 10 8 10 10 10 10 10 8 8 10 8
left_child=1 4 -3 -4 5 6 -1 8 -7 -10 12 -12 -6 -14
right_child=-2 2 3 -5 10 7 -8 -9 9 -11 11 -13 13 -15
leaf_value=-0.0067591889002569109 -0.0087915082212081351 0.012032129347057824 -0.0013399476632842788 0.0051424003723946256 -0.0061853741329098251 0.0073463028478845749 0.010666015967693848 -0.0022041761326970495 -0.0097539486078308153 0.016573536594453906 0.0065955568948238771 -0.00051061978802534064 0.00066516105602625367 -0.0057847189941930529
leaf_weight=389.09673196449876 658.35093193501234 878.84077273309231 3230.616144567728 2878.7686931118369 3898.3798655867577 2091.8317615576088 1787.5937505885959 4744.9822272397578 715.33234971761703 188.66409184038639 1682.8936679363251 13506.282976511866 6651.8020100295544 2611.7399823516607
leaf_count=2442 3165 4302 14066 14242 17476 9873 9426 25038 3166 856 7819 61046 28721 11329
internal_value=5.09352e-05 0.00018148 0.00303042 0.00171797 -0.000339421 0.00177821 0.00753449 0.000151931 0.0038786 -0.00413819 -0.00108056 0.000280535 -0.00265031 -0.00115758
internal_weight=45915.2 45256.8 6988.23 6109.38 38268.6 9917.5 2176.69 7740.81 2995.83 903.996 28351.1 15189.2 13161.9 9263.54
internal_count=212967 209802 32610 28308 177192 50801 11868 38933 13895 4022 126391 68865 57526 40050
is_linear=0
shrinkage=0.03


Tree=181
num_leaves=15
num_cat=0
split_feature=245 243 193 226 55 222 233 224 243 111 51 245 243 146
split_gain=57.3485 104.548 97.3453 75.6696 101.19 101.085 61.2192 117.68 112.537 120.106 95.5147 76.1888 119.558 95.6
threshold=-0.1104091852903366 -0.025704713538289067 85.500000000000014 6.5000000000000009 3.5000000000000004 29.500000000000004 59.500000000000007 1.5000000000000002 -0.063064016401767717 1.5000000000000002 3.5000000000000004 -0.075209613889455781 -0.054542422294616692 98.500000000000014
decision_type=2 2 10 10 10 8 10 10 2 10 8 2 2 10
left_child=1 2 3 5 -5 -1 10 8 -8 -10 -2 13 -13 -9
right_child=6 -3 -4 4 -6 -7 7 11 9 -11 -12 12 -14 -15
leaf_value=0.010441496970370662 -0.0073712912017536358 0.027516655882424107 0.016370026557493474 -0.012278213042226425 0.0023878893953917322 -0.017790651533089334 0.0075046777238896691 0.0064827844200666274 0.0027763138958210192 -0.023420410793608917 -0.0006953293307351249 -0.012672149657870661 0.0011966753016651674 -0.013499971799320359
leaf_weight=914.96621360629797 2090.8934264481068 148.77570074051619 392.22785694897175 669.31200191378593 1117.1232618242502 121.00224927812815 265.58630596846342 3699.7715045884252 228.20133862644434 484.8087088316679 23586.854101106524 578.24467635154724 11413.93191113323 219.55874489247799
leaf_count=7687 8956 1082 2522 3703 6346 1047 1388 17662 1186 2192 106217 2521 49413 1174
internal_value=-2.07741e-05 0.00374446 0.00256234 0.000592474 -0.00314472 0.00700539 -0.000319085 0.0010833 -0.00896131 -0.0151136 -0.0012416 0.00170631 0.00051794 0.00533185
internal_weight=45931.3 3363.41 3214.63 2822.4 1786.44 1035.97 42567.9 16890.1 978.596 713.01 25677.7 15911.5 11992.2 3919.33
internal_count=213096 22387 21305 18783 10049 8734 190709 75536 4766 3378 115173 70770 51934 18836
is_linear=0
shrinkage=0.03


Tree=182
num_leaves=15
num_cat=0
split_feature=231 231 226 226 245 231 245 139 70 245 226 137 245 231
split_gain=66.1746 133.222 124.401 156.038 159.746 166.91 147.418 149.455 99.9735 99.8139 144.366 118.697 90.8242 101.526
threshold=26.500000000000004 31.500000000000004 81.500000000000014 54.500000000000007 -0.1044003665447235 22.500000000000004 -0.068970695137977586 79.500000000000014 25.500000000000004 -0.043028723448514931 31.500000000000004 58.500000000000007 -0.11276511102914809 30.500000000000004
decision_type=8 8 10 8 2 10 2 8 10 2 10 10 2 10
left_child=2 12 3 4 5 -1 7 -5 -4 10 11 -6 13 -2
right_child=1 -3 8 6 9 -7 -8 -9 -10 -11 -12 -13 -14 -15
leaf_value=-0.026478633631974457 0.028417177317917458 -0.00019326802241904822 0.022898080501966806 0.012999710560145287 -0.0011505755600975307 0.015844223065598701 -0.0077254390013912393 -0.014526640612321222 0.005480381096331241 -0.00066107288732050328 0.013944952957540021 0.018475978938289717 -0.0091485125607536095 -0.026136713898088571
leaf_weight=285.9610805362463 108.99114782363176 32085.320393297821 368.55127157270908 691.79080744832754 1656.4933534041047 109.32024452835321 2766.9153996109962 228.50229167193174 1420.6068711429834 1954.7318593561649 1752.8291233852506 322.86069244146347 2179.7680843695998 32.667492218315601
leaf_count=1326 663 152411 1662 3208 7141 597 11754 1101 6464 8276 7425 1534 9491 207
internal_value=-3.6669e-05 -0.000696461 0.00192626 0.000590596 0.00354062 -0.0146716 -0.00427199 0.00608243 0.00917561 0.00483002 0.00770007 0.00212758 -0.00762062 0.0149428
internal_weight=45965.3 34406.7 11558.6 9769.4 6082.2 395.281 3687.21 920.293 1789.16 5686.92 3732.18 1979.35 2321.43 141.659
internal_count=213260 162772 50488 42362 26299 1923 16063 4309 8126 24376 16100 8675 10361 870
is_linear=0
shrinkage=0.03


Tree=183
num_leaves=15
num_cat=0
split_feature=149 242 212 148 37 120 32 232 124 122 140 29 228 62
split_gain=56.1756 57.6406 51.7252 51.5057 56.1597 49.3541 48.9834 41.1306 54.8621 50.9259 43.1038 68.2367 50.64 43.1018
threshold=24.500000000000004 0.010350507684051992 50.500000000000007 12.500000000000002 77.500000000000014 99.500000000000014 6.5000000000000009 85.500000000000014 21.500000000000004 26.500000000000004 33.500000000000007 54.500000000000007 47.500000000000007 72.500000000000014
decision_type=10 8 10 8 8 10 10 8 8 8 10 10 10 10
left_child=3 -2 7 4 -1 6 -4 10 -9 -10 11 -3 13 -13
right_child=1 2 5 -5 -6 -7 -8 8 9 -11 -12 12 -14 -15
leaf_value=-0.0048963787717478512 -0.011776085925449454 0.00034421162127393668 -0.0096179053603201569 -0.00094515465278233179 -0.024208416555182331 0.0071497985331462205 -0.0015703877285060145 -0.0039133885030598241 0.010982848774200752 0.0031775519286947867 0.0017779546086927618 -0.012517599688866378 0.0040115222759391127 -0.0022044011663469669
leaf_weight=1564.2865066118538 323.89937104284763 9107.4613488987088 872.2154746055603 9189.837396427989 139.68392968177795 435.27509351819754 3004.8422913998365 749.69343374669552 942.79407245665789 3652.3938106521964 13995.891803029925 892.91236582398415 365.76954938471317 620.33657167851925
leaf_count=7256 1405 41700 3880 42454 614 2413 12970 3263 4666 18556 65725 3750 1512 2623
internal_value=4.33755e-05 0.000629526 0.00074889 -0.00183671 -0.0066115 -0.00232187 -0.00340091 0.00118615 0.00357223 0.00479934 0.000674437 -0.000731695 -0.00592075 -0.00833207
internal_weight=45857.3 34963.5 34639.6 10893.8 1703.97 4312.33 3877.06 30327.3 5344.88 4595.19 24982.4 10986.5 1879.02 1513.25
internal_count=212787 162463 161058 50324 7870 19263 16850 141795 26485 23222 115310 49585 7885 6373
is_linear=0
shrinkage=0.03


Tree=184
num_leaves=15
num_cat=0
split_feature=240 77 57 69 243 230 226 230 41 228 224 226 147 10
split_gain=60.1118 51.2458 59.5071 57.3003 75.3774 96.5311 73.8792 77.6333 66.0149 60.4419 75.7982 72.9372 52.9698 55.9246
threshold=0.082284025847911849 1.5000000000000002 70.500000000000014 52.500000000000007 -0.038832848891615861 6.5000000000000009 68.500000000000014 89.500000000000014 29.500000000000004 38.500000000000007 89.500000000000014 20.500000000000004 90.500000000000014 7.5000000000000009
decision_type=8 8 10 10 2 10 10 10 10 10 10 10 8 10
left_child=1 -1 3 -3 5 -5 9 -8 -6 -7 -11 -12 13 -4
right_child=-2 2 12 4 8 6 7 -9 -10 10 11 -13 -14 -15
leaf_value=-0.0055998815068514394 0.010700456241025141 0.00023025144591029824 0.0060538291946320945 -0.0080380795972611573 -0.01039676834455967 0.0047056990055890247 -0.010311229024868283 0.012057304452285686 -0.0028147863370845093 0.025017977915062887 0.019822486510152705 -0.028585650977785426 -0.0043969792728560759 0.0011906164652842604
leaf_weight=1493.1943916343153 453.94942666590214 20331.399212673306 2742.6222077682614 675.55869284644723 1228.3164930269122 1024.722280189395 446.72072095423937 191.64473284780979 6345.2668317705393 319.60641552507877 45.384763598442078 47.116018399596214 1158.5839861296117 9413.6337771452963
leaf_count=7554 2584 93234 14710 3520 5385 4705 2053 956 27596 1535 232 212 5385 43480
internal_value=-4.34488e-05 -0.000153055 3.3145e-05 -0.000694191 -0.00251313 0.00173565 0.00494068 -0.00351354 -0.00405655 0.00869511 0.0182685 -0.00521786 0.00170701 0.0022919
internal_weight=45917.7 45463.8 43970.6 30655.7 10324.3 2750.75 2075.19 638.365 7573.58 1436.83 412.107 92.5008 13314.8 12156.3
internal_count=213141 210557 203003 139428 46194 13213 9693 3009 32981 6684 1979 444 63575 58190
is_linear=0
shrinkage=0.03


Tree=185
num_leaves=15
num_cat=0
split_feature=231 230 230 245 224 120 226 230 52 120 138 245 243 71
split_gain=59.5481 114.723 177.487 124.022 109.612 114.994 105.34 124.885 103.689 102.368 101.622 100.117 96.3402 119.017
threshold=91.500000000000014 62.500000000000007 18.500000000000004 -0.10331549495458602 32.500000000000007 49.500000000000007 66.500000000000014 54.500000000000007 13.500000000000002 17.500000000000004 78.500000000000014 -0.058304077014327042 -0.052742749452590935 58.500000000000007
decision_type=8 10 10 2 10 8 8 10 10 10 10 2 2 10
left_child=4 2 -2 -4 5 12 7 -7 -6 -10 -11 -8 13 -1
right_child=1 -3 3 -5 8 6 11 -9 9 10 -12 -13 -14 -15
leaf_value=0.011826863505246388 -0.0016359697957479343 0.0054105023064715801 0.019795415337179399 -0.017060043234002384 -0.0060305019331964443 0.0039350466211893172 0.020939492666295564 -0.0087591862423526314 0.0038172941750469944 -0.00010356010372687574 -0.006237265062721738 0.002105012587788147 -0.0033343737481900744 -0.0087402021181354084
leaf_weight=893.62305058538914 4201.3297963626683 1264.9582621082664 80.189193874597549 1156.540741533041 3181.3519429266453 9466.0983573831618 594.61927559971809 743.56454721093178 4404.4153305962682 11545.038070298731 3069.5325938761234 442.25577609241009 4479.5200998559594 343.4995955452323
leaf_count=4050 23557 6770 445 4912 14408 45789 3072 3227 18906 51493 13944 1991 18839 1546
internal_value=-8.67077e-05 -0.00269735 -0.0045898 -0.0145307 0.00036069 0.00217569 0.00393555 0.00300287 -0.0010265 -0.000186735 -0.00139522 0.0130029 -0.00128738 0.00609192
internal_weight=45866.5 6703.02 5438.06 1236.73 39163.5 16963.2 11246.5 10209.7 22200.3 19019 14614.6 1036.88 5716.64 1237.12
internal_count=212949 35684 28914 5357 177265 78514 54079 49016 98751 84343 65437 5063 24435 5596
is_linear=0
shrinkage=0.03


Tree=186
num_leaves=15
num_cat=0
split_feature=245 77 243 80 248 248 193 230 245 70 121 248 230 230
split_gain=59.1043 55.4547 59.7071 57.0697 70.6586 55.3625 52.5241 87.183 85.8342 84.6177 77.1454 71.5829 111.548 150.068
threshold=-0.20662932842969892 1.5000000000000002 -0.008629474323242901 10.500000000000002 0.58080807328224193 0.93434342741966259 72.500000000000014 69.500000000000014 -0.1079621985554695 83.500000000000014 45.500000000000007 0.77272728085517894 51.500000000000007 47.500000000000007
decision_type=2 8 2 8 2 2 8 10 2 10 10 2 10 10
left_child=-1 -2 5 -4 -5 6 -3 8 -8 10 -9 -10 13 -13
right_child=1 2 3 4 -6 -7 7 9 11 -11 -12 12 -14 -15
leaf_value=0.016580856661297314 -0.0056542650240077805 -0.00050859630963942623 0.0068078200604339348 -0.003776203032970962 -0.023516124809657729 0.019143731621484927 0.009495333567910642 -0.0007591559284045547 0.00059836475153634086 -0.002395982916433816 0.0091232702890923327 -0.0050902478006188325 -0.023013751318972091 0.034395087967253553
leaf_weight=183.24651562422514 1523.1661873273551 23273.070315446705 420.30159256607294 3124.1472629606724 162.82562788575888 132.60124557465315 831.35533751547337 913.873759098351 9278.2085963115096 1113.2062488868833 3168.4561517909169 1359.2740657776594 280.39769826084375 82.528006464242935
leaf_count=2592 7270 106960 1885 13647 727 875 5198 4099 41466 5316 15143 6079 1213 388
internal_value=2.47517e-05 -4.53035e-05 0.000149484 -0.0034891 -0.00482241 0.000483884 0.000417753 0.00168345 0.000259768 0.00491887 0.00691453 -0.0004462 -0.00604467 -0.00260878
internal_weight=45846.7 45663.4 44140.2 3707.27 3286.97 40433 40300.4 17027.3 11831.8 5195.54 4082.33 11000.4 1722.2 1441.8
internal_count=212858 210266 202996 16259 14374 186737 185862 78902 54344 24558 19242 49146 7680 6467
is_linear=0
shrinkage=0.03


Tree=187
num_leaves=15
num_cat=0
split_feature=233 245 101 228 231 194 140 228 231 226 226 31 244 63
split_gain=57.2959 75.1424 93.0232 86.9966 90.1782 66.0826 72.8671 68.6178 76.8194 67.005 66.2627 62.6419 62.5032 57.8243
threshold=69.500000000000014 -0.1104091852903366 5.5000000000000009 4.5000000000000009 24.500000000000004 31.500000000000004 90.500000000000014 10.500000000000002 95.500000000000014 10.500000000000002 2.5000000000000004 58.500000000000007 0.10799458995461465 62.500000000000007
decision_type=10 2 8 10 10 10 8 10 10 10 10 10 2 10
left_child=1 -1 3 4 -3 6 10 8 9 -7 -2 -5 13 -4
right_child=5 2 12 11 -6 7 -8 -9 -10 -11 -12 -13 -14 -15
leaf_value=0.0050557990544029298 0.010854083172057365 0.016500014248772114 -0.0017050325188822726 3.7435749169999183e-06 -0.01670717661127023 0.0049378227726644425 -0.0089468351460549184 0.0012121957198801198 -0.017456076732620278 -0.0081753741831656068 0.0029794232298197051 -0.010387145687558037 0.014282398078678782 0.0012349272870036986
leaf_weight=1920.3123009093106 1139.1853427961469 72.997208252549171 15738.633640289307 1883.9089803472161 802.38940413296223 628.56609390303493 388.31546473130584 5443.4152829162776 374.09796022996306 769.42179787531495 5996.4661395102739 712.37450648844242 247.20111998915672 9738.8308786526322
leaf_count=12768 6663 313 69427 8028 3567 3307 1950 24618 2020 3487 27369 3063 1576 44682
internal_value=5.26011e-05 -0.000677224 -0.0010559 -0.00565809 -0.013783 0.00159276 0.00355795 -0.000458539 -0.00556863 -0.0022862 0.00425002 -0.00287625 -0.000432855 -0.000581181
internal_weight=45856.1 31116.6 29196.3 3471.67 875.387 14739.5 7523.97 7215.5 1772.09 1397.99 7135.65 2596.28 25724.7 25477.5
internal_count=212838 143424 130656 14971 3880 69414 35982 33432 8814 6794 34032 11091 115685 114109
is_linear=0
shrinkage=0.03


Tree=188
num_leaves=15
num_cat=0
split_feature=226 230 226 231 231 243 243 248 230 243 229 230 231 224
split_gain=56.3012 77.9147 141.273 156.161 179.545 146.523 107.314 90.5093 84.2119 115.044 78.8807 129.79 81.2682 116.909
threshold=99.500000000000014 80.500000000000014 66.500000000000014 25.500000000000004 59.500000000000007 -0.011187857016921042 -0.050401287153363221 0.41919192671775823 84.500000000000014 -0.037091976031661027 78.500000000000014 66.500000000000014 92.500000000000014 31.500000000000004
decision_type=10 10 10 10 10 2 2 2 10 2 10 8 10 8
left_child=1 10 -3 5 6 -4 -5 -6 9 -9 12 -12 13 -1
right_child=-2 2 3 4 7 -7 -8 8 -10 -11 11 -13 -14 -15
leaf_value=0.0024020609491455054 -0.0084021091445655709 -0.010827805336678775 0.021726558451615238 -0.032594806021062045 0.002232577661346909 0.00089084340801460484 -0.0028372387282523804 -0.027397152257360481 0.016634152372501924 0.017393681725558219 -0.018193359256265626 0.00082524980697944151 -0.0036866236392258281 -0.0011763621898070765
leaf_weight=16529.447690766305 658.63551746308804 565.16513863950968 804.34805433452129 105.88657331466675 1471.3607298135757 485.88442276418209 1913.7141023129225 92.385734267532825 1028.0117036774755 94.550742372870445 557.00743195414543 748.34142223000526 4460.9948783814907 16320.687238872051
leaf_count=76601 3155 2492 3690 473 6669 2166 8412 478 5784 507 2348 3457 23370 73240
internal_value=0.000239625 0.000367442 0.00338727 0.0047429 0.00219508 0.0139473 -0.00455032 0.00726443 0.0132903 -0.00500951 -0.000146399 -0.00736683 0.000108118 0.000624403
internal_weight=45836.4 45177.8 6561.31 5996.14 4705.91 1290.23 2019.6 2686.31 1214.95 186.936 38616.5 1305.35 37311.1 32850.1
internal_count=212842 209687 30671 28179 22323 5856 8885 13438 6769 985 179016 5805 173211 149841
is_linear=0
shrinkage=0.03


Tree=189
num_leaves=15
num_cat=0
split_feature=215 229 57 242 147 224 35 244 78 229 141 47 228 228
split_gain=55.6582 62.0787 47.3587 56.3633 78.859 64.8473 57.1111 52.8938 69.5511 72.3029 63.4263 70.8344 59.8982 61.2171
threshold=72.500000000000014 68.500000000000014 70.500000000000014 0.02537071239203215 68.500000000000014 13.500000000000002 4.5000000000000009 0.085759349167346968 6.5000000000000009 97.500000000000014 74.500000000000014 1.5000000000000002 35.500000000000007 98.500000000000014
decision_type=10 10 10 8 10 8 10 2 10 8 8 8 10 10
left_child=2 -2 7 4 -4 6 -6 8 10 -10 -1 -12 -11 -14
right_child=1 -3 3 -5 5 -7 -8 -9 9 12 11 -13 13 -15
leaf_value=0.0029287170670499584 -0.0050880148074934168 0.0048469717741449741 0.0018138900331748334 0.0040347880070501054 0.0017632327648674749 -0.0016997531116355379 -0.019701458711756183 0.0079542119807245581 -0.00010950529899232583 0.013906345181608127 -0.027492391474513912 -0.0071136498346402359 -0.023056175318030149 0.011811796962539351
leaf_weight=433.65642956271768 3415.355742149055 669.8295234516263 5782.5420616716146 5447.9373041801155 151.87279913201928 1405.5663608312607 394.7582231387496 645.07984776049852 25971.484549302608 55.708501815795898 176.0763883665204 960.21458685398102 282.52030949294567 47.231041342020035
leaf_count=2002 14833 3123 26623 28452 822 6245 1768 4083 117111 332 849 5092 1331 216
internal_value=-0.00011356 -0.00345116 0.000213732 0.00170046 5.31991e-05 -0.00514475 -0.0138133 -0.000472578 -0.000670005 -0.0003034 -0.00678384 -0.0104838 -0.0130345 -0.0178613
internal_weight=45839.8 4085.19 41754.6 13182.7 7734.74 1952.2 546.631 28572 27926.9 26356.9 1569.95 1136.29 385.46 329.751
internal_count=212882 17956 194926 63910 35458 8835 2590 131016 126933 118990 7943 5941 1879 1547
is_linear=0
shrinkage=0.03


Tree=190
num_leaves=15
num_cat=0
split_feature=66 242 226 231 231 230 230 248 229 224 248 249 249 224
split_gain=53.5568 76.7403 74.2774 119.056 169.968 106.205 100.058 123.224 96.2759 87.6126 84.7803 91.9611 79.4152 95.7747
threshold=15.500000000000002 0.022658303380012516 42.500000000000007 86.500000000000014 97.500000000000014 17.500000000000004 1.5000000000000002 0.82323232293128978 5.5000000000000009 84.500000000000014 0.82323232293128978 0.69191917777061474 0.83333334326744091 3.5000000000000004
decision_type=10 8 10 10 10 10 10 2 10 10 2 2 2 10
left_child=-1 2 3 8 5 6 7 -5 -2 -10 -4 -12 13 -6
right_child=1 -3 10 4 12 -7 -8 -9 9 -11 11 -13 -14 -15
leaf_value=-0.0021334753206192648 0.0050960851653475093 0.0017778609711950608 0.00027147586454058883 -0.028674652375949277 -0.013326554282315226 -0.029105457862482569 -1.6494619127967388e-05 0.010365801564120607 -0.0037952299369156993 0.019806868426136458 0.019613493201943534 -0.011987836544795979 0.022711728344527421 0.0088801939105314677
leaf_weight=8621.97500417009 1732.0856090411544 19636.830801416188 8394.0655836462975 328.21055110543966 350.9099840298295 384.48244605958462 438.84187587350607 87.097748551517725 4798.0981441289186 136.02638821303844 383.88738484680653 97.674410365521908 123.10498336330056 329.45833227038383
leaf_count=38710 8090 96389 36700 1467 1972 1626 1927 497 20294 575 1896 526 856 1469
internal_value=-4.38357e-06 0.000489249 -0.000949999 -0.0029169 -0.00923576 -0.0161621 -0.0100665 -0.0204359 -0.000970265 -0.00310581 0.000980935 0.0130904 0.00150935 -0.0026004
internal_weight=45842.7 37220.8 17583.9 8708.32 2042.11 1238.63 854.15 415.308 6666.21 4934.12 8875.63 481.562 803.473 680.368
internal_count=212994 174284 77895 38773 9814 5517 3891 1964 28959 20869 39122 2422 4297 3441
is_linear=0
shrinkage=0.03


Tree=191
num_leaves=15
num_cat=0
split_feature=70 2 77 68 224 54 226 63 62 224 226 10 222 224
split_gain=52.3543 78.643 52.545 55.4284 52.3823 74.6696 51.279 50.6571 58.4267 57.7014 105.615 74.9274 112.165 81.1491
threshold=6.5000000000000009 9.5000000000000018 1.5000000000000002 7.5000000000000009 12.500000000000002 63.500000000000007 39.500000000000007 49.500000000000007 95.500000000000014 32.500000000000007 39.500000000000007 68.500000000000014 3.5000000000000004 16.500000000000004
decision_type=10 10 10 10 8 10 10 10 10 10 10 10 10 10
left_child=1 4 3 -2 5 -1 -7 8 9 11 -11 12 -4 -14
right_child=2 -3 7 -5 -6 6 -8 -9 -10 10 -12 -13 13 -15
leaf_value=-0.014530552964606491 -0.012598608307073446 0.0048309987056143989 -0.0059179185669330833 0.00041154849597102041 0.0020181985342164273 -0.0029616393042626254 0.019628380052854274 0.00074856509404740612 -0.0083616448633968381 -0.0070156021205536497 -0.00048588443725701945 -0.0044465266582467151 0.00097138024784556491 0.0091170820373154254
leaf_weight=531.57322611659765 646.4811898432672 4264.6335552409291 1075.9147390387952 533.70918143168092 1667.7733604088426 692.00393171980977 93.811421241611242 18665.422414913774 1032.2453728877008 3187.9994373321533 7365.8264074996114 1710.2027651406825 2317.126506023109 2091.3229840472341
leaf_count=2739 3357 19909 5409 2480 8586 4210 459 87493 4692 13964 32145 7559 10971 9219
internal_value=-0.000116214 0.00222128 -0.000555401 -0.00676109 -0.00151067 -0.00595966 -5.20628e-05 -0.000358063 -0.00145772 -0.0010517 -0.00246309 0.00101924 0.00272863 0.00484751
internal_weight=45876 7249.8 38626.3 1180.19 2985.16 1317.39 785.815 37446.1 18780.6 17748.4 10553.8 7194.57 5484.36 4408.45
internal_count=213192 35903 177289 5837 15994 7408 4669 171452 83959 79267 46109 33158 25599 20190
is_linear=0
shrinkage=0.03


Tree=192
num_leaves=15
num_cat=0
split_feature=189 58 244 29 222 60 170 138 29 249 66 142 246 244
split_gain=55.7 62.2236 86.4437 57.5548 60.0598 59.0984 52.1399 50.8685 49.253 48.9243 55.6533 47.5295 46.2801 93.0007
threshold=53.500000000000007 34.500000000000007 0.094723999500274672 10.500000000000002 94.500000000000014 39.500000000000007 51.500000000000007 89.500000000000014 inf 0.015151515137404205 80.500000000000014 94.500000000000014 0.15297552943229678 0.074597489088773741
decision_type=8 8 2 8 8 8 10 8 8 2 10 10 2 2
left_child=7 12 3 11 6 -6 9 8 -1 -5 -11 -3 -2 -14
right_child=1 2 -4 4 5 -7 -8 -9 -10 10 -12 -13 13 -15
leaf_value=-0.00085156059779230384 0.0044205826463284336 -0.0071126121870353116 0.015792804138416855 0.0058477077409268179 -0.023058997157846452 -0.0030732229922242984 0.0037909032393538982 -0.0080012452722980978 0.01063469640272704 -0.0030358758331727911 0.0034425692226761405 0.0078649445385786682 -0.042270018301889853 0.00088334939345542716
leaf_weight=24884.811160884798 5384.1581899635494 1551.534285094589 299.02592487260699 949.53234234452248 163.43735653162003 591.20151553303003 3996.7941651567817 878.45371407642961 330.61764924973249 4768.9594678319991 1581.4866878725588 208.83154867589474 47.354075606912374 205.97333893179893
leaf_count=112526 26999 7256 1984 4070 699 3257 18501 4282 1848 21088 7656 1101 316 1428
internal_value=-3.60982e-05 0.00116562 0.000100482 -0.000250438 0.000491152 -0.00764664 0.00104105 -0.000945676 -0.0006968 -0.000467643 -0.00141964 -0.00530144 0.00382679 -0.00848213
internal_weight=45842.2 19748.3 14110.8 13811.8 12051.4 754.639 11296.8 26093.9 25215.4 7299.98 6350.45 1760.37 5637.49 253.327
internal_count=213011 94355 65612 63628 55271 3956 51315 118656 114374 32814 28744 8357 28743 1744
is_linear=0
shrinkage=0.03


Tree=193
num_leaves=15
num_cat=0
split_feature=195 194 52 230 120 228 249 231 186 230 231 248 248 103
split_gain=57.2772 62.2989 85.2217 80.4182 72.1649 63.9044 89.4955 67.8858 61.0856 57.2449 127.947 99.5105 94.951 67.7322
threshold=67.500000000000014 29.500000000000004 14.500000000000002 10.500000000000002 97.500000000000014 3.5000000000000004 0.83333334326744091 99.500000000000014 81.500000000000014 3.5000000000000004 78.500000000000014 0.7929292917251588 0.84343436360359203 2.5000000000000004
decision_type=10 10 10 8 10 10 2 10 10 10 10 2 2 10
left_child=1 3 -3 5 -5 6 9 -7 -9 10 -1 -11 13 -12
right_child=-2 2 -4 4 -6 7 -8 8 -10 11 12 -13 -14 -15
leaf_value=0.012120207838454224 0.0019268289038736665 -0.0060856410765335921 -0.00078652344563983538 -0.0012391820212203663 0.0057072310495280588 0.0077661561543055316 0.021209735407213031 -0.00043283985018582194 -0.038747048052990472 -0.0013588359558055097 0.011388095077386145 -0.033036389389610794 0.024345177090106584 -0.01515826516332979
leaf_weight=492.55435941368341 10741.03109242022 3527.4985114522278 12003.823826458305 13283.760678440332 1487.7186993472278 2804.4568671621382 144.10926851257682 138.59628085047007 41.435106988996267 250.43624437600374 94.648055158555508 129.45620443671942 66.118827894330025 552.96657517179847
leaf_count=2658 49941 16869 53839 59451 7612 13609 1275 779 253 1218 771 605 610 3056
internal_value=1.14249e-05 -0.000576474 -0.00199321 0.000553163 -0.000536182 0.00396001 -0.000626372 0.00661223 -0.010826 -0.0027307 0.000495224 -0.0127241 -0.00758391 -0.0111644
internal_weight=45758.6 35017.6 15531.3 19486.3 14771.5 4714.78 1730.29 2984.49 180.031 1586.18 1206.29 379.892 713.733 647.615
internal_count=212546 162605 70708 91897 67063 24834 10193 14641 1032 8918 7095 1823 4437 3827
is_linear=0
shrinkage=0.03


Tree=194
num_leaves=15
num_cat=0
split_feature=57 242 231 137 226 226 249 233 231 249 222 231 31 75
split_gain=60.1624 58.7388 67.229 151.967 93.3108 136.365 62.5826 84.3821 98.7498 69.4909 51.3909 48.2735 76.6238 60.832
threshold=69.500000000000014 0.025095670484006408 86.500000000000014 22.500000000000004 45.500000000000007 1.0000000180025095e-35 0.035353535786271102 30.500000000000004 27.500000000000004 0.66161617636680614 37.500000000000007 39.500000000000007 71.500000000000014 40.500000000000007
decision_type=10 8 10 10 10 8 2 10 10 2 10 10 10 10
left_child=-1 2 6 4 5 -4 7 8 -2 11 -7 12 -8 -13
right_child=1 -3 3 -5 -6 10 9 -9 -10 -11 -12 13 -14 -15
leaf_value=-0.00070755993954753902 0.011379597168222271 0.0039053289133775529 0.00319078372027921 0.0011542616026350356 0.0059925630350642391 -0.035547009669487047 -0.0018252419926435737 0.010636665178906686 -0.0096368740713428588 0.010749912723597179 -0.0025176372547271661 -0.017033171323015895 -0.015805601195719419 0.0025509991749762249
leaf_weight=31182.842800423503 315.35507425665855 5985.5548756197095 137.6722493506968 1261.4776352159679 127.06381706893444 328.37496922910213 1530.6504236757755 1255.3691247925162 517.76854681968689 440.57401435822248 50.290316693484783 142.67458313703537 449.83880221843719 2195.3184003978968
leaf_count=142372 1314 31135 877 6654 562 1435 6561 5486 2222 2200 227 621 1913 9833
internal_value=3.89374e-05 0.0016178 5.07415e-05 -0.00491929 -0.0166627 -0.0222458 0.00143848 0.00575445 -0.00164108 -0.000463661 -0.031338 -0.00162987 -0.00506413 0.00128843
internal_weight=45920.8 14738 8752.43 1904.88 643.401 516.338 6847.55 2088.49 833.124 4759.06 378.665 4318.48 1980.49 2337.99
internal_count=213412 71040 39905 9755 3101 2539 30150 9022 3536 21128 1662 18928 8474 10454
is_linear=0
shrinkage=0.03


Tree=195
num_leaves=15
num_cat=0
split_feature=234 231 224 231 226 226 224 230 245 231 243 230 224 245
split_gain=53.3946 65.5276 150.516 134.338 133.267 143.668 185.465 260.392 144.775 134.667 114.41 111.957 156.458 148.543
threshold=84.500000000000014 26.500000000000004 4.5000000000000009 31.500000000000004 81.500000000000014 54.500000000000007 23.500000000000004 69.500000000000014 -0.1044003665447235 22.500000000000004 -0.019165376201272007 17.500000000000004 21.500000000000004 -0.043028723448514931
decision_type=10 8 8 8 10 8 8 10 2 10 2 8 10 2
left_child=1 2 -1 -3 5 8 -7 -8 9 -4 11 -10 -13 -14
right_child=-2 3 4 -5 -6 6 7 -9 10 -11 -12 12 13 -15
leaf_value=0.022825443498735189 0.0029605760051588646 -0.0084453846079569472 -0.027930292695829868 -0.00059833539238541005 0.0087796245998112109 0.012046413440907367 -0.01516991728774777 0.0028218114095403379 -0.00031488124349759327 0.013854566085917593 -0.001672015805775109 -0.0015751823218483798 0.021858351776476881 -0.0024681441595985538
leaf_weight=281.90077441930771 4644.3675364144146 2100.6649241894484 238.00349213927984 28191.30737362802 1652.4756878837943 473.80900056660175 1800.0435560271144 1202.0385687723756 1067.8684621080756 89.328737802803516 2026.8148688152432 566.34716360270977 1129.3832248598337 279.40926291048527
leaf_count=1265 22726 9348 1074 133345 7476 2086 7839 5161 4658 504 8538 2413 4891 1175
internal_value=-8.48803e-05 -0.000429663 0.00157487 -0.00114511 0.000984598 -0.000475362 -0.00522389 -0.00798055 0.0025868 -0.0164546 0.00384618 0.00751504 0.0117286 0.0170502
internal_weight=45743.8 41099.4 10807.4 30292 10525.5 8873.05 3475.89 3002.08 5397.16 327.332 5069.82 3043.01 1975.14 1408.79
internal_count=212499 189773 47080 142693 45815 38339 15086 13000 23253 1578 21675 13137 8479 6066
is_linear=0
shrinkage=0.03


Tree=196
num_leaves=15
num_cat=0
split_feature=66 242 233 231 246 51 47 119 244 229 231 147 52 222
split_gain=56.1704 64.513 78.9698 70.9235 88.5764 77.0533 65.7427 64.7046 63.7067 62.2689 69.6888 61.7341 59.5235 57.0704
threshold=15.500000000000002 0.019262029789388183 15.500000000000002 81.500000000000014 0.025001304224133495 3.5000000000000004 inf 57.500000000000007 0.10129259899258615 4.5000000000000009 77.500000000000014 38.500000000000007 61.500000000000007 5.5000000000000009
decision_type=10 8 10 10 2 10 8 10 2 10 10 10 8 10
left_child=8 2 -2 4 9 -5 -3 -6 12 -4 13 -7 -1 -11
right_child=1 6 3 5 7 11 -8 -9 -10 10 -12 -13 -14 -15
leaf_value=-0.00080459961583939101 -0.0054888811326585423 0.0012251675415494339 0.015569358274041637 -0.016618160742674748 -0.0084082584829882605 0.0045579225124886815 0.010432498061318535 0.0019103955175231019 0.017776115004571814 -0.012424772773094721 0.022160472187747676 -0.0064465802940668815 -0.0064179443063773064 0.0035060049280415482
leaf_weight=6237.3062101602554 2909.763203188777 25521.035907890648 423.49122933298349 368.23608103394508 984.36383621394634 792.1947900056839 707.83514948934317 1208.9450858086348 134.22389149293303 208.15480700135231 159.49440493434668 1063.1799134798348 2329.093654319644 2832.9923325106502
leaf_count=26902 12593 121924 1926 1833 4088 3828 4176 5452 1069 878 733 4986 11093 11757
internal_value=0.00016234 0.000670209 -0.00126302 0.000271081 0.0020129 -0.00427451 0.00147753 -0.00273779 -0.00200617 0.00488762 0.00343019 -0.00174871 -0.0023365 0.00237846
internal_weight=45880.3 37179.7 10950.8 8041.05 5817.44 2223.61 26228.9 2193.31 8700.62 3624.13 3200.64 1855.37 8566.4 3041.15
internal_count=213238 174174 48074 35481 24834 10647 126100 9540 39064 15294 13368 8814 37995 12635
is_linear=0
shrinkage=0.03


Tree=197
num_leaves=15
num_cat=0
split_feature=240 190 10 120 192 35 229 75 243 243 243 78 34 229
split_gain=63.8575 47.6195 53.146 53.452 82.3178 65.26 95.9984 64.1592 61.2436 58.8179 54.7518 54.3399 54.8786 54.1676
threshold=0.099381923675537123 91.500000000000014 2.5000000000000004 98.500000000000014 79.500000000000014 7.5000000000000009 69.500000000000014 55.500000000000007 -0.01335003739222884 -0.098864674568176256 -0.028290343470871445 14.500000000000002 46.500000000000007 17.500000000000004
decision_type=8 10 10 10 10 10 10 10 2 2 2 10 10 10
left_child=1 2 -1 5 11 6 8 9 10 -7 -4 12 -5 -12
right_child=-2 -3 3 4 -6 7 -8 -9 -10 -11 13 -13 -14 -15
leaf_value=0.0025001064406028253 0.013754372803733522 0.0045424381799501088 -0.005638661782208264 -0.012629058722230073 0.011852058081803478 0.016346087964000302 0.0097094218712152607 0.0013055996935206269 -0.014121129345012234 -0.0017361019610427411 0.0089588867699069534 0.0031764580253348866 0.0073454118016263404 -0.003456420720119909
leaf_weight=5729.2150377035141 296.66363586112857 1991.9622205384076 3667.0986820533872 443.5658894367516 739.11991315335035 153.59293934702873 430.65036334097385 12251.518732372671 566.21919468045235 16371.464800260961 517.04230460524559 1672.8910940140486 162.71538074687123 781.80909841507673
leaf_count=30940 1719 9883 17092 2664 4069 893 2090 54676 2403 71206 2264 8711 922 3339
internal_value=0.000110529 1.85243e-05 -0.000189695 -0.000598389 0.00322452 -0.000931371 -0.00378505 -0.000338948 -0.00485115 -0.00155825 -0.00376793 0.000387122 -0.00723605 0.00151651
internal_weight=45775.5 45478.9 43486.9 37757.7 3018.29 34739.4 5962.82 28776.6 5532.17 16525.1 4965.95 2279.17 606.281 1298.85
internal_count=212871 211152 201269 170329 16366 153963 27188 126775 25098 72099 22695 12297 3586 5603
is_linear=0
shrinkage=0.03


Tree=198
num_leaves=15
num_cat=0
split_feature=242 69 10 231 68 140 228 230 244 231 248 231 144 244
split_gain=47.7021 49.1739 52.419 58.2788 48.4347 109.619 85.7243 77.1497 130.968 75.7843 163.498 219.198 158.38 100.596
threshold=0.010350507684051992 4.5000000000000009 82.500000000000014 89.500000000000014 17.500000000000004 89.500000000000014 6.5000000000000009 14.500000000000002 0.010211676824837925 69.500000000000014 0.59090909361839306 92.500000000000014 54.500000000000007 0.030506710521876815
decision_type=8 8 10 8 10 10 10 10 2 10 2 10 10 2
left_child=-1 2 3 -2 5 7 -7 -3 -9 -6 12 -12 -11 -13
right_child=1 4 -4 -5 9 6 -8 8 -10 10 11 13 -14 -15
leaf_value=-0.010374264274110723 0.0052442965281248137 0.00093383513874181041 -0.0044205691823222849 -0.0035292640182819734 -0.0005957130133918782 0.0018495245998397223 -0.02467398666403775 -0.011226261034705778 -0.00052447706543891522 -0.0062509741315644064 0.014195607499051051 0.0041650977012720131 0.0040936939150845461 -0.013661127780338076
leaf_weight=380.83849027007818 4246.7161049544811 6118.3059463724494 791.43506629019976 803.97936880961061 19797.225421719253 163.24437572062016 316.12626941874623 1562.8502570986748 2980.5842941440642 2364.9027390703559 2005.0410967059433 859.08147532120347 3023.4310934022069 414.05629431456327
leaf_count=1654 19992 32459 3595 4463 86894 1129 1511 6598 13484 10770 9895 4545 13993 2222
internal_value=6.17062e-05 0.000151421 0.00271832 0.00384349 -0.000227813 -0.00190378 -0.0157885 -0.00126529 -0.00422225 0.000428624 0.00276654 0.00803833 -0.000449679 -0.00169372
internal_weight=45827.8 45447 5842.13 5050.7 39604.8 11141.1 479.371 10661.7 4543.43 28463.7 8666.51 3278.18 5388.33 1273.14
internal_count=213204 211550 28050 24455 183500 55181 2640 52541 20082 128319 41425 16662 24763 6767
is_linear=0
shrinkage=0.03


Tree=199
num_leaves=15
num_cat=0
split_feature=98 238 231 224 22 230 230 229 245 229 224 245 230 246
split_gain=47.69 66.7078 80.4442 143.419 127.067 109.273 150.042 122.196 121.721 141.958 115.941 171.423 152.528 113.34
threshold=42.500000000000007 -0.20395676791667935 26.500000000000004 4.5000000000000009 2.5000000000000004 35.500000000000007 80.500000000000014 83.500000000000014 -0.1044003665447235 36.500000000000007 33.500000000000007 -0.07361860945820807 74.500000000000014 0.067275408655405058
decision_type=10 10 8 8 10 10 10 10 2 10 10 2 10 2
left_child=1 -1 3 -3 -5 -6 8 -8 -7 13 12 -12 -11 -10
right_child=-2 2 -4 4 5 6 7 -9 9 10 11 -13 -14 -15
leaf_value=0.0045916331394230368 0.0017845432170259801 0.023398459464968272 -0.0017648591983584613 -0.012878974496172174 0.0070643522364203654 -0.027666206421199307 0.01553133166258008 -0.0042263349878069994 0.0086535781370622854 -0.023571782070726313 0.01932194449345611 -0.0051252172876911509 0.022884581572899861 -0.028100685395070601
leaf_weight=2172.6096446029842 10902.949980776757 252.19868871569633 23416.465169984847 555.786616563797 2500.1957932040095 160.62987240403891 823.1093201264739 420.2576297223568 1240.9172114729881 477.86989451944828 277.47553954273462 2530.8591204732656 65.032911777496338 70.710865586996078
leaf_count=14986 51785 1124 106177 2587 10803 739 3666 1903 5213 2008 1321 10503 287 293
internal_value=5.31749e-05 -0.000487078 -0.000824866 0.00152237 0.000892658 0.00180006 -0.00037744 0.00887281 -0.00277533 -0.0018605 -0.00513226 -0.00264975 -0.0176936 0.0064745
internal_weight=45867.1 34964.1 32791.5 9375.04 9122.84 8567.06 6066.86 1243.37 4823.5 4662.87 3351.24 2808.33 542.903 1311.63
internal_count=213395 161610 146624 40447 39323 36736 25933 5569 20364 19625 14119 11824 2295 5506
is_linear=0
shrinkage=0.03


Tree=200
num_leaves=15
num_cat=0
split_feature=151 231 230 230 120 248 224 134 224 230 248 224 248 231
split_gain=54.1512 61.3898 141.076 160.07 107.423 86.2267 101.981 135.542 77.8262 119.515 122.976 153.386 111.386 110.211
threshold=3.5000000000000004 91.500000000000014 62.500000000000007 18.500000000000004 98.500000000000014 0.83333334326744091 16.500000000000004 33.500000000000007 32.500000000000007 35.500000000000007 0.71212121844291698 14.500000000000002 0.27777777612209326 1.5000000000000002
decision_type=8 10 8 10 10 2 10 10 8 10 2 10 2 10
left_child=-1 4 3 5 8 6 7 -3 9 10 11 -2 -13 -11
right_child=1 2 -4 -5 -6 -7 -8 -9 -10 13 -12 12 -14 -15
leaf_value=-0.0036424054468710324 0.0013311088136379362 -0.020305789466997893 0.0061105233336731044 -0.01472751306579702 0.0067146808926452344 0.0096423977413171592 0.0061635242271862543 -0.0028270828593191652 -0.0010272535651502496 -0.032670173350386883 -0.001170040543248757 0.001388847924658744 0.013857585581405783 -0.0014390993943163724
leaf_weight=3675.9544429183006 3103.6858585439622 514.7373443171382 1266.9319090172648 1162.7923909723759 2409.9468508660793 490.98016573116183 690.05960273370147 1688.542530156672 19978.326102551073 94.186964765191078 3048.4163987152278 875.99988034367561 2458.7826307713985 4324.8486657366157
leaf_count=16952 14601 2509 6874 5027 13220 3388 3391 9188 89444 386 14066 3842 11453 18651
internal_value=-0.000155585 0.000149599 -0.00270967 -0.0051752 0.000608251 -0.00185947 -0.00383775 -0.00698381 0.000172091 0.00189466 0.00379157 0.00613891 0.0105962 -0.00217702
internal_weight=45784.2 42108.2 5814.04 4547.11 36294.2 3384.32 2893.34 2203.28 33884.2 13905.9 9486.88 6438.47 3334.78 4419.04
internal_count=212992 196040 30377 23503 165663 18476 15088 11697 152443 62999 43962 29896 15295 19037
is_linear=0
shrinkage=0.03


Tree=201
num_leaves=15
num_cat=0
split_feature=231 243 224 231 224 37 224 243 9 69 238 224 193 66
split_gain=50.0324 162.298 117.553 114.461 104.565 105.5 97.2692 96.9001 75.754 82.7189 68.2607 63.0083 65.2394 59.7702
threshold=26.500000000000004 -0.02068407833576202 84.500000000000014 31.500000000000004 63.500000000000007 7.5000000000000009 4.5000000000000009 -0.028290343470871445 5.5000000000000009 8.5000000000000018 -0.15083568543195722 57.500000000000007 1.5000000000000002 30.500000000000004
decision_type=8 2 8 8 10 10 10 2 10 10 10 10 8 10
left_child=1 2 4 -2 6 -6 10 13 -3 -10 -1 12 -9 -8
right_child=3 8 -4 -5 5 -7 7 11 9 -11 -12 -13 -14 -15
leaf_value=-0.0047642740502318471 -0.0071422886443454287 -0.014578970496936206 -0.016860116830189408 -0.00023480861558923793 -0.01328273966727269 0.019947192278252458 -0.0049633321226414838 -0.011379432551495263 0.0078021362493773498 -0.0030608946538871356 0.031058028655403792 -0.011719014674339985 0.011728792296586295 0.0031863049615249235
leaf_weight=60.647344082593918 2305.4719809889793 413.68126236647367 210.18085255473852 31971.059172328562 91.412539258599281 668.60593002289534 1273.5932758376002 110.24351406097412 741.10665802657604 3937.1000387072563 181.14012207090855 118.77022144198418 1599.78685002774 2184.9274917468429
leaf_count=309 10296 1818 917 152295 410 2991 5540 489 3149 16875 804 520 7003 9992
internal_value=-0.000125166 0.00157784 0.0047168 -0.00070136 0.00546352 0.0158298 0.00401259 0.00313862 -0.00243013 -0.00132704 0.0222404 0.00870322 0.0101815 0.00017956
internal_weight=45867.7 11591.2 6499.31 34276.5 6289.13 760.018 5529.11 5287.32 5091.89 4678.21 241.787 1828.8 1710.03 3458.52
internal_count=213408 50817 28975 162591 28058 3401 24657 23544 21842 20024 1113 8012 7492 15532
is_linear=0
shrinkage=0.03


Tree=202
num_leaves=15
num_cat=0
split_feature=10 140 222 244 236 230 231 231 231 226 248 230 244 222
split_gain=53.7482 82.8799 71.3748 91.1115 73.3009 68.8888 114.3 86.1189 70.4662 108.225 86.4852 100.078 86.0048 82.9363
threshold=2.5000000000000004 17.500000000000004 4.5000000000000009 0.0054192107636481532 -0.15971636772155759 10.500000000000002 5.5000000000000009 98.500000000000014 26.500000000000004 31.500000000000004 0.60101011395454418 43.500000000000007 0.018131668679416183 8.5000000000000018
decision_type=8 10 10 2 2 10 8 10 10 10 2 10 2 10
left_child=2 5 3 -1 -5 6 -2 -8 9 10 11 -7 -10 -12
right_child=1 -3 -4 4 -6 8 7 -9 12 -11 13 -13 -14 -15
leaf_value=0.015532911411546521 -0.022467818997254179 0.00058872641159293793 0.0053479173568814608 0.010413377571976655 -0.010856606194373758 0.0044699568609790569 0.0027179473401547686 -0.014687525982183642 -0.0086310717554166968 0.0044785263768099392 0.0025255849083536388 -0.02699707512689592 -0.00011417823210552023 -0.034072417876149057
leaf_weight=183.64805098995566 175.26202373951674 29270.848850075155 3391.4945546574891 169.95515894889832 789.6948114335537 432.74220458418131 3977.71455167979 263.47670959308743 3596.3994116671383 1641.019183434546 78.004652723670006 104.55050133168697 1515.9055295214057 174.30097382515669
leaf_count=1028 843 134141 16911 1875 3955 1862 20684 1415 15215 6872 347 433 6761 722
internal_value=7.01362e-05 -0.000271102 0.00316644 -0.003295 -0.00702112 -0.00237429 0.000600767 0.00160466 -0.0041147 9.15041e-05 -0.00896801 -0.00203454 -0.00611079 -0.0230926
internal_weight=45765 41230.2 4534.79 1143.3 959.65 11959.4 4416.45 4241.19 7542.92 2430.62 789.598 537.293 5112.3 252.306
internal_count=213064 189295 23769 6858 5830 55154 22942 22099 32212 10236 3364 2295 21976 1069
is_linear=0
shrinkage=0.03


Tree=203
num_leaves=15
num_cat=0
split_feature=238 195 242 224 63 69 148 135 130 241 229 194 47 246
split_gain=48.6642 55.8937 55.5076 60.5852 52.0477 62.1712 49.798 59.5064 48.6741 58.4127 59.6075 46.6768 54.2739 46.5248
threshold=-0.11665359884500502 91.500000000000014 0.041716579347848899 93.500000000000014 63.500000000000007 6.5000000000000009 12.500000000000002 50.500000000000007 36.500000000000007 -1.1690563559532163 75.500000000000014 30.500000000000004 inf 0.046366056427359588
decision_type=10 10 8 10 10 10 10 10 8 10 8 10 8 2
left_child=2 11 3 4 5 -1 7 -6 -4 -10 -11 -2 -13 -14
right_child=1 -3 8 -5 6 -7 -8 -9 9 10 -12 12 13 -15
leaf_value=0.0026857871136253294 0.00025556780592467834 0.0040648123333875191 0.0085457514496260455 0.013668618885485873 1.5610891625557235e-05 -0.0025346051660222065 0.0042456035258960686 -0.019295911117491148 0.014646874404529754 0.0012014293882553141 -0.019314885539705499 -0.0025341190689824908 -0.0045544600069004262 0.022598054944828871
leaf_weight=2951.2314707003534 12503.023244954646 2051.6091312095523 1597.4600170813501 305.5554896146059 1005.6987839154899 6688.941668022424 4241.9132681339979 157.52473454922438 162.42780062183738 406.20466107130051 175.0210924744606 13338.975792124867 88.815375715494156 134.52641524374485
leaf_count=14311 54543 9218 9911 1732 5385 32237 21798 751 1374 2000 972 57775 454 771
internal_value=8.46252e-05 -0.000690937 0.00131688 0.000658981 0.000385865 -0.000935313 0.00273959 -0.00274175 0.00560962 -0.000727247 -0.00519873 -0.00106668 -0.00228494 0.012068
internal_weight=45808.9 28116.9 17692 15350.9 15045.3 9640.17 5405.14 1163.22 2341.11 743.654 581.226 26065.3 13562.3 223.342
internal_count=213232 122761 90471 76214 74482 46548 27934 6136 14257 4346 2972 113543 59000 1225
is_linear=0
shrinkage=0.03


Tree=204
num_leaves=15
num_cat=0
split_feature=141 63 230 244 61 244 117 248 67 64 75 69 66 230
split_gain=47.8021 46.4619 65.3604 87.0319 73.8339 70.5291 104.331 74.8998 64.9039 73.0788 68.6505 67.2533 64.0637 59.3647
threshold=1.5000000000000002 76.500000000000014 1.5000000000000002 0.0087039805948734301 17.500000000000004 0.0019773815292865042 88.500000000000014 0.60101011395454418 2.5000000000000004 95.500000000000014 75.500000000000014 2.5000000000000004 49.500000000000007 1.5000000000000002
decision_type=8 10 8 2 10 2 10 2 8 10 10 10 10 8
left_child=-1 2 3 -2 -5 6 7 -4 11 -10 -11 -7 -3 -14
right_child=1 12 5 4 -6 8 -8 -9 9 10 -12 -13 13 -15
leaf_value=0.01062169017099554 0.011635129321887452 -0.0031761632793641278 -0.0020474149773236782 0.0063462718011269379 -0.0054561004406425504 0.0045205225694910948 0.014483423567576353 -0.018468378522739765 0.00016881503217449758 -0.0084926386441229601 0.004335251286907248 -0.008024576531449279 -0.003822915008810184 0.0036616476161352432
leaf_weight=373.17491428554058 872.64642496407032 1991.0027446784079 434.35372430086136 909.5883562117815 981.2978112064302 477.01612703129649 150.90159259736538 587.94467067718506 26086.305336479098 1649.0763187147677 478.47473507374525 1862.2753183469176 1076.3007317222655 7899.0672079659998
leaf_count=1617 4600 8957 1820 5945 5024 2312 736 2517 117370 7524 2272 8808 5907 38002
internal_value=6.99608e-05 -1.89812e-05 -0.000559853 0.00385683 0.000224809 -0.000945664 -0.00813256 -0.0115789 -0.000667126 -0.0002681 -0.00560093 -0.00545809 0.00168105 0.00276086
internal_weight=45829.4 45456.3 34489.9 2763.53 1890.89 31726.3 1173.2 1022.3 30553.1 28213.9 2127.55 2339.29 10966.4 8975.37
internal_count=213411 211794 158928 15569 10969 143359 5073 4337 138286 127166 9796 11120 52866 43909
is_linear=0
shrinkage=0.03


Tree=205
num_leaves=15
num_cat=0
split_feature=141 194 226 140 47 119 224 31 171 249 226 249 226 152
split_gain=55.2883 50.4343 65.5278 65.3119 64.1307 62.818 54.6114 82.1299 53.2981 55.3235 117.68 52.9363 52.4047 50.853
threshold=1.5000000000000002 30.500000000000004 2.5000000000000004 90.500000000000014 inf 93.500000000000014 6.5000000000000009 13.500000000000002 27.500000000000004 1.0000000180025095e-35 49.500000000000007 0.83333334326744091 1.0000000180025095e-35 38.500000000000007
decision_type=8 10 8 10 8 10 10 10 8 2 8 2 10 10
left_child=-1 2 3 11 6 -5 7 12 13 10 -10 -2 -3 -4
right_child=1 4 8 5 -6 -7 -8 -9 9 -11 -12 -13 -14 -15
leaf_value=0.011547747902769081 0.0058939297213851365 0.00055866836949148234 -1.5402691804752992e-05 -0.028653530607302451 0.010400322439386921 0.0070452078904201148 -0.0007588136718055552 -0.0006426154164248664 0.024371647253909119 0.0013604226805279283 -0.0082589515722257603 0.025277585314498967 -0.016347975710384693 -0.0052616933296804223
leaf_weight=365.80951797962189 2023.5930579453707 213.1297328658402 6727.236355856061 84.293691217899323 423.28522080555558 77.745114240795374 19596.246761310846 1212.0765414573252 259.39539036899805 11494.55188312754 151.29811988770962 126.77486984059215 711.07487231865525 2198.8700435385108
leaf_count=1590 11406 1436 30573 377 2497 499 88091 6089 1141 53804 635 921 3533 9986
internal_value=8.8399e-05 -6.6674e-06 0.000972536 0.00575245 -0.00102951 -0.0121116 -0.00125681 -0.00580016 0.000439431 0.00175276 0.0124401 0.00714841 -0.0124849 -0.00131222
internal_weight=45665.4 45299.6 23143.8 2312.41 22155.8 162.039 21732.5 2136.28 20831.4 11905.2 410.694 2150.37 924.205 8926.11
internal_count=212578 210988 109342 13203 101646 876 99149 11058 96139 55580 1776 12327 4969 40559
is_linear=0
shrinkage=0.03


Tree=206
num_leaves=15
num_cat=0
split_feature=233 140 244 226 29 222 222 244 244 245 248 245 226 122
split_gain=47.1196 49.3594 69.8279 64.9818 67.758 67.2953 58.7788 152.621 84.1462 78.9695 73.0351 99.7012 68.7103 83.6258
threshold=99.500000000000014 17.500000000000004 0.089180678129196181 90.500000000000014 48.500000000000007 63.500000000000007 3.5000000000000004 0.0055125725921243438 0.01538380701094866 -0.11276511102914809 0.81313130259513866 -0.099846858531236635 4.5000000000000009 78.500000000000014
decision_type=10 10 2 10 10 10 10 2 2 2 2 2 8 10
left_child=1 2 3 4 6 -6 7 -1 9 -8 -9 -12 13 -10
right_child=-2 -3 -4 -5 5 -7 8 10 12 -11 11 -13 -14 -15
leaf_value=0.0085156490760590672 0.0045580534068066008 0.00039098642735012758 0.015224708054159732 0.0097568647799594829 -0.0090573049664240089 0.014113739776242033 0.011046186893380116 -0.014870412160030674 0.017658507547942633 -0.0036744383387994749 0.0086581712163602467 -0.018529691895114019 0.0012924714548486474 -0.012140913428749803
leaf_weight=487.70994029194117 1876.142377089709 30269.830874308944 204.03532461822033 397.18752058595419 1792.4166056141257 111.5677285194397 340.27200844138861 1089.0363712795079 477.56207044422626 5231.748931594193 329.16004404425621 179.10085012763739 2912.5086862407625 95.168475814163685
leaf_count=2461 9421 140238 1528 1745 7576 463 2011 5856 2548 22624 1927 794 13513 505
internal_value=-8.50411e-05 -0.000284386 -0.00178154 -0.00205077 -0.00241745 -0.00763291 -0.00152019 -0.0060488 -0.000472169 -0.0027573 -0.0105211 -0.00109496 0.00317862 0.0125835
internal_weight=45793.4 43917.3 13647.5 13443.4 13046.3 1903.98 11142.3 2085.01 9057.26 5572.02 1597.3 508.261 3485.24 572.731
internal_count=213210 203789 63551 62023 60278 8039 52239 11038 41201 24635 8577 2721 16566 3053
is_linear=0
shrinkage=0.03


Tree=207
num_leaves=15
num_cat=0
split_feature=194 195 226 248 140 230 243 190 120 244 65 248 29 120
split_gain=49.9858 60.2643 63.8618 80.8018 59.1641 80.202 74.0148 59.9098 57.4143 63.2173 55.7161 53.5623 67.7481 72.7814
threshold=22.500000000000004 35.500000000000007 81.500000000000014 0.68181815743446361 19.500000000000004 10.500000000000002 -0.04448560252785682 1.5000000000000002 70.500000000000014 0.10129259899258615 27.500000000000004 0.74242421984672557 69.500000000000014 13.500000000000002
decision_type=8 10 10 2 8 10 2 8 10 2 10 2 8 8
left_child=-1 2 4 10 5 6 -2 -6 9 11 -4 12 -9 -14
right_child=1 -3 3 -5 7 -7 -8 8 -10 -11 -12 -13 13 -15
leaf_value=0.0016030714626662213 -0.0068063191159346741 0.00070479617871188139 -0.0066988960064579195 0.013718986968274725 -0.0087115635419680246 -0.008199235673951857 0.004538317357052582 0.0017737253550451999 0.0022783473227278766 0.019871090111314535 0.0025206884662010679 -0.010829649367167488 0.0043706104670882878 -0.0081299376858280058
leaf_weight=11456.642739959061 938.36562641710043 15449.729728043079 791.04149767756462 439.9442845582962 886.95780198648572 3193.734536677599 1129.597567692399 2349.9976318255067 3737.5448068417609 101.29959273710847 2228.4514440149069 674.69631533324718 531.56241412460804 1881.5616332814097
leaf_count=54215 4954 71834 3435 2373 4541 13573 5188 9953 17870 828 10274 2916 2309 8915
internal_value=-0.000111977 -0.00068455 -0.00182095 0.00185884 -0.00264689 -0.00522625 -0.000617443 -0.00130774 -0.000591224 -0.0025281 9.12183e-05 -0.00298107 -0.00184896 -0.00536965
internal_weight=45791.1 34334.5 18884.8 3459.44 15425.3 5261.7 2067.96 10163.6 9276.66 5539.12 3019.49 5437.82 4763.12 2413.12
internal_count=213178 158963 87129 16082 71047 23715 10142 47332 42791 24921 13709 24093 21177 11224
is_linear=0
shrinkage=0.03


Tree=208
num_leaves=15
num_cat=0
split_feature=141 209 171 80 193 229 245 230 143 228 243 246 244 231
split_gain=53.9243 50.4277 55.3994 63.8581 47.6896 67.0239 129.711 144.771 159.642 84.2367 100.163 71.1654 68.6401 67.6316
threshold=1.5000000000000002 50.500000000000007 26.500000000000004 24.500000000000004 73.500000000000014 66.500000000000014 -0.064956225454807268 93.500000000000014 76.500000000000014 34.500000000000007 -0.046532358974218362 0.0064802560955286035 0.014970661140978338 48.500000000000007
decision_type=8 10 10 10 8 8 2 8 10 10 2 2 2 10
left_child=-1 4 -3 -4 5 9 7 8 13 -2 12 -8 -11 -7
right_child=1 2 3 -5 -6 6 11 -9 -10 10 -12 -13 -14 -15
leaf_value=0.011357228748703391 -0.00094108872842008724 -0.0058516672189853234 0.0054734294199009093 -0.0029747804818632743 0.0016107836124887784 -0.014366651854068088 0.024576183454486523 0.009475142244606537 0.0086883455102149537 0.032795272963244824 0.0021667929459837686 -0.0020681716648421273 0.0086341274356060097 -0.037603179195411097
leaf_weight=368.167216360569 13626.474426373839 2606.4733335711062 1209.61501692608 2360.1077019162476 16419.696580916643 206.58954789489508 82.718897193670273 169.68016292899847 124.19013822078705 146.97105447202921 4382.3917376324534 3373.1750403866172 359.86666726320982 300.51541787385941
leaf_count=1600 65891 11496 5460 10473 77247 935 358 943 706 772 19162 14835 1851 1335
internal_value=7.5667e-05 -1.8366e-05 -0.00253561 -0.000104777 0.000378865 -0.000509701 -0.00389934 -0.0146979 -0.0212416 0.00027128 0.00364522 -0.00136135 0.0161393 -0.0285977
internal_weight=45736.6 45368.5 6176.2 3569.72 39192.3 22772.6 4256.87 800.975 631.295 18515.7 4889.23 3455.89 506.838 507.105
internal_count=213064 211464 27429 15933 184035 106788 19112 3919 2976 87676 21785 15193 2623 2270
is_linear=0
shrinkage=0.03


Tree=209
num_leaves=15
num_cat=0
split_feature=165 232 224 155 226 141 41 224 229 231 8 252 229 229
split_gain=60.1634 52.6721 77.5536 85.471 108.786 85.1877 87.6034 61.0261 80.0221 63.1749 55.5624 48.7498 48.5645 63.0057
threshold=17.500000000000004 78.500000000000014 16.500000000000004 40.500000000000007 3.5000000000000004 69.500000000000014 60.500000000000007 1.5000000000000002 2.5000000000000004 81.500000000000014 13.500000000000002 0.26952597498893743 4.5000000000000009 20.500000000000004
decision_type=8 8 10 10 8 10 10 8 10 10 10 2 8 10
left_child=12 11 3 -3 10 -4 -7 8 -6 -9 -5 -2 -1 -14
right_child=1 2 5 4 7 6 -8 9 -10 -11 -12 -13 13 -15
leaf_value=0.005845661919647754 -0.00033152208458911013 0.0041506643728961871 0.0017065305909325715 0.0094128031564194494 -0.0071251764184606702 0.012389277245257738 -0.0017553709178988756 -0.001182494286029669 -0.037152604398861387 -0.015487135624427618 -0.0097363082707187486 0.0094203100639367789 -0.008613066416458065 -0.001635169175561833
leaf_weight=564.41924849897623 28278.881935663521 1766.4166455045342 3561.2933410517871 563.48349811509252 189.50032461062074 1723.0607160031796 507.10109058022499 843.83241447433829 136.18010634928942 405.65081764757633 170.0336418710649 459.01590482518077 1509.2534243240952 5018.9195869117975
leaf_count=2900 128872 9975 15961 3543 1018 8282 2371 4215 636 2015 862 2945 6927 22377
internal_value=1.02077e-05 0.000476953 0.00236696 -0.000803116 -0.0045949 0.00459509 0.00917954 -0.00902073 -0.0204136 -0.00591266 0.00490268 -0.000172538 -0.00252735 -0.0032591
internal_weight=45697 38604.5 9866.55 4075.1 2308.68 5791.46 2230.16 1575.16 325.68 1249.48 733.517 28737.9 7092.59 6528.17
internal_count=212899 180695 48878 22264 12289 26614 10653 7884 1654 6230 4405 131817 32204 29304
is_linear=0
shrinkage=0.03


Tree=210
num_leaves=15
num_cat=0
split_feature=71 231 224 222 248 224 222 248 246 231 246 13 174 246
split_gain=50.8428 83.5462 93.185 91.7868 100.677 149.022 84.356 87.9513 105.793 74.7797 73.4564 90.9953 72.9644 83.9436
threshold=24.500000000000004 89.500000000000014 32.500000000000007 3.5000000000000004 0.76262626051902782 21.500000000000004 19.500000000000004 0.80303028225898754 0.053332937881350524 1.5000000000000002 0.014206241816282274 23.500000000000004 10.500000000000002 0.059782449156045921
decision_type=8 10 10 10 2 10 10 2 2 10 2 10 8 2
left_child=1 2 3 4 -1 -6 10 8 -8 -5 -4 -12 13 -3
right_child=-2 12 6 9 5 -7 7 -9 -10 -11 11 -13 -14 -15
leaf_value=-0.010354126720406866 -0.00075022688287943904 -0.015712011281309928 -0.022228340176349625 -0.021512556887748824 0.012246573799584166 -0.033525147253727426 -0.0024510379159482648 0.024885103329354737 0.011919604209720413 0.0066808354027354504 -0.010487002786444526 0.013298383984688791 0.00079930080468578976 0.00085856732693820965
leaf_weight=683.78636639937758 31846.686788294464 672.67143668234348 256.68220375478268 76.452645823359489 502.35257572308183 63.42731685936451 2422.446789726615 126.68387015163898 558.87662567943335 5705.3054658100009 485.7797646522522 194.9002488553524 1666.847324911505 459.23897224664688
leaf_count=3508 146223 3506 1086 321 2809 275 10411 613 2713 26657 2241 873 8645 3158
internal_value=-8.99216e-05 0.00142505 0.00259504 0.00467988 -0.00267604 0.00662215 -0.00103126 0.00135348 0.000273713 0.00627153 -0.00886916 -0.00358256 -0.0031982 -0.00904035
internal_weight=45722.1 13875.5 11076.7 7031.32 1249.57 565.78 4045.37 3108.01 2981.32 5781.76 937.362 680.68 2798.76 1131.91
internal_count=213039 66816 51507 33570 6592 3084 17937 13737 13124 26978 4200 3114 15309 6664
is_linear=0
shrinkage=0.03


Tree=211
num_leaves=15
num_cat=0
split_feature=243 248 146 248 68 222 226 249 137 243 245 222 77 108
split_gain=48.4712 57.5299 68.514 52.5783 50.867 104.336 134.321 118.932 125.89 161.328 153.54 175.539 88.6437 87.5059
threshold=-0.008629474323242901 0.4797979891300202 55.500000000000007 0.71212121844291698 19.500000000000004 40.500000000000007 6.5000000000000009 0.82323232293128978 89.500000000000014 -0.039296975359320634 -0.075677461922168718 4.5000000000000009 42.500000000000007 75.500000000000014
decision_type=2 2 10 2 8 10 10 2 10 2 2 10 10 10
left_child=4 -2 -3 -4 5 6 7 8 9 10 -1 -12 -11 -8
right_child=1 2 3 -5 -6 -7 13 -9 -10 12 11 -13 -14 -15
leaf_value=0.0024215961861356653 -0.0021171039195618012 -0.033772752144556342 -0.013672946708779823 0.019322541461282455 0.0010575392792743694 0.0045358668401826565 -0.0040692996002734266 0.021407249033587997 -0.020524626288875712 0.016832672022239637 -0.032613944058332296 -0.0008750247111062008 -0.00062599698347508357 -0.025252224962919435
leaf_weight=1618.5975288003683 3524.3676263839006 106.84413725137711 141.71009653806686 51.249832555651665 27774.365403745323 2404.647992067039 7732.8572129644454 261.0825774371624 223.19633482769132 796.39906130358577 272.17212776839733 354.34218217432499 386.48536480218172 170.06694507598877
leaf_count=10544 15467 439 651 278 126811 11427 35340 1885 1272 3942 1186 1678 1852 834
internal_value=1.58342e-05 -0.0032131 -0.015613 -0.00438915 0.00031057 -0.00114814 -0.00230781 0.00223461 0.000808927 0.00225361 -0.00247338 -0.0149589 0.0111709 -0.00455648
internal_weight=45818.4 3824.17 299.804 192.96 41994.2 14219.8 11815.2 3912.28 3651.19 3428 2245.11 626.514 1182.88 7902.92
internal_count=213606 16835 1368 929 196771 69960 58533 22359 20474 19202 13408 2864 5794 36174
is_linear=0
shrinkage=0.03


Tree=212
num_leaves=15
num_cat=0
split_feature=70 231 226 229 161 226 226 228 243 231 243 246 229 243
split_gain=52.3299 144.335 108.334 109.507 88.2262 65.1697 74.6971 60.2285 59.2033 57.1156 56.4745 78.7219 68.86 57.5848
threshold=11.500000000000002 91.500000000000014 1.5000000000000002 12.500000000000002 72.500000000000014 80.500000000000014 4.5000000000000009 3.5000000000000004 -0.008629474323242901 23.500000000000004 -0.038510775193572037 0.032371418550610549 1.5000000000000002 -0.073176477104425416
decision_type=8 10 10 10 10 10 8 10 2 10 2 2 10 2
left_child=1 5 4 -4 -3 6 7 10 -2 -7 11 13 -13 -1
right_child=8 2 3 -5 -6 9 -8 -9 -10 -11 -12 12 -14 -15
leaf_value=0.0094544280667790657 -2.4685058443354003e-05 0.012583813413527467 -0.019967319610832691 0.0036179011722358512 -0.012415051572401513 0.024987650398202273 0.0015637518614638694 0.01710405197497222 -0.0041822076865831751 0.0064907415624895926 0.026175278804275431 0.019504247210691762 -0.023240006841017301 -0.023768286883000197
leaf_weight=59.837841179221869 32683.438539288938 347.23431955650449 618.31870279833674 242.94393447041512 187.72379300743341 209.59287212789059 6527.7086754962802 535.18599885702133 3393.6531654149294 511.13000951707363 65.907980680465698 162.16664038971066 33.307748854160309 151.34362756460905
leaf_count=506 151569 2204 3238 1160 1301 981 29582 2814 14919 2342 343 1239 160 766
internal_value=0.000108217 0.00206901 -0.00681977 -0.0133493 0.00374454 0.00357864 0.00274497 0.0103058 -0.00041682 0.0121382 0.00241178 -0.00197543 0.0114443 -0.0143529
internal_weight=45729.5 9652.4 1396.22 861.263 534.958 8256.18 7535.46 1007.75 36077.1 720.723 472.564 406.656 195.474 211.181
internal_count=213124 46636 7903 4398 3505 38733 35410 5828 166488 3323 3014 2671 1399 1272
is_linear=0
shrinkage=0.03


Tree=213
num_leaves=15
num_cat=0
split_feature=226 230 226 70 228 195 119 248 120 106 52 230 178 244
split_gain=46.9232 53.4828 115.01 99.1924 79.9614 61.4421 67.584 59.6357 56.7816 56.1524 59.5664 55.1959 53.679 57.2635
threshold=99.500000000000014 80.500000000000014 66.500000000000014 83.500000000000014 93.500000000000014 38.500000000000007 90.500000000000014 0.16666666418313983 55.500000000000007 54.500000000000007 79.500000000000014 62.500000000000007 3.5000000000000004 0.015837465412914756
decision_type=10 10 10 10 10 10 10 2 10 8 10 8 10 2
left_child=1 4 7 12 5 -1 9 -3 -5 10 -7 -6 -4 -14
right_child=-2 2 3 8 11 6 -8 -9 -10 -11 -12 -13 13 -15
leaf_value=-0.0010742135490651968 -0.0079383249062094825 0.0019472967356076063 0.020680476060483184 0.00095645750734291092 -0.027608271853736308 0.0023831793548189906 -0.002720524282711973 -0.017979429929851808 -0.011579507569434508 0.0073455887224432737 -0.0062156585466248459 -0.0015395077661684942 0.0088976855151363717 0.0018695184255156218
leaf_weight=25458.889122758061 656.15468998253345 217.10761874914169 208.2532195597887 1140.141860537231 152.6095248311758 7425.2495567984879 2711.6120175793767 340.46175692975521 444.21023962646723 1831.2847823649645 793.78176602721214 135.05958595871925 2067.1517309173942 2109.9621134959161
leaf_count=118266 3141 928 1213 5211 639 33112 14336 1529 2259 8678 3509 639 9480 10037
internal_value=-3.44592e-05 8.24339e-05 0.00259135 0.00381276 -0.000343396 -0.000222711 0.00147547 -0.0103227 -0.00260888 0.00260914 0.00154617 -0.015832 0.00613344 0.00536053
internal_weight=45691.9 45035.8 6527.29 5969.72 38508.5 38220.8 12761.9 557.569 1584.35 10050.3 8219.03 287.669 4385.37 4177.11
internal_count=212977 209836 30657 28200 179179 177901 59635 2457 7470 45299 36621 1278 20730 19517
is_linear=0
shrinkage=0.03


Tree=214
num_leaves=15
num_cat=0
split_feature=245 231 244 224 134 244 244 47 245 224 246 224 246 231
split_gain=51.7313 54.0978 117.294 128.05 124.722 139.111 126.357 99.6945 94.223 102.895 107.62 91.0004 121.371 104.932
threshold=-0.20662932842969892 91.500000000000014 0.0040039366576820621 16.500000000000004 34.500000000000007 0.035618251189589507 0.057489592581987388 49.500000000000007 -0.17363885045051572 2.5000000000000004 0.20274399220943454 32.500000000000007 0.003783074789680541 72.500000000000014
decision_type=2 10 2 8 10 2 2 8 2 10 2 8 2 10
left_child=-1 11 -3 4 -4 7 -7 -6 -8 10 -10 -2 13 -13
right_child=1 2 3 -5 5 6 8 -9 9 -11 -12 12 -14 -15
leaf_value=0.015589869668631609 0.0020680795635227888 0.015584055883175692 -0.01708968406481139 0.0011036097234980999 0.010023643536021202 -0.022260408716605749 -0.026874993914378888 -0.0099731059532008857 0.023563616718561935 -0.014134168884811822 -0.01767274741241778 -0.022016328834162633 -0.00052878212898978467 0.017745113516158505
leaf_weight=182.17831417918205 16822.192270487547 292.10188846290112 907.37903939932585 2734.5007205791771 728.49371472001076 497.67090108990669 98.798287972807884 313.12805696576834 237.79320446029305 170.23893956840038 65.948418624699116 383.42624939233065 22225.617376834154 62.686488449573517
leaf_count=2595 78076 1490 4302 13820 3649 2360 550 1503 1556 891 322 1613 100110 295
internal_value=5.77218e-05 -7.822e-06 -0.00264807 -0.00359906 -0.00784752 -0.00381512 -0.0113617 0.00397463 -0.00167267 0.00402735 0.0143325 0.000396936 -0.0008434 -0.0161626
internal_weight=45722.2 45540 6046.05 5753.95 3019.45 2112.07 1070.45 1041.62 572.779 473.981 303.742 39493.9 22671.7 446.113
internal_count=213132 210537 30443 28953 15133 10831 5679 5152 3319 2769 1878 180094 102018 1908
is_linear=0
shrinkage=0.03


Tree=215
num_leaves=15
num_cat=0
split_feature=242 76 193 245 167 117 131 189 10 28 35 231 245 104
split_gain=49.0313 56.0596 58.9958 101.546 56.076 57.769 52.5477 51.7187 64.7412 87.1574 73.1352 59.3647 83.389 71.0745
threshold=0.010350507684051992 96.500000000000014 73.500000000000014 -0.1104091852903366 8.5000000000000018 88.500000000000014 97.500000000000014 46.500000000000007 78.500000000000014 11.500000000000002 77.500000000000014 99.500000000000014 -0.12310107052326201 9.5000000000000018
decision_type=8 10 10 2 10 10 10 8 10 10 8 10 2 10
left_child=-1 2 7 6 -5 -6 -4 8 9 10 -2 -9 13 -13
right_child=1 -3 3 4 5 -7 -8 11 -10 -11 -12 12 -14 -15
leaf_value=-0.010442682134594438 -0.0038507368249869672 0.0043639043802390746 0.018273534955635964 -0.0038209640514411392 0.00061042525893889067 0.006286251425501382 -0.0087183948116639105 0.00065739363894825903 -0.0063252310640350851 0.00066445453606423584 -0.023209762855736234 -0.00010390310141902659 -0.002802936666174094 -0.043107614318087031
leaf_weight=389.90938986837864 3860.8615121804178 2614.6316473409534 452.54417663067579 1694.8647112548351 5900.1581728160381 2212.930726736784 69.416754182428122 17129.113817863166 2661.182254485786 7950.1018503382802 174.63622618466616 53.522837176918983 564.80739157274365 88.032223742455244
leaf_count=1701 18625 14336 2959 7433 25862 10991 438 80638 11648 34353 830 491 2724 515
internal_value=1.59413e-05 0.000107989 -0.000152888 0.00182084 0.00112726 0.0021644 0.0145874 -0.000780933 -0.00210126 -0.00115892 -0.0047438 0.000303912 -0.00815744 -0.0279274
internal_weight=45816.7 45426.8 42812.2 10329.9 9807.95 8113.09 521.961 32482.3 14646.8 11985.6 4035.5 17835.5 706.362 141.555
internal_count=213544 211843 197507 47683 44286 36853 3397 149824 65456 53808 19455 84368 3730 1006
is_linear=0
shrinkage=0.03


Tree=216
num_leaves=15
num_cat=0
split_feature=209 140 70 120 16 189 230 226 226 16 226 230 226 226
split_gain=55.0033 48.291 71.4548 66.7097 76.4944 69.0396 64.2066 68.8931 63.0431 62.9459 61.2291 65.3484 106.319 60.2347
threshold=52.500000000000007 18.500000000000004 9.5000000000000018 17.500000000000004 16.500000000000004 77.500000000000014 10.500000000000002 92.500000000000014 44.500000000000007 3.5000000000000004 55.500000000000007 72.500000000000014 87.500000000000014 68.500000000000014
decision_type=10 10 10 10 10 10 8 10 10 10 10 8 10 10
left_child=1 6 9 10 -5 -6 8 -8 -1 -3 -4 12 13 -12
right_child=-2 2 3 4 5 -7 7 -9 -10 -11 11 -13 -14 -15
leaf_value=0.0014713423099362909 -0.002497516025386073 -0.0041614975326258524 0.010477766369304675 0.0024925813755246667 -0.002902387032354274 0.0018728032920081691 -0.0029348387616517564 0.011081787036099862 0.024326783984281123 0.0074350882789096543 -0.0011788585254515814 0.0050335407393304827 0.024135224120117149 -0.017918279199207823
leaf_weight=4201.8142830319703 6049.282371006906 495.42923077568412 1049.5641307979822 7194.7891993559897 8562.8106720522046 3986.5206932388246 8381.8634656593204 318.24729716777802 101.57893896847963 2605.0083976984024 447.71894745528698 1975.0566346421838 91.971727795898914 332.73800334334373
leaf_count=21442 26863 3134 4483 35032 38614 18854 38200 1420 451 12583 1882 8873 385 1407
internal_value=0.000165095 0.000570876 0.00129992 0.000737198 2.84298e-05 -0.00138518 -0.000928253 -0.00240998 0.00206598 0.00557461 0.00431885 0.00202 -0.00478197 -0.0084519
internal_weight=45794.4 39745.1 26741.6 23641.2 19744.1 12549.3 13003.5 8700.11 4303.39 3100.44 3897.05 2847.49 872.429 780.457
internal_count=213623 186760 125247 109530 92500 57468 61513 39620 21893 15717 17030 12547 3674 3289
is_linear=0
shrinkage=0.03


Tree=217
num_leaves=15
num_cat=0
split_feature=149 238 98 144 137 226 70 222 178 248 243 243 245 248
split_gain=53.1722 60.81 50.0736 46.5415 52.0048 87.4705 82.3512 74.507 60.0451 53.6438 54.4557 59.8126 53.0406 58.9886
threshold=22.500000000000004 -0.28044252097606653 35.500000000000007 17.500000000000004 39.500000000000007 92.500000000000014 80.500000000000014 47.500000000000007 79.500000000000014 0.70202019810676586 -0.017683289945125576 -0.021206832490861412 -0.17363885045051572 0.92424240708351146
decision_type=10 10 10 10 10 10 10 10 10 2 2 2 2 2
left_child=-1 -2 3 -3 5 6 7 8 12 10 11 -9 -5 -14
right_child=1 2 -4 4 -6 -7 -8 9 -10 -11 -12 -13 13 -15
leaf_value=-0.001921365357534739 0.011314308234865875 0.0031367099147122509 0.0020823182237411971 0.015390076695875114 0.00090665889169018932 0.010329211377049008 -0.01262278552008575 0.0020970978804035188 -0.013747151256262491 0.023584560740661113 0.0099856718266021702 -0.022120175013738037 -0.0028358594998800562 0.017498924274783941
leaf_weight=10072.986119575799 455.81559692323208 2994.734215863049 10987.008654695004 140.568338830024 8832.9414816088974 479.63319336622953 686.743024751544 339.56215569376945 420.4305073171854 120.74068830907345 478.13744440674782 115.05999477207661 9510.5950034707785 120.30842769891024
leaf_count=46755 4316 13631 51598 1068 41503 2090 2904 1486 1758 565 2004 479 42503 672
internal_value=2.3503e-06 0.000545795 0.000403283 -0.000358317 -0.000852233 -0.00210368 -0.00261168 -0.00198964 -0.00277583 0.00557081 0.0030136 -0.00437621 -0.0022902 -0.00256395
internal_weight=45755.3 35682.3 35226.5 24239.5 21244.7 12411.8 11932.1 11245.4 10191.9 1053.5 932.76 454.622 9771.47 9630.9
internal_count=213332 166577 162261 110663 97032 55529 53439 50535 46001 4534 3969 1965 44243 43175
is_linear=0
shrinkage=0.03


Tree=218
num_leaves=15
num_cat=0
split_feature=124 141 190 194 226 231 231 249 246 188 224 104 249 235
split_gain=47.1078 59.9285 47.3846 49.4293 66.7295 70.745 123.399 104.861 109.998 84.8585 61.6612 98.2738 66.7613 61.9703
threshold=6.5000000000000009 1.5000000000000002 90.500000000000014 30.500000000000004 2.5000000000000004 77.500000000000014 19.500000000000004 0.025252525694668296 0.015007855836302044 28.500000000000004 6.5000000000000009 89.500000000000014 0.2575757503509522 18.500000000000004
decision_type=8 8 10 10 8 10 10 2 2 10 10 10 2 10
left_child=-1 -2 3 4 5 6 -3 8 -7 -9 11 13 -13 -5
right_child=1 2 -4 10 -6 7 -8 9 -10 -11 -12 12 -14 -15
leaf_value=-0.005125225165648401 0.013852875387405591 -0.011695720977979138 0.0045125749345361716 -0.010948922935701209 0.00030263093071367813 0.0015260534376774074 0.017936960510466917 -0.0089126977879148174 -0.039121857307690543 0.0097570200391466303 -0.00062922655181480293 0.00081885014262653708 -0.04226752951749968 1.9474832151135875e-05
leaf_weight=1538.9117178618908 277.36827722936869 147.25250852108002 2083.4678405635059 746.89514638110995 20020.824686318636 134.60972940176725 685.99344341829419 280.21772284433246 96.953699439764023 897.61990772932768 17440.788121432066 45.891320809721947 96.856544852256775 1196.2788393758237
leaf_count=6561 1218 685 10427 3885 92593 773 3746 1641 458 5694 78551 233 446 6276
internal_value=1.72116e-05 0.000197574 0.000108109 -0.000112505 0.000853584 0.00574894 0.0126236 0.00162427 -0.0164079 0.00527769 -0.00121387 -0.00607584 -0.0292691 -0.00423091
internal_weight=45689.9 44151 43873.6 41790.2 22263.5 2242.65 833.246 1409.4 231.563 1177.84 19526.7 2085.92 142.748 1943.17
internal_count=213187 206626 205408 194981 105590 12997 4431 8566 1231 7335 89391 10840 679 10161
is_linear=0
shrinkage=0.03


Tree=219
num_leaves=15
num_cat=0
split_feature=245 245 248 243 243 224 245 143 248 243 248 120 243 224
split_gain=58.2404 43.2894 165.865 106.301 95.9772 90.929 135.193 121.216 116.685 133.974 195.616 127.22 120.325 116.933
threshold=-0.20662932842969892 -0.075677461922168718 0.58080807328224193 -0.054542422294616692 -0.055948184803128236 26.500000000000004 -0.078993272036313997 75.500000000000014 0.66161617636680614 -0.054542422294616692 0.68181815743446361 24.500000000000004 -0.056960796937346451 1.5000000000000002
decision_type=2 2 2 2 2 10 2 8 2 2 2 10 2 10
left_child=-1 2 -2 4 -3 6 8 -7 -4 10 -10 -11 -12 -13
right_child=1 3 5 -5 -6 7 -8 -9 9 11 12 13 -14 -15
leaf_value=0.016653731008901811 0.0089729724395455381 -0.005430792268984813 -0.011962824941196689 -0.00030789910413292119 -0.027753003639992575 -0.00019064876129558814 0.012530985680115141 0.01136272400379151 0.033219873280021718 -0.027713549152330853 -0.0005947873110606378 -0.017117153117303347 0.029059166636568486 -0.00083532364902271915
leaf_weight=177.13440927863121 2137.7442595735192 1358.5250298604369 1174.722519762814 31420.561957165599 190.31749229133129 2504.7593620121479 503.22376224398613 1202.9295693784952 177.49105773121119 212.87775433063507 1989.6168310306966 484.06200041621923 121.25171242281795 2026.2617984227836
leaf_count=2587 12733 6125 6087 137900 843 11690 2397 7247 919 917 10863 2521 744 9556
internal_value=-4.81716e-05 -0.000116832 0.00138315 -0.000687369 -0.00833412 -0.000184501 -0.00227224 0.00357823 -0.00349469 -0.00148987 0.00385194 -0.00597636 0.00123757 -0.00403038
internal_weight=45681.5 45504.3 12534.9 32969.4 1548.84 10397.2 6689.51 3707.69 6186.28 5011.56 2288.36 2723.2 2110.87 2510.32
internal_count=213129 210542 65674 144868 6968 52941 34004 18937 31607 25520 12526 12994 11607 12077
is_linear=0
shrinkage=0.03


Tree=220
num_leaves=15
num_cat=0
split_feature=165 243 245 243 245 39 222 98 140 245 222 229 246 142
split_gain=49.2102 52.4988 59.0585 43.6397 58.1247 84.4548 60.4901 54.5661 43.6943 78.9334 81.4735 68.8988 65.8156 63.4513
threshold=5.5000000000000009 -0.023881457746028897 -0.093972545117139802 -0.008629474323242901 -0.053789688274264329 7.5000000000000009 65.500000000000014 43.500000000000007 25.500000000000004 -0.048725798726081841 94.500000000000014 88.500000000000014 0.059104340150952346 22.500000000000004
decision_type=8 2 2 2 2 10 10 10 10 2 10 10 2 10
left_child=1 2 -1 7 5 -5 -7 8 -2 10 11 13 -13 -10
right_child=3 -3 -4 4 -6 6 -8 -9 9 -11 -12 12 -14 -15
leaf_value=0.013962779493607008 -0.0011764331933812038 3.7830869255643901e-05 -0.010915612092088797 0.009543658088950583 -0.0015550535997457795 -0.034275389131746201 -0.0020924162667300878 0.0027854843115536526 0.0080303316185621632 -0.0019610675650399987 -0.019233305226428098 0.015366538234656736 -0.012131841754364773 0.0012793715062164686
leaf_weight=85.351157922297716 13624.583989877254 1315.5693667307496 1000.8211928904057 87.819269560277462 3161.2060466706753 154.6658863723278 79.213065527379513 8676.5564426109195 1426.6856061145663 5295.2074917629361 144.4456904232502 597.85622634366155 82.368778102099895 9852.1578782834113
leaf_count=545 63217 5826 4482 461 13796 665 391 41860 6155 22798 780 3275 541 47901
internal_value=0.000168342 -0.00400218 -0.00885113 0.000401171 -0.00281385 -0.0147637 -0.023908 0.000683865 9.53788e-05 0.00109141 0.00242737 0.00270484 0.0119092 0.00213967
internal_weight=45584.5 2401.74 1086.17 43182.8 3482.9 321.698 233.879 39699.9 31023.3 17398.7 12103.5 11959.1 680.225 11278.8
internal_count=212693 10853 5027 201840 15313 1517 1056 186527 144667 81450 58652 57872 3816 54056
is_linear=0
shrinkage=0.03


Tree=221
num_leaves=15
num_cat=0
split_feature=165 120 228 230 224 231 230 141 222 51 249 224 231 230
split_gain=51.637 53.4965 43.948 101.086 52.5784 163.249 117.044 93.3235 76.7494 85.3935 72.9907 67.5082 138.756 118.513
threshold=6.5000000000000009 15.500000000000002 93.500000000000014 62.500000000000007 82.500000000000014 60.500000000000007 36.500000000000007 21.500000000000004 52.500000000000007 55.500000000000007 0.055555555969476707 32.500000000000007 91.500000000000014 18.500000000000004
decision_type=8 8 10 8 10 10 8 10 10 8 2 10 10 10
left_child=1 -1 4 -4 11 6 -6 -7 9 -8 -10 12 -2 -14
right_child=2 -3 3 -5 5 7 8 -9 10 -11 -12 -13 13 -15
leaf_value=0.008608567533967295 0.0024174231298306238 -0.0053127415873825152 -0.027694567073418084 -0.002023821017621553 0.024806376004942433 -0.013436051739042774 0.0011146199315912369 0.011796844112005007 0.012633516216952825 -0.020023550161724749 -0.0039018199787030088 -0.0013012604662015618 -0.0012077436694227937 -0.014304884083202959
leaf_weight=266.36962834000587 16528.751199319959 2528.8540116585791 148.64216722548008 1079.8498995602131 125.04916408658028 134.22959806770086 279.69858005642891 1778.8229155652225 318.54814521968365 432.55939184874296 884.25328449159861 17528.496146462858 2920.5231364183128 780.78198951482773
leaf_count=1143 78226 11472 618 5161 531 583 1230 9022 1396 1872 3934 78473 16407 3413
internal_value=-1.66838e-05 -0.00396016 0.000240882 -0.0053284 0.000406146 0.00369338 -0.00220824 0.00996571 -0.00409193 -0.0118222 0.000545434 6.10996e-05 0.00124159 -0.00400166
internal_weight=45735.4 2795.22 42940.2 1228.49 41711.7 3953.16 2040.11 1913.05 1915.06 712.258 1202.8 37758.6 20230.1 3701.31
internal_count=213481 12615 200866 5779 195087 18568 8963 9605 8432 3102 5330 176519 98046 19820
is_linear=0
shrinkage=0.03


Tree=222
num_leaves=15
num_cat=0
split_feature=226 101 103 226 134 224 249 245 246 121 193 244 226 224
split_gain=44.3239 45.2232 49.5536 65.5918 59.8222 86.6674 46.4201 91.6211 79.3224 88.2457 63.4268 65.2844 59.0187 61.7675
threshold=99.500000000000014 1.0000000180025095e-35 3.5000000000000004 1.5000000000000002 23.500000000000004 4.5000000000000009 0.27777777612209326 -0.15727423131465909 0.20274399220943454 83.500000000000014 73.500000000000014 0.013096234295517208 98.500000000000014 94.500000000000014
decision_type=10 8 8 8 8 8 2 2 2 8 8 2 10 10
left_child=1 -1 3 -3 -5 -6 12 8 9 -8 -9 -12 -4 -14
right_child=-2 2 6 4 5 -7 7 10 -10 -11 11 -13 13 -15
leaf_value=-0.0055565048647535347 -0.0076885890260673722 0.014187090469297167 -0.00077444364261930107 0.0050102036730389193 0.010822064955212206 -0.0087327840852180743 -0.051880201646645571 -8.2881726948881623e-06 0.011208154262544975 -0.010631178109433087 0.014284841220081173 0.0034213112670805233 0.0032347667441156762 0.030953912787098799
leaf_weight=1218.6182679496706 653.87987224385142 453.52809103578329 29351.657437860966 2092.8631172850728 265.14271607622504 784.11119176819921 58.030418578535318 5478.419131744653 76.627865321934223 172.94583343341947 558.25208715349436 4136.5574756339192 243.92481257021427 94.567039869725704
leaf_count=6110 3138 3040 131290 9534 1613 3729 462 26642 708 1410 2762 20991 1112 474
internal_value=6.52621e-06 0.000120062 0.000279351 0.00364836 0.00208704 -0.00373583 -2.30373e-05 0.00169244 -0.0141794 -0.0227174 0.00218581 0.00474069 -0.00062898 0.0116449
internal_weight=45639.1 44985.2 43766.6 3595.65 3142.12 1049.25 40171 10480.8 307.604 230.976 10173.2 4694.81 29690.1 338.492
internal_count=213015 209877 203767 17916 14876 5342 185851 52975 2580 1872 50395 23753 132876 1586
is_linear=0
shrinkage=0.03


Tree=223
num_leaves=15
num_cat=0
split_feature=69 231 228 245 32 222 19 222 224 119 245 23 243 52
split_gain=43.2586 62.9402 60.07 177.468 63.7751 56.4445 56.0789 67.5122 96.1916 98.6229 83.7355 67.7127 60.1523 55.526
threshold=8.5000000000000018 89.500000000000014 5.5000000000000009 -0.091419335454702363 4.5000000000000009 6.5000000000000009 28.500000000000004 28.500000000000004 35.500000000000007 50.500000000000007 -0.069990444928407655 59.500000000000007 -0.056960796937346451 33.500000000000007
decision_type=8 8 10 2 10 10 10 10 8 8 2 10 2 10
left_child=1 6 3 5 -4 -3 7 8 9 12 11 -9 -1 -2
right_child=13 2 4 -5 -6 -7 -8 10 -10 -11 -12 -13 -14 -15
leaf_value=0.0076350086415369976 -0.0018445210613662044 0.0059653207709747932 -0.018062278169500259 -0.028230528618374013 0.0074008452703240215 -0.022875725885039281 -0.0055174283760458711 0.023711009523593007 -0.0064625139404179827 0.0074012548258410435 0.0048338865476732036 -0.0079666190930559357 -0.0060563921361723675 0.00050984805546645893
leaf_weight=384.70138520002365 16225.908069483936 398.31301211193204 97.877582244575024 280.49156153202057 487.51765653118491 61.859438370913267 658.51467777043581 399.64248243719339 1032.476741053164 2487.9710140824318 1688.2291765362024 66.276669919490814 1070.6791993156075 20265.044821631163
leaf_count=1822 77120 2766 537 1222 2387 385 2888 2046 4686 12766 7387 325 4548 92006
internal_value=-7.54136e-05 0.00177217 -0.0042478 -0.00986973 0.00291157 0.00168424 0.00280126 0.00357621 0.0016486 0.00378328 0.00800057 0.0191322 -0.00240993 -0.000537254
internal_weight=45605.5 9114.55 1326.06 740.664 585.395 460.172 7788.49 7129.98 4975.83 3943.35 2154.15 465.919 1455.38 36491
internal_count=212891 43765 7297 4373 2924 3151 36468 33580 23822 19136 9758 2371 6370 169126
is_linear=0
shrinkage=0.03


Tree=224
num_leaves=15
num_cat=0
split_feature=195 119 76 10 188 244 249 249 47 144 66 233 244 244
split_gain=49.6278 60.3211 72.962 54.1103 55.1326 52.0042 64.8107 51.437 44.9318 56.3151 54.695 55.3711 53.4539 48.5648
threshold=37.500000000000007 97.500000000000014 34.500000000000007 3.5000000000000004 67.500000000000014 0.020666228607296947 0.82323232293128978 0.90404042601585399 6.5000000000000009 5.5000000000000009 83.500000000000014 52.500000000000007 0.085759349167346968 0.012894531246274711
decision_type=10 10 10 8 10 2 2 2 8 8 10 10 2 2
left_child=1 3 -3 4 -1 -4 -7 8 13 -10 11 12 -11 -5
right_child=-2 2 5 7 -6 6 -8 -9 9 10 -12 -13 -14 -15
leaf_value=0.00045259083087199377 0.0013326622159054737 0.011052358313274339 0.0050544446842041412 -0.011134347264132358 0.010405247531522374 -0.0083590404209975266 0.0091187664961613311 -0.018612053522588608 0.006998504195852513 -0.0037294794258571243 0.0026420062552121536 -9.9772975882961944e-05 0.011752272613987175 -0.0018010796850481711
leaf_weight=2198.4537047334015 16016.432359859347 793.25800448283553 1071.8854268081486 865.01911194622517 639.12583817541599 806.99873960763216 240.21077124774456 149.95779901742935 730.38321562856436 10258.857552710921 2601.8103218711913 7881.1062169037759 195.2271804921329 1187.3787846826017
leaf_count=10289 75166 4260 6048 3882 3334 4870 1840 709 3231 45446 12283 34664 1370 5610
internal_value=-1.22079e-05 -0.000739632 0.00335295 -0.001187 0.00272296 0.000432399 -0.00430162 -0.00165276 -0.00153774 -0.0011344 -0.00142133 -0.00199905 -0.00342941 -0.00576966
internal_weight=45636.1 29619.7 2912.35 26707.3 2837.58 2119.09 1047.21 23869.7 23719.8 21667.4 20937 18335.2 10454.1 2052.4
internal_count=213002 137836 17018 120818 13623 12758 6710 107195 106486 96994 93763 81480 46816 9492
is_linear=0
shrinkage=0.03


Tree=225
num_leaves=15
num_cat=0
split_feature=149 230 243 245 68 140 243 226 142 238 244 190 232 228
split_gain=55.9061 47.8936 105.723 128.44 64.1492 60.5653 58.6987 57.6504 50.1997 47.1678 44.3112 43.7229 50.2813 66.0524
threshold=34.500000000000007 5.5000000000000009 -0.047300521284341805 -0.059450296685099595 19.500000000000004 89.500000000000014 -0.026057198643684384 1.5000000000000002 83.500000000000014 -0.28044252097606653 0.027396297082304958 91.500000000000014 87.500000000000014 3.5000000000000004
decision_type=8 10 2 2 10 10 2 8 10 10 2 10 10 8
left_child=1 2 -1 6 5 -3 8 -5 -4 -2 -9 12 -11 -14
right_child=9 4 3 7 -6 -7 -8 10 -10 11 -12 -13 13 -15
leaf_value=-0.0062747394120533494 0.010535681004182226 -0.0050019106016403825 0.017497470960515293 0.012874570847770621 -0.0010299801144708115 -0.022972825875875645 0.028750883018505424 -0.010967745129109642 -0.00046269760378004395 -0.00014555815867698611 0.0046711663995231264 0.0058059869370295 -0.0043750987199587098 0.005053471073595126
leaf_weight=848.29913780093193 429.00241758301854 2735.7036125659943 332.10935946553946 193.49034947156906 9232.3655623756349 171.15589920058846 210.34118794649839 435.70550868660212 236.30444743484259 24733.910837199539 249.93380176275969 1392.0688956826925 811.56150092557073 3620.390020404011
leaf_count=4813 4145 12226 1633 936 40846 796 1129 1967 1247 113433 1247 7076 4606 17028
internal_value=4.96869e-05 -0.00147712 0.00229202 0.00668676 -0.00225651 -0.00613517 0.0154764 -0.00118581 0.010152 0.000771546 -0.00528175 0.000631066 0.000382165 0.00332099
internal_weight=45632.3 14645.4 2506.18 1657.88 12139.2 2906.86 778.755 879.13 568.414 30986.9 685.639 30557.9 29165.9 4431.95
internal_count=213128 66840 12972 8159 53868 13022 4009 4150 2880 146288 3214 142143 135067 21634
is_linear=0
shrinkage=0.03


Tree=226
num_leaves=15
num_cat=0
split_feature=209 10 146 65 226 148 47 146 124 245 245 122 35 9
split_gain=43.763 55.1453 71.1306 86.2857 74.8865 68.6354 129.715 100.903 66.8404 75.2651 62.3243 64.1186 60.1546 54.9119
threshold=50.500000000000007 2.5000000000000004 98.500000000000014 98.500000000000014 20.500000000000004 12.500000000000002 1.0000000180025095e-35 80.500000000000014 56.500000000000007 -0.045531257987022393 -0.088454291224479661 84.500000000000014 12.500000000000002 92.500000000000014
decision_type=10 8 10 8 10 8 8 10 10 2 2 10 8 10
left_child=1 2 -1 4 -4 6 7 -3 13 12 11 -9 -10 -7
right_child=-2 5 3 -5 -6 8 -8 10 9 -11 -12 -13 -14 -15
leaf_value=0.0055382862578586519 -0.0023838709430306468 -0.0033964484537317408 -0.019342382698527859 0.0089320551887847321 0.014933193972992694 -0.00046733971167805838 -0.0010536652667942617 -0.024472834070626465 0.00092020997890850402 -0.00084561085319027429 -0.03060102265361116 0.016006876848003927 0.00557703099228808 -0.0077159828629065766
leaf_weight=3217.8081143721938 6172.8565321303904 437.97130380943418 334.75517444312572 229.62772041559219 61.114773258566856 13711.786551646888 4116.2856299541891 62.035201724618673 4660.37303596735 5916.1962852999568 315.74090579152107 59.43716586753726 5378.4283709079027 1000.0012793689966
leaf_count=16320 27422 2053 2148 1661 552 61080 19066 305 23241 26444 1373 331 26895 4441
internal_value=-3.68904e-05 0.00033038 0.00373977 -0.00545407 -0.0138133 -3.80356e-05 -0.00329677 -0.0137157 0.000493272 0.00183764 -0.0237458 -0.00495491 0.00341823 -0.000964957
internal_weight=45674.4 39501.6 3843.31 625.498 395.87 35658.3 4991.47 875.185 30666.8 15955 437.213 121.472 10038.8 14711.8
internal_count=213332 185910 20681 4361 2700 165229 23128 4062 142101 76580 2009 636 50136 65521
is_linear=0
shrinkage=0.03


Tree=227
num_leaves=15
num_cat=0
split_feature=226 230 229 230 244 226 193 245 243 226 245 229 138 228
split_gain=45.5746 50.6622 100.401 91.0208 90.9147 86.6621 94.4708 85.0659 77.3506 109.999 71.9919 69.3951 67.3452 65.326
threshold=99.500000000000014 80.500000000000014 78.500000000000014 66.500000000000014 0.085759349167346968 66.500000000000014 76.500000000000014 -0.059793366119265549 -0.051808537915349 96.500000000000014 -0.037172285839915269 87.500000000000014 82.500000000000014 69.500000000000014
decision_type=10 8 10 10 2 10 8 2 2 10 2 10 10 10
left_child=1 2 -1 10 5 -3 8 -8 9 -7 13 -5 -9 -4
right_child=-2 4 3 11 -6 6 7 12 -10 -11 -12 -13 -14 -15
leaf_value=-0.00012867931603888926 -0.0079389133953781561 -0.0046201437685710897 0.0051064990596855877 -0.0085426318881763382 0.017434434604362677 -0.033006097987849481 0.014723907887175291 0.007353622056120823 0.00043678160017711039 0.014350162145390592 -0.0042621920126621115 0.011785998509626281 -0.0030203652236290204 -0.031538730183607776
leaf_weight=35849.282119918615 642.20534803718328 1600.2836005762219 48.364464223384857 399.74093098938465 329.22346388921142 134.42814198881388 848.08827225491405 1598.2684066966176 2392.1976056843996 56.782623998820782 226.36256401240826 229.52012375742197 859.75005698204041 286.67984433472157
leaf_count=165683 3067 8551 201 1745 2264 619 5008 7216 10757 296 953 1104 3936 1198
internal_value=-6.56252e-05 4.88338e-05 -0.000414519 -0.008948 0.00224154 0.00155136 0.00323325 0.00658424 -0.00106402 -0.0189287 -0.0176167 -0.00105948 0.00372754 -0.0262542
internal_weight=45501.2 44859 37040 1190.67 7819.02 7489.8 5889.52 3306.11 2583.41 191.211 561.407 629.261 2458.02 335.044
internal_count=212598 209531 170884 5201 38647 36383 27832 16160 11672 915 2352 2849 11152 1399
is_linear=0
shrinkage=0.03


Tree=228
num_leaves=15
num_cat=0
split_feature=245 226 119 244 231 57 231 231 245 231 248 222 226 226
split_gain=49.5127 98.0718 71.5206 96.3711 119.753 68.8179 62.3022 56.9722 161.807 126.832 162.473 98.6797 105.143 173.135
threshold=-0.1104091852903366 54.500000000000007 19.500000000000004 0.014504292979836466 22.500000000000004 88.500000000000014 57.500000000000007 26.500000000000004 -0.1044003665447235 31.500000000000004 0.80303028225898754 3.5000000000000004 81.500000000000014 52.500000000000007
decision_type=2 10 8 2 10 10 10 10 2 10 2 8 10 8
left_child=1 2 6 4 -4 -5 -1 8 -2 10 -9 -10 13 -13
right_child=7 -3 3 5 -6 -7 -8 9 11 -11 -12 12 -14 -15
leaf_value=0.0087665912889049874 -0.025521892277367595 0.019312805640875969 -0.016513750705345831 -0.0043280083617847596 0.013549148734906733 0.010222468843636374 -0.031594351262765184 -0.0054494472891432949 0.026217608235590342 -0.00055278941690704744 -0.034019112250192184 0.0039385503039943044 0.0082297026844856975 -0.0041829144747115073
leaf_weight=46.215229079127312 187.79564514756203 305.24223528802395 127.66915100440383 1464.7969749569893 944.51197251304984 355.08467719331384 93.23225761950016 1957.7479988411069 137.64647133648396 28544.398644961417 188.06112890690565 5229.9654057249427 1765.4579502046108 4291.991350799799
leaf_count=234 893 2241 694 9700 6294 3055 389 8496 640 129953 816 22557 8084 19225
internal_value=-0.000127936 0.00338477 0.00172276 0.0027596 0.00984991 -0.00144865 -0.0185265 -0.000405744 0.00138325 -0.00108291 -0.00809951 0.00184743 0.0015273 0.000277278
internal_weight=45639.8 3336.75 3031.51 2892.06 1072.18 1819.88 139.447 42303.1 11612.9 30690.2 2145.81 11425.1 11287.4 9521.96
internal_count=213271 22607 20366 19743 6988 12755 623 190664 51399 139265 9312 50506 49866 41782
is_linear=0
shrinkage=0.03


Tree=229
num_leaves=15
num_cat=0
split_feature=101 139 137 78 68 229 231 77 52 244 68 69 231 60
split_gain=39.167 63.9408 103.752 94.2029 67.3294 104.607 92.151 74.2812 58.1422 80.1842 80.1266 71.3128 69.5926 77.797
threshold=4.5000000000000009 40.500000000000007 90.500000000000014 20.500000000000004 17.500000000000004 4.5000000000000009 58.500000000000007 45.500000000000007 40.500000000000007 0.015257676132023336 76.500000000000014 60.500000000000007 89.500000000000014 41.500000000000007
decision_type=8 8 10 8 10 10 10 10 10 2 10 10 10 10
left_child=-1 2 8 -3 5 7 -7 -4 9 -2 -10 12 13 -11
right_child=1 3 4 -5 -6 6 -8 -9 10 11 -12 -13 -14 -15
leaf_value=-0.0023052427923420404 -0.00078314154351929641 0.0031920546591585218 0.015601986785807327 -0.0018389915780111798 -0.001500315088163108 0.011067885633440008 -0.029914922540306334 -0.026765601432310764 0.0075664470499550223 0.0019067052239373904 -0.0048651283319006543 -0.0045313362725369214 0.00013070213482350979 0.010814319838303445
leaf_weight=5920.7258486784995 7141.8310996703804 4177.9072959199548 131.91218187659979 16729.826697938144 1258.8264288790524 53.515100963413715 295.25812198966742 40.710092186927795 3055.394808396697 1440.4491415768862 543.30909201130271 787.8146160505712 1744.4862595498562 2288.6124024800956
leaf_count=29057 32593 19435 783 74611 6667 251 1405 198 14450 6743 2573 3698 9185 11401
internal_value=-3.12305e-05 0.00030849 0.0015785 -0.000832613 -0.00529298 -0.0142492 -0.0234934 0.00469179 0.00230068 0.00138944 0.00568133 0.00386482 0.00507934 0.00738782
internal_weight=45610.6 39689.9 18782.1 20907.7 1780.22 521.395 348.773 172.622 17001.9 13403.2 3598.7 6261.36 5473.55 3729.06
internal_count=213050 183993 89947 94046 9304 2637 1656 981 80643 63620 17023 31027 27329 18144
is_linear=0
shrinkage=0.03


Tree=230
num_leaves=15
num_cat=0
split_feature=165 98 120 190 246 246 249 226 11 120 226 226 226 245
split_gain=46.7805 52.4918 52.3471 48.075 46.9446 83.6289 70.9222 105.426 70.8663 58.1777 57.656 126 96.7025 155.214
threshold=5.5000000000000009 42.500000000000007 21.500000000000004 89.500000000000014 0.012955126352608206 0.014206241816282274 0.015151515137404205 41.500000000000007 16.500000000000004 52.500000000000007 93.500000000000014 68.500000000000014 40.500000000000007 -0.082732543349266038
decision_type=8 10 8 10 2 2 2 8 10 10 10 8 10 2
left_child=2 3 -1 4 10 6 8 -8 -6 -9 11 12 -2 -14
right_child=1 -3 -4 -5 5 -7 7 9 -10 -11 -12 -13 13 -15
leaf_value=0.0068509306152073294 -0.00042685543338592189 0.0019584510053207616 -0.0059692888096069237 0.0046114616541596968 -0.0083462798204351554 -0.0010247049994413697 -0.024771383930410944 -0.012301971220369795 0.021006883089838189 0.0090249703185486911 0.010563654173168872 -0.0068266209507681164 0.023130540900737101 0.0034796475594144932
leaf_weight=324.04931402206421 3695.5164414513856 10342.553206723183 2064.4669653736055 1571.6999400034547 176.6868817768991 21989.935128599405 395.67127489298582 272.66160420328379 113.0226668715477 185.04094559699297 543.05810454487801 1632.8049845099449 444.3737633228302 1799.6116195470095
leaf_count=1389 16782 49444 9392 7869 884 103867 1725 1137 484 838 2455 7092 2032 7461
internal_value=-0.000130736 9.58494e-05 -0.00420866 -0.000491528 -0.000749586 -0.00143816 -0.00931408 -0.013628 0.00342392 -0.00367126 0.00121256 0.000528888 0.00255904 0.00745645
internal_weight=45551.2 43162.6 2388.52 32820.1 31248.4 23133 1143.08 853.374 289.71 457.703 8115.36 7572.31 5939.5 2243.99
internal_count=212851 202070 10781 152626 144757 108935 5068 3700 1368 1975 35822 33367 26275 9493
is_linear=0
shrinkage=0.03


Tree=231
num_leaves=15
num_cat=0
split_feature=194 231 8 190 47 243 231 222 222 230 245 230 231 244
split_gain=51.886 66.5937 68.0311 59.3942 55.1762 54.9691 67.2085 59.6336 51.342 55.9951 49.5092 81.6761 142.438 75.1396
threshold=30.500000000000004 3.5000000000000004 11.500000000000002 20.500000000000004 inf -0.085582215338945375 58.500000000000007 3.5000000000000004 32.500000000000007 51.500000000000007 -0.091836016625165925 43.500000000000007 65.500000000000014 0.021765369921922687
decision_type=10 8 10 10 8 2 10 10 10 8 2 10 10 2
left_child=1 2 -1 5 -5 6 -2 -8 9 -4 11 13 -13 -3
right_child=3 10 8 4 -6 -7 7 -9 -10 -11 -12 12 -14 -15
leaf_value=-0.026850768804581138 0.010045141821247562 0.0098104335259161114 0.0040661861928844387 -0.00033958736373665779 0.011445020976650936 -0.0029385116501655186 -0.0072087919209096714 -0.038720009032938027 0.0039947348082932004 -0.024557494520682111 0.00066886826270787789 -0.01504851832386917 0.016007989373353518 0.00068224225884415705
leaf_weight=128.19304890185595 61.772939205169678 2027.4495891407132 96.091400772333145 16147.913102615625 355.66465870663524 5448.9441793374717 109.3747954890132 108.95015595853329 348.08050511777401 149.36934049427509 18559.832551591098 427.95372281968594 181.50556940212846 1351.5764161348343
leaf_count=584 342 11755 407 72755 2142 25485 759 803 1546 653 83197 2079 1086 9074
internal_value=4.31103e-05 0.0010331 -0.0078751 -0.00099307 -7.88432e-05 -0.00362195 -0.0163577 -0.0239409 -0.00339975 -0.0136315 0.0013216 0.00434971 -0.00569034 0.00617204
internal_weight=45502.7 23270.1 721.734 22232.6 16503.6 5729.04 280.098 218.325 593.541 245.461 22548.3 3988.49 609.459 3379.03
internal_count=212667 110381 3190 102286 74897 27389 1904 1562 2606 1060 107191 23994 3165 20829
is_linear=0
shrinkage=0.03


Tree=232
num_leaves=15
num_cat=0
split_feature=238 171 120 248 164 224 224 231 120 47 64 224 60 184
split_gain=41.9411 55.6462 74.7725 82.8598 58.4258 52.9889 78.6932 85.582 54.3026 56.4042 52.5874 54.6035 52.3547 53.9644
threshold=-0.10978459939360617 24.500000000000004 17.500000000000004 0.76262626051902782 50.500000000000007 1.5000000000000002 32.500000000000007 87.500000000000014 51.500000000000007 61.500000000000007 41.500000000000007 58.500000000000007 81.500000000000014 53.500000000000007
decision_type=10 10 8 2 10 8 8 10 10 10 8 10 8 8
left_child=12 5 3 -3 -4 -2 7 8 -7 -10 -6 -12 -1 -14
right_child=1 2 4 -5 10 6 -8 -9 9 -11 11 -13 13 -15
leaf_value=0.00024678995681186956 -0.017735338313886982 0.0045988071097433133 -0.0027686788724393591 -0.015184452153365379 0.0039935209132837771 -0.0019135741725359754 -0.0051624119748608782 -0.015710648802924665 0.011168419865071142 -0.00082583985180499251 0.0015927693836000356 -0.0057401315324799767 0.00037685190592789535 0.0071599610296063133
leaf_weight=15592.681053645909 203.12814155966043 3936.1838486343622 7440.1439748778939 190.58428552746773 3053.8621921986341 1226.4180952012539 4223.4428987056017 236.55388869345188 914.18734220415354 568.69821110367775 2325.7235294878483 1492.2194511070848 1975.2691706456244 2260.0237455256283
leaf_count=76288 884 16979 32747 806 13453 5123 18166 1020 4017 2457 10304 6802 10457 13798
internal_value=1.37898e-05 -0.000783177 9.79932e-05 0.00365067 -0.000928234 -0.00298416 -0.0025421 0.00121938 0.0027499 0.00659381 0.00106555 -0.00128076 0.00105112 0.00400477
internal_weight=45639.1 25811.1 18438.7 4126.77 14311.9 7372.43 7169.3 2945.86 2709.3 1482.89 6871.81 3817.94 19828 4235.29
internal_count=213301 112758 81091 17785 63306 31667 30783 12617 11597 6474 30559 17106 100543 24255
is_linear=0
shrinkage=0.03


Tree=233
num_leaves=15
num_cat=0
split_feature=243 70 68 222 226 231 231 238 246 224 226 243 231 242
split_gain=47.3356 50.7423 50.3059 79.5389 90.8004 119.86 206.125 144.73 92.6713 103.595 102.112 100.598 86.8687 81.4033
threshold=-0.008629474323242901 21.500000000000004 19.500000000000004 40.500000000000007 6.5000000000000009 77.500000000000014 21.500000000000004 -0.119629118591547 0.033177744597196586 2.5000000000000004 4.5000000000000009 -0.036835204809904092 71.500000000000014 0.039940942078828819
decision_type=2 8 8 10 10 10 10 10 2 10 10 2 10 8
left_child=2 -2 3 4 5 6 -1 -7 9 11 -11 12 -8 -6
right_child=1 -3 -4 -5 13 7 8 -9 -10 10 -12 -13 -14 -15
leaf_value=-0.013311314667057116 0.0039887455977818528 -0.0048398194690106268 0.0010268712970393501 0.0037929684205565248 -0.0048200735240499989 0.0017437721356093113 -0.0382615535171461 -0.015367738155069241 0.02400393248085354 0.017856271525233239 -0.011487641380758931 0.01691991865597842 0.0073894860578516556 0.0080981140314027571
leaf_weight=336.79696547240019 712.60550817102194 3124.1537528336048 27670.909629385918 2398.3038007505238 7363.2011340595782 1557.6060081440955 102.57509772479534 611.77754886448383 429.70928848907351 597.55720511823893 122.23896757513285 75.623745083808899 52.018912203609943 457.92418294027448
leaf_count=1557 3120 13731 126655 11462 33230 10379 539 2732 2727 3066 570 400 348 2668
internal_value=-9.45081e-06 -0.00319397 0.000283712 -0.00117386 -0.00219374 0.00155188 0.007453 -0.00313014 0.012581 0.00721795 0.0127838 -0.00999203 -0.0233849 -0.00405434
internal_weight=45613 3836.76 41776.2 14105.3 11707 3885.9 1716.52 2169.38 1379.72 950.014 719.796 230.218 154.594 7821.13
internal_count=213184 16851 196333 69678 58216 22318 9207 13111 7650 4923 3636 1287 887 35898
is_linear=0
shrinkage=0.03


Tree=234
num_leaves=15
num_cat=0
split_feature=151 228 164 237 239 234 243 228 135 249 77 61 137 8
split_gain=44.8929 53.2921 51.1321 60.3318 55.2297 54.4796 56.9363 62.8212 62.7461 52.6321 51.4431 48.2512 46.7356 68.1335
threshold=4.5000000000000009 1.5000000000000002 41.500000000000007 0.26952597498893743 -0.0098925372585654241 5.5000000000000009 -0.051250005140900605 51.500000000000007 8.5000000000000018 0.68181815743446361 5.5000000000000009 14.500000000000002 90.500000000000014 17.500000000000004
decision_type=10 8 10 2 10 10 2 8 10 2 10 8 8 8
left_child=1 -1 4 -4 -2 -6 7 8 -7 -10 -8 -3 -12 -14
right_child=2 11 3 -5 5 6 10 -9 9 -11 12 -13 13 -15
leaf_value=-0.015182123816430431 0.0017483845496785843 0.0059701143610846373 0.0011000524432343212 0.01291191429381439 0.0037383873673558334 0.0047047901019030298 -0.0091454941618842114 0.012195455107830464 -0.015637277369994276 0.00091189517430135061 -0.00026244820688451075 -0.0030421361876200744 -0.02469390019117924 -0.0037320666451069687
leaf_weight=277.59483025223017 5194.4865263849497 605.44584224745631 22700.670339021832 386.09251151606441 1347.5848180092871 218.01460608839989 772.30944508686662 118.19476144015789 945.87008089572191 209.86750173941255 7606.6595989093184 4088.6856080964208 153.83082900941372 980.92042708769441
leaf_count=1610 24756 3064 106217 2523 6457 1111 3496 696 4419 1196 33196 19097 692 4679
internal_value=4.61051e-05 -0.00264181 0.000375547 0.00130309 -0.000844831 -0.0019358 -0.00263334 -0.00806324 -0.00988179 -0.0126501 -0.00177424 -0.00186952 -0.00111328 -0.00676462
internal_weight=45606.2 4971.73 40634.5 23086.8 17547.7 12353.3 11005.7 1491.95 1373.75 1155.74 9513.72 4694.13 8741.41 1134.75
internal_count=213209 23771 189438 108740 80698 55942 49485 7422 6726 5615 42063 22161 38567 5371
is_linear=0
shrinkage=0.03


Tree=235
num_leaves=15
num_cat=0
split_feature=226 69 222 146 249 248 231 136 119 244 45 146 8 231
split_gain=46.3106 41.7223 81.5001 60.8623 64.2553 64.333 63.3533 58.3582 57.8482 70.2381 51.4989 52.1066 50.6798 47.5442
threshold=99.500000000000014 8.5000000000000018 28.500000000000004 80.500000000000014 0.04545454494655133 0.67171716690063488 48.500000000000007 31.500000000000004 51.500000000000007 0.0019773815292865042 4.5000000000000009 13.500000000000002 7.5000000000000009 88.500000000000014
decision_type=10 8 10 10 2 2 10 8 10 2 8 8 10 10
left_child=1 2 8 4 5 6 12 -6 9 -1 -11 -12 -4 -10
right_child=-2 -3 3 -5 7 -7 -8 -9 13 10 11 -13 -14 -15
leaf_value=-0.022550769795922795 -0.0077936661927747574 -0.00027936526756464297 -0.011022196509625144 -0.0036702593953996925 0.0096174039486780355 0.028666202249591436 -0.0074287962514497079 -0.0030294626134719982 0.0041069932138700785 -0.017750964413562123 0.0074069521179438835 -0.0038541996903968759 0.017163393957824697 -0.0031793282424580943
leaf_weight=156.7098198980093 655.51646385714412 35957.853794336319 57.489395797252655 448.73552824929357 731.11078670248389 209.76216404139996 145.99075026065111 582.90382082760334 3072.5294640380889 166.42025465518236 499.09559378027916 1342.2035637870431 524.65699123591185 1082.9969384111464
leaf_count=673 3125 166722 246 2244 3473 952 644 2539 15581 784 2165 5808 2220 6180
internal_value=6.22063e-05 0.000178405 0.00200145 0.00635319 0.00835795 0.0143196 0.0098543 0.00402668 0.000134764 -0.00383176 -0.00226615 -0.000778273 0.0142408 0.00220499
internal_weight=45634 44978.5 9020.61 2700.65 2251.91 937.899 728.137 1314.01 6319.96 2164.43 2007.72 1841.3 582.146 4155.53
internal_count=213356 210231 43509 12318 10074 4062 3110 6012 31191 9430 8757 7973 2466 21761
is_linear=0
shrinkage=0.03


Tree=236
num_leaves=15
num_cat=0
split_feature=245 231 228 248 248 222 51 249 77 243 4 230 231 243
split_gain=46.5359 50.9915 113.361 130.766 115.259 99.7869 86.8631 86.3019 83.5305 108.638 80.4591 79.7674 66.7019 66.7008
threshold=-0.20662932842969892 91.500000000000014 10.500000000000002 0.82323232293128978 0.6111111342906953 7.5000000000000009 4.5000000000000009 0.22727272659540179 22.500000000000004 -0.095300495624542222 40.500000000000007 11.500000000000002 96.500000000000014 -0.10134678333997725
decision_type=2 10 8 2 2 10 10 2 10 2 10 8 10 2
left_child=-1 13 3 4 -3 7 -6 -5 -8 11 12 -10 -4 -2
right_child=1 2 10 5 6 -7 8 -9 9 -11 -12 -13 -14 -15
leaf_value=0.015529769346317057 0.017581233842335151 -0.0014739534255532951 0.00076818964196705326 0.020566231909617708 -0.030144867263958111 -0.014808933092878568 0.00096529226923146793 -0.0018564014160285455 0.023531533257800517 -0.022563660344779017 -0.003689939025252215 -0.019507500160085619 0.012858167832479225 0.00043543675920439009
leaf_weight=167.33256764523685 195.27943379431963 824.45561814308167 938.97303314507008 308.7500404343009 287.81903346627951 187.37480530887842 330.9491485953331 296.82455924153328 84.942403428256512 602.61772497743368 1386.4329138323665 56.058751583099365 721.89855827391148 39209.759019430727
leaf_count=2489 1457 4120 4604 1748 1350 994 1664 1891 495 2662 6894 241 3860 178699
internal_value=0.000191515 0.000131617 -0.00243591 -0.00658673 -0.0103585 0.00381467 -0.0156851 0.00972408 -0.0115698 -0.0170874 0.00163121 0.00626154 0.00606861 0.000524845
internal_weight=45599.5 45432.1 6027.1 2979.79 2186.84 792.949 1362.39 605.575 1074.57 743.619 3047.3 141.001 1660.87 39405
internal_count=213168 210679 30523 15165 10532 4633 6412 3639 5062 3398 15358 736 8464 180156
is_linear=0
shrinkage=0.03


Tree=237
num_leaves=15
num_cat=0
split_feature=124 146 230 228 249 228 224 226 224 226 247 226 230 76
split_gain=43.1179 55.5875 59.2407 110.523 103.381 145.889 85.1668 117.306 81.4842 76.9933 76.2016 76.0173 68.1548 70.6173
threshold=6.5000000000000009 14.500000000000002 71.500000000000014 86.500000000000014 0.015151515137404205 28.500000000000004 44.500000000000007 87.500000000000014 82.500000000000014 61.500000000000007 -0.02014251239597797 55.500000000000007 60.500000000000007 40.500000000000007
decision_type=8 8 8 10 2 8 8 8 10 10 2 10 10 10
left_child=-1 -2 3 8 5 -4 7 9 12 11 -5 -6 -3 -14
right_child=1 2 4 10 6 -7 -8 -9 -10 -11 -12 -13 13 -15
leaf_value=-0.0048488126187052729 0.0035506447750987525 -0.00032950267577840705 -0.027541101300765931 -0.006305521568386218 0.0097239181131883023 0.0038524743397124121 0.0012311668613614708 -0.0013079821043231303 0.0075665111607498897 0.019221647769922606 -0.030259328882075245 -0.023694638201110708 0.00021179419058912482 -0.0092763707857274596
leaf_weight=1546.4858363196254 4107.3676749914885 25701.67134636268 241.37480765581131 391.87856959551573 244.21073324978352 278.91066387295723 7369.5035194456577 685.3841631822288 1072.2080856338143 811.87331141531467 166.87044345587492 70.754693761467934 1237.8774702772498 1631.6392683163285
leaf_count=6597 17661 121670 1033 1716 1212 1195 36098 3540 4986 3827 743 301 5308 7248
internal_value=5.8384e-05 0.000231876 -0.000110531 -0.000765709 0.00192771 -0.0109566 0.00266893 0.00847683 -0.000514197 0.0143875 -0.0138656 0.00171856 -0.000819988 -0.00519676
internal_weight=45558 44011.5 39904.2 30202.1 9702.01 520.285 9181.73 1812.22 29643.4 1126.84 558.749 314.965 28571.2 2869.52
internal_count=213135 206538 188877 141671 47206 2228 44978 8880 139212 5340 2459 1513 134226 12556
is_linear=0
shrinkage=0.03


Tree=238
num_leaves=15
num_cat=0
split_feature=245 77 249 69 193 249 76 244 245 117 70 249 248 245
split_gain=44.2757 42.6693 46.5543 46.6103 45.6111 71.0358 61.1594 55.1161 74.9938 82.9067 65.169 57.4915 58.1531 53.2226
threshold=-0.20662932842969892 1.5000000000000002 0.91414141654968273 8.5000000000000018 74.500000000000014 0.085858587175607695 91.500000000000014 0.02514077723026276 -0.047008434310555451 89.500000000000014 62.500000000000007 0.49999998509883886 0.45959596335887914 -0.07161830365657805
decision_type=2 8 2 8 8 2 10 2 2 10 10 2 2 2
left_child=-1 -2 3 -3 6 13 -5 8 9 10 11 12 -7 -6
right_child=1 2 -4 4 5 7 -8 -9 -10 -11 -12 -13 -14 -15
leaf_value=0.014823038417990292 -0.004919925430259397 0.0021035063377407015 0.012530234129196209 -0.0018845118834635779 0.0029264216518928255 0.0088598900827045798 0.003491817105310489 -0.0003958902531774312 0.00059179354812216394 0.01481821409612104 0.011455096498735539 0.017852868038982533 -0.0060834932709171834 -0.0033558532431441301
leaf_weight=172.10907641425729 1522.2518679611385 8387.3793016783893 262.68591253459454 18009.592772997916 1664.9689752832055 311.68284837156534 2120.069302983582 3443.2718684636056 2479.7561071515083 969.00833951681852 698.96326261758804 136.85106268525124 856.14064484089613 4405.8599377274513
leaf_count=2585 7317 39621 1732 80935 7986 1402 10626 17509 10926 5363 3297 623 4080 18627
internal_value=6.03138e-05 9.25086e-07 0.000173243 9.57299e-05 -0.000384557 0.000869363 -0.00131682 0.00257559 0.00444941 0.00765462 0.00413375 0.000154127 -0.00205386 -0.00163091
internal_weight=45440.6 45268.5 43746.2 43483.5 35096.2 14966.5 20129.7 8895.67 5452.4 2972.65 2003.64 1304.67 1167.82 6070.83
internal_count=212629 210044 202727 200995 161374 69813 91561 43200 25691 14765 9402 6105 5482 26613
is_linear=0
shrinkage=0.03


Tree=239
num_leaves=15
num_cat=0
split_feature=240 233 244 222 245 119 10 245 55 244 22 222 10 106
split_gain=49.5491 46.7647 70.0102 77.3423 101.171 78.6963 85.8424 63.3466 71.0334 89.2687 63.71 58.0155 101.137 61.3392
threshold=0.070917710661888136 55.500000000000007 0.0040867009665817031 2.5000000000000004 -0.064956225454807268 74.500000000000014 33.500000000000007 -0.1104091852903366 8.5000000000000018 0.0031949658878147606 8.5000000000000018 3.5000000000000004 48.500000000000007 88.500000000000014
decision_type=8 10 2 10 2 10 8 2 8 2 10 10 10 10
left_child=1 7 3 -3 5 6 -5 10 9 -9 -1 12 -4 -13
right_child=-2 2 11 4 -6 -7 -8 8 -10 -11 -12 13 -14 -15
leaf_value=-0.0013438355191364301 0.0086286445635251879 0.023198621054381988 -0.0075800214823006579 -0.01671879787729753 0.010917487600687906 0.010110186544344518 0.003846554915738605 -0.017527209813204218 -0.00040572684202137566 -0.0031941202221170742 0.011362320108254132 0.0014437999053590056 0.0088522653828959092 -0.0079956070818669733
leaf_weight=679.76457795500755 592.47201773896813 204.275863641873 1661.7188884355128 407.01142769306898 1009.8425058573484 308.47999675571918 319.52626102417707 418.30164348334074 18696.295438453555 4618.4138225018978 729.41719733178616 14833.675634849817 413.3008497916162 636.69277740269899
leaf_count=5006 3431 1079 9261 1795 4267 1675 1423 1839 84354 20696 4513 68407 2158 3103
internal_value=8.23339e-05 -3.22403e-05 0.00105817 0.00602909 0.00420935 -0.00237747 -0.00774487 -0.000890806 -0.00125849 -0.00441686 0.00526681 0.000417883 -0.00428029 0.0010504
internal_weight=45529.2 44936.7 19794.5 2249.14 2044.86 1035.02 726.538 25142.2 23733 5036.72 1409.18 17545.4 2075.02 15470.4
internal_count=213007 209576 93168 10239 9160 4893 3218 116408 106889 22535 9519 82929 11419 71510
is_linear=0
shrinkage=0.03


Tree=240
num_leaves=15
num_cat=0
split_feature=70 54 140 3 71 228 248 224 244 243 243 245 248 245
split_gain=43.5953 62.6831 63.6733 80.2833 52.426 50.4831 66.5519 61.0719 53.3373 79.7834 63.5273 63.8789 69.8443 56.1959
threshold=6.5000000000000009 95.500000000000014 31.500000000000004 6.5000000000000009 31.500000000000004 5.5000000000000009 0.85353535413742077 16.500000000000004 0.011018817313015463 -0.035463457927107804 -0.087225511670112596 -0.07161830365657805 0.71212121844291698 -0.14675468206405637
decision_type=8 10 8 10 10 10 2 10 2 2 2 2 2 2
left_child=1 2 4 -4 5 6 7 -1 9 -7 -10 13 -13 -12
right_child=-2 -3 3 -5 -6 8 -8 -9 10 -11 11 12 -14 -15
leaf_value=-0.010711222502419928 -0.00046115106376490886 0.010237939168956753 -0.0035683056564994472 0.010008035285654159 -0.0078751425789416896 0.0087221282043248825 0.010444072958237207 0.017883661105659383 -0.023170782571801853 -0.0092068085357243385 -0.013118413882947745 0.0065706925508847254 -0.020645158049597989 0.020983368376421712
leaf_weight=784.82693462818861 38894.606915004551 756.78021183609962 563.99224505200982 1244.5927692316473 787.05238377302885 356.36279818415642 201.98043803311884 64.440820559859276 50.010691773146391 563.38441722840071 41.873693846166134 714.11306846886873 86.331584274768829 402.83162442967296
leaf_count=4003 180672 3840 3211 6017 3500 1642 1322 321 290 2401 226 3165 366 2029
internal_value=-7.80022e-05 0.0021709 0.00111376 0.00577802 -0.000976589 0.000704733 -0.00468161 -0.00835862 0.00327077 -0.00224101 0.0071721 0.0085657 0.00341682 0.0175544
internal_weight=45513.2 6618.57 5861.79 1808.59 4053.21 3266.16 1051.25 849.268 2214.91 919.747 1295.16 1245.15 800.445 444.705
internal_count=213005 32333 28493 9228 19265 15765 5646 4324 10119 4043 6076 5786 3531 2255
is_linear=0
shrinkage=0.03


Tree=241
num_leaves=15
num_cat=0
split_feature=76 193 120 245 125 120 245 108 245 193 76 174 193 246
split_gain=40.9115 63.9009 76.5124 49.5092 73.8013 71.5809 44.9427 53.8789 49.3969 42.6691 42.4451 41.7544 71.7796 39.5643
threshold=94.500000000000014 74.500000000000014 98.500000000000014 -0.072169277817010866 7.5000000000000009 48.500000000000007 -0.1079621985554695 10.500000000000002 -0.054012347012758248 52.500000000000007 70.500000000000014 60.500000000000007 96.500000000000014 0.012955126352608206
decision_type=10 10 10 2 10 8 2 10 2 10 10 10 10 2
left_child=1 13 6 5 -5 -2 -3 11 -9 -6 -4 12 -8 -1
right_child=3 2 10 4 9 -7 7 8 -10 -11 -12 -13 -14 -15
leaf_value=0.0011118095112176035 0.017616696719428927 0.010407238303501281 0.011968590642256648 -0.011604118067422623 0.0060766807140285794 0.0032464604998831523 -0.001359713218895054 0.0054867475100148907 -0.00027523132525782108 -0.0039211467400699874 -0.0008899946818638814 0.0025137076730569374 -0.013727992140314253 -0.0014359547002041966
leaf_weight=7025.293305426836 411.41314785927534 413.86436495557427 933.81539409980178 390.52576702088118 1125.742338038981 1226.367541257292 1260.5713571310043 2262.4134003296494 3257.9712358042598 572.24597532302141 304.17826974764466 833.37328274548054 626.99846688657999 24918.782761249691
leaf_count=30976 1994 2400 5141 1703 5354 8366 5458 10333 14143 2795 1701 3829 2830 116176
internal_value=4.55948e-05 -0.000222966 0.00188264 0.00305341 -1.39511e-05 0.00694129 0.000880262 0.000389802 0.00209185 0.00270404 0.00882739 -0.0030584 -0.00551881 -0.000875466
internal_weight=45563.6 41837.3 9893.19 3726.29 2088.51 1637.78 8655.19 8241.33 5520.38 1697.99 1237.99 2720.94 1887.57 31944.1
internal_count=213199 192987 45835 20212 9852 10360 38993 36593 24476 8149 6842 12117 8288 147152
is_linear=0
shrinkage=0.03


Tree=242
num_leaves=15
num_cat=0
split_feature=171 228 244 224 246 248 246 46 244 229 249 178 228 215
split_gain=38.383 77.449 56.7628 81.1537 83.9874 83.2013 120.951 55.8669 53.4795 68.4832 66.1903 64.0065 60.3854 51.711
threshold=28.500000000000004 1.0000000180025095e-35 0.0044190005864948043 9.5000000000000018 0.020492969080805782 0.60101011395454418 0.0089605492539703863 16.500000000000004 0.0029695603298023347 25.500000000000004 1.0000000180025095e-35 31.500000000000004 13.500000000000002 70.500000000000014
decision_type=8 8 2 8 2 2 2 10 2 8 2 8 8 10
left_child=13 -2 3 4 -3 -5 8 -8 9 11 -11 -7 -10 -1
right_child=1 2 -4 5 -6 6 7 -9 12 10 -12 -13 -14 -15
leaf_value=-0.00059049120361035347 0.01194834293628548 0.025402993858587981 -8.2012223207325263e-05 0.0070607054307325031 -0.013479896385032811 -0.015837924210585424 -0.018338535733880709 0.015171913849829176 -0.023683779288315578 0.0014669112890111312 -0.034575569475181422 0.014058594365346211 0.013639006550130301 -0.005753771852268344
leaf_weight=17353.082606621087 525.24580901488662 261.94485101476312 22753.995259445161 1497.7642479985952 54.585721530020237 161.07661777734756 43.770212769508362 295.36410760879517 44.716240420937538 57.80030369758606 198.12929157912731 94.023127071559429 126.77251249551773 1931.4276187662035
leaf_count=81935 3143 1248 106334 6419 264 721 204 1398 197 249 846 413 592 8490
internal_value=-9.55476e-05 0.000653947 0.000417547 0.00441193 0.0184902 0.00257708 -0.00400073 0.0104455 -0.0112261 -0.0160141 -0.0266865 -0.00470419 0.00313823 -0.00111033
internal_weight=45399.7 26115.2 25589.9 2835.95 316.531 2519.42 1021.65 339.134 682.518 511.029 255.93 255.1 171.489 19284.5
internal_count=212453 122028 118885 12551 1512 11039 4620 1602 3018 2229 1095 1134 789 90425
is_linear=0
shrinkage=0.03


Tree=243
num_leaves=15
num_cat=0
split_feature=171 228 231 230 230 228 248 4 224 176 148 98 231 248
split_gain=44.0031 73.8063 70.4763 84.975 108.768 83.227 77.6521 70.7036 65.8847 86.8348 83.7887 97.1903 94.0968 108.863
threshold=28.500000000000004 1.0000000180025095e-35 26.500000000000004 27.500000000000004 74.500000000000014 41.500000000000007 0.43939393758773809 10.500000000000002 76.500000000000014 1.5000000000000002 12.500000000000002 41.500000000000007 71.500000000000014 0.59090909361839306
decision_type=10 8 10 8 10 10 2 10 8 10 8 10 10 2
left_child=-1 -2 3 6 -5 -6 -3 -8 9 -4 -11 12 -12 -14
right_child=1 2 8 4 5 -7 7 -9 -10 10 11 -13 13 -15
leaf_value=-0.0011009798966169799 0.011894195455670022 0.0025908837796661428 0.0090788577730495212 -0.0014036788450259349 0.021426601362747055 0.0044993924663861351 0.0010082602181088146 0.023913325359713918 0.0027812145897731515 -0.0068858996124078892 -0.005167560900590994 0.0032632640252427871 -0.0042554301335188888 0.0077683875309351351
leaf_weight=19850.000159263611 516.740847337991 590.28181777894497 673.25478843227029 3439.2380321100354 323.64947759360075 1247.6658471152186 166.28960030525923 447.41708574444056 4540.466177906841 2458.0380391553044 4918.2205928042531 3616.805210031569 1337.2044413872063 1354.6040876507759
leaf_count=93994 3118 2548 3877 14892 1458 5663 790 2043 21544 11282 21590 17272 6149 6582
internal_value=-4.09395e-05 0.000780157 0.000546825 0.0033155 0.00158669 0.0080994 0.0104378 0.0178227 -0.000364886 -0.00136102 -0.00188089 -0.000779919 -0.00270328 0.0018017
internal_weight=45479.9 25629.9 25113.1 6214.54 5010.55 1571.32 1203.99 613.707 18898.6 14358.1 13684.9 11226.8 7610.03 2691.81
internal_count=212802 118808 115690 27394 22013 7121 5381 2833 88296 66752 62875 51593 34321 12731
is_linear=0
shrinkage=0.03


Tree=244
num_leaves=15
num_cat=0
split_feature=242 151 231 244 165 231 120 230 249 231 222 244 231 231
split_gain=47.8393 45.2992 61.6603 52.2905 50.7559 54.4874 78.2083 75.8468 166.612 145.819 141.049 122.45 94.716 90.2034
threshold=0.010350507684051992 3.5000000000000004 84.500000000000014 0.0017731969710439446 17.500000000000004 91.500000000000014 98.500000000000014 43.500000000000007 0.015151515137404205 77.500000000000014 11.500000000000002 0.060558125376701362 88.500000000000014 47.500000000000007
decision_type=8 8 8 2 8 10 10 10 2 10 10 2 10 8
left_child=-1 2 -2 -4 -3 6 7 8 12 10 -9 13 -6 -10
right_child=1 4 3 -5 5 -7 -8 9 11 -11 -12 -13 -14 -15
leaf_value=-0.010374994896526898 -0.0048976214468329201 -0.0020769387296282432 0.029478151315277094 0.0022945622581779616 0.011301942089180464 -0.0022841294509507869 0.0072623377764105355 -0.011605368672817369 0.0032169554548965433 0.007922851314249111 -0.0008340924858552776 0.014956251911989578 -0.026241813171815929 -0.0018646025679422589
leaf_weight=391.3965794891119 3045.6677691675723 6708.8515560291708 62.794333659112453 527.32039263471961 2001.5214638598263 4553.0198339484632 1809.928116844967 1213.3487344160676 5748.6956991776824 1506.1217923052609 10380.722989629954 535.79195426404476 53.134098805487156 6914.4419884905219
leaf_count=1708 13642 30451 361 2845 8849 24437 10406 5239 25916 7086 45207 3487 237 32852
internal_value=-6.39913e-05 2.78507e-05 -0.00317812 0.00563019 0.000309927 0.000771644 0.0012335 0.000846229 0.00228351 -0.00082777 -0.00197036 0.00104302 0.0102086 0.000442995
internal_weight=45452.8 45061.4 3635.78 590.115 41425.6 34716.7 30163.7 28353.8 15253.6 13100.2 11594.1 13198.9 2054.66 12663.1
internal_count=212723 211015 16848 3206 194167 163716 139279 128873 71341 57532 50446 62255 9086 58768
is_linear=0
shrinkage=0.03


Tree=245
num_leaves=15
num_cat=0
split_feature=189 76 226 80 245 141 246 245 246 226 226 226 119 229
split_gain=41.24 61.0494 59.1174 146.334 140.566 72.2457 64.4762 82.7299 78.6114 61.6054 62.7488 60.7076 66.4003 88.1324
threshold=46.500000000000007 87.500000000000014 43.500000000000007 17.500000000000004 -0.068607170134782777 73.500000000000014 0.061971586197614677 -0.060327295213937752 0.14452666044235232 50.500000000000007 59.500000000000007 4.5000000000000009 97.500000000000014 30.500000000000004
decision_type=8 10 10 10 2 10 2 2 2 10 10 8 10 10
left_child=2 -2 11 4 -4 9 7 -7 -8 -5 -11 -1 -13 -14
right_child=1 -3 3 5 -6 6 8 -9 -10 10 -12 12 13 -15
leaf_value=0.0020836360516159722 0.00029591427331557459 0.004596022503470504 0.013720193449821299 0.0051111529110118232 0.00072912267220448903 0.01213661595091485 -0.010398918217121942 0.00019076482118455569 0.020037463865546331 -0.01126149374336774 -0.0027389043834959528 -0.0043531476276143146 0.0076692148534057945 -0.017635963867998952
leaf_weight=2194.4440362155437 18818.920790877193 3518.9470210690051 1301.7368306927383 707.84783619642258 1751.9982935935259 880.47179045528173 509.18838185071945 1260.8836252838373 80.071146614849567 938.12443619966507 4388.7135061994195 8109.856265000999 826.05816778168082 135.74485845863819
leaf_count=11822 88102 18993 6219 2982 7537 4561 2481 5567 639 3960 18989 35648 4523 629
internal_value=5.6355e-05 0.000975076 -0.000832664 0.000649387 0.00629362 -0.00132193 0.00272039 0.00513618 -0.00599774 -0.00315251 -0.00425813 -0.00238665 -0.00346912 0.00395302
internal_weight=45423 22337.9 23085.1 11819 3053.74 8765.3 2730.61 2141.36 589.26 6034.69 5326.84 11266.1 9071.66 961.803
internal_count=212652 107095 105557 52935 13756 39179 13248 10128 3120 25931 22949 52622 40800 5152
is_linear=0
shrinkage=0.03


Tree=246
num_leaves=15
num_cat=0
split_feature=76 193 245 230 242 246 245 10 78 246 242 246 246 228
split_gain=61.1295 72.6091 74.7969 82.1137 80.4433 72.3705 94.9772 70.0934 68.08 67.2793 66.8082 61.0113 60.1844 57.7059
threshold=86.500000000000014 72.500000000000014 -0.1079621985554695 71.500000000000014 0.019343570806086067 0.017240092158317569 -0.058304077014327042 63.500000000000007 1.5000000000000002 0.025265844538807872 0.02308239042758942 0.15297552943229678 0.059104340150952346 93.500000000000014
decision_type=10 8 2 10 8 2 2 10 10 2 8 2 2 10
left_child=1 11 8 4 9 7 12 -5 -3 -4 -2 13 -7 -1
right_child=10 2 3 5 -6 6 -8 -9 -10 -11 -12 -13 -14 -15
leaf_value=-0.0012629623992422203 -4.5468321191147245e-07 -0.0097069733821205928 -0.0017299554932002086 0.006810072620585722 0.00052322231257855793 0.018323099919930756 0.0030701987659784266 -0.0066381754177541226 0.012704268266073132 -0.011211166533728672 0.0057374613598766893 -0.0145729191886725 -0.0010295900953692591 -0.011321294449532187
leaf_weight=20350.979434266686 4342.3186248205602 136.97996360808611 1789.4283168464899 534.37103409320116 8144.5424043312669 710.09540973603725 2513.4042993560433 962.3734085932374 770.07797499373555 1074.6224443167448 3141.846834147349 317.38214600086212 179.68505985289812 516.86332459747791
leaf_count=91886 20973 1118 7461 2295 37095 3894 11309 4216 4967 4527 18147 1884 1069 2253
internal_value=-6.35883e-05 -0.000551805 0.000919806 0.00043928 -0.000998873 0.00366581 0.00607832 -0.00182352 0.00925088 -0.00531404 0.00241276 -0.00171977 0.0144469 -0.00151739
internal_weight=45485 38000.8 16815.6 15908.5 11008.6 4899.93 3403.18 1496.74 907.058 2864.05 7484.17 21185.2 889.78 20867.8
internal_count=213094 173974 77951 71866 49083 22783 16272 6511 6085 11988 39120 96023 4963 94139
is_linear=0
shrinkage=0.03


Tree=247
num_leaves=15
num_cat=0
split_feature=233 224 55 123 244 59 231 56 137 120 178 139 10 231
split_gain=43.4855 80.2219 104.075 89.7883 79.5575 71.5247 68.2277 65.8433 125.034 145.663 99.5917 70.6902 80.6388 66.8903
threshold=53.500000000000007 6.5000000000000009 17.500000000000004 6.5000000000000009 0.029594470746815208 2.5000000000000004 89.500000000000014 39.500000000000007 89.500000000000014 77.500000000000014 11.500000000000002 40.500000000000007 32.500000000000007 64.500000000000014
decision_type=10 10 10 10 2 10 10 8 10 10 8 8 8 10
left_child=-1 2 5 -4 -5 -2 -7 8 9 -3 -9 -12 -13 -10
right_child=1 7 3 4 -6 6 -8 10 13 -11 11 12 -14 -15
leaf_value=-0.00095387388096626288 0.0095347035225712123 0.0017021320780166314 -0.028213722469651474 -0.00037869081968421476 -0.017684071953484225 0.0028803725127686808 -0.0097310627604353106 -0.0067739260424147137 0.015308044607331142 0.010413091657982156 0.0058294348716070275 -0.0070857990758340823 0.0017008427643326494 -0.022163783088514633
leaf_weight=24808.053452976048 585.65132373571396 5897.6944717690349 198.78938326612115 673.86001747474074 360.95596265047789 868.19914043694735 680.39871291816235 1628.3238038644195 44.583177946507931 2436.5113052800298 2237.7308232784271 1265.1134659871459 3567.8160696998239 233.90080414712429
leaf_count=115420 4387 25907 949 3486 1841 4481 3678 7460 209 12695 10176 5436 15755 1194
internal_value=-0.00010717 0.000908543 -0.00332138 -0.0102201 -0.00652649 0.000695155 -0.00268753 0.00173288 0.00359067 0.00425822 -0.000108483 0.00143392 -0.000609114 -0.0158421
internal_weight=45487.6 20679.5 3367.85 1233.61 1034.82 2134.25 1548.6 17311.7 8612.69 8334.21 8698.98 7070.66 4832.93 278.484
internal_count=213074 97654 18822 6276 5327 12546 8159 78832 40005 38602 38827 31367 21191 1403
is_linear=0
shrinkage=0.03


Tree=248
num_leaves=15
num_cat=0
split_feature=240 245 246 77 245 224 120 243 224 231 249 224 231 243
split_gain=46.4352 40.064 63.1884 39.7568 44.6381 72.5638 69.1549 67.8979 62.919 168.514 134.874 77.9452 75.0877 137.387
threshold=0.082284025847911849 -0.20662932842969892 0.28148111701011663 1.5000000000000002 -0.044033477082848542 98.500000000000014 15.500000000000002 -0.032229134812951081 82.500000000000014 51.500000000000007 0.62121212482452404 83.500000000000014 26.500000000000004 -0.010593852028250693
decision_type=8 2 2 8 2 10 8 2 10 10 2 10 10 2
left_child=1 -1 3 -3 5 8 -6 -7 12 11 -11 -10 13 -5
right_child=-2 2 -4 4 6 7 -8 -9 9 10 -12 -13 -14 -15
leaf_value=0.014473445193687661 0.0096916846603282581 -0.0050626953316068634 -0.021365890062932803 0.0040730167861208937 0.0035540293530729578 0.0016781088235506998 -0.002431709401835899 -0.027113678515571161 0.024558408639918199 0.013412479103396472 -0.0237090567300123 -0.0070746068564126628 -0.00050072023138416852 -0.014618206463393985
leaf_weight=158.78370263800025 428.74717893078923 1402.9887549877167 116.22989035397768 6650.1232372522354 2069.2090633139014 132.69295071810484 10569.836673446 152.81258796155453 66.324111521244049 1499.0654151402414 84.587295942008495 883.51021860167384 20947.919495705515 364.09397243708372
leaf_count=2407 2528 6689 592 30470 8757 706 46036 762 316 7855 463 3935 99994 1656
internal_value=-2.09264e-05 -0.000115392 -0.000170147 -0.000110431 5.07146e-05 0.000667077 -0.00144972 -0.0141283 0.00081018 0.00532769 0.0112934 -0.00463292 0.000399117 0.00308336
internal_weight=45526.9 45098.2 44939.4 44823.2 43420.2 30781.1 12639 285.506 30495.6 2533.49 1583.65 949.834 27962.1 7014.22
internal_count=213166 210638 208231 207639 200950 146157 54793 1468 144689 12569 8318 4251 132120 32126
is_linear=0
shrinkage=0.03


Tree=249
num_leaves=15
num_cat=0
split_feature=69 243 248 231 67 248 137 243 231 231 76 231 120 231
split_gain=51.2778 44.7612 69.4508 76.1237 59.6089 67.7339 72.2337 66.6194 93.7565 75.6107 60.1749 85.2862 59.2045 68.7292
threshold=7.5000000000000009 -0.008629474323242901 0.4797979891300202 27.500000000000004 22.500000000000004 0.71212121844291698 94.500000000000014 -0.065610893070697771 27.500000000000004 83.500000000000014 86.500000000000014 52.500000000000007 75.500000000000014 68.500000000000014
decision_type=8 2 2 8 8 2 10 2 10 10 10 10 8 10
left_child=-1 4 -3 -4 5 6 12 8 -7 -10 -9 -12 13 -2
right_child=1 2 3 -5 -6 7 -8 10 9 -11 11 -13 -14 -15
leaf_value=0.0020604774715551714 -8.3493539251446795e-05 -0.0025451071800188106 -0.044921207476020783 -0.0083352505345851147 0.00070912050667086828 -0.038857689928539864 -0.018072014847295596 -0.009099714787049502 0.024226210790328138 0.00013407523189881522 0.01069577617816307 -0.007827116829937756 0.0033174958124428159 -0.0090443878405340496
leaf_weight=8303.3249636106193 3512.6894727349281 3203.5502820909023 62.117308065295219 199.00122106820345 22037.39330612123 32.372025325894356 190.76602287963033 2498.8898676112294 158.85044999420643 383.93152857013047 375.6035159304738 522.89380336180329 3132.4796801768243 976.79663693904877
leaf_count=40183 15317 14020 254 928 101540 146 1034 11398 867 2711 1829 2769 16157 4353
internal_value=-7.01511e-05 -0.000545035 -0.00378756 -0.0183745 -0.000211862 -0.00193316 -0.000309633 -0.00511732 0.00426716 0.00749558 -0.00671391 -5.1396e-05 0.000158029 -0.00204892
internal_weight=45590.7 37287.3 3464.67 261.119 33822.7 11785.3 7812.73 3972.54 575.154 542.782 3397.39 898.497 7621.97 4489.49
internal_count=213506 173323 15202 1182 158121 56581 36861 19720 3724 3578 15996 4598 35827 19670
is_linear=0
shrinkage=0.03


Tree=250
num_leaves=15
num_cat=0
split_feature=194 13 47 238 228 231 224 224 47 186 47 68 231 231
split_gain=41.5782 47.158 46.8209 45.2285 64.7069 111.588 54.1424 86.1256 71.0622 53.6876 55.8631 63.7818 47.2973 49.9523
threshold=30.500000000000004 6.5000000000000009 50.500000000000007 -0.11840806901454924 4.5000000000000009 29.500000000000004 32.500000000000007 43.500000000000007 46.500000000000007 15.500000000000002 46.500000000000007 11.500000000000002 50.500000000000007 89.500000000000014
decision_type=8 8 8 10 8 10 8 8 8 10 10 10 10 10
left_child=-1 2 -2 -3 5 -5 9 8 -8 -6 11 -11 -7 -14
right_child=1 3 -4 4 6 12 7 -9 -10 10 -12 -13 13 -15
leaf_value=0.0014840488955103206 -0.0066459269426381463 0.0018880206454257279 -0.00043254681841712033 0.018443774494129133 -0.0060910074886471564 -0.02790458015775717 -0.012418481190336299 -0.00025168721436265041 -0.0019114610530086057 -0.0017505907188720686 2.1295220560898381e-05 0.010404718594205704 -0.0010981254998221042 -0.018490510255393659
leaf_weight=14471.474967950955 2045.4323623254895 8054.4773126486689 2330.6755232401192 108.1405506581068 568.82280335575342 145.72999031096697 1034.0313933491707 10925.009108483791 1311.3982850983739 524.03313271701336 1898.2675328105688 1464.0749590173364 329.47557137161493 262.79291721433401
leaf_count=68662 10590 40640 11481 485 2448 622 4387 48420 5707 2308 8222 6456 1455 1138
internal_value=0.000156872 -0.000462915 -0.00334527 1.18863e-05 -0.000802361 -0.00885778 -0.000413056 -0.0013737 -0.00657676 0.00244502 0.0037068 0.00720805 -0.0130514 -0.00899411
internal_weight=45473.8 31002.4 4376.11 26626.3 18571.8 846.139 17725.6 13270.4 2345.43 4455.2 3886.38 1988.11 737.998 592.268
internal_count=213021 144359 22071 122288 81648 3700 77948 58514 10094 19434 16986 8764 3215 2593
is_linear=0
shrinkage=0.03


Tree=251
num_leaves=15
num_cat=0
split_feature=234 141 242 31 245 108 242 229 244 194 110 119 138 245
split_gain=40.8853 41.7925 36.8526 36.4035 56.4145 50.6632 55.4718 56.5595 49.9207 47.5011 39.9735 52.2765 39.6 36.6645
threshold=84.500000000000014 1.5000000000000002 0.010350507684051992 66.500000000000014 -0.044033477082848542 15.500000000000002 0.041716579347848899 89.500000000000014 0.01611061301082373 20.500000000000004 6.5000000000000009 99.500000000000014 94.500000000000014 -0.046773988753557198
decision_type=10 8 8 8 2 8 8 10 2 8 10 10 8 2
left_child=1 -1 -3 4 5 6 7 9 -9 -4 -7 12 13 -12
right_child=-2 2 3 -5 -6 10 -8 8 -10 -11 11 -13 -14 -15
leaf_value=0.0097106848347996572 0.0026628012554711041 -0.010052743691271919 0.0019257128265178463 -0.0022399861991123974 -0.0018916793123567891 0.010156853102787442 0.009523927848908216 0.022368823847961194 0.0018939950580406191 -0.0024769170369472598 0.001957942841939485 -0.012999512656100836 -0.0089656789891301679 0.0084494403604194451
leaf_weight=359.97065003216267 4568.5694960355759 344.20939034968615 2999.7126673515886 7350.0046163909137 9234.1418382897973 546.60051015391946 470.17809119261801 159.2131150662899 298.01087975129485 8257.2324205301702 9519.3285369127989 197.88129973039031 269.02736480534077 844.92799147963524
leaf_count=1582 22710 1499 14839 35243 39670 2868 3196 939 1657 38583 43995 1128 1360 3637
internal_value=-2.55008e-05 -0.000326729 -0.00041834 -0.000333253 9.46198e-05 0.000873535 -0.00047069 -0.000879631 0.00934984 -0.00130305 0.0023122 0.00190732 0.00219668 0.00249479
internal_weight=45419 40850.4 40490.5 40146.3 32796.3 23562.1 12184.3 11714.2 457.224 11256.9 11377.8 10831.2 10633.3 10364.3
internal_count=212906 190196 188614 187115 151872 112202 59214 56018 2596 53422 52988 50120 48992 47632
is_linear=0
shrinkage=0.03


Tree=252
num_leaves=15
num_cat=0
split_feature=171 80 29 225 233 110 238 231 231 62 120 231 248 231
split_gain=40.6822 71.335 89.1119 78.3239 63.3352 61.1481 58.5879 67.3335 57.5326 57.1586 59.5203 68.6753 92.3462 118.988
threshold=28.500000000000004 10.500000000000002 10.500000000000002 74.500000000000014 92.500000000000014 10.500000000000002 -0.074911937117576585 92.500000000000014 42.500000000000007 21.500000000000004 20.500000000000004 70.500000000000014 0.59090909361839306 92.500000000000014
decision_type=8 8 8 10 10 10 10 10 10 8 8 8 2 8
left_child=4 5 3 -3 -1 -2 7 8 -6 -4 -11 -12 -13 -14
right_child=1 2 9 -5 6 -7 -8 -9 -10 10 11 12 13 -15
leaf_value=-0.0018206523306069171 0.0096114408476157247 -0.0029106449908842457 0.005682321586227018 -0.017869257588943307 -0.00010536075741840203 0.0013838813936550894 -0.0076850378649180673 -0.0060833027067528208 0.01083024657292358 0.0032403368540152005 -0.0024083789612594341 -0.00095531150192792135 0.014367254342737109 -0.0014639890829964402
leaf_weight=16604.150567065924 1372.4301100745797 2731.4796862825751 1957.3285874947906 347.1631153896451 647.9972029030323 1983.5236778445542 380.37202181667089 408.84629474580288 1293.7353615388274 4565.6120902523398 8230.7337943427265 3208.7229059301317 991.38119499385357 742.32870474085212
leaf_count=77278 7556 12785 8889 1593 2900 9879 1610 2386 6538 19939 36791 15741 4958 4224
internal_value=-8.11944e-05 0.000690638 8.81207e-05 -0.00464985 -0.00112412 0.00476713 0.00310201 0.00487274 0.00719896 0.000830683 0.000292444 -0.000730932 0.00206178 0.00761921
internal_weight=45465.8 26130.7 22774.8 3078.64 19335.1 3355.95 2730.95 2350.58 1941.73 19696.1 17738.8 13173.2 4942.43 1733.71
internal_count=213067 122355 104920 14378 90712 17435 13434 11824 9438 90542 81653 61714 24923 9182
is_linear=0
shrinkage=0.03


Tree=253
num_leaves=15
num_cat=0
split_feature=184 228 226 246 76 233 138 230 230 246 226 226 193 29
split_gain=41.735 52.5366 51.1418 77.3276 70.3821 59.8792 48.1104 79.0215 68.7861 59.9127 52.5702 51.864 74.1085 72.3242
threshold=73.500000000000014 13.500000000000002 9.5000000000000018 0.089071817696094527 89.500000000000014 39.500000000000007 80.500000000000014 80.500000000000014 78.500000000000014 0.025440804660320285 99.500000000000014 66.500000000000014 56.500000000000007 1.0000000180025095e-35
decision_type=10 10 10 2 8 10 8 8 10 2 10 10 8 10
left_child=6 2 3 -2 5 -5 7 8 -1 -10 11 13 -13 -9
right_child=1 -3 -4 4 -6 -7 -8 10 9 -11 -12 12 -14 -15
leaf_value=-0.00038909347806880722 0.0048309474460834492 0.0029982604716588149 -0.0071060833539493429 0.011062235566874357 0.0094777027468449446 -0.030721622462887361 -0.0033047832272001276 0.013317922067666526 -0.020183598829798342 0.0023180248651339299 -0.0075223876902053999 -0.0010139829345546074 0.0089769609543311809 -0.01198684400218461
leaf_weight=26368.71661872603 1200.2610789164901 7628.9913271702826 1028.3020955808461 32.904555846005678 81.540771204978228 147.70334927365184 4525.5151901915669 136.02292234823108 285.12876151502132 163.66082522273064 326.01235345378518 923.83600437641144 2386.9206173717976 327.83848157525063
leaf_count=119954 6895 36036 5078 209 723 899 22050 767 1191 760 1592 4127 11791 1430
internal_value=6.58326e-05 0.00176406 -0.00201312 0.00159196 -0.0128705 -0.0229281 -0.000419399 3.86902e-06 -0.000589619 -0.0121062 0.00387718 0.00487903 0.00619442 -0.00444201
internal_weight=45563.4 10119.7 2490.71 1462.41 262.149 180.608 35443.7 30918.1 26817.5 448.79 4100.63 3774.62 3310.76 463.861
internal_count=213502 49840 13804 8726 1831 1108 163662 141612 121905 1951 19707 18115 15918 2197
is_linear=0
shrinkage=0.03


Tree=254
num_leaves=15
num_cat=0
split_feature=224 229 122 243 22 229 52 229 139 120 121 232 243 243
split_gain=38.9108 99.6932 95.9715 87.4145 81.0896 78.3411 71.7506 76.556 72.0676 142.154 80.6645 76.6942 69.9388 72.8413
threshold=32.500000000000007 21.500000000000004 34.500000000000007 -0.034111145883798592 2.5000000000000004 19.500000000000004 7.5000000000000009 58.500000000000007 50.500000000000007 19.500000000000004 61.500000000000007 87.500000000000014 -0.042854161933064454 -0.063585903495550142
decision_type=10 10 8 2 8 8 10 10 10 8 10 10 2 2
left_child=2 3 4 12 -1 -5 7 -3 11 -10 -11 -8 13 -2
right_child=1 6 -4 5 -6 -7 8 -9 9 10 -12 -13 -14 -15
leaf_value=-0.0036319809737987542 0.008589730012986279 -0.010369052853095329 -3.0173777578544912e-05 -0.0076458162440352561 0.0069784682324884433 -0.025153323551556115 0.0012862697419001514 0.0044804332794549321 0.003050715235401773 -0.0078147722120783161 -0.0013427756697520735 0.0096643802789202499 0.011609218103934907 -0.012500677839822271
leaf_weight=790.17826893366873 211.61350674927235 1138.7162650451064 16905.219976721331 935.21105501055717 3466.5904415920377 302.33479692786932 7580.4354673177004 422.64636376872659 4394.2683745920658 2753.0255688428879 4664.413318477571 1120.7784267738461 304.74580302089453 436.23338668048382
leaf_count=4178 1414 5036 82892 4119 15779 1336 35165 1989 19128 11699 21359 5228 1510 2115
internal_value=4.46083e-05 -0.000775211 0.000984539 -0.00686495 0.00500497 -0.0120903 -0.000168173 -0.0063465 0.000304961 -0.00122088 -0.00375218 0.00237529 -2.14701e-05 -0.00558583
internal_weight=45426.4 24264.4 21162 2190.14 4256.77 1237.55 22074.3 1561.36 20512.9 11811.7 7417.44 8701.21 952.593 647.847
internal_count=212947 110098 102849 10494 19957 5455 99604 7025 92579 52186 33058 40393 5039 3529
is_linear=0
shrinkage=0.03


Tree=255
num_leaves=15
num_cat=0
split_feature=189 120 76 76 137 149 243 80 177 65 118 123 0 75
split_gain=39.3848 59.7818 53.3179 51.4047 49.6344 45.2815 43.4383 52.1657 49.5075 48.7334 40.2491 40.1357 40.3916 40.1008
threshold=46.500000000000007 98.500000000000014 25.500000000000004 86.500000000000014 90.500000000000014 71.500000000000014 -0.011430094484239815 10.500000000000002 8.5000000000000018 88.500000000000014 97.500000000000014 3.5000000000000004 29.500000000000004 33.500000000000007
decision_type=8 10 10 10 8 10 2 10 10 10 10 10 10 10
left_child=1 4 -3 -2 6 -6 8 -8 9 -1 -11 -10 13 -13
right_child=3 2 -4 -5 5 -7 7 -9 11 10 -12 12 -14 -15
leaf_value=-0.0057713700276249419 0.00027199963951273978 0.011615122029402477 0.0010600880315741262 0.0041245345389438462 -0.011519375931342547 0.0020737030800672815 0.004309563635618293 -0.007216257923193397 -0.0037302618864371037 -0.00026545095407976731 0.018265177876918195 -0.00037445881529191936 -0.00052276135228708324 0.0051293758500103002
leaf_weight=2645.6844687499106 18603.408642385155 572.35808096453547 1663.3917566761374 3734.9408713448793 758.28574296832085 305.55701687559485 432.99220304936171 1783.6902565956116 1879.1052507311106 1050.4878645054996 107.23503636568785 1931.8148984909058 6840.6341053545475 3093.2355161607265
leaf_count=12295 87050 3008 9909 20186 3627 1602 1875 7575 8221 5033 681 8475 29666 13612
internal_value=2.00814e-05 -0.000849295 0.00380189 0.000917695 -0.00135014 -0.00763222 -0.00100832 -0.00495564 -0.000507153 -0.00353152 0.00159268 0.000331697 0.000977568 0.00301696
internal_weight=45402.8 23064.5 2235.75 22338.3 20828.7 1063.84 19764.9 2216.68 17548.2 3803.41 1157.72 13744.8 11865.7 5025.05
internal_count=212815 105579 12917 107236 92662 5229 87433 9450 77983 18009 5714 59974 51753 22087
is_linear=0
shrinkage=0.03


Tree=256
num_leaves=15
num_cat=0
split_feature=194 226 249 243 140 243 242 246 118 250 243 226 117 246
split_gain=40.2989 43.2658 42.2645 46.9167 88.6856 70.5839 54.6124 51.3745 46.0285 40.3496 49.1568 40.5931 39.7587 39.3085
threshold=29.500000000000004 2.5000000000000004 0.65151515603065502 -0.04779649339616298 88.500000000000014 -0.091982115060091005 0.022658303380012516 0.013151458464562895 97.500000000000014 0.00010001500049838798 -0.028063289821147915 43.500000000000007 33.500000000000007 0.067275408655405058
decision_type=8 10 2 2 8 2 10 2 10 2 2 8 10 2
left_child=1 2 3 5 8 13 7 -7 12 -2 11 -11 -5 -1
right_child=9 -3 -4 4 -6 6 -8 -9 -10 10 -12 -13 -14 -15
leaf_value=0.023207632681773768 -0.00082267888870059551 0.0008369350014861296 0.016617599711760859 -0.0045230601261927149 -0.020788379737303176 0.011244246376148312 0.004738572279401043 -0.020951461496617276 -0.010973907799593724 0.00094113877983697288 -0.00021092144915597482 0.013349324449247574 0.018806794347118294 -0.010953476474215912
leaf_weight=115.59048671461642 28699.66622136347 12505.137886416167 273.26857054233551 72.116861656308174 69.873576998710632 47.359410673379898 190.36705568432808 246.20549492910504 57.994809225201607 399.71820618584752 1549.9717208817601 579.80394851416349 473.23199448734522 33.331101648509502
leaf_count=1039 132840 57596 1845 339 332 247 1253 1205 303 2004 7411 3303 2465 365
internal_value=9.86108e-05 0.00143022 0.00609299 0.00378139 0.00923574 -0.00207424 -0.00763964 -0.0155582 0.0129951 -0.000502215 0.00312269 0.00834654 0.0156958 0.0153537
internal_weight=45313.6 14084.5 1579.34 1306.07 673.217 632.854 483.932 293.565 603.344 31229.2 2529.49 979.522 545.349 148.922
internal_count=212547 66989 9393 7548 3439 4109 2705 1452 3107 145558 12718 5307 2804 1404
is_linear=0
shrinkage=0.03


Tree=257
num_leaves=15
num_cat=0
split_feature=140 10 231 222 230 231 231 230 231 47 222 231 245 226
split_gain=39.4678 80.0234 95.1746 93.8948 88.2485 120.013 180.763 106.08 109.96 105.875 101.844 82.6201 110.889 81.7366
threshold=17.500000000000004 52.500000000000007 5.5000000000000009 3.5000000000000004 10.500000000000002 37.500000000000007 92.500000000000014 24.500000000000004 19.500000000000004 22.500000000000004 29.500000000000004 29.500000000000004 -0.096477255225181566 40.500000000000007
decision_type=10 10 8 8 8 10 10 8 10 10 10 10 2 10
left_child=1 2 -1 -4 5 9 -7 8 -6 10 -5 13 -13 -3
right_child=-2 11 3 4 7 6 -8 -9 -10 -11 -12 12 -14 -15
leaf_value=-0.012273481255138758 0.0006074205445555865 -0.0067202500430873927 -0.005849271133795941 -0.020500434657393415 0.012491555860339888 0.01277837606809731 -0.0088675922345190974 0.0021454318402066358 -0.010017777730831514 0.013596496541651909 0.01034443588980211 0.0073423099736742419 -0.011648898962452811 0.0092160843200879555
leaf_weight=536.95401891320944 31129.343866594136 577.79555810242891 1712.3180006742477 360.48613012582064 218.28246600180864 1986.8075250349939 412.84285565838218 4172.5316359363496 1388.9352030903101 184.09446728229523 123.20039017498493 318.37561652436852 1839.3454072847962 561.26839329302311
leaf_count=2365 145589 2477 9071 1618 931 9874 2189 19973 6109 819 559 1743 7801 2341
internal_value=6.78861e-06 -0.00129176 -7.09945e-05 0.000560531 0.00180631 0.00591016 0.00903299 -0.000378131 -0.00690236 -0.00527934 -0.0125935 -0.00538804 -0.00882577 0.00114417
internal_weight=45522.6 14393.2 11096.5 10559.5 8847.18 3067.43 2399.65 5779.75 1607.22 667.781 483.687 3296.78 2157.72 1139.06
internal_count=213459 67870 53508 51143 42072 15059 12063 27013 7040 2996 2177 14362 9544 4818
is_linear=0
shrinkage=0.03


Tree=258
num_leaves=15
num_cat=0
split_feature=245 246 231 245 243 222 115 230 31 231 246 231 222 83
split_gain=40.2709 35.6871 74.1333 109.206 210.893 149.712 92.5049 75.5146 74.0854 57.3701 43.78 78.6492 52.0314 48.6809
threshold=-0.26005084812641138 0.0064802560955286035 5.5000000000000009 -0.064034841954708085 -0.037554398179054253 14.500000000000002 8.5000000000000018 4.5000000000000009 2.5000000000000004 30.500000000000004 0.002651894930750132 23.500000000000004 20.500000000000004 4.5000000000000009
decision_type=2 2 8 2 2 8 8 10 10 10 2 8 10 10
left_child=-1 2 -2 4 5 7 -6 -4 -9 -10 -5 12 -12 -13
right_child=1 -3 3 10 6 -7 -8 8 9 -11 11 13 -14 -15
leaf_value=0.024769983146272895 -0.01813369105394344 -0.00023298820156991497 0.018735590270038422 -0.0051391885624754484 0.0068855121563070011 0.024070046991771264 -0.019393625954622962 0.011936406088648066 0.0092276068838073582 -0.022845743379772764 0.043487331669062428 -0.0078648104149686062 0.016540115760649638 0.011096373587170373
leaf_weight=49.076958905905485 129.42586576193571 42542.239169288427 116.7463783044368 129.24561507999897 150.348243907094 337.04887888580561 520.91339961439371 112.87136741727591 58.279542177915573 219.12869641184807 90.37328939139843 145.63811568915844 252.84902267158031 583.57781974971294
leaf_count=848 548 199442 734 548 682 1668 2284 522 258 1026 369 623 1053 2483
internal_value=1.7124e-05 -1.50905e-05 0.00323097 0.00431144 -0.00105027 0.00888708 -0.013493 -0.00147623 -0.00783931 -0.016021 0.0110255 0.0130031 0.0246658 0.0072543
internal_weight=45437.8 45388.7 2846.45 2717.02 1515.34 844.075 671.262 507.026 390.28 277.408 1201.68 1072.44 343.222 729.216
internal_count=213088 212240 12798 12250 7174 4208 2966 2540 1806 1284 5076 4528 1422 3106
is_linear=0
shrinkage=0.03


Tree=259
num_leaves=15
num_cat=0
split_feature=195 194 52 231 45 144 195 10 235 56 226 231 231 243
split_gain=39.3219 55.0418 74.9956 50.5417 65.1798 47.9472 44.6229 41.2871 41.9634 41.3193 41.216 65.0696 79.6889 72.2003
threshold=37.500000000000007 22.500000000000004 29.500000000000004 81.500000000000014 82.500000000000014 6.5000000000000009 20.500000000000004 82.500000000000014 8.5000000000000018 34.500000000000007 3.5000000000000004 21.500000000000004 74.500000000000014 -0.087225511670112596
decision_type=10 10 10 10 10 8 10 10 8 10 8 10 10 2
left_child=1 10 -3 4 7 -5 -4 8 -2 -10 11 -1 -13 -14
right_child=3 2 6 5 -6 -7 -8 -9 9 -11 -12 12 13 -15
leaf_value=-0.014501008973185767 -0.00021528666252024943 -0.0049003265758084712 0.0021921844725091002 -0.017070276330608144 -0.0017602764182137152 -0.0012312660581263524 -0.0022419601720664217 -0.0019645317793877716 0.0075304626216358321 0.0025363450536324229 -0.00018792456738445332 0.015833803534072124 0.018656982676614458 -0.0019344870642740385
leaf_weight=135.99831315129995 1618.6614160910249 5656.3716601617634 3434.0294939950109 170.25113528594375 3139.8112420737743 3824.9438758343458 5010.2165608294308 1170.3745533227921 3229.3979047574103 2790.2235948368907 13555.902382984757 530.11565108969808 175.35461980476975 876.95418309420347
leaf_count=634 7205 26415 15733 803 14555 19831 22418 5167 15312 12282 62839 2921 1834 4646
internal_value=-0.000228567 -0.000879508 -0.00223039 0.00097054 0.00194694 -0.00194716 -0.000438262 0.00326886 0.00407227 0.00522363 0.000368217 0.00473109 0.00646463 0.00164016
internal_weight=45318.6 29374.9 14100.6 15943.7 11948.5 3995.2 8444.25 8808.66 7638.28 6019.62 15274.3 1718.42 1582.42 1052.31
internal_count=212595 137440 64566 75155 54521 20634 38151 39966 34799 27594 72874 10035 9401 6480
is_linear=0
shrinkage=0.03


Tree=260
num_leaves=15
num_cat=0
split_feature=233 56 35 47 171 80 178 80 119 138 152 243 33 226
split_gain=47.2482 48.1068 63.5474 43.4477 42.1771 56.547 59.0856 55.1617 62.0126 49.444 44.7 47.8247 65.3437 74.905
threshold=99.500000000000014 36.500000000000007 84.500000000000014 1.0000000180025095e-35 27.500000000000004 10.500000000000002 11.500000000000002 62.500000000000007 94.500000000000014 16.500000000000004 35.500000000000007 -0.050886129960417741 2.5000000000000004 1.0000000180025095e-35
decision_type=10 10 10 10 8 8 8 10 10 8 10 2 10 10
left_child=4 2 -2 -3 10 9 7 -7 -9 -6 11 12 -1 -14
right_child=1 3 -4 -5 5 6 -8 8 -10 -11 -12 -13 13 -15
leaf_value=-0.0047533734979465806 0.010151337353254684 -0.014564971442159909 -0.022801880061494556 0.0025463278770589421 0.0013328726485916187 -0.0027178959860692932 0.00053578493463818865 -0.025503942146267788 0.0069582195517220637 0.0089934568462946875 -0.0038870947658823426 -0.0014476619555349958 -0.010548399028738982 0.0076727609077396975
leaf_weight=720.68980178795755 1048.5250964388251 161.15591474622488 46.167894892394543 598.86815980821848 2058.6906651630998 2676.3174603059888 19487.154968805611 189.15961702913046 67.177392464131117 1194.4380104765296 4822.1003502160311 10405.354233328253 219.31269297748804 1839.7101041600108
leaf_count=4884 5721 796 223 2682 10457 12297 89720 826 495 6232 22332 46316 1302 9365
internal_value=-0.000106403 0.00457024 0.00856773 -0.00122399 -0.00030598 0.000474719 -6.22916e-05 -0.00402476 -0.0170549 0.00416452 -0.00141867 -0.00051365 0.00297531 0.00569037
internal_weight=45534.8 1854.72 1094.69 760.024 43680.1 25672.9 22419.8 2932.65 256.337 3253.13 18007.2 13185.1 2779.71 2059.02
internal_count=213648 9422 5944 3478 204226 120027 103338 13618 1321 16689 84199 61867 15551 10667
is_linear=0
shrinkage=0.03


Tree=261
num_leaves=15
num_cat=0
split_feature=92 138 230 29 135 222 224 230 249 10 32 228 78 2
split_gain=38.5736 41.6676 59.7969 70.7065 78.5541 62.5054 56.5801 66.3021 85.0388 75.8527 61.0104 72.8196 58.6644 64.0285
threshold=66.500000000000014 80.500000000000014 80.500000000000014 74.500000000000014 23.500000000000004 93.500000000000014 76.500000000000014 78.500000000000014 0.065656565129756941 62.500000000000007 20.500000000000004 38.500000000000007 10.500000000000002 37.500000000000007
decision_type=10 8 8 8 10 10 10 10 2 10 10 10 10 10
left_child=1 2 5 4 -4 6 7 12 9 -9 -8 -12 13 -1
right_child=-2 -3 3 -5 -6 -7 10 8 -10 -11 11 -13 -14 -15
leaf_value=-0.0010383869859418959 0.0044765609215071918 -0.0024655815580324034 0.008919931690984902 0.0071021111474148203 -0.0035696346493115792 -0.012914696205191541 0.0098026131940852478 0.0033892329085268187 0.004910598119309011 -0.033860482734841754 -0.019372702921323651 0.0026575420072895923 0.00034409052198107514 -0.0087489516174983975
leaf_weight=3290.8670896012336 1725.9667308665812 5729.4828294478357 605.74019361287355 2353.8825744315982 1707.2980578877032 332.75471802055836 1045.7877314463258 65.811954841017723 148.7512611374259 166.81166775524616 143.17815322428942 1130.202020406723 25530.416516734287 1365.8979126028717
leaf_count=17336 8675 27502 2746 12091 7674 1482 4929 272 686 693 613 4957 116230 6753
internal_value=9.10396e-05 -8.34865e-05 0.000277299 0.0034533 -0.00027454 -0.00016978 -3.6942e-05 -0.000380248 -0.0126488 -0.0236168 0.00447033 4.88241e-05 -0.000221114 -0.00331391
internal_weight=45342.8 43616.9 37887.4 4666.92 2313.04 33220.5 32887.7 30568.6 381.375 232.624 2319.17 1273.38 30187.2 4656.77
internal_count=212639 203964 176462 22511 10420 153951 152469 141970 1651 965 10499 5570 140319 24089
is_linear=0
shrinkage=0.03


Tree=262
num_leaves=15
num_cat=0
split_feature=226 98 78 231 228 186 174 244 228 244 231 226 224 229
split_gain=43.0981 41.0044 52.257 51.7594 56.447 49.955 47.3908 43.0345 77.7758 76.8475 75.9356 118.331 136.934 110.601
threshold=99.500000000000014 42.500000000000007 18.500000000000004 87.500000000000014 17.500000000000004 30.500000000000004 6.5000000000000009 0.021765369921922687 75.500000000000014 0.018303897231817249 26.500000000000004 81.500000000000014 4.5000000000000009 15.500000000000002
decision_type=10 8 8 10 8 8 8 2 10 2 8 10 10 10
left_child=1 7 5 4 -4 -3 -5 8 9 10 11 12 -1 -12
right_child=-2 2 3 6 -6 -7 -8 -9 -10 -11 13 -13 -14 -15
leaf_value=0.021320922750831573 -0.0076116679292250293 -0.0087960189260890258 0.011250379653661295 -0.016742329764232292 0.0031738464888648077 0.0004004933860965603 0.00016163027453940947 -0.0023859352533043658 0.0078108641817873341 0.0055688473014959281 0.0014491391373325775 0.011491820327833571 -0.00052963187991815551 -0.0037967809959635174
leaf_weight=259.09527599811554 646.41899241134524 644.23557219281793 919.30484797433019 154.94752544537187 4917.9354678355157 2831.5252137295902 1568.1255001649261 7527.1378706470132 1141.32700041309 1930.9542718604207 5745.470705518499 978.9624415487051 6322.4895854219794 9734.4405178688467
leaf_count=1190 3080 3134 4511 781 23292 14389 7741 37634 5271 9114 28019 4330 27166 42994
internal_value=1.95433e-05 0.000131638 0.00171757 0.00311599 0.00446288 -0.00132443 -0.00144629 -0.000389005 0.000187314 -0.00016411 -0.00064678 0.00181604 0.000361593 -0.00185004
internal_weight=45322.4 44676 11036.1 7560.31 5837.24 3475.76 1723.07 33639.9 26112.7 24971.4 23040.5 7560.55 6581.58 15479.9
internal_count=212646 209566 53848 36325 27803 17523 8522 155718 118084 112813 103699 32686 28356 71013
is_linear=0
shrinkage=0.03


Tree=263
num_leaves=15
num_cat=0
split_feature=147 190 184 148 231 231 229 231 188 245 144 34 78 244
split_gain=40.3306 42.1548 39.0901 54.4461 69.2153 46.8188 46.2559 91.3604 77.9045 74.4808 129.761 71.7787 63.1801 61.6292
threshold=97.500000000000014 88.500000000000014 77.500000000000014 12.500000000000002 68.500000000000014 99.500000000000014 4.5000000000000009 56.500000000000007 42.500000000000007 -0.1008326970040798 57.500000000000007 41.500000000000007 9.5000000000000018 0.0019773815292865042
decision_type=10 10 10 8 10 10 8 8 10 2 10 10 10 2
left_child=1 2 6 4 -4 -5 7 12 9 -9 -11 -12 -1 -8
right_child=-2 -3 3 5 -6 -7 13 8 -10 10 11 -13 -14 -15
leaf_value=-0.0043075829413428543 -0.0044488534405794176 0.0041752179924438911 0.0037935462105843244 0.0035122682279589857 -0.01131113177522208 -0.0082565032747133529 -0.007562626192619294 0.0038686984786348391 0.0051308415563504879 0.004660681672044145 -0.019967267871627208 0.0017542870310114016 0.012636695154329943 -0.00055819783799490293
leaf_weight=241.25264776498079 1685.9515748135746 2339.6023146547377 505.3049864731729 6420.2474431395531 574.34904980845749 310.03265493735671 1168.502287440002 679.56420495174825 1420.7262550536543 439.84482053667307 642.95966237783432 171.30503100901842 996.35728906840086 27852.550841845572
leaf_count=1240 7686 11700 2387 31507 3081 1839 5065 4954 8142 2039 2868 818 4919 125053
internal_value=9.03542e-05 0.000266203 4.44647e-05 0.00195495 -0.00427183 0.00295869 -0.000399883 0.00239463 -0.000182686 -0.004093 -0.00840368 -0.0154316 0.00932562 -0.000842732
internal_weight=45448.6 43762.6 41423 7809.93 1079.65 6730.28 33613.1 4592.01 3354.4 1933.67 1254.11 814.265 1237.61 29021.1
internal_count=213298 205612 193912 38814 5468 33346 155098 24980 18821 10679 5725 3686 6159 130118
is_linear=0
shrinkage=0.03


Tree=264
num_leaves=15
num_cat=0
split_feature=194 195 148 226 249 10 225 8 10 8 28 242 226 244
split_gain=38.7901 60.3553 57.2471 49.1245 63.4966 56.9349 69.1569 42.5993 39.641 45.9086 41.56 44.6606 39.3585 54.7129
threshold=30.500000000000004 52.500000000000007 84.500000000000014 2.5000000000000004 0.85353535413742077 20.500000000000004 17.500000000000004 3.5000000000000004 4.5000000000000009 29.500000000000004 6.5000000000000009 0.014872013591229917 87.500000000000014 0.076455034315586104
decision_type=10 10 10 8 2 10 10 10 8 10 8 10 8 2
left_child=3 2 -2 4 5 6 -1 -8 9 -5 11 -10 -3 -14
right_child=1 12 -4 8 -6 -7 7 -9 10 -11 -12 -13 13 -15
leaf_value=0.010030077454371233 -0.0030379836534787292 0.0019441942827064609 0.0017780793564253479 0.0019294344997287849 0.027347185516580913 0.010337879894400563 0.0045101415869785322 -0.0087680538413110916 0.0070327374317493549 0.012599890911623463 0.00050761200213486309 -0.0054575409261841705 -0.006548449471654119 0.013821708631171903
leaf_weight=434.70090250484645 11173.718340009451 7253.5348429325968 2764.786296069622 1609.0120754353702 99.824330646544695 781.00736001320183 321.80105439946055 629.70779846981168 287.70841079205275 460.47649842873216 16572.993595842272 1957.5779789015651 974.69798475503922 125.45675506070256
leaf_count=3184 51275 33589 12659 8314 773 4520 1860 3032 1236 2040 76012 9528 4659 720
internal_value=1.88567e-05 -0.000874194 -0.0020821 0.000878644 0.00506297 0.00391564 0.000249147 -0.00427716 0.000422295 0.00435286 -1.20407e-05 -0.00383296 0.00114133 -0.00412195
internal_weight=45447 22292.2 13938.5 23154.8 2267.04 2167.22 1386.21 951.509 20887.8 2069.49 18818.3 2245.29 8353.69 1100.15
internal_count=213401 102902 63934 110499 13369 12596 8076 4892 97130 10354 86776 10764 38968 5379
is_linear=0
shrinkage=0.03


Tree=265
num_leaves=15
num_cat=0
split_feature=233 56 106 175 170 79 226 248 226 231 231 224 226 231
split_gain=38.4306 48.8311 62.9478 45.3571 39.3603 60.0197 47.2043 133.038 100.863 110.024 94.979 91.7285 82.6659 87.8499
threshold=99.500000000000014 44.500000000000007 88.500000000000014 55.500000000000007 24.500000000000004 10.500000000000002 41.500000000000007 0.82323232293128978 49.500000000000007 20.500000000000004 66.500000000000014 85.500000000000014 12.500000000000002 47.500000000000007
decision_type=10 10 10 10 10 10 10 2 10 10 10 10 8 10
left_child=4 2 -2 -3 6 -6 11 8 9 -8 -10 12 -1 -14
right_child=1 3 -4 -5 5 -7 7 -9 10 -11 -12 -13 13 -15
leaf_value=0.00028148561931311153 0.0092045380731295232 -0.0078570408726469417 -0.019718384124548329 0.009698859674916625 0.0045349583513362886 3.4432050060618396e-05 0.017827388680647621 0.015132414189260091 -0.0039396036836887053 0.00081898651291015593 0.0043498808094303808 0.016649338161437821 -0.00203748386819514 -0.0093102433911408863
leaf_weight=4132.7474381066859 1177.6756244637072 436.94170730561018 62.589228227734566 178.69192063808441 3045.4469550661743 20974.412132270634 499.60222221910954 508.37552173435688 5426.1116599179804 1045.7599299624562 1604.1509424671531 208.73395031690598 3432.4206772297621 2648.1645671762526
leaf_count=21711 6337 1976 299 828 16053 96420 2127 2464 23686 4514 7508 1008 15984 12021
internal_value=-2.54917e-05 0.00419054 0.00759892 -0.00268774 -0.00020618 0.000606698 -0.00120696 0.000373768 -0.000517753 0.00639692 -0.00204463 -0.00258378 -0.00299275 -0.00521494
internal_weight=45381.8 1855.9 1240.26 615.634 43525.9 24019.9 19506.1 9084 8575.62 1545.36 7030.26 10422.1 10213.3 6080.59
internal_count=212936 9440 6636 2804 203496 112473 91023 40299 37835 6641 31194 50724 49716 28005
is_linear=0
shrinkage=0.03


Tree=266
num_leaves=15
num_cat=0
split_feature=242 226 29 115 118 226 232 141 232 224 226 246 222 141
split_gain=36.6353 47.474 45.9172 45.7763 42.8779 41.4642 40.2436 37.9156 36.0046 94.9706 79.6615 110.465 79.3172 96.49
threshold=0.048822976648807533 99.500000000000014 inf 15.500000000000002 30.500000000000004 68.500000000000014 55.500000000000007 1.5000000000000002 87.500000000000014 16.500000000000004 2.5000000000000004 0.030493870377540592 94.500000000000014 69.500000000000014
decision_type=8 8 8 8 8 8 10 10 10 10 10 2 10 10
left_child=1 2 7 -2 5 -5 -4 -1 -9 10 -10 -12 13 -11
right_child=3 -3 6 4 -6 -7 -8 8 9 12 11 -13 -14 -15
leaf_value=0.010278955208902584 0.012787259062508346 -0.0068832236238160899 0.015113345678730954 0.0023728604830070997 0.0046182224097011514 -0.014460948160860569 -0.0031785528198560592 -0.00071776393544842115 0.0051413117915360311 0.0015527950572589507 0.0017428752434419912 -0.013017756795043979 -0.01940614570289554 0.01170640559495913
leaf_weight=294.40839521586895 395.1399881541729 958.17702949419618 313.66740807145834 272.96241500228643 1224.9767042994499 240.20283953845501 158.11127570271492 35375.115684945136 823.76886295340955 2050.4068330898881 860.64350551366806 956.25539859011769 107.12260141968727 1423.9588729180396
leaf_count=1268 2654 4621 1871 1323 7429 1195 854 161307 5152 9135 4167 4901 470 6894
internal_value=-0.000125374 -0.000314721 -0.000164565 0.00370333 0.00157691 -0.00563252 0.00904429 -0.000270408 -0.000347525 0.00175519 -0.00255573 -0.00605455 0.00493194 0.00573588
internal_weight=45454.9 43321.6 42363.5 2133.28 1738.14 513.165 471.779 41891.7 41597.3 6222.16 2640.67 1816.9 3581.49 3474.37
internal_count=213241 200640 196019 12601 9947 2518 2725 193294 192026 30719 14220 9068 16499 16029
is_linear=0
shrinkage=0.03


Tree=267
num_leaves=15
num_cat=0
split_feature=70 135 230 139 134 11 226 110 229 230 143 232 65 230
split_gain=39.4495 79.5941 62.8122 66.0285 65.513 61.3875 60.3314 59.5748 91.1115 75.3552 52.2792 52.0642 48.6798 50.7793
threshold=79.500000000000014 44.500000000000007 80.500000000000014 64.500000000000014 90.500000000000014 91.500000000000014 10.500000000000002 90.500000000000014 5.5000000000000009 62.500000000000007 98.500000000000014 89.500000000000014 38.500000000000007 90.500000000000014
decision_type=10 8 8 8 10 10 8 10 10 10 10 10 8 10
left_child=2 -2 4 -4 5 -1 -3 8 11 10 -10 -6 13 -5
right_child=1 6 3 12 7 -7 -8 -9 9 -11 -12 -13 -14 -15
leaf_value=4.3641685429247598e-05 -0.0094147869855846777 0.0099767120353584354 0.006771290279528169 -0.00025658575738559167 0.0082380765841033026 0.008486879978775173 -0.0014778306193606249 0.0021060551062449949 -0.026022436145034647 0.0046057454565221131 -0.0087452353214478619 -0.010782579046548656 0.0028148275111882725 -0.014764813819826422
leaf_weight=29575.537587387487 1089.6685047894716 436.15572851896286 2662.2353163659573 626.89418747276068 323.11048359423876 785.8626261241734 5709.3261914849281 650.12946097180247 401.90110092610121 140.98307701200247 278.79526120424271 201.9662550073117 2183.950745202601 322.45652249455452
leaf_count=136004 4850 2153 13465 2937 2456 3900 26285 3214 1848 708 1381 1223 11377 1394
internal_value=4.82264e-05 -0.00198121 0.000433489 0.00330684 -8.2006e-05 0.000264906 -0.000649994 -0.00533162 -0.00891112 -0.0150886 -0.0191752 0.000857161 0.000351069 -0.00528699
internal_weight=45389 7235.15 38153.8 5795.54 32358.3 30361.4 6145.48 1996.89 1346.76 821.679 680.696 525.077 3133.3 949.351
internal_count=213195 33288 179907 29173 150734 139904 28438 10830 7616 3937 3229 3679 15708 4331
is_linear=0
shrinkage=0.03


Tree=268
num_leaves=15
num_cat=0
split_feature=165 120 238 224 243 170 121 28 224 238 134 69 224 249
split_gain=39.3338 59.3662 44.3713 39.8345 36.2204 35.5079 44.3506 66.4668 53.6752 41.7658 61.4354 50.6929 41.2502 63.6122
threshold=8.5000000000000018 21.500000000000004 -0.29062256217002863 2.5000000000000004 -0.024180354550480839 7.5000000000000009 64.500000000000014 1.0000000180025095e-35 35.500000000000007 -0.13811139762401578 93.500000000000014 77.500000000000014 15.500000000000002 0.83333334326744091
decision_type=8 8 10 10 2 10 8 10 10 10 10 10 8 2
left_child=1 -1 3 -2 -3 6 7 -4 -9 10 -7 12 13 -12
right_child=2 4 5 -5 -6 9 -8 8 -10 -11 11 -13 -14 -15
leaf_value=0.0065964059142060664 0.017678487020603241 -0.0081601546604096915 -0.013473298024378955 0.00070776098449324245 -0.0016555874224151116 0.0032105699937534536 -0.0043013884285753928 0.0050752672364777771 -0.0022217430584947672 -0.00014802578194811748 -0.011714014311061161 0.01461219736388107 -0.02007843898777547 0.017274273065222136
leaf_weight=476.12724405527115 233.49702507257462 1436.7192019149661 280.56343740969896 256.45709492266178 1662.1899808272719 6793.1026732437313 3545.9471007306129 1809.8365357480943 1800.7320759817958 26490.479132328182 212.25212781131268 76.9605209864676 211.71477366238832 88.449390158057213
leaf_count=2049 2722 6710 1457 2009 7388 36020 17142 8317 7874 117855 1126 467 1119 719
internal_value=-0.000155027 -0.00317074 0.000103595 0.00898732 -0.00468779 -3.91878e-06 -0.00187955 0.000332808 0.00143988 0.000408325 0.00240217 -0.00681345 -0.0102495 -0.00290576
internal_weight=45375 3575.04 41800 489.954 3098.91 41310 7437.08 3891.13 3610.57 33873 7382.48 589.377 512.416 300.702
internal_count=212974 16147 196827 4731 14098 192096 34790 17648 16191 157306 39451 3431 2964 1845
is_linear=0
shrinkage=0.03


Tree=269
num_leaves=15
num_cat=0
split_feature=226 12 230 244 231 231 226 245 224 243 230 244 226 228
split_gain=39.2771 57.813 40.6557 80.339 63.8259 133.807 178.386 134.209 106.458 94.1258 61.6736 92.9952 91.7058 64.6908
threshold=99.500000000000014 9.5000000000000018 80.500000000000014 0.079344034194946303 59.500000000000007 25.500000000000004 66.500000000000014 -0.040848016738891595 87.500000000000014 -0.0099497246555984003 78.500000000000014 0.0058040441945195207 84.500000000000014 86.500000000000014
decision_type=10 10 8 2 10 8 10 2 10 2 10 2 10 10
left_child=2 -2 10 4 5 6 -4 8 -8 -6 13 -12 -13 -1
right_child=1 -3 3 -5 9 -7 7 -9 -10 -11 11 12 -14 -15
leaf_value=-4.499939334827976e-06 -0.022640596266578768 -0.0021805813772516284 -0.01099377134460359 0.014877731693933301 0.0024209488506197474 -0.0049626613186696377 0.024562679048170812 0.00086536291748034891 -0.010980997174727225 0.017236531053407948 -0.026447541077460095 0.0084438498246821019 -0.019334789428005424 -0.0090319659181160982
leaf_weight=35606.908363224939 155.41754423081875 510.46359894424677 425.09171757847071 405.27933209761977 2409.4598582424223 2787.7443634979427 600.73078852891922 602.23251057416201 80.789162248373032 450.66546443849802 191.55690701305866 281.28774300962687 159.12584087252617 719.04768414795399
leaf_count=165268 753 2405 2141 2769 12435 13127 2928 2635 399 2173 799 1290 685 3189
internal_value=-4.23746e-05 -0.0072203 6.60953e-05 0.00203842 0.00131187 -0.000917218 0.00567284 0.011234 0.0202514 0.00480734 -0.000348576 -0.00956603 -0.00179929 -0.000185629
internal_weight=45385.8 665.881 44719.9 7761.99 7356.71 4496.59 1708.84 1283.75 681.52 2860.13 36957.9 631.97 440.414 36326
internal_count=212996 3158 209838 38607 35838 21230 8103 5962 3327 14608 171231 2774 1975 168457
is_linear=0
shrinkage=0.03


Tree=270
num_leaves=15
num_cat=0
split_feature=194 224 243 248 31 230 47 195 22 120 224 244 230 4
split_gain=40.7771 63.3655 80.957 112.692 48.8303 53.2848 45.9018 41.9424 56.1177 41.3933 40.2718 44.02 40.2436 53.4634
threshold=29.500000000000004 6.5000000000000009 -0.040418973192572587 0.76262626051902782 27.500000000000004 1.0000000180025095e-35 inf 54.500000000000007 2.5000000000000004 92.500000000000014 65.500000000000014 0.0079108825884759443 7.5000000000000009 29.500000000000004
decision_type=10 10 2 2 10 8 8 10 10 10 10 2 10 10
left_child=-1 2 3 4 -2 -6 7 8 -3 -4 -9 -12 13 -5
right_child=1 6 9 12 5 -7 -8 10 -10 -11 11 -13 -14 -15
leaf_value=0.0008684475677252809 -0.023661610957456645 -0.010845106749973646 -0.0045205332167384737 0.0073796516101822278 0.0084075129489587144 -0.016256556057449863 0.0094376463703114439 0.0027420860999220419 -0.0012096299422385832 0.0088809655269016831 0.0069416412697700589 -0.0039991803967585789 -0.015083655635033182 -0.023055066530571697
leaf_weight=22810.762631846592 461.19729480147362 559.5460766069591 433.74100863188505 425.31684930808842 108.8652985394001 234.3632378205657 407.75816982612014 4929.0939738564193 12261.896823685616 380.10822991281748 392.09539075940847 1872.7664701864123 118.26793997734785 49.184352032840252
leaf_count=108887 2542 2759 1884 2568 595 1184 2489 22352 54891 1960 1737 8685 542 241
internal_value=-2.65197e-05 -0.000928454 -0.00574081 -0.0100975 -0.0173404 -0.00841705 -0.000404905 -0.000610032 -0.00163826 0.00177046 0.00122226 -0.0020829 -0.000143939 0.00381421
internal_weight=45445 22634.2 2211.04 1397.19 804.426 343.229 20423.2 20015.4 12821.4 813.849 7193.96 2264.86 592.769 474.501
internal_count=213316 104429 11516 7672 4321 1779 92913 90424 57650 3844 32774 10422 3351 2809
is_linear=0
shrinkage=0.03


Tree=271
num_leaves=15
num_cat=0
split_feature=150 222 138 186 90 231 230 47 238 178 246 230 249 230
split_gain=36.3997 76.8892 76.08 59.6045 80.8378 65.8305 58.5028 46.7606 45.0651 60.5958 51.2154 50.2395 53.7292 46.8689
threshold=62.500000000000007 28.500000000000004 52.500000000000007 37.500000000000007 88.500000000000014 10.500000000000002 15.500000000000002 42.500000000000007 -0.096515163779258714 11.500000000000002 0.0021583283087238674 71.500000000000014 0.015151515137404205 28.500000000000004
decision_type=10 10 8 10 8 10 10 10 10 8 2 10 2 10
left_child=8 3 6 4 5 -2 -3 -5 11 13 -11 -1 -13 -10
right_child=1 2 -4 7 -6 -7 -8 -9 9 10 -12 12 -14 -15
leaf_value=0.0010425635043612609 0.012380117788428364 0.013180515000641969 -0.0021749306855808124 0.0014675099620307889 -0.036011862646550458 -0.007961652577935404 0.0025264320523718871 -0.0049378932429136315 -0.0073165943870292837 -0.022899089230106518 0.00041260617365683293 -0.0087854657176095457 0.006831731924622335 0.0027935433605976671
leaf_weight=15786.559996709228 146.34436908736825 607.16811087727547 2580.0836511179805 2247.9524083957076 77.355804104357958 1841.6271839365363 1895.700385119766 1871.2519773803651 1776.0364673137665 75.362235546112061 13361.53296598047 207.71739308536053 2377.4632535241544 530.79285852611065
leaf_count=78589 708 3053 11686 11429 393 8449 8366 8778 7766 311 58378 895 12106 2243
internal_value=0.000181966 -0.0012957 0.00143649 -0.00353992 -0.00768664 -0.00640973 0.00515316 -0.00144722 0.000670237 -0.000507468 0.000264928 0.0016792 0.00554788 -0.00498827
internal_weight=45382.9 11267.5 5082.95 6184.53 2065.33 1987.97 2502.87 4119.2 34115.5 15743.7 13436.9 18371.7 2585.18 2306.83
internal_count=213150 52862 23105 29757 9550 9157 11419 20207 160288 68698 58689 91590 13001 10009
is_linear=0
shrinkage=0.03


Tree=272
num_leaves=15
num_cat=0
split_feature=140 23 231 229 229 231 224 222 224 224 222 249 231 143
split_gain=34.1674 78.5927 84.7964 89.9348 63.61 62.107 64.0296 46.8056 75.5636 46.4231 79.3267 61.2942 74.6763 48.1834
threshold=11.500000000000002 23.500000000000004 5.5000000000000009 22.500000000000004 6.5000000000000009 89.500000000000014 16.500000000000004 1.0000000180025095e-35 2.5000000000000004 37.500000000000007 40.500000000000007 0.11616161838173868 18.500000000000004 52.500000000000007
decision_type=10 10 8 10 10 10 8 10 10 10 10 2 10 10
left_child=1 2 3 4 -1 9 7 8 -7 10 13 12 -11 -4
right_child=-2 -3 5 -5 -6 6 -8 -9 -10 11 -12 -13 -14 -15
leaf_value=0.0012221908847460281 0.0005194453035726876 -0.0058487860351341923 -0.00017572010086748722 0.0021677413122980506 -0.034414191195933926 0.022294060555870233 0.004297299696248898 -0.013990576144597497 -0.022936541076464558 0.0097982643297068912 0.012960283726825455 0.0051907739372900209 -0.01010409719274257 0.0064687884723264215
leaf_weight=59.590529561042786 34053.030093898997 2690.5037242546678 3384.1617707516998 191.4520977512002 166.9600458741188 79.505105752497911 372.89465065672994 637.54757441207767 43.274493798613548 198.08265686035156 636.21736974269152 598.24702633917332 942.08094558864832 1373.6114035882056
leaf_count=296 159107 11393 16945 850 717 646 1920 3278 188 848 3043 2924 4139 7033
internal_value=4.39201e-05 -0.00137896 1.10877e-05 -0.0130097 -0.0253852 0.00068449 -0.00580872 -0.0107566 0.00582544 0.00172284 0.00309568 -0.00253018 -0.0065913 0.00175215
internal_weight=45427.2 11374.1 8683.63 418.003 226.551 8265.62 1133.22 760.327 122.78 7132.4 5393.99 1738.41 1140.16 4757.77
internal_count=213327 54220 42827 1863 1013 40964 6032 4112 834 34932 27021 7911 4987 23978
is_linear=0
shrinkage=0.03


Tree=273
num_leaves=15
num_cat=0
split_feature=240 228 60 247 224 2 66 111 231 38 228 231 224 134
split_gain=39.4083 40.0952 59.2357 49.7248 46.7448 99.3332 87.6909 58.6594 53.8299 53.2749 50.3507 50.228 90.4282 74.8084
threshold=0.082284025847911849 93.500000000000014 36.500000000000007 -0.019106693565845486 81.500000000000014 12.500000000000002 27.500000000000004 66.500000000000014 55.500000000000007 54.500000000000007 50.500000000000007 91.500000000000014 32.500000000000007 90.500000000000014
decision_type=10 10 10 2 10 10 10 10 10 10 10 10 8 10
left_child=1 4 3 -3 11 8 7 -7 10 -9 -6 12 13 -1
right_child=-2 2 -4 -5 5 6 -8 9 -10 -11 -12 -13 -14 -15
leaf_value=0.0021615235702756269 0.0090873015540381963 -0.007178967594092053 -0.00083019547217232515 -0.029820261980042 -0.020329368228886518 0.00012866188910082079 0.0034021552352525783 -0.031626037008010983 0.015953100435935251 -0.0084752606179678593 0.0066824025820908907 -0.0030879559547867942 -0.0013407931781737414 -0.0078898417115141062
leaf_weight=15890.878760877997 415.93605398014188 279.97659699618816 859.11047927290201 123.45602276921272 63.320825688540936 463.3169934079051 2364.0287643149495 117.11017461121082 673.10089590400457 343.87918116152287 400.12704880535603 4924.8256040289998 17715.009084623307 685.8895747512579
leaf_count=74389 2486 1227 4171 528 296 1992 11123 501 3684 1463 1787 25700 79988 3465
internal_value=5.06001e-06 -8.10713e-05 -0.00533024 -0.0146612 7.19728e-05 0.00299132 0.000339111 -0.00744757 0.010595 -0.0149031 0.00264035 -0.000258101 0.000149091 0.00174113
internal_weight=45320 44904 1262.54 403.433 43641.5 4424.88 3288.34 924.306 1136.55 460.989 463.448 39216.6 34291.8 16576.8
internal_count=212800 210314 5926 1755 204388 20846 15079 3956 5767 1964 2083 183542 157842 77854
is_linear=0
shrinkage=0.03


Tree=274
num_leaves=15
num_cat=0
split_feature=240 233 106 58 51 175 51 226 229 135 243 246 229 242
split_gain=37.831 33.298 44.9918 51.959 37.3783 34.2357 33.4942 60.8467 86.4509 86.0897 62.4547 51.8672 48.1398 47.2484
threshold=0.1366313919425011 99.500000000000014 85.500000000000014 35.500000000000007 22.500000000000004 54.500000000000007 3.5000000000000004 41.500000000000007 25.500000000000004 17.500000000000004 -0.08381298184394835 0.052305050194263465 27.500000000000004 0.039940942078828819
decision_type=10 10 10 10 10 10 8 10 10 10 2 2 10 10
left_child=1 6 3 -3 -4 -5 7 13 10 12 -9 -12 -10 -1
right_child=-2 2 4 5 -6 -7 -8 8 9 -11 11 -13 -14 -15
leaf_value=-0.0056887508527328394 0.015449866700468428 0.0098173583649835694 -0.03004887336603625 -0.0039721171094774122 0.0036530696103575606 0.010968607112832908 0.00026214993355882675 -0.019625790905863916 -0.022174845016191502 -0.019322838191003451 0.019196173419569057 -0.0059109206056988947 0.0043605857349478866 0.010333734748296347
leaf_weight=2964.2711034733802 135.77746135368943 973.46684736199677 51.856195062398911 598.74425472319126 53.123974911868572 168.53350165486336 38748.267236024141 43.177296336740255 57.711222514510155 212.20833571255207 419.34362256526947 84.615243405103683 670.85401859134436 166.41724182292819
leaf_count=14856 840 5358 242 2755 259 779 180034 285 260 942 1833 451 2936 1178
internal_value=0.00019171 0.000142482 0.00407776 0.00525223 -0.0141599 -0.000591474 -2.59073e-05 -0.00243794 0.00254527 -0.00297259 0.011916 0.0149477 0.00198687 -0.00480686
internal_weight=45348.4 45212.6 1845.72 1740.74 104.98 767.278 43366.9 4618.6 1487.91 940.774 547.136 503.959 728.565 3130.69
internal_count=213008 212168 9393 8892 501 3534 202775 22741 6707 4138 2569 2284 3196 16034
is_linear=0
shrinkage=0.03


Tree=275
num_leaves=15
num_cat=0
split_feature=243 147 57 67 134 76 78 151 222 70 118 67 38 143
split_gain=39.6227 34.9551 36.5099 57.8876 75.9322 72.4377 70.9821 48.4757 62.5207 49.8717 47.1996 44.994 44.8504 44.429
threshold=-0.12490127235651015 97.500000000000014 60.500000000000007 30.500000000000004 81.500000000000014 91.500000000000014 18.500000000000004 75.500000000000014 29.500000000000004 13.500000000000002 97.500000000000014 83.500000000000014 87.500000000000014 61.500000000000007
decision_type=2 10 8 10 10 8 8 10 8 10 10 10 8 8
left_child=-1 2 3 4 5 12 10 -4 13 -10 -6 -5 -2 -9
right_child=1 -3 7 11 6 -7 -8 8 9 -11 -12 -13 -14 -15
leaf_value=0.01143114408246001 -0.0022754671029886269 -0.0043031416999077974 0.0016682860297787473 0.0011435594935660484 -0.02392057223620905 0.0057555955643962733 0.0019812849680104698 -0.012177311968690091 0.014154304047268456 -0.0016671569044445402 -0.002867525009408671 -0.0045990997537089509 -0.022622786191000284 -0.0010402438991783368
leaf_weight=260.49528508260846 9063.8981877118349 1691.4786163195968 16047.661914704368 12929.684029322118 344.96653714030981 1059.3699670471251 229.0714014545083 715.50129753351212 251.85818343237042 563.2373928502202 135.37880878522992 1346.7960072159767 88.710470825433731 583.83641582727432
leaf_count=2542 41084 7698 77687 58140 1575 5189 1233 3229 1266 2694 898 6092 438 3135
internal_value=-1.64393e-05 -8.51533e-05 8.03453e-05 -0.000658626 -0.00230161 -0.00163624 -0.0117237 0.00110538 -0.00315456 0.00333385 -0.0181665 0.000598976 -0.00249716 -0.00721921
internal_weight=45311.9 45051.4 43360 25197.9 10921.4 10212 709.417 18162.1 2114.43 815.096 480.345 14276.5 9152.61 1299.34
internal_count=212900 210358 202660 114649 50417 46711 3706 88011 10324 3960 2473 64232 41522 6364
is_linear=0
shrinkage=0.03


Tree=276
num_leaves=15
num_cat=0
split_feature=245 246 92 137 52 224 245 224 63 62 119 228 245 60
split_gain=39.6691 45.2365 40.3607 40.372 88.2272 89.5353 65.7203 64.0913 43.7917 70.6663 53.3222 48.0826 67.6891 64.654
threshold=-0.20662932842969892 0.28148111701011663 61.500000000000007 90.500000000000014 29.500000000000004 5.5000000000000009 -0.060029104351997369 94.500000000000014 77.500000000000014 98.500000000000014 15.500000000000002 10.500000000000002 -0.071227662265300737 34.500000000000007
decision_type=2 2 10 10 8 10 2 10 10 10 10 10 2 10
left_child=-1 2 3 8 5 -5 -6 -8 9 -2 -10 13 -13 -12
right_child=1 -3 -4 4 6 -7 7 -9 10 -11 11 12 -14 -15
leaf_value=0.014389767788975187 -1.855668695403148e-05 -0.014892175441284336 0.0037759245228080763 0.007036180156734787 0.0056151827092311771 -0.022987474517234339 -0.0057110585838347234 0.009485610613746167 -0.006453441263856604 -0.0074454670040187236 -0.011353624493352817 0.010122591530085556 0.0024113155733964274 0.0015662329241840436
leaf_weight=165.43736596219242 29163.070785604417 170.49505447596312 2602.431858394295 115.22496085241437 886.99695812910795 336.00420650839806 2091.8568075075746 274.30928378552198 596.22226041555405 1190.490416135639 426.45339357852936 1330.6241351217031 4388.856245316565 1723.3191053569317
leaf_count=2619 132882 910 12897 659 5176 1601 9674 1315 2533 5462 1966 7343 19632 8979
internal_value=0.000151816 9.66494e-05 0.000156567 -6.57729e-05 -0.00305375 -0.0153344 -0.0013086 -0.00391681 0.000220075 -0.000312202 0.00212671 0.00278416 0.00421986 -0.0010374
internal_weight=45461.8 45296.4 45125.9 42523.4 3704.39 451.229 3253.16 2366.17 38819 30353.6 8465.48 7869.25 5719.48 2149.77
internal_count=213648 211029 210119 197222 18425 2260 16165 10989 178797 138344 40453 37920 26975 10945
is_linear=0
shrinkage=0.03


Tree=277
num_leaves=15
num_cat=0
split_feature=215 171 132 10 178 231 228 75 148 12 249 246 0 157
split_gain=36.7354 55.6369 45.5236 38.3651 56.5631 54.1504 57.9846 52.9258 52.1812 54.9237 50.2539 50.5079 49.8628 46.4216
threshold=69.500000000000014 24.500000000000004 14.500000000000002 2.5000000000000004 11.500000000000002 77.500000000000014 66.500000000000014 42.500000000000007 12.500000000000002 23.500000000000004 0.65151515603065502 0.05291221663355828 28.500000000000004 29.500000000000004
decision_type=10 10 10 8 8 10 10 10 10 10 2 2 10 10
left_child=3 -2 -3 5 7 -1 10 -5 9 -9 11 13 -12 -7
right_child=1 2 -4 4 -6 6 -8 8 -10 -11 12 -13 -14 -15
leaf_value=0.0061863914625444796 -0.0067063288790241834 0.0069242232654821824 -0.0021382297697317794 -0.0068491206860420532 0.0005109278396910876 -0.0088602904813595788 0.022999597567667968 -0.0001303347493284081 0.0017289515110053136 -0.011872471350908159 -0.0056280303816755584 -0.0142608682865573 0.017263435942980025 0.0043545476009901737
leaf_weight=2225.2109476439655 1756.2892503794283 662.29209101945162 1924.0067554563284 1866.8243637382984 30999.85589581728 399.4964112918824 77.08919733017683 808.87988986447453 2657.7876381780952 634.23612034507096 137.77388244122267 355.20032662525773 200.60500168055296 565.86234468407929
leaf_count=11034 7733 2968 8615 8717 142790 2223 409 4129 13332 3002 938 2286 1427 3156
internal_value=1.82634e-05 -0.00260203 0.000200189 0.000296847 -4.15727e-06 0.00309885 -0.000871467 -0.00267619 -0.000764535 -0.00533708 -0.00211189 -0.00475643 0.00804897 -0.00114895
internal_weight=45271.4 4342.59 2586.3 40928.8 36967.6 3961.24 1736.03 5967.73 4100.9 1443.12 1658.94 1320.56 338.379 965.359
internal_count=212759 19316 11583 193443 171970 21473 10439 29180 20463 7131 10030 7665 2365 5379
is_linear=0
shrinkage=0.03


Tree=278
num_leaves=15
num_cat=0
split_feature=147 229 230 243 91 63 243 162 155 243 243 226 139 226
split_gain=37.8051 41.6044 46.4792 41.6867 33.065 37.4937 41.9547 41.4088 35.8957 35.1347 64.8449 104.1 79.7573 79.6769
threshold=97.500000000000014 72.500000000000014 91.500000000000014 -0.019351367838680741 76.500000000000014 59.500000000000007 -0.056488161906599992 45.500000000000007 71.500000000000014 -0.063064016401767717 -0.07121360674500464 14.500000000000002 14.500000000000002 77.500000000000014
decision_type=10 8 8 2 8 10 2 10 10 2 2 10 10 10
left_child=4 -2 3 -3 9 8 7 -7 -6 10 11 12 -1 -13
right_child=1 2 -4 -5 5 6 -8 -9 -10 -11 -12 13 -14 -15
leaf_value=0.00055794589762423407 -0.00082786458939043195 -0.026478950682232341 -0.00071943970899808897 -0.005508400457482911 -0.0023379811202665188 -0.025352797155436913 0.0034517212490249461 -0.00080504295495464808 -0.010114910598663238 0.00015770046741970045 0.0085777996954065783 -0.0085128632204723564 0.014848801673194805 0.01671935923037151
leaf_weight=976.03504347987473 1083.599110417068 194.41289809346199 253.36041851341724 157.59854214638472 1984.9804571643472 85.605059411376715 1354.3952248953283 177.09454764798284 725.56993729248643 35322.405898161232 1306.5134411044419 1107.9849002510309 539.99865791201591 115.94667760282755
leaf_count=7390 4913 864 1207 700 10061 444 6484 1091 3472 160352 6777 5644 3133 742
internal_value=1.69647e-05 -0.00437363 -0.0106038 -0.0175018 0.000187633 -0.00229835 0.00131218 -0.0094407 -0.00444927 0.00046142 0.00310571 0.000474723 0.00571218 -0.00600641
internal_weight=45385.5 1688.97 605.372 352.011 43696.5 4327.65 1617.09 262.7 2710.55 39368.9 4046.48 2739.97 1516.03 1223.93
internal_count=213274 7684 2771 1564 205590 21552 8019 1535 13533 184038 23686 16909 10523 6386
is_linear=0
shrinkage=0.03


Tree=279
num_leaves=15
num_cat=0
split_feature=92 77 103 77 233 190 228 140 246 230 140 230 228 133
split_gain=39.1337 38.9528 54.0556 44.1897 48.5734 42.643 48.4463 52.6034 41.5283 53.8482 41.2529 84.2211 90.3403 84.5308
threshold=68.500000000000014 1.5000000000000002 3.5000000000000004 11.500000000000002 37.500000000000007 70.500000000000014 93.500000000000014 82.500000000000014 0.012955126352608206 3.5000000000000004 17.500000000000004 11.500000000000002 3.5000000000000004 46.500000000000007
decision_type=10 8 8 10 10 10 10 10 2 10 10 10 10 10
left_child=1 -1 3 4 -3 6 10 -8 -6 -10 11 12 -4 -14
right_child=-2 2 5 -5 8 -7 7 -9 9 -11 -12 -13 13 -15
leaf_value=-0.0050327401332038854 0.0049070405481349911 -0.0055681340560405279 -0.0044457661789477137 0.0075915428651082062 0.015422798730855312 0.0022056285081206981 -0.014912193114076435 0.001379573744602588 0.010199607859807582 -0.0043420879168121962 0.00019452913043291543 -0.0044020745311416877 0.0065121288650318229 -0.0072147288940336545
leaf_weight=1420.4894162025303 1403.9678480960429 702.61822575330734 1717.2748240437359 1445.8207527399063 232.44085257872939 5236.2934464775026 429.05318422615528 297.76886687427759 371.3460692577064 565.01219805702567 22555.262399211526 6026.7870710045099 2404.8761607073247 476.17227902263403
leaf_count=7303 7103 3365 9679 7144 1130 24925 1833 1423 2517 2600 103653 25969 12045 2221
internal_value=-5.33639e-06 -0.000163589 4.51401e-07 0.00367149 0.000618677 -0.000311511 -0.000700769 -0.00830955 0.00435354 0.00147178 -0.000531644 -0.00207192 0.000985027 0.00422628
internal_weight=45285.2 43881.2 42460.7 3317.24 1871.42 39143.5 33907.2 726.822 1168.8 936.358 33180.4 10625.1 4598.32 2881.05
internal_count=212910 205807 198504 16756 9612 181748 156823 3256 6247 5117 153567 49914 23945 14266
is_linear=0
shrinkage=0.03


Tree=280
num_leaves=15
num_cat=0
split_feature=194 252 231 249 228 249 231 246 245 244 231 244 228 47
split_gain=37.0342 53.3109 53.8742 96.2301 81.259 61.0976 50.5631 74.5607 80.8186 49.1829 49.7847 75.2572 82.534 59.3129
threshold=22.500000000000004 0.19127560406923297 99.500000000000014 0.83333334326744091 8.5000000000000018 0.57070705294609081 97.500000000000014 0.062701568007469191 -0.080963727086782442 0.085759349167346968 92.500000000000014 0.052121087908744819 16.500000000000004 49.500000000000007
decision_type=8 2 10 2 8 2 10 2 2 2 8 2 10 10
left_child=-1 2 6 4 -4 -6 9 -8 -9 10 -2 12 13 -12
right_child=1 -3 3 -5 5 -7 7 8 -10 -11 11 -13 -14 -15
leaf_value=0.001491338393591148 -0.00044085065500615875 0.0068250581502114624 -0.019017517756810372 0.020511208967593793 0.0049695582328943963 -0.017926417879063277 0.014867664403067216 -0.025235804814481864 0.0091302849013610542 0.009730092888581187 -0.0036884916784808001 -0.019794243611456982 0.0049769489169574025 -0.018728249419142508
leaf_weight=11325.50495301187 28835.309510016814 863.97870870120823 466.8753922469914 92.226103611290455 356.54480967670679 137.0402530618012 434.62441462650895 98.679685346782207 133.65233682096004 396.66557018831372 868.81220079958439 265.93837944790721 718.57362490147352 317.69813909381628
leaf_count=54255 130576 5386 2419 675 1838 701 2372 593 652 2408 4525 1536 3584 1445
internal_value=6.37166e-06 -0.000488763 -0.000681541 -0.00732723 -0.0101842 -0.00161708 -0.000461182 0.00765115 -0.00590526 -0.000635858 -0.000771564 -0.00514191 -0.00300385 -0.00783838
internal_weight=45312.1 33986.6 33122.6 1052.69 960.46 493.585 32070 666.956 232.332 31403 31006.3 2171.02 1905.08 1186.51
internal_count=212965 158710 153324 5633 4958 2539 147691 3617 1245 144074 141666 11090 9554 5970
is_linear=0
shrinkage=0.03


Tree=281
num_leaves=15
num_cat=0
split_feature=151 244 229 244 226 245 245 245 170 226 229 230 121 245
split_gain=39.5624 51.9997 89.6214 76.4571 145.36 88.1934 69.327 60.6509 84.382 52.6487 72.9392 119.92 77.7288 56.5352
threshold=3.5000000000000004 0.0044190005864948043 2.5000000000000004 0.0030861961422488098 5.5000000000000009 -0.059450296685099595 -0.055913858115673058 -0.049280008301138871 27.500000000000004 93.500000000000014 19.500000000000004 34.500000000000007 85.500000000000014 -0.066236361861228929
decision_type=8 2 8 2 8 2 2 2 8 10 10 8 10 2
left_child=-1 2 -2 5 -5 9 -7 8 -6 10 11 13 -12 -4
right_child=1 -3 3 4 7 6 -8 -9 -10 -11 12 -13 -14 -15
leaf_value=-0.0030401831046970055 0.015813086986090057 -0.00014909936196191167 -0.010976053113469636 -0.026117780161421196 0.0058023766994190033 0.019828873245229479 0.000874754901912971 0.00039211985374540593 0.022552576625935013 0.019630136054851449 -0.020121419681844027 0.027651716630984945 0.0023907786400690773 0.01894478716049524
leaf_weight=3622.2110120020807 448.85651717707515 37098.975050861016 386.64150829613209 105.29988197982311 674.55024223029613 207.79128743708134 862.47546669840813 531.43714837729931 453.44807367771864 55.185388371348381 530.62877376377583 103.74926549196243 182.71500322967768 57.029743626713753
leaf_count=16908 2451 175518 1834 491 2934 880 3621 2221 2058 246 2314 485 860 255
internal_value=-3.72621e-05 0.000224256 0.00322928 0.00183382 0.00655021 -0.00166698 0.00470417 0.0087672 0.0126749 -0.00684507 -0.00814928 0.000110632 -0.0144018 -0.0067972
internal_weight=45321 41698.8 4599.81 4150.95 1764.74 2386.22 1070.27 1659.44 1128 1315.95 1260.76 547.421 713.344 443.671
internal_count=213076 196168 20650 18199 7704 10495 4501 7213 4992 5994 5748 2574 3174 2089
is_linear=0
shrinkage=0.03


Tree=282
num_leaves=15
num_cat=0
split_feature=240 70 231 226 228 235 235 244 226 230 226 226 246 246
split_gain=40.692 35.5231 121.806 67.9027 95.1854 59.0912 53.0421 47.4311 50.6855 61.4631 113.642 103.198 72.3557 63.2928
threshold=0.1366313919425011 9.5000000000000018 89.500000000000014 1.5000000000000002 11.500000000000002 7.5000000000000009 36.500000000000007 0.055000575259327895 56.500000000000007 41.500000000000007 50.500000000000007 31.500000000000004 0.033862203359603889 0.029964536428451542
decision_type=8 8 10 10 10 10 10 2 8 10 10 10 2 2
left_child=1 2 5 6 -5 -1 -4 8 9 12 11 -11 13 -7
right_child=-2 -3 3 4 -6 7 -8 -9 -10 10 -12 -13 -14 -15
leaf_value=-0.0025936363342817965 0.015089210622341594 -0.00053113630884627167 -0.0076718219725675201 -0.018457138826850145 0.0032842909871353796 0.0027878878053511297 0.011787110582594965 0.017691396301184183 0.0090561483226592222 -0.017398139927572054 -0.026185299675006306 0.0085078721690385033 0.010193151405806565 -0.012625909804534667
leaf_weight=1291.6372289378196 148.68629587069154 36789.399525029585 239.37572494521737 580.51833388954401 257.60229136049747 2031.5600996203721 245.50448697060347 225.70563105121255 1310.7047898769379 186.97394499927759 169.26400703191757 455.43975805491209 1145.3399475291371 261.71628623828292
leaf_count=5979 911 170943 1741 3006 1253 9591 1529 1420 5988 791 720 1945 6103 1253
internal_value=-7.59015e-05 -0.000129125 0.00162982 -0.0066931 -0.0118148 0.00319269 0.00221972 0.00448649 0.00391974 0.00231824 -0.00506422 0.000816846 0.00407048 0.000981634
internal_weight=45339.4 45190.7 8401.34 1323 838.121 7078.34 484.88 5786.7 5561 4250.29 811.678 642.414 3438.62 2293.28
internal_count=213173 212262 41319 7529 4259 33790 3270 27811 26391 20403 3456 2736 16947 10844
is_linear=0
shrinkage=0.03


Tree=283
num_leaves=15
num_cat=0
split_feature=63 64 230 142 245 249 193 224 242 119 195 64 249 225
split_gain=39.2507 73.7331 61.6768 66.9771 67.2721 69.7351 80.5577 85.8056 62.3696 61.6604 61.0821 60.9508 57.2181 69.8083
threshold=62.500000000000007 95.500000000000014 89.500000000000014 34.500000000000007 -0.091836016625165925 0.52020201086997997 89.500000000000014 2.5000000000000004 0.010974107310175897 52.500000000000007 33.500000000000007 1.0000000180025095e-35 0.055555555969476707 95.500000000000014
decision_type=10 10 10 10 2 2 8 10 8 10 10 10 2 10
left_child=1 2 3 10 5 -5 7 -7 -6 11 -1 -2 -4 -14
right_child=9 -3 12 4 8 6 -8 -9 -10 -11 -12 -13 13 -15
leaf_value=-0.00043364833187095695 -0.011808734404894831 -0.0072392251253859717 0.014505596000858047 0.0048850641401312839 -0.018955036848338398 0.0022761053900396872 0.0078388006947329118 -0.019591938696021521 -0.0024274525232078942 0.0024470338522125869 0.005012693126943627 -0.00047842980580019935 -0.00011282101679371199 0.019380440022124721
leaf_weight=5064.0066791959107 458.51131676137447 1444.4373044557869 415.0399697124958 2330.4330483861268 198.88456146419048 271.81550562754273 306.18923703208566 381.13654156029224 13723.50025498122 11148.522545991465 2911.7904555760324 4870.421926304698 1443.0327436625957 176.72070021182299
leaf_count=22855 2026 6566 1867 13185 843 2194 1839 2101 60457 56471 12855 21345 6793 903
internal_value=1.25784e-05 -0.000658014 -0.000306282 -0.000712806 -0.00176558 0.00208816 -0.0046878 -0.0105915 -0.00267699 0.00117895 0.00155848 -0.0014736 0.00470476 0.00211983
internal_weight=45144.4 28667 27222.5 25187.8 17212 3289.57 959.141 652.952 13922.4 16477.5 7975.8 5328.93 2034.79 1619.75
internal_count=212300 132458 125892 116329 80619 19319 6134 4295 61300 79842 35710 23371 9563 7696
is_linear=0
shrinkage=0.03


Tree=284
num_leaves=15
num_cat=0
split_feature=66 9 248 10 106 148 229 141 78 238 222 146 189 229
split_gain=31.9751 53.6187 60.5068 46.0982 43.9095 35.7235 41.1516 51.7848 32.8599 50.9895 47.0902 45.3169 46.3901 51.6505
threshold=15.500000000000002 80.500000000000014 0.7222222387790681 91.500000000000014 23.500000000000004 76.500000000000014 2.5000000000000004 70.500000000000014 6.5000000000000009 -0.14547630399465558 94.500000000000014 29.500000000000004 20.500000000000004 25.500000000000004
decision_type=10 10 2 10 10 10 8 10 10 10 10 10 10 10
left_child=1 3 4 5 -3 6 -1 -8 11 10 -10 -2 13 -13
right_child=8 2 -4 -5 -6 -7 7 -9 9 -11 -12 12 -14 -15
leaf_value=-0.010663679401468812 0.0075634399283760262 -0.01703577038975309 0.01086725130307366 -0.010874256422415308 -0.0037042205893276559 0.0041156818888603876 -0.0020834311765129854 0.0049787063863486478 0.0034627447820848763 0.00016124409204980973 -0.015333573041457596 -0.0037255968011837082 -0.00041883950004871251 -0.016258425490317616
leaf_weight=377.58914770185947 397.66035462915897 466.15193466842175 125.55235043913126 372.50152219086885 430.36328306794167 1391.1248985379934 4280.9660235866904 1184.7540231570601 6473.8888467606157 25629.783325053751 112.50405272096395 1142.3516002167016 2515.9496907517314 393.89350688457489
leaf_count=1920 1766 1997 564 1568 1834 6087 19570 5397 35440 114614 583 6163 13730 1749
internal_value=4.60449e-05 -0.00159594 -0.00801279 -0.000724381 -0.0107476 -0.000187474 -0.00121721 -0.00054634 0.0004328 0.000766703 0.00311892 -0.0019809 -0.00293384 -0.00702338
internal_weight=45295 8629 1022.07 7606.94 896.515 7234.43 5843.31 5465.72 36666 32216.2 6586.39 4449.86 4052.19 1536.25
internal_count=212982 38937 4395 34542 3831 32974 26887 24967 174045 150637 36023 23408 21642 7912
is_linear=0
shrinkage=0.03


Tree=285
num_leaves=15
num_cat=0
split_feature=246 244 230 245 246 222 245 62 226 246 224 222 1 230
split_gain=35.1153 121.039 98.284 103.037 91.7877 86.185 157.703 105.95 96.4206 80.8393 70.9259 62.4921 55.1512 49.1827
threshold=0.0064802560955286035 0.0079856347292661684 5.5000000000000009 -0.064034841954708085 0.003783074789680541 16.500000000000004 -0.070499647408723817 58.500000000000007 7.5000000000000009 0.0021583283087238674 79.500000000000014 7.5000000000000009 2.5000000000000004 51.500000000000007
decision_type=2 2 8 2 2 8 2 8 10 2 10 10 10 10
left_child=1 2 -1 5 -3 7 8 12 -7 -5 -10 -9 -4 -13
right_child=-2 4 3 9 -6 6 -8 11 10 -11 -12 13 -14 -15
leaf_value=0.017328700041728644 -0.00016574089245451062 -0.011331865606820771 7.4905490808323944e-05 -0.025691510323804522 0.026601187237840333 -0.024229552875891076 -0.027609590656757273 0.014111010039605696 0.02391410359748055 0.0078104818679959392 -0.014342530750823293 0.0059994787521796865 -0.030309153290063 -0.02242332776948611
leaf_weight=280.11854680627584 42382.673266200349 65.130735158920288 65.170063763856888 59.721265405416489 287.30495724827051 47.647714719176292 108.37635014951229 128.53815847635269 270.66363903135061 972.95933803915977 44.750618174672127 84.104292444884777 295.92620034515858 130.54141306877136
leaf_count=1535 199814 333 308 244 1356 262 457 587 1244 4070 209 370 1308 571
internal_value=5.10111e-05 0.00327386 0.00091107 -0.00124011 0.0194719 -0.00728435 0.00262018 -0.0138582 0.0121422 0.0056452 0.0182123 -0.0017892 -0.0249712 -0.0115152
internal_weight=45223.6 2840.95 2488.52 2208.4 352.436 1175.72 471.438 704.28 363.062 1032.68 315.414 343.184 361.096 214.646
internal_count=212668 12854 11165 9630 1689 5316 2172 3144 1715 4314 1453 1528 1616 941
is_linear=0
shrinkage=0.03


Tree=286
num_leaves=15
num_cat=0
split_feature=151 244 222 226 229 249 9 143 245 224 228 224 226 245
split_gain=33.7419 58.034 52.8952 66.0369 73.2332 47.288 80.3184 70.3785 50.1251 79.2311 52.8647 72.025 54.5653 47.6027
threshold=4.5000000000000009 0.10129259899258615 12.500000000000002 40.500000000000007 17.500000000000004 0.015151515137404205 62.500000000000007 94.500000000000014 -0.064034841954708085 32.500000000000007 35.500000000000007 65.500000000000014 78.500000000000014 -0.075677461922168718
decision_type=10 2 10 10 10 2 8 10 2 10 10 10 8 2
left_child=1 2 3 4 -1 6 7 -2 -8 -10 -11 12 -12 -7
right_child=5 -3 -4 -5 -6 13 8 -9 9 10 11 -13 -14 -15
leaf_value=-0.0074376061842461273 0.0070199517703012039 0.020543532321340055 -0.00062744116248352475 0.0041757012692134029 -0.028211304211844444 0.0017143148052374633 -0.010537015655210759 -0.011773494951063931 0.018649879852002647 -0.017835949884708897 -0.0044052497556201428 -0.012722025185547587 0.031877859980595773 -0.00074273634869698104
leaf_weight=1073.2644747309387 2819.4098923541605 87.690002724528313 3260.8880108334124 347.92321333289146 171.24016537517309 9660.8931992407888 499.01631627231836 182.57132703252137 174.95881014317274 160.61293433606625 58.756508857011795 123.63221800327301 82.777405008673668 26648.984733060002
leaf_count=5858 12559 782 14747 1603 752 53175 2208 883 734 659 242 513 352 118227
internal_value=-2.97558e-05 -0.00236734 -0.00282269 -0.00728603 -0.0104981 0.000256569 0.0033058 0.0058417 -0.00360667 0.00222845 -0.00479248 0.00346912 0.0175186 -8.87019e-05
internal_weight=45352.6 4941.01 4853.32 1592.43 1244.5 40411.6 4101.74 3001.98 1099.75 600.738 425.779 265.166 141.534 36309.9
internal_count=213294 23742 22960 8213 6610 189552 18150 13442 4708 2500 1766 1107 594 171402
is_linear=0
shrinkage=0.03


Tree=287
num_leaves=15
num_cat=0
split_feature=212 225 124 177 141 63 64 175 249 226 226 249 135 226
split_gain=34.2182 39.2987 32.2432 42.5395 37.9605 36.6304 63.2571 48.0923 46.7816 46.4425 140.892 84.3175 67.8065 68.3881
threshold=89.500000000000014 92.500000000000014 5.5000000000000009 36.500000000000007 1.5000000000000002 67.500000000000014 92.500000000000014 62.500000000000007 0.65151515603065502 41.500000000000007 49.500000000000007 0.015151515137404205 83.500000000000014 2.5000000000000004
decision_type=10 10 8 8 8 8 10 10 2 10 10 2 10 8
left_child=2 -2 3 -1 -4 6 9 -8 -7 12 11 -11 13 -6
right_child=1 -3 4 -5 5 8 7 -9 -10 10 -12 -13 -14 -15
leaf_value=0.0017442338341207269 -0.0051989380249512999 0.0073244275524614582 0.011168561071638182 -0.0093196315579088165 0.0033032371262656434 0.00088807844028674005 -0.0078483456333767465 0.0031268744030776567 0.0067541677915847987 0.021689722469322277 -0.00021971604856045889 0.0055552502533282597 0.011188498144758627 -0.002641606289252957
leaf_weight=544.60969417542219 1897.9901964236051 246.88122247904539 276.51053574681282 716.20318602025509 2080.1732397060841 12874.668237045407 1625.2287143170834 454.5587253049016 1342.6691182311624 336.27779386937618 10174.253102310002 1936.2075817324221 371.37793262302876 10460.211512245238
leaf_count=2328 8607 1216 1230 3051 12130 63407 7333 2153 7428 1448 45124 8443 1716 47774
internal_value=-4.0647e-05 -0.00373016 0.000143388 -0.00456446 0.000285997 0.000211096 -0.000429292 -0.00544612 0.00144642 -1.58502e-05 0.00129124 0.00802736 -0.00127589 -0.00165364
internal_weight=45337.8 2144.87 43192.9 1260.81 41932.1 41655.6 27438.3 2079.79 14217.3 25358.5 12446.7 2272.49 12911.8 12540.4
internal_count=213388 9823 203565 5379 198186 196956 126121 9486 70835 116635 55015 9891 61620 59904
is_linear=0
shrinkage=0.03


Tree=288
num_leaves=15
num_cat=0
split_feature=147 229 230 10 178 137 245 146 188 35 136 237 245 104
split_gain=38.4047 33.9131 47.8802 33.1557 60.3378 70.2414 91.1273 54.6811 55.1708 53.3382 51.0153 46.5157 46.3906 48.0653
threshold=97.500000000000014 72.500000000000014 88.500000000000014 2.5000000000000004 11.500000000000002 89.500000000000014 -0.081468682736158357 98.500000000000014 55.500000000000007 5.5000000000000009 4.5000000000000009 0.090940874069929137 -0.13156839460134503 34.500000000000007
decision_type=10 10 8 8 8 10 2 10 10 10 10 2 2 8
left_child=3 -2 -3 7 5 10 -7 8 -1 -9 -5 -8 -6 -14
right_child=1 2 -4 4 12 6 11 9 -10 -11 -12 -13 13 -15
leaf_value=0.001414163075867191 -0.0013667028060518557 -0.018524925047550305 -0.0015498890287103839 0.0024103980058581033 0.0080300975123877086 0.0042708113206061764 -0.029733726356270088 0.0017414011508852041 0.0092382809753124052 -0.015149572136764145 -0.0036820750636378887 -0.0014169451446171151 -0.00077288610452671386 0.0016018089247647129
leaf_weight=2434.2289671096951 1101.7540189176798 297.31468882784247 295.18148324638605 1717.2605290561914 679.65847516059875 157.44562854617834 230.56710554659367 407.7591829393059 1209.8994434289634 274.32407419756055 4360.4813340492547 68.002484999597073 19391.642126251012 12677.741884194314
leaf_count=11798 5015 1311 1392 9462 4677 954 998 3179 6728 1495 19937 327 87223 58646
internal_value=-9.15915e-05 -0.00450956 -0.0102341 8.10451e-05 -0.000193707 -0.00282367 -0.0140518 0.00257054 0.00403005 -0.00517265 -0.00195952 -0.0235392 0.000331698 0.00016609
internal_weight=45303.3 1694.25 592.496 43609 39282.8 6533.76 456.015 4326.21 3644.13 682.083 6077.74 298.57 32749 32069.4
internal_count=213142 7718 2703 205424 182224 31678 2279 23200 18526 4674 29399 1325 150546 145869
is_linear=0
shrinkage=0.03


Tree=289
num_leaves=15
num_cat=0
split_feature=230 229 249 243 228 231 245 228 231 245 249 245 244 230
split_gain=34.4305 118.601 114.804 158.715 129.551 103.309 99.9384 87.191 75.5995 75.8418 98.5088 110.477 89.6113 96.4829
threshold=72.500000000000014 83.500000000000014 0.025252525694668296 -0.045028099790215485 35.500000000000007 60.500000000000007 -0.089477159082889543 16.500000000000004 26.500000000000004 -0.033038208261132233 0.1565656587481499 -0.083898831158876405 0.0084348898380994814 91.500000000000014
decision_type=8 10 2 2 8 10 2 10 10 2 2 2 2 8
left_child=1 -1 3 -2 6 8 7 -4 -6 10 11 -10 13 -13
right_child=2 -3 4 -5 5 -7 -8 -9 9 -11 -12 12 -14 -15
leaf_value=-0.00034679549328569186 -0.03009834583119601 -0.01497898450162112 0.012668025150560902 -0.0022056448221718671 0.0019473810683550963 0.0051629528944789711 0.01419537861985294 -0.019366147631139388 0.021000324592808154 0.0026601815121152519 0.00073828474824260228 -0.018038746416612475 -0.023098224612202217 0.013851381844919365
leaf_weight=33925.701351325959 211.66652956232429 496.00436520576477 128.86548705399036 1080.5859942957759 2384.1198267042637 3175.7433178462088 1237.4261777773499 161.4533374607563 65.663320820778608 698.35757981240749 592.86732434481382 181.00826136767864 679.63332890719175 144.87738129496574
leaf_count=158063 946 2151 1011 4762 12130 16087 5991 865 331 3065 2771 763 2887 624
internal_value=-9.91734e-05 -0.000561929 0.00138279 -0.00697042 0.00253122 0.000983189 0.0105001 -0.00519861 -0.00181833 -0.00561084 -0.00907712 -0.0144662 -0.0169663 -0.00387121
internal_weight=45164 34421.7 10742.3 1292.25 9450.02 7922.27 1527.75 290.319 4746.53 2362.41 1664.05 1071.18 1005.52 325.886
internal_count=212447 160214 52233 5708 46525 38658 7867 1876 22571 10441 7376 4605 4274 1387
is_linear=0
shrinkage=0.03


Tree=290
num_leaves=15
num_cat=0
split_feature=231 249 231 246 249 230 231 228 222 146 226 244 39 230
split_gain=39.7193 137.581 69.2737 63.915 79.9381 73.9669 58.5905 87.2998 99.9371 66.3176 65.3924 74.6131 71.8334 58.2952
threshold=99.500000000000014 0.83333334326744091 97.500000000000014 0.062701568007469191 0.67171716690063488 3.5000000000000004 92.500000000000014 16.500000000000004 79.500000000000014 97.500000000000014 2.5000000000000004 0.043289680033922202 7.5000000000000009 1.0000000180025095e-35
decision_type=10 2 10 2 2 10 10 8 10 10 10 2 10 10
left_child=2 -2 6 13 -5 -6 -1 10 -9 -10 11 -8 -13 -4
right_child=1 -3 3 4 5 -7 7 8 9 -11 -12 12 -14 -15
leaf_value=0.00036002691668695025 -0.0078927365241857513 0.018434273916749202 -0.011972031853099625 -0.015003150463485243 0.02734951911839411 -0.0066282111216652345 0.0049724801174390971 0.0078914903895573301 -0.0030935772289544779 -0.032059810903318622 -0.012958039096390947 0.0042942531356083089 -0.047084073113333617 0.016979231859201326
leaf_weight=39892.310442231596 1392.5770082995296 195.11512791737914 63.224015805870295 191.89333915710449 108.59450646489859 106.10180889070034 445.91513702645898 808.35384049639106 265.99940529465675 88.401778891682625 1062.3253690749407 42.050641998648643 43.937095314264297 557.88673022389412
leaf_count=184093 7733 1626 393 1090 721 558 2280 4147 1255 479 5106 336 196 3045
internal_value=8.37696e-05 -0.00456222 0.00025366 0.00791226 -0.00133244 0.0110102 6.73031e-05 -0.00415427 0.00208864 -0.0110004 -0.00869219 -9.04785e-05 -0.0241287 0.0138892
internal_weight=45264.7 1587.69 43677 1027.7 406.59 214.696 42649.3 2756.98 1162.76 354.401 1594.23 531.903 85.9877 621.111
internal_count=213058 9359 203699 5807 2369 1279 197892 13799 5881 1734 7918 2812 532 3438
is_linear=0
shrinkage=0.03


Tree=291
num_leaves=15
num_cat=0
split_feature=194 195 127 190 226 245 230 230 226 246 191 149 226 243
split_gain=39.2086 48.559 42.5299 44.332 40.2102 38.4273 45.9626 97.2344 48.5191 44.3361 38.8011 37.841 34.2787 42.2381
threshold=29.500000000000004 55.500000000000007 2.5000000000000004 2.5000000000000004 6.5000000000000009 -0.09922825917601584 43.500000000000007 53.500000000000007 54.500000000000007 0.20274399220943454 53.500000000000007 72.500000000000014 54.500000000000007 -0.025704713538289067
decision_type=10 10 10 10 10 2 10 10 10 2 8 10 10 2
left_child=5 2 3 4 -2 6 12 10 -9 -7 -8 -3 13 -1
right_child=1 11 -4 -5 -6 9 7 8 -10 -11 -12 -13 -14 -15
leaf_value=0.0038776821819881137 6.7072147174248087e-05 -0.00044538480657547232 -0.0014266890202007981 -0.0049223458181769948 -0.031474846692719119 0.00057919068904060901 -0.03898515835212036 -0.011788917930635221 0.015489868930256986 -0.016369505104919076 -0.0041927979933141157 0.0038528072969149247 0.020855317439544406 0.023413597237836196
leaf_weight=2385.7629982717335 52.524224957451224 5460.2468561790884 13237.409643862396 872.07150663807988 107.99688328802586 19582.310431860387 73.292824789881706 84.172757230699062 148.53371446952224 129.90739809721708 48.1985217705369 2771.7130767405033 115.59282361716032 94.556659746915102
leaf_count=16012 438 25218 60438 4195 492 88567 351 383 1049 749 224 13302 590 640
internal_value=5.75234e-05 -0.000829359 -0.00188736 -0.00772267 -0.0217553 0.000938107 0.00412539 -0.00589165 0.00554362 0.000459252 -0.0265508 0.00100474 0.00550952 0.00471347
internal_weight=45164.3 22502 14270 1032.59 160.521 22662.3 2950.11 354.198 232.706 19712.2 121.491 8231.96 2595.91 2480.32
internal_count=212648 104083 65563 5125 930 108565 19249 2007 1432 89316 575 38520 17242 16652
is_linear=0
shrinkage=0.03


Tree=292
num_leaves=15
num_cat=0
split_feature=67 237 222 70 226 248 244 243 228 248 244 228 243 150
split_gain=39.3785 52.3148 49.9922 83.5312 74.8733 92.1039 67.4494 66.6457 82.672 85.6971 92.8633 65.8258 99.1701 74.5629
threshold=86.500000000000014 0.16661015152931216 39.500000000000007 22.500000000000004 6.5000000000000009 0.70202019810676586 0.01538380701094866 -0.039891311898827546 10.500000000000002 0.59090909361839306 0.055000575259327895 47.500000000000007 -0.008629474323242901 63.500000000000007
decision_type=10 2 10 10 10 2 2 2 10 2 2 10 2 10
left_child=2 -2 11 4 6 -6 -4 8 -5 -10 -11 13 -13 -1
right_child=1 -3 3 7 5 -7 -8 -9 9 10 -12 12 -14 -15
leaf_value=0.00012264210375663377 -0.004542406889107559 0.0047533795879917042 -0.023910747618013865 -0.0165459878077098 0.0060506367802688962 0.024241981111104968 0.001801742416309998 -0.00035258582524318307 0.0033100713039297702 0.026561336575551975 -0.016320375048025752 0.0068653046676942437 -0.014619849910306041 -0.0036072644888028439
leaf_weight=19654.034664606676 3042.9553599134088 654.67160095274448 115.75674315541983 109.19991717487574 2477.0713790841401 270.88505211099982 335.724066875875 9035.0363180786371 664.59620919078588 332.82703676819801 45.562928646802902 1901.1296433582902 205.70600564777851 6382.1709764301777
leaf_count=94124 13886 3583 545 563 11224 1408 1803 40259 3285 1800 235 8841 876 30532
internal_value=7.41902e-05 -0.00288819 0.00033858 0.00184704 0.00606759 0.00792528 -0.00516605 0.000516873 0.00727923 0.00990716 0.0211106 -0.000379345 0.00470839 -0.000792692
internal_weight=45227.3 3697.63 41529.7 13386.7 3199.44 2747.96 451.481 10187.2 1152.19 1042.99 378.39 28143 2106.84 26036.2
internal_count=212964 17469 195495 61122 14980 12632 2348 46142 5883 5320 2035 134373 9717 124656
is_linear=0
shrinkage=0.03


Tree=293
num_leaves=15
num_cat=0
split_feature=140 23 231 226 231 95 231 243 230 230 230 222 65 66
split_gain=41.0703 74.3537 77.7189 91.9117 53.9192 45.3606 40.4556 144.802 131.86 170.662 145.677 98.9459 96.4459 82.3704
threshold=10.500000000000002 23.500000000000004 5.5000000000000009 33.500000000000007 98.500000000000014 6.5000000000000009 26.500000000000004 -0.02068407833576202 35.500000000000007 69.500000000000014 17.500000000000004 7.5000000000000009 58.500000000000007 79.500000000000014
decision_type=10 10 8 10 10 10 10 2 10 10 8 10 10 10
left_child=1 2 3 -1 -4 -6 7 8 10 11 13 -10 -11 -2
right_child=6 -3 4 -5 5 -7 -8 -9 9 12 -12 -13 -14 -15
leaf_value=-0.024142464392305083 -0.00091961788021402305 -0.0060677938941743753 0.0010036768427819484 0.0045824690200106568 -0.033104267554758468 -0.0052832206945686248 -2.015416738713124e-06 -0.0016964586331098574 0.019782088751095463 0.018450714978795402 0.023781081235687916 -0.0047402545164613721 0.0014731713632460464 0.022264271902236132
leaf_weight=242.57544645667076 587.49191348999739 2478.7595116272569 7596.358480764553 161.65281961113214 60.197530530393124 233.90216663479805 25639.868182493374 4182.019433259964 151.08605369180441 712.28719959035516 660.21549285948277 1845.1221691407263 519.68599724024534 169.94829512387514
leaf_count=1089 2633 10521 37596 716 328 1389 122275 18094 677 3199 3010 7988 2563 915
internal_value=9.59409e-05 -0.00151998 -0.00015525 -0.0128219 0.000509072 -0.0118791 0.000601316 0.00235167 0.00599147 0.0026249 0.0135855 -0.00279489 0.0113586 0.00450452
internal_weight=45241.2 10773.4 8294.69 404.228 7890.46 294.1 34467.7 8827.86 4645.84 3228.18 1417.66 1996.21 1231.97 757.44
internal_count=212993 51639 41118 1805 39313 1717 161354 39079 20985 14427 6558 8665 5762 3548
is_linear=0
shrinkage=0.03


Tree=294
num_leaves=15
num_cat=0
split_feature=70 81 229 226 226 248 243 246 10 229 124 224 243 246
split_gain=31.9608 81.8523 56.1304 48.302 125.235 124.121 110.856 103.041 71.5589 73.4368 69.6434 73.4507 66.0123 102.013
threshold=79.500000000000014 51.500000000000007 33.500000000000007 43.500000000000007 49.500000000000007 0.83333334326744091 -0.087225511670112596 0.076778180897235884 83.500000000000014 63.500000000000007 56.500000000000007 21.500000000000004 -0.040686661377549165 0.031521078199148185
decision_type=10 10 8 10 10 2 2 2 8 10 10 10 2 2
left_child=3 -2 -3 -1 8 6 -6 -7 9 -5 11 -8 13 -13
right_child=1 2 -4 4 5 7 10 -9 -10 -11 -12 12 -14 -15
leaf_value=-0.00065796710588720728 -0.0069356259395574197 0.0072509915105459901 -0.0012364123461147401 0.012441738518341539 -0.024298126146528203 0.021286568791531114 0.0070256305117745617 -0.011204432660783768 -0.0023274893562890944 -0.0094023006785818632 0.0025159531636362977 -0.012915055900306314 -0.0011205152020167771 0.0042454674074034948
leaf_weight=21204.468165857717 2051.1638480722904 826.95756596326828 4316.0712097808719 1679.0303740128875 158.00968436896801 416.36163691803813 761.68136521428823 103.85477471724153 476.64370322227478 143.71102856099606 6389.5485477484763 1115.293455787003 5180.9048337042332 425.58188024908304
leaf_count=103792 9196 3967 19977 7401 739 2154 3306 713 2176 601 29888 4884 22247 2038
internal_value=-5.20891e-05 -0.00188439 0.000139717 0.000294705 0.00149321 0.000462861 -7.55127e-05 0.0147112 0.00798333 0.0106776 0.000217679 -0.00174538 -0.00274823 -0.00817859
internal_weight=45249.3 7194.19 5143.03 38055.1 16850.6 14551.2 14031 520.216 2299.39 1822.74 13873 7483.46 6721.78 1540.88
internal_count=213079 33140 23944 179939 76147 65969 63102 2867 10178 8002 62363 32475 29169 6922
is_linear=0
shrinkage=0.03


Tree=295
num_leaves=15
num_cat=0
split_feature=245 246 228 230 245 59 230 222 245 245 230 228 224 118
split_gain=41.607 43.1499 36.6539 86.6416 51.3686 51.6259 49.8269 46.7633 82.5581 91.1396 92.47 78.9701 70.8034 61.4159
threshold=-0.20662932842969892 0.28148111701011663 93.500000000000014 62.500000000000007 -0.081468682736158357 98.500000000000014 54.500000000000007 78.500000000000014 -0.044407408684492104 -0.067081179469823823 81.500000000000014 80.500000000000014 22.500000000000004 89.500000000000014
decision_type=2 2 10 8 2 10 10 10 2 2 8 10 10 8
left_child=-1 2 7 6 -5 -6 -4 -2 9 10 11 12 -9 -11
right_child=1 -3 3 4 5 -7 -8 8 -10 13 -12 -13 -14 -15
leaf_value=0.014739271331369758 -0.00018123456253787469 -0.014848280262283816 -0.0030686512001074462 -0.022751082525705922 -0.0037709808864120086 0.011475862672284783 -0.036416760817716602 -0.012379668519337915 -0.0005071395971815723 0.018413460521908856 0.021150906196954204 -0.033929134413497763 0.024990354680746292 -0.00032505179700850588
leaf_weight=160.33055562712252 40421.526098482311 168.21966060250998 65.585435256361961 87.47180737555027 794.93267628550529 255.89509351551533 103.60280938446522 134.44786933064461 1813.532663218677 723.17106253653765 94.637712344527245 86.477506369352341 56.70518459379673 200.02045392245054
leaf_count=2547 188715 898 276 504 3657 1311 423 705 8032 3273 579 377 369 1031
internal_value=-5.99464e-05 -0.00011593 -5.73596e-05 -0.00498721 -0.00191727 1.5073e-05 -0.0243821 9.18254e-05 0.00363121 0.00938405 -0.00309062 -0.011802 -0.000602678 0.0143936
internal_weight=45166.6 45006.2 44838 1307.49 1138.3 1050.83 169.188 43530.5 3108.99 1295.46 372.268 277.631 191.153 923.192
internal_count=212697 210150 209252 6171 5472 4968 699 203081 14366 6334 2030 1451 1074 4304
is_linear=0
shrinkage=0.03


Tree=296
num_leaves=15
num_cat=0
split_feature=246 248 244 230 243 248 231 243 231 119 249 243 246 245
split_gain=39.261 117.537 131.271 115.329 98.1473 139.434 104.922 121.741 94.6807 81.0878 73.8109 84.6627 93.3459 72.1381
threshold=0.0064802560955286035 0.69191917777061474 0.0067795652430504569 5.5000000000000009 -0.037554398179054253 0.85353535413742077 19.500000000000004 -0.026782759465277192 5.5000000000000009 28.500000000000004 0.04545454494655133 -0.021429217420518395 0.0042016154620796451 -0.090042456984519945
decision_type=2 2 2 10 2 2 10 2 8 8 2 2 2 2
left_child=1 8 3 -3 5 13 7 -6 -1 -4 11 -10 -13 -5
right_child=-2 2 9 4 6 -7 -8 -9 10 -11 -12 12 -14 -15
leaf_value=-0.015959756106364523 -0.00025331704708799515 0.019367552474301573 -0.014613607406709736 0.02507257942803175 -0.025775281520280937 -0.03077019227445757 -0.027845729145446002 0.033760506547708187 0.018341320478492473 0.02712746833021339 -0.0039932164270417344 -0.019046431887696259 0.012900443007867406 -0.0036698252290399951
leaf_weight=121.00964778661728 42299.019978983328 111.44593966938555 48.254667475819588 132.3231900036335 49.76953561604023 94.28662745654583 384.08024113625288 54.366033345460892 918.14284591376781 162.30504022911191 250.15233459323645 124.13014808297157 203.106399923563 170.61781838536263
leaf_count=514 199642 687 203 613 206 436 1661 224 4170 872 1147 525 851 746
internal_value=-2.43466e-05 0.00339407 -0.00367107 -0.0082355 -0.0118872 -0.000744905 -0.0207561 0.00554125 0.00866139 0.0173327 0.0107464 0.0137152 0.000576646 0.00928473
internal_weight=45123 2823.99 1207.45 996.889 885.443 397.228 488.216 104.136 1616.54 210.56 1495.53 1245.38 327.237 302.941
internal_count=212497 12855 5648 4573 3886 1795 2091 430 7207 1075 6693 5546 1376 1359
is_linear=0
shrinkage=0.03


Tree=297
num_leaves=15
num_cat=0
split_feature=245 77 165 139 78 78 226 231 231 246 245 226 47 231
split_gain=34.333 37.9549 38.2032 34.1597 73.3123 61.9511 62.2782 126.1 75.9771 126.867 105.335 115.971 102.769 100.794
threshold=-0.20662932842969892 1.5000000000000002 81.500000000000014 42.500000000000007 12.500000000000002 12.500000000000002 43.500000000000007 76.500000000000014 88.500000000000014 0.038739066570997245 -0.088454291224479661 1.0000000180025095e-35 40.500000000000007 63.500000000000007
decision_type=2 8 8 8 8 10 10 10 10 2 2 10 10 10
left_child=-1 2 -2 5 -5 -3 8 -8 9 -7 -10 -12 -13 -11
right_child=1 3 -4 4 -6 6 7 -9 10 13 11 12 -14 -15
leaf_value=0.013431533641846134 -0.0094970566547841438 -0.0025704766043347319 -5.1270194859674095e-06 0.004111755287899815 -0.0015007464619787322 -0.00013530634189072647 0.0013841047532259928 0.011381482947705914 0.0037665620128162153 0.013744697202057683 -0.023735592827760686 0.00090388777954870654 -0.014705730031107199 0.0011767064889222556
leaf_weight=158.49454659223557 758.81550714373589 3991.1603148132563 757.77202292904258 2355.7407437302172 18285.54589214921 7951.980954091996 4069.7919630669057 1566.7580216452479 1093.4809599220753 1215.910311575979 331.00695887953043 1096.7294382154942 569.66271571815014 1084.3218090198934
leaf_count=2557 3507 20390 3825 11166 81777 36409 18518 8003 6502 6005 1468 5021 2554 5563
internal_value=-8.5339e-05 -0.000135776 -0.00478546 2.6974e-05 -0.000858524 0.000822699 0.00153722 0.00417825 0.000419265 0.00166242 -0.00369627 -0.00778022 -0.00448821 0.00785093
internal_weight=45287.2 45128.7 1516.59 43612.1 20641.3 22970.8 18979.6 5636.55 13343.1 10252.2 3090.88 1997.4 1666.39 2300.23
internal_count=213265 210708 7332 203376 92943 110433 90043 26521 63522 47977 15545 9043 7575 11568
is_linear=0
shrinkage=0.03


Tree=298
num_leaves=15
num_cat=0
split_feature=233 230 229 127 241 248 231 230 140 56 228 134 121 228
split_gain=34.0146 64.7878 97.4642 135.027 78.308 74.4174 74.4961 151.486 71.8419 73.5674 93.7357 91.9511 71.2626 69.67
threshold=53.500000000000007 24.500000000000004 25.500000000000004 38.500000000000007 -1.4060863256454466 0.40909090638160711 27.500000000000004 16.500000000000004 89.500000000000014 40.500000000000007 12.500000000000002 89.500000000000014 62.500000000000007 93.500000000000014
decision_type=10 10 10 10 10 2 10 10 8 10 10 10 10 10
left_child=-1 2 8 5 13 -4 7 -7 9 10 -2 -12 -10 -3
right_child=1 4 3 -5 -6 6 -8 -9 12 -11 11 -13 -14 -15
leaf_value=-0.0007763281709655172 0.0004684030490380508 0.0069370255451120079 -0.0023721376621945499 0.0034412642083932674 0.00058517009460398023 -0.022156312907922148 -0.024533265509444686 0.027157011420579122 -0.022518146581958796 -0.003660604382551883 0.010333347983361921 -0.017240516847442901 0.001438108379470743 -0.013644711785812407
leaf_weight=24603.997027985752 4392.5100914184004 3522.4848971404135 379.05850713700056 686.60330519080162 6357.6101658754051 138.39946594834328 543.63644847273827 80.242042616009712 225.363778822124 2093.6113565526903 1684.9557181708515 107.4170677550137 210.63940204307437 145.44528838247061
leaf_count=115037 23822 16162 1662 3293 27790 594 2421 353 1077 9732 8308 588 1325 713
internal_value=-2.37866e-05 0.000876365 -0.000765345 -0.00704348 0.00260176 -0.013326 -0.0186718 -0.00366198 0.000558112 0.00118862 0.00283337 0.00859436 -0.0111718 0.00608601
internal_weight=45172 20568 10542.4 1827.94 10025.5 1141.34 762.278 218.642 8714.5 8278.49 6184.88 1792.37 436.003 3667.93
internal_count=212877 97840 53175 8323 44665 5030 3368 947 44852 42450 32718 8896 2402 16875
is_linear=0
shrinkage=0.03


Tree=299
num_leaves=15
num_cat=0
split_feature=228 228 248 230 244 170 222 245 244 245 245 146 116 222
split_gain=32.5137 40.6664 72.5858 50.2924 59.1544 40.2655 41.7232 79.6983 66.4994 55.027 87.0084 46.1526 56.2747 63.6998
threshold=99.500000000000014 93.500000000000014 0.58080807328224193 63.500000000000007 0.025378358550369743 61.500000000000007 59.500000000000007 -0.044646779075264924 0.01169813657179475 -0.059450296685099595 -0.055017109960317605 97.500000000000014 34.500000000000007 78.500000000000014
decision_type=10 10 2 8 2 10 10 2 2 2 2 10 10 10
left_child=1 5 3 -3 -5 6 -1 8 9 -8 -11 12 -10 -14
right_child=-2 2 -4 4 -6 -7 7 -9 11 10 -12 -13 13 -15
leaf_value=-0.00074130403569955955 0.015277123180012023 -0.018813350210182381 -0.023725754175626633 0.018358457804848953 -0.0030405797569156901 0.0021104983292755852 0.030693174277292134 -0.0010457437860213147 0.011598143568473796 -0.024189806673042595 0.017460031976617392 -0.0086033381331720362 -0.0051190060661981049 0.010238596082431214
leaf_weight=30908.508584160358 114.92170125246048 135.50952917337418 159.33917230367661 127.17403361201286 752.71343512833118 7428.0356335546821 156.45830008387566 3153.9618633836508 778.33180829137564 50.403657287359238 173.57010306417942 223.61323783174157 613.78161985427141 388.35051531344652
leaf_count=145617 585 562 867 596 3483 35675 763 13766 3887 220 752 1259 2955 1832
internal_value=-6.78368e-06 -4.91546e-05 -0.00553373 -0.00247544 0.000223863 9.89202e-05 -0.000311514 0.00208403 0.00621082 0.0175527 0.00745377 0.00398135 0.00560111 0.000874795
internal_weight=45164.7 45049.8 1174.74 1015.4 879.887 43875 36447 5538.47 2384.51 380.432 223.974 2004.08 1780.46 1002.13
internal_count=212819 212234 5508 4641 4079 206726 171051 25434 11668 1735 972 9933 8674 4787
is_linear=0
shrinkage=0.03


end of trees

feature_importances:
Column_245=304
Column_231=296
Column_226=276
Column_230=202
Column_248=202
Column_243=166
Column_224=156
Column_244=152
Column_228=140
Column_249=118
Column_229=106
Column_242=105
Column_246=96
Column_222=95
Column_238=82
Column_120=71
Column_140=56
Column_119=55
Column_233=48
Column_10=39
Column_76=33
Column_126=33
Column_190=33
Column_193=32
Column_47=31
Column_63=31
Column_148=29
Column_52=28
Column_66=26
Column_77=26
Column_137=26
Column_24=25
Column_70=25
Column_178=25
Column_236=24
Column_60=23
Column_101=22
Column_147=22
Column_232=22
Column_78=21
Column_146=21
Column_118=20
Column_237=20
Column_106=19
Column_29=18
Column_194=18
Column_57=17
Column_69=16
Column_134=16
Column_143=16
Column_68=15
Column_98=15
Column_141=15
Column_122=14
Column_139=14
Column_195=14
Column_209=14
Column_149=13
Column_165=13
Column_35=12
Column_62=12
Column_144=12
Column_189=12
Column_215=12
Column_56=11
Column_67=11
Column_75=11
Column_80=11
Column_121=11
Column_124=11
Column_136=11
Column_241=11
Column_4=10
Column_59=10
Column_138=10
Column_142=10
Column_171=10
Column_8=9
Column_37=9
Column_51=9
Column_117=9
Column_135=9
Column_151=9
Column_225=9
Column_240=9
Column_31=8
Column_65=8
Column_104=8
Column_192=8
Column_252=8
Column_79=7
Column_22=6
Column_38=6
Column_61=6
Column_71=6
Column_81=6
Column_108=6
Column_170=6
Column_188=6
Column_235=6
Column_239=6
Column_9=5
Column_64=5
Column_110=5
Column_125=5
Column_186=5
Column_0=4
Column_23=4
Column_28=4
Column_34=4
Column_53=4
Column_55=4
Column_58=4
Column_96=4
Column_103=4
Column_129=4
Column_145=4
Column_164=4
Column_175=4
Column_184=4
Column_2=3
Column_7=3
Column_14=3
Column_20=3
Column_32=3
Column_45=3
Column_46=3
Column_92=3
Column_115=3
Column_127=3
Column_130=3
Column_167=3
Column_174=3
Column_212=3
Column_234=3
Column_247=3
Column_250=3
Column_3=2
Column_11=2
Column_12=2
Column_13=2
Column_16=2
Column_26=2
Column_33=2
Column_39=2
Column_41=2
Column_44=2
Column_54=2
Column_83=2
Column_94=2
Column_100=2
Column_111=2
Column_114=2
Column_123=2
Column_131=2
Column_132=2
Column_150=2
Column_152=2
Column_155=2
Column_161=2
Column_162=2
Column_176=2
Column_177=2
Column_191=2
Column_1=1
Column_5=1
Column_6=1
Column_17=1
Column_19=1
Column_25=1
Column_36=1
Column_43=1
Column_50=1
Column_72=1
Column_73=1
Column_84=1
Column_89=1
Column_90=1
Column_91=1
Column_93=1
Column_95=1
Column_116=1
Column_128=1
Column_133=1
Column_157=1
Column_169=1
Column_173=1
Column_204=1
Column_208=1
Column_217=1
Column_223=1

parameters:
[boosting: gbdt]
[objective: binary]
[metric: binary_logloss]
[tree_learner: serial]
[device_type: cpu]
[data_sample_strategy: bagging]
[data: ]
[valid: ]
[num_iterations: 300]
[learning_rate: 0.03]
[num_leaves: 15]
[num_threads: 4]
[seed: 25]
[deterministic: 0]
[force_col_wise: 0]
[force_row_wise: 0]
[histogram_pool_size: -1]
[max_depth: -1]
[min_data_in_leaf: 200]
[min_sum_hessian_in_leaf: 0.001]
[bagging_fraction: 0.7]
[pos_bagging_fraction: 1]
[neg_bagging_fraction: 1]
[bagging_freq: 1]
[bagging_seed: 14285]
[bagging_by_query: 0]
[feature_fraction: 0.5]
[feature_fraction_bynode: 1]
[feature_fraction_seed: 14195]
[extra_trees: 0]
[extra_seed: 11661]
[early_stopping_round: 0]
[early_stopping_min_delta: 0]
[first_metric_only: 0]
[max_delta_step: 0]
[lambda_l1: 0]
[lambda_l2: 10]
[linear_lambda: 0]
[min_gain_to_split: 0]
[drop_rate: 0.1]
[max_drop: 50]
[skip_drop: 0.5]
[xgboost_dart_mode: 0]
[uniform_drop: 0]
[drop_seed: 9090]
[top_rate: 0.2]
[other_rate: 0.1]
[min_data_per_group: 100]
[max_cat_threshold: 32]
[cat_l2: 10]
[cat_smooth: 10]
[max_cat_to_onehot: 4]
[top_k: 20]
[monotone_constraints: ]
[monotone_constraints_method: basic]
[monotone_penalty: 0]
[feature_contri: ]
[forcedsplits_filename: ]
[refit_decay_rate: 0.9]
[cegb_tradeoff: 1]
[cegb_penalty_split: 0]
[cegb_penalty_feature_lazy: ]
[cegb_penalty_feature_coupled: ]
[path_smooth: 0]
[interaction_constraints: ]
[verbosity: -1]
[saved_feature_importance_type: 0]
[use_quantized_grad: 0]
[num_grad_quant_bins: 4]
[quant_train_renew_leaf: 0]
[stochastic_rounding: 1]
[linear_tree: 0]
[max_bin: 255]
[max_bin_by_feature: ]
[min_data_in_bin: 3]
[bin_construct_sample_cnt: 200000]
[data_random_seed: 120]
[is_enable_sparse: 1]
[enable_bundle: 1]
[use_missing: 1]
[zero_as_missing: 0]
[feature_pre_filter: 1]
[pre_partition: 0]
[two_round: 0]
[header: 0]
[label_column: ]
[weight_column: ]
[group_column: ]
[ignore_column: ]
[categorical_feature: ]
[forcedbins_filename: ]
[precise_float_parser: 0]
[parser_config_file: ]
[objective_seed: 4575]
[num_class: 1]
[is_unbalance: 0]
[scale_pos_weight: 1]
[sigmoid: 1]
[boost_from_average: 1]
[reg_sqrt: 0]
[alpha: 0.05]
[fair_c: 1]
[poisson_max_delta_step: 0.7]
[tweedie_variance_power: 1.5]
[lambdarank_truncation_level: 30]
[lambdarank_norm: 1]
[label_gain: ]
[lambdarank_position_bias_regularization: 0]
[eval_at: ]
[multi_error_top_k: 1]
[auc_mu_weights: ]
[num_machines: 1]
[local_listen_port: 12400]
[time_out: 120]
[machine_list_filename: ]
[machines: ]
[gpu_platform_id: -1]
[gpu_device_id: -1]
[gpu_device_id_list: ]
[gpu_use_dp: 0]
[num_gpu: 1]

end of parameters

pandas_categorical:null
