tree
version=v4
num_class=1
num_tree_per_iteration=1
label_index=0
max_feature_idx=252
objective=binary sigmoid:1
feature_names=Column_0 Column_1 Column_2 Column_3 Column_4 Column_5 Column_6 Column_7 Column_8 Column_9 Column_10 Column_11 Column_12 Column_13 Column_14 Column_15 Column_16 Column_17 Column_18 Column_19 Column_20 Column_21 Column_22 Column_23 Column_24 Column_25 Column_26 Column_27 Column_28 Column_29 Column_30 Column_31 Column_32 Column_33 Column_34 Column_35 Column_36 Column_37 Column_38 Column_39 Column_40 Column_41 Column_42 Column_43 Column_44 Column_45 Column_46 Column_47 Column_48 Column_49 Column_50 Column_51 Column_52 Column_53 Column_54 Column_55 Column_56 Column_57 Column_58 Column_59 Column_60 Column_61 Column_62 Column_63 Column_64 Column_65 Column_66 Column_67 Column_68 Column_69 Column_70 Column_71 Column_72 Column_73 Column_74 Column_75 Column_76 Column_77 Column_78 Column_79 Column_80 Column_81 Column_82 Column_83 Column_84 Column_85 Column_86 Column_87 Column_88 Column_89 Column_90 Column_91 Column_92 Column_93 Column_94 Column_95 Column_96 Column_97 Column_98 Column_99 Column_100 Column_101 Column_102 Column_103 Column_104 Column_105 Column_106 Column_107 Column_108 Column_109 Column_110 Column_111 Column_112 Column_113 Column_114 Column_115 Column_116 Column_117 Column_118 Column_119 Column_120 Column_121 Column_122 Column_123 Column_124 Column_125 Column_126 Column_127 Column_128 Column_129 Column_130 Column_131 Column_132 Column_133 Column_134 Column_135 Column_136 Column_137 Column_138 Column_139 Column_140 Column_141 Column_142 Column_143 Column_144 Column_145 Column_146 Column_147 Column_148 Column_149 Column_150 Column_151 Column_152 Column_153 Column_154 Column_155 Column_156 Column_157 Column_158 Column_159 Column_160 Column_161 Column_162 Column_163 Column_164 Column_165 Column_166 Column_167 Column_168 Column_169 Column_170 Column_171 Column_172 Column_173 Column_174 Column_175 Column_176 Column_177 Column_178 Column_179 Column_180 Column_181 Column_182 Column_183 Column_184 Column_185 Column_186 Column_187 Column_188 Column_189 Column_190 Column_191 Column_192 Column_193 Column_194 Column_195 Column_196 Column_197 Column_198 Column_199 Column_200 Column_201 Column_202 Column_203 Column_204 Column_205 Column_206 Column_207 Column_208 Column_209 Column_210 Column_211 Column_212 Column_213 Column_214 Column_215 Column_216 Column_217 Column_218 Column_219 Column_220 Column_221 Column_222 Column_223 Column_224 Column_225 Column_226 Column_227 Column_228 Column_229 Column_230 Column_231 Column_232 Column_233 Column_234 Column_235 Column_236 Column_237 Column_238 Column_239 Column_240 Column_241 Column_242 Column_243 Column_244 Column_245 Column_246 Column_247 Column_248 Column_249 Column_250 Column_251 Column_252
feature_infos=[0:100] [0:100] [0:100] [0:100] [0:100] [0:100] [0:100] [0:100] [0:100] [0:100] [0:100] [0:100] [0:100] [0:100] [0:100] [0:100] [0:100] [0:100] [0:100] [0:100] [0:100] [0:100] [0:100] [0:100] [0:100] [0:100] [0:100] [0:100] [0:100] [0:100] [0:100] [0:100] [0:100] [0:100] [0:100] [0:100] [0:100] [0:100] [0:100] [0:100] [0:100] [0:100] [0:100] [0:100] [0:100] [0:100] [0:100] [0:100] [0:100] [0:100] [0:100] [0:100] [0:100] [0:100] [0:100] [0:100] [0:100] [0:100] [0:100] [0:100] [0:100] [0:100] [0:100] [0:100] [0:100] [0:100] [0:100] [0:100] [0:100] [0:100] [0:100] [0:100] [0:100] [0:100] [0:100] [0:100] [0:100] [0:100] [0:100] [0:100] [0:100] [0:100] [0:100] [0:100] [0:100] [0:100] [0:100] [0:100] [0:100] [0:100] [0:100] [0:100] [0:99] [0:100] [0:100] [0:100] [0:100] [0:100] [0:95] [0:100] [0:100] [0:100] [0:100] [0:100] [0:100] [0:100] [0:100] [0:100] [0:100] [0:100] [0:100] [0:100] none none [0:100] [0:100] [0:100] [0:100] [0:100] [0:100] [0:100] [0:100] [0:100] [0:100] [0:100] [0:100] [0:100] [0:100] [0:100] [0:99] [0:99] [0:100] [0:100] [0:100] [0:100] [0:100] [0:100] [0:100] [0:100] [0:100] [0:100] [0:100] [0:100] [0:100] [0:100] [0:100] [0:100] [0:100] [0:100] [0:100] [0:100] [0:100] [0:100] [0:100] [0:100] [0:100] [0:100] [0:100] [0:100] [0:100] [0:100] [0:100] [0:100] [0:100] [0:100] [0:100] [0:100] [0:100] [0:100] [0:100] [0:100] [0:100] [0:100] [0:100] [0:100] [0:100] [0:100] [0:100] [0:100] [0:100] [0:100] [0:100] [0:100] [0:100] [0:100] [0:100] [0:100] [0:100] [0:100] [0:100] [0:100] [0:100] [0:100] [0:100] [0:100] [0:100] [0:100] [0:100] [0:100] [0:100] [0:100] [0:100] [0:100] [0:100] [0:100] [0:100] none none [0:100] [0:100] none [0:100] [0:100] none [0:100] [0:100] none [0:100] [0:100] none [0:100] [0:100] [0:100] [0:100] [0:100] [0:100] [0:100] [0:100] [0:100] [0:100] [0:100] [0:100] [0:100] [0:100] [0:100] [0:100] [-0.99573081731796265:-0.05000000074505806] [0:5.531731128692627] [-0.99952542781829834:-0.05000000074505806] [-1.5006817579269409:1.17625892162323] [-2.5528819561004639:1.1659419536590576] [-66.470733642578125:-0.14111022651195526] [0.00084889802383258939:0.2135617733001709] [-0.23561988770961761:0] [2.5925926820491441e-05:0.44481456279754639] [-0.3861553966999054:-0.00061426201136782765] [0.00047802733024582267:1.2675960063934326] [-0.78832495212554932:0.23427245020866394] [0.010101010091602802:0.96969699859619141] [0:0.96969699859619141] [-0.048000000417232513:0.0069994800724089146] [0.1666666716337204:166.66667175292969] [0:5.531731128692627]
tree_sizes=1754 1826 1809 1815 1825 1823 1819 1812 1823 1827 1825 1825 1821 1816 1816 1823 1825 1820 1817 1825 1818 1808 1816 1813 1809 1821 1819 1808 1819 1827 1817 1815 1821 1817 1809 1817 1824 1819 1829 1822 1823 1821 1829 1800 1831 1827 1819 1821 1815 1810 1817 1824 1821 1806 1820 1808 1829 1821 1806 1816 1806 1813 1822 1804 1814 1826 1802 1814 1813 1826 1799 1799 1811 1812 1828 1833 1822 1832 1809 1830 1815 1819 1810 1812 1824 1809 1828 1815 1833 1818 1820 1814 1814 1815 1825 1819 1817 1823 1827 1822 1807 1825 1829 1809 1822 1813 1818 1814 1809 1824 1824 1822 1821 1802 1799 1809 1820 1828 1808 1822 1833 1811 1808 1822 1824 1816 1796 1812 1828 1813 1815 1826 1804 1820 1816 1819 1815 1820 1815 1825 1796 1827 1807 1820 1814 1818 1819 1821 1813 1807 1828 1827 1811 1799 1814 1817 1823 1832 1811 1827 1825 1817 1830 1823 1822 1818 1818 1820 1817 1813 1797 1822 1819 1822 1825 1817 1828 1829 1823 1827 1834 1815 1814 1827 1802 1809 1823 1826 1826 1825 1794 1818 1803 1810 1827 1807 1813 1833 1815 1819 1819 1819 1815 1815 1805 1828 1814 1829 1812 1829 1811 1812 1815 1825 1813 1833 1827 1796 1818 1832 1826 1820 1813 1822 1832 1826 1829 1818 1831 1824 1804 1829 1823 1800 1822 1803 1823 1804 1811 1825 1816 1804 1816 1818 1815 1837 1829 1824 1827 1791 1809 1818 1813 1823 1815 1803 1818 1817 1819 1816 1820 1797 1816 1830 1832 1810 1819 1832 1804 1808 1828 1808 1812 1818 1816 1812 1823 1803 1805 1826 1828 1800 1811 1822 1808 1830 1817 1822 1792 1823 1816 1805 1830 1815 1815 1811 1817 1832 1836 1830

Tree=0
num_leaves=15
num_cat=0
split_feature=238 137 120 245 245 242 246 233 242 230 119 248 245 246
split_gain=3130.12 1262.67 769.862 671.36 533.783 377.36 328.988 303.656 293.849 289.724 234.574 237.154 232.42 220.925
threshold=-0.17172578722238538 59.500000000000007 67.500000000000014 -0.071516510099172578 -0.10793837159872054 0.025096439756453041 0.032654959708452232 65.500000000000014 0.031938971951603896 11.500000000000002 77.500000000000014 0.88383838534355175 -0.10793837159872054 0.05295847915112973
decision_type=10 8 10 2 2 8 2 8 8 10 8 2 2 2
left_child=4 2 5 -3 10 -2 -5 12 -6 -7 11 -1 -4 -11
right_child=1 3 7 6 8 9 -8 -9 -10 13 -12 -13 -14 -15
leaf_value=0.61963649338258653 0.58644559156090825 0.61661317812339 0.61790486034528147 0.59647482617409664 0.60585729527038112 0.61044460434092285 0.60656739973238116 0.60679160131203802 0.62045900857790692 0.59040590333954479 0.63241537400922054 0.57106524412070203 0.59424113250899835 0.60847106043004895
leaf_weight=556.16570472717285 10133.10130611062 3403.542016223073 394.48430947959423 5853.2324064522982 2817.8757457435131 1021.0854735225439 5754.8971872776747 4170.7854123413563 2217.1161625534296 4276.4386013150215 2448.7756440043449 98.335219174623489 4966.8433145433664 703.21116037666798
leaf_count=2432 44310 14883 1725 25595 12322 4465 25165 18238 9695 18700 10708 430 21719 3075
internal_value=0.601407 0.598008 0.593967 0.604918 0.618379 0.589975 0.601478 0.600728 0.612312 0.59595 0.628155 0.611991 0.59601 0.592966
internal_weight=48815.9 40677.6 25665.9 15011.7 8138.27 16133.8 11608.1 9532.11 5034.99 6000.74 3103.28 654.501 5361.33 4979.65
internal_count=213462 177875 112232 65643 35587 70550 50760 41682 22017 26240 13570 2862 23444 21775
is_linear=0
shrinkage=1


Tree=1
num_leaves=15
num_cat=0
split_feature=238 120 24 245 243 140 108 229 245 245 120 245 215 209
split_gain=2886.55 1201.49 1053.95 554.272 430.928 385.195 382.881 381.796 307.666 261.927 191.033 185.091 178.402 166.841
threshold=-0.19510313123464582 73.500000000000014 94.500000000000014 -0.089213922619819627 -0.057016929611563676 32.500000000000007 15.500000000000002 67.500000000000014 -0.059963239356875413 -0.10793837159872054 51.500000000000007 -0.069938126951456056 21.500000000000004 48.500000000000007
decision_type=10 8 8 2 2 10 10 8 2 2 10 2 10 10
left_child=9 2 4 -3 11 6 10 13 -9 -1 -6 -2 -7 -5
right_child=1 3 -4 7 5 12 -8 8 -10 -11 -12 -13 -14 -15
leaf_value=0.028365376636862765 0.0051526645514165369 0.014563802202721878 0.0091734538878910192 0.0001690167688546523 -0.026610275214900364 -0.0042545399702982956 -0.0098488725947704931 0.027072116543529579 0.0048610933769710485 0.014914449565945381 -0.012068163401907306 -0.015994042558700818 -0.014891609622498098 -0.0097515238292041426
leaf_weight=2369.6715582162142 2513.4904618114233 3449.4992965906858 3404.5628803521395 8587.8170367926359 2552.945786640048 8333.317390203476 6354.3603155761957 752.29559381306171 2152.1691317856312 2989.9694893807173 1230.0084320306778 427.15334643423557 1704.6066107004881 1845.2560216337442
leaf_count=10448 10979 15133 14900 37562 11121 36391 27709 3296 9414 13120 5367 1864 7440 8068
internal_value=0.000155978 -0.0024159 -0.00639051 0.00386333 -0.00868579 -0.0102489 -0.014373 0.00108702 0.0106872 0.0209033 -0.0219263 0.00203713 -0.00607391 -0.00159325
internal_weight=48667.1 43307.5 26520.4 16787 23115.9 20175.2 10137.3 13337.5 2904.46 5359.64 3782.95 2940.64 10037.9 10433.1
internal_count=212812 189244 115771 73473 100871 88028 44197 58340 12710 23568 16488 12843 43831 45630
is_linear=0
shrinkage=0.03


Tree=2
num_leaves=15
num_cat=0
split_feature=245 237 224 236 24 248 231 224 248 249 118 229 248 243
split_gain=2726.97 1270.57 590.758 458.282 435.332 392.5 411.47 283.147 277.722 263.668 221.405 243.723 270.321 283.584
threshold=-0.099302399903535829 0.041745672002434737 3.5000000000000004 -0.090460218489170061 88.500000000000014 0.6111111342906953 22.500000000000004 41.500000000000007 0.74242421984672557 0.085858587175607695 84.500000000000014 3.5000000000000004 0.85353535413742077 -0.079242162406444536
decision_type=2 2 10 2 8 2 10 10 2 2 10 8 2 2
left_child=2 3 -1 -2 8 -4 -7 10 -3 -5 11 -8 13 -13
right_child=1 4 5 9 -6 6 7 -9 -10 -11 -12 12 -14 -15
leaf_value=0.029172923230309497 0.00088492623746121754 0.0029521076308326281 0.023783362405950033 -0.010969754237529085 0.012222753843406578 -0.02863277929682246 0.018124798725007229 0.023490903680772279 -0.012676564911259035 -0.0042602800493399149 0.014052640553898875 -0.036700417268616829 -0.033091924779530518 0.0093086565126397867
leaf_weight=2386.0778013169765 5966.4901181459427 7235.2808113992214 1476.2874737977982 14118.919115319848 4591.033915489912 284.85049292445183 309.24776564538479 818.10982723534107 1181.646822065115 8439.027211561799 942.589260160923 144.53358525037766 345.19791458547115 538.63970851898193
leaf_count=10571 26092 31645 6508 61484 20149 1247 1357 3600 5172 36838 4164 634 1508 2355
internal_value=-1.28603e-06 -0.00296509 0.0169683 -0.00650783 0.00480261 0.0109281 0.00526494 0.00846349 0.00074557 -0.00846271 0.00299281 -0.00484724 -0.0118633 -0.000814152
internal_weight=48777.9 41532.4 7245.53 28524.4 13008 4859.46 3383.17 3098.32 8416.93 22557.9 2280.21 1337.62 1028.37 683.173
internal_count=213324 181380 31944 124414 56966 21373 14865 13618 36817 98322 10018 5854 4497 2989
is_linear=0
shrinkage=0.03


Tree=3
num_leaves=15
num_cat=0
split_feature=236 237 242 119 119 242 245 245 143 24 140 243 233 53
split_gain=2585.38 1030.73 519.021 491.957 427.14 324.278 314.716 291.482 267.486 258.714 252.736 237.045 229.942 212.945
threshold=-0.10990398749709128 0.035686645656824119 0.025096439756453041 84.500000000000014 49.500000000000007 0.034473743289709098 -0.1068134196102619 -0.071516510099172578 78.500000000000014 1.5000000000000002 55.500000000000007 -0.05421908758580684 63.500000000000007 9.5000000000000018
decision_type=2 2 8 8 8 8 2 2 8 10 8 2 10 10
left_child=3 4 8 5 13 -1 -5 10 -3 -4 12 -9 -6 -2
right_child=1 2 9 6 7 -7 -8 11 -10 -11 -12 -13 -14 -15
leaf_value=0.00027603930264498124 -0.021499340751960267 -0.0086305089110797675 0.019513051358292691 0.027853731480576453 -0.010020319095802827 0.018125454543288792 0.012884627657973271 -0.029252825803557383 0.0037677374887384227 0.0056412122258119183 0.014316052141184431 -0.0051964187239740261 0.0072186376707862676 -0.009537069819648995
leaf_weight=2602.832900583744 1548.7274973243475 3597.6135357022285 1478.226729169488 2628.2089630961418 1433.0573240965605 1403.7647103816271 2487.6193320155144 374.58211149275303 2759.6875361055136 6564.4471976608038 1291.6966146081686 9285.3563734143972 1336.1672484278679 9961.9534360766411
leaf_count=11409 6710 15705 6519 11758 6253 6196 10947 1631 12115 28779 5667 40451 5848 43255
internal_value=6.48859e-05 -0.00325031 0.00315251 0.0144552 -0.00690428 0.00655938 0.0206142 -0.00332535 -0.003251 0.00821189 0.00341268 -0.00615854 -0.00170638 -0.0111638
internal_weight=48753.9 39631.5 14400 9122.43 25231.5 4006.6 5115.83 13720.9 6357.3 8042.67 4060.92 9659.94 2769.22 11510.7
internal_count=213243 172933 63118 40310 109815 17605 22705 59850 27820 35298 17768 42082 12101 49965
is_linear=0
shrinkage=0.03


Tree=4
num_leaves=15
num_cat=0
split_feature=238 137 230 242 238 242 248 140 230 104 136 238 118 122
split_gain=2690.79 1083.45 588.846 475.74 469.028 391.39 384.529 359.32 342.908 266.359 231.915 207.38 191.769 161.923
threshold=-0.17313436418771741 59.500000000000007 10.500000000000002 0.024299177341163162 -0.23228914290666577 0.028159899637103084 0.33838383853435522 27.500000000000004 72.500000000000014 29.500000000000004 20.500000000000004 -0.12740264832973477 84.500000000000014 33.500000000000007
decision_type=10 8 10 8 10 8 2 10 10 10 10 10 10 8
left_child=4 2 3 10 -1 6 -3 9 13 11 -2 -4 -10 -8
right_child=1 5 7 -5 -6 -7 8 -9 12 -11 -12 -13 -14 -15
leaf_value=0.025848807454558708 0.00014642805651791214 -0.0068335699128830611 -0.0097860266501910709 0.010679936606941292 0.010564035647087921 0.010263153757183627 0.019335404538405147 -0.0051004993099580355 0.0041270973413416144 -0.0075958826455762574 -0.014778274321305756 -0.021759499293627117 0.021213207175079216 -0.0032380997893524431
leaf_weight=2874.4663785845041 2409.1815310120583 4263.8225549757481 2045.7612302601337 2694.6573015451431 4908.0348479598761 4990.5161221027374 305.35051934421062 9237.018277540803 1065.7412309795618 4254.6094478815794 1523.287525638938 3703.6754015237093 1334.4008935838938 3064.7432298660278
leaf_count=12868 10507 18636 8887 11817 21730 21955 1332 40164 4647 18467 6610 16012 5873 13430
internal_value=7.86046e-05 -0.00299949 -0.00672006 0.000991462 0.0162354 0.00340651 -1.05154e-05 -0.00937524 0.00503437 -0.0133132 -0.00565765 -0.0175235 0.013675 -0.00114165
internal_weight=48675.3 40892.8 25868.2 6627.13 7782.5 15024.6 10034.1 19241.1 5770.24 10004 3932.47 5749.44 2400.14 3370.09
internal_count=212935 178337 112464 28934 34598 65873 43918 83530 25282 43366 17117 24899 10520 14762
is_linear=0
shrinkage=0.03


Tree=5
num_leaves=15
num_cat=0
split_feature=238 126 236 230 212 226 238 106 230 52 249 225 249 248
split_gain=2408.2 1283.31 495.105 372.436 346.674 289.588 269.863 264.597 249.309 226.335 176.152 170.252 227.657 165.024
threshold=-0.18724802881479261 64.500000000000014 -0.09226615726947783 71.500000000000014 34.500000000000007 12.500000000000002 -0.2519706785678863 27.500000000000004 15.500000000000002 13.500000000000002 0.12626262754201892 50.500000000000007 0.015151515137404205 0.49999998509883886
decision_type=10 8 2 8 10 10 10 10 10 8 2 10 2 2
left_child=6 4 -3 8 5 -2 -1 9 11 -7 -9 -4 -13 -5
right_child=1 2 3 13 -6 7 -8 10 -10 -11 -12 12 -14 -15
leaf_value=0.02632887988295889 0.0024039664112990868 0.011900807562638855 0.0082574963694619832 0.0043184087154924163 -0.015153638289088276 -0.017859405477354314 0.012991100405734299 -0.0072492003750907223 -0.0073637248781048366 -0.0074866966402105375 0.0023579389047004113 -0.038261423077768544 -0.00072750071972610126 0.017806623303834118
leaf_weight=2109.2766708731651 3598.7010542452335 4823.5553481131792 2183.2995221167803 3016.5292498618364 3825.3449954390526 2442.4169497936964 3968.8451028317213 3323.4931479245424 4912.8859038054943 8468.7886208891869 3536.0653755515814 154.48247554898262 1259.676214531064 1114.4710904955864
leaf_count=9534 15716 21298 9532 13231 16562 10568 17706 14410 21412 36741 15445 671 5512 4907
internal_value=4.56099e-06 -0.00251385 0.00373446 0.000611491 -0.00684492 -0.00535118 0.0176553 -0.00692212 -0.00297601 -0.0098228 -0.00230055 0.00301989 -0.00506757 0.0079915
internal_weight=48737.8 42659.7 17464.9 12641.3 25194.8 21369.5 6078.12 17770.8 8510.34 10911.2 6859.56 3597.46 1414.16 4131
internal_count=213245 186005 76563 55265 109442 92880 27240 77164 37127 47309 29855 15715 6183 18138
is_linear=0
shrinkage=0.03


Tree=6
num_leaves=15
num_cat=0
split_feature=238 126 238 229 248 249 243 231 248 231 231 248 244 222
split_gain=2381.05 1156.72 423.475 396.678 373.488 356.912 316.069 272.246 233.535 207.279 233.816 335.319 328.458 204.202
threshold=-0.17313436418771741 64.500000000000014 -0.23228914290666577 67.500000000000014 0.3686868697404862 0.1565656587481499 -0.036363912746310227 91.500000000000014 0.71212121844291698 67.500000000000014 92.500000000000014 0.59090909361839306 0.0040141276549547919 17.500000000000004
decision_type=10 8 10 8 2 2 2 10 2 10 10 2 2 10
left_child=2 5 -1 6 -5 9 7 -3 -7 -2 11 -11 -12 -14
right_child=1 3 -4 4 -6 8 -8 -9 -10 10 12 -13 13 -15
leaf_value=0.024455027467788763 -0.011265085206297419 0.010801945437985148 0.0098421863806838501 0.0028491583041214746 0.019319507814849861 0.0008272077957821143 -0.0039176293357047901 -0.0053722946676795728 -0.014066647007349534 -0.010580337117042636 0.029235142638418268 0.0085180633851561424 -0.036017317520213581 -0.0034707232423245985
leaf_weight=2826.9567768424749 13096.026640847325 3294.6158517301083 4882.3922352641821 2767.2891289442778 2239.947403460741 6132.5205504149199 6915.4291003495455 1299.9330600947142 1110.452023267746 1479.1626946777105 109.66692228615284 1851.8155996352434 482.10967384278774 271.54331755638123
leaf_count=12864 56554 14451 21749 12155 9929 26757 30188 5725 4825 6402 478 8033 2092 1181
internal_value=-6.11469e-05 -0.00293498 0.0152253 0.00320129 0.0102409 -0.00706589 0.00013261 0.00622405 -0.00147248 -0.00940679 -0.00359155 3.08951e-05 -0.0174085 -0.0244897
internal_weight=48759.9 41050.5 7709.35 16517.2 5007.24 24533.3 11510 4594.55 7242.97 17290.3 4194.3 3330.98 863.32 753.653
internal_count=213383 178770 34613 72448 22084 106322 50364 20176 31582 74740 18186 14435 3751 3273
is_linear=0
shrinkage=0.03


Tree=7
num_leaves=15
num_cat=0
split_feature=245 242 126 119 230 230 29 231 140 249 118 226 226 225
split_gain=2239 1378.53 814.664 590.965 377.051 393.461 356.262 328.582 267.564 264.392 261.32 253.18 330.722 242.807
threshold=-0.099302399903535829 0.03118990641087294 54.500000000000007 84.500000000000014 72.500000000000014 14.500000000000002 1.5000000000000002 91.500000000000014 45.500000000000007 0.91414141654968273 76.500000000000014 12.500000000000002 54.500000000000007 54.500000000000007
decision_type=2 8 10 8 10 10 10 10 8 2 10 10 10 10
left_child=3 2 8 9 5 13 -3 -7 -2 11 -8 -1 -13 -4
right_child=1 6 4 -5 -6 7 10 -9 -10 -11 -12 12 -14 -15
leaf_value=0.020060354066745431 -0.013488809461500603 0.018109212517261525 0.0074011216946064185 0.023961421780616828 0.0063882153430722954 -0.0061300687534811445 0.00010870599269866917 -0.02763510354491561 -0.0051329165176618148 -0.03883118546232079 0.011743441690055461 -0.0052345254276188391 0.019140097634849081 -0.0071792165446218151
leaf_weight=1078.0431207120419 10145.930966839194 2103.391536295414 3276.6180072575808 3643.1061971336603 4470.417628377676 6410.3174880445004 4964.8767907768488 702.01119595766068 5249.736207395792 101.62884719669819 2662.8515772968531 1575.3000010997057 722.68750602006912 1486.5752598941326
leaf_count=4797 43667 9354 14375 16602 19676 27895 21679 3055 22745 447 11825 6917 3178 6489
internal_value=2.70797e-06 -0.00266663 -0.00569484 0.0155314 -0.00102906 -0.00382424 0.00720668 -0.00828851 -0.0106447 0.00665698 0.00418047 0.00813695 0.0024807 0.00284514
internal_weight=48593.5 41472.7 31741.6 7120.77 16345.9 11875.5 9731.12 7112.33 15395.7 3477.66 7627.73 3376.03 2297.99 4763.19
internal_count=212701 180760 137902 31941 71490 51814 42858 30950 66412 15339 33504 14892 10095 20864
is_linear=0
shrinkage=0.03


Tree=8
num_leaves=15
num_cat=0
split_feature=236 242 230 230 136 120 242 118 248 248 104 224 233 230
split_gain=2032.34 874.883 627.085 547.731 479.972 441.094 349.875 333.385 312.657 236.985 206.147 199.729 189.506 184.184
threshold=-0.10500160977244376 0.025096439756453041 80.500000000000014 5.5000000000000009 3.5000000000000004 73.500000000000014 0.034227337688207633 59.500000000000007 0.28787878155708319 0.73232322931289684 15.500000000000002 74.500000000000014 36.500000000000007 36.500000000000007
decision_type=2 8 10 10 10 10 8 10 2 2 10 10 8 10
left_child=4 2 5 -3 -1 10 11 9 -4 13 12 -6 -2 -5
right_child=1 3 8 7 6 -7 -8 -9 -10 -11 -12 -13 -14 -15
leaf_value=0.021200194089060157 -0.025188567645512156 0.013519029489754317 -0.0068176397788907907 0.004015875467480258 0.00012710200769615641 -0.0031156532479404736 0.017118937349179852 0.0050845448144399546 0.0092859919060882447 -0.024108359796857329 -0.0097179882804109535 0.017592410089417896 -0.012585742096428352 -0.0067318315599800664
leaf_weight=3347.3530399948359 1886.0963901281357 3133.8906449526548 1762.834810346365 2121.8639573305845 4009.7853045761585 6474.3926820009947 2227.5682957917452 5430.5394479632378 2789.4318296760321 519.51352302730083 7183.4305861145258 680.84609603881836 2576.5399980992079 4388.7802079916
leaf_count=15310 8099 13918 7662 9211 17689 28227 10003 23880 12210 2238 30898 3032 11066 19043
internal_value=4.08164e-05 -0.00313932 -0.00690011 0.00232936 0.011887 -0.00939978 0.0073568 -0.000493443 0.00304869 -0.00480334 -0.0128876 0.00269423 -0.0179566 -0.00322829
internal_weight=48532.9 38267.3 22672.7 15594.6 10265.6 18120.5 6918.2 12460.7 4552.27 7030.16 11646.1 4690.63 4462.64 6510.64
internal_count=212486 166452 98162 68290 46034 78290 30724 54372 19872 30492 50063 20721 19165 28254
is_linear=0
shrinkage=0.03


Tree=9
num_leaves=15
num_cat=0
split_feature=245 242 126 226 222 178 230 230 245 231 140 233 238 245
split_gain=2105.43 1220.31 753.21 534.542 380.573 336.047 327.565 412.852 283.919 278.477 271.59 240.046 233.87 232.771
threshold=-0.099302399903535829 0.031649684533476836 58.500000000000007 6.5000000000000009 22.500000000000004 1.5000000000000002 72.500000000000014 14.500000000000002 -0.055031344294548028 91.500000000000014 30.500000000000004 40.500000000000007 -0.12806522846221921 -0.20662932842969892
decision_type=2 8 10 10 10 10 10 10 2 10 8 10 10 2
left_child=3 2 10 -1 13 -3 7 -4 -8 -9 11 -2 -7 -5
right_child=1 5 6 4 -6 12 8 9 -10 -11 -12 -13 -14 -15
leaf_value=0.025600351671798686 -0.020824964473703547 0.017576167295056091 0.0036708838799742538 0.03614116158275283 0.028193898037389711 0.010352247731810474 0.017322466837472277 -0.005992666883754009 0.00094636209102444088 -0.026350700337328017 -0.0059261706614638998 -0.010029991400287644 -0.00064042675518904046 0.0027285135553246072
leaf_weight=2681.8072778582573 2755.2018312066793 2068.9776682406664 4529.1455820500851 188.6425359249115 729.17734678089619 2944.3781247735023 1428.8665700107813 5945.0152818262577 2824.4814209938049 665.02662964165211 8385.9317968189716 5762.9685693383217 4241.4439499676228 3442.8537868708372
leaf_count=12335 11765 9289 19876 887 3298 13099 6366 25817 12420 2872 36198 24697 18556 15348
internal_value=-7.59975e-05 -0.00264778 -0.00539975 0.0150801 0.00856633 0.00695128 -0.000597564 -0.00330169 0.00647547 -0.00807757 -0.00976959 -0.0135419 0.00387193 0.00455866
internal_weight=48593.9 41551.4 32296.6 7042.48 4360.67 9254.8 15392.5 11139.2 4253.35 6610.04 16904.1 8518.17 7185.82 3631.5
internal_count=212823 180955 140011 31868 19533 40944 67351 48565 18786 28689 72660 36462 31655 16235
is_linear=0
shrinkage=0.03


Tree=10
num_leaves=15
num_cat=0
split_feature=238 126 238 245 98 252 120 4 242 245 231 245 224 245
split_gain=1958.77 907.809 551.71 436.888 360.046 306.506 287.868 269.617 241.068 235.71 281.691 197.372 164.425 203.662
threshold=-0.15010029822587964 67.500000000000014 -0.23228914290666577 -0.082015518099069581 40.500000000000007 0.08042882010340692 61.500000000000007 11.500000000000002 0.031938971951603896 -0.099302399903535829 22.500000000000004 -0.075731933116912828 10.500000000000002 -0.057652505114674561
decision_type=10 8 10 2 10 2 10 10 8 2 8 2 10 2
left_child=2 4 -1 -3 6 -5 7 -2 9 10 -4 -9 -8 -14
right_child=1 3 8 5 -6 -7 12 11 -10 -11 -12 -13 13 -15
leaf_value=0.022632954386146549 -0.018994460367155526 0.014563620048956472 -0.02547493121635119 -0.0020806468932407351 7.2243807790733493e-05 0.010165489731202435 -0.012447191855761661 0.00080557898845978054 0.01424122365060055 -0.0005740884921960316 0.01583123698246143 -0.010854162825701919 0.0043965408048621301 -0.0079795095446748912
leaf_weight=2769.1238673180342 3149.2101908028126 2413.055513381958 153.5296947658062 8730.6147095859051 5413.3875448405743 2319.7360795885324 1427.5880693346262 1591.2904937416315 2933.9194699525833 3862.9791178256273 1729.4841445088387 7260.1091893166304 2788.2872593700886 2081.0589977055788
leaf_count=12928 13421 10785 680 38157 23508 10281 6182 6875 13224 16921 7853 31118 12104 8981
internal_value=0.000148981 -0.00319296 0.0109934 0.00302709 -0.00672459 0.00049698 -0.00873439 -0.0114589 0.00725828 0.00367423 0.0123466 -0.00875945 -0.00353211 -0.000898244
internal_weight=48623.4 37174.3 11449 13463.4 23710.9 11050.4 18297.5 12000.6 8679.91 5745.99 1883.01 8851.4 6296.93 4869.35
internal_count=213018 161412 51606 59223 102189 48438 78681 51414 38678 25454 8533 37993 27267 21085
is_linear=0
shrinkage=0.03


Tree=11
num_leaves=15
num_cat=0
split_feature=238 24 245 226 249 119 4 231 245 226 245 119 226 245
split_gain=1887.89 794.666 547.261 426.454 398.402 344.772 315.995 289.374 372.005 391.946 284.819 272.913 269.761 247.045
threshold=-0.14732699841260907 81.500000000000014 -0.10793837159872054 12.500000000000002 0.14646464586257937 71.500000000000014 9.5000000000000018 88.500000000000014 -0.09202431887388228 1.0000000180025095e-35 -0.080718014389276491 85.500000000000014 66.500000000000014 -0.049944913014769547
decision_type=10 8 2 10 2 10 10 10 2 10 2 8 10 2
left_child=2 3 11 7 10 6 -5 -2 -9 -10 -3 -1 -7 -6
right_child=1 4 -4 5 13 12 -8 8 9 -11 -12 -13 -14 -15
leaf_value=0.0091825422402933808 0.0048536448721939957 0.017404834285098588 0.0060418363643636071 -0.019610646338105015 0.017960703197834497 -0.0055811816016331011 -0.008374180095714211 0.013157471864172215 -0.046169852396336322 -0.0080238037279978837 -0.0057055821354539387 0.026268277862638169 0.0094136340480145807 0.0045017578614934221
leaf_weight=1348.0828756541014 4515.207739084959 540.88916504383087 8260.8918970525265 2744.3324589133263 1970.7406110912561 4156.1587614715099 12614.771101877093 465.4094220995903 319.62788270413876 938.69750966131687 3725.6418540924788 2298.4556712210178 1447.795213624835 3252.7507945150137
leaf_count=6107 19624 2406 36807 11674 8830 18065 54121 2091 1382 4102 16197 10888 6349 14343
internal_value=-4.64614e-05 -0.00341506 0.0103278 -0.00602225 0.00405659 -0.00807061 -0.0103933 0.000862211 -0.00956077 -0.0180009 -0.00274191 0.0199943 -0.00169737 0.00960422
internal_weight=48599.5 36692 11907.4 27202 9490.02 20963.1 15359.1 6238.94 1723.73 1258.33 4266.53 3646.54 5603.95 5223.49
internal_count=212986 159184 53802 117408 41776 90209 65795 27199 7575 5484 18603 16995 24414 23173
is_linear=0
shrinkage=0.03


Tree=12
num_leaves=15
num_cat=0
split_feature=236 126 226 237 106 120 126 120 110 229 248 229 8 246
split_gain=1736.88 824.505 387.342 341.465 264.276 229.278 223.366 207.503 272.809 238.376 213.024 265.001 198.113 188.283
threshold=-0.11398322135210036 54.500000000000007 3.5000000000000004 0.058991879224777229 15.500000000000002 60.500000000000007 77.500000000000014 77.500000000000014 6.5000000000000009 4.5000000000000009 0.31818181276321417 59.500000000000007 60.500000000000007 0.037095749750733382
decision_type=2 8 10 2 10 8 10 8 10 10 2 10 10 2
left_child=2 4 -1 7 5 12 -4 8 -3 -10 -9 -12 -2 -6
right_child=1 3 6 -5 13 -7 -8 10 9 -11 11 -13 -14 -15
leaf_value=0.023991768797827263 -0.019913501400279227 -0.0179576262657846 0.0040591043252458849 0.007979567605408586 -0.0065212454113825454 -0.0041718869668690619 0.016083079876482952 -0.0050474581637907677 0.019535554416900552 -0.0033323969245617584 0.0031831573773018281 0.021377340276879816 -0.0063999781946513026 0.0015099961936934094
leaf_weight=2082.3874894082546 3035.5698470324278 1088.8025757372379 3469.0070537179708 5692.0668821036816 9413.5045631676912 2477.5398513674736 2321.4181715846062 2141.5051624923944 430.04283478856087 6063.1455982923508 4433.2181268930435 851.55147528648376 1455.928808927536 3638.1805435866117
leaf_count=9781 12843 4707 15565 25386 40368 10704 10693 9382 1877 26318 19527 3813 6206 15873
internal_value=2.66288e-05 -0.00246799 0.0129165 0.00172996 -0.00680714 -0.0115213 0.00889901 -0.000644018 -0.00413245 -0.00179015 0.00291833 0.00614968 -0.015557 -0.00428308
internal_weight=48593.9 40721.1 7872.81 20700.3 20020.7 6969.04 5790.43 15008.3 7581.99 6493.19 7426.27 5284.77 4491.5 13051.7
internal_count=213043 177004 36039 91010 85994 29753 26258 65624 32902 28195 32722 23340 19049 56241
is_linear=0
shrinkage=0.03


Tree=13
num_leaves=15
num_cat=0
split_feature=245 252 224 238 140 245 101 222 76 231 61 243 140 231
split_gain=1740.56 767.4 470.197 418.235 413.75 382.483 318.359 281.698 238.041 229.456 210.276 193.143 173.426 170.951
threshold=-0.099302399903535829 0.037692820653319366 3.5000000000000004 -0.14559944719076154 30.500000000000004 -0.069938126951456056 2.5000000000000004 22.500000000000004 81.500000000000014 22.500000000000004 12.500000000000002 -0.05421908758580684 55.500000000000007 91.500000000000014
decision_type=2 2 10 10 10 2 8 10 8 10 8 2 10 10
left_child=2 3 -1 -2 10 12 -3 9 -8 -4 13 -7 -6 -5
right_child=1 6 7 4 5 11 8 -9 -10 -11 -12 -13 -14 -15
leaf_value=0.025188213572388925 0.0031932836170666208 -0.0187420163491306 -0.015440635123945381 0.00026711195406737415 -0.0024312643116956565 -0.031138839536192731 0.0014803557037155995 0.024211805836137523 0.0099907714262631609 0.007598148436774874 -0.013561985953231935 -0.005341254999357007 0.013013290265484501 -0.028508451641237564
leaf_weight=2223.6456266641617 4333.0698395818472 560.71568776667118 429.00385707616806 1801.1581195890903 1104.408396422863 258.99874465167522 9521.5283976197243 828.81786425411701 4283.9256366789341 3447.1154483258724 8237.9060890674591 9693.4766753613949 1586.021982640028 197.15907686948776
leaf_count=10581 19126 2434 1884 7775 4753 1110 41914 3827 19153 15593 35015 41767 6962 847
internal_value=-6.56054e-05 -0.00238632 0.0138443 -0.00534697 -0.0069651 -0.00333085 0.00322153 0.00844093 0.00412652 0.00501507 -0.0114462 -0.00604318 0.00668785 -0.00269977
internal_weight=48507 41578.4 6928.58 27212.2 22879.1 12642.9 14366.2 4704.94 13805.5 3876.12 10236.2 9952.48 2690.43 1998.32
internal_count=212741 180856 31885 117355 98229 54592 63501 21304 61067 17477 43637 42877 11715 8622
is_linear=0
shrinkage=0.03


Tree=14
num_leaves=15
num_cat=0
split_feature=238 237 238 125 60 96 63 230 230 230 230 122 230 248
split_gain=1732.88 649.643 403.785 274.399 261.659 217.157 216.827 209.624 178.832 174.546 163.859 188.037 203.361 154.027
threshold=-0.19510313123464582 0.035686645656824119 -0.11499691382050513 4.5000000000000009 68.500000000000014 41.500000000000007 67.500000000000014 1.5000000000000002 7.5000000000000009 71.500000000000014 80.500000000000014 32.500000000000007 42.500000000000007 0.28787878155708319
decision_type=10 2 10 8 8 10 8 10 8 8 10 8 8 2
left_child=7 2 4 -3 9 10 -5 -1 -6 -2 11 12 -4 -7
right_child=1 3 5 6 8 13 -8 -9 -10 -11 -12 -13 -14 -15
leaf_value=0.024912892629965683 -0.0050371143870033153 -0.0099052179508717173 -0.0011296764431959136 0.0010663072028894648 0.018863043295062849 -0.0083279975494802237 0.0085482477851439309 0.012061144013977518 0.002834835545289315 0.0083774515088185404 -0.0011461966438632747 -0.013711798479840408 -0.015670725368998314 0.0020799545943352093
leaf_weight=1783.2766836732626 5640.1982866227627 1349.9855446070433 2826.5410310178995 8334.4071706980467 895.3064222484827 2143.4505438506603 5986.5456838160753 3266.5985869020224 2049.0456140041351 1023.1748511344194 1873.112798795104 7035.9039067625999 1238.8174773603678 3146.5328591614962
leaf_count=8552 24482 5928 12103 36677 3997 9208 26669 15174 8987 4466 8074 29985 5261 13622
internal_value=2.21662e-05 -0.00190843 -0.00465548 0.00297729 0.000323212 -0.00727321 0.00419774 0.0166398 0.00775598 -0.00296781 -0.00936084 -0.0107446 -0.00558828 -0.002145
internal_weight=48592.9 43543 27872.1 15670.9 9607.73 18264.4 14321 5049.88 2944.35 6663.37 12974.4 11101.3 4065.36 5289.98
internal_count=213185 189459 120185 69274 41932 78253 63346 23726 12984 28948 55423 47349 17364 22830
is_linear=0
shrinkage=0.03


Tree=15
num_leaves=15
num_cat=0
split_feature=242 126 124 226 140 240 29 106 233 249 136 133 143 231
split_gain=1398.09 932.837 449.526 383.81 357.306 274.382 211.766 192.336 186.042 180.641 177.742 129.495 126.387 119.811
threshold=0.031649684533476836 77.500000000000014 69.500000000000014 4.5000000000000009 47.500000000000007 -0.054600805044174187 5.5000000000000009 24.500000000000004 37.500000000000007 0.27777777612209326 8.5000000000000018 26.500000000000004 81.500000000000014 77.500000000000014
decision_type=8 10 8 8 10 10 10 8 8 2 10 10 10 10
left_child=1 3 6 10 7 -3 -2 8 -5 -7 -1 -8 -6 -12
right_child=2 5 -4 4 12 9 11 -9 -10 -11 13 -13 -14 -15
leaf_value=0.016838503176516757 0.012578004989953238 0.016459595453074707 0.016517050072759134 -0.018336405735434047 -0.0042779908500882678 -0.00065959690835559292 0.0086498021075066475 -0.0053498155148824222 -0.0094521877067529989 0.007683825149968816 0.0063688209769280539 -0.0020676284164324716 0.0043411193654429043 -0.00879371259293198
leaf_weight=776.0684295296669 2003.6837527602911 1473.4127091765404 4555.0366577208042 3267.9952899068594 6534.5660094618797 5958.0272873491049 1416.3510382026434 5210.1721167266369 6164.9911683052778 3829.5777944624424 1084.6313147991896 3506.3106057345867 1989.9728116840124 810.65793411433697
leaf_count=3496 9035 6826 21067 13892 28159 26203 6352 22284 26353 17278 4682 15305 8719 3569
internal_value=6.28435e-05 -0.00276859 0.00920658 -0.00590835 -0.00714982 0.00443461 0.00438204 -0.00999107 -0.0125462 0.00260943 0.00484497 0.00102728 -0.00226321 -0.000128652
internal_weight=48581.5 37100.1 11481.4 25839.1 23167.7 11261 6926.35 14643.2 9432.99 9787.61 2671.36 4922.66 8524.54 1895.29
internal_count=213220 161461 51759 111154 99407 50307 30692 62529 40245 43481 11747 21657 36878 8251
is_linear=0
shrinkage=0.03


Tree=16
num_leaves=15
num_cat=0
split_feature=238 24 120 238 228 243 245 245 245 228 231 63 37 231
split_gain=1562.5 642.002 598.38 311.957 281.774 294.38 268.993 267.059 266.257 238.581 572.911 258.428 236.256 235.491
threshold=-0.17313436418771741 95.500000000000014 52.500000000000007 -0.23228914290666577 29.500000000000004 -0.058143256232142441 -0.099302399903535829 -0.075731933116912828 -0.048146445304155343 4.5000000000000009 89.500000000000014 61.500000000000007 9.5000000000000018 29.500000000000004
decision_type=10 8 10 10 10 2 2 2 2 10 8 10 10 10
left_child=3 2 4 -1 5 -2 -4 -6 -3 10 13 -11 -7 -8
right_child=1 8 6 -5 7 12 9 -9 -10 11 -12 -13 -14 -15
leaf_value=0.02095773393947194 0.0001898586115250227 0.016040402908070323 0.0094899811865297203 0.0080517675352287463 0.012681489053603815 -0.024325273213855081 0.024825772830672863 -0.0060055499012861236 0.0017534841609058917 -0.0034029867983299661 -0.032857289049659968 0.0043170544336370948 -0.011271758921862458 -0.0056993723848187102
leaf_weight=2629.4336641132832 1360.546672090888 2085.1944573074579 2235.9113549143076 4729.0575439631939 746.59166333079338 1805.21301689744 264.0120280534029 7680.4146567583084 2676.5205342918634 9435.4322267621756 704.15672041475773 6640.0910336971283 4126.0616483688354 1328.9019854217768
leaf_count=12740 5858 9483 10143 21654 3236 7610 1139 32806 11891 40823 3041 29014 17511 5756
internal_value=-3.56484e-05 -0.0023164 -0.00367447 0.0126857 -0.00808112 -0.0123964 -0.000311071 -0.0043369 0.00803035 -0.00150835 -0.0105301 -0.000213476 -0.0152789 -0.000516772
internal_weight=48447.5 41089 36327.3 7358.49 15718.8 7291.82 20608.5 8427.01 4761.71 18372.6 2297.07 16075.5 5931.27 1592.91
internal_count=212705 178311 156937 34394 67021 30979 89916 36042 21374 79773 9936 69837 25121 6895
is_linear=0
shrinkage=0.03


Tree=17
num_leaves=15
num_cat=0
split_feature=245 249 47 119 248 248 229 224 245 245 222 248 137 243
split_gain=1485.32 639.805 519.93 428.506 331.272 329.515 316.244 292.542 268.402 249.41 397.926 333.036 277.879 250.852
threshold=-0.099302399903535829 0.085858587175607695 97.500000000000014 84.500000000000014 0.73232322931289684 0.6111111342906953 3.5000000000000004 43.500000000000007 -0.048747628927230828 -0.071516510099172578 40.500000000000007 0.77272728085517894 66.500000000000014 -0.042244017124176018
decision_type=2 2 8 8 2 2 8 10 2 2 10 2 8 2
left_child=3 9 4 5 -3 -1 -7 -8 -4 10 11 -2 -13 -11
right_child=1 2 8 -5 -6 6 7 -9 -10 13 -12 12 -14 -15
leaf_value=0.019726368974602872 0.0037298672376523223 0.00028042588198705186 0.017196894341117815 0.020402456635572441 -0.012473590335451789 0.016753010065549568 -0.01388991808850725 0.015361808102597145 0.0036146975356243921 -0.019226162238927161 0.020505755481908777 -0.016472915030007886 0.014923610405740386 -0.0068007532821523966
leaf_weight=1005.0766942352057 2464.6644595116377 15053.904232352972 2283.6957759410143 3424.2933910191059 2076.9103941768408 669.05744101107121 1360.6075307875872 387.82163552939892 3067.8084604293108 1657.2672985196114 685.35799765586853 1898.4812582135201 284.65055856108665 12186.917589634657
leaf_count=4608 10665 65836 10375 16583 9046 3060 5940 1746 13686 7055 2997 8118 1268 52088
internal_value=-2.57818e-05 -0.00215487 0.00127878 0.0129129 -0.00127222 0.00538189 -0.000638566 -0.00735109 0.00943202 -0.00617883 -0.000664774 -0.00382387 -0.0123299 -0.00830098
internal_weight=48506.5 41659.7 22482.3 6846.86 17130.8 3422.56 2417.49 1748.43 5351.5 19177.3 5333.15 4647.8 2183.13 13844.2
internal_count=213071 181134 98943 31937 74882 15354 10746 7686 24061 82191 23048 20051 9386 59143
is_linear=0
shrinkage=0.03


Tree=18
num_leaves=15
num_cat=0
split_feature=245 24 119 119 4 248 230 248 230 248 215 119 47 140
split_gain=1408.49 649.687 505.434 424.94 364.442 286.751 274.926 254.368 209.169 377.463 256.342 183.038 174.405 281.327
threshold=-0.099302399903535829 97.500000000000014 51.500000000000007 84.500000000000014 7.5000000000000009 0.6111111342906953 1.5000000000000002 0.88383838534355175 74.500000000000014 0.56060606241226207 52.500000000000007 77.500000000000014 18.500000000000004 89.500000000000014
decision_type=2 8 10 8 10 2 8 2 10 2 10 10 10 10
left_child=3 2 4 5 -2 -1 -7 -8 10 -10 12 -11 13 -4
right_child=1 -3 8 -5 -6 6 7 -9 9 11 -12 -13 -14 -15
leaf_value=0.018762796969098449 -0.021537806523543816 0.0096656919644496492 0.0070695207347633363 0.020147306211118828 -0.0059239880572550963 0.018619398974460032 -0.00037507812693351268 -0.028279119675799651 -0.00023294020866751377 0.0025883707170080202 -0.010150937505870684 0.027471107675408717 -0.002401912126529032 -0.014354350573399836
leaf_weight=987.42533688247204 1485.6537424474955 3872.1050017029047 4361.1224881112576 3405.715368449688 13613.014077946544 530.25913679599762 1576.9245934039354 351.47708590328693 2866.7890107482672 391.86489306390285 2766.5637644678354 833.81950730085373 10848.537407711148 621.86162891983986
leaf_count=4557 6232 17597 19215 16638 57974 2431 6969 1535 12598 1707 11917 3780 47276 2771
internal_value=5.14775e-05 -0.0020224 -0.00322227 0.0126459 -0.00747357 0.00519556 -0.00030712 -0.00558062 -0.000391333 0.00574061 -0.00174302 0.0196011 -0.000268249 0.00437249
internal_weight=48513.1 41661.3 37789.2 6851.8 15098.7 3446.09 2458.66 1928.4 22690.6 4092.47 18598.1 1225.68 15831.5 4982.98
internal_count=213197 181067 163470 32130 64206 15492 10935 8504 99264 18085 81179 5487 69262 21986
is_linear=0
shrinkage=0.03


Tree=19
num_leaves=15
num_cat=0
split_feature=238 242 119 226 226 228 242 243 243 29 244 71 230 138
split_gain=1365.66 720.052 455.938 392.197 291.527 444.953 253.571 242.907 338.477 225.069 214.778 192.323 189.067 184.583
threshold=-0.20192330330610272 0.031649684533476836 71.500000000000014 66.500000000000014 12.500000000000002 25.500000000000004 0.019195819273591045 -0.087502673268318162 -0.048645600676536553 97.500000000000014 0.015345220919698479 26.500000000000004 14.500000000000002 41.500000000000007
decision_type=10 8 10 8 8 10 10 2 2 8 2 8 10 8
left_child=-1 2 4 6 -2 7 12 -6 11 -3 13 -9 -4 -10
right_child=1 9 3 -5 5 -7 -8 8 10 -11 -12 -13 -14 -15
leaf_value=0.016061185769193995 0.002720152155817258 0.0036459914180809816 -0.0014936418715929295 0.0088212308127665843 -0.05040276867358761 -0.0037834207228561417 0.00097070308329491345 0.0091083539977229577 -0.023955074812254482 0.015498054880476311 -0.003499585030738894 -0.0098731815980039155 -0.015198460077997038 -0.010584081159329989
leaf_weight=4370.6318610906601 2747.0547097921371 7428.6285634338856 1706.5563070178032 3828.1744279116392 147.897252202034 10373.429453521967 7014.8699014931917 812.15045437216759 2815.3989843577147 1782.6611131727695 923.86316592991352 1146.3875949382782 1926.9849247783422 1422.1815216988325
leaf_count=21128 11833 32892 7562 17087 630 44239 30938 3463 11798 8276 3933 4885 8295 6030
internal_value=8.57223e-05 -0.0015017 -0.00347264 0.000598718 -0.00636235 -0.0077774 -0.00236283 -0.013465 -0.0126281 0.00595404 -0.0166509 -0.00199579 -0.00878352 -0.0195031
internal_weight=48446.9 44076.2 34864.9 14476.6 20388.4 17641.3 10648.4 7267.88 7119.98 9211.29 5161.44 1958.54 3633.54 4237.58
internal_count=212989 191861 150693 63882 86811 74978 46795 30739 30109 41168 21761 8348 15857 17828
is_linear=0
shrinkage=0.03


Tree=20
num_leaves=15
num_cat=0
split_feature=238 126 242 230 226 231 242 230 231 226 231 249 29 230
split_gain=1286.68 692.789 503.509 332.555 297.256 307.724 291.21 225.749 221.423 201.516 188.947 166.866 166.288 161.02
threshold=-0.19510313123464582 53.500000000000007 0.024377696216106418 71.500000000000014 12.500000000000002 86.500000000000014 0.031021420843899253 1.5000000000000002 66.500000000000014 81.500000000000014 91.500000000000014 0.83333334326744091 2.5000000000000004 36.500000000000007
decision_type=10 8 8 10 8 10 8 10 10 8 8 2 10 10
left_child=7 6 3 4 5 -3 9 -1 -5 -2 -6 -7 -4 -8
right_child=1 2 12 8 10 11 13 -9 -10 -11 -12 -13 -14 -15
leaf_value=0.023375071284079493 -0.0089422558835943917 0.010467830243491162 0.015303584115954508 -0.0013950617411054524 -0.0070254963418693566 -0.013234233669627379 0.0065128957306271806 0.0098100813145034112 0.013569771639623862 -0.00029858404067469198 -0.023706909907212564 0.019760082105856301 0.0052448661967919221 -0.0045172717149413273
leaf_weight=1704.5209832787514 13551.287261649966 1788.6051432341337 1806.4308313727379 1856.5572889000177 5158.1066254526377 1062.9898942261934 2387.7528902888298 3184.2545155137777 1696.0262221544981 2957.5917966663837 686.81700094044209 149.28879542648792 8102.6856331080198 2357.289530813694
leaf_count=8517 57405 7865 8353 8156 22184 4717 10594 15146 7671 12584 2966 680 36022 10256
internal_value=4.58791e-07 -0.00163848 0.00205405 -0.001975 -0.0050874 0.00258225 -0.00551319 0.0145777 0.00576728 -0.00739485 -0.00902281 -0.00904265 0.00709215 0.00103524
internal_weight=48450.2 43561.4 22307.5 12398.4 8845.81 3000.88 21253.9 4888.78 3552.58 16508.9 5844.92 1212.28 9909.12 4745.04
internal_count=213116 189453 98614 54239 38412 13262 90839 23663 15827 69989 25150 5397 44375 20850
is_linear=0
shrinkage=0.03


Tree=21
num_leaves=15
num_cat=0
split_feature=245 126 226 248 248 226 230 222 230 245 222 245 245 248
split_gain=1300.09 633.647 433.16 345.782 340.808 353.764 322.227 292.712 288.578 282.712 265.821 245.794 221.126 213.322
threshold=-0.099302399903535829 59.500000000000007 6.5000000000000009 0.71212121844291698 0.60101011395454418 54.500000000000007 72.500000000000014 17.500000000000004 14.500000000000002 -0.075249154120683656 23.500000000000004 -0.054702067747712128 -0.20662932842969892 0.71212121844291698
decision_type=2 8 10 2 2 10 8 10 10 2 10 2 2 2
left_child=2 3 -1 9 -4 7 8 12 -3 -2 -5 -8 -6 -7
right_child=1 6 4 10 5 13 11 -9 -10 -11 -12 -13 -14 -15
leaf_value=0.022153528572297628 0.0066748168308666559 0.0047595307395099989 0.020179129059928778 -0.017787284499991413 0.032736247543230887 -0.0076213003465134448 0.01632221475511595 0.024560845396845107 -0.004093915082292638 -0.0050511298632189266 0.00073568366836182422 0.0034124491452871982 -0.010219968412524597 0.03030584824160646
leaf_weight=2489.6484956741333 2082.9257394522429 5498.8019840270281 1158.1374578922987 3015.6028842777014 104.24421526491642 177.19804096221924 2001.1496150642633 271.53403121232986 8304.7714653015137 16040.726817399263 905.10314840078354 3925.3117810934782 2033.7538995444775 491.13166381418705
leaf_count=12328 9035 24470 5493 12743 545 798 9242 1274 36226 68406 3856 17600 9169 2253
internal_value=1.36563e-05 -0.00195799 0.0122447 -0.00545237 0.00638249 0.00114256 0.00194705 -0.00422911 -0.000566157 -0.00370055 -0.0135202 0.00779176 -0.00798286 0.0202859
internal_weight=48500 41774.4 6725.65 22044.4 4236 3077.86 19730 2409.53 13803.6 18123.7 3920.71 5926.46 2138 668.33
internal_count=213438 181578 31860 94040 19532 14039 87538 10988 60696 77441 16599 26842 9714 3051
is_linear=0
shrinkage=0.03


Tree=22
num_leaves=15
num_cat=0
split_feature=242 126 120 178 60 47 117 228 233 4 80 148 231 117
split_gain=1067.05 694.034 463.759 268.2 246.185 233.603 210.584 187.963 155.305 154.865 121.568 200.494 216.247 146.464
threshold=0.025096439756453041 50.500000000000007 77.500000000000014 1.5000000000000002 68.500000000000014 17.500000000000004 83.500000000000014 29.500000000000004 43.500000000000007 12.500000000000002 11.500000000000002 12.500000000000002 57.500000000000007 76.500000000000014
decision_type=8 8 10 10 10 10 10 10 10 10 10 10 10 10
left_child=2 5 4 -3 7 -2 -7 8 9 -1 -5 12 -12 -13
right_child=1 3 -4 10 -6 6 -8 -9 -10 -11 11 13 -14 -15
leaf_value=-0.024153732527302116 0.0055659390504545943 0.017934288751001469 0.0016254204975577103 0.013001488791131442 -0.0015848305519464488 -0.0063213814274057445 0.012593684532452878 -0.0049651283140161309 -0.0086992040667495697 -0.0097345980012228193 0.012864269739668963 0.0024379031887163355 -0.020462077710219302 0.011295054809487146
leaf_weight=1574.0019974112511 3022.6996438056231 2680.3515966534615 8801.953616797924 2472.7815905511379 5576.5837379693985 5700.8909343630075 574.59476740658283 5304.0842942744493 3998.5221715867519 1199.6074148565531 257.50997804105282 3287.9827191978693 504.34250237047672 3441.4695261716843
leaf_count=6611 13382 12987 39296 11489 24076 24571 2626 22522 16855 5056 1141 14490 2280 15714
internal_value=5.76541e-05 0.00494757 -0.00399858 0.00952005 -0.00680212 -0.00127401 -0.0045722 -0.00920807 -0.012519 -0.0179747 0.0072409 0.00532461 -0.00917688 0.00697753
internal_weight=48397.4 21942.6 26454.8 12644.4 17652.8 9298.19 6275.49 12076.2 6772.13 2773.61 9964.09 7491.3 761.852 6729.45
internal_count=213096 98680 114416 58101 75120 40579 27197 51044 28522 11667 45114 33625 3421 30204
is_linear=0
shrinkage=0.03


Tree=23
num_leaves=15
num_cat=0
split_feature=245 242 230 226 120 248 226 245 108 222 224 248 24 248
split_gain=1230.33 761.479 396.904 388.233 371.286 355.32 351.163 308.612 288.041 265.347 242.956 261.85 214.416 211.689
threshold=-0.099302399903535829 0.031649684533476836 80.500000000000014 6.5000000000000009 51.500000000000007 0.60101011395454418 54.500000000000007 -0.047014810144901269 10.500000000000002 23.500000000000004 4.5000000000000009 0.82323232293128978 1.5000000000000002 0.71212121844291698
decision_type=2 8 10 10 10 2 10 2 8 10 10 2 10 2
left_child=3 2 4 -1 8 -5 9 -4 -2 10 11 -7 -3 -8
right_child=1 12 7 5 -6 6 13 -9 -10 -11 -12 -13 -14 -15
leaf_value=0.021427950405839183 -0.01834156223718347 0.014448649174793143 0.0096430519573103574 0.020431557412930835 -0.0027325158204677983 -0.017614898388758692 -0.0071316302686754568 -0.0037382202406893955 -0.0070659509820195513 0.033744530999770747 -0.011798267320670483 0.028979162648565471 0.003306791521003534 0.030146744025556775
leaf_weight=2444.9082194417715 2749.5551759153605 1982.8907124400139 3007.2523427754641 1168.7539371550083 15692.739223480225 160.38360151648521 184.18666522204876 3184.185775488615 7915.0507578849792 144.67852196097374 1809.7136857062578 294.55350905656815 7111.4946671277285 490.93703159689903
leaf_count=12262 11475 9330 13327 5600 67936 799 828 13851 33436 705 8060 1421 31630 2277
internal_value=-8.90227e-07 -0.00192114 -0.00406543 0.0119227 -0.00567067 0.00642123 0.0010636 0.00276629 -0.00998749 -0.00430925 -0.006878 0.0125273 0.0057493 0.0200208
internal_weight=48341.3 41643.2 32548.8 6698.12 26357.3 4253.21 3084.45 6191.44 10664.6 2409.33 2264.65 454.937 9094.39 675.124
internal_count=212937 180985 140025 31952 112847 19690 14090 27178 44911 10985 10280 2220 40960 3105
is_linear=0
shrinkage=0.03


Tree=24
num_leaves=15
num_cat=0
split_feature=119 226 29 240 226 228 230 59 89 98 249 224 224 36
split_gain=837.839 398.575 419.31 351.208 339.59 308.817 278.19 201.151 178.423 175.773 170.39 151.204 147.565 180.256
threshold=77.500000000000014 12.500000000000002 99.500000000000014 -0.068988397717475877 66.500000000000014 25.500000000000004 14.500000000000002 6.5000000000000009 64.500000000000014 38.500000000000007 0.82323232293128978 1.0000000180025095e-35 32.500000000000007 58.500000000000007
decision_type=8 10 8 10 8 10 10 10 8 10 2 10 10 10
left_child=1 12 5 -2 6 9 7 -5 -6 10 -3 -8 -1 -14
right_child=3 2 -4 4 8 -7 11 -9 -10 -11 -12 -13 13 -15
leaf_value=0.0083116030758608409 0.016650772087665362 -0.010731253495306032 0.015388264223165225 0.011902311859969424 0.01827278607260804 -0.0026688941678917289 0.023911508975168097 0.0010406618584189468 0.0058235782956588284 0.00026407831140551265 -0.044322402638848887 -0.0045315431362068434 -0.0093693844047939602 0.01603216721033884
leaf_weight=3299.0693167001009 2045.688827380538 7944.2905620783567 895.23850432038307 2508.3383527696133 1696.5787130892277 14534.832534074783 163.42377945780754 3933.5345005691051 2675.4873280972242 1378.5321322977543 129.4426544457674 5779.942882552743 1051.5163582116365 319.76370115578175
leaf_count=14493 10063 33643 4139 11830 7667 62309 751 17876 12381 5931 547 25399 4637 1417
internal_value=-3.67627e-06 -0.0031532 -0.00466255 0.00494548 0.00350745 -0.00541698 0.000967096 0.00528187 0.0106852 -0.00963546 -0.011324 -0.0037106 0.00488099 -0.00337291
internal_weight=48355.7 29552.7 24882.3 18803 16757.3 23987.1 12385.2 6441.87 4372.07 9452.27 8073.73 5943.37 4670.35 1371.28
internal_count=213083 127116 106569 85967 75904 102430 55856 29706 20048 40121 34190 26150 20547 6054
is_linear=0
shrinkage=0.03


Tree=25
num_leaves=15
num_cat=0
split_feature=245 237 226 248 226 140 230 245 231 248 228 47 243 231
split_gain=1081.41 498.272 387.737 323.883 338.467 247.616 358.651 356.973 322.573 250.888 344.869 239.024 237.152 229.251
threshold=-0.099302399903535829 0.058140696957707412 6.5000000000000009 0.60101011395454418 54.500000000000007 30.500000000000004 10.500000000000002 -0.069938126951456056 94.500000000000014 0.71212121844291698 22.500000000000004 91.500000000000014 -0.10134678333997725 34.500000000000007
decision_type=2 2 10 2 10 8 10 2 10 2 10 8 2 10
left_child=2 5 -1 -4 12 6 8 -7 -2 -8 -11 -3 -5 -14
right_child=1 11 3 4 -6 7 9 -9 -10 10 -12 -13 13 -15
leaf_value=0.020733068717788593 0.0030572559049262494 0.00089829086856498095 0.019071640553525594 -0.038571784517642045 0.019470960085791179 0.00641515686769313 -0.0071502681787775071 -0.003435882832784576 -0.026674490071879629 -0.027952763446595086 -0.001896798711863774 0.011413060505279401 -0.021212033309949519 0.0026993248552161834
leaf_weight=2425.8319147378206 4102.0890882760286 5378.7867815047503 1169.09189671278 162.09763875603676 659.28737749159336 4281.364332601428 8024.2440524697304 14479.408535704017 346.93285025656223 1319.3589632809162 699.15735949575901 3040.2239980846643 439.62674278020859 1819.8221989870071
leaf_count=12334 17782 23889 5651 770 3060 18878 33850 62658 1519 5504 2951 14069 1923 8341
internal_value=-1.48249e-05 -0.00181139 0.0111857 0.00570023 0.00058086 -0.003462 -0.00640616 -0.00118557 0.000684165 -0.00954478 -0.0189816 0.00470436 -0.00462106 -0.00202614
internal_weight=48347.3 41671.6 6675.76 4249.93 3080.83 33252.6 14491.8 18760.8 4449.02 10042.8 2018.52 8419.01 2421.55 2259.45
internal_count=213179 181100 32079 19745 14094 143142 61606 81536 19301 42305 8455 37958 11034 10264
is_linear=0
shrinkage=0.03


Tree=26
num_leaves=15
num_cat=0
split_feature=238 242 126 229 226 242 24 140 121 147 226 243 118 228
split_gain=1072.5 564.385 396.209 223.294 294.963 258.584 195.265 188.442 199.34 161.347 154.71 151.602 170.27 156.743
threshold=-0.20422844588756559 0.031649684533476836 59.500000000000007 67.500000000000014 9.5000000000000018 0.022438678890466694 96.500000000000014 89.500000000000014 42.500000000000007 28.500000000000004 81.500000000000014 -0.089691597968339906 92.500000000000014 6.5000000000000009
decision_type=10 8 10 10 8 10 8 10 10 10 10 2 10 10
left_child=-1 2 10 4 7 -6 -3 9 -9 -4 -2 -11 -13 -14
right_child=1 6 3 -5 5 -7 -8 8 -10 11 -12 12 13 -15
leaf_value=0.014842705458799949 -0.0070928345363387366 0.0031116631031053938 0.017434549702222999 0.0067383827695098146 -0.0091115577779125722 0.0015562975131994763 0.013796661708024759 -0.038218248641409984 0.0034787112600565169 0.029286883950347096 6.0048025734627372e-05 0.0071261942825930052 -0.021601985278453084 0.0084427641672183661
leaf_weight=4071.4998187571764 15866.153828293085 7200.6368609666824 1082.9755897372961 3923.5167441219091 4826.8822439163923 3538.4526519030333 1951.1940185874701 161.41588369011879 255.50274957716465 174.55804228782654 3284.2546193450689 1316.5263650715351 442.54420465230942 231.97663706541061
leaf_count=20344 67036 32059 4935 17676 20768 15557 9295 698 1149 858 13964 5817 2003 1047
internal_value=0.000127768 -0.00122902 -0.00295885 0.000533044 -0.00149457 -0.00460269 0.0054023 0.00559196 -0.0131819 0.00803443 -0.00586674 0.00327509 0.000859641 -0.0112968
internal_weight=48328.1 44256.6 35104.8 15954.4 12030.8 8365.33 9151.83 3665.5 416.919 3248.58 19150.4 2165.61 1991.05 674.521
internal_count=213206 192862 151508 70508 52832 36325 41354 16507 1847 14660 81000 9725 8867 3050
is_linear=0
shrinkage=0.03


Tree=27
num_leaves=15
num_cat=0
split_feature=236 98 126 140 226 231 228 228 106 120 246 226 228 226
split_gain=1044.19 470.699 399.93 273.903 262.281 232.706 286.683 247.755 196.265 159.486 127.402 126.544 118.88 118.683
threshold=-0.097264830023050294 42.500000000000007 74.500000000000014 44.500000000000007 8.5000000000000018 77.500000000000014 5.5000000000000009 21.500000000000004 16.500000000000004 97.500000000000014 0.026947411708533767 1.5000000000000002 35.500000000000007 3.5000000000000004
decision_type=2 8 8 10 8 10 10 10 10 10 2 8 10 10
left_child=2 3 13 4 5 7 -7 -2 12 -5 -9 -4 -6 -1
right_child=1 -3 11 9 8 6 -8 10 -10 -11 -12 -13 -14 -15
leaf_value=0.01197982708722106 0.012296510334780112 0.0028963061360447796 0.02365708223953026 -0.0027376956863098137 -0.016845503332409955 -0.027172987855481435 0.0080467764005371437 -0.030184301997122315 -0.0061893109080706429 0.007617835098835052 0.0074057049862900643 0.011462276732669642 -0.0057560136307435042 0.00097462632354409291
leaf_weight=1032.3012369275093 1467.0151959806681 10054.229048490524 930.89458924531937 10536.323640391231 3633.5141405761242 473.55670954287052 358.61293034255505 204.92088912427425 6601.5863134115934 1523.3311152905226 125.05710482597351 4491.744294077158 1161.2508168816566 5746.722359791398
leaf_count=4958 6350 44461 4792 45648 15107 2063 1586 877 27976 6815 546 21590 4870 25681
internal_value=-5.42852e-05 -0.00261639 0.0075302 -0.0047415 -0.00759061 0.000947859 -0.0120801 0.00701446 -0.00955956 -0.0014244 -0.0161394 0.0135954 -0.0141773 0.00266566
internal_weight=48341.1 36139.4 12201.7 26085.2 14025.5 2629.16 832.17 1796.99 11396.4 12059.7 329.978 5422.64 4794.76 6779.02
internal_count=213320 156299 57021 111838 59375 11422 3649 7773 47953 52463 1423 26382 19977 30639
is_linear=0
shrinkage=0.03


Tree=28
num_leaves=15
num_cat=0
split_feature=245 242 119 63 248 230 178 230 242 117 230 245 248 248
split_gain=1064.67 700.024 320.883 302.676 225.957 287.243 219.849 207.479 236.911 161.475 159.078 146.08 133.126 220.637
threshold=-0.099302399903535829 0.03118990641087294 84.500000000000014 75.500000000000014 0.88383838534355175 2.5000000000000004 1.5000000000000002 80.500000000000014 0.019742775708436969 59.500000000000007 36.500000000000007 -0.04782923869788646 0.6111111342906953 0.80303028225898754
decision_type=2 8 8 10 2 10 10 10 10 10 10 2 2 2
left_child=2 3 4 7 12 -6 -3 8 -2 10 -8 -9 -1 -14
right_child=1 6 -4 -5 5 -7 9 11 -10 -11 -12 -13 13 -15
leaf_value=0.016950397597883245 -0.011248760582105345 0.014211991072690588 0.018095950680118732 0.0009737898059790749 0.027735274010812126 -0.027607011991114594 0.0062861563038074421 0.0064360562815292573 -0.0043766855919663804 0.0074698954101886381 -0.0062775932216948809 -0.0047245644792739952 -0.0056951365399005765 0.014473376157362269
leaf_weight=958.78903977572918 7159.9850635975599 2003.5322249978781 3173.9922330230474 8574.1104401797056 101.60691638290882 348.39779649674892 1487.6149147003889 1946.7502431124449 12256.790861278772 3718.2115225344896 2290.6784028410912 2281.7040427029133 1083.732942327857 872.59875819087029
leaf_count=4595 30090 9537 16390 37243 469 1509 6513 8606 52509 17012 9919 9883 4904 3890
internal_value=2.08524e-05 -0.00174406 0.0112664 -0.00385412 0.00479026 -0.0147799 0.00540872 -0.00560446 -0.00691527 0.00304015 -0.00132737 0.000416768 0.0078515 0.00332865
internal_weight=48258.5 41719.4 6539.12 32219.3 3365.13 450.005 9500.04 23645.2 19416.8 7496.5 3778.29 4228.45 2915.12 1956.33
internal_count=213069 181312 31757 138331 15367 1978 42981 101088 82599 33444 16432 18489 13389 8794
is_linear=0
shrinkage=0.03


Tree=29
num_leaves=15
num_cat=0
split_feature=236 126 242 229 245 245 230 231 242 226 242 245 243 192
split_gain=969.373 421.723 337.657 254.2 251.336 241.511 215.981 235.435 192.101 216.232 190.057 188.781 186.202 181.034
threshold=-0.11671695485711096 53.500000000000007 0.024299177341163162 67.500000000000014 -0.20662932842969892 -0.05443452671170234 14.500000000000002 91.500000000000014 0.041246507316827781 6.5000000000000009 0.019818876869976524 -0.082015518099069581 -0.038041654974222176 86.500000000000014
decision_type=2 8 8 10 2 2 8 8 8 8 8 2 2 10
left_child=4 10 3 6 -1 -5 -3 12 9 -6 -2 -4 -8 -11
right_child=1 2 11 5 8 -7 7 -9 -10 13 -12 -13 -14 -15
leaf_value=0.031873156420476167 -0.0091487127598376475 0.001106930006892329 0.014684095696614365 0.017506052045630469 0.016218963802743708 -0.00065581807005221486 0.0040892420715744728 -0.02699177128497383 0.018429428612432502 -0.00067401588113486237 -0.0028839901269625233 0.0034706105823166149 -0.0096082333449109773 0.017368483194101711
leaf_weight=447.79033097624779 6372.673777371645 3500.3384041786194 1627.0029323995113 983.01003140211105 1357.7223083823919 1956.8028139322996 1168.9118881076574 544.23612061142921 1445.7338667958975 3094.6712431758642 13792.165004789829 7806.4346571266651 3711.9222005903721 586.91819666326046
leaf_count=2519 26557 15479 7719 4569 6921 8617 4997 2303 7224 14254 58989 35074 15834 2751
internal_value=-2.22246e-05 -0.00175904 0.00118474 -0.00218274 0.0103528 0.00545588 -0.00470201 -0.00844516 0.00882001 0.00603211 -0.00486738 0.00541812 -0.00632617 0.00224157
internal_weight=48396.3 41463.5 21298.7 11865.2 6932.84 2939.81 8925.41 5425.07 6485.05 5039.31 20164.8 9433.44 4880.83 3681.59
internal_count=213807 180138 94592 51799 33669 13186 38613 23134 31150 23926 85546 42793 20831 17005
is_linear=0
shrinkage=0.03


Tree=30
num_leaves=15
num_cat=0
split_feature=236 126 106 140 242 226 231 224 242 228 224 243 231 77
split_gain=894.867 370.025 341.984 291.037 264.395 173.707 303.41 257.003 194.123 167.629 143.687 137.056 195.599 147.221
threshold=-0.095735758543014512 75.500000000000014 33.500000000000007 43.500000000000007 0.034473743289709098 8.5000000000000018 77.500000000000014 34.500000000000007 0.023364413529634479 43.500000000000007 76.500000000000014 -0.05061517842113971 93.500000000000014 4.5000000000000009
decision_type=2 8 8 10 8 8 10 10 10 10 10 2 10 10
left_child=1 4 3 5 10 6 7 -2 -8 11 -1 12 -7 -13
right_child=2 -3 -4 -5 -6 9 8 -9 -10 -11 -12 13 -14 -15
leaf_value=-0.0027735156021246889 0.012908233535875608 0.012695987320701457 0.0013446358893993784 -0.0011946065559226956 0.011473403074869324 0.00086650868591607523 -0.02534379508016664 -0.019997712735679705 0.0090702131292958472 -0.0023791081298912696 0.015424111036384233 -0.02689127758712977 -0.036686529060267294 -0.012124331453638511
leaf_weight=4755.6407373100519 1238.1936862617731 5420.2485765963793 13070.517586559057 10766.573819890618 2027.2371543049812 1178.1199460625648 536.92102351784706 248.43588688969612 196.09763740003109 2134.7769033014774 415.42354820668697 686.30403137207031 129.56983852386475 5360.8068215548992
leaf_count=21087 5365 26691 57511 46736 9682 5011 2311 1064 879 9008 1859 2835 541 22296
internal_value=-7.69675e-05 0.00678309 -0.00251344 -0.00475665 0.0023193 -0.00802811 -0.000469965 0.00731233 -0.0161392 -0.00979364 -0.00128464 -0.0119396 -0.00310454 -0.0138419
internal_weight=48164.9 12618.6 35546.3 22475.8 7198.3 11709.2 2219.65 1486.63 733.019 9489.58 5171.06 7354.8 1307.69 6047.11
internal_count=212876 59319 153557 96046 32628 49310 9619 6429 3190 39691 22946 30683 5552 25131
is_linear=0
shrinkage=0.03


Tree=31
num_leaves=15
num_cat=0
split_feature=238 126 245 209 237 245 10 228 190 228 224 137 122 224
split_gain=913.012 479.289 371.605 238.595 218.055 182.092 169.453 153.59 146.753 141.153 117.238 116.18 111.15 147.005
threshold=-0.19510313123464582 59.500000000000007 -0.082015518099069581 51.500000000000007 0.08042882010340692 -0.20662932842969892 5.5000000000000009 27.500000000000004 80.500000000000014 93.500000000000014 93.500000000000014 64.500000000000014 35.500000000000007 24.500000000000004
decision_type=10 8 2 10 2 2 10 10 8 10 10 10 8 10
left_child=5 3 7 6 10 -1 -2 -3 11 -9 12 -8 13 -4
right_child=1 2 4 -5 -6 -7 8 9 -10 -11 -12 -13 -14 -15
leaf_value=0.031449067980081881 0.0036436480410763018 0.0070485002315834469 0.014560399265900352 -0.01167941785620734 0.0074706704235828593 0.010729682635442205 -0.0058804762232186371 0.024929175139504094 0.0049202969178807803 -0.014728258649878761 0.0097063288183421009 0.0018004112662123907 -0.0037369812340308649 -0.0022406325504992814
leaf_weight=413.85338382422924 2969.5026706904173 3284.0878959000111 736.77528667449951 3280.9043762087822 2855.672813937068 4245.3829546570778 14158.245251625776 805.04445138573647 1481.3978151828051 83.123157277703285 752.64216274023056 2021.1362378746271 9847.170233130455 1252.8750485479832
leaf_count=2397 12944 15346 3238 13761 13088 21196 59960 3816 6348 415 3388 8729 43001 5442
internal_value=2.63893e-05 -0.00132565 0.00214923 -0.00417624 1.20348e-06 0.0126335 -0.0029779 0.0100819 -0.00409269 0.021095 -0.00169768 -0.00492046 -0.00243039 0.00402256
internal_weight=48187.8 43528.6 19617.4 23911.2 15445.1 4659.24 20630.3 4172.26 17660.8 888.168 12589.5 16179.4 11836.8 1989.65
internal_count=213069 189476 87734 101742 68157 23593 87981 19577 75037 4231 55069 68689 51681 8680
is_linear=0
shrinkage=0.03


Tree=32
num_leaves=15
num_cat=0
split_feature=238 140 238 232 243 29 140 60 126 226 224 139 231 226
split_gain=882.092 371.894 302.241 222.064 201.112 193.727 237.536 178.957 167.966 166.436 220.593 166.514 165.916 219.845
threshold=-0.14732699841260907 56.500000000000007 -0.23228914290666577 78.500000000000014 -0.03436250984668731 8.5000000000000018 89.500000000000014 71.500000000000014 88.500000000000014 12.500000000000002 16.500000000000004 40.500000000000007 91.500000000000014 4.5000000000000009
decision_type=10 8 10 10 2 8 10 8 8 10 10 10 10 10
left_child=2 3 -1 12 8 6 -6 -4 -3 -5 -11 -12 13 -2
right_child=1 4 7 9 5 -7 -8 -9 -10 10 11 -13 -14 -15
leaf_value=0.016667425797388273 0.0063637200442112343 0.0030892617034217629 0.0018005384343536262 0.0072071201185621306 0.0011696932476550344 -5.1220497454168977e-05 -0.045163625277376877 0.010813267728130547 0.016115613554672299 -0.015688129044527113 0.0065265583096329625 -0.0071299354545705925 -0.017108686031660568 -0.0069111212025135173
leaf_weight=2440.3618153184652 1222.5455616861582 3174.3008371442556 6028.1647729873657 1973.1687019020319 203.8163093328476 10492.176090836525 183.80914585292339 2948.4553500115871 1232.1257809847593 983.86550460755825 1801.3677415400743 1434.2901855111122 1256.0317660868168 12840.026463314891
leaf_count=12936 5326 14040 27463 8691 898 46176 792 13934 5795 4152 7654 6018 5417 54048
internal_value=4.39245e-05 -0.00221654 0.0073251 -0.00475805 0.00136071 -0.000830222 -0.0213845 0.00476959 0.00675994 3.63304e-05 -0.00332605 0.000469643 -0.00669498 -0.00575336
internal_weight=48214.5 36797.5 11417 21511.3 15286.2 10879.8 387.625 8976.62 4406.43 6192.69 4219.52 3235.66 15318.6 14062.6
internal_count=213340 159007 54333 91306 67701 47866 1690 41397 19835 26515 17824 13672 64791 59374
is_linear=0
shrinkage=0.03


Tree=33
num_leaves=15
num_cat=0
split_feature=238 120 29 226 231 226 35 238 222 233 228 238 231 96
split_gain=823.333 351.016 373.572 273.379 263.455 323.01 240.688 235.287 184.036 163.232 161.615 166.947 149.227 139.311
threshold=-0.20422844588756559 73.500000000000014 97.500000000000014 66.500000000000014 91.500000000000014 4.5000000000000009 6.5000000000000009 -0.11321373283863066 14.500000000000002 67.500000000000014 5.5000000000000009 -0.14395964890718457 97.500000000000014 40.500000000000007
decision_type=10 8 8 8 10 10 10 10 8 8 10 10 10 10
left_child=-1 2 6 4 5 -3 -2 -8 -5 -7 11 -6 -12 -9
right_child=1 3 -4 8 10 9 7 13 -10 -11 12 -13 -14 -15
leaf_value=0.013152697442040284 -0.01183051112766915 0.01292714384191339 0.0086374138052909347 0.023144403023491258 -0.0051045426198845995 -0.0032020417871577909 0.0020159573159082653 -0.007406864355429402 0.0061409530405120609 0.0059923107409794478 -0.0083811219503085298 -0.027159783296269564 0.010586924991758723 -0.001748705928549871
leaf_weight=3936.4854914695024 3291.7196301370859 2080.4540805667639 2181.488480463624 690.67388571798801 633.17873407900333 5513.773290514946 5839.8579920530319 9253.0189862549305 3221.0774379819632 2525.54274328053 1031.7173669338226 603.93390510976315 571.92652128636837 6798.453665792942
leaf_count=20367 13931 9437 10066 3173 3041 24114 25218 38689 14912 11222 4612 2658 2585 29187
internal_value=2.31e-05 -0.00114797 -0.0032459 0.00225451 0.000154397 0.00242158 -0.00427832 -0.00313784 0.00919451 -0.000309789 -0.00790225 -0.0160029 -0.00159264 -0.00501298
internal_weight=48173.3 44236.8 27364.5 16872.3 12960.5 10119.8 25183.1 21891.3 3911.75 8039.32 2840.76 1237.11 1603.64 16051.5
internal_count=213212 192845 117091 75754 57669 44773 107025 93094 18085 35336 12896 5699 7197 67876
is_linear=0
shrinkage=0.03


Tree=34
num_leaves=15
num_cat=0
split_feature=245 242 229 224 245 226 226 126 242 243 246 47 178 228
split_gain=836.169 564.656 327.786 324.089 295.114 276.795 280.284 274.7 218.105 243.556 169.016 165.592 163.395 156.745
threshold=-0.099302399903535829 0.025190943852066997 67.500000000000014 3.5000000000000004 -0.053785393014550202 54.500000000000007 12.500000000000002 39.500000000000007 0.034227337688207633 -0.084038492292165742 0.098325811326503768 20.500000000000004 1.5000000000000002 93.500000000000014
decision_type=2 8 10 10 2 8 10 8 8 2 2 10 10 10
left_child=3 2 -2 -1 13 6 10 11 9 -8 -5 -3 -9 -4
right_child=1 7 4 5 -6 -7 8 12 -10 -11 -12 -13 -14 -15
leaf_value=0.020198194814379955 -0.0064994852793907008 0.0038839082601938094 0.015440324776210056 0.017329082971576763 -0.0028540024930785446 0.01892554620226123 -0.040019191118883093 0.013271898852154964 0.011590781033802004 -0.0060978118062441798 -0.0087044232788056255 -0.0062122091987143755 0.0036362283452914808 -0.0120558434883139
leaf_weight=1960.1323627531528 18271.41329793632 2282.5075674057007 1516.2064516246319 1085.1552093178034 3752.9140714854002 1061.3739425092936 212.06110785901546 1883.8625308424234 507.04141123592854 1382.16477227211 275.65940403938293 4031.2432124465704 9776.1166499853134 205.08905971050262
leaf_count=10606 77244 10005 6787 5383 16224 5105 954 9105 2532 6109 1411 17144 43925 967
internal_value=2.30122e-05 -0.00153534 -0.00457101 0.0100373 0.00186584 0.00559946 0.00147133 0.00247549 -0.00539153 -0.0108313 0.0120305 -0.00256195 0.00520307 0.0121135
internal_weight=48202.9 41719.4 23745.6 6483.59 5474.21 4523.46 3462.08 17973.7 2101.27 1594.23 1360.81 6313.75 11660 1721.3
internal_count=213501 181401 101222 32100 23978 21494 16389 80179 9595 7063 6794 27149 53030 7754
is_linear=0
shrinkage=0.03


Tree=35
num_leaves=15
num_cat=0
split_feature=120 24 243 248 230 53 246 243 233 228 230 230 140 233
split_gain=621.801 347.112 291.296 260.136 308.806 238.777 204.968 199.668 156.682 143.479 254.095 166.328 137.681 136.079
threshold=73.500000000000014 94.500000000000014 -0.057016929611563676 0.31818181276321417 74.500000000000014 6.5000000000000009 0.034703897312283523 -0.092125352472066865 69.500000000000014 11.500000000000002 42.500000000000007 50.500000000000007 89.500000000000014 71.500000000000014
decision_type=8 8 2 2 8 10 2 2 10 10 10 10 10 10
left_child=1 2 9 6 7 13 -2 -5 -9 10 -1 -11 -10 -4
right_child=3 -3 5 4 -6 -7 -8 8 12 11 -12 -13 -14 -15
leaf_value=0.003013057969815608 -0.0083671185586237408 0.0061295062878249044 -0.017903231317877265 0.017139768510607896 0.016590493683299075 -0.0041239778543062725 0.0037261493358331376 0.00043898868109252631 0.0090339866439875915 0.022151581995961116 -0.029905400394489547 0.0014951675882586388 -0.010272822478799033 -0.0023994855147523374
leaf_weight=1680.3896214216948 2287.1154782176018 3439.7077924162149 1916.1521553248167 1000.7448827773333 2162.0357854813337 18810.189289137721 2788.5010735988617 7104.5527831017971 4254.4735727012157 671.98015390336514 231.15721789002419 725.71994252502918 352.32043986022472 697.4283314794302
leaf_count=7480 10028 15793 8020 5512 10515 79564 12692 32230 19653 2972 977 3175 1656 2937
internal_value=8.16555e-05 -0.00278761 -0.00402972 0.00413296 0.00613307 -0.00530919 -0.00172892 0.00434286 0.00323567 0.00424443 -0.00110258 0.0115131 0.00753838 -0.013791
internal_weight=48122.5 28172.7 24733 19949.7 14874.1 21423.8 5075.62 12712.1 11711.3 3309.25 1911.55 1397.7 4606.79 2613.58
internal_count=213204 120918 105125 92286 69566 90521 22720 59051 53539 14604 8457 6147 21309 10957
is_linear=0
shrinkage=0.03


Tree=36
num_leaves=15
num_cat=0
split_feature=245 242 230 230 66 245 233 126 231 245 172 244 243 231
split_gain=810.608 497.93 355.252 308.315 279.994 268.789 208.012 189.557 185.383 234.344 164.395 155.831 215.731 148.007
threshold=-0.1103546880185604 0.025096439756453041 5.5000000000000009 80.500000000000014 40.500000000000007 -0.047014810144901269 56.500000000000007 58.500000000000007 92.500000000000014 -0.07430317252874373 18.500000000000004 0.0029924191767349844 -0.048969376832246773 25.500000000000004
decision_type=2 8 10 10 10 2 10 8 10 2 10 2 2 10
left_child=7 3 -3 6 -4 13 10 -1 9 11 -2 12 -8 -5
right_child=1 2 4 5 -6 -7 8 -9 -10 -11 -12 -13 -14 -15
leaf_value=0.0044270330126818221 -0.012249639893820705 0.010534489369204307 -0.004124120476428704 0.027178901012558338 0.004093762795991906 -0.0042593083215991664 0.015175261218661865 0.01725403983432219 -0.012439637637421973 -0.0037315295860920932 -0.0048864041530723096 0.010848466768070681 -0.038987351279518453 0.0066627247816731395
leaf_weight=1693.1116974204779 5210.3160509169102 3906.2822603434324 6781.5881439000368 367.42529115080833 8271.3504994064569 2404.9874639362097 116.21916209161282 2701.7892247438431 1342.3070964515209 5373.9063872545958 5765.3648340255022 1914.1855942159891 132.03324145078659 2041.7862167358398
leaf_count=8012 21881 18582 29305 1597 37189 10403 497 14478 5866 22564 24512 8233 551 9242
internal_value=6.85399e-05 -0.00116956 0.00248553 -0.00397858 0.000391196 0.00282789 -0.00562958 0.0123338 -0.00221181 -0.000376054 -0.00838981 0.00794148 -0.0140254 0.00989103
internal_weight=48022.7 43627.8 18959.2 24668.5 15052.9 4814.2 19854.3 4394.9 8878.65 7536.34 10975.7 2162.44 248.252 2409.21
internal_count=212912 190422 85076 105346 66494 21242 84104 22490 37711 31845 46393 9281 1048 10839
is_linear=0
shrinkage=0.03


Tree=37
num_leaves=15
num_cat=0
split_feature=238 140 238 248 10 60 231 228 98 248 228 92 242 192
split_gain=717.069 318.404 272.53 238.16 230.084 206.635 194.102 394.394 207.232 185.623 176.652 172.753 160.772 149.441
threshold=-0.14311956614255902 55.500000000000007 -0.23228914290666577 0.28787878155708319 64.500000000000014 74.500000000000014 91.500000000000014 8.5000000000000018 39.500000000000007 0.83333334326744091 46.500000000000007 61.500000000000007 0.033584725111722953 95.500000000000014
decision_type=10 8 10 2 10 8 10 10 10 2 10 10 8 10
left_child=2 4 -1 11 6 12 8 9 -2 -8 -6 -3 -4 -5
right_child=1 3 5 13 10 -7 7 -9 -10 -11 -12 -13 -14 -15
leaf_value=0.015395876728340776 -0.0038342343089152434 -0.0060929550277969147 -0.0016082530417725841 0.0026463715936945412 -0.013887307855193817 0.010731818649878462 -0.036169196558211616 0.0015936732809006949 0.0044853451159744704 -0.0033962973423464545 -0.00052138095138594474 0.0065947314148171775 0.0086150000182553116 0.013878227510542109
leaf_weight=2362.6210238784552 10673.414446860552 4776.0600899457932 4995.0612972080708 8056.7548889219761 3452.979090705514 2921.1432673484087 586.34381347894669 858.62897932529449 3594.292119577527 213.42808797955513 1198.8296118080616 1201.2368952482939 1904.0868072360754 1220.2853801250458
leaf_count=12876 44920 20803 22404 35816 14405 13933 2500 3732 15516 938 5073 5420 9051 5591
internal_value=-1.64051e-05 -0.00215426 0.00626803 0.00112998 -0.00458821 0.00405857 -0.00287021 -0.0125532 -0.00173671 -0.0275733 -0.0104512 -0.0035364 0.00122163 0.00413714
internal_weight=48015.2 35832.3 12182.9 15254.3 20577.9 9820.29 15926.1 1658.4 14267.7 799.772 4651.81 5977.3 6899.15 9277.04
internal_count=212978 154714 58264 67630 87084 45388 67606 7170 60436 3438 19478 26223 31455 41407
is_linear=0
shrinkage=0.03


Tree=38
num_leaves=15
num_cat=0
split_feature=242 126 243 241 229 248 233 140 248 249 244 124 119 232
split_gain=627.601 372.074 289.529 232.262 185.121 186.337 148.534 171.27 166.658 134.368 129.906 125.317 120.177 122.403
threshold=0.03118990641087294 75.500000000000014 -0.035929730162024491 -0.84388360381126393 67.500000000000014 0.49999998509883886 45.500000000000007 51.500000000000007 0.71212121844291698 0.48989899456501013 0.0028752702055498962 71.500000000000014 49.500000000000007 90.500000000000014
decision_type=8 10 2 10 10 2 10 10 2 2 2 8 10 10
left_child=1 6 -3 11 -4 -6 7 8 -1 -7 -10 -2 -8 -14
right_child=3 2 4 -5 5 9 12 -9 10 -11 -12 -13 13 -15
leaf_value=-0.0066094715902787794 0.0060727518650161494 0.0085805107166652041 -0.004587574460479844 0.0011258245473920185 0.00073811009727973098 0.027652828138251203 -0.0046722111986729686 -0.0018095528829277221 -0.03693906968381256 -0.00530878631611237 -0.013837275703231114 0.014424398646002078 -0.0011419512251745366 0.0087122483153591473
leaf_weight=5016.9281750321388 3671.5632583349943 4389.3921206742525 4798.9513415247202 4828.6621599048376 1805.1361113786697 459.33633494377136 7020.7003398388624 4230.5354280620813 250.39420822262764 142.13853859901428 1619.9460014551878 2917.3430290967226 5458.3492748588324 1421.5668168514967
leaf_count=20969 17088 21003 21097 21751 8090 2224 29310 18181 1043 701 6893 14981 23600 6257
internal_value=-9.67572e-06 -0.00192486 0.00251601 0.00612815 -0.00118506 0.00559071 -0.00398319 -0.00656657 -0.00948173 0.019904 -0.0171101 0.00978683 -0.00191374 0.000903868
internal_weight=48030.9 36613.4 11595 11417.6 7205.56 2406.61 25018.4 11117.8 6887.27 601.475 1870.34 6588.91 13900.6 6879.92
internal_count=213188 159368 53115 53820 32112 11015 106253 47086 28905 2925 7936 32069 59167 29857
is_linear=0
shrinkage=0.03


Tree=39
num_leaves=15
num_cat=0
split_feature=245 242 66 242 119 229 231 224 231 245 228 120 245 183
split_gain=692.687 391.604 248.88 256.793 244.627 183.379 178.105 200.334 372.12 182.401 173.426 157.794 173.806 154.396
threshold=-0.1103546880185604 0.031649684533476836 55.500000000000007 0.019673333503305915 15.500000000000002 67.500000000000014 65.500000000000014 7.5000000000000009 86.500000000000014 -0.057652505114674561 2.5000000000000004 98.500000000000014 -0.083636432886123643 66.500000000000014
decision_type=2 8 10 10 8 10 10 8 10 2 10 10 2 8
left_child=4 2 6 5 -1 -4 11 8 -8 10 -9 12 -2 -3
right_child=1 13 3 -5 -6 -7 7 9 -10 -11 -12 -13 -14 -15
leaf_value=-0.027642676915780644 -0.017268051154745619 0.0012702263158684197 -0.0071864481082270955 0.0031499558679731472 0.012640557888879337 0.0043609320495590961 0.0092122193732182747 -0.025937785608041882 -0.028948436927873984 -0.0044857731915983832 0.0088754722997279444 0.010386618620120507 -0.0064250761772053303 0.0092077008652359637
leaf_weight=131.01482900977135 1531.766405120492 5869.3290675282478 5205.412484228611 9654.5466149151325 4223.5587851107121 1615.4242077171803 381.64801195263863 126.32787834107876 554.42634062469006 2316.2619928866625 2460.2965459525585 433.574193790555 9987.0651725530624 3526.9818124324083
leaf_count=571 6470 26675 22116 42712 21957 7256 1678 531 2401 9873 10586 1906 41760 16738
internal_value=-2.75326e-05 -0.00116637 -0.00265411 3.09175e-06 0.011368 -0.00444922 -0.00511339 -0.000816793 -0.013457 0.00161899 0.00708189 -0.00720992 -0.0078807 0.00425624
internal_weight=48017.6 43663.1 34266.7 16475.4 4354.57 6820.84 17791.4 5838.96 936.074 4902.89 2586.62 11952.4 11518.8 9396.31
internal_count=213230 190702 147289 72084 22528 29372 75205 25069 4079 20990 11117 50136 48230 43413
is_linear=0
shrinkage=0.03


Tree=40
num_leaves=15
num_cat=0
split_feature=119 226 140 243 243 243 244 231 231 144 244 231 215 10
split_gain=469.374 421.584 291.757 266.792 192.632 314.955 304.258 190.361 220.956 189.25 191.61 186.092 178.298 165.616
threshold=97.500000000000014 12.500000000000002 29.500000000000004 -0.085915744304656969 -0.051040830090641968 -0.085915744304656969 0.018181170336902145 88.500000000000014 5.5000000000000009 7.5000000000000009 0.0045758008491247901 58.500000000000007 34.500000000000007 64.500000000000014
decision_type=8 10 8 2 2 2 2 10 10 8 2 10 10 10
left_child=1 3 4 -1 5 11 13 8 -5 -9 -11 -3 -4 -6
right_child=-2 2 12 7 6 -7 -8 9 -10 10 -12 -13 -14 -15
leaf_value=0.021142648053556805 0.0076424838662159317 0.015405387497963581 0.00061596300372257333 -0.022362439040017369 -0.0088369267719929766 0.0053647156473049787 -2.8870078785932459e-05 -0.03313020074735458 0.0067998211129222915 0.025675428145828558 -0.0049939926249742642 -0.037157647587039544 -0.0074582820333768925 -0.019367026755366432
leaf_weight=780.56777201592922 6118.8881478905678 72.081105530261993 17072.937203377485 234.01344677805901 5670.7070613652468 2160.6703931987286 2983.9160367548466 181.83663895726204 5817.1643133610487 193.76352874934673 1822.8306646496058 259.66682958602905 2865.8417711406946 1770.9756253510714
leaf_count=4055 30252 351 74866 1047 23613 9435 12839 803 26012 904 8327 1197 12259 7289
internal_value=-0.000111861 -0.00124618 -0.002824 0.00449157 -0.00633425 0.00115462 -0.00812398 0.00289238 0.00563701 -0.00465354 -0.00193498 -0.0256203 -0.000547722 -0.0113655
internal_weight=48005.9 41887 32856.8 9030.18 12918 2492.42 10425.6 8249.61 6051.18 2198.43 2016.59 331.748 19938.8 7441.68
internal_count=213249 182997 141849 41148 54724 10983 43741 37093 27059 10034 9231 1548 87125 30902
is_linear=0
shrinkage=0.03


Tree=41
num_leaves=15
num_cat=0
split_feature=236 66 98 242 77 249 248 143 248 122 224 73 119 244
split_gain=580.671 293.555 287.021 207.354 196.468 155.035 125.767 155.673 140.158 104.553 161.458 110.611 103.971 103.157
threshold=-0.093728546053171144 75.500000000000014 42.500000000000007 0.034473743289709098 2.5000000000000004 0.13636363297700885 0.18686868995428088 75.500000000000014 0.66161617636680614 21.500000000000004 35.500000000000007 31.500000000000004 98.500000000000014 0.10770849511027338
decision_type=2 8 8 8 10 2 2 8 2 8 10 10 10 2
left_child=1 3 4 12 -2 9 -7 8 -8 10 -6 -12 -1 -4
right_child=2 -3 13 -5 5 6 7 -9 -10 -11 11 -13 -14 -15
leaf_value=-0.0026428632112672668 -0.018954537685006257 0.011265172076499189 0.0017440338008135649 0.0095382661255818697 0.0078397749874231908 -0.0064808764579270556 0.001666487383599877 0.0091509767656775803 -0.013775613251483913 -0.0059968551326120565 -0.015133105440013462 -0.00022814910652635547 0.0083647979542413597 0.019301420688968986
leaf_weight=5129.9862953424454 733.1185344606638 4781.7948641031981 9473.2103990763426 2324.8002338111401 1360.1325302124023 1795.3124601244926 2758.9345096498728 2054.5544062256813 644.02386130392551 13775.68822593987 691.24539172649384 1242.192820623517 898.91486677527428 301.23950503766537
leaf_count=22804 3063 24018 41949 11485 5778 7822 11951 9329 2744 58068 2902 5233 4552 1470
internal_value=-2.70884e-05 0.00534548 -0.00205423 0.00194753 -0.0037548 -0.00328905 0.00038518 0.00265157 -0.00128779 -0.00484956 -4.7275e-05 -0.00560744 -0.000990477 0.00230431
internal_weight=47965.1 13135.5 34829.7 8353.7 25055.2 24322.1 7252.83 5457.51 3402.96 17069.3 3293.57 1933.44 6028.9 9774.45
internal_count=213168 62859 150309 38841 106890 103827 31846 24024 14695 71981 13913 8135 27356 43419
is_linear=0
shrinkage=0.03


Tree=42
num_leaves=15
num_cat=0
split_feature=238 242 76 229 233 118 148 178 33 229 252 242 242 119
split_gain=602.922 341.66 282.495 262.191 177.256 174.427 154.371 133.903 130.641 110.489 130.33 103.366 102.136 102.06
threshold=-0.21215398609638211 0.024377696216106418 82.500000000000014 68.500000000000014 13.500000000000002 77.500000000000014 11.500000000000002 4.5000000000000009 15.500000000000002 68.500000000000014 0.024557258002460006 0.030860025435686115 0.018466738052666191 49.500000000000007
decision_type=10 8 8 10 10 10 10 10 10 10 2 10 10 10
left_child=-1 3 5 4 12 7 -7 11 -5 10 -9 -3 -2 -6
right_child=1 2 -4 8 13 6 -8 9 -10 -11 -12 -13 -14 -15
leaf_value=0.012383656072489414 -0.015367325923765815 -0.002157151340351232 0.0092896856994664021 0.0123410236250451 -0.0065733683861158212 -0.0096709857004088403 0.007341999286169066 -0.0051119852210234212 0.0003812605228439556 -0.0086109717707043149 0.0027929874823964811 0.011641746780260066 -0.0054980227069501685 -0.0015381096772673795
leaf_weight=3312.754953622818 1973.6811944097281 874.50069735944271 3873.1324953734875 1024.3792131543159 5776.9047308564186 536.93931916356087 3978.0650555789471 3818.2816086709499 4007.0461419373751 2411.3374872356653 3673.8570756018162 1089.4576581269503 1832.8075913637877 9711.2597847729921
leaf_count=17970 8299 3894 18248 4618 23812 2474 18440 16243 17613 10429 16083 5035 7821 42001
internal_value=5.55605e-05 -0.000863082 0.00201447 -0.00325897 -0.00484896 0.000289848 0.00530186 -0.00161985 0.00283587 -0.00303942 -0.00123713 0.00551765 -0.0106422 -0.00341923
internal_weight=47894.4 44581.7 20255.6 24326.1 19294.7 16382.4 4515 11867.4 5031.43 9903.48 7492.14 1963.96 3806.49 15488.2
internal_count=212980 195010 90846 104164 81933 72598 20914 51684 22231 42755 32326 8929 16120 65813
is_linear=0
shrinkage=0.03


Tree=43
num_leaves=15
num_cat=0
split_feature=242 230 126 248 237 229 248 232 230 248 193 209 29 118
split_gain=522.045 343.292 258.477 222.856 219.137 173.14 216.954 134.423 148.006 154.617 134.974 122.576 116.558 121.509
threshold=0.027605259791016582 11.500000000000002 80.500000000000014 0.81313130259513866 0.097375232726335539 67.500000000000014 0.49999998509883886 86.500000000000014 80.500000000000014 0.46969696879386907 55.500000000000007 51.500000000000007 inf 76.500000000000014
decision_type=8 10 10 2 2 10 2 10 10 2 8 10 8 10
left_child=2 -2 7 5 12 -4 -7 8 11 -10 -11 -1 13 -3
right_child=1 4 3 -5 -6 6 -8 -9 9 10 -12 -13 -14 -15
leaf_value=-0.004998029080782976 0.010386262825089644 -0.0030959236710253564 -0.002689098425566863 0.015149657183098776 0.0109665174233984 0.00099277433438730114 0.021668727666629636 0.0012552417180807342 -0.004114188572181445 -0.0059788686913793731 0.016087058642888022 -0.011871402234609831 0.02148428171239981 0.0049649605484639878
leaf_weight=13298.551765680313 5394.096265733242 6962.722578316927 5158.5129906982183 1025.4930159449577 1722.3761412799358 1456.0135094225407 656.21357679367065 3622.2963121980429 2068.3143499344587 350.52870820462704 819.66621507704258 2834.0450925678015 199.41729617118835 2208.827555462718
leaf_count=56122 27091 30314 23169 5218 8226 6553 3220 15510 8798 1533 3636 11814 974 10379
internal_value=-0.000132755 0.0041858 -0.00240894 0.00212854 0.00116422 0.000273706 0.00748809 -0.00404632 -0.00503782 0.000812914 0.00948262 -0.00621209 -0.000647209 -0.00115129
internal_weight=47777.1 16487.4 31289.6 8296.23 11093.3 7270.74 2112.23 22993.4 19371.1 3238.51 1170.19 16132.6 9370.97 9171.55
internal_count=212557 76984 135573 38160 49893 32942 9773 97413 81903 13967 5169 67936 41667 40693
is_linear=0
shrinkage=0.03


Tree=44
num_leaves=15
num_cat=0
split_feature=242 66 229 226 243 243 243 142 243 244 243 120 67 120
split_gain=526.527 404.341 231.765 270.357 278.884 260.358 247.308 200.07 198.976 195.242 188.867 175.236 161.957 145.872
threshold=0.024377696216106418 42.500000000000007 59.500000000000007 4.5000000000000009 -0.087502673268318162 -0.092125352472066865 -0.046299252659082406 84.500000000000014 -0.048645600676536553 0.022665280848741535 -0.035650614649057381 96.500000000000014 4.5000000000000009 50.500000000000007
decision_type=8 8 10 8 2 2 2 10 2 2 2 8 10 10
left_child=2 13 3 5 -5 -1 -7 -8 9 -6 -3 -4 -10 -2
right_child=1 10 11 4 8 6 7 -9 12 -11 -12 -13 -14 -15
leaf_value=0.029286271449001349 -0.0057170682284153739 0.010971713009997396 -0.00010303625310305187 -0.034362724091136838 0.0059920081480559087 -0.0091500719836697872 0.01538780015967281 -0.0071333838566940882 -0.014950296686923933 -0.012626175572223093 0.0036476235500927218 0.014589034170997812 -0.0059011809548148398 0.001710605459689932
leaf_weight=297.81812319159508 4041.635740712285 5437.8878875076771 5830.8655026108027 306.85583151876926 2057.1089276075363 1348.3305596411228 1098.4094454497099 515.15301090478897 2173.9500066041946 661.73074953258038 7612.5730216354132 825.27900831401348 9821.9056328684092 5758.2793986797333
leaf_count=1678 17355 26954 25234 1440 8765 6142 4756 2303 9154 2930 34943 3936 41052 26029
internal_value=-3.96075e-05 0.00324932 -0.00305338 -0.00479781 -0.00649659 0.00302653 0.000296458 0.00819794 -0.00589254 0.00143092 0.0067055 0.00173775 -0.00755219 -0.00135539
internal_weight=47787.8 22850.4 24937.4 18281.3 15021.6 3259.71 2961.89 1613.56 14714.7 2718.84 13050.5 6656.14 11995.9 9799.92
internal_count=212671 105281 107390 78220 63341 14879 13201 7059 61901 11695 61897 29170 50206 43384
is_linear=0
shrinkage=0.03


Tree=45
num_leaves=15
num_cat=0
split_feature=236 209 10 120 178 66 119 101 76 148 231 248 231 146
split_gain=523.03 232.495 202.633 209.301 152.329 150.126 134.789 119.554 102.483 90.9265 134.604 205.582 228.338 132.241
threshold=-0.11488801240921019 48.500000000000007 2.5000000000000004 98.500000000000014 99.500000000000014 75.500000000000014 99.500000000000014 3.5000000000000004 86.500000000000014 12.500000000000002 70.500000000000014 0.59090909361839306 92.500000000000014 87.500000000000014
decision_type=2 10 10 10 8 8 10 10 10 10 10 2 10 10
left_child=5 2 6 4 7 -1 -2 -4 9 13 -11 -12 -13 -9
right_child=1 -3 3 -5 -6 -7 -8 8 -10 10 11 12 -14 -15
leaf_value=0.0040114989380776265 0.0068507431804908214 -0.0067799568475268761 -0.0094617290969652313 0.0084639757837589608 0.013840039411688765 0.013028908238599132 -0.019585343015527005 -0.0044515243725427233 0.0031575016607218705 -0.0032034172360808936 -0.0019410261801276816 0.017542380212434365 -0.0042611725498404324 -0.022293591768199793
leaf_weight=4226.8892682492733 4093.2769982814789 5966.1235126405954 1877.9394086748362 1871.3709610849619 535.43474838137627 2742.8767618536949 171.76153691112995 1996.504213899374 3463.7785941362381 14838.373493343592 3609.5062686800957 1269.2754740267992 647.87363468110561 452.37897495925426
leaf_count=20713 18830 25426 7858 8629 2540 14587 801 8478 15350 63167 15832 5579 2871 2024
internal_value=-1.50486e-05 -0.00131317 -0.000375008 -0.00123036 -0.0018654 0.00757379 0.00574279 -0.00216887 -0.00164429 -0.00237439 -0.00171548 0.00227803 0.0101903 -0.00782473
internal_weight=47763.4 40793.6 34827.5 30562.4 28691.1 6969.77 4265.04 28155.6 26277.7 22813.9 20365 5526.66 1917.15 2448.88
internal_count=212685 177385 151959 132328 123699 35300 19631 121159 113301 97951 87449 24282 8450 10502
is_linear=0
shrinkage=0.03


Tree=46
num_leaves=15
num_cat=0
split_feature=238 137 60 98 238 244 63 78 120 224 228 244 47 103
split_gain=507.72 262.91 215.82 168.129 152.177 135.648 138.482 129.484 116.422 130.322 304.588 185.343 128.476 125.594
threshold=-0.14395964890718457 59.500000000000007 80.500000000000014 44.500000000000007 -0.2519706785678863 0.10770849511027338 65.500000000000014 44.500000000000007 51.500000000000007 34.500000000000007 4.5000000000000009 0.017025871202349666 61.500000000000007 11.500000000000002
decision_type=10 8 8 10 10 2 10 10 10 10 10 2 8 10
left_child=2 3 4 8 -1 6 -3 -6 -2 10 11 13 -12 -10
right_child=1 5 -4 -5 7 -7 -8 -9 9 -11 12 -13 -14 -15
leaf_value=0.013729139788607413 -0.0071566845180705985 -0.0015260938476476559 0.012343769365886752 0.0016967813272793677 -0.0012000733996114603 0.023961890969633404 0.0046990720946301408 0.0069914344220618329 0.0060625580402731121 -0.0068345079869583224 0.0098818676445004954 -0.027106146296494615 -0.0024171221867873671 -0.012223098178078005
leaf_weight=1046.1101025640965 9833.4853672832251 7312.7245673537254 3016.6880254596472 4241.3386374413967 5103.6680568903685 230.21918416023254 5726.1164584606886 2620.7460516244173 601.0572175681591 3525.1810348927975 2300.5988179594278 403.01695996522903 1137.3097912073135 749.18356576561928
leaf_count=5979 40752 32535 15429 18393 23663 1150 25765 12292 2603 15009 9839 1738 4793 3189
internal_value=3.23187e-05 -0.00173466 0.00543485 -0.00368862 0.00304713 0.00162175 0.00120925 0.00158459 -0.00492022 -0.0023918 0.000632462 -0.00951098 0.00581797 -0.00409854
internal_weight=47847.4 36060.2 11787.2 22791.2 8770.52 13269.1 13038.8 7724.41 18549.8 8716.35 5191.17 1753.26 3437.91 1350.24
internal_count=213129 155766 57363 96316 41934 59450 58300 35955 77923 37171 22162 7530 14632 5792
is_linear=0
shrinkage=0.03


Tree=47
num_leaves=15
num_cat=0
split_feature=245 224 51 237 224 245 228 246 243 243 243 47 230 243
split_gain=598.63 269.896 246.224 243.308 230.25 224.627 240.09 196.831 189.506 187.28 159.483 156.159 120.171 139.404
threshold=-0.099302399903535829 3.5000000000000004 3.5000000000000004 0.037692820653319366 65.500000000000014 -0.071516510099172578 12.500000000000002 0.0055579054169356832 -0.05421908758580684 -0.074706334620714174 -0.056069036945700639 97.500000000000014 5.5000000000000009 -0.052462959662079804
decision_type=2 10 8 2 10 2 8 2 2 2 2 8 8 2
left_child=1 -1 -2 5 -3 6 7 -4 10 -9 -7 -5 -8 -14
right_child=2 4 3 11 -6 8 12 9 -10 -11 -12 -13 13 -15
leaf_value=0.018307307201665908 -0.0092198538105398888 0.0022293237093140438 -0.028746557924808229 0.0006535030678359396 0.024247168661160001 -0.01191407477847941 0.028330668677647605 -0.025170073818833173 -0.0033528612449347183 0.0021432116711084742 -0.048309134897195988 0.0079441238916635962 0.017125111325949696 0.0027112368526911322
leaf_weight=1827.2672734558582 3253.7264267653227 3958.5421615540981 265.7828171402216 9778.0275006145239 469.60627610981464 560.22886824607849 225.46652291715145 251.83835850656033 18622.145297154784 1639.5961501151323 128.02627828717232 3615.1828659325838 780.82145299017429 2577.084570735693
leaf_count=10487 13748 19104 1115 43577 2416 2383 1028 1073 79146 7111 537 17328 3427 11220
internal_value=-9.83062e-06 0.00863657 -0.0013087 -0.000636916 0.00461369 -0.00238169 0.00282496 -0.00506773 -0.00393018 -0.00160671 -0.019279 0.00262589 0.00757729 0.00610382
internal_weight=47953.3 6255.42 41697.9 38444.2 4428.15 25051 5740.59 2157.22 19310.4 1891.43 688.255 13393.2 3583.37 3357.91
internal_count=213700 32007 181693 167945 21520 107040 24974 9299 82066 8184 2920 60905 15675 14647
is_linear=0
shrinkage=0.03


Tree=48
num_leaves=15
num_cat=0
split_feature=242 63 118 133 242 243 76 237 242 225 140 60 243 147
split_gain=405.5 254.789 213.131 186.282 137.04 121.019 112.465 102.641 93.2952 92.5643 89.3661 143.022 99.465 84.8272
threshold=0.031649684533476836 76.500000000000014 96.500000000000014 26.500000000000004 0.013704070355743172 -0.098864674568176256 89.500000000000014 0.12635718286037448 0.041719812899827964 17.500000000000004 28.500000000000004 56.500000000000007 -0.016498947516083714 72.500000000000014
decision_type=8 10 10 10 10 2 10 2 8 10 10 10 2 10
left_child=1 2 4 8 -1 -3 -6 -5 -2 -4 11 -7 -12 -13
right_child=3 5 9 7 6 10 -8 -9 -10 -11 12 13 -14 -15
leaf_value=-0.012648092435721084 0.0059518010554517001 0.027003153786390406 0.011205489822601807 1.8250274997995397e-05 -0.0039423011250340929 -0.010077937833544178 0.0028720599416214294 0.011638519316340875 0.014401799300927241 0.0002253581070477179 0.0069118836288722656 0.0058608492135590598 -0.0014223133291821118 -0.010990374118421409
leaf_weight=1470.8110972642899 2830.6789935231209 172.49450260400772 1193.7717505991459 5108.01168371737 20835.91117054224 1165.3422392606735 2427.1017359495163 779.92112126946449 2033.6926794946194 1623.099605217576 4306.4936790168285 1650.5137098282576 1833.1301813870668 311.28577290475368
leaf_count=6100 14080 980 6227 22990 88562 4922 10893 3744 10841 7611 19334 7243 8056 1357
internal_value=4.33588e-05 -0.00144747 -0.00290464 0.00516868 -0.00379532 0.00280418 -0.00323041 0.00157461 0.00950687 0.00490184 0.00232511 -0.00179911 0.00442525 0.00314483
internal_weight=47742.3 36990 27550.7 10752.3 24733.8 9439.26 23263 5887.93 4864.37 2816.87 9266.77 3127.14 6139.62 1961.8
internal_count=212940 161285 119393 51655 105555 41892 99455 26734 24921 13838 40912 13522 27390 8600
is_linear=0
shrinkage=0.03


Tree=49
num_leaves=15
num_cat=0
split_feature=245 228 238 249 60 230 245 229 242 4 229 229 140 121
split_gain=538.15 324.418 353.924 253.156 245.633 232.611 209.229 207.36 184.623 166.988 162.604 155.727 139.753 121.05
threshold=-0.075731933116912828 27.500000000000004 -0.23228914290666577 0.13636363297700885 71.500000000000014 73.500000000000014 -0.047014810144901269 81.500000000000014 0.025096439756453041 8.5000000000000018 1.0000000180025095e-35 5.5000000000000009 87.500000000000014 30.500000000000004
decision_type=2 8 10 2 8 8 2 10 10 10 10 8 10 10
left_child=1 2 -1 11 9 7 -7 8 -5 10 -4 12 -2 -14
right_child=3 -3 4 5 -6 6 -8 -9 -10 -11 -12 -13 13 -15
leaf_value=0.017456566332813415 0.0067544319206355556 0.013815296698813331 0.0085234765248242313 -0.0058910325329466617 0.0081064568846689767 0.014698120028787849 0.0017311967548703238 -0.024994261894940861 0.0028593114005845124 0.0028645489960257421 -0.008805948316133981 -0.0049993505611038635 -0.049034882255366501 0.0066975697049903591
leaf_weight=1287.5410756468773 1632.7428106665611 2978.1781657785177 561.01449902355671 3708.0505663603544 2936.2283719182014 1756.0886084288359 3069.6426160335541 320.24365219473839 5202.828776165843 3236.09471103549 3377.103575155139 17598.009516134858 69.027234733104706 59.230012446641922
leaf_count=7798 7040 14311 2736 15783 13984 8337 13964 1394 23521 14462 14924 74391 292 264
internal_value=0.000164193 0.00501563 0.00270627 -0.00192386 0.000812459 0.00114008 0.00647051 -0.00165048 -0.000784458 -0.00217992 -0.00632191 -0.00414808 0.004339 -0.0246744
internal_weight=47792 14376.2 11398 33415.9 10110.4 14056.9 4825.73 9231.12 8910.88 7174.21 3938.12 19359 1761 128.257
internal_count=213201 68215 53904 144986 46106 62999 22301 40698 39304 32122 17660 81987 7596 556
is_linear=0
shrinkage=0.03


Tree=50
num_leaves=15
num_cat=0
split_feature=245 226 226 248 101 222 237 245 140 231 231 44 231 248
split_gain=517.164 249.462 274.516 268.893 229.752 226.361 206.184 212.038 245.91 211.116 200.517 238.589 192.829 161.651
threshold=-0.099302399903535829 6.5000000000000009 54.500000000000007 0.60101011395454418 2.5000000000000004 17.500000000000004 0.041266705840826041 -0.071516510099172578 54.500000000000007 92.500000000000014 76.500000000000014 31.500000000000004 22.500000000000004 0.63131311535835277
decision_type=2 10 10 2 8 10 2 2 10 10 10 10 8 2
left_child=1 12 3 -3 -2 -5 7 8 9 10 11 -6 -1 -13
right_child=4 2 -4 5 6 -7 -8 -9 -10 -11 -12 13 -14 -15
leaf_value=-0.023360073133646145 -0.010381428736117745 0.014856523498564176 0.017794599057318002 -0.0088511010614828294 0.0047984742072336162 0.020579012651031684 0.0025511319536250482 -0.0036240982477504097 0.011516819409805206 -0.020731153987550294 0.013854096011938394 0.0023580042845124639 0.018273218417906689 -0.0189762715545897
leaf_weight=96.935703322291374 2330.4290825873613 752.78502652049065 936.59436368942261 2114.9482639580965 1765.4443534910679 254.94655613601208 12097.033103480935 20792.09359177947 1936.2837520241737 440.73986901342869 841.01068268716335 482.27560368180275 2045.1765956580639 926.22392207384109
leaf_count=491 9818 3997 4613 9827 7554 1282 55377 88313 8817 1880 3725 2072 11802 3845
internal_value=-4.48931e-05 0.00803001 0.00364213 -0.00064592 -0.00124994 -0.00561193 -0.000705691 -0.0021554 0.00262025 -0.00126301 0.000920298 -0.00253956 0.0162894 -0.0117062
internal_weight=47812.9 6201.39 4059.27 3122.68 41611.5 2369.89 39281.1 27184.1 6391.98 4455.69 4014.95 3173.94 2142.11 1408.5
internal_count=213413 32012 19719 15106 181401 11109 171583 116206 27893 19076 17196 13471 12293 5917
is_linear=0
shrinkage=0.03


Tree=51
num_leaves=15
num_cat=0
split_feature=238 126 236 248 120 226 230 229 248 248 226 233 249 246
split_gain=448.031 248.597 165.77 164.012 265.063 511.642 309.405 154.175 143.908 139.984 134.225 134.208 125.039 131.527
threshold=-0.20422844588756559 76.500000000000014 -0.094185460358858095 0.71212121844291698 15.500000000000002 57.500000000000007 55.500000000000007 67.500000000000014 0.49999998509883886 0.73232322931289684 1.5000000000000002 92.500000000000014 0.13636363297700885 0.0065143073443323382
decision_type=10 8 2 2 8 8 8 10 2 2 10 10 2 2
left_child=10 3 -3 12 9 6 11 -4 -9 -5 -1 -6 13 -2
right_child=1 2 7 4 5 -7 -8 8 -10 -11 -12 -13 -14 -15
leaf_value=0.01972202859603692 0.0061053584858229452 0.0083956930706643468 -0.0016858746466335576 0.011183753007627202 -0.0085025150785590607 0.014716911901779758 -0.033742750820802324 0.0028179606642166361 0.019343367491747303 -0.031317143299668032 0.0066827478565376439 0.0047238307870843353 0.0017436213981035851 -0.0035514487712841837
leaf_weight=963.81817530095577 1386.0965690463781 3455.8723728954792 6674.3797316402197 75.660285159945488 3946.3860849142075 1031.5475242882967 388.63500986993313 1863.9180562496185 628.21806719899178 499.00345949828625 2702.3665419667959 829.66078940033913 9133.3732208162546 14069.372394531965
leaf_count=5827 5836 17099 29654 312 16917 4456 1619 8431 3098 2045 14493 3613 40174 59224
internal_value=9.38572e-05 -0.000746921 0.0028067 -0.0021777 -0.00630861 -0.00447864 -0.00833363 0.000692734 0.00704435 -0.0256259 0.010155 -0.00619986 -0.00103809 -0.00268201
internal_weight=47648.3 43982.1 12622.4 31359.7 6770.89 6196.23 5164.68 9166.52 2492.14 574.664 3666.18 4776.05 24588.8 15455.5
internal_count=212798 192478 58282 134196 28962 26605 22149 41183 11529 2357 20320 20530 105234 65060
is_linear=0
shrinkage=0.03


Tree=52
num_leaves=15
num_cat=0
split_feature=245 242 119 101 245 243 229 108 148 245 120 178 246 243
split_gain=481.584 254.433 222.128 187.957 163.101 213.425 197.551 221.119 162.742 195.601 150.453 141.717 135.11 131.244
threshold=-0.1103546880185604 0.031649684533476836 17.500000000000004 2.5000000000000004 -0.075731933116912828 -0.05421908758580684 45.500000000000007 12.500000000000002 1.5000000000000002 -0.20662932842969892 97.500000000000014 1.5000000000000002 0.051847781985998161 -0.041159292683005326
decision_type=2 8 8 10 2 2 10 10 8 2 8 10 2 2
left_child=2 3 -1 12 6 -6 7 13 9 -4 -7 -3 -2 -5
right_child=1 11 8 4 5 10 -8 -9 -10 -11 -12 -13 -14 -15
leaf_value=-0.025530463604595509 -0.0069950118844041825 0.010593223020446702 0.028314690399674956 -0.00023066024703843383 -0.015133328711719529 -0.0027902295617532472 0.012727716070666648 0.0062695947841997007 0.013503866671668203 -0.013047360367077411 0.0052030212293815411 0.0015275636453701764 -0.026273958094338957 -0.013554303470425251
leaf_weight=145.84697665274143 2233.7454062700272 1962.438425347209 123.06819067895412 1544.5404156148434 1159.0743278563023 21468.881213217974 1379.2908664792776 2589.8399299830198 3448.5837967246771 445.43148812651634 2342.0884976536036 7301.1206108927727 376.59136009216309 1159.4550405144691
leaf_count=636 9376 10021 803 6743 4958 91010 6338 11570 18748 2283 10573 33441 1622 4942
internal_value=-1.78427e-05 -0.000951177 0.00971763 -0.00214411 -0.00150419 -0.00261749 0.00265934 1.7011e-05 0.0110576 -0.00375868 -0.00200215 0.00345743 -0.00986603 -0.00597264
internal_weight=47680 43517.1 4162.93 34253.5 31643.2 24970 6673.13 5293.84 4017.08 568.5 23811 9263.56 2610.34 2704
internal_count=213064 190594 22470 147132 136134 106541 29593 23255 21834 3086 101583 43462 10998 11685
is_linear=0
shrinkage=0.03


Tree=53
num_leaves=15
num_cat=0
split_feature=238 60 190 209 238 148 47 94 226 231 67 143 35 226
split_gain=458.591 253.214 180.368 155.98 145.152 145.753 139.247 119.986 111.806 112.168 146.933 120.158 132.816 94.0358
threshold=-0.12466703727841376 72.500000000000014 88.500000000000014 51.500000000000007 -0.23228914290666577 12.500000000000002 1.5000000000000002 53.500000000000007 1.5000000000000002 82.500000000000014 18.500000000000004 48.500000000000007 66.500000000000014 70.500000000000014
decision_type=10 8 10 10 10 10 8 8 8 10 10 8 8 8
left_child=1 4 3 7 -1 6 -6 -2 -3 -10 11 -11 -13 -7
right_child=2 8 -4 -5 5 13 -8 -9 9 10 -12 12 -14 -15
leaf_value=0.011078516047340697 -0.0028195727894133656 0.018694717538634314 0.0063364688834016952 -0.0078775492809608268 -0.023143075122328449 0.00042117398030055368 -0.00288775026734635 0.0023028011328276947 0.010597556439250568 -0.028475111465506551 0.013464661230787415 0.0052107679010274235 -0.02732048033357572 0.0084110171291057519
leaf_weight=1273.8997742533684 19331.936992302537 968.62270896136761 2145.0650814473629 4369.0738161802292 387.46334967017174 6648.6369096785784 1335.7469768226147 5219.8184131234884 3047.8531861007214 177.26971450448036 471.74990996718407 553.1475018709898 131.31638120114803 1646.3080588877201
leaf_count=7368 82260 5229 9590 18407 1772 29996 5999 23515 14907 810 2390 2863 671 7503
internal_value=0.000114623 0.00413182 -0.00203803 -0.00266115 0.00158154 0.000364072 -0.0075494 -0.00173004 0.00950166 0.00743132 0.000169465 -0.00717986 -0.00133398 0.00201515
internal_weight=47707.9 16642 31065.9 28920.8 11292.1 10018.2 1723.21 24551.8 5349.96 4381.34 1333.48 861.734 684.464 8294.94
internal_count=213280 79508 133772 124182 52638 45270 7771 105775 26870 21641 6734 4344 3534 37499
is_linear=0
shrinkage=0.03


Tree=54
num_leaves=15
num_cat=0
split_feature=245 248 245 243 228 230 226 222 231 249 230 226 143 245
split_gain=426.909 235.57 387.513 251.332 243.835 313.447 228.744 268.377 223.38 200.512 202.132 198.029 196.031 193.063
threshold=-0.099302399903535829 0.7929292917251588 -0.075249154120683656 -0.038666203618049615 12.500000000000002 1.5000000000000002 6.5000000000000009 23.500000000000004 81.500000000000014 0.13636363297700885 73.500000000000014 64.500000000000014 94.500000000000014 -0.049037931486964219
decision_type=2 2 2 2 8 10 10 10 10 2 8 10 10 2
left_child=6 2 4 8 5 -2 -1 -8 -3 -4 -11 -7 -10 -12
right_child=1 3 9 -5 -6 11 7 -9 12 10 13 -13 -14 -15
leaf_value=0.015318375005733595 0.015633787108646963 0.0063872390602830922 -0.0036540419356596958 -0.017487366026657142 0.012115452257472575 -0.012748274115097102 -0.00013488593355640718 0.021683439291807376 -0.022052361646948945 -0.0015364304546285135 0.014785840417574763 0.032856634322871635 0.015756219759795093 0.0019264206093110388
leaf_weight=2118.7272545099258 651.85190109908581 1237.5378569662571 18852.015381082892 1556.7806156277657 3288.3596563339233 1230.5514290928841 3395.3197412639856 586.51419076323509 588.87911437451839 9118.8213132768869 1538.3043987751007 82.565535083413124 147.72344163060188 3281.2513177543879
leaf_count=12431 3034 5338 79675 6686 15026 5357 16345 3138 2549 40232 7391 364 696 14996
internal_value=-2.61828e-05 -0.00111417 -0.000425194 -0.00851533 0.00713139 -0.0012285 0.00737801 0.00312517 -0.00138763 -0.00163764 0.00109027 -0.0096541 -0.0143605 0.006053
internal_weight=47675.2 41574.6 38043.7 3530.92 5253.33 1964.97 6100.56 3981.83 1974.14 32790.4 13938.4 1313.12 736.603 4819.56
internal_count=213258 181344 166075 15269 23781 8755 31914 19483 8583 142294 62619 5721 3245 22387
is_linear=0
shrinkage=0.03


Tree=55
num_leaves=15
num_cat=0
split_feature=245 119 66 209 226 231 226 248 230 248 229 226 230 140
split_gain=464.922 207.405 205.124 172.303 167.94 195.728 203.088 189.051 161.546 208.049 279.785 183.209 150.944 173.376
threshold=-0.1103546880185604 17.500000000000004 77.500000000000014 42.500000000000007 54.500000000000007 22.500000000000004 6.5000000000000009 0.60101011395454418 17.500000000000004 0.82323232293128978 7.5000000000000009 14.500000000000002 5.5000000000000009 17.500000000000004
decision_type=2 8 8 10 8 10 10 2 10 2 10 10 10 10
left_child=1 -1 3 12 5 -3 -7 -8 9 11 -11 -9 -2 -14
right_child=2 4 -4 -5 -6 6 7 8 -10 10 -12 -13 13 -15
leaf_value=-0.023697054486244089 0.0043062579600736889 -0.023827115745119042 0.0022552442990898475 -0.0075032529125071299 0.025976439297461996 0.018693030515480272 0.018071191231697158 -0.002128354867525468 0.016290081099438993 0.022898211945739537 -0.020826024873690101 -0.037896765481197636 -0.0065111115389225897 -0.00065844660071313183
leaf_weight=153.72077283263206 3628.8235713690519 153.48872092366219 12222.7306432724 4873.886001855135 558.00861282646656 1356.7857921123505 554.09235234558582 237.73382364213467 303.79485614597797 310.53695420920849 213.95425637066364 274.76491412520409 6282.5456387400627 16510.872323319316
leaf_count=669 16535 723 55914 20525 3151 8273 3091 1241 1388 1641 1023 1259 26395 71317
internal_value=-0.00012689 0.0094966 -0.00103924 -0.00232622 0.0108405 0.00829134 0.00987583 0.00349748 -0.00261444 -0.00825537 0.00500597 -0.0216631 -0.00136878 -0.00227376
internal_weight=47635.7 4116.88 43518.9 31296.1 3963.16 3405.15 3251.66 1894.88 1340.78 1036.99 524.491 512.499 26422.2 22793.4
internal_count=213145 22459 190686 134772 21790 18639 17916 9643 6552 5164 2664 2500 114247 97712
is_linear=0
shrinkage=0.03


Tree=56
num_leaves=15
num_cat=0
split_feature=238 63 245 246 228 230 228 245 249 249 248 245 243 141
split_gain=428.885 231.356 207.46 225.153 222.061 205.768 175.952 278.529 191.246 144.339 123.406 303.425 268.693 222.578
threshold=-0.21506175398826596 67.500000000000014 -0.071516510099172578 0.032380593940615661 12.500000000000002 2.5000000000000004 27.500000000000004 -0.082015518099069581 0.65151515603065502 0.20707070827484134 0.71212121844291698 -0.091515976935625062 -0.038896463811397546 57.500000000000007
decision_type=10 8 2 2 8 10 10 2 2 2 2 2 2 10
left_child=-1 5 4 -4 -3 -2 8 9 10 -8 -7 13 -13 -12
right_child=1 2 3 -5 -6 6 7 -9 -10 -11 11 12 -14 -15
leaf_value=0.011188002554360926 0.0051845004992174294 0.00083422354875084222 -0.0037702877207366611 0.0050318867991708312 0.01353928056969372 -0.00270531515023894 0.021273890968970866 -0.0019714222089144738 -0.021446035098372087 -0.0024330134338089514 -0.017214631324259152 -0.0051235580001380773 -0.026003114945030742 0.011306307992329831
leaf_weight=2966.9561188817024 3065.1382833719254 2383.8029418885708 6076.0209257304668 4576.3715121597052 2569.2582537531853 7769.3365408331156 732.31540697813034 13103.939777135849 648.63897170126438 332.9000688791275 340.44169639050961 1070.4080272465944 1155.0411014407873 819.51116104424
leaf_count=17080 14071 11183 25998 20901 12251 33138 3425 56169 2861 1660 1455 4478 4779 3659
internal_value=0.000162728 -0.000572347 0.00237267 1.23849e-05 0.00743861 -0.00215533 -0.0030232 -0.000768414 -0.00572698 0.0139113 -0.00479454 -0.00956713 -0.0160282 0.00285993
internal_weight=47610.1 44643.1 15605.5 10652.4 4953.06 29037.7 25972.5 14169.2 11803.4 1065.22 11154.7 3385.4 2225.45 1159.95
internal_count=213108 196028 70333 46899 23434 125695 111624 61254 50370 5085 47509 14371 9257 5114
is_linear=0
shrinkage=0.03


Tree=57
num_leaves=15
num_cat=0
split_feature=236 60 237 242 231 228 224 120 231 222 243 246 226 37
split_gain=355.474 185.638 155.321 147.112 129.909 455.028 221.436 255.892 133.936 196.847 150.943 158.77 132.326 121.653
threshold=-0.093728546053171144 64.500000000000014 0.041745672002434737 0.028159899637103084 91.500000000000014 8.5000000000000018 32.500000000000007 46.500000000000007 77.500000000000014 12.500000000000002 -0.04516449756920337 0.0038677251432091002 71.500000000000014 8.5000000000000018
decision_type=2 8 2 8 10 8 8 8 10 8 2 2 10 10
left_child=1 3 4 -1 6 -6 7 13 9 -8 12 -12 -11 -2
right_child=2 -3 -4 -5 5 -7 8 -9 -10 10 11 -13 -14 -15
leaf_value=-0.0023337117425928835 -0.016127714485872507 0.008833122349213544 0.0016817621839418488 0.0059825525621227497 -0.028609151939435237 0.00097011322941492834 -0.018913251777821306 0.0052231966433884643 0.0029658350892118762 -0.0067568091405628547 -0.026647913437277092 -0.0028711656656212805 -0.030410985510860758 -0.0021394401124966247
leaf_weight=4208.8989965319633 712.68774725496769 5067.7432429939508 10021.495587587357 3495.7743784934282 736.88482655584812 1252.1405572593212 923.29820381104946 5910.4327895343304 1859.4693347066641 537.80410866439342 249.67730090022087 9789.7693440020084 350.89559456706047 2496.9070055633783
leaf_count=19174 2904 26190 45421 17449 3131 5488 3825 25272 8044 2310 1033 41190 1494 10306
internal_value=0.0001002 0.00437946 -0.00146933 0.00144242 -0.0027418 -0.0100766 -0.00209866 0.00152299 -0.00450702 -0.005681 -0.00454677 -0.00348841 -0.0163309 -0.00528597
internal_weight=47613.9 12772.4 34841.5 7704.67 24820 1989.03 22830.9 9120.03 13710.9 11851.4 10928.1 10039.4 888.7 3209.59
internal_count=213231 62813 150418 36623 104997 8619 96378 38482 57896 49852 46027 42223 3804 13210
is_linear=0
shrinkage=0.03


Tree=58
num_leaves=15
num_cat=0
split_feature=238 230 52 190 249 35 232 137 249 244 238 145 244 249
split_gain=377.975 221.792 201.159 185.242 171.329 146.713 135.33 131.736 126.173 113.86 126.21 152.607 212.678 130.364
threshold=-0.12806522846221921 3.5000000000000004 9.5000000000000018 88.500000000000014 0.88383838534355175 79.500000000000014 65.500000000000014 57.500000000000007 0.83333334326744091 0.0054493614006787547 -0.29089272022247309 97.500000000000014 0.032244097441434867 0.60101011395454418
decision_type=10 10 10 10 2 10 10 8 2 2 10 10 2 2
left_child=1 5 4 7 -3 8 -7 -2 9 -1 -11 -12 -13 -14
right_child=3 2 -4 -5 -6 6 -8 -9 -10 10 11 12 13 -15
leaf_value=0.022512452820984113 -0.003950484046405957 -0.0028118976300806828 0.0043661677704379728 0.0066032349710914099 -0.033285958518563287 0.017047293834931615 -0.032125599410755719 0.00016284023223193315 0.026887677052383475 0.022380886181291103 0.0075945439372826495 0.01377977347297474 0.00031331152607794654 -0.044368749787791116
leaf_weight=484.76040403544903 18635.207362011075 3311.4972624480724 7525.1325688064098 2196.8844540119171 165.00196473300457 70.375262066721916 131.49817849695683 11225.646409779787 385.03989654779434 415.90634953975677 2626.5826526731253 168.95334893465042 89.740696549415588 159.50239205360413
leaf_count=2464 78210 15310 34859 9856 767 377 675 50076 2185 2789 13391 904 502 870
internal_value=7.55489e-05 0.0039148 0.00161055 -0.00178545 -0.00434958 0.00949217 -0.0149879 -0.00240462 0.0106652 0.00901811 0.00706845 0.00491041 -0.0117316 -0.0288893
internal_weight=47591.7 15534 11001.6 32057.7 3476.5 4532.36 201.873 29860.9 4330.49 3945.45 3460.69 3044.78 418.196 249.243
internal_count=213235 75093 50936 138142 16077 24157 1052 128286 23105 20920 18456 15667 2276 1372
is_linear=0
shrinkage=0.03


Tree=59
num_leaves=15
num_cat=0
split_feature=245 126 230 245 229 106 4 226 230 120 77 231 224 224
split_gain=372.633 263.612 192.747 242.063 192.499 192.817 185.021 167.133 219.771 157.475 132.324 163.297 328.318 289.59
threshold=-0.075731933116912828 69.500000000000014 80.500000000000014 -0.047014810144901269 81.500000000000014 33.500000000000007 7.5000000000000009 54.500000000000007 3.5000000000000004 16.500000000000004 4.5000000000000009 91.500000000000014 7.5000000000000009 29.500000000000004
decision_type=2 8 8 2 10 10 10 8 10 8 10 10 10 10
left_child=1 6 4 -4 5 10 7 8 -1 -9 -2 13 -13 -12
right_child=2 -3 3 -5 -6 -7 -8 9 -10 -11 11 12 -14 -15
leaf_value=0.0035599095350884106 -0.01525303889537487 0.009140385214166739 0.0088267906723722717 -0.0020328135743302874 -0.016979551204026767 0.00096449139946216901 0.004555376138992844 -0.028314409639098894 -0.013413333464546992 0.015724497466059435 0.0025548822378077154 -0.036441564703644541 -0.0021582237276234332 -0.0063680360345749459
leaf_weight=1064.20335046947 954.55232410132885 5617.9892449229956 3159.4721558392048 4421.4880591928959 840.08393327891827 9303.2383674681187 4877.2486290335655 75.218929290771484 1906.986218303442 528.24904170632362 5355.0454717129469 393.20465935766697 671.38859778642654 8393.7715213894844
leaf_count=5146 4020 29792 14597 19777 3592 40675 21811 308 8417 2383 22735 1681 2868 35334
internal_value=1.46823e-05 0.0041099 -0.00170641 0.00249875 -0.00293721 -0.0024601 0.000759276 -0.00441837 -0.00734241 0.00986322 -0.00447997 -0.00377595 -0.015042 -0.00289331
internal_weight=47562.1 14069.9 33492.2 7580.96 25911.3 25071.2 8451.91 3574.66 2971.19 603.468 15768 14813.4 1064.59 13748.8
internal_count=213136 67857 145279 34374 110905 107313 38065 16254 13563 2691 66638 62618 4549 58069
is_linear=0
shrinkage=0.03


Tree=60
num_leaves=15
num_cat=0
split_feature=245 224 226 226 63 222 245 230 209 245 230 243 226 243
split_gain=365.669 203.243 210.368 195.59 186.549 178.435 212.836 189.479 177.209 149.262 171.097 234.515 175.707 137.345
threshold=-0.099302399903535829 1.5000000000000002 54.500000000000007 12.500000000000002 72.500000000000014 4.5000000000000009 -0.10519218072295188 10.500000000000002 40.500000000000007 -0.044407408684492104 1.5000000000000002 -0.049386985599994652 9.5000000000000018 -0.038041654974222176
decision_type=2 10 8 10 8 10 2 8 10 2 8 2 10 2
left_child=1 -1 3 -3 8 6 -5 -7 -2 10 11 -6 -13 -9
right_child=4 2 -4 5 9 7 -8 13 -10 -11 -12 12 -14 -15
leaf_value=0.017368476982305456 -0.0013439747737919549 0.0088085157108374335 0.0162164977636098 -0.027046155814966975 -0.022321794021020892 0.02115562107012707 0.010730852617442615 0.0024527937320607215 -0.0077285233595391408 -0.0025176607099025475 0.0058797986119469119 0.01613917416180875 -0.02979373539057795 -0.019009214137453635
leaf_weight=1289.637254551053 24214.728049561381 1558.1006388366222 986.54509089887142 518.14047768712044 473.07366107404232 313.27363459765911 173.80214609205723 799.00208392739296 4658.2744419723749 4333.4910753071308 7372.2653788328171 379.97073285281658 83.178742259740829 392.63560332357883
leaf_count=8042 104803 8612 5082 2389 2099 1554 766 3850 19589 19330 33372 1688 357 1767
internal_value=-4.26297e-05 0.00685361 0.00396314 0.00070928 -0.0010459 -0.00504892 -0.0175396 0.000772047 -0.00237636 0.00199221 0.00434464 -0.00767832 0.00743457 -0.00471812
internal_weight=47546.1 6031.14 4741.5 3754.95 41515 2196.85 691.943 1504.91 28873 12642 8308.49 936.223 463.149 1191.64
internal_count=213300 32062 24020 18938 181238 10326 3155 7171 124392 56846 37516 4144 2045 5617
is_linear=0
shrinkage=0.03


Tree=61
num_leaves=15
num_cat=0
split_feature=245 119 244 231 245 241 249 29 231 244 244 245 229 231
split_gain=362.616 190.151 181.202 271.261 188.005 171.152 167.332 166.884 156.496 218.885 187.266 206.371 187.807 176.578
threshold=-0.1103546880185604 17.500000000000004 0.022134360857307914 22.500000000000004 -0.20662932842969892 -1.8728318214416502 0.085858587175607695 99.500000000000014 91.500000000000014 0.0040141276549547919 0.0019962895894423132 -0.071516510099172578 15.500000000000002 65.500000000000014
decision_type=2 8 2 8 2 8 2 8 8 2 2 2 8 10
left_child=1 -1 3 -3 -4 -6 8 -8 10 -10 12 13 -2 -12
right_child=6 2 4 -5 5 -7 7 -9 9 -11 11 -13 -14 -15
leaf_value=-0.023377590709667898 0.0031188267149733703 -0.019085403829444278 0.025763282382320611 0.018840835332873236 -0.010454374334240056 0.00983414799807345 0.00014103452343385711 0.009837116294916768 0.014851160968869785 -0.016581851127671077 1.653401472116283e-06 -0.003362801610522684 -0.020433454681982356 0.011934770116315923
leaf_weight=152.71361880004406 449.45356845855713 177.6966018229723 258.03220770508051 1966.1729382649064 837.95076958835125 659.99941009283066 21316.033160209656 1717.0526329874992 226.09404258430004 1334.1809363365173 3525.5765505731106 12374.990046113729 920.84673942625523 1622.9179768562317
leaf_count=660 1923 845 1862 10693 4671 3798 95004 8858 1007 5790 15200 51831 3863 7300
internal_value=-8.5197e-05 0.00848629 0.00979064 0.0156233 0.00262147 -0.00150928 -0.000885741 0.000867806 -0.00285985 -0.0119614 -0.0021023 -0.00126352 -0.0127418 0.00377908
internal_weight=47539.7 4052.57 3899.85 2143.87 1755.98 1497.95 43487.1 23033.1 20454.1 1560.27 18893.8 17523.5 1370.3 5148.49
internal_count=213305 22529 21869 11538 10331 8469 190776 103862 86914 6797 80117 74331 5786 22500
is_linear=0
shrinkage=0.03


Tree=62
num_leaves=15
num_cat=0
split_feature=238 230 81 226 249 242 104 245 245 77 249 76 237 47
split_gain=356.803 228.975 194.088 153.95 198.801 167.011 138.327 109.878 108.117 106.391 121.139 106.026 105.589 102.031
threshold=-0.12740264832973477 3.5000000000000004 60.500000000000007 70.500000000000014 0.91414141654968273 0.032118164002895362 94.500000000000014 -0.11138877645134924 -0.044407408684492104 1.5000000000000002 0.1565656587481499 80.500000000000014 0.12635718286037448 14.500000000000002
decision_type=10 10 10 10 2 10 10 2 2 8 2 10 2 8
left_child=1 6 9 4 5 -3 11 -5 -4 -2 -11 13 -10 -1
right_child=2 3 8 7 -6 -7 -8 -9 12 10 -12 -13 -14 -15
leaf_value=-0.0036086256640906725 -0.018439417800794545 -0.0025959451482904152 0.0056366220262023103 0.032043900675282969 -0.038458442045060173 0.0064264711305260496 -0.02715043561267529 0.0064654929021655053 -0.0036584003772739964 -0.0042755129124654716 0.00060616202157652685 0.015528779927167134 0.0080661242215222181 0.0097818348964159203
leaf_weight=700.67801637947559 396.96304929256439 6125.2938082814217 4018.0134714245796 153.97340121865273 111.89376471936703 2631.4346904307604 82.11709851026535 2111.1304105371237 3338.4684741348028 16940.836886659265 6263.1217910200357 1874.8785069286823 861.33766822516918 1849.9343158230186
leaf_count=3513 1631 27315 18287 890 493 13103 417 9804 14495 71072 27632 10396 3989 9963
internal_value=-2.03448e-05 0.00368829 -0.00184401 0.00137556 -0.000409931 0.000119568 0.00938502 0.00833742 0.00212482 -0.00322627 -0.00295818 0.0101226 -0.00124037 0.00610362
internal_weight=47460.1 15641.3 31818.7 11133.7 8868.62 8756.73 4507.61 2265.1 8217.82 23600.9 23204 4425.49 4199.81 2550.61
internal_count=213000 75894 137106 51605 40911 40418 24289 10694 36771 100335 98704 23872 18484 13476
is_linear=0
shrinkage=0.03


Tree=63
num_leaves=15
num_cat=0
split_feature=245 242 230 119 76 230 224 224 248 231 104 193 249 238
split_gain=335.931 207.694 183.823 168.394 159.963 139.05 191.882 192.548 190.38 156.966 147.342 136.249 118.669 160.601
threshold=-0.1103546880185604 0.019742775708436969 80.500000000000014 17.500000000000004 87.500000000000014 17.500000000000004 3.5000000000000004 21.500000000000004 0.83333334326744091 98.500000000000014 14.500000000000002 71.500000000000014 0.62121212482452404 -0.28063598275184626
decision_type=2 8 10 8 8 8 10 10 2 10 10 10 2 10
left_child=3 2 -2 -1 11 6 8 9 12 10 -8 -3 -5 -14
right_child=1 4 -4 5 -6 -7 7 -9 -10 -11 -12 -13 13 -15
leaf_value=-0.021523731028313408 -0.0055673694917334352 -0.001425035061591145 0.0031417232311854466 0.011737868009142876 0.0058947967149866626 0.018307258725848704 -0.013030175185578087 0.012595296693580468 0.029879379166424833 -0.040363305612542685 0.013780045554256541 0.0037553412584934889 0.018561509113985131 -0.039180295678356292
leaf_weight=153.42546226084232 10672.189006239176 19664.951898097992 2733.8488701432943 556.59741768240929 4518.0839278995991 1155.2521696463227 573.38730442523956 561.00546665489674 454.85335528850555 117.92905923724174 260.4321653097868 5941.5342118293047 64.246299229562283 98.85946287214756
leaf_count=660 44543 86464 12155 3579 21658 6256 2853 2990 2958 623 1429 26160 474 581
internal_value=7.94098e-05 -0.000685489 -0.00379034 0.0083928 0.000697029 0.00964008 0.00586007 -0.00121276 0.0149028 -0.00939821 -0.0045923 -0.000222023 0.00515775 -0.0166778
internal_weight=47526.6 43530.6 13406 3995.99 30124.6 3842.56 2687.31 1512.75 1174.56 951.749 833.819 25606.5 719.703 163.106
internal_count=213383 190980 56698 22403 134282 21743 15487 7895 7592 4905 4282 112624 4634 1055
is_linear=0
shrinkage=0.03


Tree=64
num_leaves=15
num_cat=0
split_feature=245 242 228 243 248 245 124 5 244 34 24 228 118 243
split_gain=350.529 216.178 157.78 181.272 177.571 155.936 145.555 144.281 131.989 180.373 156.085 135.239 129.869 154.114
threshold=-0.099302399903535829 0.025190943852066997 4.5000000000000009 -0.042983820661902421 0.77272728085517894 -0.20662932842969892 15.500000000000002 4.5000000000000009 0.02181983552873135 25.500000000000004 43.500000000000007 34.500000000000007 85.500000000000014 -0.039682451635599129
decision_type=2 8 10 2 2 2 8 10 2 8 8 10 10 2
left_child=5 2 3 -2 -5 -1 -3 -6 11 10 -10 12 13 -7
right_child=1 6 -4 4 7 8 -8 -9 9 -11 -12 -13 -14 -15
leaf_value=0.026174305426590064 -0.016377631801241015 -0.0052989027367989321 -0.001862423528228691 0.0062718689954748674 0.0047941282045565097 0.0068515773618668951 0.0027093287074683808 -0.036592172625684614 -0.012369221531154792 0.011422023956650462 0.012290337894689628 0.032453528382065548 0.015723315281429385 -0.014620664983897596
leaf_weight=346.65446037054062 1516.4524223059416 2347.1110651046038 21196.211210817099 864.68233312666416 123.21887196600437 1799.881881184876 15325.691850334406 178.73809306323528 1036.5383062288165 740.86762987077236 287.75084927678108 202.67501884698868 1163.4666578546166 351.14705282449722
leaf_count=2578 6468 10090 89825 3682 520 8612 70045 730 5570 4313 1644 1130 6501 1546
internal_value=0.000102805 -0.000871396 -0.00273245 -0.00957318 -0.000664414 0.00692027 0.00164337 -0.0200915 0.00567996 -0.00034165 -0.00695907 0.00920658 0.00769173 0.00329488
internal_weight=47481.1 41552.1 23879.3 2683.09 1166.64 5928.98 17672.8 301.957 5582.33 2065.16 1324.29 3517.17 3314.5 2151.03
internal_count=213254 181360 101225 11400 4932 31894 80135 1250 29316 11527 7214 17789 16659 10158
is_linear=0
shrinkage=0.03


Tree=65
num_leaves=15
num_cat=0
split_feature=242 120 63 233 14 133 75 249 69 237 104 241 148 244
split_gain=297.238 215.602 167.577 141.531 180.879 138.392 103.861 100.284 95.1383 90.352 78.4727 77.1555 76.2432 71.244
threshold=0.03118990641087294 97.500000000000014 76.500000000000014 45.500000000000007 12.500000000000002 31.500000000000004 66.500000000000014 0.27777777612209326 3.5000000000000004 0.15439146757125857 9.5000000000000018 -2.2683748006820674 7.5000000000000009 0.003091353341005743
decision_type=8 10 10 10 10 10 10 2 10 2 10 10 10 2
left_child=1 2 3 4 13 11 -6 -4 -5 -7 -3 -2 -9 -1
right_child=5 10 7 8 6 9 -8 12 -10 -11 -12 -13 -14 -15
leaf_value=-0.026376837179383949 0.017254264952184017 0.0084218781353614311 -0.00030823021371913331 0.0057214674957169224 -0.0059461274927940311 -0.00045152673710980288 0.0012740053763012134 -0.0065498762643554356 -0.0022470440783271999 0.012482437348076877 0.00062027588507522827 0.0062778799880144377 0.010235815664548314 -0.010424671227102871
leaf_weight=271.35867965221405 647.77499003708363 2416.931944526732 5719.7136702090502 1518.8856302797794 5167.9919320344925 4854.2079350948334 2738.2830253094435 280.39910511672497 11437.145030632615 530.11218348145485 2226.7039319574833 4975.4409523382783 1583.0481157079339 3018.5717607289553
leaf_count=1132 4126 12387 24666 6493 21839 21937 11779 1298 48808 2616 10423 25304 7250 12897
internal_value=-3.37143e-05 -0.00134082 -0.0022245 -0.00344569 -0.00591466 0.00428345 -0.00344703 0.00166439 -0.00130917 0.000842663 0.00469025 0.00757071 0.00768854 -0.0118164
internal_weight=47386.6 36379 31735.4 24152.2 11196.2 11007.5 7906.27 7583.16 12956 5384.32 4643.64 5623.22 1863.45 3289.93
internal_count=212955 158972 136162 102948 47647 53983 33618 33214 55301 24553 22810 29430 8548 14029
is_linear=0
shrinkage=0.03


Tree=66
num_leaves=15
num_cat=0
split_feature=245 228 226 243 140 222 231 245 222 239 226 249 0 147
split_gain=297.094 264.195 350.673 252.084 284.223 249.827 246.886 241.287 282.486 221.85 221.805 216.262 190.923 188.702
threshold=-0.075731933116912828 27.500000000000004 6.5000000000000009 -0.041159292683005326 47.500000000000007 21.500000000000004 92.500000000000014 -0.20662932842969892 9.5000000000000018 -0.032037522643804543 80.500000000000014 0.04545454494655133 6.5000000000000009 21.500000000000004
decision_type=2 8 10 2 8 10 10 2 10 10 10 2 10 10
left_child=1 2 13 6 5 11 -4 -8 10 -7 -9 12 -5 -1
right_child=-2 -3 3 4 -6 9 7 8 -10 -11 -12 -13 -14 -15
leaf_value=0.019714661046719678 -0.0015695484437236989 0.011753602358670352 0.0045157855487665726 -0.002143699370176336 0.0055659465182481046 -0.032443514202829149 0.027597987063070623 -0.033090311973850095 0.017225034966974778 0.024139360876976573 0.032614811399306123 -0.011595661627470383 -0.044322047743343564 0.0046793393319071105
leaf_weight=1081.0638012960553 33487.033770635724 2860.5741421878338 4317.2019458711147 122.08001132309437 711.10923297703266 77.678398683667183 106.06128371506929 562.54081383347511 148.30612671375275 208.45609450340271 42.428407803177834 765.04620283842087 472.40650250017643 2442.3583150655031
leaf_count=5994 145275 14287 19875 510 3270 355 752 2617 736 986 238 3237 1935 13064
internal_value=-3.84773e-05 0.00364398 0.00153715 -0.00211765 -0.0102287 -0.0170462 0.00158776 -0.013005 -0.0190086 0.00820166 -0.0280268 -0.022381 -0.0358393 0.00933525
internal_weight=47404.3 13917.3 11056.7 7533.32 2356.78 1645.67 5176.54 859.337 753.275 286.134 604.969 1359.53 594.487 3523.42
internal_count=213131 67856 53569 34511 10293 7023 24218 4343 3591 1341 2855 5682 2445 19058
is_linear=0
shrinkage=0.03


Tree=67
num_leaves=15
num_cat=0
split_feature=126 239 76 244 231 243 134 230 231 229 231 51 120 222
split_gain=234.066 223.561 120.33 224.67 166.485 170.306 141.318 133.2 210.387 330.421 152.151 116.301 113.275 104.259
threshold=53.500000000000007 -0.051440458744764321 86.500000000000014 0.04871990159153939 91.500000000000014 -0.030541276559233662 29.500000000000004 71.500000000000014 91.500000000000014 5.5000000000000009 66.500000000000014 3.5000000000000004 60.500000000000007 5.5000000000000009
decision_type=8 10 8 2 8 2 8 8 10 10 10 8 10 10
left_child=12 -2 7 4 5 11 -6 8 9 -3 -9 -4 13 -1
right_child=1 2 3 -5 6 -7 -8 10 -10 -11 -12 -13 -14 -15
leaf_value=-0.012273135676439208 0.012527161955736173 0.013051932083646703 -0.0044136658630198177 0.01628483732465592 -0.024090591156034995 -0.00046310289933227078 -0.0016177855082955823 -0.00040615210294723679 -0.010019634369287118 -0.0021862796435535201 0.011123509682371979 0.014668751583680478 0.00068948502458691637 -0.0030342404253706507
leaf_weight=1190.0816931724548 1679.6046393960714 1498.264631010592 342.97064267098904 1199.4727085456252 322.22886351495981 2412.9048567116261 1047.6380860581994 2462.8477667421103 2252.3953290060163 8477.6866560876369 1759.9135368168354 1646.9379636794329 7758.140694104135 13323.826260864735
leaf_count=4995 9227 7131 1688 6727 1535 10848 5346 11123 10796 37365 8450 7861 34054 55866
internal_value=1.81725e-06 0.0019877 0.00122693 0.00452679 0.00205971 0.00490056 -0.00704026 -0.000173486 -0.00175997 0.00011309 0.00441397 0.0113742 -0.00223636 -0.00379972
internal_weight=47374.9 25102.9 23423.3 6972.15 5772.68 4402.81 1369.87 16451.1 12228.3 9975.95 4222.76 1989.91 22272 14513.9
internal_count=213012 118097 108870 34005 27278 20397 6881 74865 55292 44496 19573 9549 94915 60861
is_linear=0
shrinkage=0.03


Tree=68
num_leaves=15
num_cat=0
split_feature=245 119 101 245 119 231 230 230 230 63 147 230 245 147
split_gain=268.689 178.066 178.058 166.386 172.683 232.505 271.73 245.655 208.253 181.2 157.77 138.424 161.665 151.501
threshold=-0.1103546880185604 15.500000000000002 3.5000000000000004 -0.044407408684492104 58.500000000000007 91.500000000000014 47.500000000000007 18.500000000000004 3.5000000000000004 59.500000000000007 17.500000000000004 17.500000000000004 -0.20662932842969892 1.5000000000000002
decision_type=2 8 8 2 8 10 8 10 10 10 10 8 2 10
left_child=1 -1 -2 4 -4 8 7 10 -6 -10 -7 12 -3 -14
right_child=2 11 3 -5 5 6 -8 -9 9 -11 -12 -13 13 -15
leaf_value=-0.024658490970715239 -0.006896276767016595 0.025719023716140835 -0.0013315271370382786 -0.0028451291436793237 0.014680615649039767 0.013083846502715274 0.011660959790105436 -0.026028789356356594 -0.00016833597781119441 0.0081239456022570693 -0.0077330621268713647 0.017517502256202182 -0.018146646929607175 0.0051500446087700607
leaf_weight=139.30162154138088 3709.4668954461813 291.36184030771255 12155.818829506636 12791.45264339447 1862.7643527090549 405.64287832379341 794.9056202173233 543.33097714185715 5047.010454967618 4463.4417300373316 1543.8923647254705 1137.4896912053227 275.4506918117404 2092.7263163253665
leaf_count=592 15816 2261 51640 55742 9147 1933 3946 2301 22077 20409 7170 6274 1401 11867
internal_value=6.21502e-05 0.00755626 -0.000620435 -3.10855e-05 0.00131176 0.00350279 -0.00351592 -0.00838266 0.00553306 0.00372784 -0.00335699 0.00879979 0.00501955 0.00237542
internal_weight=47254.1 3936.33 43317.7 39608.3 26816.8 14661 3287.77 2492.87 11373.2 9510.45 1949.54 3797.03 2659.54 2368.18
internal_count=212576 22395 190181 174365 118623 66983 15350 11404 51633 42486 9103 21803 15529 13268
is_linear=0
shrinkage=0.03


Tree=69
num_leaves=15
num_cat=0
split_feature=238 60 245 204 249 190 230 229 249 163 38 238 243 230
split_gain=273.674 186.093 181.334 132.65 108.252 105.166 103.545 95.4438 87.3589 126.834 117.258 82.97 80.6103 79.0766
threshold=-0.2519706785678863 71.500000000000014 -0.071516510099172578 16.500000000000004 0.27777777612209326 81.500000000000014 14.500000000000002 5.5000000000000009 0.55050507187843334 67.500000000000014 9.5000000000000018 -0.10882386565208434 -0.013507187832146881 71.500000000000014
decision_type=10 8 2 10 2 10 8 8 2 8 8 10 2 10
left_child=-1 3 8 5 6 -2 -4 -8 10 -10 -3 -12 -6 -9
right_child=1 2 4 -5 12 -7 7 13 9 -11 11 -13 -14 -15
leaf_value=0.012592277279053377 -0.0013299273640210911 -0.0017781578070269763 0.0049288791433463085 -0.0056136988406015409 0.0084676222731021079 0.005877954078074705 -0.038962579524903874 -0.0066572875976326669 -0.017395551907587348 0.0072715978191637189 0.016181974587450038 0.0061258962540901764 -0.0019897720241475216 0.0012395214671022045
leaf_weight=1477.6499906256795 23637.945986308157 701.26932276040316 1424.9340912699699 6358.3117000609636 1885.9672609120607 1963.9989187419415 60.298645749688148 3055.3664574325085 284.31734572350979 507.76725050061941 1703.2469014376402 1330.8190674930811 1015.5023333579302 1813.8255708217621
leaf_count=9513 103619 3502 6240 26970 8879 8757 255 13066 1423 2700 8806 6160 4713 8001
internal_value=-7.08202e-05 -0.000482538 0.00243009 -0.00173902 2.16993e-05 -0.000774911 -0.00217031 -0.00422824 0.00734291 -0.00168912 0.00925757 0.0118057 0.00481331 -0.00371913
internal_weight=47221.2 45743.6 13783.3 31960.3 9255.89 25601.9 6354.42 4929.49 4527.42 792.085 3735.34 3034.07 2901.47 4869.19
internal_count=212604 203091 63745 139346 41154 112376 27562 21322 22591 4123 18468 14966 13592 21067
is_linear=0
shrinkage=0.03


Tree=70
num_leaves=15
num_cat=0
split_feature=245 242 66 233 226 226 248 222 245 231 224 248 47 104
split_gain=262.541 179.973 213.679 157.437 155.773 217.719 266.771 160.407 129.894 198.951 158.8 126.599 125.833 119.759
threshold=-0.1103546880185604 0.019894827157258991 25.500000000000004 15.500000000000002 54.500000000000007 6.5000000000000009 0.60101011395454418 17.500000000000004 -0.20662932842969892 92.500000000000014 18.500000000000004 0.7222222387790681 37.500000000000007 10.500000000000002
decision_type=2 8 8 10 10 10 2 10 2 10 10 2 10 10
left_child=4 3 -3 11 5 -1 -7 8 -8 12 -11 -2 13 -10
right_child=1 2 -4 -5 -6 6 7 -9 9 10 -12 -13 -14 -15
leaf_value=0.014175906451415662 -0.006352580332014736 -0.0034176022015948685 0.0022093777443158566 -0.0016788445793665984 0.02504270560609868 0.016339406367654272 0.026017269448256983 0.02808314783053608 -0.02208472588901747 -0.049990636405992279 -0.0043074338804572751 -0.021268508210779098 0.0058338940627431553 0.010424069638358235
leaf_weight=1459.5305868908763 2841.2187046259642 8495.8174664825201 21232.911086812615 10211.290820792317 394.305579893291 571.49087266623974 74.789220243692398 96.237826615571976 460.72349663078785 185.22238038480282 108.61121928691864 619.73854123055935 446.38223625719547 123.69512219727039
leaf_count=9598 12063 36416 96414 43116 2246 3294 559 567 2145 849 510 2625 2113 591
internal_value=-3.72767e-05 -0.000709545 0.000600702 -0.00355688 0.00738686 0.0053476 -0.000923945 -0.00758497 -0.0102197 -0.0124453 -0.0338021 -0.00907709 -0.00609114 -0.0151445
internal_weight=47322 43401 29728.7 13672.2 3920.99 3526.68 2067.15 1495.66 1399.42 1324.63 293.834 3460.96 1030.8 584.419
internal_count=213106 190634 132830 57804 22472 20226 10628 7334 6767 6208 1359 14688 4849 2736
is_linear=0
shrinkage=0.03


Tree=71
num_leaves=15
num_cat=0
split_feature=245 248 231 224 231 248 226 245 249 224 248 249 231 226
split_gain=280.609 377.409 289.033 384.099 277.073 250.275 301.898 255.109 221.558 221.197 257.586 216.757 190.941 182.921
threshold=-0.075731933116912828 0.58080807328224193 67.500000000000014 26.500000000000004 92.500000000000014 0.82323232293128978 18.500000000000004 -0.097461599856615053 0.91414141654968273 19.500000000000004 0.6414141356945039 0.34848484396934515 76.500000000000014 12.500000000000002
decision_type=2 2 10 10 10 2 8 2 2 8 2 2 10 10
left_child=1 -1 8 4 9 6 -6 -7 13 -4 -11 12 -5 -3
right_child=-2 2 3 11 5 7 -8 -9 -10 10 -12 -13 -14 -15
leaf_value=0.014194127368799719 -0.0014502250436290948 0.007712852011732942 0.013734780989155817 0.0025615995395256389 -0.0079557241825603808 0.018869841712858996 -0.045360982601346661 -0.019079167236876575 -0.038449282955768681 0.030607543392263379 -0.031626532538136659 -0.00061251037849012816 0.029001564512083682 -0.0053356049031596398
leaf_weight=2484.9614417776465 33382.858229354024 1233.6696610301733 1499.8478786051273 319.67053437232971 1031.5209217518568 495.24666433781385 231.15065266191959 223.6387832313776 148.22932375222445 73.573273159563541 207.93286371231079 461.96221847087145 1084.6246224865317 4342.098679035902
leaf_count=13094 144776 6001 7756 1464 5894 3030 974 948 643 369 911 2389 5426 19063
internal_value=3.87368e-05 0.00362914 0.00130623 0.00612778 0.000597509 -0.00710429 -0.0151059 0.00696446 -0.00343785 0.00915673 -0.0148693 0.0172158 0.0230435 -0.00243992
internal_weight=47221 13838.1 11353.2 5629.17 3762.91 1981.56 1262.67 718.885 5724 1781.35 281.506 1866.26 1404.3 5575.77
internal_count=212738 67962 54868 29161 19882 10846 6868 3978 25707 9036 1280 9279 6890 25064
is_linear=0
shrinkage=0.03


Tree=72
num_leaves=15
num_cat=0
split_feature=120 66 243 215 231 226 148 231 224 226 248 248 243 103
split_gain=225.585 195.649 173.948 166.941 143.663 147.588 142.756 307.314 156.157 141.871 141.728 139.863 126.061 127.605
threshold=98.500000000000014 76.500000000000014 -0.037361331284046166 35.500000000000007 92.500000000000014 51.500000000000007 12.500000000000002 81.500000000000014 5.5000000000000009 1.5000000000000002 0.82323232293128978 0.31818181276321417 -0.023625690490007397 3.5000000000000004
decision_type=10 8 2 10 10 8 8 10 10 8 2 2 2 10
left_child=1 3 -3 -1 11 10 7 -4 -9 -8 12 -2 13 -6
right_child=4 2 6 -5 5 -7 9 8 -10 -11 -12 -13 -14 -15
leaf_value=-0.00097765322670953958 -0.00073939035653996143 0.0076853222146112572 0.0013948002435745868 -0.0069802958399598544 0.0077461274817238919 0.016933063204220913 0.023767319634614578 0.0085965940631564011 -0.038430905334718289 0.0008573195454856271 0.010660460068320325 0.013775457555405069 0.016677876030429299 -0.020012303917892018
leaf_weight=25996.474003888667 806.0681249499321 3996.9390767589211 816.29613190889359 4957.5830352902412 180.5009818226099 332.81620487570763 243.45726678520441 73.654338695108891 340.63572454452515 6078.9737346321344 373.86656150966883 2288.0227629244328 124.84267120808363 736.08415076136589
leaf_count=113362 3699 19807 3561 20772 1225 1874 1104 363 1504 27726 2277 11595 644 3893
internal_value=1.65617e-06 -0.000697777 0.00263281 -0.00194098 0.00612994 -0.000744666 -4.75196e-05 -0.00935331 -0.0300646 0.00177565 -0.00499134 0.0100039 -0.0106582 -0.0145213
internal_weight=47346.2 42504 11550 30954.1 4842.2 1748.11 7553.02 1230.59 414.29 6322.43 1415.29 3094.09 1041.43 916.585
internal_count=213406 188199 54065 134134 25207 9913 34258 5428 1867 28830 8039 15294 5762 5118
is_linear=0
shrinkage=0.03


Tree=73
num_leaves=15
num_cat=0
split_feature=245 248 231 231 76 226 244 0 226 244 226 248 244 245
split_gain=252.641 396.786 269.315 501.177 252.203 220.055 202.312 202.989 195.838 220.489 195.112 177.321 200.187 205.898
threshold=-0.075731933116912828 0.58080807328224193 74.500000000000014 92.500000000000014 86.500000000000014 32.500000000000007 0.003091353341005743 7.5000000000000009 12.500000000000002 0.026104419492185119 11.500000000000002 0.84343436360359203 0.0045758008491247901 -0.20662932842969892
decision_type=2 2 10 10 10 10 2 10 10 2 8 2 2 2
left_child=1 -1 4 5 6 10 7 -3 -8 -10 -4 12 -5 -14
right_child=-2 2 3 11 -6 -7 8 -9 9 -11 -12 -13 13 -15
leaf_value=0.014254232421053009 -0.0014105832528052487 -0.0044160445866662382 0.019332172759545418 0.03560140371135094 0.0083913516734669263 0.031055820140603159 0.0085376099013005757 -0.037174812721469913 -0.0038557174686505123 -0.02569385515263892 -0.0042242207223070517 0.010779921828412633 0.020579290014762362 -0.012120605538960256
leaf_weight=2479.1544664502144 33533.631008416414 339.49265613406897 815.72601885348558 86.225829608738422 1405.9837804436684 711.32976126670837 942.47517787665129 337.76007071137428 3159.3771428763866 470.24837806820869 508.12424287199974 702.3541751652956 183.89325101673603 1688.2391538247466
leaf_count=13173 145392 1512 4471 473 6779 3363 4553 1429 13752 2113 2530 3979 1486 8545
internal_value=-3.48027e-06 0.00340678 0.0010272 0.00652104 -0.00285313 0.0176884 -0.00587507 -0.0210567 -0.00358521 -0.00674785 0.0103268 -0.00205511 -0.0066897 -0.00881633
internal_weight=47364 13830.4 11351.2 4695.89 6655.34 2035.18 5249.35 677.253 4572.1 3629.63 1323.85 2660.71 1958.36 1872.13
internal_count=213550 68158 54985 24847 30138 10364 23359 2941 20418 15865 7001 14483 10504 10031
is_linear=0
shrinkage=0.03


Tree=74
num_leaves=15
num_cat=0
split_feature=245 60 245 120 248 222 243 245 120 245 222 243 245 22
split_gain=220.092 197.252 161.863 140.601 190.275 216.522 189.245 131.316 139.552 123.994 183.552 155.004 127.007 118.603
threshold=-0.20662932842969892 69.500000000000014 -0.071516510099172578 52.500000000000007 0.7222222387790681 5.5000000000000009 -0.05745392479002475 -0.075249154120683656 17.500000000000004 -0.04498357139527797 12.500000000000002 -0.025923350825905796 -0.1103546880185604 7.5000000000000009
decision_type=2 8 2 10 2 10 2 2 8 2 10 2 2 8
left_child=-1 3 -3 4 5 -2 -6 -7 -9 10 11 13 -12 -5
right_child=1 2 -4 9 6 7 -8 8 -10 -11 12 -13 -14 -15
leaf_value=0.024765704118378716 -0.020221999261545383 0.0070206107107131594 0.00048095603145868548 -0.0095391216398918125 0.007492808251253421 0.0072097337618029778 -0.016405630835860642 0.00192788494539913 -0.0055297239283344079 -0.0038845459376363172 0.021255836071767086 0.014222778991127883 0.0038987494496781445 -0.00034187427144970531
leaf_weight=312.01532202959061 565.05591481924057 5125.4975792765617 10120.946472615004 1956.97893846035 355.85839587450027 1400.8870886713266 1681.992241486907 3712.0985917448997 5740.1616994440556 4811.5454926937819 391.53428916633129 465.33909977972507 7142.2492872178555 3522.5218172222376
leaf_count=2552 2353 26257 45207 9521 1535 6290 6927 15513 24046 20970 2295 2030 31812 15981
internal_value=4.83401e-05 -0.000121009 0.0026826 -0.00146789 -0.00379432 -0.00228187 -0.0122162 -0.00133008 -0.00260202 0.000244805 0.00172067 -0.00221841 0.00482779 -0.00363802
internal_weight=47304.7 46992.7 15246.4 31746.2 13456.1 11418.2 2037.85 10853.1 9452.26 18290.2 13478.6 5944.84 7533.78 5479.5
internal_count=213289 210737 71464 139273 56664 48202 8462 45849 39559 82609 61639 27532 34107 25502
is_linear=0
shrinkage=0.03


Tree=75
num_leaves=15
num_cat=0
split_feature=245 24 226 244 243 245 237 245 243 77 167 245 120 245
split_gain=214.651 191.469 206.797 156.493 163.956 152.178 148.501 145.628 144.176 153.519 151.427 134.212 148.64 159.675
threshold=-0.075731933116912828 77.500000000000014 3.5000000000000004 0.0012429245398379864 -0.080782208591699586 -0.20662932842969892 0.097375232726335539 -0.090126395225524888 -0.05421908758580684 4.5000000000000009 31.500000000000004 -0.044003877788782113 51.500000000000007 -0.064276300370693193
decision_type=2 8 10 2 2 2 2 2 2 8 8 2 8 2
left_child=1 2 -1 7 5 -5 8 -4 10 -10 -2 12 13 -11
right_child=6 -3 3 4 -6 -7 -8 -9 9 11 -12 -13 -14 -15
leaf_value=0.0088199674557480987 -0.020155946135504667 0.011472422374554991 0.00031833641423749777 0.025016296390715387 0.0016844792237277638 -0.013823294914469559 0.004933576688031723 -0.044091990146227174 -0.011783331487978074 -0.010053437738644389 -0.00059809606309580386 -0.0036688827951069916 0.0030752860179697281 2.2798159935095252e-05
leaf_weight=2728.6990966796875 773.52208836376667 2075.3823784962296 125.05893208086491 90.275621145963669 7594.1586926281452 1038.073244266212 3064.3278752416372 131.46259455382824 1246.0614479780197 1902.4669001251459 654.57072557508945 10807.249902114272 9557.0339668542147 5445.7755554318428
leaf_count=15032 3293 11139 566 687 34966 5221 14635 548 5287 7935 2887 46349 41874 22730
internal_value=-5.24215e-05 0.00309684 0.00160361 -0.000596797 9.50181e-05 -0.0105234 -0.00135058 -0.0232415 -0.00198571 -0.00152472 -0.011258 -0.00105937 0.000610033 -0.00259607
internal_weight=47234.1 13783.1 11707.7 8979.03 8722.51 1128.35 33451 256.522 30386.7 28958.6 1428.09 27712.5 16905.3 7348.24
internal_count=213149 68159 57020 41988 40874 5908 144990 1114 130355 124175 6180 118888 72539 30665
is_linear=0
shrinkage=0.03


Tree=76
num_leaves=15
num_cat=0
split_feature=126 236 34 165 63 226 230 193 229 229 230 225 226 226
split_gain=191.822 155.201 131.171 105.443 100.634 112.935 97.7941 121.067 95.856 119.178 116.641 84.5438 90.5055 82.299
threshold=59.500000000000007 -0.080374408513307558 12.500000000000002 14.500000000000002 62.500000000000007 1.5000000000000002 37.500000000000007 64.500000000000014 67.500000000000014 44.500000000000007 58.500000000000007 11.500000000000002 66.500000000000014 83.500000000000014
decision_type=8 2 10 8 8 10 10 8 10 10 10 10 10 10
left_child=2 4 13 -3 5 -2 -4 8 9 10 -8 12 -9 -1
right_child=1 3 6 -5 -6 -7 7 11 -10 -11 -12 -13 -14 -15
leaf_value=-0.0059362185595382153 0.013471149442044323 -0.0060141595318331182 0.0023796878150182548 0.0011750034962215586 0.0078971521069008503 0.00017623104042553266 -0.0039477344986025772 -0.0015469058030182779 -0.011562438849110627 0.0031712441849381856 -0.025617814193179399 -0.00072916680535424353 0.018952597260004325 0.0034472413129002875
leaf_weight=7159.1685888767242 650.74512457847595 2244.5300457328558 7421.6413198187947 9884.3192914575338 4994.7017529457808 4435.6247450709343 877.16463305056095 343.05529555678368 1653.0108156055212 1512.9407090097666 292.29673655331135 4351.7825764417648 431.45866331458092 946.46239449083805
leaf_count=30830 3885 9952 32231 44110 26374 21822 3661 1435 6983 6351 1206 18289 1881 4053
internal_value=9.94167e-05 0.00212755 -0.0017033 -0.000159261 0.00487632 0.00190027 -0.000196536 -0.00221767 -0.0059017 -0.00238332 -0.00953526 0.000903409 0.00996878 -0.00483765
internal_weight=47198.9 22209.9 24989 12128.8 10081.1 5086.37 16883.4 9461.71 4335.41 2682.4 1169.46 5126.3 774.514 8105.63
internal_count=213063 106143 106920 54062 52081 25707 72037 39806 18201 11218 4867 21605 3316 34883
is_linear=0
shrinkage=0.03


Tree=77
num_leaves=15
num_cat=0
split_feature=238 60 215 238 148 47 138 110 192 224 244 139 52 78
split_gain=224.516 140.455 130.851 128.278 102.706 139.077 100.998 100.656 87.1303 113.763 89.052 84.961 156.301 102.234
threshold=-0.20422844588756559 67.500000000000014 62.500000000000007 -0.096942722797393785 12.500000000000002 1.0000000180025095e-35 59.500000000000007 14.500000000000002 1.0000000180025095e-35 2.5000000000000004 0.10129259899258615 43.500000000000007 31.500000000000004 15.500000000000002
decision_type=10 8 10 10 10 8 10 10 8 10 2 8 8 10
left_child=8 2 4 7 5 6 -2 -3 9 -1 -11 12 -6 -13
right_child=1 3 -4 -5 11 -7 -8 -9 -10 10 -12 13 -14 -15
leaf_value=0.012636964426001804 -0.012817930170994448 -5.3795097038619838e-05 -0.007243123206473117 -0.001076588697928701 -0.0014322252655593994 -0.0033258169032325318 -0.045426851451628412 0.007122511252433736 0.0094540532093677909 -0.0073122360794783741 -0.048294729263542641 0.0047163407565838436 0.0059159679948394854 -0.0032736332564032343
leaf_weight=213.87820751965046 401.67676341533661 2763.1978680863976 3479.4291236102581 7176.4613895267248 6284.4649235457182 2851.095218449831 103.99763904511929 4829.8394096419215 2875.4081331789494 256.86251229792833 50.130169279873371 1680.440663382411 4436.319311529398 9800.1316609531641
leaf_count=1491 1764 13303 14657 31628 27362 12242 439 22625 17048 1426 309 7451 19652 41754
internal_value=-5.50174e-06 -0.000582247 -0.00179355 0.00179883 -0.00104911 -0.00593176 -0.0202752 0.00451433 0.00741355 -0.00381673 -0.0153169 -0.000308531 0.00161118 -0.00210103
internal_weight=47203.3 43807.1 29037.6 14769.5 25558.1 3356.77 505.674 7593.04 3396.28 520.871 306.993 22201.4 10720.8 11480.6
internal_count=213151 192877 125321 67556 110664 14445 2203 35928 20274 3226 1735 96219 47014 49205
is_linear=0
shrinkage=0.03


Tree=78
num_leaves=15
num_cat=0
split_feature=245 242 228 245 230 233 147 10 47 119 56 63 119 245
split_gain=219.501 160.356 140.601 143.157 129.775 164.705 120.165 113.207 107.654 110.593 146.265 109.399 96.7057 94.0667
threshold=-0.1103546880185604 0.019742775708436969 30.500000000000004 -0.20662932842969892 80.500000000000014 14.500000000000002 2.5000000000000004 2.5000000000000004 inf 17.500000000000004 66.500000000000014 62.500000000000007 19.500000000000004 -0.047014810144901269
decision_type=2 8 10 2 10 10 8 10 8 10 10 10 8 2
left_child=2 4 3 -1 5 -2 -5 -3 9 10 -9 -11 -8 -6
right_child=1 7 -4 6 13 -7 12 8 -10 11 -12 -13 -14 -15
leaf_value=0.024667722077897278 -0.011841482359179343 0.0053562194435136014 0.02992325160877151 -0.010133184269139034 0.0077349446765580645 -0.0028629422752182321 -0.018663702276567985 -0.0095889797392084402 0.016598234757280152 -0.0011976228363391461 0.0035560158176514796 0.0031367805484779051 0.0071375408885144603 -0.003333985497039687
leaf_weight=307.10293678194284 2361.8673786073923 3883.5859358310699 214.23642159253359 483.65021688491106 1430.9089665859938 8230.5495735108852 127.93253350257874 2338.6701412945986 331.84498764574528 13990.705424509943 1121.195798099041 8366.4986055791378 2705.301389425993 1319.4310476481915
leaf_count=2601 9796 18861 1370 2435 6613 34366 554 9682 1697 61454 4735 37968 15505 5639
internal_value=-2.3118e-05 -0.000632192 0.0068437 0.00540074 -0.00336751 -0.00487423 0.00354806 0.000583766 -0.000126806 -0.000348128 -0.00533127 0.000425072 0.00591096 0.00243196
internal_weight=47213.5 43375.3 3838.22 3623.99 13342.8 10592.4 3316.88 30032.5 26148.9 25817.1 3459.87 22357.2 2833.23 2750.34
internal_count=213276 190811 22465 21095 56414 44162 18494 134397 115536 113839 14417 99422 16059 12252
is_linear=0
shrinkage=0.03


Tree=79
num_leaves=15
num_cat=0
split_feature=236 209 10 190 230 165 98 226 192 4 233 226 76 226
split_gain=189.852 144.816 112.143 112.514 98.7068 87.164 96.5027 80.7108 132.384 92.8806 80.6111 78.9213 77.9136 80.3046
threshold=-0.11862626671791075 50.500000000000007 2.5000000000000004 89.500000000000014 80.500000000000014 17.500000000000004 42.500000000000007 3.5000000000000004 80.500000000000014 5.5000000000000009 57.500000000000007 40.500000000000007 96.500000000000014 81.500000000000014
decision_type=2 10 8 10 10 8 8 10 10 10 10 10 10 10
left_child=7 2 -2 5 10 -4 12 -1 9 11 -3 -9 13 -7
right_child=1 4 3 -5 -6 6 -8 8 -10 -11 -12 -13 -14 -15
leaf_value=0.011476232801813337 0.0052808287607748186 -0.010282561629291039 -0.0045963822329057472 0.0066835905673816448 0.0034262135225277294 -0.0028229884461681413 0.0026844197667159958 -0.0083484436783289786 0.014282760905603799 0.0051322399545154565 -0.0025382663353217044 0.0059607374788786345 0.0080691734452424391 0.0023281121655190288
leaf_weight=1332.1484290659428 3217.5072588846087 2738.2875878363848 5084.3480686768889 1800.1016924604774 1004.4470771253109 14283.142855040729 7050.7313996776938 1243.2189085483551 771.48304550349712 1960.0307291820645 2175.9314064309001 471.48366818577051 734.17701126635075 3357.0951278358698
leaf_count=8882 14651 11481 22326 8216 4509 60926 32167 6525 4109 10003 9191 2407 3261 14754
internal_value=-6.50935e-05 -0.000775704 -5.1361e-05 -0.00058383 -0.00511619 -0.00101467 -0.000296894 0.00502435 0.00306986 0.000683425 -0.00686564 -0.00440217 -0.00144174 -0.00184192
internal_weight=47224.1 41445.8 35527.1 32309.6 5918.67 30509.5 25425.1 5778.36 4446.22 3674.73 4914.22 1714.7 18374.4 17640.2
internal_count=213408 181482 156301 141650 25181 133434 111108 31926 23044 18935 20672 8932 78941 75680
is_linear=0
shrinkage=0.03


Tree=80
num_leaves=15
num_cat=0
split_feature=242 119 229 231 224 231 244 231 244 224 226 222 244 243
split_gain=202.605 205.424 170.179 160.456 204.63 187.934 184.899 199.142 236.139 185.967 159.885 211.161 175.267 172.437
threshold=0.024377696216106418 17.500000000000004 68.500000000000014 91.500000000000014 32.500000000000007 77.500000000000014 0.0040141276549547919 97.500000000000014 0.046076284721493728 9.5000000000000018 12.500000000000002 4.5000000000000009 0.013491735327988865 -0.05196938477456569
decision_type=8 8 10 8 8 10 2 10 2 8 8 10 2 2
left_child=2 -2 3 4 10 -6 -5 9 -9 -8 11 12 -1 -12
right_child=1 -3 -4 6 5 -7 7 8 -10 -11 13 -13 -14 -15
leaf_value=0.0050121881102750719 -0.0050783100078857293 0.0032743942862156115 0.0031101173230892237 0.01729314360739791 -0.0077705777511623032 0.0057049850288315241 -0.030485271717154101 -0.011772582493368338 0.016851379279065156 -0.0082186140661483272 0.0100375088694553 0.013154087656813704 -0.020115492559626212 -0.0035256314857144448
leaf_weight=726.42556152492762 3066.6351910978556 19131.390080295503 5020.5786264836788 201.76914105564356 6247.4099544286728 1086.8576679378748 697.52775925397873 833.4749149158597 364.80710411071777 664.81206054985523 972.53677502274513 1776.3463757559657 368.544852219522 5964.2917063385248
leaf_count=3371 13195 92012 22425 940 25979 4647 3111 3914 2054 2857 4198 7831 1708 24784
internal_value=3.47592e-05 0.00211871 -0.00182127 -0.00306605 -0.00198181 -0.0057686 -0.00976302 -0.0119539 -0.00299091 -0.0197584 0.000852841 0.00679351 -0.00355079 -0.00161238
internal_weight=47123.4 22198 24925.4 19904.8 17142.4 7334.27 2762.39 2560.62 1198.28 1362.34 9808.15 2871.32 1094.97 6936.83
internal_count=213026 105207 107819 85394 72518 30626 12876 11936 5968 5968 41892 12910 5079 28982
is_linear=0
shrinkage=0.03


Tree=81
num_leaves=15
num_cat=0
split_feature=238 190 245 245 244 167 76 226 243 243 244 231 106 139
split_gain=208.117 159.827 134.561 140.07 281.837 145.567 142.312 141.068 126.718 147.791 124.605 138.072 162.298 121.675
threshold=-0.2519706785678863 86.500000000000014 -0.075731933116912828 -0.079221799969673143 0.0029924191767349844 15.500000000000002 85.500000000000014 56.500000000000007 -0.05421908758580684 -0.051040830090641968 0.054733078926801688 93.500000000000014 39.500000000000007 49.500000000000007
decision_type=10 10 2 2 2 8 8 8 2 2 2 10 10 10
left_child=-1 2 3 5 -5 6 7 -2 10 -10 11 12 -4 -9
right_child=1 -3 8 4 -6 -7 -8 13 9 -11 -12 -13 -14 -15
leaf_value=0.011262449946896104 -0.0094188660049276673 0.0063304047383823357 -0.014744648276838069 -0.023775380536269458 0.015961881496742322 0.0038713765690470536 0.0049787547024894366 0.016602993115147704 0.01453101471567606 -0.0017283058584197527 0.017300632908006642 -0.030597776291597458 0.011372210463790314 -0.0070412351115858186
leaf_weight=1423.278077557683 2784.7639499306679 3003.6876037865877 789.8509856313467 175.9580944776535 1210.2939341217279 5890.2518864274025 1398.7196409329772 390.08886558562517 502.25904010236263 28491.922039732337 125.5156235396862 301.88521809875965 284.095075070858 375.51842882484198
leaf_count=9526 12859 13832 3374 764 5452 29056 7008 1881 2196 122514 619 1274 1268 1660
internal_value=5.80091e-06 -0.000346971 -0.000817824 0.00184032 0.0107838 0.000687637 -0.00310172 -0.00629018 -0.00188372 -0.00144174 -0.0103533 -0.0129828 -0.00779468 0.00506461
internal_weight=47148.1 45724.8 42721.1 12225.6 1386.25 10839.3 4949.09 3550.37 30495.5 28994.2 1501.35 1375.83 1073.95 765.607
internal_count=213283 203757 189925 58680 6216 52464 23408 16400 131245 124710 6535 5916 4642 3541
is_linear=0
shrinkage=0.03


Tree=82
num_leaves=15
num_cat=0
split_feature=245 101 119 244 243 224 224 249 78 245 249 244 248 243
split_gain=201.47 134.837 132.531 158.93 177.127 194.864 193.622 157.003 131.978 131.565 157.56 204.856 196.28 131.68
threshold=-0.1103546880185604 2.5000000000000004 19.500000000000004 0.022134360857307914 -0.042983820661902421 1.5000000000000002 21.500000000000004 0.24747474491596225 2.5000000000000004 -0.044407408684492104 0.085858587175607695 0.0081648202612996119 0.74242421984672557 -0.052462959662079804
decision_type=2 8 8 2 2 10 10 2 8 2 2 2 2 2
left_child=2 -2 -1 -4 5 -5 7 -7 -8 10 -3 -12 -13 -14
right_child=1 9 3 4 -6 6 8 -9 -10 -11 11 12 13 -15
leaf_value=-0.018055787691999628 -0.0070315764014831578 -0.0011790454410474857 0.01351360711605456 0.012840161303039591 0.027410881900736296 -0.043230024087181768 -0.027495977231518819 -0.010352887120070499 0.01915977540704205 -0.0027074498419880121 0.013459360136126579 0.0036502299697554466 0.0038987700587038931 -0.01313299562148156
leaf_weight=178.25309318304062 2782.216788366437 14610.607550919056 1975.8213931247592 474.99904135614634 189.2577128559351 172.13150634616613 60.227698981761932 498.81530572474003 242.64748012274504 12959.565212994814 1577.7692056372762 9598.479593500495 623.36263057589531 1155.1105484738946
leaf_count=776 11838 62504 11328 3584 1225 807 286 2925 1440 56371 7157 44645 2882 5265
internal_value=-7.38868e-05 -0.000655054 0.00654742 0.00780743 0.000884502 -0.00274475 -0.0103998 -0.0192985 0.00929984 -0.00021565 0.000956402 0.00336386 0.00195321 -0.00717487
internal_weight=47099.3 43307.1 3792.15 3613.9 1638.08 1448.82 973.822 670.947 302.875 40524.9 27565.3 12954.7 11377 1778.47
internal_count=213033 190662 22371 21595 10267 9042 5458 3732 1726 178824 122453 59949 52792 8147
is_linear=0
shrinkage=0.03


Tree=83
num_leaves=15
num_cat=0
split_feature=120 10 231 226 77 190 35 226 229 249 75 231 231 134
split_gain=168.578 194.867 165.284 172.267 159.419 159.407 124.91 146.098 156.483 144.363 137.329 124.477 108.793 161.712
threshold=98.500000000000014 2.5000000000000004 91.500000000000014 50.500000000000007 25.500000000000004 88.500000000000014 7.5000000000000009 4.5000000000000009 69.500000000000014 0.89393940567970287 52.500000000000007 75.500000000000014 91.500000000000014 37.500000000000007
decision_type=10 10 10 8 10 8 10 10 10 2 10 10 10 10
left_child=1 -1 -2 4 -4 6 7 -3 9 -9 11 -8 -12 -14
right_child=2 5 3 -5 -6 -7 10 8 -10 -11 12 -13 13 -15
leaf_value=0.0049162783542207929 0.0097536474909596643 0.0057873164431123669 0.0028007839823461118 0.016909011921535707 -0.016836078302418938 0.00620366774532653 -0.0045453881236183881 -0.0082016618702732171 0.0091300833536231314 -0.036842995583293126 0.0021565118296067438 0.0015091943278780528 -0.019226686245746496 0.0015062903881991184
leaf_weight=5082.6042447164655 2937.4716005623341 843.41565334796906 808.44732851535082 350.76558768749237 675.5714031085372 2352.2458769530058 11446.24055441469 4640.3067538365722 451.13999547064304 155.07275339961052 11858.4175510481 4162.2351160869002 547.3363890722394 859.2631910815835
leaf_count=24771 14734 4136 5007 1998 3509 10731 48745 20250 2091 664 51582 18712 2402 4068
internal_value=1.33292e-05 -0.000588797 0.00535286 -0.00170744 -0.00619138 -0.00133974 -0.00184886 -0.0057497 -0.00761184 -0.00920261 -0.0010244 -0.00293091 0.00121943 -0.0066401
internal_weight=47170.5 42398.3 4772.26 1834.78 1484.02 37315.7 34963.4 6089.94 5246.52 4795.38 28873.5 15608.5 13265 1406.6
internal_count=213400 188152 25248 10514 8516 163381 152650 27141 23005 20914 125509 67457 58052 6470
is_linear=0
shrinkage=0.03


Tree=84
num_leaves=15
num_cat=0
split_feature=238 101 238 94 165 104 192 229 224 228 248 142 122 248
split_gain=172.308 137.661 140.985 96.5251 94.6595 87.9541 87.8033 106.743 79.9454 135.031 118.994 120.969 114.462 96.2105
threshold=-0.22850719094276425 3.5000000000000004 -0.096942722797393785 48.500000000000007 5.5000000000000009 37.500000000000007 1.0000000180025095e-35 5.5000000000000009 32.500000000000007 21.500000000000004 0.54040405154228222 64.500000000000014 32.500000000000007 0.57070705294609081
decision_type=10 8 10 10 8 10 8 10 8 8 2 10 10 2
left_child=6 -2 4 8 -3 -6 7 -1 12 -10 -11 13 -4 -12
right_child=1 2 3 -5 5 -7 -8 -9 9 10 11 -13 -14 -15
leaf_value=0.0079943077544331956 -0.005328074991161013 -0.005756480847015545 0.0078291766821990752 0.0014343140880508957 0.0013290874389558969 0.0060953185839552762 0.011240690095908751 -0.022984824282354814 -0.013615235851386697 -0.0053909698950460961 0.014803779038014558 0.012573987049020413 -0.0027216209102751375 -0.0052665383636108431
leaf_weight=245.94484504312277 4548.8214636147022 1324.7223102226853 1288.3646373450756 6526.1089963018894 14015.637118116021 4631.3868162408471 1731.1310847774148 154.89562973380089 1269.0268403738737 5888.2617266178131 246.04354797303677 736.97585943341255 3211.7034242600203 1333.7736807763577
leaf_count=1763 20029 5962 5452 29107 63584 21935 11109 864 5298 24850 1039 3348 13489 5569
internal_value=9.59326e-06 -0.000385848 0.000170808 -0.00157648 0.00196423 0.00251552 0.00832295 -0.00424494 -0.00298258 -0.00454506 -0.00312737 0.00262414 0.000309723 -0.0020673
internal_weight=47152.8 45020.8 40472 20500.3 19971.7 18647 2131.97 400.84 13974.1 9474.08 8205.05 2316.79 4500.07 1579.82
internal_count=213398 199662 179633 88152 91481 85519 13736 2627 59045 40104 34806 9956 18941 6608
is_linear=0
shrinkage=0.03


Tree=85
num_leaves=15
num_cat=0
split_feature=76 244 231 140 10 226 46 134 231 63 195 226 226 231
split_gain=150.4 186.758 137.601 130.579 201.809 166.602 134.171 133.513 133.333 117.889 106.496 108.181 106.251 188.064
threshold=87.500000000000014 0.054733078926801688 89.500000000000014 27.500000000000004 5.5000000000000009 3.5000000000000004 1.5000000000000002 68.500000000000014 98.500000000000014 59.500000000000007 39.500000000000007 81.500000000000014 6.5000000000000009 19.500000000000004
decision_type=8 2 8 10 10 10 10 10 10 10 8 10 8 10
left_child=3 2 12 4 -1 8 7 -5 -6 -8 11 -7 13 -2
right_child=1 -3 -4 6 5 10 9 -9 -10 -11 -12 -13 -14 -15
leaf_value=0.0033837000959496891 -0.021329881271667853 0.015232950196469388 -0.0053685620242535422 0.0098189794073095995 0.010614579975074787 -0.0093611535505596314 -0.00086392208269324357 -0.022796260476768995 -0.019525931528876071 0.0034106226407276236 -0.0013393506440804261 0.0027390793158333137 0.0022008956505141196 0.017094674099498403
leaf_weight=3432.2252542451024 121.28937150537968 1090.3132430613041 1739.8078828901052 149.38760899752378 913.96330892294645 6380.6870634779334 13577.703318797052 399.68396292626858 144.72604113817215 10131.896451339126 2971.2376249656081 737.78956842422485 4382.8581163361669 965.2619458809495
leaf_count=15828 564 6535 9173 744 4380 26929 59594 2113 708 46048 12668 3124 20040 5000
internal_value=5.61798e-05 0.00371943 0.00195945 -0.000727372 -0.00297006 -0.00492746 0.000621263 -0.0139056 0.00635013 0.0009634 -0.0061159 -0.00810495 0.00429601 0.01265
internal_weight=47138.8 8299.53 7209.22 38839.3 14580.6 11148.4 24258.7 549.072 1058.69 23709.6 10089.7 7118.48 5469.41 1086.55
internal_count=213448 41312 34777 172136 63637 47809 108499 2857 5088 105642 42721 30053 25604 5564
is_linear=0
shrinkage=0.03


Tree=86
num_leaves=15
num_cat=0
split_feature=245 242 63 249 245 224 34 248 17 248 165 244 224 224
split_gain=183.331 146.316 126.244 115.774 112.855 99.6479 118.646 151.441 113.834 131.134 112.586 110.678 190.983 104.579
threshold=-0.20662932842969892 0.03118990641087294 78.500000000000014 0.27777777612209326 -0.04170736297965049 82.500000000000014 8.5000000000000018 0.82323232293128978 13.500000000000002 0.7929292917251588 16.500000000000004 0.025211817584931854 16.500000000000004 31.500000000000004
decision_type=2 8 10 2 2 10 10 2 10 2 10 2 8 10
left_child=-1 2 5 4 -4 6 7 11 -7 -10 -8 -2 -13 -12
right_child=1 -3 3 -5 -6 8 10 -9 9 -11 13 12 -14 -15
leaf_value=0.02356072929345529 -0.007165299770805442 0.0028787095543588112 0.0021496422981007041 0.0078451123519847205 -0.007522667281948307 0.013869492033859227 -0.0071940682516566786 0.0023514682707574375 0.0014968542503712102 -0.028198105407001194 0.0020034952530693434 -0.038807172242548787 -0.00041059323849991974 -0.0030355345170550814
leaf_weight=284.24711752682924 4738.9309402629733 10736.672401152551 4775.0462271869183 2286.8280654326081 1394.3075070530176 649.60641065984964 2620.8803096115589 1458.471597738564 2702.6273537501693 130.78892490267754 7575.8564886376262 262.72020673006773 204.02278465032578 7239.0656452551484
leaf_count=2535 20394 53045 21298 10873 5885 3128 11202 6864 11880 612 32858 1247 926 30398
internal_value=-4.52557e-05 -0.00019371 -0.00110958 0.0020955 -4.49886e-05 -0.00209257 -0.00277807 -0.00617994 0.00264494 3.18022e-05 -0.00147504 -0.00857011 -0.0223839 -0.00045913
internal_weight=47060.1 46775.8 36039.2 8456.18 6169.35 27583 24099.9 6664.15 3483.02 2833.42 17435.8 5205.67 466.743 14814.9
internal_count=213145 210610 157565 38056 27183 119509 103889 29431 15620 12492 74458 22567 2173 63256
is_linear=0
shrinkage=0.03


Tree=87
num_leaves=15
num_cat=0
split_feature=242 226 226 231 231 249 52 231 231 228 37 226 231 230
split_gain=168 139.486 195.444 262.18 287.862 235.026 195.431 169.463 224.893 228.884 151.944 130.506 150.861 119.366
threshold=0.03118990641087294 81.500000000000014 4.5000000000000009 77.500000000000014 21.500000000000004 0.83333334326744091 9.5000000000000018 69.500000000000014 91.500000000000014 11.500000000000002 64.500000000000014 50.500000000000007 19.500000000000004 72.500000000000014
decision_type=8 10 8 10 10 2 10 10 10 10 10 10 10 8
left_child=1 2 3 4 -1 -5 -4 11 -9 10 -10 12 -8 -13
right_child=-2 -3 6 5 -6 -7 7 8 9 -11 -12 13 -14 -15
leaf_value=-0.010746674520376797 0.0032773960153800337 0.0030755685566055554 -0.0075253998364193508 -0.0053969524527874482 0.017684218539585378 0.025168003389194626 0.005847957818269453 0.0073271470640081972 -0.022988679015377649 0.0040824730390932561 0.02290894128643332 -0.0095082408547579062 -0.0032111759656846066 -0.00049526413616653847
leaf_weight=393.31111316382885 10833.774992525578 6297.7993637174368 6122.4291224777699 2329.6029466837645 1594.4630296453834 240.75604068487883 2309.591598123312 3646.8854261636734 651.57204046845436 882.50396120548248 63.980341017246246 3924.2335039377213 5759.8528661727905 1993.8380848765373
leaf_count=1726 54112 28149 26853 11723 7448 1367 9644 15877 2818 3890 289 16414 24312 8547
internal_value=1.5993e-06 -0.000979108 -0.00183351 0.00387986 0.0120331 -0.0024476 -0.00286175 -0.00137399 0.00322065 -0.00613799 -0.0186256 -0.00309792 -0.000614292 -0.00647767
internal_weight=47044.6 36210.8 29913 4558.13 1987.77 2570.36 25354.9 19232.5 5244.94 1598.06 715.552 13987.5 8069.44 5918.07
internal_count=213169 159057 130908 22264 9174 13090 108644 81791 22874 6997 3107 58917 33956 24961
is_linear=0
shrinkage=0.03


Tree=88
num_leaves=15
num_cat=0
split_feature=238 101 245 63 224 140 244 237 64 244 245 144 65 222
split_gain=186.537 131.954 147.091 134.266 112.632 140.711 124.317 109.327 107.539 88.5502 130.303 102.842 92.0003 88.2154
threshold=-0.23228914290666577 5.5000000000000009 -0.044003877788782113 71.500000000000014 17.500000000000004 10.500000000000002 0.013219133019447328 0.074545610696077361 93.500000000000014 0.02181983552873135 -0.075249154120683656 92.500000000000014 82.500000000000014 74.500000000000014
decision_type=10 8 2 10 10 10 2 2 10 2 2 10 10 10
left_child=13 9 3 8 -5 6 -6 -4 -3 10 12 -12 -2 -1
right_child=1 2 7 4 5 -7 -8 -9 -10 -11 11 -13 -14 -15
leaf_value=0.011271172932767654 -0.001082669682507082 0.00071107041435232844 -0.0039741643567976631 -0.00090170628302278571 -0.013763100201228435 0.0089018742152632297 0.011489353074639172 0.0031138891780991152 -0.0079684450967157459 -0.010656895142094364 -0.0049344694658171387 -0.023019698301447324 0.01182111058423807 -0.0081694606144544612
leaf_weight=1732.3434697240591 1887.1388743966818 17173.476556487381 9651.3231834024191 2264.0984842553735 492.27738705277443 4833.727195687592 260.55790336430073 2448.4158831685781 1378.5593278408051 1542.8489069715142 2191.4743038415909 316.86744694411755 664.51225201040506 231.60080213844776
leaf_count=11634 8408 76261 41074 10630 2104 22466 1166 11351 6178 7163 9073 1299 3221 1300
internal_value=-7.80632e-05 -0.000473003 0.000199335 0.0014545 0.00474048 0.00702465 -0.00498713 -0.00253849 6.21701e-05 -0.00438791 -0.00245917 -0.00730143 0.00231082 0.00894884
internal_weight=47069.2 45105.3 38502.4 26402.7 7850.66 5586.56 752.835 12099.7 18552 6602.84 5059.99 2508.34 2551.65 1963.94
internal_count=213328 200394 171230 118805 36366 25736 3270 52425 82439 29164 22001 10372 11629 12934
is_linear=0
shrinkage=0.03


Tree=89
num_leaves=15
num_cat=0
split_feature=238 230 231 226 189 65 231 120 98 240 230 7 230 231
split_gain=195.465 140.909 224.949 168.84 201.826 167.198 138.754 117.204 116.519 108.606 106.393 105.959 102.891 103.388
threshold=-0.11847809329628943 3.5000000000000004 92.500000000000014 43.500000000000007 51.500000000000007 98.500000000000014 81.500000000000014 69.500000000000014 42.500000000000007 -0.058660224080085747 28.500000000000004 2.5000000000000004 69.500000000000014 29.500000000000004
decision_type=10 10 10 10 10 8 10 10 10 10 10 8 10 10
left_child=1 2 11 4 6 -4 7 -3 -2 -8 -5 -1 13 -12
right_child=8 3 5 10 -6 -7 9 -9 -10 -11 12 -13 -14 -15
leaf_value=0.022821109726136511 -0.0025536188158552025 -0.0097723190344640946 -0.0061300453508933385 0.01496037207819052 0.0040583751067290426 0.015941917879121737 0.0079509141630725328 0.0015312051608443271 0.0017979591075937475 -0.020858575415533587 0.0061854238935285166 0.0089800052367496139 0.008099406031136137 -0.0047678324239957444
leaf_weight=631.84962442517281 21605.454845651984 1472.6974306702614 1430.7419551238418 764.87353771924973 2759.6426431760192 383.23860503733158 132.90959218144417 1857.6162893250585 7437.4300645291805 782.02536950260401 1288.4434524923563 2363.6365386024117 2161.0419059172273 1916.0638633072376
leaf_count=3818 92211 6323 8072 3496 13636 2380 696 8596 33005 3604 5691 12464 10461 8557
internal_value=8.17874e-05 0.00254257 0.00693026 0.000931976 -0.0022486 -0.00140508 -0.00634838 -0.00348162 -0.00143901 -0.0166328 0.00456399 0.0119658 0.00305688 -0.00035829
internal_weight=46987.7 17944.8 4809.47 13135.3 7004.89 1813.98 4245.25 3330.31 29042.9 914.935 6130.42 2995.49 5365.55 3204.51
internal_count=213010 87794 26734 61060 32855 10452 19219 14919 125216 4300 28205 16282 24709 14248
is_linear=0
shrinkage=0.03


Tree=90
num_leaves=15
num_cat=0
split_feature=238 230 231 52 249 249 244 101 244 43 238 20 104 244
split_gain=188.401 130.151 223.281 184.507 135.476 134.366 125.613 124.506 114.943 126.302 111.138 136.638 98.3036 88.3077
threshold=-0.12333435192704199 3.5000000000000004 92.500000000000014 10.500000000000002 0.88383838534355175 0.83333334326744091 0.094841357320547118 2.5000000000000004 0.033609466627240188 3.5000000000000004 -0.28063598275184626 7.5000000000000009 23.500000000000004 0.0019962895894423132
decision_type=10 10 10 10 2 2 2 10 2 10 10 10 10 2
left_child=1 2 -1 4 -3 8 7 -2 9 -4 -10 -12 -7 -9
right_child=6 3 5 -5 -6 12 -8 13 10 -11 11 -13 -14 -15
leaf_value=0.012256295466885609 -0.0093509769020860244 -0.0031100842215461403 0.01641778889699191 0.0035760568268345975 -0.028907333839266896 0.028634354399981313 0.016422332793605492 -0.0090883690939016805 0.0079068646909614786 -0.0067698688199178724 -0.030887498935742642 0.0013569279998604192 -0.022650693423284553 -0.00075299245734672935
leaf_weight=2756.4803946390748 1738.1276380643249 3690.117874391377 348.33955772221088 7949.1892278417945 183.07931773364544 183.46273958683014 343.00344111025333 1184.0414958149195 159.28971896320581 506.46906127780676 347.69128995388746 175.49359123408794 32.910330049693584 27333.877898938954
leaf_count=15250 7484 17199 2134 37336 824 1178 1770 4976 1311 2621 1872 888 171 117847
internal_value=1.67347e-05 0.00261751 0.00694743 0.000961212 -0.00440078 -0.00141949 -0.00137186 -0.00157894 -0.00457009 0.00275982 -0.0136582 -0.0202491 0.0201779 -0.00110214
internal_weight=46931.6 16332.5 4510.14 11822.4 3873.2 1753.66 30599.1 30256 1537.28 854.809 682.475 523.185 216.373 28517.9
internal_count=212861 80784 25425 55359 18023 10175 132077 130307 8826 4755 4071 2760 1349 122823
is_linear=0
shrinkage=0.03


Tree=91
num_leaves=15
num_cat=0
split_feature=245 248 245 231 248 245 244 248 249 230 226 244 226 248
split_gain=171.588 172.279 205.53 158.584 191.531 314.135 163.365 151.877 156.769 146.106 147.509 153.699 160.1 190.115
threshold=-0.099302399903535829 0.7929292917251588 -0.075249154120683656 22.500000000000004 0.56060606241226207 -0.10331549495458602 0.02181983552873135 0.58080807328224193 0.17676767706871035 2.5000000000000004 52.500000000000007 0.0036891852505505089 14.500000000000002 0.87373736500740062
decision_type=2 2 2 8 2 2 2 2 2 8 10 2 10 2
left_child=3 2 7 4 -1 -6 9 -2 -9 -5 11 -11 -13 -14
right_child=1 -3 -4 6 5 -7 -8 8 -10 10 -12 12 13 -15
leaf_value=0.018992672171228034 0.013416112544830765 -0.0070437899878278021 -0.00096682470469681948 0.021498439011576491 -0.034325002401699195 0.021584924942768462 0.00017824312037248037 0.0059299522259463628 -0.0082743220772446037 -0.019562096907303917 0.020841692650509617 0.018084387711607728 0.0049938318155332067 -0.030606728963773162
leaf_weight=147.64041916280985 1522.3991131037474 3503.3804420530796 32806.593649893999 858.53332689404488 326.28352749347687 115.95938788354397 2087.9822271168232 2577.9379058331251 948.64143998920918 235.66646741330624 501.23940109461546 575.93853691965342 626.13757144659758 161.45722869038582
leaf_count=883 7550 15283 142527 5293 1475 513 12798 11569 4433 1163 2570 3385 3001 672
internal_value=-1.93946e-05 -0.000688979 -9.91617e-05 0.00488604 -0.00971872 -0.0195119 0.00660887 0.00552939 0.00209644 0.0111307 0.00681124 0.00231146 0.00620688 -0.00259653
internal_weight=46995.8 41359 37855.6 5636.84 589.883 442.243 5046.95 5048.98 3526.58 2958.97 2100.44 1599.2 1363.53 787.595
internal_count=213115 181362 166079 31753 2871 1988 28882 23552 16002 16084 10791 8221 7058 3673
is_linear=0
shrinkage=0.03


Tree=92
num_leaves=15
num_cat=0
split_feature=238 252 226 191 101 190 70 230 78 244 230 104 243 243
split_gain=169.055 131.342 123.11 114.078 111.07 98.418 92.9963 87.0281 81.2429 86.4771 89.8049 116.296 126.067 79.3503
threshold=-0.14311956614255902 0.21474517136812213 1.5000000000000002 63.500000000000007 2.5000000000000004 89.500000000000014 6.5000000000000009 7.5000000000000009 10.500000000000002 0.14015621691942218 3.5000000000000004 71.500000000000014 -0.11048659309744834 -0.0086131645366549475
decision_type=10 2 8 10 8 10 8 10 8 2 10 10 2 2
left_child=2 4 7 8 -2 6 -6 -1 9 10 11 12 -4 -8
right_child=1 -3 3 -5 5 -7 13 -9 -10 -11 -12 -13 -14 -15
leaf_value=0.012812885318185576 -0.0079649885635194352 0.012511833624549324 -0.019563810335658877 0.0092483474280310382 0.0032793939706850625 0.0055494469095160532 -0.0013186702168679009 -0.016124016652650095 0.0024689568518657008 -0.038502463028410198 -0.0066626887857960245 -0.030748427394814634 0.016988003520110033 -0.0069156112603768645
leaf_weight=1467.3529388383031 2067.720384940505 626.7255402430892 94.077738873660564 1601.5546651259065 3617.0690440237522 2042.279271312058 24807.566959656775 91.50794093310833 5669.0734759420156 54.06718772649765 1731.9389865994453 58.202645026147366 477.66516698896885 2501.6692993491888
leaf_count=8946 8602 3180 588 8005 15452 9347 107493 457 28184 300 8383 325 2878 10734
internal_value=1.92195e-05 -0.000992198 0.00322479 0.00195987 -0.00123726 -0.000813022 -0.00123484 0.0110223 0.000506462 -0.00408976 -0.00314299 0.00648676 0.0107407 -0.00183372
internal_weight=46908.5 35663 11245.4 9686.58 35036.3 32968.6 30926.3 1558.86 8085.03 2415.95 2361.88 629.946 571.743 27309.2
internal_count=212874 154808 58066 48663 151628 143026 133679 9403 40658 12474 12174 3791 3466 118227
is_linear=0
shrinkage=0.03


Tree=93
num_leaves=15
num_cat=0
split_feature=245 242 226 231 228 248 134 226 231 226 67 249 248 79
split_gain=159.182 136.502 138.211 203.622 279.231 342.155 252.235 220.93 225.483 348.504 233.657 208.05 199.121 176.343
threshold=-0.20662932842969892 0.03118990641087294 81.500000000000014 91.500000000000014 8.5000000000000018 0.82323232293128978 51.500000000000007 4.5000000000000009 69.500000000000014 44.500000000000007 18.500000000000004 0.90404042601585399 0.49999998509883886 47.500000000000007
decision_type=2 8 10 8 10 2 8 8 10 10 10 2 2 10
left_child=-1 2 3 7 5 6 -5 13 11 10 -10 -9 -4 -2
right_child=1 -3 12 4 -6 -7 -8 8 9 -11 -12 -13 -14 -15
leaf_value=0.02236254923672535 0.011827577949401641 0.0028253909942202882 -0.0012169202130076933 -0.034261132400036504 0.0013739681588119882 0.0022095192250687224 -0.010554611286819813 -0.0030893855742986013 -0.012809154267763703 0.013730510681078403 0.0046775696389572737 -0.037272690033980434 0.0097537551586375625 -0.0048952110302944562
leaf_weight=274.02347781509161 1981.1432431265712 10605.271278202534 3874.0146485716105 803.52436024695635 1628.1570293009281 737.00279427319765 827.97350003570318 18127.684502728283 1193.464485950768 1928.0493030324578 1596.1061216369271 151.77238278090954 2406.6674972102046 787.25170259922743
leaf_count=2535 9609 52731 16824 3504 7287 3859 3996 76438 5399 8368 6994 641 11292 3474
internal_value=-2.845e-05 -0.000164745 -0.00104511 -0.00189856 -0.00819023 -0.014743 -0.0223678 -0.000919812 -0.00188448 0.00395711 -0.00282282 -0.00339343 0.00299571 0.0070716
internal_weight=46922.1 46648.1 36042.8 29762.1 3996.66 2368.5 1631.5 25765.5 22997.1 4717.62 2789.57 18279.5 6280.68 2768.39
internal_count=212951 210416 157685 129569 18646 11359 7500 110923 97840 20761 12393 77079 28116 13083
is_linear=0
shrinkage=0.03


Tree=94
num_leaves=15
num_cat=0
split_feature=238 244 231 230 244 231 224 51 222 230 70 52 243 230
split_gain=156.63 122.611 123.403 235.837 172.828 163.409 188.942 162.544 159.859 148.713 143.101 129.687 120.709 193.384
threshold=-0.14395964890718457 0.094841357320547118 91.500000000000014 65.500000000000014 0.0042098821140825757 75.500000000000014 32.500000000000007 3.5000000000000004 7.5000000000000009 35.500000000000007 19.500000000000004 13.500000000000002 -0.049386985599994652 4.5000000000000009
decision_type=10 2 8 10 2 10 8 10 10 10 8 10 2 10
left_child=-1 2 5 4 -4 6 9 -7 -8 -2 -6 -10 13 -9
right_child=1 -3 3 -5 10 7 8 12 11 -11 -12 -13 -14 -15
leaf_value=0.0032030581912514244 0.0044539240731190114 0.015351549711866004 0.015652736991489457 0.0061552234954277869 -0.024699013984108044 -0.016049574998272954 -0.020588607547684636 -0.0071541797994409901 -0.0099909335320858116 -0.0030800763873532729 -0.0085330366425107589 -0.0018601828313960171 0.0032893536397316414 0.022268077592666875
leaf_weight=11054.545489862561 6606.8779791817069 404.06583468616009 200.58586123585701 1021.2710999846458 659.46750992536545 318.9452028721571 464.80533710867167 264.85061630606651 2018.9995645731688 3654.8254831433296 1949.0391796156764 13663.56845099479 3868.6142263412476 774.6647069901228
leaf_count=57285 28428 2136 912 4966 2839 1376 1946 1253 8633 15322 8741 58437 17115 3650
internal_value=8.2563e-05 -0.000879732 -0.00106893 -0.00614728 -0.0106259 -0.000452315 -0.00141184 0.00438897 -0.00343388 0.00177022 -0.0126987 -0.00291265 0.00574706 0.0147751
internal_weight=46925.1 35870.6 35466.5 3830.36 2809.09 31636.2 26409.1 5227.07 16147.4 10261.7 2608.51 15682.6 4908.13 1039.52
internal_count=213039 155754 153618 17458 12492 136160 112766 23394 69016 43750 11580 67070 22018 4903
is_linear=0
shrinkage=0.03


Tree=95
num_leaves=15
num_cat=0
split_feature=238 242 230 104 119 228 244 249 244 246 228 244 230 119
split_gain=137.301 143.871 106.478 169.042 161.434 214.906 134.164 154.612 143.436 125.122 211.294 118.948 117.814 114.809
threshold=-0.11211552470922469 0.044196274131536491 3.5000000000000004 89.500000000000014 98.500000000000014 11.500000000000002 0.0054493614006787547 0.83333334326744091 0.035613799467682845 0.034974534064531333 4.5000000000000009 0.022134360857307914 11.500000000000002 97.500000000000014
decision_type=10 8 8 10 10 10 2 2 2 2 10 2 8 10
left_child=1 2 3 6 5 11 -1 8 9 10 -8 -4 -7 -10
right_child=-2 -3 4 -5 -6 12 7 -9 13 -11 -12 -13 -14 -15
leaf_value=0.020811772193525722 -0.0014738248126453073 0.0091909868453848055 -0.0049233960299821938 -0.025662342770990592 0.008436856794986472 0.010989275272266555 -0.01012414843399552 0.022877333253085705 0.0038931002567870973 0.014058087467576429 0.013331622056164789 -0.018557401467344393 -0.00019263928493892801 -0.020025027870984948
leaf_weight=497.1519702449441 27027.768954470754 2112.829687692225 2865.0757100954652 144.03178081661463 1651.9347973540425 944.85687834769487 796.26731082051992 348.74489628523588 316.49412658810616 939.05008649080992 595.01228301227093 715.13026327639818 7576.7308652549982 402.27774308621883
leaf_count=2607 116386 11985 12798 728 8563 4542 4085 2199 1672 5133 2897 3280 33756 2494
internal_value=-8.15327e-05 0.00180871 0.000927419 0.00520349 -0.000331195 -0.00153404 0.00640766 0.00424526 0.00204637 0.0056594 -6.92045e-05 -0.00769083 0.00105862 -0.00958434
internal_weight=46933.4 19905.6 17792.8 4039.03 13753.7 12101.8 3895 3397.85 3049.1 2330.33 1391.28 3580.21 8521.59 718.772
internal_count=213125 96739 84754 21815 62939 54376 21087 18480 16281 12115 6982 16078 38298 4166
is_linear=0
shrinkage=0.03


Tree=96
num_leaves=15
num_cat=0
split_feature=245 226 226 248 10 231 229 226 246 231 229 231 248 226
split_gain=170.113 154.287 133.634 190.159 118.488 115.799 250.478 169.242 159.855 202.584 191.087 148.604 300.561 378.279
threshold=-0.1103546880185604 54.500000000000007 6.5000000000000009 0.60101011395454418 46.500000000000007 91.500000000000014 16.500000000000004 4.5000000000000009 0.031860889866948135 88.500000000000014 15.500000000000002 70.500000000000014 0.59090909361839306 43.500000000000007
decision_type=2 10 10 2 10 10 8 8 2 10 10 8 2 10
left_child=1 2 -1 -4 -5 7 -7 8 9 10 -2 -9 -13 -14
right_child=5 -3 3 4 -6 6 -8 11 -10 -11 -12 12 13 -15
leaf_value=0.011413293216584222 0.0078606372120942347 0.024329545056036926 0.014271367151730725 -0.011742893962048974 0.0067719112347686137 -0.010806753390101169 0.0024820946382129189 -0.0016105460871019077 0.015809943799571183 -0.031210067963715362 -0.020971591236513605 -0.0013009573527469108 -0.00010183633891515247 0.022449640192540983
leaf_weight=1331.1307983472943 1681.7467446327209 367.12031370401382 541.32838694006205 1052.3014226183295 432.23983148485422 2800.5884289816022 2333.1608813777566 27292.552218079567 1104.3694055303931 145.90020625293255 225.99739180505276 4850.4709090963006 1333.4480403736234 1334.1346768736839
leaf_count=9538 7625 2266 3271 5268 2111 12885 10859 117457 5375 655 1017 22221 6150 6139
internal_value=-1.7984e-05 0.00612471 0.00406749 -0.000791541 -0.00634287 -0.000550021 -0.00477422 2.22407e-05 0.00666078 0.00168794 0.00435354 -0.000581746 0.00315025 0.0112185
internal_weight=46826.5 3724.12 3357 2025.87 1484.54 43102.4 5133.75 37968.6 3158.01 2053.64 1907.74 34810.6 7518.05 2667.58
internal_count=212837 22454 20188 10650 7379 190383 23744 166639 14672 9297 8642 151967 34510 12289
is_linear=0
shrinkage=0.03


Tree=97
num_leaves=15
num_cat=0
split_feature=245 66 120 231 230 130 10 94 230 245 231 249 226 148
split_gain=159.101 139.2 137.363 135.121 149.415 121.073 132.632 128.735 110.273 120.103 170.245 172.103 163.015 130.467
threshold=-0.20662932842969892 75.500000000000014 98.500000000000014 92.500000000000014 46.500000000000007 10.500000000000002 80.500000000000014 46.500000000000007 71.500000000000014 -0.071516510099172578 88.500000000000014 0.015151515137404205 4.5000000000000009 12.500000000000002
decision_type=2 10 10 10 10 8 10 10 8 2 10 2 10 10
left_child=-1 2 5 -4 -5 -2 -7 -8 9 -3 12 -12 -11 -13
right_child=1 8 3 4 -6 6 7 -9 -10 10 11 13 -14 -15
leaf_value=0.022766091302212688 -0.0051163783786259028 0.0049852475137449476 0.010685353759153549 -0.01213867975418045 0.022798711799296878 0.00045522148538791558 -0.0086511469488945412 0.001891100569904437 0.0071316424365779887 0.014589380085590194 -0.043643594975185655 -0.024912943553108087 -0.0015763918102332036 -0.00062377104151946643
leaf_weight=265.68274717032909 6984.3977148160338 3863.1640436276793 1605.4311418756843 544.52665795385838 127.82969702035189 19504.170219771564 3134.4454899504781 1554.8778443485498 3437.117058314383 639.07246640324593 130.15059737861156 273.58697855472565 4147.3631466031075 669.29238164424896
leaf_count=2512 31097 20121 8004 2778 727 85235 13296 6917 16556 2934 536 1209 18113 3018
internal_value=4.27627e-05 -9.1603e-05 -0.00111977 0.00597633 -0.00525954 -0.00163995 -0.000634638 -0.00515898 0.00252114 0.000885601 -0.0018212 -0.0125623 0.000607937 -0.00785903
internal_weight=46881.1 46615.4 33455.7 2277.79 672.356 31177.9 24193.5 4689.32 13159.7 9722.63 5859.47 1073.03 4786.44 942.879
internal_count=213053 210541 148054 11509 3505 136545 105448 20213 62487 45931 25810 4763 21047 4227
is_linear=0
shrinkage=0.03


Tree=98
num_leaves=15
num_cat=0
split_feature=66 232 120 120 224 240 4 231 134 10 231 224 222 103
split_gain=130.467 134.369 133.416 102.339 116.178 97.5177 95.4522 90.6973 90.7025 81.7668 104.389 131.537 112.503 99.596
threshold=75.500000000000014 79.500000000000014 98.500000000000014 67.500000000000014 13.500000000000002 -0.056885750964283936 6.5000000000000009 77.500000000000014 36.500000000000007 78.500000000000014 91.500000000000014 29.500000000000004 7.5000000000000009 60.500000000000007
decision_type=10 8 10 10 10 10 10 10 10 10 10 10 10 10
left_child=1 2 6 -3 7 -2 -1 -5 -9 10 11 -8 -13 -11
right_child=5 3 -4 4 -6 -7 9 8 -10 13 -12 12 -14 -15
leaf_value=-0.007195116189298455 0.0097959092623586107 -0.00049975566006956612 0.0059075024852315479 0.0096912040993133476 0.011122355172535285 0.0016172083415692097 0.0043429046675802383 -0.017113906642264747 0.0020590369222144994 -0.0081710230437860472 -0.008922097244701525 -0.020956071465446976 -0.0013827880306376997 0.00053806847780470113
leaf_weight=3501.4432081282139 1466.5945937037468 4577.3570775985718 1761.9018919542432 523.12256315350533 1948.1337216868997 11842.96748059243 4349.8738087415695 368.70400260388851 532.38165194541216 3338.2431624829769 1273.1145068332553 262.05421690642834 9369.7791608124971 1824.6234266236424
leaf_count=15378 8485 20662 8945 2538 8953 55443 18832 1887 2895 14262 5662 1112 40186 8084
internal_value=1.20968e-05 -0.000982896 -0.00203784 0.00242331 0.00638059 0.00252511 -0.00262532 -0.000137861 -0.00588783 -0.00183851 -0.00073273 1.88027e-05 -0.0019365 -0.00509803
internal_weight=46940.3 33630.7 25681 7949.7 3372.34 13309.6 23919.1 1424.21 901.086 20417.7 15254.8 13981.7 9631.83 5162.87
internal_count=213324 149396 112461 36935 16273 63928 103516 7320 4782 88138 65792 60130 41298 22346
is_linear=0
shrinkage=0.03


Tree=99
num_leaves=15
num_cat=0
split_feature=245 63 224 224 245 193 108 224 245 52 140 243 222 249
split_gain=137.246 114.061 112.98 123.729 99.8467 100.018 98.6155 143.074 86.8476 103.669 168.256 172.425 108.027 99.8006
threshold=-0.099302399903535829 75.500000000000014 1.5000000000000002 66.500000000000014 -0.10078349336981772 84.500000000000014 7.5000000000000009 82.500000000000014 -0.04170736297965049 25.500000000000004 89.500000000000014 -0.058143256232142441 64.500000000000014 0.27777777612209326
decision_type=2 10 10 10 2 8 8 10 2 10 10 2 10 2
left_child=2 6 -1 4 5 -4 7 -2 9 10 11 -3 -13 -10
right_child=1 8 3 -5 -6 -7 -8 -9 13 -11 -12 12 -14 -15
leaf_value=0.012977813691676271 -0.0069868096142425692 -0.016740755114008944 -0.0035355868560382679 0.018238290088312622 0.018275214586061919 0.0072177165752638321 -0.00074982571636995139 0.0092427489534575667 -0.0064733005055496867 0.0068000379240564686 -0.032684429056519852 0.0021619480830704363 0.024163695673147457 0.004358197784467205
leaf_weight=1101.1137528046966 4638.914785310626 404.48669239878654 2761.3073444291949 388.70818288624287 262.54039561003447 1072.5879560336471 25604.393987223506 537.63753798604012 1861.4728930294514 4404.8623455911875 129.25717468559742 2141.1550622582436 211.9783578813076 1286.630608305335
leaf_count=7963 19997 1797 14682 2368 1250 5620 111549 2488 7953 20252 590 9445 1000 5940
internal_value=3.07439e-06 -0.000595283 0.00441151 0.00228427 0.000729672 -0.000516243 -0.00151427 -0.00528663 0.00211312 0.00390939 -0.000509465 0.00111131 0.00423781 -0.00204668
internal_weight=46807 41220.8 5586.26 4485.14 4096.44 3833.9 30780.9 5176.55 10439.8 7291.74 2886.88 2757.62 2353.13 3148.1
internal_count=212894 181011 31883 23920 21552 20302 134034 22485 46977 33084 12832 12242 10445 13893
is_linear=0
shrinkage=0.03


Tree=100
num_leaves=15
num_cat=0
split_feature=245 224 248 244 245 248 249 226 226 226 244 245 144 248
split_gain=143.729 188.827 173.239 234.86 178.196 133.904 203.465 156.756 140.633 132.777 122.03 160.088 138.086 131.534
threshold=-0.09202431887388228 76.500000000000014 0.7929292917251588 0.0012429245398379864 -0.075249154120683656 0.63131311535835277 0.17676767706871035 12.500000000000002 21.500000000000004 81.500000000000014 0.0040957394521683463 -0.078249145299196229 21.500000000000004 0.82323232293128978
decision_type=2 10 2 2 2 2 2 8 8 10 2 2 8 2
left_child=1 -1 4 -4 5 -2 7 -7 -9 10 11 -5 -12 -14
right_child=2 -3 3 9 -6 6 -8 8 -10 -11 12 -13 13 -15
leaf_value=0.0023697280299516967 0.011620131767365899 0.021168444497517497 -0.046551971664070865 0.01991535404971739 -0.001031757748073603 0.024085202392198787 -0.01556993033468867 -0.030434080310404385 0.0042228100632905538 0.016751258616376361 0.0089537262559319531 -0.015774126052851205 -0.0054360772538538825 -0.021622295151240825
leaf_weight=6889.312418833375 1835.1989799141884 507.37013498693705 125.429622143507 279.24682001769543 32703.523574590683 326.74017652869225 519.34562690556049 106.59172013401985 1086.3898389190435 203.59960654377937 265.99518941342831 176.51952032744884 873.97606398165226 945.62501935660839
leaf_count=37404 8874 2954 514 1235 142173 1497 2384 454 4817 951 1174 735 3783 4141
internal_value=-0.000148643 0.00368605 -0.000868415 -0.0079521 -0.000310511 0.00576467 0.000463657 0.0060089 0.000899003 -0.00602573 -0.00790899 0.00605082 -0.010974 -0.0139201
internal_weight=46844.9 7396.68 39448.2 2870.39 36577.8 3874.27 2039.07 1519.72 1192.98 2744.96 2541.36 455.766 2085.6 1819.6
internal_count=213090 40358 172732 12533 160199 18026 9152 6768 5271 12019 11068 1970 9098 7924
is_linear=0
shrinkage=0.03


Tree=101
num_leaves=15
num_cat=0
split_feature=190 238 231 230 229 126 230 231 243 230 78 106 229 56
split_gain=132.12 137.316 113.721 222.104 189.349 223.043 178.229 137.093 264.291 268.4 172.161 151.219 128.196 120.048
threshold=89.500000000000014 -0.22481793165206906 91.500000000000014 62.500000000000007 5.5000000000000009 48.500000000000007 18.500000000000004 75.500000000000014 -0.049386985599994652 33.500000000000007 13.500000000000002 29.500000000000004 17.500000000000004 33.500000000000007
decision_type=10 10 10 8 8 10 10 10 2 8 10 10 8 10
left_child=1 -1 4 6 5 -3 12 11 -9 10 -10 -6 -4 -13
right_child=-2 2 3 -5 7 -7 -8 8 9 -11 -12 13 -14 -15
leaf_value=0.0070381855665562479 0.0067561885299791472 -0.0029744665898227768 -0.006232501677035253 0.0069405679097407471 -0.0032557988401268156 0.011575934644119115 -0.01787172595331437 0.017753008443734071 -0.032868622002261053 0.0063371819467295228 -0.0051666793720590558 0.0062917787137700141 0.01398544501113267 -0.00098101515581133173
leaf_weight=2150.3194135949016 2485.1748518422246 1528.3139667361975 2639.0233021080494 1122.746679328382 18655.842206932604 2473.1390457525849 1178.8424839526415 958.32877994328737 228.97278498113155 2548.0702437609434 1340.8016149550676 3056.5282645896077 306.42798581719398 6111.4166493490338
leaf_count=14218 11729 6776 12697 5552 80477 12054 5006 4625 1022 11422 5941 13322 1383 26678
internal_value=3.94603e-05 -0.00033879 -0.000716727 -0.00484482 -0.000128597 0.006025 -0.00806216 -0.00087863 0.00365065 0.00033361 -0.00938986 -0.00170597 -0.00408894 0.0014479
internal_weight=46783.9 44298.8 42148.5 5247.04 36901.4 4001.45 4124.29 32900 5076.17 4117.84 1569.77 27823.8 2945.45 9167.94
internal_count=212902 201173 186955 24638 162317 18830 19086 143487 23010 18385 6963 120477 14080 40000
is_linear=0
shrinkage=0.03


Tree=102
num_leaves=15
num_cat=0
split_feature=76 230 245 228 231 228 226 231 226 248 226 230 248 140
split_gain=136.582 100.455 198.272 145.745 115.703 183.122 182.405 169.381 283.03 234.639 236.853 212.881 203.802 197.99
threshold=89.500000000000014 80.500000000000014 -0.047014810144901269 93.500000000000014 92.500000000000014 10.500000000000002 3.5000000000000004 75.500000000000014 44.500000000000007 0.7222222387790681 52.500000000000007 1.5000000000000002 0.63131311535835277 46.500000000000007
decision_type=8 8 2 10 10 10 10 10 10 2 10 10 2 10
left_child=1 3 -3 4 6 -6 -1 9 -9 10 -8 -11 -10 -13
right_child=-2 2 -4 -5 5 -7 7 8 12 11 -12 13 -14 -15
leaf_value=0.0071243841862581288 0.0036521430771174349 0.0073968516488239237 -0.0026799072260416598 -0.02389948880800111 -0.012204838111753017 0.0019169659727031668 0.0018473617012270457 -0.0018718190505732186 0.0057396356795291524 0.019555482270123138 -0.0051539658220357684 -0.014464816026843883 0.028388616010761775 0.00019043476649300764
leaf_weight=2426.610126696527 7229.9454188719392 3550.8552894517779 3462.0570648610592 250.08738169074059 2053.319037117064 1374.5716098546982 10751.914530128241 2614.340025857091 949.32230098545551 217.3990106061101 7288.0478010326624 2927.5159661397338 570.26041109114885 1155.8542729988694
leaf_count=11689 36695 17146 15176 1083 10273 6396 46348 12118 4104 1031 31179 12272 2548 5108
internal_value=-0.000136595 -0.000829207 0.00242554 -0.00153034 -0.00134997 -0.00655294 -0.000730803 -0.00145321 0.00411848 -0.00248558 -0.000982425 -0.00877377 0.0143692 -0.0103261
internal_weight=46822.1 39592.2 7012.91 32579.2 32329.2 3427.89 28901.3 26474.7 4133.92 22340.7 18040 4300.77 1519.58 4083.37
internal_count=213166 176471 32322 144149 143066 16669 126397 114708 18770 95938 77527 18411 6652 17380
is_linear=0
shrinkage=0.03


Tree=103
num_leaves=15
num_cat=0
split_feature=245 248 231 224 230 244 222 231 224 248 224 229 249 248
split_gain=148.837 295.085 182.351 312.517 248.111 293.863 280.84 192.071 189.653 228.665 186.108 258.187 198.968 184.385
threshold=-0.075731933116912828 0.58080807328224193 67.500000000000014 26.500000000000004 3.5000000000000004 0.003091353341005743 4.5000000000000009 92.500000000000014 19.500000000000004 0.6414141356945039 12.500000000000002 58.500000000000007 0.91414141654968273 0.82323232293128978
decision_type=2 2 10 10 8 2 10 10 8 2 8 10 2 2
left_child=1 -1 4 7 6 -6 -3 8 -4 -10 -7 12 -12 -9
right_child=-2 2 3 -5 5 10 -8 13 9 -11 11 -13 -14 -15
leaf_value=0.012357611619606116 -0.001018120524794347 -0.0031852320050215384 0.01129075176476072 0.014911878582159041 -0.024374266498439962 -0.013182741538728169 0.029662588677236659 -0.013698538504041008 0.028191079690922709 -0.030598046628874474 0.0064755204513738673 -0.020892355980092016 -0.033311579734642056 0.0055330598272688714
leaf_weight=2348.2291767448187 33302.171048954129 543.58210071176291 1437.5356074050069 1769.3992674127221 655.41083302348852 1125.8172962814569 399.38330079615116 1250.4647959694266 72.581311218440533 211.96070426702499 2440.2883051335812 403.60661317408085 108.74549175053835 689.73276945203543
leaf_count=13076 144830 2641 7820 9251 2860 5008 1951 6909 389 923 10974 1881 463 3997
internal_value=5.78146e-05 0.00271927 0.000672541 0.00459777 -0.00308466 -0.00588592 0.0108924 -0.000412443 0.00685896 -0.0151541 -0.00286248 0.00110377 0.00465461 -0.00686846
internal_weight=46758.9 13456.7 11108.5 5431.67 5676.83 4733.87 942.965 3662.28 1722.08 284.542 4078.46 2952.64 2549.03 1940.2
internal_count=212973 68143 55067 29289 25778 21186 4592 20038 9132 1312 18326 13318 11437 10906
is_linear=0
shrinkage=0.03


Tree=104
num_leaves=15
num_cat=0
split_feature=238 101 238 60 252 231 249 231 226 231 232 226 120 248
split_gain=134.659 114.62 97.3084 97.2858 93.7185 89.165 105.555 87.4523 86.9687 88.4183 80.3847 95.4999 159.641 124.833
threshold=-0.2180676385760307 3.5000000000000004 -0.096942722797393785 71.500000000000014 0.22989154607057574 77.500000000000014 0.91414141654968273 17.500000000000004 6.5000000000000009 19.500000000000004 85.500000000000014 66.500000000000014 78.500000000000014 0.69191917777061474
decision_type=10 8 10 10 2 10 2 10 10 10 10 8 10 2
left_child=-1 5 3 10 -4 6 7 -2 -9 -10 11 13 -13 -3
right_child=1 2 4 -5 -6 -7 -8 8 9 -11 -12 12 -14 -15
leaf_value=0.0068518151753424461 -0.011023276625844564 -4.6069283528769577e-05 -0.0015168355226793467 0.0049424644530114631 0.013862023017726585 -0.01330362891340969 -0.035577831153075105 0.011116335450585834 0.029577938792849107 -0.0032503919724334342 0.0059915278172095014 0.00015131582259903239 0.015527805436143571 -0.0082737722589991958
leaf_weight=2486.2118019238114 734.94858255237341 5716.6739679947495 20095.710022412241 5869.4969421625137 353.13920605927706 891.65017634630203 75.937420561909676 550.34743475168943 66.53166201710701 2122.9753127843142 1921.4251707717776 2850.4631294757128 762.39159517735243 2328.6222675964236
leaf_count=16210 3063 25243 86317 28261 1786 4182 313 2677 279 9007 8894 13136 3777 10198
internal_value=7.2172e-05 -0.00030943 0.000199998 0.00171872 -0.00124461 -0.00487487 -0.00272685 -0.00190889 0.000567177 -0.00212291 0.000322712 -0.000615922 0.00343 -0.0024348
internal_weight=46826.5 44340.3 39897.9 19449.1 20448.8 4442.39 3550.74 3474.8 2739.85 2189.51 13579.6 11658.2 3612.85 8045.3
internal_count=213343 197133 177612 89509 88103 19521 15339 15026 11963 9286 61248 52354 16913 35441
is_linear=0
shrinkage=0.03


Tree=105
num_leaves=15
num_cat=0
split_feature=238 244 60 230 68 222 225 144 229 244 69 37 230 215
split_gain=130.234 100.024 98.2198 115.573 96.774 123.041 111.008 86.5155 114.099 113.072 79.3949 78.8254 70.695 67.7336
threshold=-0.12806522846221921 0.10770849511027338 81.500000000000014 86.500000000000014 12.500000000000002 47.500000000000007 74.500000000000014 84.500000000000014 4.5000000000000009 0.015232946723699571 6.5000000000000009 77.500000000000014 1.5000000000000002 46.500000000000007
decision_type=10 2 8 8 10 10 10 8 8 2 10 8 8 10
left_child=2 4 3 10 5 6 7 8 -2 12 -1 -11 -10 -6
right_child=1 -3 -4 -5 13 -7 -8 -9 9 11 -12 -13 -14 -15
leaf_value=0.0039945274256378682 0.0064890260793295362 0.018395950005267094 0.0067745074789657611 0.011998403367676491 0.00010774964523184545 0.0065991415172782309 -0.026977562535049859 -0.012264429715424206 -0.034587206682599722 0.0068156065813046746 -0.0015917489127018159 -0.025978302176509423 -0.0091746419371127007 -0.004151021766838534
leaf_weight=3301.7017783597112 831.00046819448471 224.45525902509689 3362.1144982278347 783.44856669008732 22412.520304270089 705.84005779027939 223.45196354389191 1264.1749872639775 97.884432926774025 634.20960068702698 7410.255388379097 63.631341844797134 1434.6598538607359 3943.9426479265094
leaf_count=16033 3692 1217 18714 4206 97231 3070 963 5548 419 2741 35958 287 5973 16694
internal_value=-4.61084e-05 -0.00112842 0.0022722 0.00095065 -0.00127283 -0.0049862 -0.00679435 -0.00569189 -0.00294672 -0.00647558 0.000132205 0.00350059 -0.0110115 -0.000530859
internal_weight=46693.3 31835.8 14857.5 11495.4 31611.3 5254.85 4549.01 4325.56 3061.39 2230.39 10712 697.841 1532.54 26356.5
internal_count=212746 137835 74911 56197 136618 22693 19623 18660 13112 9420 51991 3028 6392 113925
is_linear=0
shrinkage=0.03


Tree=106
num_leaves=15
num_cat=0
split_feature=245 190 233 24 231 224 245 248 245 77 245 248 226 120
split_gain=140.626 116.778 110.976 98.1334 97.6541 168.998 150.704 143.88 126.93 96.5345 121.748 106.528 213.819 222.16
threshold=-0.20662932842969892 90.500000000000014 69.500000000000014 99.500000000000014 92.500000000000014 7.5000000000000009 -0.072480492293834672 0.81313130259513866 -0.097461599856615053 2.5000000000000004 -0.1103546880185604 0.71212121844291698 28.500000000000004 27.500000000000004
decision_type=2 10 10 8 10 10 2 2 2 10 2 2 10 10
left_child=-1 2 3 9 6 7 -4 -6 -9 -2 -11 -12 -13 -14
right_child=1 -3 4 -5 5 -7 -8 8 -10 10 11 12 13 -15
leaf_value=0.021418927060358455 -0.0094245521244981003 0.0065315069301187401 0.0074110033123485006 0.0052649828759317747 -0.019009742904274998 0.0034813248280541427 0.0004140865003470924 0.02021750035991883 -0.021291666540266641 0.0071282916033090626 -0.0010242916240306924 -0.013105091950713306 -0.016417678255174969 0.0047047266084469588
leaf_weight=266.23916190117598 1442.28017873317 2296.5082293376327 4208.7779582589865 1827.7818326726556 794.26074257493019 1284.1025181412697 8073.9003389775753 181.4251382574439 91.9051373898983 1391.1510665938258 20295.688752740622 2102.3262507840991 571.97036047279835 1938.918548963964
leaf_count=2614 6603 10898 20374 10173 3917 6093 34565 1230 394 8003 88171 9264 2370 8537
internal_value=7.7416e-05 -4.93527e-05 -0.000392641 -0.00144996 0.00174331 -0.00384605 0.00281573 -0.01261 0.0060015 -0.00189411 -0.00147772 -0.00196103 -0.00607104 -0.000152912
internal_weight=46767.2 46501 44204.5 29570.1 14634.4 2351.69 12282.7 1067.59 273.33 27742.3 26300.1 24908.9 4613.22 2510.89
internal_count=213206 210592 199694 133121 66573 11634 54939 5541 1624 122948 116345 108342 20171 10907
is_linear=0
shrinkage=0.03


Tree=107
num_leaves=15
num_cat=0
split_feature=70 239 144 228 244 244 226 226 31 92 228 54 239 229
split_gain=109.019 133.297 111.213 110.21 89.4902 90.0683 76.3866 93.98 77.4471 75.9137 81.1554 75.4736 73.994 69.8505
threshold=9.5000000000000018 -0.029056745581328865 86.500000000000014 18.500000000000004 0.057357922196388252 0.01731023192405701 80.500000000000014 4.5000000000000009 23.500000000000004 70.500000000000014 93.500000000000014 87.500000000000014 0.01980697084218264 1.0000000180025095e-35
decision_type=8 10 10 10 2 2 10 10 10 10 10 10 10 10
left_child=2 -2 6 4 5 -4 7 8 -1 10 11 -3 13 -7
right_child=1 9 3 -5 -6 12 -8 -9 -10 -11 -12 -13 -14 -15
leaf_value=0.0030421177605211001 0.0030570954246086851 -0.00081353031001011353 -0.0032919562604846672 0.0091503716640165805 0.0088032134781463635 0.0060440432960787724 0.014445316763186999 0.0019091502408225324 0.01788780897262798 0.0069917203864931429 -0.010644155365758389 -0.0049278454135450248 0.0013243237145388396 -0.030078949267844747
leaf_weight=595.83099318295717 7058.1288726478815 24245.348295070231 646.44997851550579 464.59634881466627 242.38537160307169 51.721126511693001 657.22300847619772 5048.0449658557773 676.02934037148952 907.47858376801014 889.96481428295374 4800.1073250472546 115.43867120891809 369.58858203142881
leaf_count=3315 34184 108033 3075 2107 1603 380 2937 22087 3558 4384 4102 21168 600 1701
internal_value=4.1512e-05 -0.000659243 0.00303408 -0.00340753 -0.00753537 -0.0109282 0.00478156 0.00375537 0.011011 -0.00151041 -0.0017704 -0.00149493 -0.0198966 -0.0256071
internal_weight=46768.3 37901 8867.31 1890.18 1425.58 1183.2 6977.13 6319.91 1271.86 30842.9 29935.4 29045.5 536.748 421.31
internal_count=213234 171871 41363 9466 7359 5756 31897 28960 6873 137687 133303 129201 2681 2081
is_linear=0
shrinkage=0.03


Tree=108
num_leaves=15
num_cat=0
split_feature=76 245 231 134 37 222 231 229 140 245 46 106 120 10
split_gain=130.546 105.534 116.109 128.296 118.894 116.798 115.266 123.335 97.6373 158.063 172.359 144.961 144.96 138.916
threshold=86.500000000000014 -0.095376532524824129 82.500000000000014 43.500000000000007 19.500000000000004 64.500000000000014 22.500000000000004 8.5000000000000018 27.500000000000004 -0.044407408684492104 1.5000000000000002 75.500000000000014 99.500000000000014 5.5000000000000009
decision_type=8 2 10 10 10 10 8 10 10 2 10 10 10 10
left_child=8 6 4 5 -3 -4 7 -2 13 10 11 -10 -12 -1
right_child=1 2 3 -5 -6 -7 -8 -9 9 -11 12 -13 -14 -15
leaf_value=0.002654612376706251 -0.04022884586721328 -0.0017223275921993508 -0.021285742664477254 0.00076459370672581452 0.0077181820679670865 0.01742058997400071 0.011786973201055947 0.009894529074868914 -0.0026789173161149661 -0.0030152962231033997 0.0018478225610116608 -0.037630593601928955 0.012954132408474926 -0.0043654045842032915
leaf_weight=3293.0098838061094 73.859205797314644 2020.0056932792068 520.39370752125978 1151.9249951913953 2938.8305207192898 73.187672153115273 1739.9381440579891 86.812225379049778 282.04070135205984 8090.2303029000759 14248.91836117208 163.55482862889767 1133.0916689857841 10957.592090211809
leaf_count=15336 358 9597 2275 5641 13475 349 11280 417 1542 34943 64037 811 6059 47127
internal_value=-2.50113e-05 0.00331074 0.00153567 -0.00509952 0.00387682 -0.0163038 0.00953142 -0.0141538 -0.000777716 0.000393592 0.00213684 -0.0160522 0.00267384 -0.0027425
internal_weight=46773.4 8604.95 6704.34 1745.51 4958.84 593.581 1900.61 160.671 38168.4 23917.8 15827.6 445.596 15382 14250.6
internal_count=213247 43392 31337 8265 23072 2624 12055 775 169855 107392 72449 2353 70096 62463
is_linear=0
shrinkage=0.03


Tree=109
num_leaves=15
num_cat=0
split_feature=245 190 233 101 245 119 224 111 244 244 140 68 244 63
split_gain=127.719 125.158 126.204 123.595 115.401 90.93 115.368 135.104 128.146 114.989 113.953 199.552 90.4248 102.627
threshold=-0.20662932842969892 88.500000000000014 68.500000000000014 3.5000000000000004 -0.1093332953751087 51.500000000000007 6.5000000000000009 1.5000000000000002 0.012387854978442194 0.14015621691942218 89.500000000000014 22.500000000000004 0.094841357320547118 81.500000000000014
decision_type=2 10 8 10 2 10 10 10 2 2 10 10 2 8
left_child=-1 2 3 -2 -5 12 7 9 -9 -7 -8 -12 13 -4
right_child=1 -3 5 4 -6 6 10 8 -10 -11 11 -13 -14 -15
leaf_value=0.020872137759714318 -0.0074588795965408192 0.0063307329001168634 0.00065229664186755012 0.0082930769213729449 -0.0013908974588615693 0.0098025751085723308 0.0071308636737795099 0.0031133548180049338 -0.015487409147783841 -0.039638622812305763 -0.034391084831333865 0.0039977206863700907 0.020663563250909098 -0.0080124183434586837
leaf_weight=254.63431157171726 2916.0521856546402 2617.9398385435343 5586.8350590839982 1151.5084813088179 23853.631323188543 805.6836159825325 5803.2590778321028 558.63656585663557 806.13280919194221 34.894990719854832 157.82205729186535 438.90714282542467 163.52111318707466 1567.222735568881
leaf_count=2556 13141 12401 23635 6703 104507 4716 27043 2714 3944 192 734 2078 1092 7605
internal_value=8.98458e-05 -2.8518e-05 -0.000409587 -0.00162487 -0.000941805 0.00172112 0.00380988 -0.00210043 -0.00790636 0.00730823 0.00584659 -0.00655478 -0.000737079 -0.0012544
internal_weight=46716.7 46462 43844.1 27921.2 25005.1 15922.9 8605.34 2205.35 1364.77 840.579 6399.99 596.729 7317.58 7154.06
internal_count=213061 210505 198104 124351 111210 73753 41421 11566 6658 4908 29855 2812 32332 31240
is_linear=0
shrinkage=0.03


Tree=110
num_leaves=15
num_cat=0
split_feature=245 243 190 63 226 14 230 230 194 148 119 66 230 243
split_gain=124.089 98.4636 110.12 88.5341 109.669 127.16 89.5681 94.9759 88.1906 77.5128 81.9784 77.0583 75.7444 104.633
threshold=-0.20662932842969892 -0.0086131645366549475 81.500000000000014 75.500000000000014 2.5000000000000004 5.5000000000000009 7.5000000000000009 12.500000000000002 28.500000000000004 1.5000000000000002 97.500000000000014 47.500000000000007 1.5000000000000002 -0.049386985599994652
decision_type=2 2 8 10 8 10 10 10 8 10 10 10 8 2
left_child=-1 2 3 4 6 9 8 -8 -2 -6 -11 -5 13 -13
right_child=1 -3 -4 11 5 -7 7 -9 -10 10 -12 12 -14 -15
leaf_value=0.020884421001272514 0.014093628484573276 -0.0045918710881875397 0.0052280759824090538 -0.0034865146888750889 -0.016843270430544875 -0.0006025228676125419 -0.023793308998231712 0.0076829379490624067 0.0021355228499544804 -0.007025311563512754 0.0052280387283381753 -0.010714408045237052 0.0049710150257007762 0.0081124082989712399
leaf_weight=247.7102247402072 941.39233530312777 3829.4455848261714 3891.328461162746 1594.0988508313894 551.96126551926136 23078.867317318916 177.27759762853384 152.98781835287809 1342.8459024205804 2602.9687363356352 597.46736895292997 681.16411632299423 6553.6200043335557 422.47410785406828
leaf_count=2532 5029 16865 18753 6990 2635 101151 838 707 6819 11494 3109 3633 30493 1957
internal_value=0.000124743 9.48388e-06 0.000424207 -6.00894e-05 -0.000864483 -0.00143652 0.00498909 -0.00941538 0.00710371 -0.0065507 -0.00472866 0.00249835 0.00374721 -0.00349935
internal_weight=46665.6 46417.9 42588.5 38697.1 29445.8 26831.3 2614.5 330.265 2284.24 3752.4 3200.44 9251.36 7657.26 1103.64
internal_count=213005 210473 193608 174855 131782 118389 13393 1545 11848 17238 14603 43073 36083 5590
is_linear=0
shrinkage=0.03


Tree=111
num_leaves=15
num_cat=0
split_feature=245 66 242 76 224 244 231 120 35 224 140 226 231 193
split_gain=121.933 105.686 153.906 120.335 117.152 140.98 123.015 120.374 141.409 138.39 103.851 103.178 96.6941 90.2767
threshold=-0.20662932842969892 15.500000000000002 0.022681633941829208 87.500000000000014 82.500000000000014 0.024056177586317066 91.500000000000014 86.500000000000014 4.5000000000000009 32.500000000000007 21.500000000000004 39.500000000000007 55.500000000000007 72.500000000000014
decision_type=2 8 8 10 10 2 8 10 10 10 10 10 10 10
left_child=-1 -2 4 13 6 12 7 8 -3 -10 -8 -11 -6 -4
right_child=1 2 3 -5 5 -7 10 -9 9 11 -12 -13 -14 -15
leaf_value=0.020784159680484585 -0.0031725541864940205 -0.01050675234020087 0.00030581898457551705 0.0078335622797078043 0.00099093145778389067 -0.0047320115843418262 -0.017481196658017204 0.0042814192129158393 0.0027914707025741923 -0.011563249674370186 -0.0037901869782842779 -0.0018782075479645238 0.017679483884257035 0.0055867408424148494
leaf_weight=244.77915921807289 7950.7995828166604 1735.1246100068092 13738.992764167488 3099.9025343284011 510.80446760356426 791.88174328953028 798.31081665307283 2802.6884503141046 4221.7733711823821 1371.8338856697083 1321.2700022682548 3509.5110027045012 799.82696776092052 3687.8925436660647
leaf_count=2540 34098 7379 64798 16113 2153 3736 3603 12856 17747 5642 6117 14746 3817 17298
internal_value=8.70986e-05 -2.66874e-05 0.0006255 0.00239694 -0.0014103 0.00522548 -0.00229829 -0.00125041 -0.00268353 -0.00118247 -0.00900459 -0.00461813 0.0112321 0.00142594
internal_weight=46585.4 46340.6 38389.8 20526.8 17863 2102.51 15760.5 13640.9 10838.2 9103.12 2119.58 4881.34 1310.63 17426.9
internal_count=212643 210103 176005 98209 77796 9706 68090 58370 45514 38135 9720 20388 5970 82096
is_linear=0
shrinkage=0.03


Tree=112
num_leaves=15
num_cat=0
split_feature=245 149 119 226 106 231 224 226 63 134 249 245 248 248
split_gain=115.073 104.8 101.121 125.816 117.382 110.18 255.853 192.847 147.789 146.005 172.049 120.771 122.471 99.4791
threshold=-0.20662932842969892 24.500000000000004 49.500000000000007 93.500000000000014 10.500000000000002 91.500000000000014 16.500000000000004 4.5000000000000009 58.500000000000007 50.500000000000007 0.10606060549616815 -0.089213922619819627 0.70202019810676586 0.82323232293128978
decision_type=2 8 8 10 10 10 10 8 8 10 2 2 2 2
left_child=-1 -2 3 4 -3 7 9 -4 -9 11 -11 13 -13 -7
right_child=1 2 5 -5 -6 6 -8 8 -10 10 -12 12 -14 -15
leaf_value=0.020416443057238942 -0.0027334048909666417 -0.0075394282130757453 0.011537709521871897 0.008010001957801818 -0.00064636262485901614 -0.019215885604711679 0.0059859605277429017 -0.00087932552290357019 0.0049288512736977725 0.023255878526728207 -0.0066435792335487187 -0.010519294937793227 -0.038869756662250184 0.0060098773836738525
leaf_weight=237.42639817297459 10493.632130414248 2866.7296462804079 2074.2336849421263 1175.4256597682834 9800.202803619206 268.09331725537777 1836.0490330532193 8454.5902260169387 7374.2393022626638 195.79055288434029 1085.615238904953 258.30624438822269 308.52117089927197 277.46735461056232
leaf_count=2510 47062 12085 10726 5165 41740 1444 9116 37531 35389 955 5646 1110 1273 1535
internal_value=1.16509e-05 -9.69748e-05 0.000672592 -0.00133801 -0.00221109 0.0019301 -0.00242037 0.00295873 0.00182796 -0.00886614 -0.00193043 -0.0167673 -0.0263566 -0.00650904
internal_weight=46706.3 46468.9 35975.3 13842.4 12666.9 22132.9 4229.84 17903.1 15828.8 2393.79 1281.41 1112.39 566.827 545.561
internal_count=213287 210777 163715 58990 53825 104725 21079 83646 72920 11963 6601 5362 2383 2979
is_linear=0
shrinkage=0.03


Tree=113
num_leaves=15
num_cat=0
split_feature=245 248 231 229 231 248 71 226 226 231 226 248 248 246
split_gain=129.309 250.181 143.469 299.773 214.523 193.96 190.259 148.939 135.046 126.863 151.829 127.923 152.581 161.931
threshold=-0.075731933116912828 0.58080807328224193 64.500000000000014 28.500000000000004 53.500000000000007 0.60101011395454418 14.500000000000002 98.500000000000014 37.500000000000007 92.500000000000014 10.500000000000002 0.8636363446712495 0.80303028225898754 0.012296227738261225
decision_type=2 2 10 10 8 2 10 10 8 10 8 2 2 2
left_child=1 -1 4 9 5 -3 -7 8 -5 10 -4 12 13 -12
right_child=-2 2 3 7 -6 6 -8 -9 -10 -11 11 -13 -14 -15
leaf_value=0.011473689815493767 -0.00097542934795696748 0.021833883979461021 0.01405479868695078 0.0011809868230683602 -0.013226025917142194 0.008389760140853561 -0.0060553932694020051 -0.010782741732123947 0.026359676520078187 -0.0049222631911130391 -0.035143245215921513 -0.01837356074215115 0.01568696789763287 0.0025613332953823443
leaf_weight=2309.685398414731 33290.937419265509 343.06533686071634 981.52054856717587 248.14358865469694 1337.1344479620457 1198.5555623322725 2547.4923858866096 147.57803206890821 847.76583648473024 2142.6699991673231 131.02093423902988 300.18708799779415 477.6510464400053 371.08625108748674
leaf_count=13054 144925 1740 5770 1230 6245 5482 11217 927 4406 12107 605 1458 2267 1767
internal_value=2.578e-05 0.00251511 0.000637944 0.00398161 -0.00284306 0.000576138 -0.00142361 0.0169257 0.0207208 0.00029684 0.00524168 -0.00157318 0.0037079 -0.00777151
internal_weight=46674.5 13383.6 11073.9 5647.62 5426.25 4089.11 3746.05 1243.49 1095.91 4404.14 2261.47 1279.95 979.758 502.107
internal_count=213200 68275 55221 30537 24684 18439 16699 6563 5636 23974 11867 6097 4639 2372
is_linear=0
shrinkage=0.03


Tree=114
num_leaves=15
num_cat=0
split_feature=245 231 245 246 224 231 226 226 246 243 231 231 231 246
split_gain=119.123 134.5 152.855 170.498 101.914 149.659 116.427 121.864 203.778 166.244 232.174 146.294 167.655 165.368
threshold=-0.099302399903535829 22.500000000000004 -0.1044003665447235 0.043514963239431388 1.5000000000000002 95.500000000000014 54.500000000000007 14.500000000000002 0.093128409236669554 -0.074706334620714174 54.500000000000007 73.500000000000014 68.500000000000014 0.025492586195468906
decision_type=2 8 2 2 8 10 8 10 2 2 10 10 10 2
left_child=1 2 3 -1 5 -3 7 8 -6 10 -9 12 13 -11
right_child=-2 4 -4 -5 6 -7 -8 9 -10 11 -12 -13 -14 -15
leaf_value=-0.028009532640708878 -0.00062000575537115611 0.025052997599912728 0.015268023245619589 0.018101536772351944 0.014360319047782937 0.00091554972093367938 0.013938783473565235 0.017679346102170045 -0.0088202820292828683 -0.015682891440119931 -0.029648554708201214 0.030198190682931447 -0.028615298317091271 0.012453201595046391
leaf_weight=340.16507239639759 41214.410122714937 522.97626802325249 155.68777272105217 83.474257290363312 1065.8597146868706 409.67255394905806 774.95681985467672 114.27120096236467 491.86594977974892 268.96730780601501 390.35313951224089 132.4409274160862 169.18653365969658 567.87006465345621
leaf_count=1608 181473 3720 763 475 6401 3256 4788 611 2894 1235 1927 742 731 2778
internal_value=-6.6831e-05 0.00408123 -0.00947896 -0.0187159 0.00569772 0.0145726 0.00358447 0.00104196 0.00703126 -0.00464437 -0.018796 0.00173736 -0.00226979 0.00333159
internal_weight=46702.2 5487.75 579.327 423.639 4908.42 932.649 3975.77 3200.81 1557.73 1643.09 504.624 1138.46 1006.02 836.837
internal_count=213402 31929 2846 2083 29083 6976 22107 17319 9295 8024 2538 5486 4744 4013
is_linear=0
shrinkage=0.03


Tree=115
num_leaves=15
num_cat=0
split_feature=245 248 228 230 244 245 143 106 230 248 245 231 222 59
split_gain=115.045 220.309 166.816 159.327 227.703 177.368 161.777 148.869 138.72 135.815 216.04 213.392 154.736 145.952
threshold=-0.075731933116912828 0.58080807328224193 27.500000000000004 3.5000000000000004 0.0054493614006787547 -0.079221799969673143 72.500000000000014 81.500000000000014 67.500000000000014 0.84343436360359203 -0.09345242008566855 77.500000000000014 4.5000000000000009 6.5000000000000009
decision_type=2 2 10 8 2 2 8 10 10 2 2 10 10 10
left_child=1 -1 3 4 -3 7 -5 9 -8 11 -11 12 -6 -13
right_child=-2 2 -4 6 5 -7 8 -9 -10 10 -12 13 -14 -15
leaf_value=0.01067606019909334 -0.0010787606335633541 0.025215417453370019 0.0089413504147583967 -0.0072764315401717787 -8.3698129669228233e-05 0.033052191922408942 0.00053603426075222429 -0.029070390748485095 0.027460211609646422 0.024436771194563948 -0.015107666641108844 0.0047001049784471532 0.032009620281372879 -0.01666376445460108
leaf_weight=2284.3657885342836 33419.204358801246 399.88761838525534 1744.6964564844966 4183.7803725153208 344.59225677698851 138.99412631988525 1798.2360872775316 145.49524381756783 180.51792154461145 434.19392470270395 164.88706129789352 425.85285713523626 212.46410144120455 854.79726466536522
leaf_count=12990 145423 2263 8906 18496 1724 671 9018 793 1006 3031 749 2964 1057 4404
internal_value=-0.000139305 0.00221806 0.00045803 -0.00114416 0.00436942 0.00122503 -0.0039392 -0.000608996 0.003118 0.00120224 0.0134835 -0.00285268 0.0125055 -0.00957829
internal_weight=46732 13312.8 11028.4 9283.7 3121.16 2721.28 6162.53 2582.28 1978.75 2436.79 599.081 1837.71 557.056 1280.65
internal_count=213495 68072 55082 46176 17656 15393 28520 14722 10024 13929 3780 10149 2781 7368
is_linear=0
shrinkage=0.03


Tree=116
num_leaves=15
num_cat=0
split_feature=245 244 243 245 55 243 244 244 143 245 245 246 244 226
split_gain=106.498 134.269 298.846 221.582 196.551 104.583 138.197 102.182 135.149 120.367 136.971 127.395 126.788 111.62
threshold=-0.075731933116912828 0.0029924191767349844 -0.04516449756920337 -0.079221799969673143 37.500000000000007 -0.05421908758580684 0.054733078926801688 0.02181983552873135 72.500000000000014 -0.096528802067041383 -0.085616555064916597 0.020948519930243496 0.017720391973853115 51.500000000000007
decision_type=2 2 2 2 8 2 2 2 10 2 2 2 2 10
left_child=1 2 -1 7 -4 6 -2 8 9 13 12 -12 -11 -3
right_child=5 3 4 -5 -6 -7 -8 -9 -10 10 11 -13 -14 -15
leaf_value=0.0068007302629131249 -0.011307426553906191 0.0025281706778816091 -0.032198603303948428 0.014885460112820955 0.013486240037698025 -0.00045905603633291585 0.017176675502869145 -0.0019825169650938999 0.010123700176372494 -0.012232953634250181 0.014993519331280698 -0.0066160232375093901 0.016248199382875084 0.018624943927243894
leaf_weight=615.18284333497286 1430.9787660241127 1701.1572540551424 434.6256445646286 1307.9143337905407 98.764282882213593 31711.556282401085 162.60780070722103 3956.3718613609672 2225.9216066598892 1310.6966507434845 532.09183245897293 440.75057459622622 148.75066247582436 493.77726486325264
leaf_count=3094 6185 8687 1865 6121 460 137912 846 22479 12255 5714 2295 1962 657 2444
internal_value=6.82562e-05 0.00234034 -0.00742103 0.00327094 -0.0236469 -0.000837184 -0.00831195 0.00185317 0.0040672 0.00113818 -0.00345206 0.00523552 -0.00923926 0.00621738
internal_weight=46571.1 13266 1148.57 12117.4 533.39 33305.1 1593.59 10809.5 6853.15 4627.22 2432.29 972.842 1459.45 2194.93
internal_count=212976 68033 5419 62614 2325 144943 7031 56493 34014 21759 10628 4257 6371 11131
is_linear=0
shrinkage=0.03


Tree=117
num_leaves=15
num_cat=0
split_feature=245 101 57 233 63 230 52 29 245 120 245 248 176 78
split_gain=111.934 98.0878 125.458 92.6407 89.3958 87.5002 92.5038 85.0891 96.4638 107.254 80.7245 80.0973 77.581 80.737
threshold=-0.20662932842969892 4.5000000000000009 60.500000000000007 59.500000000000007 62.500000000000007 10.500000000000002 8.5000000000000018 10.500000000000002 -0.047014810144901269 64.500000000000014 -0.044003877788782113 0.82323232293128978 15.500000000000002 10.500000000000002
decision_type=2 8 10 8 10 10 10 8 2 10 2 2 10 10
left_child=-1 3 4 -2 -3 -4 -7 12 9 -9 -8 -5 -6 -14
right_child=1 2 5 11 7 6 10 8 -10 -11 -12 -13 13 -15
leaf_value=0.020034446547620169 -0.0072715468466005026 -0.0023335781561670825 0.0066282632132719345 -0.0025196474314979622 0.0032986652846847468 -0.0057901304927016487 0.0044984076122376463 0.0012457811146947427 -0.0013559769692082198 0.010462046715065653 -0.0010391328422267507 0.0094769410034019029 -0.038387040279163981 -0.0062776766748177644
leaf_weight=238.18808165937662 3156.0858787670732 15523.864887446165 3584.5676357969642 2213.3138100281358 876.5318369269371 1452.188710398972 5943.102956391871 2407.8421583101153 2945.1770234107971 2147.4996382594109 3930.326634824276 636.56005984544754 64.971432007849216 1364.3379409238696
leaf_count=2567 14164 68939 18072 10153 4343 6332 26955 10650 12892 10610 17210 3273 289 6140
internal_value=-5.88033e-05 -0.000166601 0.000367463 -0.00373954 -0.000917667 0.00254986 0.00125434 0.00132387 0.00287288 0.00560395 0.00229525 0.00018373 -0.00370544 -0.00799382
internal_weight=46484.6 46246.4 40240.4 6005.96 25330.2 14910.2 11325.6 9806.36 7500.52 4555.34 9873.43 2849.87 2305.84 1429.31
internal_count=212589 210022 182432 27590 113863 68569 50497 44924 34152 21260 44165 13426 10772 6429
is_linear=0
shrinkage=0.03


Tree=118
num_leaves=15
num_cat=0
split_feature=57 243 228 228 243 122 121 76 178 121 248 143 248 80
split_gain=91.412 87.3677 99.3753 154.586 141.969 124.743 113.861 111.1 114.601 110.722 115.65 105.986 110.535 98.5506
threshold=70.500000000000014 -0.021186019293963906 93.500000000000014 47.500000000000007 -0.023380268365144726 21.500000000000004 63.500000000000007 92.500000000000014 12.500000000000002 18.500000000000004 0.29797980189323431 45.500000000000007 0.7929292917251588 63.500000000000007
decision_type=8 2 10 8 2 10 10 10 8 10 2 8 2 10
left_child=1 2 3 4 5 11 -5 8 13 -6 -11 12 -1 -7
right_child=-2 -3 -4 6 9 7 -8 -9 -10 10 -12 -13 -14 -15
leaf_value=0.0025632205578808107 0.0019824123521706748 -0.0031274104763077673 -0.017047974904458273 0.001348475492060286 -0.014718049033082256 -0.0073155597170745674 0.012176722564462873 0.0064791171012921773 -0.0017078604925781621 -0.0037974170899431488 0.021917820741534443 0.011905364754742952 -0.02296670464767769 -0.034644416922550235
leaf_weight=1230.5103086307645 15170.069961965084 10233.52718809247 284.88588874042034 1952.827088445425 123.49958702921867 2689.8114300891757 1576.1551703214645 1152.8052779361606 10064.961623072624 212.30274894833565 570.62172557413578 1078.4225574359298 164.05292860418558 115.29052274674177
leaf_count=5359 72311 44328 1349 8686 531 12705 7478 5739 44905 899 2586 5178 698 515
internal_value=7.04397e-05 -0.000852157 0.00024626 0.000489672 -0.000672321 -0.00131006 0.00620546 -0.00240606 -0.00320634 0.0108213 0.0149848 0.00488941 -0.000582189 -0.00855786
internal_weight=46619.7 31449.7 21216.1 20931.3 17402.3 16495.9 3528.98 14022.9 12870.1 906.424 782.924 2472.99 1394.56 2805.1
internal_count=213267 140956 96628 95279 79115 75099 16164 63864 58125 4016 3485 11235 6057 13220
is_linear=0
shrinkage=0.03


Tree=119
num_leaves=15
num_cat=0
split_feature=136 68 139 78 232 138 242 120 63 243 243 242 35 146
split_gain=94.1305 98.3214 119.935 118.564 108.74 104.088 118.24 89.5061 77.5434 75.3691 71.0667 71.0207 83.0169 66.0842
threshold=3.5000000000000004 17.500000000000004 39.500000000000007 32.500000000000007 78.500000000000014 64.500000000000014 0.019894827157258991 92.500000000000014 49.500000000000007 -0.035650614649057381 -0.057016929611563676 0.025823353789746765 69.500000000000014 94.500000000000014
decision_type=8 8 8 10 10 10 8 10 8 2 2 8 10 10
left_child=11 5 4 10 8 6 -2 -5 -3 -7 -4 -1 -13 -8
right_child=1 2 3 7 -6 9 13 -9 -10 -11 -12 12 -14 -15
leaf_value=0.00096897991046616982 -0.0067696482309244303 -0.00196758584347118 0.011511172421927793 -0.0032051511308230224 0.0084730112977243685 0.0052506945234192977 0.00087745983200141289 0.006146371297942997 0.0040650539305765419 -0.032432350887509807 0.0012603228205846128 0.0097964015053370133 -0.0093473390643769912 -0.012005599023095812
leaf_weight=3403.9140419363976 3692.6292118281126 3553.2890801280737 662.5774507150054 12822.217265993357 2501.1541256457567 61.744499430060387 5597.0675837621093 983.24032238870859 4144.4505551680923 168.857960537076 6449.6825857460499 1993.2308171838522 219.0556877553463 372.81123737990856
leaf_count=16949 15500 15541 3683 55103 11283 293 25862 4675 19103 714 29426 11956 1241 1958
internal_value=5.65878e-05 -0.000442528 0.000385943 -0.000914621 0.00305166 -0.00304606 -0.00255791 -0.00253516 0.00128144 -0.0225437 0.00223011 0.00369546 0.0078673 5.41981e-05
internal_weight=46625.9 41009.7 31116.6 20917.7 10198.9 9893.11 9662.51 13805.5 7697.74 230.602 7112.26 5616.2 2212.29 5969.88
internal_count=213287 183141 138814 92887 45927 44327 43320 59778 34644 1007 33109 30146 13197 27820
is_linear=0
shrinkage=0.03


Tree=120
num_leaves=15
num_cat=0
split_feature=245 190 70 144 243 242 77 84 248 232 106 122 248 143
split_gain=111.47 96.9447 91.6254 126.167 92.3735 106.112 90.2242 87.1799 85.2817 76.7361 98.5737 79.2633 78.8741 142.535
threshold=-0.20662932842969892 90.500000000000014 9.5000000000000018 89.500000000000014 -0.0086131645366549475 0.013704070355743172 19.500000000000004 24.500000000000004 0.4797979891300202 87.500000000000014 90.500000000000014 95.500000000000014 0.69191917777061474 53.500000000000007
decision_type=2 10 8 10 2 8 10 10 2 8 10 10 2 10
left_child=-1 2 3 -2 5 6 -4 -5 -6 11 -11 12 -7 -14
right_child=1 -3 4 7 8 9 -8 -9 -10 10 -12 -13 13 -15
leaf_value=0.020296434653871188 0.0039553062218700358 0.0058972431637228304 -0.015709926665490655 -0.010164139939241097 -0.0045815281196899911 -0.00053999596542014783 -0.0017017445491793219 0.0061747825168309567 -0.023073554870766348 0.0039099264670054319 -0.016765458308755359 0.0041842609594039759 -0.010395295800878956 -0.00031572834973199161
leaf_weight=231.19571135938168 7146.1818904951215 2258.4734658822417 743.34899911284447 1061.065219655633 2929.3538261950016 17916.56592849642 924.26530735194683 397.3598220795393 234.25031942874193 5005.3219545632601 206.7340585142374 2452.3093401715159 2249.3284807428718 2863.6999640464783
leaf_count=2538 32597 10804 3160 5078 12843 79079 3984 1956 1039 24111 993 12001 9631 13461
internal_value=-4.537e-05 -0.000151105 -0.000461913 0.00231395 -0.00113472 -0.000655516 -0.0080024 -0.00570073 -0.00601917 -0.00025388 0.00305931 -0.000932493 -0.00147893 -0.00476158
internal_weight=46619.5 46388.3 44129.8 8604.61 35525.2 32361.6 1667.61 1458.43 3163.6 30694 5212.06 25481.9 23029.6 5113.03
internal_count=213275 210737 199933 39631 160302 146420 7144 7034 13882 139276 25104 114172 102171 23092
is_linear=0
shrinkage=0.03


Tree=121
num_leaves=15
num_cat=0
split_feature=245 248 231 229 231 230 243 248 226 243 248 9 119 226
split_gain=106.805 219.549 142.164 267.819 195.48 198.191 244.453 172.911 157.606 141.552 139.912 132.653 129.779 155.089
threshold=-0.075731933116912828 0.58080807328224193 64.500000000000014 28.500000000000004 53.500000000000007 3.5000000000000004 -0.069890197366476045 0.60101011395454418 98.500000000000014 -0.05421908758580684 0.68181815743446361 16.500000000000004 96.500000000000014 16.500000000000004
decision_type=2 2 10 10 8 8 2 2 10 2 2 10 8 8
left_child=1 -1 4 -4 5 6 -3 -7 -5 -2 11 -6 13 -9
right_child=9 2 3 8 10 7 -8 12 -10 -11 -12 -13 -14 -15
leaf_value=0.010686271714915258 -0.0096527963593178549 -0.022537550181173659 0.00034328685202416259 0.020292282954373797 -0.0018158127714714583 0.018564449574020279 0.027527562609889443 -0.022950376092882366 -0.011885013589677968 -0.00052306001040794013 -0.0069194143324424976 -0.040942403768578911 0.013002926560341114 -0.0035105206222643339
leaf_weight=2272.3175129443407 1595.9000593647361 102.43217715620995 4382.7413582205772 1060.6606479883194 114.29142624139786 315.3547136709094 416.11348593980074 425.73521343618631 150.42802533507347 31715.078384771943 970.52936944365501 242.17084803432226 336.26183082908392 2462.3130530565977
leaf_count=13024 7049 490 23998 5579 660 1592 2084 1924 941 137946 4409 1128 1722 10545
internal_value=-5.69981e-05 0.00222006 0.00045969 0.00380587 -0.00301673 0.000260305 0.0173985 -0.00229231 0.016231 -0.000963223 -0.0129656 -0.0287892 -0.00438331 -0.00644551
internal_weight=46562.3 13251.3 10979 5593.83 5385.2 4058.21 518.546 3539.66 1211.09 33311 1326.99 356.462 3224.31 2888.05
internal_count=213091 68096 55072 30518 24554 18357 2574 15783 6520 144995 6197 1788 14191 12469
is_linear=0
shrinkage=0.03


Tree=122
num_leaves=15
num_cat=0
split_feature=238 171 231 231 56 224 14 120 244 248 248 248 224 105
split_gain=98.9141 91.8139 89.3347 162.649 147.329 115.024 129.846 108.926 100.592 92.8546 86.2155 162.247 123.474 85.525
threshold=-0.10773492231965064 25.500000000000004 92.500000000000014 97.500000000000014 29.500000000000004 4.5000000000000009 6.5000000000000009 98.500000000000014 0.0075186230242252359 0.84343436360359203 0.60101011395454418 0.81313130259513866 27.500000000000004 32.500000000000007
decision_type=10 10 10 10 10 8 8 8 2 2 2 2 8 10
left_child=2 -2 5 4 10 8 7 -7 -1 -5 -4 12 -12 -8
right_child=1 -3 3 9 -6 6 13 -9 -10 -11 11 -13 -14 -15
leaf_value=0.021467176330041571 -0.004036908199846553 -6.3264263436728631e-05 -0.004687616872266983 0.00097885799455802672 0.0051625604120849166 -0.0056135011221085272 0.0054269388087051932 0.0072151894042607693 0.005393402709497376 0.021522481729885901 -0.037758187112806672 -0.0051332224167082857 0.012855860346168322 0.00029782551335406785
leaf_weight=461.8002301864326 7376.6847712621093 17952.3854714185 516.28006286174059 1677.765910230577 467.77850186824799 3122.1307873427868 6601.0524649769068 726.50255369395018 1405.4060785844922 214.68308784812689 393.79845930635929 352.10829893499613 43.726952932775021 5250.9866113439202
leaf_count=2519 31330 77960 2726 9391 2479 14075 31117 3795 7738 1639 1842 1816 199 24545
internal_value=4.41318e-05 -0.00122166 0.0015539 -0.00270049 -0.00920294 0.00244276 0.0016025 -0.00317942 0.00946197 0.00341025 -0.0143488 -0.0205279 -0.0325255 0.00315668
internal_weight=46563.1 25329.1 21234 3666.14 1773.69 17567.9 15700.7 3848.63 1867.21 1892.45 1305.91 789.634 437.525 11852
internal_count=213171 109290 103881 20092 9062 83789 73532 17870 10257 11030 6583 3857 2041 55662
is_linear=0
shrinkage=0.03


Tree=123
num_leaves=15
num_cat=0
split_feature=242 63 243 124 229 47 230 61 228 243 243 242 229 246
split_gain=96.4127 95.2981 99.4569 88.344 104.037 101.765 84.9375 107.318 97.4544 100.55 193.53 129.942 122.656 116.797
threshold=0.031649684533476836 72.500000000000014 -0.098864674568176256 65.500000000000014 73.500000000000014 59.500000000000007 1.5000000000000002 31.500000000000004 27.500000000000004 -0.023380268365144726 -0.021837558597326275 0.013352506328374149 66.500000000000014 0.062007337808609016
decision_type=8 10 2 8 8 8 8 10 10 2 2 10 10 2
left_child=1 6 -3 4 -2 -6 7 -1 9 12 -11 -12 13 -8
right_child=3 2 -4 -5 5 -7 8 -9 -10 10 11 -13 -14 -15
leaf_value=0.0089050250163644606 0.0023457865103197108 0.02480026996606419 0.0013939790341445902 0.0060845758445347573 -0.016672110344660915 0.00064732324653032371 -0.0038051353174730772 -0.0045632290256375392 -0.00020739380857523354 0.020908549392867008 -0.026118439897718473 0.00029425607835969824 -0.031281111511104416 -0.014739827430660586
leaf_weight=1425.5508073568344 4809.1120541840792 156.06181794404984 10349.299171127379 4058.239051092416 562.80516539514065 652.34881627559662 8598.0657607093453 838.54950891435146 11715.487714439631 379.44812271744013 176.29346407949924 1671.7054303139448 152.08359552919865 971.66604007780552
leaf_count=7685 22772 1118 46838 23108 2468 3287 36667 3952 50318 1646 720 7078 660 4645
internal_value=7.4217e-05 -0.00064438 0.00176494 0.00266901 0.000361849 -0.00744487 -0.00162085 0.00391869 -0.00215227 -0.00405733 0.00168583 -0.00235245 -0.00537357 -0.00492962
internal_weight=46516.7 36434.2 10505.4 10082.5 6024.27 1215.15 25928.9 2264.1 23664.8 11949.3 2227.45 1848 9721.82 9569.73
internal_count=212962 161327 47956 51635 28527 5755 113371 11637 101734 51416 9444 7798 41972 41312
is_linear=0
shrinkage=0.03


Tree=124
num_leaves=15
num_cat=0
split_feature=245 60 245 231 245 243 249 231 246 246 231 148 47 245
split_gain=106.31 95.2277 88.3737 80.4367 129.083 189.16 159.798 108.323 104.486 93.2577 92.2388 90.2709 151.755 86.8282
threshold=-0.20662932842969892 68.500000000000014 -0.095376532524824129 26.500000000000004 -0.1044003665447235 -0.020365168340504166 0.015151515137404205 31.500000000000004 0.043514963239431388 0.004732460482046009 24.500000000000004 12.500000000000002 2.5000000000000004 -0.099302399903535829
decision_type=2 10 2 10 2 2 2 10 2 2 10 8 8 2
left_child=-1 3 -3 4 8 6 -6 -5 10 -7 -2 12 -9 -13
right_child=1 2 -4 7 5 9 -8 11 -10 -11 -12 13 -14 -15
leaf_value=0.019830480433494602 -0.027879351363527611 0.0077655563958410742 0.0009255089418714359 -0.0093179900896270904 0.021892419487395783 -0.030260811702469796 0.0042877004290405264 -0.01818708883798072 0.010695134775991766 -0.0019910993572000387 0.012328775559128258 0.0053953479170801063 -0.002555922236767828 -0.0013225982056508606
leaf_weight=230.70131246745586 303.50107122957706 1955.583767965436 12611.45242524147 1681.3745697811246 515.34787958860397 98.320737466216087 4062.5009902566671 710.51134896278381 113.41271873563528 3551.120311036706 55.431733213365078 1928.9021573737264 2513.4436149522662 16186.828169219196
leaf_count=2591 1445 11823 57167 7352 2149 402 17932 3336 775 15264 259 10661 11286 70675
internal_value=-5.53567e-05 -0.000158731 0.00184846 -0.00108078 0.00137558 0.00225734 0.00631294 -0.00200923 -0.0137113 -0.00283333 -0.021504 -0.00142928 -0.00604638 -0.000604712
internal_weight=46518.4 46287.7 14567 31720.7 8699.64 8227.29 4577.85 23021.1 472.346 3649.44 358.933 21339.7 3223.95 18115.7
internal_count=213117 210526 68990 141536 38226 35747 20081 103310 2479 15666 1704 95958 14622 81336
is_linear=0
shrinkage=0.03


Tree=125
num_leaves=15
num_cat=0
split_feature=239 70 222 144 248 81 70 240 243 248 229 230 4 106
split_gain=91.2714 79.0861 99.6137 162.557 84.3542 83.3382 76.7981 75.5991 73.9126 93.7362 97.6392 85.5211 110.734 73.4153
threshold=-0.042499942705035203 11.500000000000002 30.500000000000004 87.500000000000014 0.7222222387790681 63.500000000000007 79.500000000000014 0.039058208465576179 -0.051040830090641968 0.77272728085517894 44.500000000000007 5.5000000000000009 2.5000000000000004 90.500000000000014
decision_type=10 8 10 10 2 10 10 10 2 2 8 10 10 10
left_child=-1 2 3 8 -4 6 13 -5 -2 -10 11 -11 -13 -3
right_child=1 5 4 7 -6 -7 -8 -9 9 10 -12 12 -14 -15
leaf_value=0.0042416056100327343 0.0085964396360813274 -0.00098987057320342234 0.0052632897783472044 -0.011216503667874553 0.022566777231393317 0.0018115442826983083 -0.0063477194413267416 0.011882485265130379 0.002845594288246666 0.0041244047768381528 0.029285235660230856 0.0074633944277575732 -0.027106274147543945 -0.014115604834128288
leaf_weight=4321.1079388484359 1383.6824655085802 22695.697012647986 2178.6598747968674 1238.6448711901903 279.06231831759214 7392.5171348527074 2947.8375539779663 133.85077136009932 2887.1093241721392 194.66358264535666 45.31945013999939 103.20084166526794 356.00068634748459 380.19167137145996
leaf_count=22769 7202 101532 9615 5979 1267 33869 12815 797 12454 912 196 486 1503 1869
internal_value=9.41245e-05 -0.000331299 0.00219739 0.000207271 0.0073115 -0.00099769 -0.00179609 -0.00889415 0.00273351 0.000453829 -0.00932323 -0.0124 -0.0193436 -0.00121215
internal_weight=46537.5 42216.4 8800.19 6342.47 2457.72 33416.2 26023.7 1372.5 4969.98 3586.29 699.185 653.865 459.202 23075.9
internal_count=213265 190496 40411 29529 10882 150085 116216 6776 22753 15551 3097 2901 1989 103401
is_linear=0
shrinkage=0.03


Tree=126
num_leaves=15
num_cat=0
split_feature=245 248 228 226 245 245 228 231 230 226 18 231 248 231
split_gain=95.4962 199.735 162.741 144.712 147.028 155.185 122.652 166.6 122.567 183.184 127.298 121.391 129.578 101.888
threshold=-0.075731933116912828 0.58080807328224193 27.500000000000004 6.5000000000000009 -0.079861443489789949 -0.099302399903535829 5.5000000000000009 52.500000000000007 22.500000000000004 24.500000000000004 23.500000000000004 22.500000000000004 0.59090909361839306 24.500000000000004
decision_type=2 2 10 8 2 2 10 10 8 8 10 10 2 10
left_child=1 -1 3 4 5 11 7 -7 -4 -10 -11 -3 -13 -8
right_child=-2 2 8 -5 -6 6 13 -9 9 10 -12 12 -14 -15
leaf_value=0.010268805008432453 -0.00086993305474448708 -0.026395474495707442 0.026073782961305154 -0.0035958437881104285 0.02725693464705228 0.019826735114263885 -0.025849548157694871 -0.017631859763675383 -0.03082370973764666 0.015737028965046727 -0.0030797589889866518 -0.021005930840717713 0.01401248630684622 0.015441803893151657
leaf_weight=2247.421955190599 33376.506433598697 71.975650191307068 297.46233112365007 6431.4188092276454 225.64465856552124 117.51265946030617 55.20908984541893 690.46203123778105 107.57117994129658 802.10587763786316 533.18881089240313 94.276683263480663 1223.1047450341284 311.60392961651087
leaf_count=13003 145336 343 1617 29803 1106 564 236 3116 490 4145 2720 868 8697 1492
internal_value=-1.54422e-05 0.00214272 0.000468801 -0.0011219 0.00457385 0.00247961 -0.00552147 -0.0120081 0.00885546 0.00515069 0.00825636 0.00923613 0.0113671 0.00870596
internal_weight=46585.5 13209 10961.5 9221.21 2789.79 2564.14 1174.79 807.975 1740.33 1442.87 1335.29 1389.36 1317.38 366.813
internal_count=213536 68200 55197 46225 16422 15316 5408 3680 8972 7355 6865 9908 9565 1728
is_linear=0
shrinkage=0.03


Tree=127
num_leaves=15
num_cat=0
split_feature=70 239 144 224 230 242 244 226 229 226 230 248 226 226
split_gain=83.8612 111.557 91.3241 91.0171 173.026 94.005 78.3646 94.9358 73.7687 133.499 87.3221 86.7418 93.6957 69.6885
threshold=9.5000000000000018 -0.014974247198551891 86.500000000000014 25.500000000000004 30.500000000000004 0.02837224863469601 0.015232946723699571 80.500000000000014 35.500000000000007 43.500000000000007 6.5000000000000009 0.59090909361839306 9.5000000000000018 9.5000000000000018
decision_type=10 10 10 10 10 8 2 10 8 8 8 2 10 8
left_child=2 -2 6 4 5 -4 7 8 9 10 11 12 -1 -3
right_child=1 13 3 -5 -6 -7 -8 -9 -10 -11 -12 -13 -14 -15
leaf_value=0.0054776544664650846 0.0015415803538964237 0.0019265126003196382 -0.0054752423203077334 0.0089411632227603625 -0.024669401901913489 0.015642216967652663 0.0078028971504484589 0.015880379893395878 -0.0079113713576875778 0.014117619734833638 -0.0054124662561706059 0.0113967205330321 -0.028154711674074944 -0.0025680148666439432
leaf_weight=186.47938617318869 14025.604909725487 3688.3396329060197 853.7868117839098 413.86433171480894 357.30057490617037 233.14149468019605 3036.4221640825272 369.50864417850971 800.25390387326479 661.58321490138769 1537.7547232359648 726.09801256284118 111.42313888669014 19402.476943396032
leaf_count=900 65182 17736 4491 1875 1550 1482 15467 1621 3630 2829 6664 3706 474 85079
internal_value=7.00458e-05 -0.000568049 0.00261795 -0.00331751 -0.00686773 -0.000844331 0.00410485 0.00153692 0.000183579 0.00221155 -0.000906173 0.00584788 -0.00760756 -0.00184957
internal_weight=46404 37116.4 9287.62 1858.09 1444.23 1086.93 7429.52 4393.1 4023.59 3223.34 2561.76 1024 297.903 23090.8
internal_count=212686 167997 44689 9398 7523 5973 35291 19824 18203 14573 11744 5080 1374 102815
is_linear=0
shrinkage=0.03


Tree=128
num_leaves=15
num_cat=0
split_feature=245 230 222 222 230 226 52 245 249 243 245 140 121 243
split_gain=102.482 144.213 123.054 161.164 166.875 141.539 223.284 173.713 158.119 137.931 131.299 129.388 200.523 146.015
threshold=-0.044407408684492104 80.500000000000014 93.500000000000014 40.500000000000007 78.500000000000014 6.5000000000000009 13.500000000000002 -0.09345242008566855 0.6414141356945039 -0.023380268365144726 -0.10519218072295188 89.500000000000014 36.500000000000007 -0.039150368422269814
decision_type=2 8 10 10 10 10 10 2 2 2 2 10 10 2
left_child=1 2 3 4 5 11 7 8 10 -4 -7 13 -13 -1
right_child=-2 -3 9 -5 -6 6 -8 -9 -10 -11 -12 12 -14 -15
leaf_value=0.001737180195415052 -0.0020736359417835612 0.0058783494727172115 -0.031183936104854489 0.0054327534097084011 -0.020823316024635493 -0.0013454393390194947 0.00087227631133795667 -0.0099834916494328137 -0.013758001154759588 0.013858805698142971 0.016062554039621282 -0.038774387684833482 0.0074929218982498266 0.012928169950645701
leaf_weight=3234.7808671444654 13293.369463399053 4745.510691575706 210.23043221235275 4806.7074740901589 351.34960979223251 1048.691698692739 11791.461518667638 3899.8050167113543 515.65626236796379 78.039495825767517 609.47500815242529 146.29940938949585 177.24905662238598 1545.8451192900538
leaf_count=18185 57774 24097 972 21934 1478 5414 51815 16497 2713 374 2734 635 1075 7289
internal_value=0.000150919 0.00104304 0.000233739 0.000436847 -0.000594767 -0.000276413 -0.0015354 -0.00620346 0.000592523 -0.0189343 0.00511097 0.00412454 -0.0139631 0.00537529
internal_weight=46454.5 33161.1 28415.6 28127.3 23320.6 22969.3 17865.1 6073.63 2173.82 288.27 1658.17 5104.17 323.548 4780.63
internal_count=212986 155212 131115 129769 107835 106357 79173 27358 10861 1346 8148 27184 1710 25474
is_linear=0
shrinkage=0.03


Tree=129
num_leaves=15
num_cat=0
split_feature=245 242 233 231 228 243 249 226 243 248 224 222 248 63
split_gain=99.602 87.1933 114.103 86.1305 168.258 162.184 139.103 107.737 144.673 91.1847 90.2824 89.4244 88.7534 84.3256
threshold=-0.20662932842969892 0.019275595434010032 19.500000000000004 86.500000000000014 10.500000000000002 -0.044017514213919633 0.83333334326744091 4.5000000000000009 -0.04516449756920337 0.81313130259513866 16.500000000000004 89.500000000000014 0.59090909361839306 50.500000000000007
decision_type=2 8 10 10 10 2 2 10 2 2 10 10 2 10
left_child=-1 2 -2 7 6 -6 9 8 10 -5 -4 -7 -10 -3
right_child=1 13 3 4 5 11 -8 -9 12 -11 -12 -13 -14 -15
leaf_value=0.019467146782894712 -0.0066236872467926155 -0.00068051279060848101 0.003922715430390405 -0.023426311003566156 0.023550742675939873 0.00089875739773971305 0.017237406533903297 -6.2788413341040414e-05 0.0037679282991308002 -0.0027207051583715831 -0.035961675379118159 -0.025028939778386279 0.031211491595105029 0.002341944054431948
leaf_weight=225.85665559396148 3691.0603157505393 17798.64735365659 213.40280912071466 685.36281509697437 247.82574295252562 658.93795564770699 106.84538834542036 6270.2789770662785 164.48660677671432 268.09080022573471 56.518335804343224 136.13276105374098 304.95876502990723 15564.120917268097
leaf_count=2593 15813 81504 1043 2926 1179 3043 620 26237 710 1332 240 637 1401 73578
internal_value=2.13903e-05 -7.79374e-05 -0.00218151 -0.000376959 -0.00568647 0.00286415 -0.0140449 0.00122196 0.0119728 -0.017693 -0.00541497 -0.00379636 0.0218748 0.000729778
internal_weight=46392.5 46166.7 12803.9 9112.84 2103.2 1042.9 1060.3 7009.65 739.367 953.454 269.921 795.071 469.445 33362.8
internal_count=212856 210263 55181 39368 9737 4859 4878 29631 3394 4258 1283 3680 2111 155082
is_linear=0
shrinkage=0.03


Tree=130
num_leaves=15
num_cat=0
split_feature=149 190 232 140 231 229 222 228 244 248 244 231 231 135
split_gain=102.829 100.535 92.8081 95.4823 106.461 162.198 139.524 140.76 139.168 132.555 130.791 122.885 104.492 103.447
threshold=28.500000000000004 90.500000000000014 87.500000000000014 33.500000000000007 89.500000000000014 5.5000000000000009 7.5000000000000009 1.5000000000000002 0.0089584533125162142 0.68181815743446361 0.0029924191767349844 4.5000000000000009 67.500000000000014 7.5000000000000009
decision_type=8 10 10 10 10 8 10 10 2 2 2 8 8 8
left_child=-1 2 3 4 5 6 -2 -8 9 -7 12 -10 -11 -13
right_child=1 -3 -4 -5 -6 8 7 -9 11 10 -12 13 -14 -15
leaf_value=-0.0024184663872871921 0.0013934249038552637 0.0078368738345664171 0.004162739922451501 0.0013644235017591642 -0.0098577165981555536 -0.0035245854732497096 -0.024879435219303945 0.023926397788661295 -0.019734569484496919 -0.035943155610593781 -0.0083976471327520397 0.0080534526555825214 0.0091430713848898709 -0.0013362910506229428
leaf_weight=12285.900349952281 1290.6215526722372 1715.5065825283527 4994.5880179069936 14737.471547104418 1432.1373802423477 2563.330612026155 51.065782479941845 514.66063094884157 257.35246919095516 330.05765987932682 752.9833719432354 1414.2698753774166 49.413265749812126 4075.637653760612
leaf_count=55361 6344 8323 24138 67639 7011 10821 227 2537 1115 1366 3183 6185 215 18681
internal_value=-6.56712e-05 0.000780517 0.000405332 -0.00027913 -0.00218122 -0.0012004 0.00688311 0.0191653 -0.00279509 -0.0073282 -0.0158315 0.000127596 -0.0299882 0.00109287
internal_weight=46465 34179.1 32463.6 27469 12731.5 11299.4 1856.35 565.726 9443.04 3695.78 1132.45 5747.26 379.471 5489.91
internal_count=213146 157785 149462 125324 57685 50674 9108 2764 41566 15585 4764 25981 1581 24866
is_linear=0
shrinkage=0.03


Tree=131
num_leaves=15
num_cat=0
split_feature=238 226 231 248 231 228 248 120 226 230 243 228 94 229
split_gain=87.311 78.0472 154.864 151.456 148.367 191.726 216.736 136.089 138.851 160.775 139.092 130.708 128.16 113.255
threshold=-0.21506175398826596 81.500000000000014 24.500000000000004 0.82323232293128978 91.500000000000014 8.5000000000000018 0.82323232293128978 49.500000000000007 64.500000000000014 79.500000000000014 -0.063235744833946214 48.500000000000007 30.500000000000004 45.500000000000007
decision_type=10 10 10 2 10 8 2 10 8 8 2 10 10 10
left_child=-1 4 11 -4 7 6 12 8 13 10 -10 -3 -6 -2
right_child=1 2 3 -5 5 -7 -8 -9 9 -11 -12 -13 -14 -15
leaf_value=0.0053771518778369812 -0.0025032123859882122 0.021327599583736655 -0.00065958065518340633 0.02596083710758049 -0.025303341091105287 0.00058450792238934877 0.001575705628318621 0.0014824620758413277 0.014105942255473106 -0.00022295171620333206 -0.01444151073326678 0.0037463999199058243 -0.0075646086230287063 0.0047970938359130797
leaf_weight=2542.6103759817779 7069.8581127598882 623.24548038840294 5805.8804811388254 188.93341201543808 937.7052952721715 2018.8817437812686 713.08210065215826 18332.665520824492 157.79096937179565 1706.8080828785896 2110.0977755635977 967.42093916982412 616.61829747259617 2610.5732519477606
leaf_count=16968 29838 2703 26530 1115 4142 9205 3688 82525 693 8337 8824 4389 2886 11066
internal_value=-1.64962e-05 -0.000330329 0.00243511 0.000221228 -0.000909138 -0.00614367 -0.0121107 -0.000206023 -0.00247232 -0.00718582 -0.0124021 0.0107252 -0.0183595 -0.000531581
internal_weight=46402.2 43859.6 7585.48 5994.81 36274.1 4286.29 2267.41 31987.8 13655.1 3974.7 2267.89 1590.67 1554.32 9680.43
internal_count=212909 195941 34737 27645 161204 19921 10716 141283 58758 17854 9517 7092 7028 40904
is_linear=0
shrinkage=0.03


Tree=132
num_leaves=15
num_cat=0
split_feature=57 242 63 230 249 142 230 62 249 230 252 119 29 228
split_gain=94.5212 103.999 93.7332 85.4974 112.418 88.1989 86.3948 80.8596 73.4382 72.1403 68.3133 66.5989 64.7286 71.4858
threshold=70.500000000000014 0.025096439756453041 72.500000000000014 70.500000000000014 0.83333334326744091 44.500000000000007 20.500000000000004 98.500000000000014 0.89393940567970287 3.5000000000000004 0.091244608163833632 18.500000000000004 99.500000000000014 93.500000000000014
decision_type=8 8 10 10 2 8 10 8 2 8 2 10 8 10
left_child=2 3 7 4 5 -2 -6 8 12 -3 -9 -4 13 -1
right_child=1 9 11 -5 6 -7 -8 10 -10 -11 -12 -13 -14 -15
leaf_value=-0.0012723516066270137 0.0020271197969946339 0.012128882619644977 -0.0070168396893884183 0.0056400076417373653 0.022174403832405633 -0.0052456279965294398 -0.013010292932146405 -0.01067559645462178 -0.016478392608279831 0.003388781635053358 0.0084916042703866487 0.0023267551246645211 0.011952325819318139 -0.013364212941480044
leaf_weight=19550.061374619603 2318.8749715164304 1000.3734430894256 738.36989551782608 1745.4297142997384 274.61850089579821 4221.1015137247741 73.373442620038986 1438.8766395747662 282.27639725059271 5462.2536936253309 181.7009733133018 8344.3769987076521 315.05792939662933 440.32117979973555
leaf_count=85859 9784 6381 3096 7953 1620 19146 311 6819 1286 27147 1017 38990 1610 1945
internal_value=-6.54485e-05 0.0018835 -0.001006 -0.000271503 -0.0017755 -0.00266778 0.0145996 -0.0020558 -0.00154563 0.00475834 -0.00848765 0.0015603 -0.00133004 -0.00154524
internal_weight=46387.1 15096 31291 8633.4 6887.97 6539.98 347.992 22208.3 20587.7 6462.63 1620.58 9082.75 20305.4 19990.4
internal_count=212964 72342 140622 38814 30861 28930 1931 98536 90700 33528 7836 42086 89414 87804
is_linear=0
shrinkage=0.03


Tree=133
num_leaves=15
num_cat=0
split_feature=238 222 101 75 231 230 246 136 231 174 61 243 230 243
split_gain=87.2581 84.2942 81.068 95.0442 121.076 128.585 111.362 105.722 96.6491 134.661 111.898 124.411 97.2407 87.3436
threshold=-0.27219408750534052 64.500000000000014 5.5000000000000009 55.500000000000007 75.500000000000014 32.500000000000007 0.054752390831708915 46.500000000000007 81.500000000000014 6.5000000000000009 40.500000000000007 -0.048309301957488053 6.5000000000000009 -0.048645600676536553
decision_type=10 10 8 10 10 8 2 8 10 10 8 2 8 2
left_child=1 -1 -2 4 6 -6 -4 -7 10 12 11 -5 -10 -9
right_child=2 -3 3 8 5 7 -8 13 9 -11 -12 -13 -14 -15
leaf_value=0.013508096536670752 -0.0032057756031112837 -0.0098219241843879243 -0.0031454145602089634 0.018331518341058988 -0.0017137450064735448 0.011809838258145057 0.0045538620297640798 0.015629524167824121 -0.0036926133249041214 0.00067061933969231303 0.001303754044214874 0.0049283446859853417 -0.02627069723443869 -0.0022556652099582279
leaf_weight=733.98600447177887 6864.0546500384808 163.84549176692963 14641.388690553606 755.36649633944035 3214.539780035615 1728.1075608879328 1902.4154184833169 292.4904763251543 382.69745827838778 2923.5855979397893 7780.6214758232236 3437.2018506377935 307.16786368191242 1301.0882476940751
leaf_count=6017 31436 964 63171 3790 15204 8457 9465 1446 1989 14300 34744 15121 1354 5765
internal_value=-2.01905e-05 0.0091893 -0.000203773 0.00032983 -0.000892363 0.00256195 -0.00225784 0.00669246 0.00213901 -0.00215678 0.00343618 0.00738104 -0.0139774 0.00110403
internal_weight=46428.6 897.831 45530.7 38666.7 23080 6536.23 16543.8 3321.69 15586.6 3613.45 11973.2 4192.57 689.865 1593.58
internal_count=213223 6981 206242 174806 103508 30872 72636 15668 71298 17643 53655 18911 3343 7211
is_linear=0
shrinkage=0.03


Tree=134
num_leaves=15
num_cat=0
split_feature=165 238 140 59 231 231 226 242 245 52 226 226 47 228
split_gain=107.095 95.7981 82.0401 105.769 119.273 107.368 129.881 98.4236 85.3119 94.0035 90.7498 80.6715 74.3852 85.7556
threshold=7.5000000000000009 -0.29089272022247309 30.500000000000004 12.500000000000002 67.500000000000014 10.500000000000002 31.500000000000004 0.021536808460950855 -0.045192804187536233 12.500000000000002 6.5000000000000009 6.5000000000000009 94.500000000000014 5.5000000000000009
decision_type=8 10 10 8 10 10 10 8 2 10 10 8 10 8
left_child=-1 -2 3 4 5 6 -3 -6 9 10 -4 -9 13 -5
right_child=1 2 8 12 7 -7 -8 11 -10 -11 -12 -13 -14 -15
leaf_value=-0.0052896649075843969 0.012558640759134931 -0.027881344835121672 0.0043481321530242298 -0.0067763022263468663 -0.010940500370271179 0.0098586652884791997 0.011307384193625699 0.011487732434885552 -0.0010287763461634626 0.0035298321030456715 -0.01059050050192192 -0.0044141071277890359 -0.014719407153592177 -0.00090460877921192339
leaf_weight=3163.9991113990545 567.29735083505511 150.5507425814867 619.73224516585469 2759.8710300549865 756.68419255316257 2064.2686752304435 136.78401121497154 523.79336233064532 8201.7395032048225 13856.903801813722 868.74519155919552 612.9320504963398 418.42346566915512 11694.095282875001
leaf_count=14300 4755 655 3513 12631 3647 9646 594 3158 35702 64193 4257 3025 1739 51218
internal_value=2.92292e-05 0.000419635 0.000255322 -0.00120434 0.00296765 0.00746649 -0.00947292 -0.00262977 0.0014404 0.00275992 -0.00438324 0.0029496 -0.00239634 -0.00202967
internal_weight=46395.8 43231.8 42664.5 19117.4 4245.01 2351.6 287.335 1893.41 23547.1 15345.4 1488.48 1136.73 14872.4 14454
internal_count=213033 198733 193978 86313 20725 10895 1249 9830 107665 71963 7770 6183 65588 63849
is_linear=0
shrinkage=0.03


Tree=135
num_leaves=15
num_cat=0
split_feature=245 248 244 146 244 245 230 239 78 91 230 245 243 167
split_gain=87.0252 209.274 139.65 160.124 185.021 196.773 186.706 144.632 143.518 140.132 128.937 109.706 108.112 130.44
threshold=-0.075731933116912828 0.58080807328224193 0.024056177586317066 71.500000000000014 0.0036891852505505089 -0.079221799969673143 3.5000000000000004 -0.031569784507155411 6.5000000000000009 54.500000000000007 47.500000000000007 -0.20662932842969892 -0.05421908758580684 34.500000000000007
decision_type=2 2 2 10 2 2 8 10 10 8 10 2 2 8
left_child=1 -1 3 4 6 -6 -3 -8 -5 10 11 -4 13 -2
right_child=12 2 9 8 5 -7 7 -9 -10 -11 -12 -13 -14 -15
leaf_value=0.010539451464043758 -0.015872418184180219 0.021684523352916554 0.017232548984387117 -0.0053701052977102818 -0.0010128615731264496 0.017898389460949581 -0.004209810761097243 -0.031379270693105143 0.010640898513759763 0.0019213177881465175 0.010516274227896732 -0.017675594133629013 -0.00031134860916835056 0.0012976534665730221
leaf_weight=2229.5013759694993 889.36110363900661 106.60563680902123 79.231869611889124 616.50091222673655 3562.7919616699219 564.95924038439989 319.01418174058199 394.29123705625534 2623.5137980990112 1241.3384144604206 194.2992257475853 1166.231091953814 31704.459713220596 712.08609768003225
leaf_count=13042 3833 537 928 3462 16397 2542 1445 1693 14059 7016 1160 5743 138080 3241
internal_value=0.000118033 0.00218874 0.000467659 0.00241383 -0.000982482 0.00161249 -0.0139086 -0.0194544 0.00758722 -0.00546253 -0.0117981 -0.0153353 -0.000696732 -0.00827704
internal_weight=46404.2 13098.3 10868.8 8187.68 4947.66 4127.75 819.911 713.305 3240.01 2681.1 1439.76 1245.46 33305.9 1601.45
internal_count=213178 68024 54982 40135 22614 18939 3675 3138 17521 14847 7831 6671 145154 7074
is_linear=0
shrinkage=0.03


Tree=136
num_leaves=15
num_cat=0
split_feature=76 242 193 120 248 245 226 120 246 243 147 226 22 228
split_gain=86.6532 133.608 128.116 135.415 76.5495 212.251 155.359 249.852 76.0667 73.098 83.2879 79.225 77.196 71.8315
threshold=86.500000000000014 0.022351155988872055 74.500000000000014 98.500000000000014 0.7222222387790681 -0.071516510099172578 61.500000000000007 17.500000000000004 0.0081449234858155268 -0.048969376832246773 13.500000000000002 46.500000000000007 9.5000000000000018 93.500000000000014
decision_type=10 8 8 10 2 2 8 8 2 2 10 10 8 10
left_child=2 -2 13 4 5 -4 9 -8 -9 11 12 -6 -11 -1
right_child=1 -3 3 -5 6 -7 7 8 -10 10 -12 -13 -14 -15
leaf_value=-0.0019483627365454504 -0.00087904637940592484 0.007011715927990189 0.010453036050002742 0.0092359629124856429 -0.0055064792768248312 -0.00035757529098659772 -0.024016206134871907 -0.0053412251306710302 0.024508449477764697 -0.0043575917090415851 -0.0073767382170133204 0.021544804563290953 -0.032410930988257196 -0.013036003766351157
leaf_weight=21324.899103377014 4181.8845420181751 3575.2896472513676 1922.8324696496129 1710.798744071275 427.87685476988554 10586.752253800631 153.31345316767693 91.118431940674782 390.94413213431835 132.59323329478502 923.01749260723591 115.33239389955997 276.59020161628723 529.5829815864563
leaf_count=95622 19604 19399 10052 8865 1957 45921 642 402 1949 569 3976 507 1152 2336
internal_value=-0.000128993 0.00276216 -0.000710789 0.00126447 0.000350992 0.00131113 -0.00441897 0.00831183 0.0188724 -0.00875329 -0.0125113 0.000522591 -0.0236412 -0.00222288
internal_weight=46342.8 7757.17 38585.7 16731.2 15020.4 12509.6 2510.79 635.376 482.063 1875.41 1332.2 543.209 409.183 21854.5
internal_count=212953 39003 173950 75992 67127 55973 11154 2993 2351 8161 5697 2464 1721 97958
is_linear=0
shrinkage=0.03


Tree=137
num_leaves=15
num_cat=0
split_feature=238 226 226 231 248 245 235 238 58 245 139 248 145 231
split_gain=79.4565 76.7848 130.799 128.738 95.5455 97.8156 91.1191 90.3229 128.738 88.0091 96.7768 76.219 111.615 79.0886
threshold=-0.11847809329628943 2.5000000000000004 43.500000000000007 68.500000000000014 0.84343436360359203 -0.094054169952869401 9.5000000000000018 -0.28063598275184626 14.500000000000002 -0.04782923869788646 69.500000000000014 0.7929292917251588 75.500000000000014 12.500000000000002
decision_type=10 8 8 10 2 2 10 10 10 2 10 2 10 10
left_child=1 4 3 6 -1 -6 -3 -5 -9 10 -4 13 -13 -8
right_child=-2 2 9 7 5 -7 11 8 -10 -11 -12 12 -14 -15
leaf_value=0.0040763710687681878 -0.00103564547819184 -0.0067664159039224478 0.007929369252198365 0.010796047676197431 0.029658854399364637 -0.0096648911606779849 -0.0072180854128176966 -0.013251143735747165 -0.0012944063423050293 -0.0013055480541320852 -0.0044888868428602426 -0.01733713913877542 0.0055146900437990001 0.0073879567011568134
leaf_weight=2192.1079214066267 28912.579754292965 971.54949700832367 3928.3194871023297 252.93525378406048 254.35888624936342 67.284969240427017 372.70881990343332 1684.2035564482212 1558.2403827980161 2058.6302473694086 652.69846153259277 345.13197949528694 411.95721820741892 2684.3756646811962
leaf_count=12516 125349 4556 19910 1914 2117 312 1648 8167 7884 9479 2987 1490 2073 12603
internal_value=-7.11838e-05 0.00152791 0.000708834 -0.00180549 0.0063676 0.0213893 0.00139122 -0.00617377 -0.00752667 0.00384275 0.00615411 0.0034814 -0.00499291 0.00558951
internal_weight=46347.1 17434.5 14920.8 8281.1 2513.75 321.644 4785.72 3495.38 3242.44 6639.65 4581.02 3814.17 757.089 3057.08
internal_count=213005 87656 72711 40335 14945 2429 22370 17965 16051 32376 22897 17814 3563 14251
is_linear=0
shrinkage=0.03


Tree=138
num_leaves=15
num_cat=0
split_feature=57 238 167 230 10 78 142 47 120 224 244 233 70 244
split_gain=74.4091 77.3741 97.7667 77.4474 74.145 62.6133 88.5665 94.8752 68.3195 118.798 131.482 81.7762 80.7963 77.9607
threshold=70.500000000000014 -0.29089272022247309 16.500000000000004 77.500000000000014 7.5000000000000009 6.5000000000000009 64.500000000000014 1.5000000000000002 95.500000000000014 16.500000000000004 0.021578849293291572 50.500000000000007 14.500000000000002 0.0019962895894423132
decision_type=8 10 10 10 10 8 10 8 10 10 2 8 10 2
left_child=5 -2 3 -3 -4 6 -1 -8 13 10 12 -11 -10 -7
right_child=1 2 4 -5 -6 8 7 -9 9 11 -12 -13 -14 -15
leaf_value=0.0053301964617019932 0.013850727886119152 -0.0024309577820383231 0.0094595098799681848 0.013128248179259304 0.0020498627241942184 -0.0088282928883984969 -0.028570829555297189 -0.0066648701948236111 -0.009723031758478334 0.0035014038866949802 -0.013029997801048672 0.015599629305703208 0.0081750232567388975 -0.00084769787372567288
leaf_weight=375.15072322636843 443.12264537066221 5756.5208170004189 1459.1743795499206 293.17858026921749 7095.1713886931539 1143.4138180091977 220.89248098805547 820.95737309008837 298.88632433861494 1523.5797392129898 684.05483432859182 746.71159664541483 851.61117415130138 24655.650178104639
leaf_count=1639 3753 27320 7345 1313 32565 4862 1131 4126 1557 7545 3463 3849 4434 108252
internal_value=-9.27684e-05 0.00164044 0.00126073 -0.00165651 0.00332335 -0.000925694 -0.00706523 -0.0115368 -0.000632507 0.00295782 -0.00271239 0.00753154 0.00348159 -0.00120468
internal_weight=46368.1 15047.2 14604 6049.7 8554.35 31320.9 1417 1041.85 29903.9 4104.84 1834.55 2270.29 1150.5 25799.1
internal_count=213154 72296 68543 28633 39910 140858 6896 5257 133962 20848 9454 11394 5991 113114
is_linear=0
shrinkage=0.03


Tree=139
num_leaves=15
num_cat=0
split_feature=245 231 228 244 249 229 244 126 226 245 231 249 222 246
split_gain=90.5669 80.8001 244.433 153.424 155.304 143.602 197.635 172.427 118.262 110.487 265.878 172.652 179.245 143.13
threshold=-0.20662932842969892 91.500000000000014 10.500000000000002 0.0044328018557280311 0.83333334326744091 5.5000000000000009 0.0019962895894423132 48.500000000000007 5.5000000000000009 -0.075249154120683656 76.500000000000014 0.6111111342906953 16.500000000000004 0.041570784524083144
decision_type=2 10 8 2 2 8 2 10 10 2 10 2 10 2
left_child=-1 5 3 -3 -5 7 -7 -2 -6 10 11 -8 -13 -12
right_child=1 2 -4 4 8 6 9 -9 -10 -11 13 12 -14 -15
leaf_value=0.019009330688000474 -0.0022958151498215823 0.013453298657153325 0.0026593214940627326 -0.013815075411585831 0.022375368120448436 -0.011328607347055561 0.002800243942053179 0.010152494863392956 -0.015176929628564857 -0.00060233447251095977 0.022654655078944975 -0.022002790836306282 0.013068846958812951 -0.0011545582305471677
leaf_weight=216.23670644313097 1567.5552803352475 236.66624042391777 3113.6756685227156 2459.3630231767893 193.98300477862358 1359.5019087269902 5544.9388258159161 2747.6311170235276 111.10897042602301 26800.361247621477 873.56171022355556 505.47407333552837 168.42039301991463 304.65240298211575
leaf_count=2600 7133 1264 15295 11974 1244 5813 26526 14523 536 116148 4632 2282 846 1680
internal_value=7.46089e-05 -1.85382e-05 -0.00322671 -0.00932205 -0.0113133 0.000474154 -0.000153648 0.00563561 0.00865186 0.000293789 0.00353698 0.00105077 -0.0131747 0.0165404
internal_weight=46203.1 45986.9 6114.8 3001.12 2764.45 39872.1 35556.9 4315.19 305.092 34197.4 7397.05 6218.83 673.894 1178.21
internal_count=212496 209896 30313 15018 13754 179583 157927 21656 1780 152114 35966 29654 3128 6312
is_linear=0
shrinkage=0.03


Tree=140
num_leaves=15
num_cat=0
split_feature=76 244 226 248 248 243 230 230 222 230 192 244 248 248
split_gain=88.2657 91.7011 72.5864 133.045 85.3723 86.6312 190.536 149.197 109.977 95.8421 105.768 101.878 88.9173 85.6124
threshold=94.500000000000014 0.04871990159153939 81.500000000000014 0.82323232293128978 0.29797980189323431 -0.044877398759126656 92.500000000000014 72.500000000000014 25.500000000000004 85.500000000000014 73.500000000000014 0.015232946723699571 0.65151515603065502 0.49999998509883886
decision_type=10 2 10 2 2 2 10 10 10 10 8 2 2 2
left_child=2 -2 -1 4 -4 6 7 8 -6 11 -11 -9 -13 -7
right_child=1 -3 3 -5 5 13 -8 9 -10 10 -12 12 -14 -15
leaf_value=-0.00098132089566208133 0.0025007127450091338 0.016128709706586176 -0.0026556442369870632 0.026383916070782332 0.023992441562553372 0.0017263708084867707 0.026882020794473226 -0.040359146667461487 -0.01716473501570389 -0.024676892389597079 0.016143904927319441 0.018532716608402375 -0.031965402310000217 0.011036992370071946
leaf_weight=35235.007703837007 3371.6860141679645 502.92792469635606 2633.3226744830608 190.89545098692179 153.67712856829166 1834.530178040266 140.2963128387928 213.59315410256386 82.129948735237122 95.922740198671818 114.2105323895812 60.4612657725811 46.804880231618881 1722.3266397714615
leaf_count=159749 16871 3319 11528 1169 743 8235 806 903 377 429 571 272 220 8214
internal_value=-2.21763e-05 0.0043066 -0.000417525 0.00230579 0.00162194 0.00414563 -0.00409628 -0.0100373 0.00954256 -0.0187481 -0.00276469 -0.0288158 -0.00434867 0.00625313
internal_weight=46397.8 3874.61 42523.2 7288.17 7097.28 4463.95 907.096 766.8 235.807 530.993 210.133 320.859 107.266 3556.86
internal_count=213406 20190 193216 33467 32298 20770 4321 3515 1120 2395 1000 1395 492 16449
is_linear=0
shrinkage=0.03


Tree=141
num_leaves=15
num_cat=0
split_feature=66 242 190 241 119 248 56 78 35 245 231 144 224 21
split_gain=77.4416 100.754 77.6388 59.8981 65.0791 138.188 67.4945 83.961 116.907 71.0579 70.265 105.043 106.89 83.5057
threshold=15.500000000000002 0.019355022348463539 73.500000000000014 -1.0000000180025095e-35 17.500000000000004 0.84343436360359203 40.500000000000007 10.500000000000002 58.500000000000007 -0.082015518099069581 88.500000000000014 6.5000000000000009 16.500000000000004 32.500000000000007
decision_type=8 8 10 8 10 2 8 8 10 2 10 8 10 10
left_child=-1 -2 3 4 5 -3 7 8 -6 -8 13 -12 -13 -9
right_child=1 2 -4 -5 6 -7 9 10 -10 -11 11 12 -14 -15
leaf_value=-0.0025528600214986918 -0.0016899169196098454 -0.0019778673821114626 0.0058704587974770361 0.012446107525044737 0.00012139967970501125 -0.033984870168559216 0.0055287864075835068 0.0076055633074589932 -0.022317107105144646 -0.0016281350616982337 -0.026665204039345414 -0.0042510370918254657 0.011040945577939484 0.0003306256879229852
leaf_weight=7964.2208290360868 11235.814364183694 2611.4287642166018 3472.2504876069725 399.41723836585879 1974.0386582538486 117.42547705024481 1481.079071175307 5228.3111447393894 223.70335250347853 7667.3755090236664 121.93161459267139 1174.6754264757037 620.35682675242424 1949.4456933513284
leaf_count=34275 48947 11444 16640 2806 11341 500 8006 24706 1134 34040 544 6392 3175 8776
internal_value=0.000136736 0.000696872 0.00168885 0.00107058 0.000869196 -0.00347422 0.00145046 0.00300103 -0.00225331 -0.000464701 0.00427183 -0.000827388 0.00106571 0.00563293
internal_weight=46241.5 38277.3 27041.4 23569.2 23169.8 2728.85 20440.9 11292.5 2197.74 9148.45 9094.72 1916.96 1795.03 7177.76
internal_count=212726 178451 129504 112864 110058 11944 98114 56068 12475 42046 43593 10111 9567 33482
is_linear=0
shrinkage=0.03


Tree=142
num_leaves=15
num_cat=0
split_feature=245 244 231 119 248 119 248 248 215 165 245 230 101 139
split_gain=95.3538 113.149 152.882 140.499 105.486 150.295 101.616 99.9444 93.639 79.2373 75.9081 74.63 72.5361 71.5441
threshold=-0.1103546880185604 0.024264741688966755 22.500000000000004 14.500000000000002 0.78282830119133007 87.500000000000014 0.58080807328224193 0.63131311535835277 61.500000000000007 7.5000000000000009 -0.20662932842969892 81.500000000000014 2.5000000000000004 40.500000000000007
decision_type=2 2 10 8 2 8 2 2 10 8 2 10 8 8
left_child=1 2 7 -4 6 -6 -3 -1 9 -2 -8 -10 -11 -14
right_child=8 4 3 -5 5 -7 10 -9 11 12 -12 -13 13 -15
leaf_value=0.013201881770752178 -0.0047027138359603659 0.0055136861153507605 -0.022063025727667402 0.013955406793159689 -0.014258416614824765 0.0211433790863432 0.0097466171029330483 -0.028195032965481221 -0.0058567501488157757 -0.004755750172666379 -0.019211144228368025 0.0043892503977649459 0.0023512325700116498 -0.00045424152382617154
leaf_weight=72.712610181421041 2831.3963138312101 339.15624321252108 94.396628133952618 1757.7802119143307 151.96782487630844 320.17140428349376 90.06457108259201 142.45983461290598 4153.855833619833 2199.3972375392914 514.98451961576939 748.4031990468502 15379.618494041264 17459.625750683248
leaf_count=475 12720 2597 398 11098 703 2578 1053 659 17584 9489 2837 3431 69963 77302
internal_value=-6.86581e-07 0.00476474 0.00922336 0.0120111 -0.00176226 0.00968918 -0.00752996 -0.0142409 -0.000389841 0.000115616 -0.0148123 -0.00428679 0.000506205 0.000859963
internal_weight=46256 3483.69 2067.35 1852.18 1416.34 472.139 944.205 215.172 42772.3 37870 605.049 4902.26 35038.6 32839.2
internal_count=212887 22398 12630 11496 9768 3281 6487 1134 190489 169474 3890 21015 156754 147265
is_linear=0
shrinkage=0.03


Tree=143
num_leaves=15
num_cat=0
split_feature=165 238 52 47 29 228 246 54 6 246 246 189 246 60
split_gain=77.219 80.1369 84.9469 136.345 76.255 67.3607 114.082 77.1676 76.0247 91.3682 76.5072 73.1607 71.3311 66.2729
threshold=6.5000000000000009 -0.12806522846221921 32.500000000000007 16.500000000000004 54.500000000000007 4.5000000000000009 0.004732460482046009 67.500000000000014 43.500000000000007 0.0038677251432091002 0.098325811326503768 40.500000000000007 0.0063106324523687371 83.500000000000014
decision_type=8 10 10 10 10 8 2 10 8 2 2 10 2 10
left_child=-1 13 4 -4 5 6 -3 -8 11 -10 12 -7 -11 -2
right_child=1 2 3 -5 -6 8 7 -9 9 10 -12 -13 -14 -15
leaf_value=-0.0048262292764267292 0.0012505674418962034 0.021294095399509348 0.0083929445539284633 -0.00012599898526863891 -0.0093040470655720384 -0.0016677503097970938 -0.016549431321562256 -0.0032751198679637828 -0.034677384532694332 0.016001732252246575 0.017085226563205248 0.0045876576528051556 -0.0067900780188813684 0.0067210741940761636
leaf_weight=2785.3392876163125 11058.585787780583 109.48024953901768 1882.588494040072 15861.19077026844 1300.4521572142839 3985.6659135743976 701.38906396925449 897.99415858089924 81.429742589592934 122.12767870724201 135.10258197784424 2897.6196837574244 2046.5552749633789 2423.2609487921
leaf_count=12579 55930 478 8607 69077 5399 16749 3031 3895 338 517 766 12705 9127 13768
internal_value=7.10013e-06 0.000317596 -0.000545308 0.000782067 -0.00246269 -0.00164449 -0.00709926 -0.00916306 -0.000632208 -0.00523599 -0.00404998 0.00096839 -0.00543902 0.0022381
internal_weight=46288.8 43503.4 30021.6 17743.8 12277.8 10977.4 1708.86 1599.38 9268.5 2385.22 2303.79 6883.29 2168.68 13481.8
internal_count=212966 200387 130689 77684 53005 47606 7404 6926 40202 10748 10410 29454 9644 69698
is_linear=0
shrinkage=0.03


Tree=144
num_leaves=15
num_cat=0
split_feature=63 64 66 78 148 142 241 232 248 246 243 137 137 248
split_gain=71.3966 75.8381 71.9141 68.4908 66.842 111.74 119.656 93.1116 88.1503 75.1535 65.9517 64.9528 64.6918 87.2007
threshold=63.500000000000007 98.500000000000014 21.500000000000004 12.500000000000002 12.500000000000002 82.500000000000014 -1.2138056755065916 87.500000000000014 0.60101011395454418 0.039216278120875366 -0.09550053626298903 80.500000000000014 37.500000000000007 0.69191917777061474
decision_type=10 10 8 10 10 8 10 10 2 2 2 10 10 2
left_child=1 -1 -2 -3 5 8 -7 9 -4 10 -6 -8 13 -12
right_child=2 3 4 -5 7 6 11 -9 -10 -11 12 -13 -14 -15
leaf_value=-0.00053386161002608938 -0.0049181127407480337 0.0073306346713705277 -0.0038841486413810329 -0.012128079570876216 0.023769027301278774 -0.0035288326412729388 -0.0042976885020595537 0.0097048477506965006 0.010420658138382593 0.0055525152154456709 0.00012983125801972932 -0.036911526647272146 0.0022978322812840387 -0.010965087842845766
leaf_weight=28625.871263939887 1375.569775249809 192.02267200499773 846.07040420547128 882.65654904022813 96.520163435488939 651.27649660408497 81.353441908955574 1658.351301766932 699.75447371602058 3744.3665418550372 1959.3279113844037 180.24080915004015 4357.7854961231351 934.90277622640133
leaf_count=130024 5992 952 3737 3942 679 3539 391 8200 3267 18871 8468 797 20111 4187
internal_value=5.13192e-05 -0.000829094 0.00162747 -0.00861569 0.00222229 -0.00229968 -0.0105629 0.00309533 0.00261662 0.00209938 0.000334721 -0.0273006 -9.47714e-06 -0.0034795
internal_weight=46286.1 29700.6 16585.5 1074.68 15209.9 2458.7 912.871 12751.3 1545.82 11092.9 7348.54 261.594 7252.02 2894.23
internal_count=213157 134918 78239 4894 72247 11731 4727 60516 7004 52316 33445 1188 32766 12655
is_linear=0
shrinkage=0.03


Tree=145
num_leaves=15
num_cat=0
split_feature=245 140 29 231 230 244 245 244 231 175 63 231 61 29
split_gain=85.8197 106.8 122.414 105.442 130.34 158.516 156.959 121.558 119.63 103.458 96.5683 104.019 95.0885 85.5602
threshold=-0.044407408684492104 27.500000000000004 55.500000000000007 89.500000000000014 3.5000000000000004 0.0029924191767349844 -0.065537463873624788 0.0040141276549547919 17.500000000000004 26.500000000000004 82.500000000000014 26.500000000000004 7.5000000000000009 11.500000000000002
decision_type=2 10 10 10 8 2 2 2 10 10 10 10 10 8
left_child=1 2 3 4 8 6 -6 -5 -1 -10 13 -12 -7 -3
right_child=-2 10 -4 7 5 12 -8 -9 9 -11 11 -13 -14 -15
leaf_value=-0.012662260681453876 -0.002072987636958264 -0.0046780297212467041 -0.0084023862365423634 0.016999492253067433 -0.022562772829638242 0.0078589801872790185 0.0035681359510916157 -0.0084846063715162297 0.01192060669555018 -0.0085044945215562631 0.014800645981072419 0.0035869688535055339 -0.00079311504767509895 0.0021190877596728047
leaf_weight=234.46418896317482 13354.337722301483 1921.9532485939562 1801.6989455074072 175.41897619515657 537.59444100782275 1377.142705399543 328.5923727452755 1905.8592017740011 1889.7116375416517 245.69632168859243 1004.5359473004937 2835.6037811338902 6493.418214738369 12146.985205363482
leaf_count=1013 58008 10512 7548 906 2373 7540 1351 9770 9763 1105 4818 14466 28337 55478
internal_value=-4.563e-05 0.000777702 -0.00109028 -8.57062e-05 0.00107696 -0.000617777 -0.0127223 -0.00626568 0.0073011 0.00954184 0.00234091 0.00655116 0.000728827 0.00118787
internal_weight=46253 32898.7 14989.6 13187.9 11106.6 8736.75 866.187 2081.28 2369.87 2135.41 17909.1 3840.14 7870.56 14068.9
internal_count=212988 154980 69706 62158 51482 39601 3724 10676 11881 10868 85274 19284 35877 65990
is_linear=0
shrinkage=0.03


Tree=146
num_leaves=15
num_cat=0
split_feature=57 242 147 31 230 222 170 63 119 228 148 120 244 24
split_gain=81.9141 108.533 80.6136 87.4579 86.8588 88.735 76.344 69.2663 73.5093 69.5243 64.9186 83.4251 79.4398 72.2854
threshold=70.500000000000014 0.0253687733784318 79.500000000000014 67.500000000000014 10.500000000000002 4.5000000000000009 28.500000000000004 76.500000000000014 15.500000000000002 93.500000000000014 83.500000000000014 12.500000000000002 0.094841357320547118 16.500000000000004
decision_type=10 8 10 10 8 10 10 10 10 10 8 8 2 8
left_child=7 2 3 6 5 -5 -2 9 -9 10 -1 -12 13 -13
right_child=1 -3 -4 4 -6 -7 -8 8 -10 -11 11 12 -14 -15
leaf_value=-0.0022154963192929557 -0.00022005245588156759 0.0050626119352323931 -0.0067588750055964696 -0.0074304068942424601 -0.0094998562144254436 0.012396690785616189 0.0069729794925436862 -0.0092956411047855885 0.0023304820747985693 -0.011915954663716088 0.011428673181318119 0.01074467981494397 0.021954948432474648 -0.0021497250677126479
leaf_weight=18477.028703767806 2949.9208362735808 5741.001533087343 1419.9390369802713 368.52732020616531 1177.7122126370668 429.72563856840134 2404.414943318814 514.19821032881737 7416.8677649945021 571.65726442635059 671.95893987268209 430.46851971745491 134.24540892243385 3496.4319124817848
leaf_count=82050 13214 29420 6364 1941 5039 2039 10969 2149 34802 2589 2850 2015 1016 16371
internal_value=-6.66103e-06 0.00186123 -0.000242575 0.00102717 -0.00435283 0.00326449 0.00301702 -0.000860512 0.00156596 -0.00167004 -0.00141267 0.00171947 8.88519e-05 -0.000712533
internal_weight=46204.1 14491.2 8750.24 7330.3 1975.97 798.253 5354.34 31712.9 7931.07 23781.8 23210.1 4733.1 4061.15 3926.9
internal_count=212828 68986 39566 33202 9019 3980 24183 143842 36951 106891 104302 22252 19402 18386
is_linear=0
shrinkage=0.03


Tree=147
num_leaves=15
num_cat=0
split_feature=149 232 237 124 224 228 226 249 104 143 144 231 231 148
split_gain=84.0176 74.8604 88.4441 70.6539 89.4373 83.5831 76.6134 72.8604 72.0069 55.5241 55.3773 70.6948 54.9804 84.3925
threshold=24.500000000000004 87.500000000000014 0.13023198395967486 20.500000000000004 16.500000000000004 97.500000000000014 6.5000000000000009 0.55050507187843334 79.500000000000014 64.500000000000014 5.5000000000000009 66.500000000000014 25.500000000000004 12.500000000000002
decision_type=10 8 2 10 10 10 10 2 10 10 8 10 8 8
left_child=12 2 10 -3 6 9 -5 -8 -9 -6 11 -2 -1 -14
right_child=1 3 -4 4 5 -7 7 8 -10 -11 -12 -13 13 -15
leaf_value=0.0017515304727984769 0.012862228203421814 -0.0047863903497066618 0.0064180760702577206 0.006750160305808434 0.0060288759406790645 -0.024735915020258167 -0.00025053779009605033 -0.009986225315456532 -0.049549033461979981 0.014977897014458365 -0.00039216197214537405 -0.0059062020856203478 -0.0099722169589003522 -0.0019459988636607265
leaf_weight=2512.6055365949869 599.94737479090691 693.54292363673449 1963.244606141001 1006.4997647665441 1473.4049665331841 54.965119123458862 837.59174585342407 220.46031927317381 43.496688932180405 1103.9082348719239 27044.070674173534 249.67860869318247 1409.2263540402055 7015.7189344614744
leaf_count=10922 2641 3022 10858 5998 6554 243 3987 1121 199 5293 121442 1159 6541 32919
internal_value=0.000158091 0.000870131 0.000280123 0.00410552 0.0054138 0.00909075 0.00080123 -0.00464621 -0.0180763 0.00990497 -0.00015403 0.00734223 -0.00213805 -0.00329876
internal_weight=46228.4 35290.8 29856.9 5433.87 4740.33 2632.28 2108.05 1101.55 263.957 2577.31 27893.7 849.626 10937.6 8424.95
internal_count=212899 162517 136100 26417 23395 12090 11305 5307 1320 11847 125242 3800 50382 39460
is_linear=0
shrinkage=0.03


Tree=148
num_leaves=15
num_cat=0
split_feature=238 67 230 231 76 52 47 7 7 230 231 231 78 244
split_gain=64.8577 68.1062 64.1752 135.228 131.686 127.953 78.1016 74.8246 68.4005 83.0984 76.672 79.0098 66.5609 65.8533
threshold=-0.11847809329628943 2.5000000000000004 3.5000000000000004 92.500000000000014 77.500000000000014 11.500000000000002 14.500000000000002 2.5000000000000004 29.500000000000004 71.500000000000014 81.500000000000014 93.500000000000014 18.500000000000004 0.0029924191767349844
decision_type=10 10 10 8 8 10 8 8 10 10 10 10 10 2
left_child=2 -2 3 7 6 13 -5 -1 10 -10 -7 12 -12 -4
right_child=1 -3 5 4 -6 8 -8 -9 9 -11 11 -13 -14 -15
leaf_value=0.019040651201952811 -0.0076896602975034352 -0.00061138083019821987 -0.017501244364067501 -0.021980831173329628 0.004763858707996344 0.0087586821097444083 -0.0027582018375294864 0.0063843631659907391 -0.0018408147609121515 0.0064417273454576091 -0.029012437295213293 0.0099839084605261048 -0.0031663823612793581 -0.0028711105840212464
leaf_weight=538.93900598958135 1270.3242765218019 27600.206531405449 288.10475692152977 319.60960448533297 1265.383476510644 2297.7898471727967 457.82088582962751 1887.0816523656249 3965.6040197238326 1492.1721874624491 109.9960158765316 289.72314621508121 367.05293686687946 4026.7571148872375
leaf_count=3789 5621 119673 1295 1605 8393 10618 2615 10132 18621 7678 508 1535 1756 18926
internal_value=-5.49965e-05 -0.000925385 0.00139671 0.0044887 -0.0011982 0.000317687 -0.0108396 0.00926257 0.00244816 0.000431297 0.00602698 -0.00216648 -0.00959918 -0.00388618
internal_weight=46176.6 28870.5 17306 4468.83 2042.81 12837.2 777.43 2426.02 8522.34 5457.78 3064.56 766.772 477.049 4314.86
internal_count=212765 125294 87471 26534 12613 60937 4220 13921 40716 26299 14417 3799 2264 20221
is_linear=0
shrinkage=0.03


Tree=149
num_leaves=15
num_cat=0
split_feature=233 245 248 226 120 249 222 245 230 222 147 224 230 224
split_gain=77.1187 90.7351 120.764 174.791 192.988 138.752 136.361 158.939 113.274 183.378 113.634 102.476 102.187 97.2914
threshold=68.500000000000014 -0.1103546880185604 0.71212121844291698 28.500000000000004 16.500000000000004 0.52020201086997997 12.500000000000002 -0.090126395225524888 10.500000000000002 2.5000000000000004 15.500000000000002 10.500000000000002 69.500000000000014 41.500000000000007
decision_type=10 2 2 8 8 2 10 2 10 10 10 10 8 10
left_child=1 -1 -3 8 -5 6 7 -6 10 -10 -4 -8 13 -9
right_child=-2 2 3 4 5 -7 11 12 9 -11 -12 -13 -14 -15
leaf_value=0.0054486133194769221 0.0018128292172063121 -0.00032002530083702948 0.014379915915339502 -0.020355558486604777 0.013035688142687301 -0.013252586948240488 -0.024295474193467032 -0.0074973800431460264 0.014691130175276514 -0.024554059492827802 -0.0098139584033587642 0.014717860377151021 0.020228021067551043 -0.034578255570717607
leaf_weight=1955.6064862124622 15278.530216794461 23990.31900908798 201.23502307385206 377.10238246619701 365.35888061672449 417.16622117161751 55.357457518577576 404.71639721095562 116.16336767375469 826.44368474930525 1019.6947115510702 1070.5922619998455 72.13705550134182 164.32523468136787
leaf_count=12585 71134 107046 968 1569 1668 1918 239 1706 524 3533 4611 4869 367 676
internal_value=6.87521e-05 -0.000790131 -0.0012114 -0.00540355 -0.000615388 0.00237237 0.00547658 -0.0025406 -0.0118482 -0.0196142 -0.00574187 0.0126028 -0.0114802 -0.0157798
internal_weight=46314.7 31036.2 29080.6 5090.29 2926.76 2549.65 2132.49 1006.54 2163.54 942.607 1220.93 1125.95 641.179 569.042
internal_count=213413 142279 129694 22648 13012 11443 9525 4417 9636 4057 5579 5108 2749 2382
is_linear=0
shrinkage=0.03


Tree=150
num_leaves=15
num_cat=0
split_feature=190 233 194 226 241 51 63 146 192 209 126 57 12 138
split_gain=73.8529 97.7036 75.3716 83.5548 67.2541 82.4019 66.9806 64.2949 61.8203 61.4136 55.9732 49.4822 49.1541 47.9868
threshold=73.500000000000014 68.500000000000014 32.500000000000007 2.5000000000000004 -1.0000000180025095e-35 3.5000000000000004 60.500000000000007 98.500000000000014 53.500000000000007 42.500000000000007 99.500000000000014 37.500000000000007 43.500000000000007 65.500000000000014
decision_type=10 10 10 10 8 10 8 10 10 10 10 10 10 8
left_child=1 4 3 13 5 -1 9 11 -6 10 -7 -4 -5 -3
right_child=-2 2 7 12 8 6 -8 -9 -10 -11 -12 -13 -14 -15
leaf_value=-0.0061920582152300467 0.0032176455947481642 0.011801232509311024 -0.0034418859312483636 0.0037664719510566227 0.013104719689498808 -0.0021111413949097529 0.00087075870211334372 -0.014208060205649239 -0.024276850178505716 -0.0072144934328355623 0.0069515487836367901 0.0019782715109615367 -0.0020524340900370946 -0.015901135496639431
leaf_weight=3331.9091551192105 5371.9394423514605 1201.5079598128796 2532.1951062679291 4583.5371509641409 416.67087192460895 11187.215731441975 8980.0245371833444 299.91944590583444 34.727898351848125 2064.672495059669 639.24948711693287 3745.0084997676313 1818.42530156672 50.607390806078911
leaf_count=15993 25153 6815 11315 20765 2929 49060 41455 1785 214 8752 3304 17187 8290 230
internal_value=-8.59859e-05 -0.000520728 0.00148565 0.00350757 -0.00159212 -0.00179141 -0.0011479 -0.000869101 0.00976498 -0.00245256 -0.00161582 -0.000210192 0.00211304 0.0105645
internal_weight=46257.6 40885.7 14231.2 7654.08 26654.5 26203.1 22871.2 6577.12 451.399 13891.1 11826.5 6277.2 6401.96 1252.12
internal_count=213247 188094 66387 36100 121707 118564 102571 30287 3143 61116 52364 28502 29055 7045
is_linear=0
shrinkage=0.03


Tree=151
num_leaves=15
num_cat=0
split_feature=243 242 190 238 224 192 248 12 233 165 244 229 117 244
split_gain=84.898 85.4449 65.1812 66.6792 69.5512 101.489 63.6389 90.5746 60.2166 57.8673 59.4376 184.742 98.6644 93.0459
threshold=-0.0086131645366549475 0.013352506328374149 86.500000000000014 -0.27219408750534052 2.5000000000000004 1.0000000180025095e-35 0.4797979891300202 9.5000000000000018 27.500000000000004 5.5000000000000009 0.0019962895894423132 3.5000000000000004 87.500000000000014 0.0024235565215349202
decision_type=2 8 10 10 10 8 2 10 10 8 2 8 10 2
left_child=1 8 3 4 -3 -6 -2 -8 -1 -5 11 -11 -13 -12
right_child=6 2 -4 9 5 -7 7 -9 -10 10 13 12 -14 -15
leaf_value=-0.012047994471456647 -0.0030956863298748066 0.018687935751428634 0.0054161668028790003 -0.0050767976703128574 -0.023628871722236867 0.009235293180277479 0.0095571564542924151 -0.026942943487377011 -0.0013515114326600448 0.017964694807930628 0.013789491767460757 -0.013362498024211087 0.0097059545767074797 0.00055291013127153779
leaf_weight=788.00379859656096 3554.4155870750546 352.73892593756318 2473.4002139046788 1759.9360331371427 104.11904897540808 316.69105580449104 77.70405375212431 218.5283327549696 1172.6344862431288 247.39669790118933 474.90181467682123 1088.9892899468541 189.28129021078348 33510.854526296258
leaf_count=3389 15600 3422 11961 7833 698 2245 376 957 5109 1240 2131 4596 893 153182
internal_value=2.35629e-05 0.000410583 0.000707109 0.000399618 0.0090606 0.000744141 -0.0042359 -0.0173692 -0.00568988 0.000217481 0.000481219 -0.00529215 -0.00989779 0.000741874
internal_weight=46329.6 42478.9 40518.3 38044.9 773.549 420.81 3850.65 296.232 1960.64 37271.4 35511.4 1525.67 1278.27 33985.8
internal_count=213632 196699 188201 176240 6365 2943 16933 1333 8498 169875 162042 6729 5489 155313
is_linear=0
shrinkage=0.03


Tree=152
num_leaves=15
num_cat=0
split_feature=232 224 222 141 230 245 222 141 248 243 245 248 230 224
split_gain=81.9361 104.166 96.6316 118.214 81.8725 99.148 80.9309 79.4604 118.147 103.496 89.5043 114.777 78.503 75.529
threshold=83.500000000000014 16.500000000000004 94.500000000000014 69.500000000000014 80.500000000000014 -0.047014810144901269 4.5000000000000009 72.500000000000014 0.80303028225898754 -0.033845905214548104 -0.09202431887388228 0.83333334326744091 11.500000000000002 98.500000000000014
decision_type=10 10 10 10 8 2 10 10 2 2 2 2 8 10
left_child=4 7 3 6 -1 13 -3 -2 9 -9 -10 -12 -8 -6
right_child=1 2 -4 -5 5 -7 12 8 10 -11 11 -13 -14 -15
leaf_value=-0.0014100488931364434 0.0035726958129257964 -0.01740482907789313 -0.016843086281475045 0.011745726076013811 0.0065740129226304206 -0.0012109545773506729 0.012795322221082131 -0.015054708095138267 0.016809247090232318 0.0028308101845873558 0.012983347748623334 -0.029566891175751158 0.00086725737002691121 -0.011616662049749114
leaf_weight=29646.859188538045 1557.6356325261295 167.08135307580233 162.97865749150515 1952.0517266839743 3558.1601810604334 4067.4355877190828 627.1417447924614 1011.7083461508155 306.24814280867577 403.30601005256176 107.37554463744164 102.36894597113132 2258.5797066017985 209.01744196563959
leaf_count=133234 7494 732 730 9142 18723 18286 2920 5456 2197 1932 511 482 9865 1111
internal_value=-8.16011e-05 0.00254736 0.00524738 0.00599888 -0.000689286 0.00203647 0.00229783 -0.00145583 -0.00550957 -0.0099729 0.0066872 -0.00818438 0.00349477 0.00553664
internal_weight=46137.9 8656.48 5167.83 5004.85 37481.5 7834.61 3052.8 3488.64 1931.01 1415.01 515.993 209.744 2885.72 3767.18
internal_count=212815 41461 23389 22659 171354 38120 13517 18072 10578 7388 3190 993 12785 19834
is_linear=0
shrinkage=0.03


Tree=153
num_leaves=15
num_cat=0
split_feature=57 231 137 47 244 249 229 248 229 222 249 244 244 243
split_gain=74.9456 86.5596 151.631 151.837 103.98 115.53 96.6566 88.0825 78.7843 76.0934 75.9963 81.5259 78.5142 75.2947
threshold=70.500000000000014 86.500000000000014 22.500000000000004 41.500000000000007 0.034388624131679542 0.82323232293128978 3.5000000000000004 0.73232322931289684 5.5000000000000009 7.5000000000000009 0.23737373948097232 0.0086867148056626337 0.01097327843308449 -0.092125352472066865
decision_type=10 10 8 10 2 2 10 2 8 10 2 2 2 2
left_child=-1 8 3 -3 -4 7 -7 13 9 10 11 -2 -13 -6
right_child=1 2 4 -5 5 6 -8 -9 -10 -11 -12 12 -14 -15
leaf_value=-0.00078164666432231308 0.010141597708459585 -0.0024217824067252164 0.0086951534141446584 -0.027057918744917194 0.016205558172018665 0.024230453889999556 -0.010615791222444333 -0.030664206589606779 0.0019581708827575602 0.018519940880553983 0.017095150840928004 -0.024862292780996224 0.00046604332032944366 -0.010600531403498698
leaf_weight=31769.496449388564 389.59502188488841 537.42225281521678 995.95003231987357 380.2375403791666 107.14943519979715 177.65888931974769 108.47305898368359 152.08145663514733 9857.4557718485594 510.67124701291323 314.28884314745665 156.42026778310537 324.69653268903494 484.98280696570873
leaf_count=144262 1959 2896 5178 1806 874 1266 535 743 44241 2686 1886 815 1689 2556
internal_value=3.39723e-05 0.00182066 -0.00276483 -0.0128115 0.00182565 -0.00483429 0.0111078 -0.0110296 0.00299051 0.00894515 0.00469848 8.05322e-05 -0.00810725 -0.00556125
internal_weight=46266.6 14497.1 2943.96 917.66 2026.3 1030.35 286.132 744.214 11553.1 1695.67 1185 870.712 481.117 592.132
internal_count=213392 69130 15854 4702 11152 5974 1801 4173 53276 9035 6349 4463 2504 3430
is_linear=0
shrinkage=0.03


Tree=154
num_leaves=15
num_cat=0
split_feature=245 248 120 228 224 141 224 229 228 229 228 119 106 78
split_gain=79.7796 99.9352 95.449 84.4112 134.972 116.728 92.2033 92.1078 204.009 83.0091 86.7504 79.6141 104.164 87.7991
threshold=-0.044003877788782113 0.37878787517547613 17.500000000000004 93.500000000000014 82.500000000000014 80.500000000000014 84.500000000000014 60.500000000000007 52.500000000000007 76.500000000000014 73.500000000000014 43.500000000000007 8.5000000000000018 12.500000000000002
decision_type=2 2 8 10 10 10 10 8 10 10 10 10 8 8
left_child=1 9 -2 4 11 6 -6 -8 -9 -1 -11 12 -3 -13
right_child=2 3 -4 -5 5 -7 7 8 -10 10 -12 13 -14 -15
leaf_value=0.0076822301548092071 0.0034694489827823065 -0.0092020502969686977 -0.0031223302565121513 -0.012978546223723035 0.022983905186873581 0.019084470818208615 0.014999335068477381 -0.035476074046676596 0.001876798381751551 -0.015009683217155742 0.0049572088416267946 -0.0031392833781616913 -0.00082924414649176179 0.0019653943655609362
leaf_weight=3013.2492004558444 2413.230097129941 1697.5126097351313 10751.12022998184 417.63650323450565 174.09275255352259 587.67730586230755 279.65327712893486 147.78234971314669 787.78614095598459 320.15087098628283 472.89929839968681 3781.6445322856307 6178.355260360986 15143.867441039532
leaf_count=13440 10214 7202 46973 2126 812 3337 1353 641 3597 1458 2146 20587 27235 71763
internal_value=6.14811e-05 0.000849122 -0.00191224 0.000252271 0.00044872 0.00799295 0.0031984 0.000199468 -0.00433624 0.00541458 -0.00318987 -0.00011055 -0.00264324 0.000944272
internal_weight=46166.7 33002.3 13164.4 29196 28778.4 1976.99 1389.31 1215.22 935.568 3806.3 793.05 26801.4 7875.87 18925.5
internal_count=212884 155697 57187 138653 136527 9740 6403 5591 4238 17044 3604 126787 34437 92350
is_linear=0
shrinkage=0.03


Tree=155
num_leaves=15
num_cat=0
split_feature=215 164 77 120 147 244 231 224 231 249 224 231 224 231
split_gain=66.1056 59.0178 59.3916 56.0695 70.3091 65.7596 53.4653 53.4279 88.6593 125.091 82.887 76.5546 86.9723 81.9931
threshold=61.500000000000007 51.500000000000007 1.5000000000000002 98.500000000000014 82.500000000000014 0.033992469310760505 92.500000000000014 31.500000000000004 29.500000000000004 0.035353535786271102 26.500000000000004 32.500000000000007 43.500000000000007 26.500000000000004
decision_type=10 10 8 10 8 2 10 10 8 2 8 10 10 10
left_child=1 2 -1 -4 6 -6 -5 8 9 -3 -10 12 13 -9
right_child=-2 7 3 4 5 -7 -8 11 10 -11 -12 -13 -14 -15
leaf_value=-0.010763195442722523 -0.0030931306763675105 0.016667491428303247 -0.0008554389745233324 0.011966176265333398 0.00065072416264249397 -0.025984890683628675 9.6544066966148368e-05 -0.0057486102665911957 0.00058149064803708313 0.0025515760865534262 0.011582320349867057 0.002188052420873954 7.7634292251142024e-05 -0.02498022201903451
leaf_weight=495.71002184599638 5203.9709875769913 952.51708769798279 18774.627895724028 932.84213590249419 336.21963170915842 100.74613586068153 535.78852210566401 1070.4654409661889 6453.9128739908338 1378.7600541561842 671.67195415124297 6384.8066657632589 2547.5888295099139 238.29576284438372
leaf_count=2382 22748 4111 85023 4874 1701 516 3189 4650 32488 6190 3083 29364 11172 1045
internal_value=8.80971e-05 0.000493781 -0.000605576 -0.000357011 0.00453252 -0.00593431 0.00766581 0.00167533 0.00329997 0.00836564 0.00163323 0.000173353 -0.00315934 -0.00941312
internal_weight=46077.9 40874 21175.9 20680.2 1905.6 436.966 1468.63 19698 9456.86 2331.28 7125.58 10241.2 3856.35 1308.76
internal_count=212536 189788 97685 95303 10280 2217 8063 92103 45872 10301 35571 46231 16867 5695
is_linear=0
shrinkage=0.03


Tree=156
num_leaves=15
num_cat=0
split_feature=245 246 242 119 76 110 233 224 120 137 144 147 248 224
split_gain=69.4663 67.8364 69.9233 128.067 114.448 111.823 89.0664 82.8436 113.736 108.586 106.754 109.864 87.5877 86.3306
threshold=-0.20662932842969892 0.28686656057834631 0.025096439756453041 15.500000000000002 87.500000000000014 65.500000000000014 14.500000000000002 6.5000000000000009 77.500000000000014 84.500000000000014 59.500000000000007 71.500000000000014 0.58080807328224193 7.5000000000000009
decision_type=2 2 8 8 10 10 10 10 10 10 10 10 2 10
left_child=-1 2 6 5 -5 -4 -2 10 -9 12 -8 -12 -10 -14
right_child=1 -3 3 4 -6 -7 7 8 9 -11 11 -13 13 -15
leaf_value=0.017027152256632001 -0.0042109796369372244 -0.019034542520677034 -0.0081166023625382101 0.0014233189925307458 0.0088286287565796703 0.0070845314352981047 0.0031332026671072998 -0.00058451384417488271 0.0026826385864395222 -0.004191312616084018 -0.0050476634690082966 -0.022626891709037401 -0.012630300255447731 0.014210861156194703
leaf_weight=206.82202457636595 5828.8600125908852 157.78012031316757 2006.1916836127639 15174.602709546685 2134.7434587851167 547.1849821805954 1100.0753980651498 12704.534950956702 1669.7875914722681 889.02847254276276 1715.6453193053603 386.19847682118416 108.24492315948009 1561.3594218418002
leaf_count=2593 25347 877 8592 73368 11804 2459 4989 53354 7226 4374 8317 1804 475 7518
internal_value=8.6307e-05 6.42722e-06 7.61235e-05 0.00141553 0.00234118 -0.00484409 -0.000948697 -2.67522e-06 0.000834756 0.00509035 -0.00442014 -0.00836957 0.0075665 0.0124058
internal_weight=46191.1 45984.2 45826.5 19862.7 17309.3 2553.38 25963.7 20134.9 16933 4228.42 3201.92 2101.84 3339.39 1669.6
internal_count=213097 210504 209627 96223 85172 11051 113404 88057 72947 19593 15110 10121 15219 7993
is_linear=0
shrinkage=0.03


Tree=157
num_leaves=15
num_cat=0
split_feature=245 248 230 226 117 10 226 222 243 244 243 243 120 230
split_gain=73.7126 122.876 126.595 122.717 118.371 156.787 166.948 163.137 158.362 149.222 148.994 123.92 159.733 117.361
threshold=-0.044003877788782113 0.37878787517547613 80.500000000000014 12.500000000000002 89.500000000000014 68.500000000000014 41.500000000000007 30.500000000000004 -0.087502673268318162 0.039603579789400108 -0.020850330591201779 -0.011399664450436829 44.500000000000007 78.500000000000014
decision_type=2 2 10 8 10 10 10 10 2 2 2 2 10 10
left_child=1 -1 3 -3 5 6 7 -5 -8 11 13 -10 -13 -7
right_child=-2 2 -4 4 -6 10 8 -9 9 -11 -12 12 -14 -15
leaf_value=0.0059632380383078986 -0.0017395260640807877 0.0027999264095043184 0.005914103269953069 -0.0072948762100148168 0.0035629487085591838 -0.0040463152846519296 -0.02549710990809095 0.0048820815573593799 0.0058361368479995885 -0.016453876284296974 -0.021013136639707421 -0.036854616385244537 0.010033009074286428 -0.029015895954510589
leaf_weight=3828.1341996490955 13129.801956184208 7516.212007202208 3161.7420809268951 4457.962517850101 3139.7948579266667 3304.674403436482 164.22480539232492 1264.4692217558622 4907.2585937827826 306.31914954632521 640.93836740404367 132.38832756876945 114.60042251646519 169.04406106472015
leaf_count=17173 57027 39703 15683 20398 15489 14305 737 5834 21143 1423 2709 541 480 703
internal_value=0.000161752 0.000916055 0.000254355 -0.000432796 -0.00173982 -0.00281824 -0.000996532 -0.00460035 0.0026715 0.00356372 -0.00782746 0.00478293 -0.0155554 -0.00534123
internal_weight=46237.6 33107.8 29279.6 26117.9 18601.7 15461.9 11347.2 5722.43 5624.79 5460.57 4114.66 5154.25 246.989 3473.72
internal_count=213348 156321 139148 123465 83762 68273 50556 26232 24324 23587 17717 22164 1021 15008
is_linear=0
shrinkage=0.03


Tree=158
num_leaves=15
num_cat=0
split_feature=57 244 242 141 230 52 44 248 230 147 106 59 249 31
split_gain=77.3544 85.672 73.9554 80.9403 74.6092 100.544 94.657 67.1974 64.3147 94.596 63.8032 91.7919 58.8077 77.2454
threshold=62.500000000000007 0.085841022431850447 0.024377696216106418 19.500000000000004 3.5000000000000004 9.5000000000000018 28.500000000000004 0.80303028225898754 71.500000000000014 81.500000000000014 90.500000000000014 1.0000000180025095e-35 0.7525252401828767 67.500000000000014
decision_type=10 2 8 10 10 10 10 2 10 10 8 8 2 10
left_child=1 10 3 -2 7 -6 -7 -4 9 12 -1 -12 13 -5
right_child=2 -3 4 8 5 6 -8 -9 -10 -11 11 -13 -14 -15
leaf_value=-0.00097588115072738755 0.0089530056551777159 0.010074121291759866 0.006343651086427024 0.00010629382115167336 -0.0051091347867871567 0.0099755469539801536 0.0013054697289451868 0.022090278182019987 0.0038170352808707207 -0.01141976817043899 -0.032626168928956825 -0.005186143081394215 0.0083947877649669534 -0.007757837742718242
leaf_weight=26325.627829972655 782.60164983570576 600.40341098606586 1214.3634808175266 4377.2827814221382 1333.1687642335892 1663.7981233075261 3521.1850601509213 300.34822225943208 1933.0254455134273 892.21111058443785 112.562904343009 1117.738850325346 534.28046868741512 1502.4388969689608
leaf_count=117643 3274 3704 7468 19452 6475 7912 16491 2226 8912 3912 525 5868 2860 6594
internal_value=-6.10008e-05 -0.00104375 0.00147132 -0.000248018 0.00361402 0.00221264 0.00410144 0.00959041 -0.00103622 -0.00232372 -0.00128956 -0.0079395 -0.00104262 -0.00191298
internal_weight=46211 28156.3 18054.7 10021.8 8032.86 6518.15 5184.98 1514.71 9239.24 7306.21 27555.9 1230.3 6414 5879.72
internal_count=213316 127740 85576 45004 40572 30878 24403 9694 41730 32818 124036 6393 28906 26046
is_linear=0
shrinkage=0.03


Tree=159
num_leaves=15
num_cat=0
split_feature=190 238 171 60 241 148 224 107 142 46 244 119 244 244
split_gain=81.0844 72.5794 75.8627 71.4945 83.1116 70.2999 87.4401 105.219 93.7404 94.8396 88.8694 67.6808 60.7356 83.4383
threshold=91.500000000000014 -0.11211552470922469 9.5000000000000018 83.500000000000014 -1.0000000180025095e-35 12.500000000000002 4.5000000000000009 3.5000000000000004 80.500000000000014 11.500000000000002 0.11410578340291978 97.500000000000014 0.0016571877058595421 0.0044328018557280311
decision_type=10 10 10 10 8 10 8 10 10 10 2 8 2 2
left_child=1 3 -3 4 5 6 7 10 -8 11 -1 -10 -4 -14
right_child=-2 2 12 -5 -6 -7 8 -9 9 -11 -12 -13 13 -15
leaf_value=0.015423007960489168 0.005790565682578231 -0.0057299354739563666 -0.0094083082832914101 0.0051013604920370969 0.016840877505721247 0.00099037955278697158 -0.0020972683012419305 -0.012419347756772756 -0.031429092272032666 -0.0054305681282190085 -0.027171191332108983 -0.0022426957700152593 0.0049532628641674181 -0.0010927445614093137
leaf_weight=495.52130527421832 2052.7037764266133 3105.0901015922427 692.58398912847042 3322.741465780884 257.27771741524339 12147.144838608801 1406.151310082525 218.64053650200367 315.87715382501483 494.58101499453187 39.21212238073349 93.67672386392951 2291.4374420493841 19127.862513400614
leaf_count=3347 10025 13313 2897 18184 1991 58047 6676 1140 1424 2261 249 522 9721 82856
internal_value=-2.27967e-05 -0.00029521 -0.00134668 0.00111581 0.000256916 -3.44674e-05 -0.0040879 0.00474203 -0.00697532 -0.014456 0.0118581 -0.0249659 -0.000728839 -0.000443933
internal_weight=46060.5 44007.8 25217 18790.8 15468.1 15210.8 3063.66 753.374 2310.29 904.135 534.733 409.554 22111.9 21419.3
internal_count=212653 202628 108787 93841 75657 73666 15619 4736 10883 4207 3596 1946 95474 92577
is_linear=0
shrinkage=0.03


Tree=160
num_leaves=15
num_cat=0
split_feature=242 76 233 140 246 103 55 245 192 246 233 139 230 231
split_gain=69.6544 71.9483 67.6554 87.324 77.7274 107.243 79.3116 72.7823 80.5801 89.9389 94.5941 74.3852 86.1516 159.798
threshold=0.010344672016799452 91.500000000000014 99.500000000000014 26.500000000000004 0.036498492583632476 3.5000000000000004 4.5000000000000009 -0.045489085838198655 94.500000000000014 0.062833532691001906 28.500000000000004 48.500000000000007 46.500000000000007 71.500000000000014
decision_type=8 10 10 10 2 8 10 2 10 2 10 10 8 10
left_child=-1 2 3 4 5 -2 -7 8 9 11 -11 12 -5 -14
right_child=1 -3 -4 7 -6 6 -8 -9 -10 10 -12 -13 13 -15
leaf_value=-0.012461267040484229 0.0034915585596518536 0.0034319452799838192 0.0055718713422285996 0.001985274426438408 0.0011587572366076832 -0.01244407081837173 -0.0039372698851488745 -0.001626271422411652 0.0082055811383698416 0.0055305390619499756 -0.0098941417595426028 -0.00038569542347735971 0.0034762974838271747 0.022558880461711537
leaf_weight=390.35413041710854 1561.2339831776917 5182.2679802104831 1672.3923699185252 4265.7971683517098 3989.369633577764 1121.2380380369723 7909.3608675412834 8938.9434771239758 1564.7736201621592 498.89398986846209 1209.2612721137702 6105.3679660707712 1192.8402381837368 583.90286945551634
leaf_count=1678 7026 26955 7895 20015 19807 5155 33976 38581 7849 2679 6400 26821 5366 3048
internal_value=-2.25492e-06 0.000106641 -0.000318408 -0.000572743 -0.00240813 -0.00375141 -0.00500607 0.000526415 0.0017745 0.00104284 -0.00538315 0.0019501 0.00430693 0.00983869
internal_weight=46186 45795.6 40613.4 38941 14581.2 10591.8 9030.6 24359.8 15420.8 13856.1 1708.16 12147.9 6042.54 1776.74
internal_count=213251 211573 184618 176723 65964 46157 39131 110759 72178 64329 9079 55250 28429 8414
is_linear=0
shrinkage=0.03


Tree=161
num_leaves=15
num_cat=0
split_feature=231 228 70 231 245 134 245 226 243 226 226 98 231 226
split_gain=76.2576 196.586 160.688 152.64 175.223 147.291 199.747 161.954 158.955 137.792 111.322 98.2133 141.781 105.72
threshold=91.500000000000014 11.500000000000002 9.5000000000000018 75.500000000000014 -0.077380996197462068 51.500000000000007 -0.088217630982398973 15.500000000000002 -0.079242162406444536 12.500000000000002 32.500000000000007 42.500000000000007 26.500000000000004 49.500000000000007
decision_type=10 8 8 10 2 10 2 8 2 8 10 8 8 8
left_child=2 5 -1 9 10 6 7 -2 -9 -4 -5 12 13 -11
right_child=1 -3 3 4 -6 -7 -8 8 -10 11 -12 -13 -14 -15
leaf_value=0.0044757951241265054 0.0048062916213402846 0.0025476400316819013 0.0042187325948352863 0.0068570244599362781 0.001098621938090395 -0.0015627571728424106 -0.025632864111978848 -0.035830161516217422 0.0053196334778836431 0.0048325584557486513 0.024762707521290828 0.0015096779196042023 -0.0053359364975665664 -0.0027474371256287424
leaf_weight=7471.1911130696535 583.47457135468721 2969.8789471015334 3455.9130562692881 876.11307175830007 4399.4449009522796 1606.5655210874975 753.6699970588088 218.63568058609962 130.32809033989906 2646.7857124656439 486.09385148435831 5033.4561571963131 11091.014169506729 4386.2234122604132
leaf_count=34619 3719 14753 16160 5122 19831 9299 3194 916 587 11179 2671 23535 48259 19150
internal_value=2.9243e-05 -0.00304546 0.000513132 -0.000402432 0.00402052 -0.00808269 -0.0142492 -0.00487368 -0.0207418 -0.00136113 0.0133804 -0.0021953 -0.00322452 0.000108011
internal_weight=46108.8 6262.55 39846.2 32375 5761.65 3292.67 1686.11 932.438 348.964 26613.4 1362.21 23157.5 18124 7033.01
internal_count=212994 32468 180526 145907 27624 17715 8416 5222 1503 118283 7793 102123 78588 30329
is_linear=0
shrinkage=0.03


Tree=162
num_leaves=15
num_cat=0
split_feature=245 51 70 243 193 230 230 126 243 102 245 246 226 117
split_gain=67.8256 64.6529 82.439 84.9267 75.7312 96.0507 74.0605 98.8372 73.5005 86.2919 73.3958 98.0463 87.9278 122.951
threshold=-0.20662932842969892 3.5000000000000004 9.5000000000000018 -0.0086131645366549475 72.500000000000014 71.500000000000014 60.500000000000007 97.500000000000014 -0.05061517842113971 24.500000000000004 -0.055031344294548028 0.010325668379664423 98.500000000000014 63.500000000000007
decision_type=2 8 8 2 8 10 10 10 2 10 2 2 10 10
left_child=-1 -2 -3 4 6 -6 -4 8 9 -8 11 -7 13 -13
right_child=1 2 3 -5 5 10 7 -9 -10 -11 -12 12 -14 -15
leaf_value=0.016994067389312147 -0.0033258628028010454 0.0035051599386011897 7.6800932817836331e-05 -0.0047794837322967815 0.00013521255273979017 -0.0040432457666410302 -0.027950478025461845 0.011594846341777914 -0.0039465356108961394 -0.0050750626747701633 0.0024033549332358787 0.003435970695151802 -0.0062036041054531511 0.02318632600538733
leaf_weight=200.46983269229531 4906.4935148954391 6178.6828670725226 13030.923462770879 3358.9062842130661 9252.0849971547723 345.36444896459579 259.07066389173269 315.25062172114849 3622.6428678482771 343.40514013171196 2792.869018226862 437.23394344002008 171.30690032988787 819.04236759245396
leaf_count=2581 22875 28849 59720 14787 42367 1574 1141 1617 15662 1619 12438 1994 1071 4522
internal_value=2.69868e-06 -7.53105e-05 0.000315098 -0.000252983 0.000232758 0.00189372 -0.00107374 -0.00436873 -0.00558439 -0.0152075 0.00544905 0.0102064 0.0136579 0.0163938
internal_weight=46033.7 45833.3 40926.8 34748.1 31389.2 13817.9 17571.3 4540.37 4225.12 602.476 4565.82 1772.95 1427.58 1256.28
internal_count=212817 210236 187361 158512 143725 63966 79759 20039 18422 2760 21599 9161 7587 6516
is_linear=0
shrinkage=0.03


Tree=163
num_leaves=15
num_cat=0
split_feature=238 60 193 229 229 231 242 38 230 231 1 242 129 243
split_gain=64.6094 77.8942 88.6585 83.4909 170.053 75.5616 79.2512 73.1825 100.11 101.745 92.8014 71.2806 69.6823 68.8519
threshold=-0.096473179757595048 67.500000000000014 70.500000000000014 57.500000000000007 35.500000000000007 92.500000000000014 0.020754641853272918 9.5000000000000018 1.5000000000000002 68.500000000000014 94.500000000000014 1.0000000180025095e-35 53.500000000000007 -0.023380268365144726
decision_type=10 10 10 10 8 10 10 10 8 10 10 10 10 2
left_child=1 2 11 4 5 6 -4 8 -3 -10 13 -1 -2 -11
right_child=12 7 3 -5 -6 -7 -8 -9 9 10 -12 -13 -14 -15
leaf_value=0.013507300889862992 -0.0019349064684517302 0.0086294799846193416 0.0014156392083679325 0.012075448188133548 -0.0096820871650379458 -0.0057156924029643239 0.013598148223669088 0.0054011049229653286 0.003009361678037652 -0.019673977728894097 0.015497632000345561 -0.0015969848035159691 0.0026105254317625175 -8.8549216532928966e-05
leaf_weight=277.67905102670193 17294.895259663463 712.28179381415248 861.96405829489231 856.28138133138418 870.69872512668371 417.91774846240878 1083.5670238472521 5673.1971488781273 827.16538838297129 615.31636921688914 95.205699548125267 12612.265172153711 3671.9971260353923 217.93718887865543
leaf_count=2130 73740 4882 3630 4280 3785 2162 5049 28266 4095 3259 579 59261 16855 1064
internal_value=9.12211e-05 0.00111719 -3.9966e-05 0.00380271 0.00158193 0.00575493 0.00823555 0.00352782 -0.000782901 -0.00462888 -0.0113934 -0.00126139 -0.00113799 -0.0146132
internal_weight=46088.4 25121.5 16980.4 4090.43 3234.15 2363.45 1945.53 8141.1 2467.91 1755.62 928.459 12889.9 20966.9 833.254
internal_count=213037 122442 80297 18906 14626 10841 8679 42145 13879 8997 4902 61391 90595 4323
is_linear=0
shrinkage=0.03


Tree=164
num_leaves=15
num_cat=0
split_feature=238 226 230 226 246 38 231 231 229 226 245 226 231 246
split_gain=66.2636 74.2595 155.313 129.757 114.689 101.317 95.372 200.699 183.848 154.694 99.4396 90.623 89.4939 106.926
threshold=-0.096942722797393785 43.500000000000007 28.500000000000004 12.500000000000002 0.014555894769728185 15.500000000000002 66.500000000000014 22.500000000000004 31.500000000000004 80.500000000000014 -0.057652505114674561 1.5000000000000002 91.500000000000014 0.059140477329492576
decision_type=10 10 8 10 2 10 8 10 10 10 2 8 10 2
left_child=1 3 4 5 -3 11 7 8 -4 -10 -8 -1 13 -13
right_child=-2 2 6 -5 -6 -7 10 -9 9 -11 -12 12 -14 -15
leaf_value=0.0055838289702702885 -0.0013370976570862573 0.027311140090867689 0.025701987253520242 -0.0031256586972643711 0.0069828896185760566 0.0066900835715695689 0.012824287397560748 -0.0046033942560246358 -0.0023214357041339354 0.015618428384479121 0.00046642985564391849 -0.0045248953657877015 -0.011354648318195354 0.010814849595951923
leaf_weight=1451.5128033421934 21203.718922898173 346.80265773832798 364.28684369474649 7621.582173191011 869.31378632411361 2998.5826701708138 1175.6746630743146 3886.3747368305922 1494.4087635427713 597.6822576969862 1160.2811958864331 1363.0311976186931 901.86539476364851 572.46165280044079
leaf_count=9083 91564 1510 1572 34921 4071 15297 6404 17432 6579 2915 5338 7195 4917 3872
internal_value=-0.000106033 0.000946464 0.00295999 -0.000390958 0.0129554 0.00246949 0.00154606 -0.000364878 0.00633259 0.00285366 0.00671423 -0.00049005 -0.00360597 4.44169e-05
internal_weight=46007.6 24803.9 9894.82 14909 1216.12 7287.45 8678.71 6342.75 2456.38 2092.09 2335.96 4288.87 2837.36 1935.49
internal_count=212670 121106 45821 75285 5581 40364 40240 28498 11066 9494 11742 25067 15984 11067
is_linear=0
shrinkage=0.03


Tree=165
num_leaves=15
num_cat=0
split_feature=231 229 126 224 137 249 77 249 98 148 106 249 156 148
split_gain=70.9654 147.186 177.534 123.244 139.525 109.124 86.4188 120.825 81.9695 92.1374 80.2719 79.5546 84.6188 79.2164
threshold=91.500000000000014 5.5000000000000009 48.500000000000007 16.500000000000004 23.500000000000004 0.91414141654968273 29.500000000000004 0.11616161838173868 42.500000000000007 13.500000000000002 88.500000000000014 0.82323232293128978 85.500000000000014 54.500000000000007
decision_type=10 8 10 10 8 2 10 2 10 8 8 2 10 10
left_child=1 2 13 4 -2 8 11 -8 -3 10 -10 12 -6 -1
right_child=3 5 -4 -5 6 -7 7 -9 9 -11 -12 -13 -14 -15
leaf_value=-0.0063924771670828854 -0.015763193697671023 -0.00084784177019748251 0.010276027540142193 0.0015739018267990296 0.0020931358907863929 -0.023139713881506555 0.0078179546219539417 -0.014289446853197326 -0.0021900248418814548 0.0040683153419539785 -0.027029235797824486 0.01961024542883991 -0.028841878752585155 0.0087931899492925576
leaf_weight=1154.6310414597392 1072.1939445137978 27586.741131484509 2730.9412387236953 2866.0787106826901 895.64107153192163 175.67150589078665 293.72537897527218 843.11762508377433 1138.5161806941032 6529.4143226966262 120.83932613581419 202.85051494836807 77.252463035285473 411.34663167595863
leaf_count=5290 5440 122523 14944 14323 5201 770 1449 4084 5098 29750 554 1554 391 1896
internal_value=-3.27574e-05 0.000433655 0.00567136 -0.003002 -0.00686988 -0.000200821 -0.00269652 -0.00855921 -8.04012e-05 0.00263537 -0.00476759 0.00299656 -0.000631701 -0.00237306
internal_weight=46099 39848.1 4296.92 6250.86 3384.78 35551.2 2312.59 1136.84 35375.5 7788.77 1259.36 1175.74 972.894 1565.98
internal_count=213267 180825 22130 32442 18119 158695 12679 5533 157925 35402 5652 7146 5592 7186
is_linear=0
shrinkage=0.03


Tree=166
num_leaves=15
num_cat=0
split_feature=242 165 151 233 58 140 10 70 3 49 222 26 67 98
split_gain=68.3276 63.9153 65.4443 59.0406 68.1225 62.1153 104.645 69.1961 82.4114 62.5578 64.2719 55.5702 53.1329 52.7893
threshold=0.010344672016799452 6.5000000000000009 3.5000000000000004 99.500000000000014 44.500000000000007 24.500000000000004 53.500000000000007 9.5000000000000018 5.5000000000000009 12.500000000000002 63.500000000000007 3.5000000000000004 1.5000000000000002 41.500000000000007
decision_type=8 8 8 10 10 10 10 10 10 10 10 10 10 10
left_child=-1 -2 -3 5 -5 6 13 8 -7 -8 -11 12 -9 -4
right_child=1 2 3 4 -6 7 9 11 -10 10 -12 -13 -14 -15
leaf_value=-0.012367890096487519 -0.0041220475973490298 -0.0033677020493753916 -0.00054547777276833863 0.010555616399837993 -0.0023409294019850948 -0.0024583409582267439 -2.5637944573795193e-05 -0.0038086245802417995 0.0092772590874419195 -0.010043406150965797 0.0070295117055966805 0.0006484915462045233 0.011329075012070786 0.0045025192347860439
leaf_weight=378.50186613202095 2793.4492654241621 3507.314811963588 8536.2915524989367 1132.0961935557425 539.66914032772183 733.37688454985619 1250.3666912913322 272.81536355614662 1980.4692139290273 2025.9996332898736 212.84024499356747 19507.550822578371 823.34815907850862 2374.8876986987889
leaf_count=1632 12600 16121 40048 5859 2431 4148 5407 1642 9231 8690 904 88516 4555 11238
internal_value=0.000160249 0.000266716 0.000553406 0.000903313 0.00640327 0.000657907 -0.000890888 0.00161438 0.0061085 -0.00540529 -0.00839629 0.00101975 0.0075612 0.000556368
internal_weight=46069 45690.5 42897 39389.7 1671.77 37717.9 14400.4 23317.6 2713.85 3489.21 2238.84 20603.7 1096.16 10911.2
internal_count=213022 211390 198790 182669 8290 174379 66287 108092 13379 15001 9594 94713 6197 51286
is_linear=0
shrinkage=0.03


Tree=167
num_leaves=15
num_cat=0
split_feature=226 226 107 122 249 230 249 244 242 226 222 193 145 144
split_gain=67.1438 87.8732 96.3715 124.688 152.646 113.09 98.5621 94.9726 75.4905 78.4468 110.804 162.316 104.847 101.651
threshold=99.500000000000014 81.500000000000014 26.500000000000004 47.500000000000007 0.025252525694668296 54.500000000000007 0.015151515137404205 0.019887197762727741 0.041719812899827964 12.500000000000002 28.500000000000004 69.500000000000014 63.500000000000007 4.5000000000000009
decision_type=10 10 10 10 2 8 2 2 8 8 10 10 10 10
left_child=1 8 -3 6 5 -5 -4 -6 9 12 11 -11 -1 -14
right_child=-2 2 3 4 7 -7 -8 -9 -10 10 -12 -13 13 -15
leaf_value=0.0060341327565545198 -0.0095785378302704303 0.010852747042758706 0.018273438737007035 0.029176359312990813 0.0096600974709398959 -0.014532063943687746 -0.010392555367261021 0.00041317620597921038 0.0038690879469119098 -0.0056981345859870771 0.00042806306468319685 0.0012970530586268417 -0.024785286758262155 -0.00011615303642166378
leaf_weight=3090.8979678303003 639.06143464893103 1219.5017525926232 111.66677725315094 49.685664877295494 2385.133880071342 539.25499457120895 1001.7068500518799 1717.329696983099 3352.1551445648074 9524.4692455269396 11997.129435047507 4341.671366609633 144.2190726660192 5965.1790660507977
leaf_count=14165 3070 5721 458 204 11075 2374 4310 8451 18870 41534 51734 19096 645 31504
internal_value=2.2729e-06 0.000139094 0.0032218 0.00160274 0.0037458 -0.0104191 -0.0073804 0.00579967 -0.000425268 -0.000836804 -0.00168299 -0.00350849 0.00154119 -0.000738046
internal_weight=46079.1 45440 7024.28 5804.78 4691.4 588.941 1113.37 4102.46 38415.7 35063.6 25863.3 13866.1 9200.3 6109.4
internal_count=213211 210141 32593 26872 22104 2578 4768 19526 177548 158678 112364 60630 46314 32149
is_linear=0
shrinkage=0.03


Tree=168
num_leaves=15
num_cat=0
split_feature=57 244 228 230 249 230 52 230 222 249 244 71 135 238
split_gain=68.8473 59.1146 72.2794 67.1806 66.9505 64.8299 56.8582 137.813 120.235 110.521 131.556 76.5925 71.928 69.7916
threshold=70.500000000000014 0.089284386485815062 93.500000000000014 64.500000000000014 0.89393940567970287 84.500000000000014 8.5000000000000018 3.5000000000000004 21.500000000000004 0.85353535413742077 0.035613799467682845 27.500000000000004 8.5000000000000018 -0.13525246083736417
decision_type=10 2 8 8 2 8 8 10 10 2 2 10 10 10
left_child=1 2 4 -4 -1 -3 7 9 -9 10 13 -8 -12 -2
right_child=6 5 3 -5 -6 -7 11 8 -10 -11 12 -13 -14 -15
leaf_value=-0.00048871092949695515 0.012702797893803804 -0.00061454352997749023 -0.031959853560013858 -0.0061418735882817514 -0.013208647885915411 0.019324206428207515 0.0076083079474989967 -0.0095972814912919802 0.0025405710305341118 0.028125351908964938 0.010210570839668132 0.0015077976037387029 -0.019366273103667907 -0.0029033146679680447
leaf_weight=29677.15772267431 848.35716917738318 313.73927800357342 92.132055640220642 903.72897536680102 367.17194195836782 264.78602903336287 2492.7464011348784 1829.4957358427346 1216.9611819013953 169.03281531110406 91.790586244314909 7154.3099341280758 284.17949018627405 364.0669324696064
leaf_count=133253 5391 1943 382 4753 1752 1746 11769 8177 5487 1340 663 33023 1734 1647
internal_value=4.87553e-05 -0.000735263 -0.000913569 -0.00882441 -0.000648505 0.00868454 0.00176351 -0.00090196 -0.00475615 0.0057683 0.00322804 0.00309038 -0.0120678 0.00803118
internal_weight=46069.7 31618.7 31040.2 995.861 30044.3 578.525 14450.9 4803.88 3046.46 1757.43 1588.39 9647.06 375.97 1212.42
internal_count=213060 143829 140140 5135 135005 3689 69231 24439 13664 10775 9435 44792 2397 7038
is_linear=0
shrinkage=0.03


Tree=169
num_leaves=15
num_cat=0
split_feature=149 137 68 229 237 228 243 60 244 236 228 244 246 244
split_gain=58.2338 61.724 75.5838 154.62 56.483 56.8074 69.6781 66.1794 59.3411 55.7806 70.7717 89.2713 84.5863 89.2574
threshold=24.500000000000004 90.500000000000014 18.500000000000004 4.5000000000000009 0.19228450953960421 93.500000000000014 -0.020850330591201779 41.500000000000007 0.062363374978303916 -0.1563586890697479 4.5000000000000009 0.0055663329549133786 0.014222193975001575 0.012500731740146877
decision_type=8 8 8 10 2 10 2 8 2 2 10 2 2 2
left_child=1 -1 3 -3 5 8 7 -7 9 -2 11 -11 13 -13
right_child=4 2 -4 -5 -6 6 -8 -9 -10 10 -12 12 -14 -15
leaf_value=-0.0010822222163991862 0.0069179111373954038 0.0092795787590645492 -0.0040746924220570139 -0.03518532280706848 0.0070158092404790495 -0.031110468743482764 0.00012001315588750899 -0.0064423085866002492 0.0078961348584089056 0.00345192306828877 0.00066455398864918955 -0.01164904677304522 -0.0040907265645803862 -0.047529574867976626
leaf_weight=9071.5176637321711 1104.9436070024967 99.467775620520115 1100.683347016573 204.75089241564274 1166.2790809683502 150.99516450613737 575.19100131094456 267.73524960875511 949.01928256824613 1214.9673566445708 26956.501232154667 368.56320309638977 2731.4432862102985 68.34940829873085
leaf_count=40446 7696 637 5286 964 7010 655 2585 1383 5649 5726 119457 1679 13417 308
internal_value=-2.78621e-05 -0.0019925 -0.00782101 -0.0208144 0.00055144 0.000330221 -0.00670138 -0.0158559 0.000541451 0.000323957 8.93428e-05 -0.00344154 -0.00608752 -0.0182
internal_weight=46030.4 10476.4 1404.9 304.219 35554 34387.7 993.921 418.73 33393.8 32444.8 31339.8 4383.32 3168.36 436.913
internal_count=212898 47333 6887 1601 165565 158555 4623 2038 153932 148283 140587 21130 15404 1987
is_linear=0
shrinkage=0.03


Tree=170
num_leaves=15
num_cat=0
split_feature=245 226 119 231 243 226 245 228 222 231 228 245 224 222
split_gain=66.3771 103.69 81.0725 86.1343 90.8283 100.092 86.4332 144.602 100.947 77.4752 96.9639 73.6348 76.8684 72.0417
threshold=-0.1103546880185604 54.500000000000007 17.500000000000004 22.500000000000004 -0.082624889910221086 44.500000000000007 -0.15727423131465909 6.5000000000000009 5.5000000000000009 58.500000000000007 24.500000000000004 -0.20662932842969892 17.500000000000004 5.5000000000000009
decision_type=2 10 8 10 2 10 2 10 10 10 10 2 8 10
left_child=1 2 -1 -4 5 9 7 -6 -8 -5 11 -11 13 -13
right_child=-2 -3 3 4 6 -7 8 -9 -10 10 -12 12 -14 -15
leaf_value=-0.020340443721543758 -0.00040757730932656328 0.019936549756814685 -0.014369804282787555 0.017470688771060776 0.018765254930515438 -0.034388319236784808 0.002987542688051971 -0.023519750016066782 0.020158325784181402 0.018622349759310455 -0.050346178302327259 -0.0033209694266151265 0.016417991431041373 -0.02727662657268156
leaf_weight=127.19607335329056 42540.246510148048 319.47487771138549 220.92927980050445 196.56714119762182 118.27209210023284 67.606126934289932 541.25189008563757 159.12748439610004 718.00772641599178 137.41667717322707 27.088889293372631 526.876937456429 123.46297202259302 135.1122350692749
leaf_count=554 190270 2245 1455 1281 1013 384 3205 901 4369 1796 197 3398 788 860
internal_value=-8.40416e-05 0.00393165 0.00222285 0.00325358 0.00471593 -0.00141475 0.00953767 -0.00546548 0.0128597 0.0008101 -0.00278342 -0.000862592 -0.00446278 -0.00854348
internal_weight=45958.6 3418.39 3098.92 2971.72 2750.79 1214.13 1536.66 277.4 1259.26 1146.52 949.958 922.869 785.452 661.989
internal_count=212716 22446 20201 19647 18192 8704 9488 1914 7574 8320 7039 6842 5046 4258
is_linear=0
shrinkage=0.03


Tree=171
num_leaves=15
num_cat=0
split_feature=209 10 140 70 120 248 231 63 245 29 140 244 226 71
split_gain=77.1449 73.7762 90.3073 89.3577 86.1416 138.88 79.0708 76.1188 88.3402 100.829 155.852 89.3669 81.5021 70.6766
threshold=48.500000000000007 2.5000000000000004 17.500000000000004 11.500000000000002 17.500000000000004 0.73232322931289684 85.500000000000014 36.500000000000007 -0.068525452166795717 8.5000000000000018 88.500000000000014 0.01445383206009865 14.500000000000002 24.500000000000004
decision_type=10 8 10 10 10 2 10 10 2 8 10 2 10 10
left_child=1 6 13 -4 5 -5 -1 -6 11 10 -10 12 -9 -3
right_child=-2 2 3 4 7 -7 -8 8 9 -11 -12 -13 -14 -15
leaf_value=0.0076766169069677516 -0.0029597080558398394 -0.00016935008130664796 0.0058489997123252211 0.0059328560173631615 -0.0030490414116074258 -0.01808381252150509 -0.0013319497294085451 0.020625518543120631 -0.0023403988908330844 0.00033049170640032011 -0.033743396829537697 0.0001953711422937431 0.0058664007669322494 -0.0051962387004765281
leaf_weight=2495.8814161717892 6426.6763313487172 6278.9576008804142 3146.4989560805261 3642.2473384216428 6379.9946663528681 220.76528456807137 1344.9010463133454 454.92028233036399 481.7528633326292 7772.6129420995712 192.83089658617973 1714.8301004841924 1271.7022982463241 4192.4131803400815
leaf_count=12242 28307 30120 14991 15895 28391 920 8104 2445 2154 34821 813 9220 6141 18403
internal_value=8.63816e-05 0.000581474 0.000156449 0.00112686 0.000453171 0.00451719 0.00452688 -0.000408192 0.00101038 -0.00064123 -0.0116788 0.00505445 0.00985142 -0.002185
internal_weight=46017 39590.3 35749.5 25278.2 22131.7 3863.01 3840.78 18268.6 11888.6 8447.2 674.584 3441.45 1726.62 10471.4
internal_count=212967 184660 164314 115791 100800 16815 20346 83985 55594 37788 2967 17806 8586 48523
is_linear=0
shrinkage=0.03


Tree=172
num_leaves=15
num_cat=0
split_feature=189 76 238 78 142 139 226 248 249 117 233 227 244 5
split_gain=60.4566 102.314 53.1357 62.0569 109.965 76.3447 130.368 92.8571 66.191 58.4585 56.4701 66.5264 51.2393 58.8339
threshold=46.500000000000007 87.500000000000014 -0.29089272022247309 10.500000000000002 42.500000000000007 42.500000000000007 66.500000000000014 0.58080807328224193 0.14646464586257937 87.500000000000014 34.500000000000007 9.5000000000000018 0.02048394083976746 2.5000000000000004
decision_type=10 8 10 8 10 8 10 2 2 10 10 10 2 10
left_child=2 -2 -1 4 -4 6 10 8 -8 -6 11 -5 13 -12
right_child=1 -3 3 5 9 -7 7 -9 -10 -11 12 -13 -14 -15
leaf_value=0.012576111965885404 0.00013182766100917575 0.0055888546050067182 0.0036410064129310049 -0.012247618273445055 -0.012805345645307657 -0.0025303430682089611 -0.0027899271738366779 0.018792133994345428 0.011781383320770817 -0.00398229660173948 0.013503335910709718 -0.0012851417308420395 -0.0032932761354576446 0.0019027269460075451
leaf_weight=242.0408524274826 18445.247980207205 3705.0863280445337 1010.0052183754742 631.27244928479195 1212.2381891533732 9588.4006958603859 615.68450917303562 551.95822662115097 500.88583274185658 1542.3936370909214 429.41685583814979 2246.6525454819202 1523.0323865041137 3819.1115463860333
leaf_count=2185 84351 19616 4453 2715 5323 42621 2638 2906 2429 8088 2163 9983 6976 16852
internal_value=-8.22774e-05 0.00104673 -0.00112806 -0.00127344 -0.00480031 -0.000604379 0.00118611 0.00883734 0.00379322 -0.00789735 -0.000298347 -0.00372384 0.00141323 0.00310421
internal_weight=46063.4 22150.3 23913.1 23671.1 3764.64 19906.4 10318 1668.53 1116.57 2754.63 8649.49 2877.92 5771.56 4248.53
internal_count=213299 103967 109332 107147 17864 89283 46662 7973 5067 13411 38689 12698 25991 19015
is_linear=0
shrinkage=0.03


Tree=173
num_leaves=15
num_cat=0
split_feature=92 245 248 244 222 118 229 244 229 243 246 243 248 245
split_gain=61.4791 61.1741 205.069 201.782 167.784 132.489 167.702 153.301 157.914 153.537 131.613 131.217 134.824 117.875
threshold=59.500000000000007 -0.071516510099172578 0.58080807328224193 0.02181983552873135 40.500000000000007 79.500000000000014 40.500000000000007 0.0032020570943132047 2.5000000000000004 -0.052462959662079804 0.026947411708533767 -0.05421908758580684 0.7929292917251588 -0.084423299878835664
decision_type=10 2 2 2 10 10 8 2 10 2 2 2 2 2
left_child=1 2 -1 4 5 7 -7 8 -4 -10 -6 -3 -13 -12
right_child=-2 11 3 -5 10 6 -8 -9 9 -11 13 12 -14 -15
leaf_value=0.0090346618588470883 0.0040650493309469958 -0.010767801608369388 0.018299446849495304 -0.0071443352203886803 0.024675810688868861 0.0030005428268099384 0.023774982691263307 0.00012738829091319447 0.003627387785884212 -0.027323202247119389 0.015164495121742817 -0.00040846560374670102 -0.024203418898227441 -0.03229181782858434
leaf_weight=2572.3336390145123 3237.8384345918894 1181.8357770815492 110.69324241578579 2909.0788304954767 469.96253695338964 2659.4390227310359 393.45646495372057 4428.9343747645617 194.75100762397051 523.54209634661674 99.546566374599934 27000.090233840048 206.02861049771309 73.049639046192169
leaf_count=14750 15821 5219 592 16027 2379 14441 2366 19927 891 2228 553 116906 842 328
internal_value=8.56729e-05 -0.000216088 0.00137345 -0.000294072 0.00193716 0.00078606 0.00574683 -0.00209974 -0.0138581 -0.018997 0.0165853 -0.00102454 -0.000597489 -0.00558941
internal_weight=46060.6 42822.7 14434.8 11862.5 8953.37 8310.82 3052.9 5257.92 828.986 718.293 642.559 28388 27206.1 172.596
internal_count=213270 197449 74482 59732 43705 40445 16807 23638 3711 3119 3260 122967 117748 881
is_linear=0
shrinkage=0.03


Tree=174
num_leaves=15
num_cat=0
split_feature=165 212 224 231 134 120 231 248 226 222 228 246 61 222
split_gain=68.9813 62.9361 59.6388 175.623 143.326 122.994 117.937 137.299 127.838 116.048 94.7618 93.0493 112.056 87.6184
threshold=17.500000000000004 39.500000000000007 32.500000000000007 89.500000000000014 50.500000000000007 49.500000000000007 76.500000000000014 0.58080807328224193 1.0000000180025095e-35 88.500000000000014 8.5000000000000018 0.054752390831708915 51.500000000000007 6.5000000000000009
decision_type=10 10 8 10 10 8 10 2 8 10 10 2 10 10
left_child=-1 2 3 5 10 -2 11 -8 -9 -10 -5 12 -4 -14
right_child=1 -3 6 4 -6 -7 7 8 9 -11 -12 -13 13 -15
leaf_value=-0.0024930745919899038 0.00014648486559568189 -0.0023033034597020239 -0.0060736574797461036 -0.014662781069960018 0.0024672298041680074 0.0063752748074713305 5.3803533289658276e-05 -0.031177018380287573 0.016227261827354816 -0.011186608618633367 0.0022439313495682895 0.0050999208403144751 -0.021117067172731784 0.00046483871995699698
leaf_weight=7625.690203692764 4492.4223704338074 5614.8402505517006 4496.5896838381886 1147.198481798172 1596.2420434691012 7811.0411482043564 2389.5095829740167 51.186702735722065 1294.1356186941266 148.50836208462715 398.77543419599533 1716.8948073536158 163.43691382557154 7088.8547532781959
leaf_count=35578 19316 24900 19425 5892 9308 38103 11051 224 6855 787 1832 8462 715 30875
internal_value=0.000111303 0.00062888 0.00113145 0.00248668 -0.00383461 0.00410289 -7.58247e-05 0.00452333 0.0116248 0.0133476 -0.0103154 -0.00140453 -0.00235857 -4.99369e-05
internal_weight=46035.3 38409.6 32794.8 15445.7 3142.22 12303.5 17349.1 3883.34 1493.83 1442.64 1545.97 13465.8 11748.9 7252.29
internal_count=213323 177745 152845 74451 17032 57419 78394 18917 7866 7642 7724 59477 51015 31590
is_linear=0
shrinkage=0.03


Tree=175
num_leaves=15
num_cat=0
split_feature=233 245 248 40 243 229 228 230 246 245 228 243 243 120
split_gain=72.4674 108.475 122.736 122.187 101.078 86.1862 83.1993 79.182 75.561 93.5788 80.6136 73.6638 66.0329 65.4707
threshold=54.500000000000007 -0.1103546880185604 0.71212121844291698 11.500000000000002 -0.027491552755236622 45.500000000000007 1.0000000180025095e-35 5.5000000000000009 0.050299776718020446 -0.1044003665447235 20.500000000000004 -0.020231718197464939 -0.05136705003678798 26.500000000000004
decision_type=10 2 2 8 2 10 10 10 2 2 8 2 2 8
left_child=1 -1 8 4 5 6 7 -4 9 -3 -11 -10 -8 -5
right_child=-2 2 3 13 -6 -7 12 -9 11 10 -12 -13 -14 -15
leaf_value=0.0068264011839059384 0.0013396609221339683 -0.025033193743441821 -0.013688554088689835 -0.012817440167993332 0.0013588954491407493 0.017848882781541155 -0.0077086312196675104 0.025878148504365667 0.0071209451134125338 0.0023759136628061827 -0.0025444104815271107 -0.00099165519141542467 -0.024528237728379396 0.0008948291126912593
leaf_weight=1469.7300121709704 20601.818084251136 140.90598645061255 106.35165023058653 371.079326197505 385.91579883545637 57.204290010035038 292.05512186139822 64.834369890391827 2012.2490876093507 4010.6735391840339 11769.446395255625 2002.891700387001 866.58252822607756 1758.0098600238562
leaf_count=9678 95982 674 510 1557 1682 282 1332 295 10388 17570 51406 9521 3724 8078
internal_value=1.89732e-05 -0.00105623 -0.00154489 -0.00640343 -0.0121978 -0.0159525 -0.0175288 0.00189799 -0.000591211 -0.00151884 -0.00129315 0.00308169 -0.0203908 -0.00154383
internal_weight=45909.7 25307.9 23838.2 3902.03 1772.94 1387.03 1329.82 171.186 19936.2 15921 15780.1 4015.14 1158.64 2129.09
internal_count=212679 116697 107019 17460 7825 6143 5861 805 89559 69650 68976 19909 5056 9635
is_linear=0
shrinkage=0.03


Tree=176
num_leaves=15
num_cat=0
split_feature=233 101 245 244 56 137 137 228 245 121 104 141 244 70
split_gain=60.4641 81.3903 95.3885 65.7375 60.546 116.185 113.314 84.7347 74.1594 67.1714 62.6293 61.3701 57.9948 52.4307
threshold=68.500000000000014 4.5000000000000009 -0.1093332953751087 0.10770849511027338 37.500000000000007 89.500000000000014 23.500000000000004 32.500000000000007 -0.045192804187536233 31.500000000000004 84.500000000000014 80.500000000000014 0.0081648202612996119 9.5000000000000018
decision_type=10 8 2 2 10 10 10 10 2 10 10 10 2 10
left_child=1 13 -3 -4 5 9 -6 12 11 -2 -11 -9 -8 -1
right_child=4 2 3 -5 6 -7 7 8 -10 10 -12 -13 -14 -15
leaf_value=-0.0010394246484851061 0.0091730755767876603 0.0081190616395223885 -0.00068718558750890273 0.014338786399544237 -0.0068937606067035091 -0.013386081257555089 0.0028453871023129316 0.0055309164054557838 -0.00035137102827612434 0.0030331503203333927 -0.017275318929125146 0.018329900040459736 -0.0077912174861826571 -0.008220158358403078
leaf_weight=1705.8667524531484 1791.5933123081923 1189.438872538507 25708.124413400888 254.75213073194027 1814.9915145337582 348.69991106539965 800.58968051895499 1325.9234218522906 1406.8551245331764 5977.4557258300483 130.02797485888004 449.55364977568388 1065.7466089352965 1972.5339564196765
leaf_count=8208 8670 8021 115048 1596 7847 1950 3609 5916 6019 29008 653 2328 4879 9153
internal_value=4.14817e-05 -0.000720439 -0.000152365 -0.000534284 0.00159542 0.00332612 -0.000486113 0.0018265 0.00479731 0.00407987 0.00257325 0.00885615 -0.00323766 -0.00490192
internal_weight=45942.2 30830.7 27152.3 25962.9 15111.4 8247.78 6863.66 5048.67 3182.33 7899.08 6107.48 1775.48 1866.34 3678.4
internal_count=212905 142026 124665 116644 70879 40281 30598 22751 14263 38331 29661 8244 8488 17361
is_linear=0
shrinkage=0.03


Tree=177
num_leaves=15
num_cat=0
split_feature=149 226 120 151 230 230 246 248 246 246 246 238 52 226
split_gain=65.5788 61.0993 56.4924 51.0671 49.9149 52.0079 71.7002 52.682 88.3325 62.6645 55.3008 47.7217 61.3564 84.155
threshold=17.500000000000004 99.500000000000014 15.500000000000002 3.5000000000000004 10.500000000000002 24.500000000000004 0.027378428727388385 0.6414141356945039 0.025684237480163578 0.013857670594006779 0.041932165622711189 -0.27219408750534052 8.5000000000000018 4.5000000000000009
decision_type=10 8 8 10 10 10 2 2 2 2 2 10 10 10
left_child=2 3 -1 -2 -4 6 -6 10 9 -9 -7 -5 13 -13
right_child=1 -3 4 11 5 7 -8 8 -10 -11 -12 12 -14 -15
leaf_value=0.0053499243344107264 -0.0030584155037137522 -0.007502750618999696 0.00038279410297801326 0.0097328507448903746 -0.019481405478236416 -0.0073862639915178224 -0.003756766208330336 -0.0023071215262135502 -0.0066346058614488593 0.027303555279819525 0.00088511591849131091 0.003994187235074117 0.0014485787468636626 -0.0036073158363694926
leaf_weight=723.58018554747105 3144.5414902605116 848.41918033733964 2189.6434079147875 535.68933802098036 473.53334856033325 2353.0005004405975 580.14049850404263 96.659259095788002 279.58187414705753 173.95587030053139 1048.1985995024443 1737.5573834441602 26437.971307490021 5242.2627731487155
leaf_count=3059 14424 4487 11724 4678 2006 10016 2694 417 1294 815 4864 9578 119074 23576
internal_value=-0.000108207 0.000410159 -0.00258973 0.000593098 -0.00339455 -0.00504454 -0.0109403 -0.00344873 0.00509698 0.0170218 -0.00484203 0.000932077 0.000788131 -0.00171199
internal_weight=45864.7 37946.4 7918.29 37098 7194.71 5005.07 1053.67 3951.4 550.197 270.615 3401.2 33953.5 33417.8 6979.82
internal_count=212706 175817 36889 171330 33830 22106 4700 17406 2526 1232 14880 156906 152228 33154
is_linear=0
shrinkage=0.03


Tree=178
num_leaves=15
num_cat=0
split_feature=194 224 104 246 190 233 140 119 171 224 249 248 224 139
split_gain=63.2955 74.0023 80.6098 62.9211 60.4051 55.1957 79.0676 62.295 58.1078 65.112 52.7304 54.9731 52.0215 53.4861
threshold=30.500000000000004 6.5000000000000009 89.500000000000014 0.041570784524083144 52.500000000000007 68.500000000000014 90.500000000000014 61.500000000000007 28.500000000000004 2.5000000000000004 0.085858587175607695 0.33838383853435522 6.5000000000000009 4.5000000000000009
decision_type=10 10 10 2 10 10 8 10 8 8 2 2 10 10
left_child=5 2 -2 -4 -3 8 7 -7 -1 -10 -6 -12 13 -9
right_child=1 4 3 -5 10 6 -8 12 9 -11 11 -13 -14 -15
leaf_value=-0.0019094803078109114 -0.0047146247165619458 -0.0018096591460857179 0.0010374654996734823 -0.039645849517644723 -0.0016928485686972853 0.0012390258757916267 -0.0096196382201584503 0.0073151134443648902 0.011291175662545406 0.0010423676896374439 0.00033073546926056587 0.0067396346474845109 0.009475058620509123 -0.0053033937000256876
leaf_weight=7070.0403988659382 2023.6420521512628 12652.718196045607 49.048747718334198 99.436583459377289 2809.2024826258421 3720.0208808369935 399.23694201558828 675.71146525070071 588.58261016011238 8261.2889636158943 2458.1817289665341 2353.9982875809073 2281.8120330907404 531.33205124363303
leaf_count=32629 10520 56650 247 459 12123 16018 1995 4420 3241 38434 11038 11623 11096 2684
internal_value=3.48409e-05 -0.00110456 -0.00635403 -0.0269895 -0.000539284 0.00112186 0.00322194 0.00394546 0.000116839 0.00173596 0.00156935 0.00347328 0.00681943 0.0017626
internal_weight=45974.3 22446.2 2172.13 148.485 20274.1 23528 7608.11 7208.88 15919.9 8849.87 7621.38 4812.18 3488.86 1207.04
internal_count=213177 102660 11226 706 91434 110517 36213 34218 74304 41675 34784 22661 18200 7104
is_linear=0
shrinkage=0.03


Tree=179
num_leaves=15
num_cat=0
split_feature=57 242 226 249 246 126 78 249 238 120 147 249 230 151
split_gain=52.9193 73.1078 66.8103 85.4026 87.9348 67.6469 55.6252 101.88 77.6074 72.4925 51.4787 51.635 51.2204 64.0299
threshold=72.500000000000014 0.025007500313222412 66.500000000000014 0.7525252401828767 0.029037162661552433 48.500000000000007 8.5000000000000018 0.7222222387790681 -0.10510944947600363 54.500000000000007 58.500000000000007 0.015151515137404205 30.500000000000004 61.500000000000007
decision_type=10 8 10 2 2 10 8 2 10 10 10 2 10 10
left_child=6 2 3 4 10 -4 7 9 -8 -1 11 -2 -3 -14
right_child=1 12 5 -5 -6 -7 8 -9 -10 -11 -12 -13 13 -15
leaf_value=0.0047082942554098669 0.0099453101955961441 0.0070713604741191672 0.012036889084062386 0.0097783382486293126 -0.0073980244355591864 0.0003922347067255696 0.0015624268289440729 -0.018559589143698606 -0.0015505892527212114 -0.0078692956059506353 -0.0056421770004320857 -0.00011319158201595524 0.0036667656303190081 -0.0075473368537131462
leaf_weight=759.69464361667633 630.13685919716954 2775.4648533985019 685.5540739223361 509.32229831814766 2306.3146135993302 1268.5895572304726 11649.136046599597 414.15923802927136 18867.671824216843 879.72544313967228 923.80899710580707 1625.3895027413964 2129.1352247148752 573.37629988789558
leaf_count=3380 2794 15764 2889 2777 10666 5993 57411 2089 81161 4489 4051 7002 10079 2734
internal_value=-3.127e-05 0.00155287 -0.000285421 -0.00185605 -0.00295208 0.00451791 -0.000684607 -0.00545159 -0.00036214 -0.00204773 0.00028612 0.00272839 0.00421609 0.00126848
internal_weight=45997.5 13427.1 7949.12 5994.97 5485.65 1954.14 32570.4 2053.58 30516.8 1639.42 3179.34 2255.53 5477.98 2702.51
internal_count=213279 64749 36172 27290 24513 8882 148530 9958 138572 7869 13847 9796 28577 12813
is_linear=0
shrinkage=0.03


Tree=180
num_leaves=15
num_cat=0
split_feature=129 138 230 209 10 134 228 230 230 243 249 245 249 161
split_gain=59.6625 64.8398 95.3458 84.2389 81.6791 82.558 83.3409 99.1413 104.288 127.955 155.494 140.555 150.489 111.638
threshold=60.500000000000007 80.500000000000014 80.500000000000014 78.500000000000014 82.500000000000014 83.500000000000014 5.5000000000000009 11.500000000000002 24.500000000000004 -0.048969376832246773 1.0000000180025095e-35 -0.049944913014769547 0.1565656587481499 89.500000000000014
decision_type=10 8 8 10 8 10 10 10 10 2 2 2 2 10
left_child=1 2 3 4 5 6 -1 -8 9 13 -11 12 -12 -9
right_child=-2 -3 -4 -5 -6 -7 7 8 -10 10 11 -13 -14 -15
leaf_value=-0.0023670427233430684 0.0039580580197042525 -0.0033636906508673413 0.0042864983595950288 -0.0053478274246675766 -0.0035782856966861368 -0.0057768079676821802 0.0060178772351824096 0.014550486821986619 0.0024128609953928035 0.018819630964551196 -0.018117954808225076 0.0001700977393696436 0.0020958592046579107 -0.014122142416717351
leaf_weight=4663.0283570513129 3342.7043461166322 5113.8335698843002 4576.5294733010232 2749.2960909865797 4532.7464500293136 1606.0485128089786 4455.4205778650939 544.27659329026937 10975.680893212557 205.39840847253799 1308.4113644808531 1230.8764984756708 440.22845602780581 148.14671857655048
leaf_count=23768 16240 24452 21673 11906 20494 8744 21318 2770 47056 852 5547 5215 2059 675
internal_value=0.000104992 -0.000198562 0.000234582 -0.000330882 0.000128826 0.000786928 0.00122891 0.00209812 0.000919062 -0.0033048 -0.00584633 -0.00760398 -0.013046 0.00830215
internal_weight=45892.6 42549.9 37436.1 32859.6 30110.3 25577.5 23971.5 19308.4 14853 3877.34 3184.91 2979.52 1748.64 692.423
internal_count=212769 196529 172077 150404 138498 118004 109260 85492 64174 17118 13673 12821 7606 3445
is_linear=0
shrinkage=0.03


Tree=181
num_leaves=15
num_cat=0
split_feature=149 232 124 106 248 237 70 231 52 226 243 248 118 226
split_gain=62.7764 67.3951 62.704 74.0224 65.1175 62.0685 59.9257 140.484 62.5436 92.408 101.58 60.7159 67.5201 64.7975
threshold=22.500000000000004 87.500000000000014 20.500000000000004 81.500000000000014 0.65151515603065502 0.1830936744809151 7.5000000000000009 89.500000000000014 13.500000000000002 4.5000000000000009 -0.05136705003678798 0.41919192671775823 97.500000000000014 70.500000000000014
decision_type=10 10 10 10 2 2 8 10 10 8 2 2 10 10
left_child=-1 5 -3 -4 -5 6 7 -2 9 -8 -11 -12 13 -13
right_child=1 2 3 4 -6 -7 8 -9 -10 10 11 12 -14 -15
leaf_value=-0.0019966288946716743 0.0048728831931160108 -0.004833301304392486 0.0060444117901745581 0.00016014127431594963 -0.027956513690469365 0.0072597034148503244 0.0039202017684368947 -0.010038367058507499 3.1709081161413403e-05 0.0037531863380934139 -0.0026968055078999556 -0.014754715326273834 0.009521873929677821 0.0041108272349935377
leaf_weight=10106.097372718155 4268.9645819626749 659.8080605044961 4368.6235774867237 247.24506625533104 95.811055056750774 1051.5425274036825 1095.4489877820015 646.29731854423881 19579.312469925731 773.6866956949234 1103.6263454854488 1673.1677698045969 121.83416683226824 177.28412257879972
leaf_count=46760 19564 2847 21902 1209 472 6189 5908 3352 87684 3916 4780 7163 648 826
internal_value=9.0616e-05 0.000679194 0.0037744 0.00498748 -0.0082619 0.000132867 -0.000124073 0.00289583 -0.000730267 -0.00374119 -0.00592584 -0.00836469 -0.0115066 -0.0129349
internal_weight=45968.8 35862.7 5371.49 4711.68 343.056 30491.2 29439.6 4915.26 24524.4 4945.05 3849.6 3075.91 1972.29 1850.45
internal_count=213220 166460 26430 23583 1681 140030 133841 22916 110925 23241 17333 13417 8637 7989
is_linear=0
shrinkage=0.03


Tree=182
num_leaves=15
num_cat=0
split_feature=245 244 243 119 245 230 82 244 144 230 244 246 244 230
split_gain=56.2288 97.6595 131.715 102.098 67.2904 66.8467 69.391 79.7953 70.2794 67.7515 60.3036 124.201 125.779 107.562
threshold=-0.1103546880185604 0.022134360857307914 -0.042983820661902421 15.500000000000002 -0.20662932842969892 58.500000000000007 38.500000000000007 0.12566016614437106 90.500000000000014 2.5000000000000004 0.0019962895894423132 0.0065143073443323382 0.0078686303459107893 3.5000000000000004
decision_type=2 2 2 10 2 10 10 2 8 8 2 2 2 8
left_child=1 3 4 -1 -3 6 8 -8 9 -6 13 12 -12 -2
right_child=10 2 -4 -5 5 -7 7 -9 -10 -11 11 -13 -14 -15
leaf_value=-0.016152764641969186 0.012913097005744164 0.013609863971543429 0.022672720972259152 0.010084306353350546 -0.020736575043066533 0.027495464566708337 0.0056772326714566159 -0.030838938587947184 -0.024647989149189198 0.0041831962930824577 0.0035374595934279801 -0.00045827274076537045 0.023210922740518596 -0.0091119331533219931
leaf_weight=135.40110589563847 223.71799296140671 142.65536011010408 161.857685636729 1774.0087968930602 153.07005632668734 37.572213269770145 376.5297115854919 52.580850042402744 327.68192975595593 240.1567317917943 1421.7868511974812 39158.128672428429 359.91480673104525 1390.6096764579415
leaf_count=680 1041 1875 1247 11355 968 340 2561 323 1841 1371 6153 175936 1611 5924
internal_value=-3.29102e-05 0.00367292 -0.00207151 0.00814931 -0.00522897 -0.00758667 -0.00895998 0.000602336 -0.0145822 -0.00579093 -0.000329925 -0.000104976 0.00761899 -0.00599894
internal_weight=45955.7 3401.51 1492.1 1909.41 1330.25 1187.59 1150.02 429.111 720.909 393.227 42554.2 40939.8 1781.7 1614.33
internal_count=213226 22561 10526 12035 9279 7404 7064 2884 4180 2339 190665 183700 7764 6965
is_linear=0
shrinkage=0.03


Tree=183
num_leaves=15
num_cat=0
split_feature=193 249 10 226 248 226 226 249 10 226 191 246 222 226
split_gain=62.1154 78.8117 88.1375 70.3131 139.438 112.628 103.835 90.1035 60.4187 58.6242 73.8319 57.0191 122.579 111.318
threshold=72.500000000000014 0.085858587175607695 82.500000000000014 66.500000000000014 0.48989899456501013 98.500000000000014 22.500000000000004 0.83333334326744091 2.5000000000000004 18.500000000000004 54.500000000000007 0.012971702031791212 14.500000000000002 8.5000000000000018
decision_type=8 2 8 10 2 10 10 2 10 10 10 2 10 10
left_child=8 2 -2 6 -5 -6 -3 -8 9 10 -1 12 13 -10
right_child=1 3 -4 4 5 -7 7 -9 11 -11 -12 -13 -14 -15
leaf_value=0.0018513828050619175 0.0011149339647827904 0.0058220236696780196 -0.0056261622820623367 0.0028436544140499924 0.020031840216999032 -0.0060766905147469482 -0.00043466192278333654 -0.017990751946656228 0.0072520857208359466 0.0077788261386265538 -0.01390431429908588 -0.0022534374245716669 0.0046269281121423846 -0.010370261046421431
leaf_weight=2207.6024651527405 6226.7023302875459 2797.7099028453231 2414.3119405396283 2863.147332072258 865.55357704311609 174.31102984398603 4219.9508984312415 270.64169583842158 439.53340895473957 1301.968250695616 294.42279096320271 17356.881043083966 3368.2112317159772 1144.7227814272046
leaf_count=12512 26926 15023 10820 13215 4812 1144 18783 1281 2177 6412 1487 79117 14498 4978
internal_value=0.000113618 0.00137898 -0.000772864 0.00303966 0.00628395 0.0156391 0.00129605 -0.00153037 -0.000847547 0.00264248 -5.06201e-05 -0.00144355 0.00139367 -0.00546632
internal_weight=45945.7 19832.3 8641.01 11191.3 3903.01 1039.86 7288.3 4490.59 26113.3 3803.99 2502.03 22309.3 4952.47 1584.26
internal_count=213185 92004 37746 54258 19171 5956 35087 20064 121181 20411 13999 100770 21653 7155
is_linear=0
shrinkage=0.03


Tree=184
num_leaves=15
num_cat=0
split_feature=231 228 77 226 224 228 246 226 231 231 224 224 144 246
split_gain=63.6232 155.095 127.164 133.891 115.228 129.708 108.354 100.311 123.362 132.587 189.172 167.839 166.54 125.472
threshold=91.500000000000014 11.500000000000002 20.500000000000004 3.5000000000000004 32.500000000000007 32.500000000000007 0.051847781985998161 4.5000000000000009 19.500000000000004 69.500000000000014 3.5000000000000004 4.5000000000000009 63.500000000000007 0.031860889866948135
decision_type=10 8 10 8 8 8 2 8 10 10 10 10 10 2
left_child=4 2 3 -2 7 -6 -3 8 -1 10 13 -11 -13 -10
right_child=1 6 -4 -5 5 -7 -8 -9 9 11 -12 12 -14 -15
leaf_value=-0.01049441397743838 0.0094496498864948576 0.0071392471796523386 -0.012014509787355788 -0.0097902718042233508 -0.0045716497191650917 0.00047661330383037679 -0.0044628668956032342 0.0013138296013900856 -0.022365920372673546 0.014491934724422213 0.022498278273028614 0.004086947270087367 -0.027522673599979688 0.017244556725082551
leaf_weight=294.25299919396639 658.67614098265767 1686.5896548852324 1991.3701909333467 624.33484501764178 6365.0147485807538 16268.514856431633 1255.4294382482767 14229.238734986633 157.0647995993495 541.28135024756193 995.96526176482439 381.43932304531336 234.97070982307196 117.01169352605939
leaf_count=1342 4387 8241 9809 3473 28366 73489 6454 63859 841 3585 4960 1984 1083 702
internal_value=1.2878e-05 -0.00280613 -0.00728814 8.387e-05 0.000456173 -0.000944454 0.00219 0.00232577 0.00759151 0.00981767 0.016473 0.00243787 -0.00820941 -0.00544324
internal_weight=45801.2 6216.4 3274.38 1283.01 39584.8 22633.5 2942.02 16951.2 2721.99 2427.73 1270.04 1157.69 616.41 274.076
internal_count=212575 32364 17669 7860 180211 101855 14695 78356 14497 13155 6503 6652 3067 1543
is_linear=0
shrinkage=0.03


Tree=185
num_leaves=15
num_cat=0
split_feature=233 190 244 248 226 229 119 222 248 46 228 229 231 147
split_gain=50.9971 64.9543 68.4635 52.7479 97.2025 154.095 115.708 134.865 133.936 117.554 114.892 105.1 103.118 96.9094
threshold=61.500000000000007 73.500000000000014 0.079721700400114073 0.71212121844291698 28.500000000000004 25.500000000000004 35.500000000000007 35.500000000000007 0.84343436360359203 74.500000000000014 17.500000000000004 5.5000000000000009 53.500000000000007 18.500000000000004
decision_type=10 8 2 2 10 8 10 10 2 10 10 10 10 10
left_child=1 3 -3 -1 5 10 12 8 -8 -9 11 13 -6 -5
right_child=-2 2 -4 4 6 -7 7 9 -10 -11 -12 -13 -14 -15
leaf_value=-0.00066688259951339546 0.0012966405813404755 0.001461944090850739 0.015280938607237504 0.011487320228719792 -0.018677747462607242 -0.032137034774393079 -0.0049170077890898448 0.032873053932469198 0.016170404659188314 -0.0021383472827527839 0.017154412377979718 -0.018328306683876666 0.015955367914345008 -0.0076589666431364873
leaf_weight=18719.356738869101 17883.540962703526 4208.2372225448489 339.77889031916857 298.15210941433907 423.59564928710461 216.18212573230267 1272.0080440826714 218.91843221336603 333.77478862926364 136.68505182117224 167.54716422408819 608.34283138811588 86.120347425341606 1039.8302358575165
leaf_count=84243 83822 20262 2125 1821 1757 933 5696 1009 1735 735 824 2761 366 5194
internal_value=4.49913e-05 -0.00075266 0.00252561 -0.00138736 -0.00418924 -0.00857119 -3.95132e-05 0.00328039 -0.00046087 0.0197252 -0.00602119 -0.00809372 -0.0126318 -0.0033389
internal_weight=45952.1 28068.5 4548.02 23520.5 4801.16 2330.05 2471.1 1961.39 1605.78 355.603 2113.87 1946.33 509.716 1337.98
internal_count=213283 129461 22387 107074 22831 11533 11298 9175 7431 1744 10600 9776 2123 7015
is_linear=0
shrinkage=0.03


Tree=186
num_leaves=15
num_cat=0
split_feature=149 140 29 139 120 142 230 77 151 249 224 249 47 1
split_gain=57.2676 62.3665 72.9804 61.8013 61.7306 51.1566 64.4941 61.3742 49.5277 82.1272 70.3757 90.4424 96.7606 88.4997
threshold=23.500000000000004 27.500000000000004 54.500000000000007 48.500000000000007 19.500000000000004 29.500000000000004 47.500000000000007 36.500000000000007 3.5000000000000004 0.015151515137404205 32.500000000000007 0.11616161838173868 47.500000000000007 5.5000000000000009
decision_type=10 10 10 10 10 10 8 10 10 2 10 2 10 10
left_child=-1 2 8 5 -5 -3 -7 -8 -2 -10 13 12 -12 -11
right_child=1 3 -4 4 -6 6 7 -9 9 10 11 -13 -14 -15
leaf_value=-0.0019564176216332121 -0.0056716992979183103 0.0097056790033462331 -0.0062974250051123911 0.0034567256656572701 -0.0014045910711217866 0.00091145032736509625 0.0010746400141818427 0.010453582294651848 0.0061788302885469257 -0.0057202188372563571 -0.011245875942954025 0.0018622348760949791 0.0046356728497108533 0.0031936889552356107
leaf_weight=10491.44104283303 1278.1565777249634 1022.6369129046798 1960.1147393137217 3392.2942495644093 7597.5677771419287 5973.1216476224363 1073.51813583076 1511.4891391992569 1918.8821767829359 1255.4925739280879 1650.2240500301123 1410.8894322216511 429.91393648833036 4817.2541436105967
leaf_count=48528 6020 4469 8210 14873 34149 30126 5397 7461 8529 6574 7089 6675 1810 22688
internal_value=-1.15019e-05 0.000567071 -0.00092336 0.0016336 9.77536e-05 0.00339339 0.00262866 0.00657779 -9.35958e-05 0.000531708 -0.000606604 -0.00399464 -0.00795707 0.00134443
internal_weight=45783 35291.6 14720.9 20570.6 10989.9 9580.77 8558.13 2585.01 12760.8 11482.7 9563.77 3491.03 2080.14 6072.75
internal_count=212598 164070 67595 96475 49022 47453 42984 12858 59385 53365 44836 15574 8899 29262
is_linear=0
shrinkage=0.03


Tree=187
num_leaves=15
num_cat=0
split_feature=245 246 151 149 237 245 230 35 116 28 226 190 110 147
split_gain=62.8053 60.0615 56.1603 51.6442 57.7433 54.1135 55.6021 53.7691 58.1091 52.2302 46.8073 51.473 45.532 45.1781
threshold=-0.20662932842969892 0.28686656057834631 3.5000000000000004 23.500000000000004 0.19228450953960421 -0.15727423131465909 10.500000000000002 67.500000000000014 35.500000000000007 17.500000000000004 99.500000000000014 93.500000000000014 55.500000000000007 26.500000000000004
decision_type=2 2 10 8 2 2 10 10 10 10 8 10 10 10
left_child=-1 2 -2 5 10 -4 7 8 -7 -8 11 -5 -9 -3
right_child=1 13 3 4 -6 6 9 12 -10 -11 -12 -13 -14 -15
leaf_value=0.016866944096011454 -0.0033752825838329072 -0.03003517818407643 -0.025890314860348058 0.00060067743642870956 0.0081046941549761942 0.0073461461769225838 -0.0078548344767750671 -0.029170320612008388 -0.0051901285843718248 -0.0014180298622030127 -0.0068223679568608928 0.0072245198477225497 -0.00081867743084565838 0.0011466353538432865
leaf_weight=187.57816122844815 4069.9246836937964 95.220397792756557 72.211153768002987 29448.477957282215 956.42015181481838 1449.0929140746593 1405.5326479822397 70.343800581991673 423.24635093659163 5750.2268021181226 725.16563705354929 1085.2724781185389 141.13752461224794 68.219394646584988
leaf_count=2555 19296 494 409 133986 5472 7141 6272 340 1944 25140 3850 5343 685 402
internal_value=-1.08111e-05 -8.36652e-05 -1.66371e-05 0.000313265 0.000882065 -0.00165341 -0.0014362 0.00286687 0.00449978 -0.00269154 0.000658555 0.000838399 -0.0111404 -0.0177043
internal_weight=45948.1 45760.5 45597.1 41527.1 32215.3 9311.79 9239.58 2083.82 1872.34 7155.76 31258.9 30533.8 211.481 163.44
internal_count=213329 210774 209878 190582 148651 41931 41522 10110 9085 31412 143179 139329 1025 896
is_linear=0
shrinkage=0.03


Tree=188
num_leaves=15
num_cat=0
split_feature=231 228 244 248 246 245 70 231 248 23 244 229 226 248
split_gain=63.7974 137.35 165.607 138.125 153.532 151.675 128.838 115.612 176.894 194.718 115.532 115.444 114.016 147.035
threshold=91.500000000000014 15.500000000000002 0.0044328018557280311 0.84343436360359203 0.039608979597687728 -0.097461599856615053 11.500000000000002 75.500000000000014 0.59090909361839306 8.5000000000000018 0.033992469310760505 7.5000000000000009 12.500000000000002 0.65151515603065502
decision_type=10 8 2 2 2 2 8 10 2 10 2 8 8 2
left_child=6 2 -2 4 -4 -5 -1 12 -9 -10 11 -6 -8 -14
right_child=1 -3 3 5 10 -7 7 8 9 -11 -12 -13 13 -15
leaf_value=0.0037632869101464394 0.016088149588919076 0.0024301866647313737 -0.018480744236336995 0.016396958484079693 0.011142370104489657 -0.019370078127502906 0.0038917251951420457 -0.00067988626307263528 -0.0043775311612862505 0.016006086809347744 -0.010859431022937259 -0.024592148025622932 -0.00081782768536157611 -0.0068082115584471156
leaf_weight=8266.8568028509617 260.04749966412783 2607.0119012109935 1299.6100545041263 358.21769154444337 517.42895359545946 140.81733849644661 3316.0761604271829 3469.9428062140942 579.07119115442038 1507.5252922996879 985.43230611085892 86.557010643184185 17783.702101223171 4643.6193132102489
leaf_count=38600 1421 13114 6021 2628 2818 594 15588 16155 3087 7588 5673 369 79027 20106
internal_value=-1.06276e-05 -0.00282348 -0.00657423 -0.00835588 -0.0108692 0.00612199 0.000434658 -0.000445412 0.00347523 0.0103553 -0.00456889 0.00570414 -0.00129268 -0.00206063
internal_weight=45821.9 6255.12 3648.11 3388.06 2889.03 499.035 39566.8 31299.9 5556.54 2086.6 1589.42 603.986 25743.4 22427.3
internal_count=212789 32638 19524 18103 14881 3222 180151 141551 26830 10675 8860 3187 114721 99133
is_linear=0
shrinkage=0.03


Tree=189
num_leaves=15
num_cat=0
split_feature=66 230 229 231 229 230 229 130 231 81 231 226 231 134
split_gain=60.8298 67.6041 130.932 102.821 114.521 99.5751 229.068 92.0073 91.2422 96.2211 89.916 109.376 84.952 87.3378
threshold=15.500000000000002 71.500000000000014 81.500000000000014 88.500000000000014 14.500000000000002 18.500000000000004 27.500000000000004 13.500000000000002 59.500000000000007 21.500000000000004 74.500000000000014 46.500000000000007 26.500000000000004 42.500000000000007
decision_type=10 8 10 10 10 10 10 10 10 10 10 10 10 10
left_child=-1 2 3 4 -2 -5 -7 10 9 -3 -6 -12 -11 -14
right_child=1 8 -4 5 7 6 -8 -9 -10 12 11 -13 13 -15
leaf_value=-0.0021672566152548516 0.0042092665832953622 0.0081095741801751001 -0.015338034936450714 -0.0011582396912170141 -0.0054046691182374866 -0.021332812829527089 0.0034135759031946305 0.0011646437682546378 0.0066370231815878651 0.0028260886748478322 -0.0046002030413934518 0.02028341758369245 -0.013869031242465297 -0.0013347405463709125
leaf_weight=8695.5596704222262 7108.95630197227 1134.3130665197968 488.18317761272192 3934.5687900558114 4196.3229736685753 762.40878659486771 592.45181345194578 10699.320266373456 3532.7445096932352 1949.7516302540898 344.39840738475323 280.67694456875324 765.11348681896925 1418.1509641185403
leaf_count=39055 34530 5234 2149 21484 18704 3281 2678 46731 17819 8872 1674 1365 3255 6438
internal_value=9.03243e-05 0.000618374 -9.36431e-05 0.000178311 0.00105876 -0.00358338 -0.010566 -0.000386049 0.00291431 0.000409684 -0.00382253 0.00671671 -0.00171804 -0.00577052
internal_weight=45902.9 37207.4 28407.3 27919.1 22629.7 5289.43 1354.86 15520.7 8800.07 5267.33 4821.4 625.075 4133.02 2183.26
internal_count=213269 174214 132596 130447 103004 27443 5959 68474 41618 23799 21743 3039 18565 9693
is_linear=0
shrinkage=0.03


Tree=190
num_leaves=15
num_cat=0
split_feature=194 226 231 231 111 148 242 29 229 178 10 244 229 47
split_gain=63.7601 68.6779 77.9351 104.877 71.0332 138.978 80.6071 65.6543 57.02 53.6641 64.7457 59.9679 58.0659 102.634
threshold=29.500000000000004 2.5000000000000004 77.500000000000014 21.500000000000004 5.5000000000000009 12.500000000000002 0.022192271426320079 inf 10.500000000000002 11.500000000000002 2.5000000000000004 0.011742091737687589 68.500000000000014 68.500000000000014
decision_type=10 8 10 10 10 10 10 8 10 10 10 2 10 10
left_child=1 2 3 -1 -4 -6 -7 9 -5 10 -2 -11 -13 -14
right_child=7 -3 4 8 5 6 -8 -9 -10 11 -12 12 13 -15
leaf_value=-0.0074676981739280673 0.00013292536065450254 0.00057615469632120225 0.0085159863144290138 0.021230069807889124 -0.02889798734621641 -0.0126193003029474 0.010504826705102841 0.010327220387851764 -0.0040791590012775299 0.0013629482238904529 -0.0069394271092659112 -0.00031176248518257677 -0.010600347131276324 -0.00054590875567084524
leaf_weight=175.44254914671183 1932.4021687209606 20713.096597399563 681.8358376994729 620.24489165470004 157.48716051504016 202.82053778320551 364.90836208313704 432.54802574217319 88.432753212749958 7917.4113733805716 2922.1758694536984 5866.2041224651039 1665.8056804612279 2011.8424781411886
leaf_count=810 10052 95416 4622 3376 736 927 2106 2525 434 34604 13727 26334 7322 9667
internal_value=9.2542e-06 0.00112269 0.00603958 0.0129667 0.00162614 -0.0048793 0.00216832 -0.0011167 0.018059 -0.00134305 -0.00412974 -0.00056637 -0.00216665 -0.0051165
internal_weight=45752.7 23004.3 2291.17 884.12 1407.05 725.216 567.729 22748.4 708.678 22315.8 4854.58 17461.3 9543.85 3677.65
internal_count=212658 108427 13011 4620 8391 3769 3033 104231 3810 101706 23779 77927 43323 16989
is_linear=0
shrinkage=0.03


Tree=191
num_leaves=15
num_cat=0
split_feature=194 224 243 229 248 243 231 28 244 226 231 243 224 226
split_gain=53.8147 79.6618 94.2706 134.315 99.6273 89.1506 66.3565 88.3673 58.4411 57.8261 86.8685 92.9106 84.0396 89.0026
threshold=29.500000000000004 6.5000000000000009 -0.033107932657003396 5.5000000000000009 0.76262626051902782 -0.040498973801732056 3.5000000000000004 3.5000000000000004 0.029674215242266658 2.5000000000000004 19.500000000000004 -0.021186019293963906 26.500000000000004 81.500000000000014
decision_type=10 10 2 10 2 2 8 10 2 8 8 2 8 10
left_child=6 2 3 4 5 -2 7 -1 -5 -8 11 -11 -13 -14
right_child=1 -3 -4 8 -6 -7 9 -9 -10 10 -12 12 13 -15
leaf_value=-0.030483475225146647 -0.01696664941914346 -0.00051165937222052982 0.0037366870956996694 -0.018987415872499292 0.0035201356478447351 0.010167838308618232 0.0057391779682447516 -0.0030307920934249328 -0.051016444016787836 0.0099712803334090477 -0.00014057150045811045 0.013761201395933204 -0.0083642190690330579 0.0099302992459780349
leaf_weight=119.47099131345749 694.04325912892818 20538.665027499199 594.5348094291985 199.83601048588753 558.18417204171419 122.03636802732944 2297.5775989182293 586.24970605224371 72.460653766989708 1720.0585832446814 16892.535416837782 301.52118709683418 917.87697546184063 313.24828862398863
leaf_count=600 3777 92743 2808 878 3176 603 13069 2526 325 7562 78779 1277 3897 1370
internal_value=-6.41765e-05 -0.00109912 -0.00645676 -0.0101377 -0.0062146 -0.012835 0.000954315 -0.00803922 -0.0290159 0.00124057 0.000724912 0.00520635 -0.000171205 -0.00366685
internal_weight=45928.3 22779.8 2241.1 1646.56 1374.26 816.08 23148.5 705.721 272.297 22442.8 20145.2 3252.71 1532.65 1231.13
internal_count=213390 104310 11567 8759 7556 4380 109080 3126 1203 105954 92885 14106 6544 5267
is_linear=0
shrinkage=0.03


Tree=192
num_leaves=15
num_cat=0
split_feature=149 238 231 226 245 226 224 148 118 226 244 135 230 226
split_gain=55.3083 73.4102 59.3879 99.5619 79.5187 125.649 71.9538 64.7883 65.9271 63.3427 58.7621 57.2598 55.0756 52.7481
threshold=28.500000000000004 -0.28063598275184626 19.500000000000004 81.500000000000014 -0.065820429474115358 5.5000000000000009 81.500000000000014 12.500000000000002 96.500000000000014 49.500000000000007 0.0046935128048062333 52.500000000000007 65.500000000000014 2.5000000000000004
decision_type=10 10 8 10 2 10 10 8 10 8 2 10 10 8
left_child=2 -2 3 4 5 -1 -5 8 11 10 -6 -4 -7 -9
right_child=1 -3 7 6 9 12 -8 13 -10 -11 -12 -13 -14 -15
leaf_value=-0.032056630036136485 0.01278611984801332 0.00029714375549647336 -0.0077985121953008394 0.021009622140388904 0.020729749707415607 0.023071145994197875 -0.009664450907394713 0.0058862661046009271 0.0056932588245264633 -0.01060352633596962 -0.0015866155936206778 -0.02354140595353112 -0.0055286118520618665 -0.0024881832722659582
leaf_weight=43.980495557188988 419.15416680276394 32738.128272343427 1204.1034482419491 352.30026409775019 116.02426664531231 282.03926078230143 78.713740415871143 730.46084029972553 256.34442700445652 660.4543691277504 667.82344971597195 247.52168127149343 72.194217301905155 7939.7910613678396
leaf_count=214 3929 150565 5378 1583 480 1268 364 3807 1518 2808 2852 1052 332 36715
internal_value=-0.000185142 0.000458829 -0.00187187 0.0025115 -0.00055025 0.011153 0.0153157 -0.00283362 -0.00815745 -0.00383151 0.00193615 -0.0106256 0.0172506 -0.00177668
internal_weight=45809 33157.3 12651.8 2273.53 1842.52 398.214 431.014 10378.2 1707.97 1444.3 783.848 1451.63 354.233 8670.25
internal_count=212865 154494 58371 9901 7954 1814 1947 48470 7948 6140 3332 6430 1600 40522
is_linear=0
shrinkage=0.03


Tree=193
num_leaves=15
num_cat=0
split_feature=70 231 249 188 144 124 231 230 244 139 228 121 249 148
split_gain=60.4635 163.547 82.2406 67.0521 58.2275 58.0898 57.9212 133.693 153.542 148.676 107.594 103.892 91.9426 90.9743
threshold=9.5000000000000018 88.500000000000014 0.04545454494655133 6.5000000000000009 49.500000000000007 25.500000000000004 75.500000000000014 47.500000000000007 0.003798813209868968 48.500000000000007 92.500000000000014 52.500000000000007 0.1565656587481499 12.500000000000002
decision_type=10 10 2 10 8 8 10 8 2 8 10 8 2 10
left_child=1 3 -3 -1 -4 -5 -2 8 12 10 -9 -11 -8 -10
right_child=6 2 4 5 -6 -7 7 9 13 11 -12 -13 -14 -15
leaf_value=-0.0011871674798100429 -0.0012865714952478571 -0.018860012467913856 0.012027680007705304 -0.0010893676914276471 -0.0059248808898378722 0.0068428746699989891 0.018947425329585751 0.016625981529340569 -0.0088224536555204115 -0.013217748135734772 -0.0052332049534143258 0.0038148354618607935 -0.021943716308315125 -0.00043290827727427984
leaf_weight=1748.6159738712013 26126.940128624439 376.52255583927035 188.85174148157239 997.89525323361158 888.64392185211182 4881.4249980635941 448.86344983056188 1257.7851456589997 1525.3110475353897 373.17723476886749 236.33303897827864 2020.4374808482826 47.069728039205074 4805.3899785429239
leaf_count=8551 115337 1779 988 4332 5292 23847 2286 6608 7706 1654 1227 9821 230 23755
internal_value=1.56402e-05 0.0022067 -0.00698246 0.00396516 -0.00269668 0.00549697 -0.000524942 0.00133176 -0.00119765 0.00576492 0.0131566 0.00111542 0.0147094 -0.002465
internal_weight=45923.3 9081.95 1454.02 7627.94 1077.5 5879.32 36841.3 10714.4 6826.63 3887.73 1494.12 2393.61 495.933 6330.7
internal_count=213413 44789 8059 36730 6280 28179 168624 53287 33977 19310 7835 11475 2516 31461
is_linear=0
shrinkage=0.03


Tree=194
num_leaves=15
num_cat=0
split_feature=242 245 77 238 186 140 10 79 120 139 224 245 245 246
split_gain=60.7803 53.7354 53.1348 57.3702 52.8172 52.2473 107.541 67.1516 66.6887 86.0926 71.0857 89.2188 77.8717 72.3714
threshold=0.010344672016799452 -0.20662932842969892 1.5000000000000002 -0.15010029822587964 65.500000000000014 27.500000000000004 64.500000000000014 47.500000000000007 17.500000000000004 47.500000000000007 16.500000000000004 -0.068525452166795717 -0.067035682499408708 0.01012438675388694
decision_type=8 2 8 10 10 10 10 8 8 10 10 2 2 2
left_child=-1 -2 4 -4 -3 6 7 -5 -7 10 13 -12 -13 -10
right_child=1 2 3 5 -6 8 -8 -9 9 -11 11 12 -14 -15
leaf_value=-0.011769731985898192 0.015949303100610455 -0.013433757258533017 0.002567402272322591 0.001226351533560385 -0.0014003507260601374 0.0043822096177913283 -0.0076094514257514173 -0.0036546655743003686 0.013548239702490632 -0.0020182387923918959 0.0091924489992131105 -0.020301555683214137 0.0021234539014613717 -0.0045732415624907931
leaf_weight=373.6474077180028 184.67102083563805 485.0801807641983 8415.3702173419297 7374.6097808107734 982.46183151751757 3701.1600166931748 2260.9470330104232 3854.3652761876583 211.67869691550732 9443.7834008038044 1853.0974100604653 133.64262031018734 4719.581116952002 1894.4595078527927
leaf_count=1625 2555 2182 45510 32241 4846 16065 9426 17093 974 41815 9321 574 20683 8511
internal_value=0.000121199 0.00022138 0.000153802 0.000342218 -0.00544186 -0.000186627 -0.00165538 -0.000450827 0.00071607 -2.91731e-05 0.00210226 0.0036111 0.00146546 -0.00269651
internal_weight=45888.6 45514.9 45330.2 43862.7 1467.54 35447.3 13489.9 11229 21957.4 18256.2 8812.46 6706.32 4853.22 2106.14
internal_count=213421 211796 209241 202213 7028 156703 58760 49334 97943 81878 40063 30578 21257 9485
is_linear=0
shrinkage=0.03


Tree=195
num_leaves=15
num_cat=0
split_feature=194 178 245 231 245 226 244 246 244 230 101 241 147 81
split_gain=57.704 72.4421 71.8095 85.9886 109.617 82.9745 82.3226 72.1624 65.582 80.8854 61.1521 63.1704 56.1382 58.6793
threshold=30.500000000000004 99.500000000000014 -0.099302399903535829 22.500000000000004 -0.1044003665447235 46.500000000000007 0.020666228607296947 0.036795973777771003 0.0027400838444009428 1.5000000000000002 5.5000000000000009 -1.0000000180025095e-35 98.500000000000014 63.500000000000007
decision_type=10 8 2 10 2 8 2 2 2 8 10 8 10 10
left_child=2 12 3 4 5 -1 8 -8 9 -5 11 -4 13 -2
right_child=1 -3 10 6 -6 -7 7 -9 -10 -11 -12 -13 -14 -15
leaf_value=-0.030532481232448769 -0.0018352939814642569 0.0092870223771872769 -0.0040897977096082845 0.025450344557190488 0.016986117691486165 0.00074094264019196332 -0.016895469477072596 0.0043569842809394067 0.01425906516280164 -0.017554792743879163 0.0012143350324933032 0.012498767372899986 -0.010210957456750734 0.0021476305658069241
leaf_weight=161.732212215662 16990.747701659799 585.74273343384266 3391.6680470854044 45.861540302634239 112.45398113131523 136.64634561166167 157.86397017911077 994.61068858206272 1317.7185572870076 124.88357330858707 16760.004303187132 210.35580821335316 610.69946167618036 4130.7937879376113
leaf_count=723 76997 3324 15061 346 612 1129 986 6792 8065 634 74635 1436 2703 19141
internal_value=5.60707e-05 -0.00103519 0.00109626 0.00537991 -0.00725879 -0.0166508 0.007366 0.00132556 0.0120029 -0.00523476 0.000451916 -0.00308912 -0.00131755 -0.0010557
internal_weight=45731.8 22318 23413.8 3051.77 410.833 298.379 2640.94 1152.47 1488.46 170.745 20362 3602.02 21732.2 21121.5
internal_count=212584 102165 110419 19287 2464 1852 16823 7778 9045 980 91132 16497 98841 96138
is_linear=0
shrinkage=0.03


Tree=196
num_leaves=15
num_cat=0
split_feature=231 230 230 224 59 4 248 229 77 226 231 231 224 248
split_gain=54.6761 134.547 175.073 104.164 113.188 113.702 102.554 110.845 92.6971 91.1586 104.989 107.343 180.599 153.034
threshold=91.500000000000014 62.500000000000007 18.500000000000004 32.500000000000007 57.500000000000007 60.500000000000007 0.84343436360359203 16.500000000000004 53.500000000000007 4.5000000000000009 19.500000000000004 69.500000000000014 3.5000000000000004 0.52020201086997997
decision_type=10 8 10 8 8 10 2 10 10 10 10 10 10 2
left_child=3 2 6 9 5 -5 7 8 -2 10 -1 12 -12 -14
right_child=1 -3 -4 4 -6 -7 -8 -9 -10 -11 11 -13 13 -15
leaf_value=-0.0085741283508810433 -0.001819811223879305 0.0056917762729137358 -0.014654016172275072 -0.0048799410710454547 0.00080842927738738644 0.0046238456969785692 0.012675034201950841 0.014012939880534142 -0.013641938788756199 0.0011790625747989743 -0.0062047083650804196 0.0025197044765124521 0.0052444384710428902 0.029178423904106941
leaf_weight=332.74375306069851 2137.3623986802995 1357.9474234580994 1237.6809808164835 7845.9273308962584 13476.964446943253 1315.7581121996045 392.06423953548074 289.97971870750189 820.34693744033575 14047.711810164154 281.27171680703759 1172.959355711937 379.90715823322535 669.98515100777149
leaf_count=1560 11842 7355 5362 34386 61582 5926 2716 1382 3939 62917 1612 6809 1927 3513
internal_value=-2.27398e-05 -0.00263123 -0.00495538 0.00038935 -0.00094059 -0.0035115 -0.00162629 -0.00338637 -0.0051337 0.00217202 0.00706758 0.00917186 0.0149709 0.020649
internal_weight=45758.6 6235.38 4877.43 39523.2 22638.6 9161.69 3639.75 3247.69 2957.71 16884.6 2836.87 2504.12 1331.16 1049.89
internal_count=212828 32596 25241 180232 101894 40312 19879 17163 15781 78338 15421 13861 7052 5440
is_linear=0
shrinkage=0.03


Tree=197
num_leaves=15
num_cat=0
split_feature=242 76 68 140 241 139 78 242 245 145 228 230 245 171
split_gain=55.5867 49.1092 62.1377 156.582 95.9199 76.2692 88.6527 69.5865 67.3716 66.9441 67.785 75.8537 62.1429 58.1575
threshold=0.010344672016799452 94.500000000000014 17.500000000000004 89.500000000000014 -1.2767580747604368 40.500000000000007 32.500000000000007 0.019818876869976524 -0.044003877788782113 89.500000000000014 38.500000000000007 68.500000000000014 -0.021569664590060707 4.5000000000000009
decision_type=8 10 8 10 10 8 10 8 2 10 10 10 2 10
left_child=-1 2 3 7 -5 8 12 -2 -4 -8 11 -11 -7 -10
right_child=1 -3 5 4 -6 6 9 -9 13 10 -12 -13 -14 -15
leaf_value=-0.011256390811239993 -0.0048988243036873283 0.0033105049585017568 0.0038667237117014949 -0.0035170914921107384 -0.033120567884486064 0.0033265512890113601 -0.0028542738952231687 0.00019816507065689983 -0.011016950207999287 0.0049155971571438074 -0.0029001727530151124 0.027903278349799571 -0.0058377160158421147 0.00037544430262694732
leaf_weight=390.22147987782955 3652.0278603471816 3639.6733688265085 7858.1573019772768 175.40673501417041 222.64709079265594 5424.5009347014129 11935.762626491487 7052.6575118787587 456.90831108391285 535.77506303042173 629.22759836167097 162.86593051254749 749.69880698621273 2955.6170122474432
leaf_count=1693 15705 19611 37294 1040 987 25628 51319 35356 2017 2461 3064 822 3321 12912
internal_value=-0.000124917 -2.68925e-05 -0.000318135 -0.00224045 -0.0204814 0.000377386 -0.00076105 -0.00154368 0.00233971 -0.0021429 0.00422498 0.0105926 0.00220614 -0.00117763
internal_weight=45841.1 45450.9 41811.3 11102.7 398.054 30708.5 19437.8 10704.7 11270.7 13263.6 1327.87 698.641 6174.2 3412.53
internal_count=213230 211537 191926 53088 2027 138838 86615 51061 52223 57666 6347 3283 28949 14929
is_linear=0
shrinkage=0.03


Tree=198
num_leaves=15
num_cat=0
split_feature=164 239 243 229 167 152 249 141 229 235 79 232 52 246
split_gain=59.1658 68.583 56.7659 94.2459 82.6442 67.7756 56.3606 55.6992 55.5203 49.7562 67.2831 58.6792 47.6404 47.1302
threshold=47.500000000000007 -0.018729010596871373 -0.044680461287498467 5.5000000000000009 51.500000000000007 39.500000000000007 0.83333334326744091 2.5000000000000004 4.5000000000000009 22.500000000000004 90.500000000000014 78.500000000000014 11.500000000000002 0.046395057812333114
decision_type=10 10 2 8 10 8 2 8 10 8 10 8 10 2
left_child=1 -1 4 13 5 -3 -7 -5 -8 10 -2 -11 -9 -4
right_child=9 2 3 7 -6 6 8 12 -10 11 -12 -13 -14 -15
leaf_value=0.0025168759002912556 -0.00091201936938696256 -0.0034320159803513353 0.0030918334535175967 0.013760270089033058 0.003705712391261409 -0.015077083383343081 0.016082605754442907 -0.0059765104755478797 -0.018516849321360131 0.0011407254092745101 0.0068414374572970246 0.0060684346072525062 -0.001187999279255936 0.016517028060224852
leaf_weight=3794.5973871797323 11795.743323072791 1617.5561179593205 744.84865127503872 195.114387832582 730.82520901784301 1112.7499609589577 105.09551526233554 2241.5991174466908 55.758658826351166 7872.8650193735957 1091.2733529135585 2998.5001740008593 11080.914163447917 338.34542598947883
leaf_count=19092 54553 7842 3476 828 3583 5432 689 10151 249 36612 5333 14832 48542 1755
internal_value=-2.76439e-05 -0.00114775 -0.00191181 -0.0010761 -0.00526844 -0.00754188 -0.0126943 -0.00176012 0.00370721 0.00101043 -0.000250661 0.0025042 -0.00199758 0.00739804
internal_weight=45775.8 22017.4 18222.8 14600.8 3621.99 2891.16 1273.6 13517.6 160.854 23758.4 12887 10871.4 13322.5 1083.19
internal_count=212969 101639 82547 64752 17795 14212 6370 59521 938 111330 59886 51444 58693 5231
is_linear=0
shrinkage=0.03


Tree=199
num_leaves=15
num_cat=0
split_feature=193 245 230 229 249 245 248 189 10 226 60 229 8 120
split_gain=55.3412 93.5361 81.309 125.556 111.028 129.361 107.498 99.117 88.0222 81.5247 77.6583 91.1994 100.571 77.9611
threshold=73.500000000000014 -0.10793837159872054 69.500000000000014 35.500000000000007 0.015151515137404205 -0.047014810144901269 0.69191917777061474 46.500000000000007 61.500000000000007 77.500000000000014 34.500000000000007 82.500000000000014 33.500000000000007 3.5000000000000004
decision_type=8 2 8 10 2 2 2 10 10 10 10 8 10 8
left_child=10 -2 3 6 8 -6 -3 -5 -4 -8 11 12 -1 -13
right_child=1 2 4 7 5 -7 9 -9 -10 -11 -12 13 -14 -15
leaf_value=-0.0059177739734380987 0.0094726447969820937 0.0042386528349936999 0.0069837800618716417 -0.0091027537408290751 0.00860488286440249 0.00014221311347584656 -0.0025883392210997763 0.00014415345477213583 -0.021184932148006857 -0.037021348137470461 0.00037154715641946409 0.018801934672143351 0.00069578895948641743 -0.014538490559311862
leaf_weight=3541.314767178148 1165.0597396492958 4719.4275508671999 147.43513242900372 2302.1972385048866 3168.7661584019661 3327.9781019389629 2404.0003363490105 1900.4596482366323 275.26341749727726 53.620207622647285 16937.174614798278 59.780045598745346 4954.7943532392383 829.89579568058252
leaf_count=16380 7812 20823 625 9839 16264 14986 10648 8294 1155 232 80421 258 21586 3726
internal_value=5.50701e-05 0.00126761 0.000740324 -0.000819083 0.0033024 0.00427673 0.00159215 -0.00493085 -0.0114255 -0.00348658 -0.000841667 -0.00302904 -0.00206457 -0.0121142
internal_weight=45787.2 19464.2 18299.1 11379.7 6919.44 6496.74 7177.05 4202.66 422.699 2457.62 26323 9385.78 8496.11 889.676
internal_count=213049 90678 82866 49836 33030 31250 31703 18133 1780 10880 122371 41950 37966 3984
is_linear=0
shrinkage=0.03


Tree=200
num_leaves=15
num_cat=0
split_feature=183 193 228 229 248 204 224 229 224 224 39 52 226 226
split_gain=45.4547 54.77 63.7298 162.34 93.0373 75.526 92.7125 73.0633 71.2491 69.0927 56.1651 48.2454 62.1188 127.216
threshold=67.500000000000014 73.500000000000014 19.500000000000004 58.500000000000007 0.52020201086997997 16.500000000000004 48.500000000000007 35.500000000000007 16.500000000000004 98.500000000000014 58.500000000000007 64.500000000000014 41.500000000000007 49.500000000000007
decision_type=10 10 10 10 2 10 10 8 10 10 10 8 10 10
left_child=1 11 5 7 -5 6 8 -4 -3 -6 -9 12 -1 -14
right_child=-2 2 3 4 9 -7 -8 10 -10 -11 -12 -13 13 -15
leaf_value=-0.0019194634538633269 0.0016686906330810691 0.0044819609276538002 0.0013567836724251632 0.0012432777164245261 0.015268096672102795 -0.0031577522130263307 -0.013330154005750215 -0.010806652798481146 0.015338648049861835 -0.015879756120829182 0.0034857947388235804 -0.0036486288776617394 0.0090025323845697083 -0.00045569524201167762
leaf_weight=11856.001376431435 10823.832022629678 1297.8982023894787 944.73671367019415 2482.8586989939213 769.76191134005785 796.13837460055947 170.39920797199011 1703.6550398468971 942.18433532118797 61.817541681230068 284.33215187489986 5925.3928584605455 1613.0100821554661 6049.4361042380333
leaf_count=55370 52971 6172 4091 11403 4207 3531 794 7232 4286 372 1293 27776 6935 26243
internal_value=-2.88747e-05 -0.000555718 0.00139306 -0.00037288 0.00417043 0.00482396 0.00746232 -0.00550426 0.00909619 0.0127915 -0.00875526 -0.00128006 -0.000559513 0.00154448
internal_weight=45721.5 34897.6 9453.78 6247.16 3314.44 3206.62 2410.48 2932.72 2240.08 831.579 1987.99 25443.8 19518.4 7662.45
internal_count=212676 159705 43381 28598 15982 14783 11252 12616 10458 4579 8525 116324 88548 33178
is_linear=0
shrinkage=0.03


Tree=201
num_leaves=15
num_cat=0
split_feature=69 231 10 222 243 144 246 52 139 225 243 230 243 246
split_gain=48.1606 81.3065 89.7316 67.4817 58.7918 55.8494 63.2691 55.7477 78.8204 76.4001 73.9414 72.5218 101.273 87.8272
threshold=8.5000000000000018 88.500000000000014 81.500000000000014 28.500000000000004 -0.075938761234283433 73.500000000000014 0.054203566163778312 36.500000000000007 37.500000000000007 69.500000000000014 -0.098864674568176256 11.500000000000002 -0.044680461287498467 0.050299776718020446
decision_type=8 8 10 10 2 8 2 10 10 10 2 8 2 2
left_child=1 2 3 -1 -3 6 -6 9 -9 11 -11 12 -2 -13
right_child=7 4 -4 -5 5 -7 -8 8 -10 10 -12 13 -14 -15
leaf_value=0.0025067064305277116 -0.0030542656403357532 0.006010758127527811 -0.0041633189124855368 0.0091081399964018633 -0.0065930729830754259 -0.016232349592502186 0.017366280175564606 0.0043128904887039408 -0.0003681707012889719 0.018250419687034856 -0.009500927007483265 -0.0040660905570266944 0.0051850537216362536 0.0027434838639706521
leaf_weight=4402.3085321485996 2324.145853035152 351.6351708881557 1246.2137656249106 2037.4608680829406 556.59765711426735 431.20431443303823 110.3938479796052 4086.9747759401798 15423.641311064363 82.526094671338797 1513.1948014199734 7889.23276617378 3152.9769992753863 2166.0845106951892
leaf_count=21046 13112 2585 5597 9137 2609 2110 558 19800 68664 561 6930 34253 15010 11065
internal_value=3.77035e-06 0.00195127 0.00318074 0.0046062 -0.00454361 -0.0079468 -0.00242961 -0.000482236 0.000614099 -0.0017307 -0.00796099 -0.00108592 0.00168961 -0.00259793
internal_weight=45774.6 9135.81 7685.98 6439.77 1449.83 1098.2 666.992 36638.8 19510.6 17128.2 1595.72 15532.4 5477.12 10055.3
internal_count=213037 43642 35780 30183 7862 5277 3167 169395 88464 80931 7491 73440 28122 45318
is_linear=0
shrinkage=0.03


Tree=202
num_leaves=15
num_cat=0
split_feature=233 246 69 190 224 88 78 120 140 52 56 47 78 148
split_gain=49.128 79.4152 60.5666 53.2533 52.2858 110.511 58.5385 71.4735 118.023 102.443 72.9722 62.2053 56.1234 52.5472
threshold=45.500000000000007 0.036244327202439315 8.5000000000000018 69.500000000000014 6.5000000000000009 4.5000000000000009 4.5000000000000009 77.500000000000014 92.500000000000014 38.500000000000007 43.500000000000007 23.500000000000004 13.500000000000002 83.500000000000014
decision_type=10 2 10 10 10 10 10 10 10 10 10 8 10 10
left_child=1 3 -2 -1 5 -4 11 13 10 -10 12 -6 -9 -8
right_child=2 -3 4 -5 6 -7 7 8 9 -11 -12 -13 -14 -15
leaf_value=-0.003085589508536372 0.0038559815835930546 0.0014282288033627556 0.0048962264270847582 0.0021818121753868643 -0.016890111183904658 -0.0082847295652289706 -0.00092753269741321996 -0.0052616603336601052 -0.030699746546880263 5.3924352253596538e-05 0.0017432044237978553 0.00055762251347096304 0.011872758561906218 0.0047714182594375629
leaf_weight=12351.768742416054 5020.385445881635 7676.2683907411993 856.14504266157746 2000.6956490650773 330.33340277895331 1685.8086198307574 9550.7142630144954 184.72393881902099 135.8460406139493 293.8765973970294 1695.7243018373847 398.76816258579493 1778.1965869814157 1707.7611770778894
leaf_count=54572 24595 38512 5274 9133 1565 8330 41242 962 626 1503 8178 1889 8892 7380
internal_value=-1.45248e-05 -0.00103357 0.000935171 -0.00235032 0.000145916 -0.00384352 0.000778728 0.00117517 0.00456734 -0.0101451 0.00631832 -0.00746897 0.0102418 -5.96104e-05
internal_weight=45667 22028.7 23638.3 14352.5 18617.9 2541.95 16075.9 15346.8 4088.37 429.723 3658.64 729.102 1962.92 11258.5
internal_count=212653 102217 110436 63705 85841 13604 72237 68783 20161 2129 18032 3454 9854 48622
is_linear=0
shrinkage=0.03


Tree=203
num_leaves=15
num_cat=0
split_feature=193 245 76 246 67 228 64 243 246 60 178 146 224 120
split_gain=62.6677 91.2446 84.5615 70.4276 69.923 66.3277 94.8255 62.416 65.9326 56.2082 55.1068 75.5701 61.13 60.4046
threshold=71.500000000000014 -0.10793837159872054 78.500000000000014 0.012971702031791212 2.5000000000000004 3.5000000000000004 22.500000000000004 -0.041962156072258942 0.032380593940615661 28.500000000000004 50.500000000000007 95.500000000000014 35.500000000000007 47.500000000000007
decision_type=8 2 10 2 8 10 8 2 2 10 10 10 10 8
left_child=2 -2 3 -1 -3 6 7 8 -5 -4 11 12 13 -7
right_child=1 4 9 5 -6 10 -8 -9 -10 -11 -12 -13 -14 -15
leaf_value=0.0013889173147810067 0.0092545809732500345 -0.0063352164611057216 -0.010981579819839769 -0.039303724822247192 0.0012354212987693571 -0.0035439840868363472 -0.0031995777782225913 0.0059707487234186363 -0.013455412357031933 0.0024443766783162082 -0.0047689411803573303 -0.0131375549822247 -0.0026826757802126348 0.0050451117753920523
leaf_weight=4267.0729828700423 1203.1175398007035 1160.8876821622252 283.24331326782703 160.30664639174938 17651.842771708965 1012.1973690539598 767.6453746818006 64.573282152414322 220.69572842493653 6627.9802859947085 5247.4060243964195 415.15776029229164 4044.9043531641364 2642.8037791848183
leaf_count=18510 8091 5097 1354 792 80116 4313 3986 294 1205 33861 22891 2135 18116 12375
internal_value=2.09572e-05 0.00127979 -0.000957517 -0.00199838 0.000765138 -0.00299029 -0.00967991 -0.020529 -0.0250581 0.00187907 -0.00237613 -0.000824915 -0.000144873 0.00266331
internal_weight=45769.8 20015.8 25754 18842.8 18812.7 14575.7 1213.22 445.576 381.002 6911.22 13362.5 8115.06 7699.91 3655
internal_count=213136 93304 119832 84617 85213 66107 6277 2291 1997 35215 59830 36939 34804 16688
is_linear=0
shrinkage=0.03


Tree=204
num_leaves=15
num_cat=0
split_feature=231 244 140 224 52 71 222 226 231 243 224 244 248 231
split_gain=53.7688 108.48 114.2 101.737 107.563 94.0163 138.148 105.75 173.81 122.289 141.249 102.626 94.207 130.545
threshold=91.500000000000014 0.0040141276549547919 10.500000000000002 32.500000000000007 13.500000000000002 24.500000000000004 3.5000000000000004 6.5000000000000009 17.500000000000004 -0.047963494434952729 1.5000000000000002 0.01396056776866317 0.7525252401828767 55.500000000000007
decision_type=8 2 8 8 10 10 10 8 10 2 10 2 2 10
left_child=3 -2 -3 5 -5 6 12 8 -8 10 -9 -11 -1 -14
right_child=1 2 -4 4 -6 -7 7 9 -10 11 -12 -13 13 -15
leaf_value=-0.011692716809574306 0.014686325719772474 -0.013036290542953475 -0.001644113645927102 -0.0059405997124685637 -1.7320932651405656e-05 0.00025610832552500453 -0.017716505298620386 -0.029580007961194407 0.018389007437089263 -0.0023703862112816345 0.015527452599783713 0.0078697818628848254 0.028927382965836086 -0.003090005352261537
leaf_weight=680.02501484751701 307.24182634055614 916.19461489841342 5493.4479258805513 3217.9328230768442 19001.342455565929 9581.0916231386364 126.61032003164291 57.120464615523815 1097.1404498182237 2096.5816910937428 1105.8349593877792 1504.8046146482229 138.81576290726662 492.04597451165318
leaf_count=3516 1601 4677 29568 14627 84396 43424 559 309 6001 8846 5503 6810 708 2769
internal_value=3.01252e-05 -0.00244739 -0.00329028 0.000456255 -0.000877453 0.0022113 0.00477394 0.00670336 0.0145402 0.00466419 0.0130786 0.00191831 -0.00402362 0.0042966
internal_weight=45816.2 6716.88 6409.64 39099.3 22219.3 16880.1 7298.98 5988.09 1223.75 4764.34 1162.96 3601.39 1310.89 630.862
internal_count=213314 35846 34245 177468 99023 78445 35021 28028 6560 21468 5812 15656 6993 3477
is_linear=0
shrinkage=0.03


Tree=205
num_leaves=15
num_cat=0
split_feature=243 222 229 193 242 249 222 230 224 229 249 224 228 245
split_gain=54.7011 63.3859 67.9347 55.5525 89.2764 79.661 73.5556 95.2795 157.857 136.918 100.169 93.4582 88.5349 102.041
threshold=-0.0086131645366549475 43.500000000000007 42.500000000000007 72.500000000000014 0.020053033716976646 0.085858587175607695 28.500000000000004 60.500000000000007 74.500000000000014 23.500000000000004 0.095959596335887923 24.500000000000004 10.500000000000002 -0.084423299878835664
decision_type=2 10 8 10 10 2 8 10 8 10 2 10 8 2
left_child=3 2 -2 6 -5 -6 7 8 -1 -9 11 -11 -8 -14
right_child=1 -3 -4 4 5 -7 12 9 -10 10 -12 -13 13 -15
leaf_value=-0.0013237506439526124 0.00030341310417339516 -0.0014100815398249275 -0.017053195489573424 -0.0011633098679091139 -0.00029360820084571099 0.0070833709975017924 -0.012112867930517364 -0.032479272888103379 0.015114464903307858 0.0084678436584055879 0.004731526411873686 -0.011601062743160697 0.010931088794686582 0.00095753587212098873
leaf_weight=14997.446156702936 321.55818624794483 2932.9502957835793 538.67415834963322 4192.1660150252283 1998.0713057368994 3853.1233829334378 420.91121742129326 166.773800984025 534.88410498946905 234.85795973241329 669.813267365098 1504.3192147985101 988.1968788690865 12337.587231211364
leaf_count=72435 1416 12893 2375 18609 8863 19107 2149 683 2546 1014 3201 6462 6182 54839
internal_value=-7.99662e-05 -0.0035249 -0.0106363 0.000232682 0.00217698 0.00456807 -0.000380817 -0.00163647 -0.00074831 -0.00696863 -0.00507556 -0.00885805 0.0012732 0.00170478
internal_weight=45691.3 3793.18 860.232 41898.2 10043.4 5851.19 31854.8 18108.1 15532.3 2575.76 2408.99 1739.18 13746.7 13325.8
internal_count=212774 16684 3791 196090 46579 27970 149511 86341 74981 11360 10677 7476 63170 61021
is_linear=0
shrinkage=0.03


Tree=206
num_leaves=15
num_cat=0
split_feature=57 242 230 147 230 150 222 230 248 67 67 137 235 63
split_gain=55.5679 59.3758 80.3469 61.5772 56.435 52.9402 68.4742 57.6141 55.4282 50.9241 54.0871 105.896 89.1704 60.1312
threshold=60.500000000000007 0.025096439756453041 30.500000000000004 70.500000000000014 92.500000000000014 65.500000000000014 29.500000000000004 8.5000000000000018 0.80303028225898754 83.500000000000014 32.500000000000007 92.500000000000014 18.500000000000004 65.500000000000014
decision_type=10 8 10 10 8 10 10 8 2 10 8 10 10 10
left_child=9 3 -3 5 -5 -2 7 8 -7 10 11 -1 -13 -12
right_child=1 2 -4 4 -6 6 -8 -9 -10 -11 13 12 -14 -15
leaf_value=-0.001598498655029375 0.0024603188271398093 0.006327643102117691 0.00019299651210101718 -0.0061135381426372561 0.0056568167359770426 -0.0048157131422351751 0.0051343362994041662 -0.011151224293809874 0.01561457937617622 -0.0060206500377795675 -0.00076209069227284863 0.0060199875894046241 -0.030344493861649082 0.0034189031166357649
leaf_weight=11665.537929527462 6240.4291671030223 3810.7118864022195 3866.7125355601311 2209.7910010777414 430.94725358486176 414.90112364292145 640.92175488173962 916.07445182651281 156.32969849556684 1636.4654171466827 8695.434497743845 81.41391409933567 198.98774525523186 4795.194405823946
leaf_count=53363 28411 21301 18275 9813 2033 1942 2826 3931 977 7422 39073 550 938 22306
internal_value=-3.89165e-05 0.00121903 0.00324222 -0.000193497 -0.00417862 0.0010675 -0.00300896 -0.00652899 0.00094793 -0.000907331 -0.000576128 -0.0020454 -0.0199424 0.00072546
internal_weight=45759.9 18686.8 7677.42 11009.4 2640.74 8368.66 2128.23 1487.31 571.231 27073 25436.6 11945.9 280.402 13490.6
internal_count=213161 89509 39576 49933 11846 38087 9676 6850 2919 123652 116230 54851 1488 61379
is_linear=0
shrinkage=0.03


Tree=207
num_leaves=15
num_cat=0
split_feature=242 165 140 231 29 70 231 243 231 222 243 230 115 231
split_gain=53.9627 50.7072 51.8505 76.8608 83.9192 71.8587 69.1593 64.0664 58.0237 71.5475 181.681 141.155 190.581 119.357
threshold=0.010344672016799452 6.5000000000000009 17.500000000000004 5.5000000000000009 54.500000000000007 11.500000000000002 28.500000000000004 -0.040498973801732056 92.500000000000014 3.5000000000000004 -0.051040830090641968 5.5000000000000009 23.500000000000004 19.500000000000004
decision_type=8 10 10 10 10 10 10 2 10 10 2 8 10 10
left_child=-1 -2 3 7 8 -4 -6 -3 9 -5 -11 12 -12 -13
right_child=1 2 5 4 6 -7 -8 -9 -10 10 11 13 -14 -15
leaf_value=-0.011031524543140565 -0.0035327891128310749 -0.032029707433605482 0.0047013590221425807 -0.005243558442161211 0.0013692631850485879 0.00043966958985289543 -0.012988286260930756 -0.0068363214237737923 -0.0060399558991561268 0.01133211799715224 0.014729995977014064 0.0069520208628931308 -0.010534806420893923 -0.0041214812258334012
leaf_weight=388.35606007277966 3272.8589727468789 100.34472790360451 4156.2420777790248 1461.1029504500329 467.28941291570663 24526.471752040088 834.35540331155062 570.87677201628685 1209.3077474571764 1511.7396061979234 1060.472160205245 1060.9254896193743 350.74426054954529 4814.7921355590224
leaf_count=1689 15831 491 20673 7388 1937 112975 3535 2419 6417 7835 5265 4530 1552 20744
internal_value=-3.80407e-05 5.84125e-05 0.000338202 -0.00119871 -0.000674418 0.00105863 -0.0078628 -0.0110175 0.000147541 0.000882025 0.00190403 -6.47552e-05 0.00842073 -0.00211362
internal_weight=45785.9 45397.5 42124.7 13442 12770.7 28682.7 1301.64 671.221 11469.1 10259.8 8798.67 7286.93 1411.22 5875.72
internal_count=213281 211592 195761 62113 59203 133648 5472 2910 53731 47314 39926 32091 6817 25274
is_linear=0
shrinkage=0.03


Tree=208
num_leaves=15
num_cat=0
split_feature=240 233 230 224 19 230 238 228 246 106 249 246 228 228
split_gain=48.632 46.7404 66.3415 93.6923 102.927 106.437 105.598 82.9304 78.4595 76.5785 69.6142 124.378 73.8659 73.2212
threshold=0.082762744277715697 61.500000000000007 24.500000000000004 35.500000000000007 49.500000000000007 14.500000000000002 -0.1009201556444168 56.500000000000007 0.0055579054169356832 89.500000000000014 0.7525252401828767 0.11880595237016679 6.5000000000000009 5.5000000000000009
decision_type=8 10 10 10 10 10 10 10 2 10 2 2 10 10
left_child=1 -1 3 9 5 6 -5 -7 -4 10 11 13 -13 -3
right_child=-2 2 8 4 -6 7 -8 -9 -10 -11 -12 12 -14 -15
leaf_value=-0.00085221031737584831 0.0098376923954990765 -0.0023967878381049089 0.016167807132737654 0.0071236952954183566 0.006744691607529189 -0.019846133784437024 -0.012089241252929744 0.010735082889505065 0.0024228384181295532 -0.013493758925215526 0.013223775251197497 -0.0080125027829072194 -0.04365104379608014 0.0043744858483630291
leaf_weight=27678.625604189932 439.13854616507888 2304.1697572506964 382.8438656181097 513.41204057633877 461.52975921332836 762.51080916821957 497.28030107170343 82.712574571371078 7904.6254660785198 299.0686914101243 436.73374157398939 168.25649883598089 70.215301960706711 3788.0108131170273
leaf_count=127807 2539 12043 1650 2749 2185 3309 2168 375 34803 1459 2699 1153 426 17978
internal_value=1.45089e-05 -8.276e-05 0.00112223 -0.000605153 -0.00582603 -0.00897151 -0.00235527 -0.016763 0.00307651 0.00111285 0.00177731 0.00096804 -0.0198403 0.00181374
internal_weight=45789.1 45350 17671.4 9383.9 2317.45 1855.92 1010.69 845.223 8287.47 7066.45 6767.39 6330.65 238.472 6092.18
internal_count=213343 210804 82997 46544 10786 8601 4917 3684 36453 35758 34299 31600 1579 30021
is_linear=0
shrinkage=0.03


Tree=209
num_leaves=15
num_cat=0
split_feature=66 244 22 245 246 189 229 231 246 75 229 106 245 19
split_gain=49.2806 68.7511 91.3375 53.4888 57.0368 50.5656 55.989 79.3435 102.301 107.478 101.528 97.8901 81.5463 78.2988
threshold=15.500000000000002 0.10129259899258615 56.500000000000007 -0.20662932842969892 0.28686656057834631 46.500000000000007 59.500000000000007 81.500000000000014 0.059140477329492576 59.500000000000007 14.500000000000002 13.500000000000002 -0.10519218072295188 21.500000000000004
decision_type=10 2 8 2 2 10 10 10 2 10 10 10 2 10
left_child=1 2 -1 -2 5 6 7 10 9 -9 -5 -12 -11 -8
right_child=3 -3 -4 4 -6 -7 13 8 -10 12 11 -13 -14 -15
leaf_value=-0.00023552721381458534 0.016745479869855365 0.018806239452935615 -0.0069452675639501043 0.0035109495907034841 -0.017189744334967984 0.0016294592624228029 0.0088353739563318615 -0.00018831921808593218 0.0035582524885027101 0.0041013430188645908 -0.0066209514808777551 0.0004179110407972327 -0.017622982290058691 -0.00012529537903762552
leaf_weight=5825.6866926625371 172.0184132643044 130.77291436493397 2649.9451401904225 3885.3428411446512 154.39283815771341 18437.365595761687 1206.0069751143456 713.45496650785208 721.70067876577377 176.3642227910459 3013.3687158450484 4314.8349247351289 1122.5370979011059 3153.0510856434703
leaf_count=25258 2399 1050 12385 18531 840 87309 5858 3255 3827 1132 13067 18503 4962 14533
internal_value=4.74314e-05 -0.00199632 -0.00233907 0.000522326 0.000442178 0.000520921 -0.000595811 -0.00152324 -0.00609572 -0.00955844 -0.000403957 -0.00248156 -0.0146645 0.00236837
internal_weight=45676.8 8606.4 8475.63 37070.4 36898.4 36744 18306.7 13947.6 2734.06 2012.36 11213.5 7328.2 1298.9 4359.06
internal_count=212909 38693 37643 174216 171817 170977 83668 63277 13176 9349 50101 31570 6094 20391
is_linear=0
shrinkage=0.03


Tree=210
num_leaves=15
num_cat=0
split_feature=226 226 231 142 228 231 228 149 231 244 228 249 231 244
split_gain=53.0921 69.7709 119.468 124.646 123.657 81.3055 78.9913 70.7242 69.6439 96.7157 98.5087 135.445 118.101 98.6525
threshold=99.500000000000014 81.500000000000014 24.500000000000004 66.500000000000014 48.500000000000007 8.5000000000000018 15.500000000000002 56.500000000000007 91.500000000000014 0.0040141276549547919 8.5000000000000018 0.65151515603065502 97.500000000000014 0.05331044644117356
decision_type=10 10 10 10 10 10 10 10 10 2 8 2 10 2
left_child=1 8 4 6 5 -3 -4 -8 -1 -10 11 -11 13 -13
right_child=-2 2 3 -5 -6 -7 7 -9 9 10 -12 12 -14 -15
leaf_value=2.7467359709734628e-05 -0.0085228631978719292 0.0030074993558982981 0.020084493163289321 0.0050758506463090495 0.0030186391973096509 0.027038628841478438 -0.0098931396707382085 0.00020801099665891033 0.013653290986768563 -0.012647615153331907 -1.7175529282802239e-05 0.010298030671620028 0.012621703469238464 -0.025961215331291112
leaf_weight=33061.067303139716 653.26715305447578 179.21136686950922 107.17982238531113 2795.3690700940788 909.31013987213373 446.20567028224468 1316.9672697484493 1176.5502981022 263.10736134275794 1944.134320192039 2197.796952355653 101.67095866426826 419.78229413181543 168.30825255811214
leaf_count=151049 3147 766 478 14088 4253 2030 5694 5184 1396 10319 10620 540 2839 797
internal_value=-9.68736e-05 2.70746e-05 0.00279383 0.00068665 0.0101502 0.0203083 -0.00403247 -0.00514518 -0.00047609 -0.00373742 -0.00471066 -0.00861216 0.0027802 -0.0124263
internal_weight=45739.9 45086.7 6930.79 5396.07 1534.73 625.417 2600.7 2493.52 38155.9 5094.8 4831.69 2633.9 689.762 269.979
internal_count=213200 210053 32493 25444 7049 2796 11356 10878 177560 26511 25115 14495 4176 1337
is_linear=0
shrinkage=0.03


Tree=211
num_leaves=15
num_cat=0
split_feature=69 243 245 104 10 245 28 76 222 235 67 243 104 246
split_gain=50.1295 66.4213 72.3826 62.7656 60.0661 60.2926 57.4148 65.6319 52.3989 51.9983 50.8695 63.101 60.115 103.826
threshold=8.5000000000000018 -0.032472144812345498 -0.099302399903535829 41.500000000000007 81.500000000000014 -0.068525452166795717 12.500000000000002 44.500000000000007 43.500000000000007 16.500000000000004 23.500000000000004 -0.011399664450436829 86.500000000000014 0.027583386749029163
decision_type=8 2 2 8 8 2 8 10 10 10 10 2 10 2
left_child=1 2 6 9 5 8 7 -1 -3 -4 12 -12 -2 -14
right_child=10 4 3 -5 -6 -7 -8 -9 -10 -11 11 -13 13 -15
leaf_value=-0.018217454836951627 -0.0015581940399872847 0.0097332327029561929 -0.0083978367594212382 0.012288249088760675 -0.002589211161204189 0.0046569574311021164 0.012392591286950302 0.0040143303300459073 0.029776432320958932 -0.00068186844650792067 0.0011436729713168391 -0.002847751728798917 0.007677297818153875 -0.024268305671779102
leaf_weight=133.21249893307686 12380.303885817528 491.5839209780097 1243.521127872169 231.39567932486534 769.04054788500071 2650.5130869224668 604.71309813857079 712.21893717721105 152.62350774556398 2113.1031515151262 19533.095654111356 4350.1273265555501 133.70272310078144 255.82129509747028
leaf_count=829 59618 2306 5463 1134 3486 11408 3423 5222 757 9611 88974 19126 681 1168
internal_value=9.34597e-05 0.00208486 -0.000217914 -0.00250366 0.00493332 0.00669172 0.005416 0.000339312 0.0148644 -0.00355684 -0.000401492 0.000415781 -0.00192916 -0.0133854
internal_weight=45755 9101.93 5038.16 3588.02 4063.76 3294.72 1450.14 845.431 644.207 3356.62 36653.1 23883.2 12769.8 389.524
internal_count=213206 43639 25682 16208 17957 14471 9474 6051 3063 15074 169567 108100 61467 1849
is_linear=0
shrinkage=0.03


Tree=212
num_leaves=15
num_cat=0
split_feature=245 242 165 195 120 231 226 249 222 226 226 224 245 245
split_gain=57.0622 52.1783 46.6307 58.1809 85.9573 79.784 67.9783 55.3538 70.0283 53.9174 76.2501 69.4133 113.97 87.3403
threshold=-0.20662932842969892 0.010344672016799452 6.5000000000000009 37.500000000000007 98.500000000000014 92.500000000000014 43.500000000000007 0.085858587175607695 10.500000000000002 12.500000000000002 81.500000000000014 37.500000000000007 -0.083116911351680742 -0.0704321153461933
decision_type=2 8 8 10 10 10 8 2 10 8 10 10 2 2
left_child=-1 -2 -3 4 9 7 -7 -6 -9 -4 -11 12 -12 -14
right_child=1 2 3 -5 5 6 -8 8 -10 10 11 -13 13 -15
leaf_value=0.016210845661253127 -0.010977546913708391 -0.0037412673249145175 0.0018377944303802692 0.0017872717496636595 0.0012563309359206825 -0.0069416920576885911 0.015157829388446141 0.021959067834158692 0.006147154947765316 -0.0026394440643628977 -0.021045601816207772 0.00026577114224761808 0.034001675456245391 0.0078470714432083144
leaf_weight=184.50345622375607 381.53253564238548 2771.5504554659128 4666.452180467546 14773.6348406896 600.92162124440074 668.04363770782948 143.91276114061475 424.49517131596804 627.86514075100422 16439.405049778521 77.749791294336319 3411.589659884572 159.26828894019127 385.87413735687733
leaf_count=2611 1657 12498 22765 68932 3170 3608 978 2690 3272 72547 363 15620 776 1680
internal_value=-3.75514e-06 -7.30041e-05 2.15517e-05 0.00026846 -0.000544713 0.0047898 -0.00288797 0.00855518 0.0126719 -0.00106951 -0.00173272 0.00195933 0.0110842 0.0159632
internal_weight=45716.8 45532.3 45150.8 42379.2 27605.6 2465.24 811.956 1653.28 1052.36 25140.3 20473.9 4034.48 622.892 545.142
internal_count=213167 210556 208899 196401 127469 13718 4586 9132 5962 113751 90986 18439 2819 2456
is_linear=0
shrinkage=0.03


Tree=213
num_leaves=15
num_cat=0
split_feature=245 240 230 229 244 245 245 246 245 230 246 230 163 240
split_gain=51.9465 48.6446 62.9629 154.538 123.674 72.5478 86.9957 103.734 79.3362 63.7179 62.124 61.1494 58.437 54.6891
threshold=-0.20662932842969892 -0.0081520783714950067 71.500000000000014 81.500000000000014 0.00097953883232548855 -0.057932570576667779 -0.063740316778421388 0.011960223317146303 -0.090936854481697069 82.500000000000014 0.010461688507348301 68.500000000000014 66.500000000000014 0.041525678709149368
decision_type=2 10 10 10 2 2 2 2 2 10 2 8 8 10
left_child=-1 2 3 12 -4 6 7 8 -6 -10 -3 -5 -2 -12
right_child=1 10 4 11 5 -7 -8 -9 9 -11 13 -13 -14 -15
leaf_value=0.015914837531693374 0.0018382797625881957 0.0076999218126522261 -0.032618582056970637 -0.023765059859553541 0.018973544040133822 0.0015437846700376125 0.018451762994582396 0.0099714612159003228 -0.025794406759494973 -0.001670102717970912 -0.002280079629193946 0.0019777028443204911 -0.0012095577831116582 0.0037456613952755566
leaf_weight=174.80956223234534 11504.624844033271 648.4084055274725 74.623857900500298 328.26216168701649 78.712841596454382 3966.853360503912 561.435187920928 1021.9513704590499 169.1601175069809 222.28416403383017 14237.991147760302 108.13961763679981 11128.905442815274 1489.081480588764
leaf_count=2527 52169 2802 318 1388 489 17463 2631 5687 709 1034 64603 565 52691 8026
internal_value=4.18862e-05 -2.25236e-05 0.000712113 -4.81905e-06 0.00342129 0.00392136 0.00848442 0.00463614 -0.00692705 -0.0124781 -0.00133056 -0.0174846 0.000339786 -0.00170753
internal_weight=45715.2 45540.4 29165 23069.9 6095.02 6020.4 2053.54 1492.11 470.157 391.444 16375.5 436.402 22633.5 15727.1
internal_count=213102 210575 135144 106813 28331 28013 10550 7919 2232 1743 75431 1953 104860 72629
is_linear=0
shrinkage=0.03


Tree=214
num_leaves=15
num_cat=0
split_feature=193 76 189 62 249 84 226 241 229 228 229 146 23 117
split_gain=46.8388 94.0579 64.0016 58.42 66.9018 69.6524 58.5461 93.484 64.0526 78.8315 62.3582 61.97 56.5022 56.2006
threshold=73.500000000000014 81.500000000000014 35.500000000000007 91.500000000000014 0.48989899456501013 8.5000000000000018 80.500000000000014 -0.77367815375328053 60.500000000000007 60.500000000000007 95.500000000000014 95.500000000000014 97.500000000000014 88.500000000000014
decision_type=8 10 10 8 2 10 10 10 10 10 10 10 8 10
left_child=1 3 -3 4 6 -6 10 8 -8 -10 11 12 -1 -2
right_child=13 2 -4 -5 5 -7 7 -9 9 -11 -12 -13 -14 -15
leaf_value=-0.00078135397039634719 0.00020359818611469021 -0.0013797861613621448 0.004843538881122521 -0.006037244841027317 -0.022981861753661029 -0.0043937386115168748 0.017217134493034966 -0.011331941183847661 -0.0060749352375379069 0.0096187574843022254 -0.02168496433755911 -0.010904344244697819 0.01790708431453978 0.0039315345012288254
leaf_weight=12726.538240548223 14552.478137191385 2436.3897943347692 3793.2608484439552 2552.3204532600939 191.58604279905558 1920.853826019913 415.36242732405663 279.14928594976664 458.45417026430368 741.65963312983513 122.34334328770638 534.20066015422344 137.29343058168888 4843.8894683904946
leaf_count=55954 65446 12057 20034 12023 1082 9149 1817 1199 1998 3331 510 2592 720 25233
internal_value=1.79582e-05 -0.000806521 0.00241131 -0.00180554 -0.00118624 -0.00617991 -0.000498351 0.00442665 0.00720264 0.00362297 -0.00119126 -0.000988087 -0.000568141 0.00113613
internal_weight=45705.8 26309.4 6229.65 20079.8 17527.4 2112.44 15415 1894.63 1615.48 1200.11 13520.4 13398 12863.8 19396.4
internal_count=213145 122466 32091 90375 78352 10231 68121 8345 7146 5329 59776 59266 56674 90679
is_linear=0
shrinkage=0.03


Tree=215
num_leaves=15
num_cat=0
split_feature=242 76 244 137 8 148 224 243 244 224 245 244 224 141
split_gain=50.4526 52.2854 53.3272 46.6433 139.829 70.7264 85.2585 52.2111 50.8804 139.355 74.4301 67.7368 90.5534 106.121
threshold=0.010344672016799452 94.500000000000014 0.058749128133058555 91.500000000000014 24.500000000000004 62.500000000000007 5.5000000000000009 -0.041479542851448052 0.0019962895894423132 9.5000000000000018 -0.058277033269405358 0.0040957394521683463 13.500000000000002 71.500000000000014
decision_type=8 10 2 8 8 10 10 2 2 10 2 2 10 10
left_child=-1 3 -3 8 5 6 7 -5 9 -2 -11 -10 -13 -14
right_child=1 2 -4 4 -6 -7 -8 -9 11 10 -12 12 13 -15
leaf_value=-0.010875975813524239 0.014642121008901589 0.0023028863241997101 0.014496857820321424 -0.013979607212204972 -0.00088737784448662176 0.003327224753586734 -0.027440046392371371 0.022215654818268087 0.0046919215823428024 -0.014750973533023567 0.00014841615366978234 -0.0029956809099564692 -0.00055815267710999711 0.0035675335971465136
leaf_weight=372.86995749175549 255.39475343748927 3258.0023857168853 349.17291601002216 80.063280325382948 3719.9630398340523 136.03159147873521 395.89655080810189 49.609499752521515 2936.7108670547605 806.60217021405697 478.30186904966831 7318.2375240661204 17195.356630802155 8317.4635022990406
leaf_count=1623 1252 16988 2591 545 19363 736 1841 266 12890 3561 1975 35615 75027 38804
internal_value=-3.14643e-05 6.01854e-05 0.00352007 -0.000239952 -0.00316439 -0.0157634 -0.0206745 0.000466911 0.000104258 -0.00521658 -0.0092464 0.000334788 -5.62641e-05 0.000787738
internal_weight=45669.7 45296.8 3607.18 41689.6 4381.56 661.601 525.569 129.673 37308.1 1540.3 1284.9 35767.8 32831.1 25512.8
internal_count=213077 211454 19579 191875 22751 3388 2652 811 169124 6788 5536 162336 149446 113831
is_linear=0
shrinkage=0.03


Tree=216
num_leaves=15
num_cat=0
split_feature=209 10 231 178 70 24 52 37 248 243 243 79 248 38
split_gain=47.3528 53.1356 82.6657 78.1118 88.8556 62.1578 65.6939 64.7722 62.6396 87.8579 57.4941 56.7237 63.4912 86.9562
threshold=50.500000000000007 2.5000000000000004 77.500000000000014 11.500000000000002 29.500000000000004 21.500000000000004 12.500000000000002 11.500000000000002 0.71212121844291698 -0.038896463811397546 -0.023841213434934613 2.5000000000000004 0.82323232293128978 18.500000000000004
decision_type=10 8 10 8 10 10 10 10 2 2 2 10 2 10
left_child=1 2 -1 4 -3 7 8 -5 -7 -10 11 -4 13 -13
right_child=-2 3 10 5 -6 6 -8 -9 9 -11 -12 12 -14 -15
leaf_value=0.0074273407618694158 -0.0025910339586094526 -0.00014146423925057213 0.0070948436367803801 -0.0010938811310023365 -0.0076467804228170641 -0.001947852719066878 0.00027623002410743103 0.0053075453762402806 -0.0031068147001404342 -0.025928506333924448 0.010800179798139133 -0.018813007529588855 0.0088005869050058003 -1.6577893874841053e-06
leaf_weight=2164.5820248685777 6215.6772648766637 3356.4521300978959 312.49061390385032 2155.1678549423814 2450.8032958246768 1528.7797361388803 21373.145029447973 4158.1322928145528 345.97926623001695 264.99028624594212 275.62102127447724 492.348842125386 176.34087421745062 395.10398133471608
leaf_count=10656 27598 16829 2330 11804 11390 6642 95675 19839 1624 1135 1397 2737 1374 2018
internal_value=-0.000159479 0.000224193 0.00358362 -0.00013652 -0.00331659 0.000483554 -0.000226447 0.00312402 -0.00522543 -0.0132632 -0.0014674 -0.00398434 -0.00727463 -0.0105313
internal_weight=45665.6 39449.9 3816.49 35633.4 5807.26 29826.2 23512.9 6313.3 2139.75 610.97 1651.91 1376.28 1063.79 887.453
internal_count=213048 185450 20512 164938 28219 136719 105076 31643 9401 2759 9856 8459 6129 4755
is_linear=0
shrinkage=0.03


Tree=217
num_leaves=15
num_cat=0
split_feature=194 195 52 226 248 231 249 243 231 231 229 249 31 231
split_gain=53.5693 73.017 71.05 63.6119 66.3785 88.046 142.309 119.9 94.6003 76.973 68.0315 62.3752 84.8993 59.3391
threshold=30.500000000000004 37.500000000000007 14.500000000000002 2.5000000000000004 0.84343436360359203 77.500000000000014 0.025252525694668296 -0.050149461254477494 52.500000000000007 93.500000000000014 10.500000000000002 0.65151515603065502 83.500000000000014 92.500000000000014
decision_type=10 10 10 8 2 10 2 2 10 10 10 2 10 10
left_child=3 2 -2 4 5 7 9 8 -1 -7 -9 12 -8 -3
right_child=1 13 -4 -5 -6 6 11 10 -10 -11 -12 -13 -14 -15
leaf_value=-0.025490487841861673 -0.0069556101270650079 0.0015753496896938417 -0.0014530326289562967 0.00041236506751463308 0.020173706273925344 -0.038345473548222223 0.0032788132898808687 0.021843955686960632 0.016509068461050179 -0.0023058882980320594 -0.0045045273217423718 0.014794568984618896 -0.023277991918385033 -0.0051300764954916598
leaf_weight=114.03044257313013 2745.5617008283734 9115.5125849805772 9076.7390352450311 20968.238968677819 242.55272950604558 116.33545868098736 637.42265908792615 531.23325958848 70.312791120260954 94.649595111608505 101.69998876750469 299.19819302856922 120.1435886695981 1355.6422290354967
leaf_count=581 13091 41389 40783 96885 2028 554 3742 2692 469 497 493 1724 642 7155
internal_value=-6.9923e-05 -0.0011209 -0.00273573 0.000935881 0.00563009 0.00385 -0.00110973 0.0114639 -0.0094457 -0.0230138 0.0176061 0.0034382 -0.00118127 0.000703169
internal_weight=45589.3 22293.5 11822.3 23295.8 2327.58 2085.03 1267.75 817.276 184.343 210.985 632.933 1056.76 757.566 10471.2
internal_count=212725 102418 53874 110307 13422 11394 7159 4235 1050 1051 3185 6108 4384 48544
is_linear=0
shrinkage=0.03


Tree=218
num_leaves=15
num_cat=0
split_feature=194 68 244 75 244 171 67 242 146 224 244 47 230 33
split_gain=48.1331 65.9029 66.9683 56.1239 58.9633 65.0102 52.5421 49.0139 71.3164 96.4866 57.6372 48.8907 45.852 44.1472
threshold=29.500000000000004 17.500000000000004 0.10770849511027338 41.500000000000007 0.011742091737687589 36.500000000000007 79.500000000000014 0.02837224863469601 93.500000000000014 15.500000000000002 0.054733078926801688 7.5000000000000009 3.5000000000000004 41.500000000000007
decision_type=8 8 2 10 2 10 8 8 10 10 2 10 10 10
left_child=12 7 3 6 5 -5 -3 10 -9 -10 13 -6 -1 -2
right_child=1 2 -4 4 11 -7 -8 8 9 -11 -12 -13 -14 -15
leaf_value=0.0051427214121140593 -0.004811879255167799 -0.00075849358364080664 0.015400024663075733 0.00074607058274121644 0.0062566118010287993 0.0074557848829599621 -0.00675984961391792 0.00288301556546052 -0.0014140193354718173 -0.041063002805652928 0.0085134355215795935 -0.0014336102925801544 0.00065357487991678101 -0.022268619343956721
leaf_weight=2473.4136682339013 5147.8616794981062 10150.939355112612 245.11273937672377 2887.8646762222052 841.03922259435058 2356.7825121283531 1498.6528910174966 1839.336136225611 175.66424304246902 71.085394039750099 279.30811943858862 5909.5842800997198 11695.677706476301 124.71995673328638
leaf_count=14123 23325 45311 1632 12679 4460 10688 7314 9824 1368 370 1708 27043 52819 541
internal_value=-1.14757e-05 -0.00066417 0.000111713 -5.32151e-05 0.0013866 0.00376966 -0.00153567 -0.00308794 0.000829891 -0.0139908 -0.00455889 -0.000467672 0.00144029 -0.00526618
internal_weight=45697 31528 23890 23644.9 11995.3 5244.65 11649.6 7637.98 2086.09 246.75 5551.89 6750.62 14169.1 5272.58
internal_count=213205 146263 109127 107495 54870 23367 52625 37136 11562 1738 25574 31503 66942 23866
is_linear=0
shrinkage=0.03


Tree=219
num_leaves=15
num_cat=0
split_feature=141 98 238 244 228 246 245 62 231 245 228 228 245 245
split_gain=43.7111 41.7813 52.8867 64.9712 99.8547 83.7906 82.9216 86.4474 95.4953 137.295 141.909 148.935 127.626 110.655
threshold=1.5000000000000002 42.500000000000007 -0.23228914290666577 0.02181983552873135 7.5000000000000009 0.036795973777771003 -0.12887622416019437 1.0000000180025095e-35 19.500000000000004 -0.10331549495458602 20.500000000000004 25.500000000000004 -0.08025477826595305 -0.091515976935625062
decision_type=8 8 10 2 10 2 2 10 10 2 10 10 2 2
left_child=-1 2 -2 6 5 -5 -4 -8 9 -9 12 -12 -11 -10
right_child=1 -3 3 4 -6 -7 7 8 13 10 11 -13 -14 -15
leaf_value=0.010241729351708662 0.005815823329783143 0.0014254756349436088 0.011145335343153035 -0.02330020561972455 -0.0017211252205189295 -0.0062101819458004383 -0.0071651514679593291 -0.020156302495192537 0.0046229870116046446 0.029160527018171543 -0.010870863196871904 0.0040876938305474172 0.0074992499282467481 -0.0020493290002641675
leaf_weight=357.03584732115269 1082.7248007133603 11316.243458345532 558.37477263063192 346.0410081371665 5901.3511079661548 984.22269161790609 1601.1649211645126 205.20019033551216 2613.0643932297826 312.55507661402225 714.11786231398582 3461.5833986699581 1065.8281168788671 15199.468079552054
leaf_count=1560 8497 54844 3344 1549 27736 4875 7718 923 13170 1375 3002 14606 4526 65585
internal_value=-6.9585e-05 -0.000152983 -0.000677902 -0.000892898 -0.00340315 -0.0107965 -0.000186362 -0.000442042 1.74843e-05 0.00337219 0.00427613 0.00150966 0.0125857 -0.00106847
internal_weight=45719 45361.9 34045.7 32963 7231.61 1330.26 25731.4 25173 23571.8 5759.28 5554.08 4175.7 1378.38 17812.5
internal_count=213310 211750 156906 148409 34160 6424 114249 110905 103187 24432 23509 17608 5901 78755
is_linear=0
shrinkage=0.03


Tree=220
num_leaves=15
num_cat=0
split_feature=242 149 232 242 140 246 243 71 228 243 228 245 246 230
split_gain=51.7851 47.1788 50.647 58.8102 50.3321 59.5069 55.1455 54.422 72.6004 45.9987 101.124 79.9807 56.4399 50.51
threshold=0.010344672016799452 24.500000000000004 87.500000000000014 0.016768259927630428 31.500000000000004 0.0021969869267195468 -0.015480651520192621 33.500000000000007 40.500000000000007 -0.05061517842113971 3.5000000000000004 -0.099302399903535829 0.12327165156602861 3.5000000000000004
decision_type=8 10 10 10 10 2 2 10 10 2 8 2 2 10
left_child=-1 -2 4 -4 7 -6 -7 9 -9 10 11 13 -12 -3
right_child=1 2 3 -5 5 6 -8 8 -10 -11 12 -13 -14 -15
leaf_value=-0.010959370114686489 -0.0017000372592061136 0.01134265459591746 -0.0045122932503999019 0.0045852099424455867 -0.025001472693576478 0.0022842257269910862 -0.0016155142205101581 -0.0060912913358328229 0.002297373287569562 -0.0011968560024193575 0.011821676942803927 -0.012897545608415047 -0.018874737457523237 -0.0081080671894720232
leaf_weight=379.43125827610493 10819.761412415653 338.40909168869257 737.66823453083634 4474.214127548039 68.005647540092468 12466.891038034111 4411.3726059123874 3509.9266250468791 1255.1778286322951 5549.8841269388795 1030.8519692979753 410.15036204457283 48.093084920197725 174.7427042350173
leaf_count=1651 50143 2430 3338 22642 283 59754 19649 15389 5357 24429 5187 1858 248 876
internal_value=-6.63258e-05 2.73226e-05 0.000569773 0.00329141 8.40859e-05 0.00114453 0.00126462 -0.00137464 -0.00388145 0.000210101 0.00409651 -0.00317682 0.0102926 0.00469076
internal_weight=45674.6 45295.1 34475.4 5211.88 29263.5 16946.3 16878.3 12317.2 4765.1 7552.13 2002.25 923.302 1078.95 513.152
internal_count=213234 211583 161440 25980 135460 79686 79403 55774 20746 35028 10599 5164 5435 3306
is_linear=0
shrinkage=0.03


Tree=221
num_leaves=15
num_cat=0
split_feature=195 194 52 231 45 230 52 193 248 245 245 222 231 148
split_gain=48.4513 73.106 68.7651 52.3736 62.9366 47.1708 77.4923 54.7416 61.2357 47.1117 73.1928 61.7168 47.0415 44.6708
threshold=37.500000000000007 30.500000000000004 8.5000000000000018 81.500000000000014 83.500000000000014 3.5000000000000004 10.500000000000002 18.500000000000004 0.76262626051902782 -0.09202431887388228 -0.085616555064916597 17.500000000000004 22.500000000000004 91.500000000000014
decision_type=10 10 10 10 10 8 10 10 2 2 2 10 8 10
left_child=1 5 -3 4 -2 7 9 8 -1 11 -11 -7 -13 -4
right_child=3 2 13 -5 -6 6 -8 -9 -10 10 -12 12 -14 -15
leaf_value=-0.0036923788520157675 0.0036883530677744949 -0.0077763830164926427 -0.0022712115800829677 -0.0015270769547029728 -0.0013104568370804011 -0.0012703507239918419 0.0013091098431379177 0.0092354791740571849 0.0096252559042837391 -0.020639156943963871 -0.0040070308044335866 -0.011022069719469244 0.02518595850382789 0.0034728753171055478
leaf_weight=992.27075424790382 8971.6251492202282 1826.4511956721544 8583.8747752271593 4016.6586459800601 3026.237325720489 1052.4311387017369 10906.56511130929 1137.8940847180784 440.38791328296065 251.44166227430105 2801.279568888247 35.106163442134857 137.41031613200903 1410.6794050708413
leaf_count=5404 40489 8852 38597 20571 13987 5789 48827 6316 2733 1199 12601 202 843 6423
internal_value=0.000106701 -0.000612926 -0.00243983 0.00143527 0.00242746 0.000604099 -3.31698e-05 0.00435398 0.000439699 -0.00345059 -0.00543987 0.00151087 0.0176176 -0.0014578
internal_weight=45590.3 29575.8 11821 16014.5 11997.9 17754.8 15184.2 2570.55 1432.66 4277.67 3052.72 1224.95 172.516 9994.55
internal_count=212833 137786 53872 75047 54476 83914 69461 14453 8137 20634 13800 6834 1045 45020
is_linear=0
shrinkage=0.03


Tree=222
num_leaves=15
num_cat=0
split_feature=231 229 222 77 243 62 70 70 231 245 229 235 29 140
split_gain=47.6865 87.6973 101.476 94.2891 83.4677 80.5099 78.351 72.7419 93.5469 138.798 125.942 80.3808 78.6548 110.357
threshold=91.500000000000014 16.500000000000004 61.500000000000007 26.500000000000004 -0.10134678333997725 34.500000000000007 19.500000000000004 11.500000000000002 75.500000000000014 -0.077380996197462068 18.500000000000004 7.5000000000000009 8.5000000000000018 86.500000000000014
decision_type=10 8 10 10 2 8 10 8 10 2 10 10 8 10
left_child=4 3 5 -2 -1 -3 -5 11 -9 10 -10 -6 13 -11
right_child=1 2 -4 6 7 -7 -8 8 9 12 -12 -13 -14 -15
leaf_value=0.01812349960129403 2.9732306198101338e-05 0.019548222742662567 -0.0045788564842762754 -0.017356759745416634 -0.0037336066586133986 0.0028972280065607948 -0.0052524121308481714 -0.0011851425771047051 0.0016003190055711213 -0.0030406848254131459 0.020718795468605358 0.0041281575878205573 0.002427591888922808 -0.033736184222146942
leaf_weight=226.1771081648767 1692.6118570789695 366.51180317997932 1081.5692699812353 730.02166330441833 1408.8887487240136 869.06868189200759 1417.1532864272594 25668.975912719965 577.88412915915251 633.36069272458553 663.76621175557375 6715.2876802459359 3517.1307150349021 117.0795094370842
leaf_count=1873 10177 1813 5375 3594 6355 4480 6907 114380 3411 2906 3889 31540 15988 497
internal_value=-4.0461e-05 -0.00249409 0.00210939 -0.00527036 0.000342248 0.00795372 -0.00942917 0.000235337 -0.00042368 0.0031199 0.0119046 0.00276186 0.00054213 -0.00821029
internal_weight=45685.5 6156.94 2317.15 3839.79 39528.6 1235.58 2147.17 39302.4 31178.2 5509.22 1241.65 8124.18 4267.57 750.44
internal_count=213185 32346 11668 20678 180839 6293 10501 178966 141071 26691 7300 37895 19391 3403
is_linear=0
shrinkage=0.03


Tree=223
num_leaves=15
num_cat=0
split_feature=189 76 228 230 193 249 228 228 249 193 243 224 224 35
split_gain=45.5658 62.9714 60.0491 52.6971 84.1774 70.5514 90.2271 81.4872 80.6954 70.1214 71.1522 62.5456 75.9955 72.2475
threshold=46.500000000000007 86.500000000000014 3.5000000000000004 71.500000000000014 75.500000000000014 0.015151515137404205 35.500000000000007 34.500000000000007 0.055555555969476707 98.500000000000014 -0.048969376832246773 31.500000000000004 27.500000000000004 71.500000000000014
decision_type=10 8 10 10 8 2 10 10 2 10 2 10 10 10
left_child=3 2 -2 9 -5 7 8 -6 -7 11 -11 12 13 -1
right_child=1 -3 -4 4 5 6 -8 -9 -10 10 -12 -13 -14 -15
leaf_value=-0.00011371421969040368 -0.00617469964811934 0.0043863409229842922 0.00064969058415628516 -0.0032561206134832437 -0.025666871649698456 0.00099928336537268079 0.0030608074106034783 0.0078726009746390279 0.022728496486830171 0.0096513734215893359 -0.012823489062433606 -0.003695716044611724 0.0084623575055010631 -0.011828130394083178
leaf_weight=9968.9273866917938 1236.6816642545164 3881.5444226823747 16765.428948432207 1938.3453857153654 132.99720041453838 233.08660002052784 2352.8359712772071 113.08425541222095 447.78313259035349 141.59268753603101 835.5033390596509 6225.8252353742719 879.68416817858815 487.48800490796566
leaf_count=47788 6483 20832 76311 8463 562 1032 11341 474 2252 746 3698 27097 3834 2212
internal_value=-6.15601e-05 0.000925866 0.000177711 -0.000971124 0.0016898 0.00461383 0.00587436 -0.0105486 0.0154119 -0.00172059 -0.00950184 -0.00128251 4.49253e-05 -0.000670631
internal_weight=45640.8 21883.7 18002.1 23757.2 5218.13 3279.79 3033.71 246.081 680.87 18539 977.096 17561.9 11336.1 10456.4
internal_count=213125 103626 82794 109499 24124 15661 14625 1036 3284 85375 4444 80931 53834 50000
is_linear=0
shrinkage=0.03


Tree=224
num_leaves=15
num_cat=0
split_feature=226 12 229 233 171 231 243 244 176 178 231 80 245 178
split_gain=66.3814 56.9626 46.0259 43.7 53.8728 72.0085 120.044 91.5308 74.5677 88.1817 108.972 96.2126 95.9332 143.291
threshold=99.500000000000014 9.5000000000000018 94.500000000000014 99.500000000000014 27.500000000000004 26.500000000000004 -0.020025352947413918 0.0056642040144652137 2.5000000000000004 12.500000000000002 70.500000000000014 62.500000000000007 -0.065537463873624788 90.500000000000014
decision_type=10 10 10 10 8 8 2 2 8 8 8 10 2 8
left_child=3 -2 -3 4 -1 6 7 -6 -7 11 12 -10 13 -11
right_child=1 2 -4 -5 5 8 -8 -9 9 10 -12 -13 -14 -15
leaf_value=-0.0013444934190534165 -0.024571926347144456 -0.014400321544708435 0.0039133908559363306 0.0046137204017150839 0.016047693585335754 0.0077251626950166534 -0.00089674509698047899 0.0045818807993372491 -0.0034870489685646573 -0.0095772393535689671 0.0034050664310354565 -0.022739571687130603 0.00037243415178085404 0.0095510459116017188
leaf_weight=17792.793615240604 158.52457898110151 210.79571685194969 272.96329721435905 1852.2078915741295 825.96291532367468 1023.5891051143408 2891.5307530686259 2560.0667131245136 3091.2939546406269 2209.1831771060824 6331.4881168790162 243.41840595379472 5698.0698043629527 410.66060552746058
leaf_count=82948 779 942 1367 9324 3581 5923 12460 11563 14623 9910 31462 1090 24701 2165
internal_value=-2.36337e-05 -0.00952524 -0.00419675 0.000114282 -8.0204e-05 0.000809634 0.00359266 0.00741778 -0.000110906 -0.000560951 0.000442253 -0.00495618 -0.00181438 -0.00655396
internal_weight=45572.5 642.284 483.759 44930.3 43078.1 25285.3 6277.56 3386.03 19007.7 17984.1 14649.4 3334.71 8317.91 2619.84
internal_count=212838 3088 2309 209750 200426 117478 27604 15144 89874 83951 68238 15713 36776 12075
is_linear=0
shrinkage=0.03


Tree=225
num_leaves=15
num_cat=0
split_feature=92 245 120 31 235 228 228 119 134 224 245 224 230 244
split_gain=48.9131 51.1613 89.3191 54.9675 62.9126 87.3924 84.4697 81.4619 75.0184 67.5637 87.8242 63.7705 64.4349 76.0163
threshold=66.500000000000014 -0.044003877788782113 17.500000000000004 62.500000000000007 26.500000000000004 51.500000000000007 25.500000000000004 41.500000000000007 90.500000000000014 57.500000000000007 -0.080718014389276491 24.500000000000004 80.500000000000014 0.050868280231952674
decision_type=10 2 8 10 8 10 10 10 10 10 2 8 10 2
left_child=1 3 -3 4 6 8 7 -1 -6 -9 -11 -8 13 -13
right_child=-2 2 -4 -5 5 -7 11 9 -10 10 -12 12 -14 -15
leaf_value=-0.0060603486616593568 0.0048772210026489784 0.0036550374602275079 -0.0030667187096723846 -0.0019454903817564238 0.0052879727506715797 -0.0043421188316527847 0.014534191818297978 0.00073186067029412368 -0.010198362154456778 0.004271478066895938 -0.020688067223039706 0.00074190619474048607 0.0063785267376113538 -0.018428758673053776
leaf_weight=2756.0926561132073 1754.0812903642654 2155.1967766061425 9994.1544479057193 6924.2291703075171 6392.5550860408694 1141.5644873678684 374.40280502289534 7016.7755461633205 285.43939621374011 210.5080184713006 298.58699066191912 4151.5496245287359 2003.0372707396746 184.87255004048347
leaf_count=11845 8788 9028 43449 33389 31195 5407 1708 34960 1570 1147 1276 18522 10001 875
internal_value=-2.07878e-05 -0.00021761 -0.00187231 0.000416169 0.00107566 0.00330074 5.05931e-05 -0.0016579 0.00461178 -3.97502e-05 -0.010484 0.00266564 0.00194291 -0.000115907
internal_weight=45643 43889 12149.4 31739.6 24815.4 7819.56 16995.8 10282 6677.99 7525.87 509.095 6713.86 6339.46 4336.42
internal_count=213160 204372 52477 151895 118506 38172 80334 49228 32765 37383 2423 31106 29398 19397
is_linear=0
shrinkage=0.03


Tree=226
num_leaves=15
num_cat=0
split_feature=240 77 243 66 28 10 242 59 240 231 230 230 233 171
split_gain=46.1888 49.8595 48.4858 43.4313 56.6035 52.6182 43.135 60.2599 42.3017 40.733 40.6429 40.1514 39.3361 38.0007
threshold=0.071430910378694548 1.5000000000000002 -0.062572900205850587 15.500000000000002 73.500000000000014 92.500000000000014 0.022112769074738029 24.500000000000004 -0.0081520783714950067 7.5000000000000009 65.500000000000014 72.500000000000014 71.500000000000014 3.5000000000000004
decision_type=8 8 2 10 10 10 10 8 10 10 8 10 10 10
left_child=1 2 -1 4 5 6 7 -3 13 11 -8 -6 -11 -5
right_child=-2 3 -4 8 9 -7 10 -9 -10 12 -12 -13 -14 -15
leaf_value=0.0050854396417094345 0.0082973768550712989 -0.0088624029416607044 -0.0082501767309174599 -0.0026112157346802776 -0.0095269731352750475 -0.012228566948746833 -0.00043120795654681118 0.0043435731098635695 -0.00084309294156025125 -0.007343408392521825 -0.006763466251168645 0.025626551284450572 -0.023201221588022593 0.0017137057814919563
leaf_weight=302.34610529243946 588.33921325951815 349.06804759800434 1172.1064936481416 1997.3875531423837 49.748860642313957 345.86078972369432 3282.9761522561312 2333.6465572789311 12502.637557577342 657.92305137217045 1254.0793386399746 49.486924111843109 175.97907142341137 20619.06615197286
leaf_count=2149 3411 1526 5358 9677 207 1441 14462 10802 57640 2816 5893 208 751 97077
internal_value=1.69278e-05 -9.29265e-05 -0.00549979 9.10649e-05 -0.00183201 -0.00096673 -0.000411067 0.00259871 0.000556835 -0.00876283 -0.00219252 0.00874456 -0.0109252 0.00133076
internal_weight=45680.7 45092.3 1474.45 43617.9 8498.77 7565.63 7219.77 2682.71 35119.1 933.138 4537.06 99.2358 833.902 22616.5
internal_count=213418 210007 7507 202500 38106 34124 32683 12328 164394 3982 20355 415 3567 106754
is_linear=0
shrinkage=0.03


Tree=227
num_leaves=15
num_cat=0
split_feature=195 194 245 245 226 229 230 127 47 78 70 142 189 229
split_gain=48.5528 57.9895 61.8733 62.0465 73.7412 81.6064 59.7715 57.4526 53.7358 48.9617 62.3446 52.4371 74.3961 48.0155
threshold=66.500000000000014 29.500000000000004 -0.09202431887388228 -0.087105605751276002 49.500000000000007 43.500000000000007 25.500000000000004 2.5000000000000004 37.500000000000007 13.500000000000002 67.500000000000014 45.500000000000007 19.500000000000004 18.500000000000004
decision_type=10 10 2 2 8 10 10 10 10 8 10 10 10 8
left_child=1 2 -1 4 6 -6 8 -3 -4 11 -11 -5 13 -13
right_child=-2 7 3 9 5 -7 -8 -9 -10 10 -12 12 -14 -15
leaf_value=0.0041286716915696769 0.0017814952388717994 -0.0084384879098365045 1.9841835978116415e-05 0.0033939604113207328 -0.031619565460375219 0.0071957205050719687 0.012863582483176188 -0.0013751063778042417 -0.023215209934759305 0.0021698778353371022 -0.002809948244280137 -0.0060892919557537489 -0.001906139649808149 -0.022831095713650714
leaf_weight=3585.7101445496082 10861.158236652613 1108.1327984035015 241.58692967891693 706.27187275886536 179.8800642862916 61.234240956604481 158.11832317709923 14302.752360336483 132.35883469134569 9460.0525699853897 2963.6002410501242 320.11693409830332 1259.8316602855921 306.45197330415249
leaf_count=21518 50778 5434 1187 3054 841 325 715 64999 596 42224 12898 1430 5948 1313
internal_value=3.14401e-05 -0.000515329 0.00057701 -0.000231656 -0.00846376 -0.0218679 -0.00209808 -0.00188815 -0.0085947 0.000197559 0.000980661 -0.00354428 -0.00614617 -0.0145077
internal_weight=45647.3 34786.1 19375.2 15789.5 773.178 241.114 532.064 15410.9 373.946 15016.3 12423.7 2592.67 1886.4 626.569
internal_count=213260 162482 92049 70531 3664 1166 2498 70433 1783 66867 55122 11745 8691 2743
is_linear=0
shrinkage=0.03


Tree=228
num_leaves=15
num_cat=0
split_feature=243 228 243 92 228 238 226 226 243 80 67 145 174 95
split_gain=57.0152 58.8927 68.4103 64.8402 62.1379 54.0284 63.2125 192.672 115.351 106.043 100.603 97.9863 87.5994 87.4609
threshold=-0.0086131645366549475 93.500000000000014 -0.014364982489496468 59.500000000000007 99.500000000000014 -0.28063598275184626 43.500000000000007 49.500000000000007 -0.087502673268318162 10.500000000000002 2.5000000000000004 87.500000000000014 13.500000000000002 4.5000000000000009
decision_type=2 10 2 10 10 10 10 10 2 10 10 10 8 10
left_child=1 3 4 5 -3 -1 12 13 -9 -10 -11 -12 -7 -8
right_child=-2 2 -4 -5 -6 6 7 8 9 10 11 -13 -14 -15
leaf_value=0.0094420753447699481 -0.0034237382303606836 -0.013911785205464561 0.0070428296953580112 0.0053833279382231756 0.017402181473255292 -0.003946663070985134 -0.0065942013414767792 -0.023137297266008033 0.0080794068578498978 -0.016429149578634519 -0.0009710432227951262 0.0064755484705752491 0.00030399964365506165 0.011608632657855946
leaf_weight=559.41970219276845 3836.597307369113 674.66406325250864 232.38292425125837 2359.4123642928898 53.773306339979172 6266.1661066450179 262.11465588212013 177.85148553177714 1490.964368339628 330.48541625216603 11150.271438185126 1844.6406563445926 14313.62662230432 2044.3331057205796
leaf_count=5190 16851 3271 1056 11911 286 30557 1119 857 6887 1493 48547 9554 66596 8878
internal_value=7.12938e-05 0.000393133 -0.00690967 0.000566765 -0.0113958 0.000269804 0.000131892 0.00146805 0.000223894 0.000519731 -0.000331537 9.01744e-05 -0.000991537 0.00952045
internal_weight=45596.7 41760.1 960.82 40799.3 728.437 38439.9 37880.5 17300.7 14994.2 14816.4 13325.4 12994.9 20579.8 2306.45
internal_count=213053 196202 4613 191589 3557 179678 174488 77335 67338 66481 59594 58101 97153 9997
is_linear=0
shrinkage=0.03


Tree=229
num_leaves=15
num_cat=0
split_feature=233 140 10 146 226 63 241 246 226 124 246 226 224 243
split_gain=56.6194 50.1216 74.5961 67.1921 85.3401 64.2402 59.8505 56.5387 89.6409 116.188 112.108 122.862 109.681 108.656
threshold=99.500000000000014 27.500000000000004 75.500000000000014 14.500000000000002 52.500000000000007 98.500000000000014 -1.1371874809265134 0.036498492583632476 41.500000000000007 18.500000000000004 0.029763323254883293 2.5000000000000004 19.500000000000004 -0.087502673268318162
decision_type=10 10 10 10 10 10 10 2 10 10 2 10 8 2
left_child=1 2 7 4 6 -5 -3 8 10 -10 12 -12 -1 -11
right_child=-2 3 -4 5 -6 -7 -8 -9 9 13 11 -13 -14 -15
leaf_value=0.0013369669286472333 0.0049537418445019408 0.02710143206033221 -0.0075747795738102556 -0.000277938165652887 0.0013032894376799082 0.0065570324590394427 0.0072678991342450313 0.0019182710996680033 -0.0083929604503306752 -0.027778468745537074 0.0031449577126785432 -0.019094121699985204 -0.0065794036730443851 0.0050891606711854775
leaf_weight=3263.4534015953541 1879.7416576035321 230.32239782810211 1684.4978369511664 23281.724204160273 1077.3443755507469 1297.0381761901081 343.03762748837471 4439.1138269305229 830.53566971421242 83.404304496943951 307.59606001526117 784.42863664776087 3029.718681037426 3101.1066181585193
leaf_count=15612 9460 963 7201 109056 4534 6604 1445 22685 3430 375 1769 3498 13274 13258
internal_value=-0.000130497 -0.00035001 -0.00159179 0.000479914 0.00632024 8.52679e-05 0.0155632 -0.000951131 -0.00206914 0.00153631 -0.00402871 -0.0128582 -0.0024786 0.00414408
internal_weight=45633.1 43753.3 17523.9 26229.5 1650.7 24578.8 573.36 15839.4 11400.2 4015.05 7385.2 1092.02 6293.17 3184.51
internal_count=213164 203704 81102 122602 6942 115660 2408 73901 51216 17063 34153 5267 28886 13633
is_linear=0
shrinkage=0.03


Tree=230
num_leaves=15
num_cat=0
split_feature=240 147 229 77 248 75 231 189 120 231 222 248 224 246
split_gain=41.4449 44.1688 45.2029 41.4301 49.9305 44.9379 91.1501 90.8352 81.1805 81.1338 92.1389 90.8215 90.5944 80.8986
threshold=0.1371949836611748 97.500000000000014 75.500000000000014 1.5000000000000002 0.93434342741966259 54.500000000000007 82.500000000000014 39.500000000000007 95.500000000000014 61.500000000000007 1.5000000000000002 0.7525252401828767 9.5000000000000018 0.059140477329492576
decision_type=10 10 10 8 2 8 10 10 10 10 10 2 8 2
left_child=1 3 -3 -1 5 8 9 13 -5 -7 11 -11 -13 -8
right_child=-2 2 -4 4 -6 6 7 -9 -10 10 -12 12 -14 -15
leaf_value=-0.0048279941950556812 0.015797191065444718 -0.0014732946859151964 -0.01216850637052364 -0.0014074586022456959 0.018369159975704558 0.001193665026208268 -0.010948183586789612 0.0012775527466435547 0.0039519093757842917 -0.024150359710748911 0.007850067339862616 0.025783758686675609 -0.021306128888265982 0.0024828340155329692
leaf_weight=1452.1407400034368 139.1245798394084 1128.7058494500816 511.5486848950386 19024.157938554883 127.31788762286305 12259.389856327325 1447.2273053303361 2561.0335421785712 2926.305030696094 159.5241307541728 3205.700181633234 86.646015532314777 50.102500908076763 553.76952016353607
leaf_count=7484 844 5103 2335 83967 892 56345 6886 14146 15049 882 15403 579 219 3118
internal_value=7.57466e-06 -4.41728e-05 -0.00486235 0.00013711 0.000308251 0.000249525 0.00126573 -0.0024649 -0.000691505 0.00234642 0.006367 -0.00941228 0.00825457 -0.00723733
internal_weight=45632.7 45493.6 1640.25 43853.3 42401.2 42273.9 20323.4 4562.03 21950.5 15761.4 3501.97 296.273 136.749 2001
internal_count=213252 212408 7438 204970 197486 196594 97578 24150 99016 73428 17083 1680 798 10004
is_linear=0
shrinkage=0.03


Tree=231
num_leaves=15
num_cat=0
split_feature=245 248 229 231 245 231 120 229 118 229 233 231 229 231
split_gain=50.5735 101.724 82.6428 85.9522 82.0551 76.2919 75.2744 68.8734 67.6037 174.423 89.5125 83.9335 140.986 94.0622
threshold=-0.044003877788782113 0.37878787517547613 78.500000000000014 10.500000000000002 -0.049037931486964219 97.500000000000014 17.500000000000004 70.500000000000014 80.500000000000014 54.500000000000007 53.500000000000007 88.500000000000014 32.500000000000007 97.500000000000014
decision_type=2 2 10 8 2 10 8 10 8 10 10 10 10 10
left_child=1 2 3 7 -4 -5 -2 -1 10 11 -3 12 -10 -13
right_child=6 8 4 5 -6 -7 -8 -9 9 -11 -12 13 -14 -15
leaf_value=-0.0064109285983660362 0.0033634643921822017 -0.0031948674223850173 0.010071353431693816 0.011053457602616992 -0.010958298532209641 -0.014443257247432645 -0.0025066067770054233 0.027474840093848197 0.0051797650569009833 0.010724199540146208 0.00098584019255014421 -0.0075352820547771801 -0.0076544777326017204 0.0025873393615277467
leaf_weight=514.33512381464243 2396.9181086272001 8437.4061197675765 246.17214402556419 2380.0022370144725 472.19647903740406 102.16667850315571 10742.605651371181 50.272837392985821 4107.4590964037925 1747.4381475225091 10136.629352230579 1970.9653054326773 938.33574859797955 1410.3995190598071
leaf_count=2223 10219 37511 1202 10815 2106 462 46976 230 22565 10125 45449 10197 4455 8811
internal_value=0.000135981 0.000770707 0.00540064 0.00755444 -0.00371248 0.00995026 -0.00143404 -0.00296809 0.000162668 0.00212708 -0.000913977 0.000333807 0.00278264 -0.00331786
internal_weight=45653.3 32513.8 3765.15 3046.78 718.369 2482.17 13139.5 564.608 28748.6 10174.6 18574 8427.16 5045.79 3381.36
internal_count=213346 156151 17038 13730 3308 11277 57195 2453 139113 56153 82960 46028 27020 19008
is_linear=0
shrinkage=0.03


Tree=232
num_leaves=15
num_cat=0
split_feature=141 60 46 118 137 126 242 189 24 120 192 135 248 246
split_gain=48.1263 48.071 66.2645 55.9268 55.8685 67.3093 61.6367 55.5895 54.5369 60.4371 82.8199 57.6518 53.1968 130.959
threshold=1.5000000000000002 67.500000000000014 17.500000000000004 24.500000000000004 90.500000000000014 36.500000000000007 0.029569331556558612 6.5000000000000009 21.500000000000004 98.500000000000014 74.500000000000014 67.500000000000014 0.74242421984672557 0.029037162661552433
decision_type=8 8 10 8 8 8 8 10 10 10 10 10 2 2
left_child=-1 2 4 -3 5 6 -2 -7 11 12 -11 -4 -10 -14
right_child=1 3 8 -5 -6 7 -8 -9 9 10 -12 -13 13 -15
leaf_value=0.010799683752464239 -0.011860641169989011 -0.0039367636750972579 0.0017799587508123133 0.0019715846807954241 -0.013619609682545697 -0.01055457586821543 -0.0010496788884770149 0.001792620975955212 -0.00064840827356517849 -0.00052949696521843639 0.013464021824916536 0.013913024942427125 -0.0007705583406252426 -0.015984162189425829
leaf_weight=363.05980302393436 1073.2008239328861 1602.3606564998627 4745.9115167856216 13673.986802170053 463.84378001466393 368.56633550301194 848.54864643514156 2455.2173894457519 15694.14712247625 1003.5318286567926 602.55713851004839 371.24598033726215 1657.6282027289271 725.74146651476622
leaf_count=1592 4558 6929 21888 69200 2507 1831 4192 12524 67653 5067 3251 1779 7205 3231
internal_value=6.86487e-05 -1.97467e-05 -0.000717056 0.00134968 -0.00378946 -0.00280201 -0.0071172 0.00014948 -7.04325e-05 -0.000787925 0.00477128 0.00268562 -0.0012842 -0.00545056
internal_weight=45649.5 45286.5 30010.1 15276.3 5209.38 4745.53 1921.75 2823.78 24800.8 19683.6 1606.09 5117.16 18077.5 2383.37
internal_count=213407 211815 135686 76129 25612 23105 8750 14355 110074 86407 8318 23667 78089 10436
is_linear=0
shrinkage=0.03


Tree=233
num_leaves=15
num_cat=0
split_feature=245 194 190 47 243 231 233 62 10 57 249 119 244 248
split_gain=45.9163 41.3247 63.09 61.9371 56.3063 63.6244 55.2743 49.8634 49.5883 47.8609 55.8968 46.5963 45.2828 67.1926
threshold=-0.20662932842969892 30.500000000000004 3.5000000000000004 inf -0.04516449756920337 14.500000000000002 69.500000000000014 12.500000000000002 5.5000000000000009 86.500000000000014 0.41919192671775823 73.500000000000014 0.003091353341005743 0.69191917777061474
decision_type=2 10 10 8 2 10 10 10 10 10 2 10 2 2
left_child=-1 6 4 -4 9 7 12 -6 -7 10 -3 -10 13 -2
right_child=1 2 3 -5 5 8 -8 -9 11 -11 -12 -13 -14 -15
leaf_value=0.015037212297484904 -0.00031787664971972694 -0.0092630621276471349 -0.00083442629220247357 0.010955839552207577 -0.041088001644016582 0.011591401683090054 0.0029154821816890454 -0.0066888037688382501 0.0039455279289653802 0.0047499192754394456 -0.028714519916348949 -0.01284844952331673 0.00021459405113013786 -0.014882249490320076
leaf_weight=170.03708287514746 756.38224099576473 389.80410588532686 20109.381484705955 399.18333239853382 48.595560535788536 276.49468555301428 7238.7204699777067 122.01942464709282 324.18682520091534 110.72448664531112 205.20251196622849 259.35973782837391 14683.480122763664 447.97784177958965
leaf_count=2550 3299 2008 90860 2403 206 1406 34507 523 1394 728 1017 1246 68779 2051
internal_value=-8.32491e-05 -0.000143216 -0.00106613 -0.00059971 -0.00654006 -0.00202955 0.000744592 -0.018219 0.00135461 -0.0130069 -0.0163351 -0.00360934 -0.000245708 -0.00581323
internal_weight=45541.5 45371.5 22245 20508.6 1736.39 1030.66 23126.6 170.615 860.041 705.731 595.007 583.547 15887.8 1204.36
internal_count=212977 210427 101791 93263 8528 4775 108636 729 4046 3753 3025 2640 74129 5350
is_linear=0
shrinkage=0.03


Tree=234
num_leaves=15
num_cat=0
split_feature=69 231 10 144 148 238 193 76 243 231 231 242 29 228
split_gain=44.7206 60.6661 76.2383 60.852 64.1369 51.8349 44.4519 61.568 60.7032 87.3935 77.7318 69.3636 64.5091 56.5562
threshold=8.5000000000000018 89.500000000000014 82.500000000000014 83.500000000000014 10.500000000000002 -0.12806522846221921 73.500000000000014 91.500000000000014 -0.021041265688836571 25.500000000000004 49.500000000000007 0.019275595434010032 66.500000000000014 93.500000000000014
decision_type=8 8 10 10 10 10 8 10 2 8 10 8 8 10
left_child=1 2 -1 5 -5 -3 7 13 9 -8 11 -10 -11 -2
right_child=6 3 -4 4 -6 -7 8 -9 10 12 -12 -13 -14 -15
leaf_value=0.0040885829833541944 -0.0017772917405154463 0.0051175279208555335 -0.0041671750880354569 0.002131911133378708 -0.021710597238262144 -0.0103680267041335 0.0073745355882560175 0.0030647009536755626 -0.010202442793413893 -0.0019877975198483557 0.0026326450875285923 -0.0015831412203477933 0.0036829310516986909 -0.011444340507821038
leaf_weight=6513.564304959029 17598.353895436972 624.55059289187193 1182.0306107960641 155.2565490975976 274.69019731506705 270.56569570302963 2201.0186987780035 2359.7424057088792 1198.6169619560242 4005.0649206861854 2390.4036124050617 2773.0283790305257 3270.9899849593639 552.54982955008745
leaf_count=30818 79472 3599 5329 1099 1437 1180 9939 12412 5020 18631 11088 12528 17201 2432
internal_value=-9.39959e-05 0.00179551 0.00281675 -0.00411221 -0.0132482 0.000373894 -0.000563267 -0.00148488 0.000630344 0.00215111 -0.00163485 -0.00420348 0.000563065 -0.00207772
internal_weight=45370.4 9020.66 7695.59 1325.06 429.947 895.116 36349.8 20510.6 15839.1 9477.07 6362.05 3971.65 7276.05 18150.9
internal_count=212185 43462 36147 7315 2536 4779 168723 94316 74407 45771 28636 17548 35832 81904
is_linear=0
shrinkage=0.03


Tree=235
num_leaves=15
num_cat=0
split_feature=231 246 249 226 231 246 230 31 228 226 230 114 226 223
split_gain=48.3468 116.069 119.838 123.15 101.494 97.1263 128.227 98.7863 90.811 112.428 102.785 144.252 110.376 98.4637
threshold=26.500000000000004 0.0021969869267195468 0.035353535786271102 82.500000000000014 31.500000000000004 0.035679878666996963 44.500000000000007 65.500000000000014 2.5000000000000004 3.5000000000000004 35.500000000000007 28.500000000000004 87.500000000000014 7.5000000000000009
decision_type=8 2 2 10 8 2 8 10 10 8 8 8 10 10
left_child=1 -1 8 -4 5 -2 -7 -8 -3 -10 13 -12 -13 -11
right_child=4 2 3 -5 -6 6 7 -9 9 10 11 12 -14 -15
leaf_value=-0.033384656097059436 -0.010365313194588107 0.029990642409541232 -0.0016117580554811629 0.0083607731829417054 -3.0627969609356072e-05 0.021489724085587299 0.0049355674837042399 -0.024746488559794305 -0.022591989407785854 -0.0045195022924828659 0.013545245327682384 -0.0049285216110435369 0.023263717846658163 0.020175050987331966
leaf_weight=73.909197673201561 1653.9305009171367 135.50314163416624 6723.3739938139915 1325.5087198019028 31740.012577425689 218.2440604493022 257.83429856598377 153.11313489079475 112.22968320548534 177.35562559217215 790.33797185868025 1324.9159575030208 127.97660808265209 720.56118083000183
leaf_count=303 7223 641 29690 6256 152151 1141 1198 695 479 770 3344 5503 548 3044
internal_value=9.76821e-05 0.00177736 0.00203354 3.88783e-05 -0.00047099 -0.00656608 0.00342673 -0.0064487 0.00675697 0.00570035 0.00677969 0.00331589 -0.00230319 0.0153014
internal_weight=45534.8 11511.7 11437.8 8048.88 34023.1 2283.12 629.191 410.947 3388.88 3253.38 3141.15 2243.23 1452.89 897.917
internal_count=212986 50578 50275 35946 162408 10257 3034 1893 14329 13688 13209 9395 6051 3814
is_linear=0
shrinkage=0.03


Tree=236
num_leaves=15
num_cat=0
split_feature=71 68 248 250 226 148 129 244 229 225 81 52 52 70
split_gain=46.7186 66.7329 66.2561 62.7533 60.5571 55.1636 55.0742 51.1422 55.3102 49.5175 47.5022 78.0397 45.664 77.927
threshold=25.500000000000004 20.500000000000004 0.18686868995428088 0.00010004499927163125 66.500000000000014 2.5000000000000004 72.500000000000014 0.10770849511027338 97.500000000000014 55.500000000000007 60.500000000000007 79.500000000000014 9.5000000000000018 27.500000000000004
decision_type=8 8 2 2 10 8 10 2 8 10 10 8 10 10
left_child=12 4 6 7 5 -2 -3 8 10 -7 11 -4 -1 -14
right_child=1 2 3 -5 -6 9 -8 -9 -10 -11 -12 -13 13 -15
leaf_value=-0.00021972025250562894 -0.012916772282113778 -0.0035430203926390589 0.0004945068847614938 0.0063222262853880988 0.0061116992286134181 -0.0019057561926238262 0.0076850487831796556 0.019370489936949634 -0.008863710223591963 -0.01026241588894199 0.0033470401966518553 -0.0064755015904218848 0.0061827828786695767 -0.00016926174398148073
leaf_weight=7182.4522680360824 626.22034653089941 5555.4084930568933 11836.860093876719 1711.5724887959659 510.2505793236196 3514.4116769433022 413.75184278190136 116.07832982763648 576.73756383359432 771.78277479112148 4044.7245716229081 1636.7358826138079 3676.5277088396251 3288.0043021328747
leaf_count=36567 3091 24120 52826 8860 2473 16550 1985 908 3257 3534 19147 7517 17096 14759
internal_value=2.87352e-05 -0.000617657 1.66063e-05 0.000847448 -0.00364056 -0.00466388 -0.0027532 0.000329714 0.000196938 -0.00343086 0.000500119 -0.000356365 0.00145896 0.003188
internal_weight=45461.5 31314.5 25891.9 19922.7 5422.67 4912.41 5969.16 18211.1 18095.1 4286.19 17518.3 13473.6 14147 6964.53
internal_count=212690 144268 118620 92515 25648 23175 26105 83655 82747 20084 79490 60343 68422 31855
is_linear=0
shrinkage=0.03


Tree=237
num_leaves=15
num_cat=0
split_feature=165 226 12 248 15 224 151 231 222 226 230 222 243 248
split_gain=52.0697 49.7855 46.928 49.4558 45.3609 43.9244 42.3448 60.8766 70.1058 69.3683 82.8144 64.1997 64.1169 61.6979
threshold=5.5000000000000009 99.500000000000014 10.500000000000002 0.45959596335887914 72.500000000000014 30.500000000000004 4.5000000000000009 75.500000000000014 12.500000000000002 40.500000000000007 2.5000000000000004 7.5000000000000009 -0.073554866015911088 0.69191917777061474
decision_type=8 10 10 2 10 10 10 10 8 10 8 10 2 2
left_child=5 6 -3 4 -4 -1 7 8 9 10 -2 -11 -10 -12
right_child=1 2 3 -5 -6 -7 -8 -9 12 11 13 -13 -14 -15
leaf_value=-0.0092361431206102584 0.0017731599725595319 -0.022090677910517862 -0.019441322958010879 0.014463292172776754 0.0020047756265504884 -0.0009507748479697138 0.0007811674264127798 0.0044736281849066684 -0.025537706191719883 0.017310233768449687 -0.0073152688627231739 -0.012627731276346903 -0.0008377913608648836 -0.030430279514177996
leaf_weight=937.56436895206571 166.35894583165646 151.42183008790016 163.98359754681587 100.78533941879869 177.76578739285469 1474.7862792685628 37789.103335302323 963.39503405988216 87.920829012989998 119.13838643580675 165.99903294444084 118.98224037140608 2806.7823465168476 308.36522954702377
leaf_count=4268 847 736 714 571 833 6600 176668 5098 665 545 775 526 12846 1352
internal_value=8.41472e-05 0.000324503 -0.00822847 -0.00310191 -0.00854598 -0.00419573 0.000445867 -0.00222501 -0.00394249 -0.0113136 -0.0163859 0.00244503 -0.00167334 -0.0226594
internal_weight=45532.4 43120 593.957 442.535 341.749 2412.35 42526 4736.94 3773.55 878.844 640.723 238.121 2894.7 474.364
internal_count=213044 202176 2854 2118 1547 10868 199322 22654 17556 4045 2974 1071 13511 2127
is_linear=0
shrinkage=0.03


Tree=238
num_leaves=15
num_cat=0
split_feature=233 224 43 80 120 27 140 146 248 58 243 222 248 194
split_gain=48.0175 77.8183 103.527 80.1506 92.8447 87.9148 85.5818 74.8827 73.8352 63.856 60.9138 70.7784 108.913 66.2091
threshold=53.500000000000007 6.5000000000000009 4.5000000000000009 27.500000000000004 69.500000000000014 17.500000000000004 87.500000000000014 90.500000000000014 0.80303028225898754 41.500000000000007 -0.026079271920025345 7.5000000000000009 0.82323232293128978 29.500000000000004
decision_type=10 10 10 10 10 10 8 10 2 10 2 10 2 10
left_child=-1 2 8 4 -3 6 -5 9 -2 -6 11 12 -4 -13
right_child=1 3 10 5 7 -7 -8 -9 -10 -11 -12 13 -14 -15
leaf_value=-0.00087474883914705692 -0.0016219515244454137 0.0010900333277358732 -0.010325714815957971 -0.0028152590836768672 0.011705992687654312 0.0006421296365081722 -0.030788494166516314 -0.0021936277026774792 0.012575574280453139 0.0013164191316369929 0.0034251187644964349 -0.0083824715696968321 0.015327617663138832 -0.027437531429857116
leaf_weight=24834.307795632631 1101.1409443244338 4290.6214280836284 640.16121142730117 265.77784563601017 2424.1291703544557 9002.2390911839902 148.49986480176449 589.95771704986691 459.42554523609579 684.97706242650747 344.61611848324537 355.63726560771465 183.72196898981929 316.7391354739666
leaf_count=115450 6584 18732 3060 1233 12157 39754 646 3217 3379 3374 1609 1778 1001 1469
internal_value=1.57801e-05 0.00107855 -0.00306564 0.00188969 0.00409773 1.38617e-05 -0.0133317 0.00757407 0.00261121 0.00942859 -0.00786619 -0.0104723 -0.00448994 -0.0176294
internal_weight=45642 20807.6 3401.44 17406.2 7989.69 9416.52 414.278 3699.06 1560.57 3109.11 1840.88 1496.26 823.883 672.376
internal_count=213443 97993 18880 79113 37480 41633 1879 18748 9963 15531 8917 7308 4061 3247
is_linear=0
shrinkage=0.03


Tree=239
num_leaves=15
num_cat=0
split_feature=242 70 228 226 232 106 226 61 249 141 239 92 120 226
split_gain=42.7465 44.2751 69.085 89.0658 61.3183 70.1523 59.4978 53.7497 52.0955 47.5438 50.4424 51.2018 50.8859 61.5802
threshold=0.010344672016799452 9.5000000000000018 5.5000000000000009 2.5000000000000004 94.500000000000014 90.500000000000014 80.500000000000014 1.0000000180025095e-35 0.90404042601585399 1.5000000000000002 -0.032037522643804543 68.500000000000014 16.500000000000004 92.500000000000014
decision_type=8 8 10 8 10 10 8 10 2 8 10 10 8 10
left_child=-1 2 7 -4 9 -6 8 -2 -5 -3 -11 12 13 -12
right_child=1 4 3 6 5 -7 -8 -9 -10 10 11 -13 -14 -15
leaf_value=-0.0099028558537787546 0.0080627841002849747 0.011388340434031004 0.018218902774445617 0.0020691933550448837 0.0051791185498719994 -0.015340462469659083 0.010965513090237926 -0.0042953537139063021 -0.022101090808435149 0.0019114063856378962 -4.2578029570197295e-05 0.0051642985491169172 -0.0021032042485756093 0.010034480454715574
leaf_weight=377.61156562715769 367.97668861970305 280.80616365373135 350.94817984104156 4919.0784581936896 2557.1468458548188 149.67797451466322 700.12614590674639 1958.691072486341 71.634390600025654 5231.5636326875538 3792.850399248302 1055.4816204793751 23115.019778016955 627.49782268702984
leaf_count=1650 2722 1223 1990 22201 12537 692 3395 10305 311 26663 16054 5282 105285 2794
internal_value=1.73e-05 0.000102388 0.0020707 0.00376054 -0.000345533 0.00399217 0.00283851 -0.0023147 0.00167876 -0.000690893 -0.000794515 -0.00129014 -0.00153934 0.00140735
internal_weight=45556.1 45178.5 8368.45 6041.79 36810 2706.82 5690.84 2326.67 4990.71 34103.2 33822.4 28590.8 27535.4 4420.35
internal_count=213104 211454 40924 27897 170530 13229 25907 13027 22512 157301 156078 129415 124133 18848
is_linear=0
shrinkage=0.03


Tree=240
num_leaves=15
num_cat=0
split_feature=245 248 244 244 230 245 228 226 245 119 120 230 243 243
split_gain=48.6111 145.618 118.922 115.916 170.383 122.73 113.699 106.028 138.59 108.448 101.548 154.882 158.851 125.638
threshold=-0.075249154120683656 0.58080807328224193 0.02181983552873135 0.0029924191767349844 3.5000000000000004 -0.079221799969673143 26.500000000000004 27.500000000000004 -0.078696962445974336 24.500000000000004 73.500000000000014 72.500000000000014 -0.059766974300146096 -0.074706334620714174
decision_type=2 2 2 2 8 2 10 8 2 10 10 8 2 2
left_child=1 -1 3 4 -3 6 10 -6 9 -9 11 12 13 -5
right_child=-2 2 -4 5 7 -7 -8 8 -10 -11 -12 -13 -14 -15
leaf_value=0.0086655068585210823 -0.00063649394265229164 0.018845231055570295 -0.0049927637509560507 -0.0047634983271765277 -0.026157376674221158 0.014095015224046669 0.011918158726065827 -0.021222237361877373 -0.032020753020811359 0.012319561942075957 0.0052054683769516214 -0.029584577684573794 -0.0075290790548528438 0.015964488683296103
leaf_weight=2140.2639747075737 32669.116388149559 177.86874869465828 2960.8228890411556 445.46798778697848 319.15281960740685 851.63349892199039 866.29320132732391 107.81585039943457 117.07745055854321 320.67283983528614 2090.6855336688459 180.91191751882434 1612.894658587873 620.38841553032398
leaf_count=13172 143743 1089 16829 2190 1556 4054 4738 480 507 1522 12209 864 6960 2924
internal_value=-2.22842e-05 0.00154316 0.00010796 0.00207047 -0.00718708 0.00352649 0.00195758 -0.012696 -0.00449215 0.0035883 0.000194 -0.00347523 -0.00160844 0.0073376
internal_weight=45481.1 12811.9 10671.7 7710.86 1042.59 6668.28 5816.64 864.719 545.566 428.489 4950.35 2859.66 2678.75 1065.86
internal_count=212837 69094 55922 39093 5154 33939 29885 4065 2509 2002 25147 12938 12074 5114
is_linear=0
shrinkage=0.03


Tree=241
num_leaves=15
num_cat=0
split_feature=209 75 231 224 224 47 146 224 231 249 224 245 61 104
split_gain=45.2591 44.2612 62.5676 87.2219 129.32 115.215 100.402 90.3488 76.1782 88.9716 75.6493 73.9044 72.5769 66.0094
threshold=52.500000000000007 55.500000000000007 81.500000000000014 25.500000000000004 2.5000000000000004 36.500000000000007 98.500000000000014 15.500000000000002 61.500000000000007 0.90404042601585399 4.5000000000000009 -0.088717758655548082 13.500000000000002 89.500000000000014
decision_type=10 8 10 8 10 8 10 10 10 2 10 2 10 10
left_child=1 -1 8 4 12 6 -6 10 9 -3 -8 -5 13 -4
right_child=-2 2 3 11 5 -7 7 -9 -10 -11 -12 -13 -14 -15
leaf_value=-0.00061553540011445443 -0.0024269766935585556 0.0014734031500668095 0.011610942512212157 0.019480541084849368 0.0024046090324971398 -0.019415753519112344 -0.027908965761227863 -0.043595009891478562 0.006444554344054095 -0.023902376172104375 0.0067049983721358302 0.0012377443559856963 -0.0057082024094214628 -0.022224024897186782
leaf_weight=20163.826970193535 5997.7181203644723 11702.51873671636 648.87774935364723 230.01009219139814 735.16122434660792 687.44208416715264 84.636502310633659 78.753818593919277 3158.8609341606498 115.71014396101236 134.90931597352028 1204.5700879767537 514.12029707431793 47.16028904914856
leaf_count=91651 26730 54369 4842 1537 3692 3187 493 361 15851 518 770 5819 2977 216
internal_value=-9.96086e-07 0.000367827 0.00139272 -0.00176464 -0.00472628 -0.00998806 -0.00359093 -0.0179657 0.00231362 0.00120496 -0.00727345 0.00427727 0.00277675 0.00903614
internal_weight=45504.3 39506.6 19342.7 4365.64 2931.06 1720.9 1033.46 298.3 14977.1 11818.2 219.546 1434.58 1210.16 696.038
internal_count=213013 186283 94632 23894 16538 8503 5316 1624 70738 54887 1263 7356 8035 5058
is_linear=0
shrinkage=0.03


Tree=242
num_leaves=15
num_cat=0
split_feature=243 244 231 226 226 245 229 249 231 231 231 244 59 245
split_gain=47.352 62.5934 50.138 113.369 157.969 185.842 172.845 164.98 118.624 115.97 107.892 96.634 95.205 95.8202
threshold=-0.0086131645366549475 0.0063352184370160112 26.500000000000004 81.500000000000014 52.500000000000007 -0.10331549495458602 32.500000000000007 0.015151515137404205 22.500000000000004 11.500000000000002 31.500000000000004 0.019887197762727741 48.500000000000007 -0.085045304149389253
decision_type=2 2 10 10 8 2 10 2 10 10 10 2 10 2
left_child=2 -2 3 4 5 8 -6 9 -1 -7 -4 -5 13 -9
right_child=1 -3 10 11 6 7 -8 12 -10 -11 -12 -13 -14 -15
leaf_value=-0.026232933231606075 -0.014157469771586058 -0.0018365208210441336 -0.0069480138092170816 0.014424935149825209 0.0069310050286464754 0.0050341781670760729 -0.0072568118048677265 0.015823256361325561 0.012458246798728102 0.030092620494465917 0.0001656968415491644 -0.0038900916009968439 0.0083839263131792671 -0.0031317845113567806
leaf_weight=264.02401439845562 406.80778321623802 3429.3656089901924 2044.4519298300147 1061.2311044111848 1033.8017418384552 294.63152106106281 2976.1053317114711 264.74457824975252 89.613368846476078 385.96395842730999 29062.514729686081 337.2471508346498 1957.4320716485381 1890.104885533452
leaf_count=1190 1692 15147 9241 4746 5707 1240 12885 1234 526 1626 139337 1787 8537 8139
internal_value=8.46481e-06 -0.00317651 0.000302425 0.00208802 0.000868185 0.00434269 -0.00359088 0.00590076 -0.0163554 0.0194747 -0.000303922 0.010012 0.00361243 -0.000740636
internal_weight=45498 3836.17 41661.9 10554.9 9156.42 5146.51 4009.91 4792.88 353.637 680.595 31107 1398.48 4112.28 2154.85
internal_count=213034 16839 196195 47617 41084 22492 18592 20776 1716 2866 148578 6533 17910 9373
is_linear=0
shrinkage=0.03


Tree=243
num_leaves=15
num_cat=0
split_feature=70 137 170 222 248 40 238 249 10 231 231 63 125 222
split_gain=41.8627 99.1535 46.7229 64.3753 98.8101 79.4865 52.0229 46.0936 175.446 115.734 88.9083 48.4837 46.81 48.1227
threshold=79.500000000000014 35.500000000000007 59.500000000000007 59.500000000000007 0.68181815743446361 6.5000000000000009 -0.27219408750534052 0.015151515137404205 85.500000000000014 88.500000000000014 93.500000000000014 74.500000000000014 11.500000000000002 15.500000000000002
decision_type=10 8 10 10 2 10 10 2 8 10 10 10 10 10
left_child=2 -2 3 6 -5 -6 -1 8 9 -8 -11 -9 -13 -14
right_child=1 -3 -4 4 5 -7 7 11 -10 10 -12 12 13 -15
leaf_value=0.0084192037291402882 -0.010896070554664286 -0.00077643890932310169 0.0026377176751734952 0.0017907923106561066 -0.012622660479627739 0.024003882971354827 0.0062108389513233662 -0.0022610070198570121 -0.014655979956888462 -0.023692724940013017 0.0018247767316087763 -0.0033743408448750054 0.0073296645295583733 0.00035233195052626262
leaf_weight=537.83015990629792 1002.7059421166778 6259.5378481894732 6380.0313929393888 4363.7914506830275 57.742141623049974 302.20523870736361 3261.3463402464986 16905.076232757419 495.48213429749012 208.09494628384709 278.49970934540033 1587.211316447705 1332.6179027184844 2640.0868689194322
leaf_count=5014 4266 29063 30455 19795 320 1550 14319 77551 2139 934 1412 7667 6733 12344
internal_value=-9.98366e-05 -0.00218673 0.00029582 -0.000172215 0.00305712 0.0179459 -0.000733008 -0.000920389 0.001944 0.0041717 -0.00934528 -0.00146207 0.000966821 0.00270536
internal_weight=45612.3 7262.24 38350 31970 4723.74 359.947 27246.2 26708.4 4243.42 3747.94 486.595 22465 5559.92 3972.7
internal_count=213562 33329 180233 149778 21665 1870 128113 123099 18804 16665 2346 104295 26744 19077
is_linear=0
shrinkage=0.03


Tree=244
num_leaves=15
num_cat=0
split_feature=138 230 17 228 249 65 252 245 230 249 10 249 245 228
split_gain=43.836 61.0585 60.5532 64.1443 96.3002 61.0036 54.9919 45.4703 44.1005 130.484 55.9964 54.3669 87.1544 95.4936
threshold=80.500000000000014 80.500000000000014 26.500000000000004 21.500000000000004 0.055555555969476707 44.500000000000007 0.16055762767791751 -0.07430317252874373 78.500000000000014 0.04545454494655133 60.500000000000007 0.015151515137404205 -0.055376559495925896 54.500000000000007
decision_type=8 8 10 10 2 10 2 2 10 2 10 2 2 10
left_child=1 8 3 4 -3 -4 -2 -7 11 10 -10 12 13 -1
right_child=6 2 5 -5 -6 7 -8 -9 9 -11 -12 -13 -14 -15
leaf_value=0.0014035238615256356 -0.0032570132124752388 -0.020098055129787705 -0.0055623367900227341 0.008097573829958047 0.019257163828275643 -0.015008488712527811 0.0057220931865105233 0.0061453443184479066 0.00084213686408174545 0.0046870389931148579 -0.03447255304418357 -0.00047500264263175481 0.010157872847892459 -0.031742511546102081
leaf_weight=3366.1524455901235 5900.7092997580767 167.84210310131311 1011.1440458148718 2350.5672959275544 72.484064400196075 90.219398975372314 675.84655820578337 1094.93445443362 52.415575504302979 274.16304641216993 159.79675994813442 29022.271114006639 1147.3646029829979 70.085789933800697
leaf_count=15410 27935 763 4515 11462 534 591 3887 5200 216 1235 661 135373 4757 289
internal_value=-6.37445e-05 0.000319587 0.00348852 0.00658581 -0.00793313 -0.000178528 -0.00232698 0.00442291 -0.000126283 -0.00900303 -0.0261046 4.82937e-06 0.00303743 0.000637329
internal_weight=45456 38879.4 4787.19 2590.89 240.326 2196.3 6576.56 1185.15 34092.2 486.375 212.212 33605.9 4583.6 3436.24
internal_count=212828 181006 23065 12759 1297 10306 31822 5791 157941 2112 877 155829 20456 15699
is_linear=0
shrinkage=0.03


Tree=245
num_leaves=15
num_cat=0
split_feature=239 151 35 148 193 24 138 225 148 227 192 122 224 224
split_gain=39.8568 39.7047 44.0643 36.3255 72.4138 53.1044 49.9163 44.2711 45.6019 40.8811 40.3791 47.61 40.1301 53.5779
threshold=-0.078863304108381257 3.5000000000000004 7.5000000000000009 12.500000000000002 7.5000000000000009 21.500000000000004 46.500000000000007 51.500000000000007 54.500000000000007 30.500000000000004 96.500000000000014 66.500000000000014 35.500000000000007 26.500000000000004
decision_type=10 10 8 8 8 10 10 10 10 10 10 10 10 10
left_child=-1 2 -2 4 -3 6 7 8 12 -7 -11 -12 13 -5
right_child=1 3 -4 5 -6 9 -8 -9 -10 10 11 -13 -14 -15
leaf_value=0.0076739930688216693 -0.010468889404698601 -0.0088691925681380467 -0.0016894255774367174 0.0011737408867612412 -0.00050193210358700114 -0.0031339498531752432 0.0075725961782213205 -0.0022619898299380352 0.0057432780463990436 -0.00017429207141751284 -0.0048377061310226795 0.0076237180084849105 -0.003040183305807063 0.011934366294992674
leaf_weight=579.81340801902115 598.82304392755032 1117.3734471425414 3361.8086107224226 2986.4425618611276 5349.1928589642048 3887.3310420252383 1348.6238622330129 2243.2139281705022 2600.6681269928813 17740.165404010564 348.47498571872711 1217.139411393553 1609.7067196369171 474.49271293357015
leaf_count=4303 2913 5607 15884 15541 25024 17073 6776 10764 12710 78953 1515 6114 7510 2249
internal_value=-7.38679e-05 -0.000175643 -0.00303985 0.000102238 -0.00195919 0.000489572 0.00217866 0.00143805 0.00252154 -0.000331274 0.000234392 0.00483695 0.000861103 0.00267915
internal_weight=45463.3 44883.5 3960.63 40922.8 6466.57 34456.3 11263.1 9914.52 7671.31 23193.1 19305.8 1565.61 5070.64 3460.94
internal_count=212936 208633 18797 189836 30631 159205 55550 48774 38010 103655 86582 7629 25300 17790
is_linear=0
shrinkage=0.03


Tree=246
num_leaves=15
num_cat=0
split_feature=226 245 248 224 143 230 230 229 229 229 243 243 248 243
split_gain=52.8269 40.9766 94.6951 112.274 112.757 108.736 99.5854 185.995 86.232 101.937 85.7123 110.876 108.175 101.2
threshold=99.500000000000014 -0.075731933116912828 0.58080807328224193 26.500000000000004 75.500000000000014 4.5000000000000009 93.500000000000014 66.500000000000014 41.500000000000007 16.500000000000004 -0.05421908758580684 -0.051681745797395699 0.7929292917251588 -0.056069036945700639
decision_type=10 2 2 10 10 8 10 10 10 10 2 2 2 2
left_child=1 2 -1 8 5 -5 7 -7 9 -4 13 -12 -13 -3
right_child=-2 10 3 4 -6 6 -8 -9 -10 -11 11 12 -14 -15
leaf_value=0.007330373325698099 -0.0085133608851430554 -0.0040957761611757262 -0.00065732633269787268 0.027874726502585621 0.012334575013727327 0.001683875401933961 0.027424226947260155 -0.022746947989837171 0.020161079560617967 -0.010114886912161511 0.015410227631832597 -0.00016652857866426143 -0.015180985983659131 -0.025336760200581402
leaf_weight=2077.9445705972612 649.48545959591866 1325.810399517417 5354.5448835901916 118.26781000941992 1142.8878585658967 1943.2609129175544 99.772415854036808 317.55456180125475 145.1490596011281 1259.2044784873724 395.41220845282078 29980.762604646385 428.18550802767277 229.47098606824875
leaf_count=12884 3112 5985 29440 604 6917 9005 606 1474 717 5756 1791 131773 1840 1011
internal_value=-8.43988e-05 3.96218e-05 0.00150087 0.000328014 0.00458304 0.000973956 -0.0004857 -0.00183274 -0.00195544 -0.00247052 -0.000523253 -0.000175208 -0.000382867 -0.00737158
internal_weight=45467.7 44818.2 12458.6 10380.6 3621.74 2478.86 2360.59 2260.82 6758.9 6613.75 32359.6 30804.4 30408.9 1555.28
internal_count=212915 209803 67403 54519 18606 11689 11085 10479 35913 35196 142400 135404 133613 6996
is_linear=0
shrinkage=0.03


Tree=247
num_leaves=15
num_cat=0
split_feature=231 228 248 248 224 228 230 230 230 249 249 224 231 226
split_gain=43.7825 107.522 105.977 88.5608 84.9427 94.781 148.514 129.352 116.774 171.448 152.631 133.532 184.761 181.987
threshold=91.500000000000014 15.500000000000002 0.82323232293128978 0.69191917777061474 32.500000000000007 32.500000000000007 29.500000000000004 13.500000000000002 53.500000000000007 0.015151515137404205 0.015151515137404205 48.500000000000007 5.5000000000000009 60.500000000000007
decision_type=10 8 2 2 8 8 8 10 8 2 2 10 10 8
left_child=4 2 3 -2 -1 6 7 -6 10 -10 -8 12 -11 -13
right_child=1 -3 -4 -5 5 -7 8 -9 9 11 -12 13 -14 -15
leaf_value=0.0019444755616031886 -0.0042731874127578508 0.0023058180443712622 0.0033411999866269394 -0.015390885667248543 -0.0025448846255695136 0.00033530694447913916 0.022971830793941425 -0.016408138048258459 -0.022156716370897736 -0.032576976609894413 0.00082582294169894922 -0.027113306518153774 0.011545030336955791 0.00059868917838936764
leaf_weight=16778.11683145538 1654.0578509792686 2553.2537755705416 870.28369820863008 1059.0128862448037 1163.7637618109584 16249.440672963858 354.62213980406523 1263.1221323087811 402.96020402759314 85.191913604736328 1211.5744614601135 310.90857135504484 847.56706976890564 634.65907583385706
leaf_count=78638 8720 12980 5390 5276 5432 73734 1546 5487 1671 381 5360 1402 3946 2935
internal_value=-3.90183e-05 -0.00239356 -0.00573912 -0.00865342 0.000329136 -0.000874469 -0.00400311 -0.00979802 -0.000331918 -0.00465468 0.00595411 -0.000802493 0.00721242 -0.00870157
internal_weight=45438.5 6136.61 3583.35 2713.07 39301.9 22523.8 6274.37 2426.89 3847.48 2281.29 1566.2 1878.33 932.759 945.568
internal_count=212898 32366 19386 13996 180532 101894 28160 10919 17241 10335 6906 8664 4327 4337
is_linear=0
shrinkage=0.03


Tree=248
num_leaves=15
num_cat=0
split_feature=147 104 243 148 231 246 77 120 10 79 231 119 230 226
split_gain=56.2518 40.0294 71.3407 84.3355 124.843 76.135 82.3134 65.1427 78.0491 69.2811 84.1227 97.6292 82.6575 112.086
threshold=97.500000000000014 37.500000000000007 -0.036849904805421822 12.500000000000002 52.500000000000007 0.0065143073443323382 53.500000000000007 98.500000000000014 55.500000000000007 81.500000000000014 23.500000000000004 32.500000000000007 35.500000000000007 81.500000000000014
decision_type=10 10 2 10 10 2 10 10 10 10 10 10 10 10
left_child=1 7 5 4 -4 -3 -7 8 -1 10 12 -12 -10 -14
right_child=-2 2 3 -5 -6 6 -8 -9 9 -11 11 -13 13 -15
leaf_value=0.00037812195424006872 -0.0054230922316134585 0.018333930182454789 0.0017986605683132627 0.0012284429469665316 -0.014524948015595203 0.0079726449636412094 -0.00053705022525367256 0.0034249913888201467 0.012192010900051124 0.0023967383404310755 -0.014322260139925989 -0.0043010468269015995 -0.0051643786786305301 0.011231179780488848
leaf_weight=14884.533238142729 1679.7348812669516 326.55119562149048 870.11150648444891 9011.0213444456458 804.62297806888819 1922.3781339712441 2171.418884396553 3349.020637748763 426.2981788367033 1775.7591666765511 1061.2159641832113 4878.1373002827168 1932.5749590881169 455.34701015427709
leaf_count=69030 7650 1578 3824 40573 3621 9767 10595 20074 1884 8196 4439 21898 8184 2051
internal_value=-5.18538e-05 0.000154999 0.00140495 7.78323e-05 -0.00608365 0.00460572 0.00346865 -0.00050173 -0.00102033 -0.00299571 -0.00409111 -0.00611265 0.00018184 -0.00200415
internal_weight=45548.7 43869 15106.1 10685.8 1674.73 4420.35 4093.8 28762.9 25413.9 10529.3 8753.57 5939.35 2814.22 2387.92
internal_count=213364 205714 69958 48018 7445 21940 20362 135756 115682 46652 38456 26337 12119 10235
is_linear=0
shrinkage=0.03


Tree=249
num_leaves=15
num_cat=0
split_feature=244 231 229 245 249 222 244 229 231 245 244 154 120 245
split_gain=41.6591 187.955 84.8088 97.8738 81.8238 77.4132 76.7479 70.1441 76.1331 67.104 62.5112 58.5475 52.7311 52.6538
threshold=0.0019962895894423132 75.500000000000014 17.500000000000004 -0.063740316778421388 0.095959596335887923 1.5000000000000002 0.001104894152376801 24.500000000000004 35.500000000000007 -0.077380996197462068 0.0022630345774814491 14.500000000000002 69.500000000000014 -0.061981877312064164
decision_type=2 10 8 2 2 10 2 10 10 2 2 10 8 2
left_child=1 2 5 4 6 -1 7 -4 -9 11 12 -7 -2 -11
right_child=10 -3 3 -5 -6 9 -8 8 -10 13 -12 -13 -14 -15
leaf_value=-0.030193890349650317 0.020225580145020482 0.018058939022933686 -0.035551304150207623 -0.0044639937833737282 0.0120648160977961 0.015927948547315496 -0.039423301006834152 -0.026355129922866993 0.017796908283792792 0.027602768520652333 0.00018207956615204959 -0.022587942389372284 -0.0030297632587644925 0.0022954868024099308
leaf_weight=51.32793428376317 245.82198534160852 270.94774515740573 67.195018231868744 498.45383243262768 46.509502395987511 44.035459391772747 224.94712363183498 47.620412573218346 80.140884697437286 127.25808928906918 43446.172563903034 99.877071589231491 130.0053823813796 164.86717028915882
leaf_count=224 1092 1506 294 2072 245 215 973 203 345 561 203890 470 643 710
internal_value=0.00010853 -0.00445327 -0.00874823 -0.0138574 -0.0235916 0.00144191 -0.0277298 -0.0129723 0.000621623 0.00575935 0.000288886 -0.0105334 0.0123111 0.0138688
internal_weight=45545.2 1723.18 1452.23 964.867 466.413 487.366 419.903 194.956 127.761 436.038 43822 143.913 375.827 292.125
internal_count=213443 7818 6312 4132 2060 2180 1815 842 548 1956 205625 685 1735 1271
is_linear=0
shrinkage=0.03


Tree=250
num_leaves=15
num_cat=0
split_feature=232 224 56 226 155 8 189 104 62 231 147 141 250 70
split_gain=45.0642 68.1456 96.2406 60.4038 92.7323 54.882 50.9557 46.0466 52.5522 45.6688 46.9553 44.6391 40.2754 42.7424
threshold=86.500000000000014 16.500000000000004 35.500000000000007 2.5000000000000004 21.500000000000004 8.5000000000000018 41.500000000000007 84.500000000000014 11.500000000000002 92.500000000000014 20.500000000000004 1.5000000000000002 0.00010004499927163125 7.5000000000000009
decision_type=10 10 10 10 10 8 10 10 10 10 10 8 2 8
left_child=11 3 6 5 -5 9 -3 8 -6 -2 -11 -1 13 -13
right_child=1 2 -4 4 7 -7 -8 -9 -10 10 -12 12 -14 -15
leaf_value=0.010502361904524559 0.018275630293144472 0.0052654878203772142 0.0006173207114281025 0.00897113447231177 0.0039405995568342579 -0.0056647171464258112 0.015289122745396061 -0.022076562101647036 -0.0088561315359615266 0.01647230202891151 -0.0059067687839049528 0.0017055679316267821 0.0031026325810490345 -0.0011640121362894126
leaf_weight=328.26732276380062 298.0553524363786 1043.4728747680783 2325.8515635244548 383.06132717803121 384.94478158280253 290.05159787088633 825.16816300526261 160.5510204359889 1090.9221624881029 122.85950317233801 222.02724891155958 5532.8535837419331 2668.206496309489 29734.917280759662
leaf_count=1437 1994 4792 10528 1993 2180 1560 4158 757 5156 924 1307 26435 13418 136209
internal_value=6.08961e-05 0.00224587 0.00469926 -0.00124369 -0.00415504 0.00503521 0.00974962 -0.00726351 -0.00551435 0.00987511 0.00230488 -0.000347692 -0.000444322 -0.000713473
internal_weight=45411.2 7146.97 4194.49 2952.47 2019.48 932.994 1868.64 1636.42 1475.87 642.942 344.887 38264.2 37936 35267.8
internal_count=212848 35349 19478 15871 10086 5785 8950 8093 7336 4225 2231 177499 176062 162644
is_linear=0
shrinkage=0.03


Tree=251
num_leaves=15
num_cat=0
split_feature=244 231 246 231 231 244 246 243 101 69 10 120 137 120
split_gain=43.6663 166.597 97.4901 114.284 97.7823 76.4393 76.7316 46.0052 45.7877 55.8976 85.4226 106.783 81.436 75.1698
threshold=0.0019962895894423132 75.500000000000014 0.0065143073443323382 5.5000000000000009 23.500000000000004 0.0064124532509595164 0.0038677251432091002 -0.038666203618049615 5.5000000000000009 52.500000000000007 53.500000000000007 98.500000000000014 89.500000000000014 16.500000000000004
decision_type=2 10 2 8 8 2 2 2 8 8 10 10 10 8
left_child=1 -1 3 -2 7 -6 -7 -5 -4 10 12 -12 -10 -11
right_child=2 -3 8 4 5 6 -8 -9 9 13 11 -13 -14 -15
leaf_value=-0.0086775738451668784 -0.02148464760938356 0.016823425346611662 -0.0025015516415076663 0.038570907845609383 -0.00056439043073195055 -0.0069001624127472561 0.021868367745463246 0.014909264454927327 0.0034104516334491305 0.0032094069982119343 -0.0021569975602984356 0.0074419969763439113 -0.007870824489460318 -0.0023552300029832073
leaf_weight=1470.0562978982925 110.89817441254854 263.59111607074738 6473.0810133963823 96.091771580278873 876.35370372980833 105.97332807630301 323.01122967153788 342.36941097676754 11579.16875212267 2714.7015262879431 8266.5986727289855 1183.5447778888047 596.71499416977167 11028.998183507472
leaf_count=6396 475 1485 31913 434 3969 517 1530 1446 54457 12125 36851 6428 3008 51969
internal_value=-7.05136e-05 -0.00472605 0.000115228 0.0068269 0.00873963 0.00454782 0.0147663 0.0208393 -0.000183829 0.000240929 0.00119147 -0.000948215 0.00285157 -0.00125455
internal_weight=45431.2 1733.65 43697.5 1854.7 1743.8 1305.34 428.985 438.461 41842.8 35369.7 21626 9450.14 12175.9 13743.7
internal_count=213003 7881 205122 8371 7896 6016 2047 1880 196751 164838 100744 43279 57465 64094
is_linear=0
shrinkage=0.03


Tree=252
num_leaves=15
num_cat=0
split_feature=193 245 230 231 228 231 118 47 249 78 193 102 76 138
split_gain=42.3538 70.6111 65.9249 68.9436 119.376 98.3232 76.899 92.0084 69.0714 65.7522 65.6023 76.8962 64.9309 63.8704
threshold=73.500000000000014 -0.1103546880185604 80.500000000000014 91.500000000000014 19.500000000000004 26.500000000000004 78.500000000000014 84.500000000000014 0.49999998509883886 35.500000000000007 97.500000000000014 28.500000000000004 81.500000000000014 89.500000000000014
decision_type=8 2 10 10 8 10 10 10 2 8 10 10 10 10
left_child=12 -2 3 4 5 8 7 -7 -3 -8 -6 -12 -1 -4
right_child=1 2 13 -5 10 6 9 -9 -10 -11 11 -13 -14 -15
leaf_value=-0.0015299109223939073 0.008872495953945965 0.013201856426746698 0.0055307008575762795 -0.0068915019803380941 -0.00066961812002764491 0.00089967346875175522 0.00013996562679889505 -0.016011474578942742 -0.0210027964547886 0.013588893459152049 -0.017462476414639414 -0.0016699814091536624 0.0019936820054774372 -0.0056049424860085189
leaf_weight=20070.918061055243 999.47961989231408 1140.6953969225287 3541.9869815856218 1268.2193125113845 7196.8308601230383 1760.3669008240104 609.05177421867847 336.3420557230711 46.979471430182457 697.44550924748182 475.64621283859015 652.95316763967276 6138.4094499498606 524.92134144902229
leaf_count=90603 7109 5001 17215 5760 32255 7805 2921 1444 196 3262 2113 3034 31960 2479
internal_value=8.04679e-05 0.00114859 0.000720991 -0.000245196 0.000412214 0.0042909 0.00168386 -0.00187624 0.0116848 0.00736807 -0.00172919 -0.00842061 -0.000704215 0.00408319
internal_weight=45460.2 19250.9 18251.4 14184.5 12916.3 4590.88 3403.21 2096.71 1187.67 1306.5 8325.43 1128.6 26209.3 4066.91
internal_count=213157 90594 83485 63791 58031 20629 15432 9249 5197 6183 37402 5147 122563 19694
is_linear=0
shrinkage=0.03


Tree=253
num_leaves=15
num_cat=0
split_feature=228 230 245 140 193 189 106 238 226 80 245 144 230 226
split_gain=44.1143 111.785 79.557 55.5505 46.9076 45.2941 56.5575 57.5531 51.0139 128.568 129.787 110.044 86.8216 114.337
threshold=93.500000000000014 62.500000000000007 -0.081602111458778367 89.500000000000014 80.500000000000014 46.500000000000007 88.500000000000014 -0.27219408750534052 43.500000000000007 17.500000000000004 -0.068525452166795717 53.500000000000007 36.500000000000007 66.500000000000014
decision_type=10 8 2 8 8 10 10 10 10 10 2 10 8 10
left_child=5 -2 -3 4 -4 6 7 -1 -9 10 -10 12 -11 -14
right_child=1 2 3 -5 -6 -7 -8 8 9 11 -12 -13 13 -15
leaf_value=0.011989025071912211 -0.027996464531243256 -0.028234797406537351 -0.012661961430572787 0.0081953575910933552 0.0038845895314095187 0.0012010383967052255 -0.012028373237099255 -0.0021339708654143862 0.013270643983538102 0.0095480568580315651 0.00060517503933629356 0.0018034204147131343 -0.014679544302737877 -0.0026542371365422097
leaf_weight=315.91596090048552 161.07941907644272 85.383280746638775 345.17546036094427 455.19193394482136 265.92938759922981 21067.531301252544 381.50944681465626 11239.441675923765 1272.283000446856 316.43438155204058 1687.3954559862614 4661.9843628145754 1067.5251185297966 2112.7004482150078
leaf_count=2918 674 499 1494 2287 1232 100203 1798 52326 6080 1351 7241 20956 4510 9426
internal_value=3.40196e-05 -0.0053643 -0.00198511 0.00035963 -0.00551492 0.000195812 -0.000722873 -0.000527427 -0.000709566 0.00073098 0.00607606 -0.0012131 -0.0052286 -0.0067242
internal_weight=45435.5 1312.76 1151.68 1066.3 611.105 44122.7 23055.2 22673.7 22357.8 11118.3 2959.68 8158.64 3496.66 3180.23
internal_count=212995 6186 5512 5013 2726 206809 106606 104808 101890 49564 13321 36243 15287 13936
is_linear=0
shrinkage=0.03


Tree=254
num_leaves=15
num_cat=0
split_feature=57 222 249 230 244 249 7 179 135 249 230 53 238 246
split_gain=40.6223 58.7321 71.7218 86.3453 71.0503 105.38 70.7798 66.5646 66.0036 59.4534 72.661 49.5361 49.4508 48.9647
threshold=70.500000000000014 28.500000000000004 0.85353535413742077 7.5000000000000009 0.03307906165719033 0.66161617636680614 77.500000000000014 48.500000000000007 9.5000000000000018 0.04545454494655133 14.500000000000002 59.500000000000007 -0.28063598275184626 0.036244327202439315
decision_type=10 10 2 10 2 2 8 10 10 2 10 10 10 2
left_child=-1 2 4 -4 5 7 9 13 -6 -3 -11 -12 -10 -2
right_child=1 6 3 -5 8 -7 -8 -9 12 10 11 -13 -14 -15
leaf_value=-0.00046549921444630232 -0.00027646914535840245 0.012591317034025858 0.025165672243306281 -0.0033423076047144175 0.005273662529158534 0.017209756911800055 -0.0006117937503326902 -0.0061232520097284091 0.010459724212122587 0.012727134253437685 -0.0011861576548805324 0.0086977404247241246 -0.016889677910810752 0.0078769023006076376
leaf_weight=31326.224074203521 4147.099178224802 950.75751589983702 203.09850276634097 169.65437009185553 207.15693420171738 300.84718626737595 2211.5735520645976 1527.2047892548144 59.856949530541897 654.00894962996244 1699.4553388170898 612.96524396538734 549.96003630384803 778.89280177280307
leaf_count=144041 19588 4171 1745 811 1371 1600 10776 7108 615 3537 7633 2798 2785 4352
internal_value=0.000135987 0.00147431 -0.000228534 0.0124422 -0.000867959 0.000148082 0.00367822 -0.000672728 -0.00916794 0.00609567 0.00397847 0.00145999 -0.0140797 0.00102608
internal_weight=45398.8 14072.5 7943.77 372.753 7571.02 6754.04 6128.76 6453.2 816.974 3917.19 2966.43 2312.42 609.817 4925.99
internal_count=212931 68890 39975 2556 37419 32648 28915 31048 4771 18139 13968 10431 3400 23940
is_linear=0
shrinkage=0.03


Tree=255
num_leaves=15
num_cat=0
split_feature=233 56 106 10 231 224 231 230 248 244 249 224 245 245
split_gain=41.6913 51.6358 67.327 49.574 39.8172 105.6 104.872 99.818 143.1 91.9646 84.5305 173.532 152.684 182.397
threshold=99.500000000000014 44.500000000000007 85.500000000000014 17.500000000000004 26.500000000000004 4.5000000000000009 31.500000000000004 80.500000000000014 0.31818181276321417 0.037229908630251891 0.035353535786271102 53.500000000000007 -0.10331549495458602 -0.076670505106449113
decision_type=10 10 10 10 8 8 8 10 2 2 2 8 2 2
left_child=4 2 -2 -3 5 -1 -6 10 -9 -10 11 12 -7 -14
right_child=1 3 -4 -5 6 7 -8 8 9 -11 -12 -13 13 -15
leaf_value=0.019086267799576461 0.0097431908507270761 -0.012137577097886586 -0.018773083295444117 0.004712941010147683 -0.007032728439521756 -0.017574914736889727 -0.00023273657187512456 0.00036380091855718751 0.023172660888110628 -0.0081510905442034442 -0.0021781364875984753 -0.0086493148522945717 0.028388445812611553 0.005951977318232886
leaf_weight=284.99913614243269 1158.8834025058895 266.58863553032279 70.473829448223114 355.08229737728834 2179.8519271686673 181.58980517834425 30082.699617825449 951.17142279446125 553.45773779600859 94.031216099858284 6526.2199139520526 730.9893886372447 400.66943105310202 1626.3530001193285
leaf_count=1299 6225 1239 331 1592 9789 834 143991 4173 2564 613 28956 3003 1791 6775
internal_value=3.10262e-05 0.00442842 0.00797019 -0.00259075 -0.000156585 0.00137099 -0.000694222 0.000897859 0.00780682 0.0185689 -0.000275987 0.00394005 0.00812698 0.0105045
internal_weight=45463.1 1851.03 1229.36 621.671 43612 11349.5 32262.6 11064.5 1598.66 647.489 9465.82 2939.6 2208.61 2027.02
internal_count=213175 9387 6556 2831 203788 50008 153780 48709 7350 3177 41359 12403 9400 8566
is_linear=0
shrinkage=0.03


Tree=256
num_leaves=15
num_cat=0
split_feature=238 171 78 60 193 145 245 225 231 231 244 147 236 231
split_gain=41.1076 55.4305 54.3778 67.2735 70.6633 65.9007 65.038 58.8914 57.8755 56.3826 54.7353 76.5505 54.1574 53.6124
threshold=-0.10773492231965064 25.500000000000004 8.5000000000000018 71.500000000000014 70.500000000000014 42.500000000000007 -0.1103546880185604 11.500000000000002 97.500000000000014 91.500000000000014 0.11410578340291978 27.500000000000004 -0.081367187201976762 95.500000000000014
decision_type=10 10 8 10 10 10 2 10 10 10 2 10 2 10
left_child=2 -2 5 4 -4 -1 -6 -8 12 -9 11 -10 13 -7
right_child=1 -3 3 -5 6 8 7 9 10 -11 -12 -13 -14 -15
leaf_value=0.0097806813395994417 -0.0029007318303512636 0.00020313006335574628 -0.00053866862494001181 0.0050586140081060613 0.019720151036668191 -0.0015066285413738579 0.010598399135312738 0.0024444750738833966 0.021903895556475171 -0.0140376649775156 -0.015103625361955095 -0.0030959131481479302 -0.011695927632894022 -0.025250588964114452
leaf_weight=366.02890608459711 7322.6893921196461 17620.801143527031 9412.9524161797017 4326.5274022594094 233.20136234164238 1995.6916656456888 731.84891728311777 1643.4418238401413 222.8788411654532 200.59882555902004 84.767546381801367 205.17167510092258 800.56351308524609 79.524241913110018
leaf_count=1662 31461 77621 45785 23317 1542 11241 3517 7439 1783 917 593 1279 3595 406
internal_value=0.000106827 -0.000708872 0.00110881 0.00184828 0.000708632 -0.00214666 0.00487528 0.00346028 -0.00346001 0.000585468 0.00574477 0.0101239 -0.00511566 -0.00253325
internal_weight=45246.7 24943.5 20303.2 16548.6 12222 3754.63 2809.09 2575.89 3388.6 1844.04 512.818 428.051 2875.78 2075.22
internal_count=212158 109082 103076 82517 59200 20559 13415 11873 18897 8356 3655 3062 15242 11647
is_linear=0
shrinkage=0.03


Tree=257
num_leaves=15
num_cat=0
split_feature=209 171 224 229 110 122 229 222 75 49 249 137 192 229
split_gain=41.3849 42.8115 37.5448 80.228 94.6648 76.8007 73.9677 80.394 67.9074 65.443 70.5049 58.3455 53.7557 53.0166
threshold=52.500000000000007 18.500000000000004 37.500000000000007 21.500000000000004 51.500000000000007 33.500000000000007 32.500000000000007 10.500000000000002 71.500000000000014 4.5000000000000009 0.81313130259513866 90.500000000000014 79.500000000000014 10.500000000000002
decision_type=10 10 10 10 10 8 10 10 10 10 2 8 10 10
left_child=2 -2 5 8 -5 9 7 -6 11 -1 13 -4 -7 -11
right_child=1 -3 3 4 6 12 -8 -9 -10 10 -12 -13 -14 -15
leaf_value=-0.0037356278383967947 -0.0061049664749149709 -0.0006913856137540094 -0.007426938283205264 -0.002056793225240956 -0.021250029332368872 -0.00049361592250286369 0.0014192132248704034 0.014653567763083363 0.0046991934562013622 0.0017815382947480511 -0.024926327133731007 -0.024493302707283168 0.0044821115442283243 0.0096862242354822711
leaf_weight=673.55875142663717 1926.8948673065752 4102.4041768163443 814.95260193198919 10234.104705240577 52.692347079515457 13963.007201584056 6815.2533673346043 638.77925071120262 299.97022961825132 1161.9657790213823 53.80689063295722 227.93747536838055 2261.8733809106052 2247.4993367940187
leaf_count=3217 8548 18340 3811 45780 239 69173 31324 3058 1594 5929 243 1118 10782 10123
internal_value=-0.000116057 -0.00242875 0.000237968 -0.000717878 -0.000180769 0.00113373 0.0023762 0.0116537 -0.00775996 0.00477728 0.00643891 -0.0113542 0.000202372 0.00700535
internal_weight=45474.7 6029.3 39445.4 19083.7 17740.8 20361.7 7506.72 691.472 1342.86 4136.83 3463.27 1042.89 16224.9 3409.47
internal_count=213279 26888 186391 86924 80401 99467 34621 3297 6523 19512 16295 4929 79955 16052
is_linear=0
shrinkage=0.03


Tree=258
num_leaves=15
num_cat=0
split_feature=195 140 29 222 243 195 245 29 82 56 226 243 110 250
split_gain=43.7517 59.095 61.9583 62.6326 69.7953 61.8582 57.7706 54.0601 49.4952 48.3224 46.645 44.5743 45.2979 43.5199
threshold=35.500000000000007 27.500000000000004 54.500000000000007 63.500000000000007 -0.057016929611563676 24.500000000000004 -0.068525452166795717 17.500000000000004 51.500000000000007 19.500000000000004 92.500000000000014 -0.035050936043262475 27.500000000000004 -2.2950000584387449e-06
decision_type=10 10 10 10 2 8 2 8 10 10 10 2 10 2
left_child=1 2 13 4 -4 6 8 -7 11 -9 -6 12 -3 -1
right_child=-2 5 3 -5 10 7 -8 9 -10 -11 -12 -13 -14 -15
leaf_value=0.0023199140601634122 0.0011013297710392516 0.00058865096300793655 0.0063663835667911771 0.013018827439334369 -0.013287827240749417 -0.0097186602506022547 0.00010610038483892985 0.0055706950496289907 -0.0020743113099766122 -0.0024508794314428129 0.014148205345577288 0.012094471270172012 0.0099095162768972327 -0.0024908180753490617
leaf_weight=2093.6492860391736 17052.191788386554 1275.6813207268715 208.23675764352083 111.46043968200684 1232.0275627300143 739.47746327891946 6978.800012499094 812.1525891572237 752.53900450095534 3794.1967035196722 50.513958021998405 889.81498435884714 733.5742583014071 8674.9500905424356
leaf_count=9795 80379 7121 952 464 5124 3807 30651 3959 4030 17018 207 4570 3817 41097
internal_value=-9.90552e-05 -0.000821281 -0.00237701 -0.007863 -0.00950061 0.000384096 0.00170744 -0.0022457 0.0047592 -0.00102758 -0.0121061 0.00653407 0.0040239 -0.00155422
internal_weight=45399.3 28347.1 12370.8 1602.24 1490.78 15976.2 10630.4 5345.83 3651.61 4606.35 1282.54 2899.07 2009.26 10768.6
internal_count=212991 132612 57639 6747 6283 74973 50189 24784 19538 20977 5331 15508 10938 50892
is_linear=0
shrinkage=0.03


Tree=259
num_leaves=15
num_cat=0
split_feature=140 24 246 246 46 195 230 222 38 126 230 230 71 250
split_gain=41.2725 81.1929 53.5968 46.6547 52.3037 48.1242 49.8272 49.9393 50.6662 46.3664 50.4873 93.1112 44.1856 42.2746
threshold=11.500000000000002 19.500000000000004 0.029453777708113197 0.034974534064531333 10.500000000000002 14.500000000000002 14.500000000000002 38.500000000000007 41.500000000000007 52.500000000000007 15.500000000000002 28.500000000000004 7.5000000000000009 -1.0000000180025095e-35
decision_type=10 10 2 2 10 8 10 10 8 10 10 10 10 2
left_child=1 3 9 4 5 12 7 -7 -9 -3 -11 -12 -1 -6
right_child=-2 2 -4 -5 13 6 -8 8 -10 10 11 -13 -14 -15
leaf_value=-0.018603600561025387 0.00051372871307741523 -0.0057912941023009349 -0.011956954994463679 0.00370582475711071 0.0090315504650864496 -0.0016760246019645899 -0.0094475862664898484 0.02291386192459885 -0.0039946261298342296 0.013620322557164503 -0.019070681513418664 0.0059592613923801331 -0.0026436102145490381 -0.00029136549039676305
leaf_weight=344.25070369057357 34045.75770720467 1958.2131378576159 823.98739596456289 2326.2838157974184 534.56085142865777 1228.715963602066 581.41389723867178 154.59160626679659 97.789500657469034 250.10874626040459 188.33099041134119 401.56978487223387 285.96033973433077 2228.6672418899834
leaf_count=1646 158869 8146 3629 12907 2442 6638 2566 763 469 1217 815 1717 1395 9987
internal_value=-9.53686e-06 -0.00157073 -0.00527429 0.000157641 -0.00135923 -0.00432728 -0.00208573 0.000848189 0.0127328 -0.00327089 0.00260363 -0.00221646 -0.0115161 0.00153826
internal_weight=45450.2 11404.4 3622.21 7782.23 5455.95 2692.72 2062.51 1481.1 252.381 2798.22 840.01 589.901 630.211 2763.23
internal_count=213206 54337 15524 38813 25906 13477 10436 7870 1232 11895 3749 2532 3041 12429
is_linear=0
shrinkage=0.03


Tree=260
num_leaves=15
num_cat=0
split_feature=245 178 245 231 59 245 248 239 144 224 229 59 245 145
split_gain=38.3133 58.216 50.3742 127.416 91.3369 82.5445 88.9038 94.2209 78.3045 83.4827 150.934 72.3402 66.9068 67.8363
threshold=-0.1103546880185604 38.500000000000007 -0.1044003665447235 34.500000000000007 29.500000000000004 -0.099302399903535829 0.7929292917251588 -0.030314186587929722 23.500000000000004 64.500000000000014 41.500000000000007 38.500000000000007 -0.075249154120683656 97.500000000000014
decision_type=2 10 2 8 10 2 2 10 8 8 10 10 2 8
left_child=1 -1 3 -2 -5 11 12 -8 -9 10 -10 -4 13 -7
right_child=2 -3 5 4 -6 6 7 8 9 -11 -12 -13 -14 -15
leaf_value=0.00094822603918271646 -0.026189214718749375 0.010548716290856226 0.017568954756936903 -0.011397555542172515 0.011905426283039517 0.0043879868202704219 0.0040742385312248471 0.0059138296320357681 -0.010557543657687418 -0.029111488256361607 0.016736783272929347 0.0010122611325999269 -0.00040382332654150774 -0.0097286877677027137
leaf_weight=2574.466708060354 227.04711998999119 720.42623219639063 427.01666736602783 302.79082473367453 283.35016417503357 4405.2764625027776 783.4064657241106 323.1072910130024 1893.3456976339221 175.22070413082838 192.69826284796 523.10514069348574 32410.005598932505 319.88214495033026
leaf_count=18115 1046 4535 2489 1732 1496 21867 3747 1493 8418 791 853 2643 142822 1776
internal_value=-3.78794e-05 0.00307293 -0.000281054 -0.00762969 -0.00012177 -0.00013509 -0.000341096 -0.00500084 -0.00775689 -0.0097277 -0.00796841 0.00855888 8.27268e-05 0.00341379
internal_weight=45561.1 3294.89 42266.3 813.188 586.141 41453.1 40502.9 3367.78 2584.37 2261.26 2086.04 950.122 37135.2 4725.16
internal_count=213823 22650 191173 4274 3228 186899 181767 15302 11555 10062 9271 5132 166465 23643
is_linear=0
shrinkage=0.03


Tree=261
num_leaves=15
num_cat=0
split_feature=245 193 231 246 231 119 248 134 248 224 222 248 224 248
split_gain=42.0464 89.1852 63.5907 72.8524 84.5252 95.6185 82.1146 66.0005 64.1894 55.5823 103.714 55.3815 49.6228 76.6083
threshold=-0.1103546880185604 90.500000000000014 22.500000000000004 0.11880595237016679 98.500000000000014 19.500000000000004 0.74242421984672557 59.500000000000007 0.63131311535835277 5.5000000000000009 19.500000000000004 0.80303028225898754 15.500000000000002 0.66161617636680614
decision_type=2 10 10 2 10 8 2 10 2 10 10 2 8 2
left_child=1 2 8 4 5 -4 7 -6 -1 11 -11 -5 13 -7
right_child=-2 -3 3 9 6 12 -8 -9 -10 10 -12 -13 -14 -15
leaf_value=0.0050376802304003586 -0.00041276752210820555 0.01715701619430415 -0.016903960702036352 -0.0076946277385408681 -0.034969758788376638 -0.0036656095921660651 0.0097216811105238204 0.0028088652346665625 -0.024739087071733671 -0.02322081852416415 0.025553365692893213 0.019906576941746884 0.015518399315945472 0.012879464234163357
leaf_weight=105.49910720810294 42108.553831722587 352.26416498422623 123.90568346530199 160.08745395764709 111.69971055164933 470.06922859326005 112.86288000270724 61.123565163463354 148.99476109072566 243.28564120829105 37.892988063395023 96.637055555358529 710.62095316499472 524.05395381525159
leaf_count=951 190457 2461 551 1292 661 2967 1047 523 686 1362 312 1202 4591 3843
internal_value=-0.000158419 0.00311916 0.00136493 0.00275433 0.00526109 0.00763491 -0.00967783 -0.0221855 -0.0126715 -0.00701521 -0.0159959 0.00305191 0.00950665 0.00509756
internal_weight=45367.6 3259 2906.73 2652.24 2114.34 1828.65 285.686 172.823 254.494 537.903 281.179 256.725 1704.74 994.123
internal_count=212906 22449 19988 18351 14183 11952 2231 1184 1637 4168 1674 2494 11401 6810
is_linear=0
shrinkage=0.03


Tree=262
num_leaves=15
num_cat=0
split_feature=194 189 230 245 231 121 243 243 137 244 248 231 243 243
split_gain=48.3707 48.9652 55.6772 60.0511 57.1358 76.4569 73.8798 72.0877 53.1368 63.6223 60.1685 77.4272 67.0183 56.9228
threshold=22.500000000000004 50.500000000000007 71.500000000000014 -0.047014810144901269 23.500000000000004 77.500000000000014 -0.044680461287498467 -0.012431740295141934 88.500000000000014 0.071283362805843367 0.88383838534355175 52.500000000000007 -0.065777681767940507 -0.05196938477456569
decision_type=8 10 10 2 10 10 2 2 10 2 2 8 2 2
left_child=-1 2 8 4 7 6 -6 -4 9 10 -2 13 -13 -12
right_child=1 -3 3 -5 5 -7 -8 -9 -10 -11 11 12 -14 -15
leaf_value=0.0017110961060941893 -0.002103121701778286 0.00065859268082168836 0.015442272798411464 -0.0027176894531329354 -0.017182270052337172 0.0078926811619181927 0.00090376268439477047 -0.014613123527315286 -0.011485521106579742 0.010764931125669581 0.028625070861774668 0.0034730715630366883 -0.027703968975295885 -0.0081462028506905145
leaf_weight=11328.606266437098 12198.122100241482 15985.956826608628 577.5402368158102 1938.3122365474701 269.11901620775461 912.39890469238162 744.73458948731422 73.823655001819134 567.83276086300611 323.22913430631161 48.856535494327545 78.083654154092073 257.7996266297996 97.818592078983784
leaf_count=54156 54703 75483 2692 8370 1226 4841 3511 369 2814 2410 239 590 1193 511
internal_value=1.3749e-05 -0.000550912 -0.00161965 0.00126372 0.00425659 0.00163533 -0.00401795 0.0118664 -0.0025793 -0.00218187 -0.00252011 -0.012804 -0.0205653 0.00514734
internal_weight=45402.2 34073.6 18087.7 4515.93 2577.62 1926.25 1013.85 651.364 13571.7 13003.9 12680.7 482.558 335.883 146.675
internal_count=213108 158952 83469 21009 12639 9578 4737 3061 62460 59646 57236 2533 1783 750
is_linear=0
shrinkage=0.03


Tree=263
num_leaves=15
num_cat=0
split_feature=10 29 80 146 77 188 64 120 76 66 10 69 137 244
split_gain=35.5577 63.0974 62.4156 58.4847 85.9425 70.7139 54.2288 49.8488 68.7648 51.3888 62.8894 61.2937 60.5161 53.7507
threshold=2.5000000000000004 13.500000000000002 62.500000000000007 98.500000000000014 24.500000000000004 55.500000000000007 17.500000000000004 98.500000000000014 37.500000000000007 83.500000000000014 83.500000000000014 4.5000000000000009 35.500000000000007 0.094841357320547118
decision_type=8 8 10 10 10 10 8 10 10 10 10 8 10 2
left_child=3 2 -2 5 -5 -1 -3 9 -9 10 11 -8 -12 -13
right_child=1 6 -4 4 -6 -7 7 8 -10 -11 12 13 -14 -15
leaf_value=0.00098180752482606077 -0.0023118487866884804 0.0047002258671079685 -0.015243858977142538 0.0011005500213686844 -0.021753106184341089 0.009692178307849502 0.0042545218274142003 0.0093857874901278147 -0.00051331440450418488 0.0025930271078556575 -0.0085008370027174762 -0.0010636300694485549 -0.0017739163240059507 0.013110261152301064
leaf_weight=2491.6721429936588 6822.8475129436702 2189.0829244293272 343.83692394569516 519.85858965665102 196.59981552138925 1256.5588213372976 2406.3097044341266 1116.7138304784894 1434.9028968736529 4070.7820582799613 1710.9100402481854 16478.795914158225 4029.2024393081665 234.40180866420269
leaf_count=12030 32899 10003 1564 3680 1135 6918 10796 5933 7879 19776 7249 72890 18215 1667
internal_value=-0.000120636 -0.000398727 -0.00295267 0.00241823 -0.00538372 0.0039199 0.000145578 -0.000172519 0.00383875 -0.000527511 -0.00103934 -0.000211901 -0.00379025 -0.000857121
internal_weight=45302.5 40837.8 7166.68 4464.69 716.458 3748.23 33671.1 31482 2551.62 28930.4 24859.6 19119.5 5740.11 16713.2
internal_count=212634 188871 34463 23763 4815 18948 154408 144405 13812 130593 110817 85353 25464 74557
is_linear=0
shrinkage=0.03


Tree=264
num_leaves=15
num_cat=0
split_feature=231 244 137 244 244 105 244 242 246 222 70 248 47 229
split_gain=44.7553 94.8909 105.363 101.396 78.3289 72.483 72.2588 69.9974 60.3488 62.0617 58.8855 61.9318 124.456 93.3669
threshold=91.500000000000014 0.0040141276549547919 22.500000000000004 0.030528439208865169 0.046076284721493728 28.500000000000004 0.044131914153695113 0.020834577269852165 0.020722872577607635 1.0000000180025095e-35 7.5000000000000009 0.85353535413742077 42.500000000000007 1.0000000180025095e-35
decision_type=10 2 8 2 2 10 2 8 2 10 8 2 10 8
left_child=4 -2 7 8 6 -6 10 -3 -4 -10 -1 -12 13 -13
right_child=1 2 3 -5 5 -7 -8 -9 9 -11 11 12 -14 -15
leaf_value=0.0028377826377401503 0.014066090908195578 -0.018635708220437228 -0.0044376971995805942 -0.0051568478874783981 0.011464026006842444 0.0014499937785775292 -0.015616372981024933 -0.0049305879279878473 -0.015014427337983031 0.0086881056250826798 -0.00014898268361170623 0.023883513790252747 0.0061576500302542702 -0.017189341713933538
leaf_weight=5973.4777475968003 290.64736912772059 546.52833220362663 558.02413004264235 2367.0060956068337 1036.6429679207504 1727.9422731213272 254.59644993767142 870.62367134168744 97.971868626773357 1401.5126593075693 29149.44500303641 44.984478900209069 400.19768370315433 699.1397113353014
leaf_count=28166 1556 2531 2728 13287 6361 8396 1205 4561 536 7251 130802 369 2127 3349
internal_value=1.12259e-06 -0.00238032 -0.00322124 -0.000932761 0.00037336 0.00523276 4.1868e-06 -0.0103095 0.00392817 0.00705024 0.000118118 -0.000418919 -0.00723418 -0.0144226
internal_weight=45418.7 6132.31 5841.67 4424.51 39286.4 2764.59 36521.8 1417.15 2057.51 1499.48 36267.2 30293.8 1144.32 744.124
internal_count=213225 32450 30894 23802 180775 14757 166018 7092 10515 7787 164813 136647 5845 3718
is_linear=0
shrinkage=0.03


Tree=265
num_leaves=15
num_cat=0
split_feature=245 68 135 224 44 226 62 248 226 243 248 249 245 244
split_gain=40.4257 41.7082 72.4821 106.042 66.2565 76.3734 99.8652 68.4903 64.9071 105.768 157.362 125.598 87.1187 127.413
threshold=-0.20662932842969892 17.500000000000004 58.500000000000007 5.5000000000000009 33.500000000000007 43.500000000000007 34.500000000000007 0.74242421984672557 3.5000000000000004 -0.047963494434952729 0.84343436360359203 0.67171716690063488 -0.097461599856615053 0.04328932240605355
decision_type=2 10 10 10 10 10 8 2 8 2 2 2 2 2
left_child=-1 2 8 -4 5 6 -3 -7 9 10 11 12 13 -2
right_child=1 4 3 -5 -6 7 -8 -9 -10 -11 -12 -13 -14 -15
leaf_value=0.014133508911758293 0.0062912315103342839 0.0059566057622611485 0.015381963538680177 -0.022779337063719308 -0.00024599183352104747 0.0045263562167830711 -0.0034197860559017526 0.016439104852485169 -0.00217542470089945 0.0087598764673820165 0.017697850588444392 0.011706396802414738 -0.01919961894110497 -0.03508086503856063
leaf_weight=170.88389435783029 352.93045136705041 1693.6882410943508 76.563084617257118 285.3490037471056 23701.730738088489 2747.6564072407782 2546.2551418580115 509.66771503537893 10613.284100197256 1408.2666579782963 271.77844566106796 247.87458512187004 584.27131719142199 72.177437704056501
leaf_count=2623 2460 8067 400 1259 107402 12146 11617 2386 50346 7238 2211 1359 2742 474
internal_value=-2.05635e-05 -7.73e-05 -0.00144273 -0.0145097 0.000531849 0.00298795 0.000330911 0.00643493 -0.00108329 0.0028569 -0.00260144 -0.00709454 -0.0117811 -0.00137799
internal_weight=45282.4 45111.5 13912.5 361.912 31199 7497.27 4239.94 3257.32 13550.6 2937.3 1529.03 1257.25 1009.38 425.108
internal_count=212730 210107 68489 1659 141618 34216 19684 14532 66830 16484 9246 7035 5676 2934
is_linear=0
shrinkage=0.03


Tree=266
num_leaves=15
num_cat=0
split_feature=189 120 192 231 231 105 70 231 14 248 246 244 248 246
split_gain=38.3941 55.7949 57.8542 56.1573 64.1988 125.252 65.8677 77.8965 68.8431 68.7508 64.6499 59.2133 54.9453 55.6672
threshold=46.500000000000007 98.500000000000014 66.500000000000014 97.500000000000014 82.500000000000014 20.500000000000004 9.5000000000000018 75.500000000000014 4.5000000000000009 0.59090909361839306 0.051478838548064239 0.0019962895894423132 0.56060606241226207 0.026138805784285072
decision_type=10 10 8 10 10 8 8 10 8 2 2 2 2 2
left_child=1 3 -3 4 6 -6 10 8 -8 -9 11 -1 13 -7
right_child=-2 2 -4 -5 5 12 7 9 -10 -11 -12 -13 -14 -15
leaf_value=-0.013062063524603177 0.00096832541253621994 -0.001348354217128533 0.0082519191803963662 0.007139807272001219 -0.012866621980654533 -0.017004348543015822 -0.0089480626062287908 -0.00028466218279814319 -0.0017666913116980839 0.017055419894360345 -0.006880949866440801 0.0044738451246686996 0.0063679333460592707 0.00062767351966378177
leaf_weight=172.24503646790981 21843.845937412232 1069.8983439896256 1181.2945008128881 684.42819506675005 1224.8382003307343 238.2518972158432 1334.9574456270784 498.79939325153828 11355.458844266832 339.93018959835172 595.00073974579573 3712.1151117533445 673.49918459355831 457.39663944393396
leaf_count=749 104074 6322 6761 3472 5598 1011 5997 2210 50340 1745 2968 16513 3333 2117
internal_value=6.27519e-05 -0.000777693 0.00370352 -0.00125312 -0.00153527 -0.00593848 -0.000898074 -0.00194182 -0.00252858 0.00686128 0.0022517 0.0036647 0.00030779 -0.0055665
internal_weight=45382 23538.1 2251.19 21286.9 20602.5 2593.99 18008.5 13529.1 12690.4 838.73 4479.36 3884.36 1369.15 695.649
internal_count=213210 109136 13083 96053 92581 12059 80522 60292 56337 3955 20230 17262 6461 3128
is_linear=0
shrinkage=0.03


Tree=267
num_leaves=15
num_cat=0
split_feature=147 209 10 29 140 245 59 140 23 242 245 110 52 122
split_gain=47.5512 37.5056 42.3618 65.4992 88.6646 116.999 55.1629 46.9315 55.8945 60.9395 51.4497 48.4406 63.706 59.7115
threshold=97.500000000000014 52.500000000000007 2.5000000000000004 10.500000000000002 89.500000000000014 -0.088217630982398973 14.500000000000002 10.500000000000002 23.500000000000004 0.034005146473646171 -0.047014810144901269 32.500000000000007 78.500000000000014 76.500000000000014
decision_type=10 10 8 8 10 2 10 10 10 8 2 10 10 10
left_child=1 2 -1 4 6 -6 -4 8 -5 -10 11 12 -9 -14
right_child=-2 -3 3 7 5 -7 -8 10 9 -11 -12 -13 13 -15
leaf_value=0.0034597952944368233 -0.0050211364815793717 -0.0021631148462035736 0.0015106623798917028 0.00066326723370790583 0.011214498569046638 -0.02637274669397632 -0.0048182508279577367 0.0017584203291927062 -0.0038018131599529392 -0.019926614524665567 -0.00048671846236450923 0.0044163268932471324 -0.017060688916751377 -0.00056475021660660715
leaf_weight=3713.4965149909258 1701.4476877935231 5822.0673597976565 2306.6083869505674 3159.4140523821115 93.987346917390823 279.32164420187473 2659.762442111969 7257.7318646647036 1940.316181242466 228.01785948127508 9394.9394161328673 6008.6014530770481 314.38161171972752 506.69000066816807
leaf_count=20293 7738 26016 12138 16221 564 1210 12226 34395 8177 1012 40906 28520 1363 2447
internal_value=-0.000115723 7.6437e-05 0.000421283 8.99548e-05 -0.00295868 -0.0168638 -0.00188169 0.000655822 -0.00188384 -0.00558116 0.00123258 0.00237873 0.000859676 -0.0070102
internal_weight=45386.8 43685.3 37863.3 34149.8 5339.68 373.309 4966.37 28810.1 5327.75 2168.33 23482.3 14087.4 8078.8 821.072
internal_count=213226 205488 179472 159179 26138 1774 24364 133041 25410 9189 107631 66725 38205 3810
is_linear=0
shrinkage=0.03


Tree=268
num_leaves=15
num_cat=0
split_feature=141 226 140 24 231 226 231 126 231 245 245 226 226 131
split_gain=42.9528 38.7615 41.3458 73.0708 95.3061 76.8375 67.6932 48.4037 51.8136 65.2719 55.1332 59.7964 66.589 46.9772
threshold=1.5000000000000002 99.500000000000014 10.500000000000002 22.500000000000004 5.5000000000000009 33.500000000000007 87.500000000000014 62.500000000000007 19.500000000000004 -0.10331549495458602 -0.073584254831075654 37.500000000000007 49.500000000000007 36.500000000000007
decision_type=8 10 10 10 8 10 10 10 10 2 2 10 10 10
left_child=-1 2 3 4 5 -2 7 8 9 -5 -11 -12 -13 -9
right_child=1 -3 -4 6 -6 -7 -8 13 -10 10 11 12 -14 -15
leaf_value=0.010221962500481033 -0.0265392322803099 -0.0073177928353637609 0.00061693588617982124 -0.026221756342287551 0.00074927969451400365 0.0016866922366651268 -0.021078452924702992 0.0081646743942634641 -0.0090619986040941132 0.024898729305340105 -0.016361649854532905 0.028641811128668756 -0.0014840659383792692 -0.011612894079669049
leaf_weight=362.68450730293989 203.48137404024601 632.98408219963312 33643.431659653783 58.377678722143173 7346.429022397846 144.36325351893902 222.91259223967791 443.13959024846554 1572.5876924321055 90.773347228765488 126.27185337245464 83.598398327827454 221.16316226124763 132.47852618247271
leaf_count=1601 938 3031 157129 245 36792 644 1007 2015 6629 393 516 340 904 584
internal_value=7.92961e-05 -4.84902e-06 0.000101297 -0.00152734 1.38565e-05 -0.0151051 -0.00553183 -0.00418931 -0.00624991 0.00139665 0.00492145 0.000245183 0.0074271 0.00349229
internal_weight=45284.7 44922 44289 10645.6 7694.27 347.845 2951.3 2728.39 2152.77 580.184 521.807 431.033 304.762 575.618
internal_count=212768 211167 208136 51007 38374 1582 12633 11626 9027 2398 2153 1760 1244 2599
is_linear=0
shrinkage=0.03


Tree=269
num_leaves=15
num_cat=0
split_feature=231 228 245 243 246 243 246 222 243 245 62 243 248 228
split_gain=35.1063 110.743 142.269 146.686 119.964 128.035 117.981 107.302 92.774 92.3402 79.4854 78.2109 77.6571 75.9219
threshold=92.500000000000014 6.5000000000000009 -0.091515976935625062 -0.028290343470871445 0.059140477329492576 -0.064306490123271928 0.064706739038229003 88.500000000000014 -0.040498973801732056 -0.071192670613527284 30.500000000000004 -0.10134678333997725 0.82323232293128978 11.500000000000002
decision_type=10 8 2 2 2 2 2 10 2 2 10 2 2 10
left_child=11 2 12 4 -4 -6 7 10 -7 13 -3 -1 -2 -8
right_child=1 6 3 -5 5 8 9 -9 -10 -11 -12 -13 -14 -15
leaf_value=0.0179047804466019 -0.0066726943702970654 0.01507087997354987 -0.026019521135370031 0.024058857375484074 0.018928469532803124 -0.031458499316374955 -0.037540440574322043 -0.011456629542138207 0.013859505341123577 0.00033761755812283394 0.0025432262221727641 0.00019729131036760842 0.0081470682087588665 -0.0089104082161443159
leaf_weight=215.76690874248743 766.86859534308314 799.63831337913871 639.0780823379755 69.706016160547733 128.00961434096098 132.55986092984676 118.0195551328361 286.63349783420563 50.180689089000225 585.24554339051247 1054.5035506524146 39746.4161580652 529.0845777541399 265.56733569130301
leaf_count=1878 4844 4124 2735 349 635 557 660 1465 261 2868 5312 182207 3687 1631
internal_value=-1.02405e-05 -0.00227242 -0.00722483 -0.0155501 -0.0186773 -0.0032372 0.00142661 0.00535194 -0.0189407 -0.00721305 0.00799791 0.000297354 -0.000606337 -0.0184491
internal_weight=45387.3 5425.1 2315.49 1019.53 949.828 310.75 3109.61 2140.78 182.741 968.832 1854.14 39962.2 1295.95 383.587
internal_count=213213 29128 13068 4537 4188 1453 16060 10901 818 5159 9436 184085 8531 2291
is_linear=0
shrinkage=0.03


Tree=270
num_leaves=15
num_cat=0
split_feature=215 230 149 144 244 245 249 243 62 243 244 194 244 243
split_gain=42.5898 52.7503 38.0641 48.5977 53.0155 48.692 75.6205 85.2616 64.8559 74.6797 56.9095 45.1958 42.8492 49.1415
threshold=72.500000000000014 82.500000000000014 26.500000000000004 53.500000000000007 0.14015621691942218 -0.069602288305759416 0.095959596335887923 -0.04516449756920337 14.500000000000002 -0.030541276559233662 0.025211817584931854 46.500000000000007 0.0032020570943132047 -0.073554866015911088
decision_type=10 10 10 10 2 2 2 2 10 2 2 10 2 2
left_child=2 -2 3 5 -5 10 7 -7 9 -9 12 -12 -1 -14
right_child=1 -3 -4 4 -6 6 -8 8 -10 -11 11 -13 13 -15
leaf_value=-0.015429976644817307 -0.0043673641666028499 0.0054807547432718191 0.00077195036008780146 0.0012525968839287834 -0.026012364620994922 -0.028934707506172715 -0.0010032922497006562 0.0036466928713023415 -0.0038552558109249319 -0.023933266378523797 -0.00054184756109812253 -0.024088118796878163 -0.009987548569247497 0.012512865426842292
leaf_weight=60.176168233156204 3479.9967510197312 560.61409397423267 30569.294942151755 4846.0590373016894 55.056108575314283 162.24902287125587 2571.2972801998258 116.34520235657692 1537.0709587484598 328.28966606408358 253.69521098583937 93.49007435888052 94.473482001572847 593.29631209746003
leaf_count=280 15251 2688 144937 22423 288 682 11915 537 6468 1437 1889 504 568 3102
internal_value=-5.52681e-05 -0.00299083 0.000232723 -0.00130545 0.000893976 -0.00315904 -0.00448098 -0.00862783 -0.00682831 -0.0167951 0.00252183 -0.00737926 0.00715449 0.00932332
internal_weight=45321.4 4040.61 41280.8 10711.5 4901.12 5810.38 4715.25 2143.95 1981.71 444.635 1095.13 347.185 747.946 687.77
internal_count=212969 17939 195030 50093 22711 27382 21039 9124 8442 1974 6343 2393 3950 3670
is_linear=0
shrinkage=0.03


Tree=271
num_leaves=15
num_cat=0
split_feature=69 243 230 229 248 243 230 243 243 144 228 229 243 228
split_gain=34.8632 76.6954 74.8672 88.7704 102.954 86.4357 81.2496 144.492 76.6768 74.279 73.1077 68.1678 62.5491 61.5187
threshold=12.500000000000002 -0.032472144812345498 30.500000000000004 43.500000000000007 0.80303028225898754 -0.045574974268674844 19.500000000000004 -0.038896463811397546 -0.044308995828032487 85.500000000000014 28.500000000000004 26.500000000000004 -0.068943500518798814 11.500000000000002
decision_type=8 2 10 10 2 2 10 2 2 10 10 10 2 10
left_child=1 2 6 5 8 9 11 -8 10 12 -5 13 -4 -1
right_child=-2 -3 3 4 -6 -7 7 -9 -10 -11 -12 -13 -14 -15
leaf_value=-0.0011404861040028372 -0.00054484213265611529 0.004020047506507988 -0.013501172908931042 -0.028758435882529357 0.033719018438797703 -0.016327715395999323 0.018779030639705985 -0.011389585333667832 0.0082447147135298934 -0.018842349227316112 0.00073809439587599497 -0.021900254988247929 0.0081131625664575911 0.010919008657041956
leaf_weight=2829.0891590118408 33663.587912131101 5302.5103710852563 151.24063863232732 121.64918524026871 78.464161183685064 767.01515336334705 521.3738127797842 187.77769467234612 374.78484021872282 176.55299384146929 176.56640662625432 117.2806456387043 469.31723133474588 429.6853703558445
leaf_count=16134 156743 23604 731 551 433 3277 2541 793 1718 835 906 560 2124 2348
internal_value=-5.44716e-05 0.0013553 -0.000855043 -0.00515271 0.0032924 -0.0092052 0.00158761 0.0107433 -0.000696749 -0.00223421 -0.0118369 -0.000361628 0.0027148 0.000478157
internal_weight=45366.9 11703.3 6400.8 2315.59 751.465 1564.13 4085.21 709.152 673 797.111 298.216 3376.06 620.558 3258.77
internal_count=213298 56555 32951 10575 3608 6967 22376 3334 3175 3690 1457 19042 2855 18482
is_linear=0
shrinkage=0.03


Tree=272
num_leaves=15
num_cat=0
split_feature=226 32 226 248 246 226 226 250 195 194 226 244 127 243
split_gain=44.4065 43.8086 37.4305 104.073 126.281 96.375 83.241 72.0297 56.0505 57.6241 81.2848 50.9073 50.4733 49.6297
threshold=99.500000000000014 2.5000000000000004 81.500000000000014 0.68181815743446361 0.013857670594006779 98.500000000000014 90.500000000000014 4.374499985715375e-05 67.500000000000014 30.500000000000004 2.5000000000000004 0.0056642040144652137 1.5000000000000002 -0.04516449756920337
decision_type=10 10 10 2 2 10 10 2 10 10 8 2 10 2
left_child=2 -2 8 13 6 -6 7 -5 9 10 -1 -8 -11 -4
right_child=1 -3 3 4 5 -7 11 -9 -10 12 -12 -13 -14 -15
leaf_value=0.0060194909374846981 -0.029509755839087822 -0.004943039610543631 -0.0066525883745974651 -0.030179702081247352 0.02577405117213729 -0.0082164120022971635 0.030091597639173358 0.0097702398556599387 0.0017499022555201422 -0.010277597472516579 -0.00058640090238967172 -0.0067891948633013984 -0.0020809848354212124 0.001701823431394695
leaf_weight=1874.2553283814341 64.544057741761208 590.70877737551928 717.74834579601884 112.42801130563021 456.10385664924979 84.563369832932949 66.864940874278545 54.834497198462486 8890.193962469697 711.06247895956039 15190.938842270523 54.515262603759766 11103.768277831376 5299.8816527612507
leaf_count=11129 353 2769 3435 499 2724 546 362 282 41551 3577 70659 288 50255 24415
internal_value=-7.63988e-05 -0.00777013 3.83081e-05 0.00207747 0.0119741 0.0204051 -0.00397267 -0.0172704 -0.0003318 -0.000972999 0.000142219 0.0142714 -0.00258256 0.000695974
internal_weight=45272.4 655.253 44617.2 6846.94 829.31 540.667 288.643 167.263 37770.2 28880 17065.2 121.38 11814.8 6017.63
internal_count=212844 3122 209722 32551 4701 3270 1431 781 177171 135620 81788 650 53832 27850
is_linear=0
shrinkage=0.03


Tree=273
num_leaves=15
num_cat=0
split_feature=195 120 76 171 231 45 244 244 249 106 243 224 47 231
split_gain=43.1574 60.7334 50.1314 52.2961 43.4659 54.9005 50.1111 56.6906 44.2025 56.9924 55.7291 41.6703 41.499 47.8761
threshold=37.500000000000007 98.500000000000014 34.500000000000007 25.500000000000004 81.500000000000014 84.500000000000014 0.0016571877058595421 0.0014865159755572679 0.015151515137404205 42.500000000000007 -0.0097712739370763285 64.500000000000014 53.500000000000007 60.500000000000007
decision_type=10 10 10 10 10 10 2 2 2 8 2 10 8 10
left_child=1 -1 3 -3 5 6 7 -2 -8 -10 11 -11 -7 -14
right_child=4 2 -4 -5 -6 12 8 -9 9 10 -12 -13 13 -15
leaf_value=-0.0010623721251965465 -0.0021168621208282664 0.001717894295086382 0.0009180451410304005 0.01672220248996456 -0.001405888599494418 -0.01168816562736799 0.0092525139473583658 -0.034221396481521248 0.0012199812414338078 0.011244843952404219 -0.0042605762449829925 0.0012851273624390708 -0.0022850628507114887 0.0076648598687857608
leaf_weight=26605.226664111018 265.84350776672363 396.33767043054104 1904.5600602757186 438.53699474409223 3962.9215826522559 304.63667960464954 1145.7017008960247 51.269701272249222 5304.1660424750298 1495.1980216391385 342.10374814271927 508.63513421267271 2008.9992860406637 544.84176243469119
leaf_count=121252 1165 2172 11843 2355 20508 1338 5075 212 24043 7114 1507 2294 9327 2657
internal_value=5.84009e-05 -0.000624059 0.00362119 0.00970389 0.00131482 0.00221589 0.00335285 -0.00819489 0.00377801 0.00294712 0.00683043 0.00873569 -0.00140781 -0.000140709
internal_weight=45279 29344.7 2739.43 834.875 15934.3 11971.4 9112.92 317.113 8795.8 7650.1 2345.94 2003.83 2858.48 2553.84
internal_count=212862 137622 16370 4527 75240 54732 41410 1377 40033 34958 10915 9408 13322 11984
is_linear=0
shrinkage=0.03


Tree=274
num_leaves=15
num_cat=0
split_feature=226 12 248 81 233 171 80 178 225 148 139 101 157 226
split_gain=43.4296 45.3343 47.0824 52.3431 35.6176 39.7935 51.432 50.3196 69.8144 53.6276 49.9981 63.7423 46.6987 45.2974
threshold=99.500000000000014 4.5000000000000009 0.46969696879386907 69.500000000000014 99.500000000000014 18.500000000000004 4.5000000000000009 11.500000000000002 77.500000000000014 44.500000000000007 35.500000000000007 6.5000000000000009 37.500000000000007 80.500000000000014
decision_type=10 10 2 10 10 8 8 8 10 10 8 10 8 10
left_child=4 -2 3 -3 5 13 -7 8 9 -8 11 -9 -12 -1
right_child=1 2 -4 -5 -6 6 7 10 -10 -11 12 -13 -14 -15
leaf_value=-0.0019674120651917587 -0.026095204498977707 -0.017713692596233069 0.012231273480600753 0.0028598898569165217 0.0042836294632339596 0.0050088297803906022 -0.0037100516934334454 -0.0053510262668041856 -0.015506510875288497 0.0036714473340372692 -0.0018480357332713094 0.0043392598384769396 0.001342643806780029 0.0036603503522383055
leaf_weight=11574.916408637539 91.00046107172966 240.30618365108967 115.41338141262531 196.03339541703463 1847.742388587445 2237.4838571809232 2969.9938074499369 682.17569738253951 337.89350225776434 1251.3549015931785 6995.839865539223 5276.7091147899628 10041.577833093703 1438.8120533674955
leaf_count=54546 451 1040 660 914 9450 12095 14102 3061 1560 5891 31347 24937 46201 6747
internal_value=0.000104738 -0.00757756 -0.00411328 -0.00861365 0.000216988 4.04929e-05 0.000644999 0.000288971 -0.00258676 -0.00151841 0.00085999 0.00322281 3.21835e-05 -0.00134287
internal_weight=45297.3 642.753 551.753 436.34 44654.5 42806.8 29793 27555.5 4559.24 4221.35 22996.3 5958.88 17037.4 13013.7
internal_count=213002 3065 2614 1954 209937 200487 139194 127099 21553 19993 105546 27998 77548 61293
is_linear=0
shrinkage=0.03


Tree=275
num_leaves=15
num_cat=0
split_feature=240 67 4 231 245 110 187 79 224 248 244 230 224 231
split_gain=36.5242 43.9343 47.2075 52.8189 52.8749 43.6888 44.0658 43.573 56.6875 91.7046 56.4467 55.67 53.8986 107.864
threshold=0.1371949836611748 85.500000000000014 61.500000000000007 96.500000000000014 -0.044003877788782113 26.500000000000004 37.500000000000007 88.500000000000014 74.500000000000014 0.68181815743446361 0.029281450435519222 27.500000000000004 37.500000000000007 92.500000000000014
decision_type=10 10 10 10 2 8 8 10 10 2 2 8 8 10
left_child=1 2 7 4 -4 -3 -7 12 9 -9 -10 -12 13 -1
right_child=-2 5 3 -5 -6 6 -8 8 10 -11 11 -13 -14 -15
leaf_value=0.0016134215935359353 0.014844099547335178 -0.019883283778609647 0.0081332502193699197 -0.0065021331791227793 0.00082016636023522457 0.0011794188387050219 -0.0053395480715606397 -0.0028860739115132042 0.011948677770008751 0.013693472369122729 -0.032215121783445183 0.0027535790678529428 -0.0017366952175649341 -0.0045486424314878206
leaf_weight=16853.051874224097 140.16453571990132 123.76774773001671 1836.1533164270222 423.08658211678267 1722.4657433927059 1687.2888319529593 2069.8452904596925 1589.691529545933 921.53181143477559 359.63460401818156 40.756010890007019 206.11353009194136 14273.738790392876 3003.6628521159291
leaf_count=78929 861 570 9061 2134 7578 8098 9540 7378 4408 1793 187 1026 64811 16480
internal_value=7.32151e-05 2.40405e-05 0.000311545 0.00341211 0.00460574 -0.0030233 -0.00241659 -2.0722e-05 0.00336836 0.000226993 0.00856291 -0.00404885 -0.000331201 0.000679485
internal_weight=45251 45110.8 41229.9 3981.71 3558.62 3880.9 3757.13 37248.2 3117.73 1949.33 1168.4 246.87 34130.5 19856.7
internal_count=212854 211993 193785 18773 16639 18208 17638 175012 14792 9171 5621 1213 160220 95409
is_linear=0
shrinkage=0.03


Tree=276
num_leaves=15
num_cat=0
split_feature=233 77 121 243 224 224 171 228 120 226 228 209 148 120
split_gain=37.9442 52.8993 59.1966 50.2587 48.5961 52.4589 45.7317 75.5883 73.002 64.2932 84.9586 46.5984 45.4555 44.8764
threshold=69.500000000000014 40.500000000000007 34.500000000000007 -0.017980674281716343 96.500000000000014 6.5000000000000009 24.500000000000004 1.0000000180025095e-35 19.500000000000004 55.500000000000007 38.500000000000007 42.500000000000007 88.500000000000014 69.500000000000014
decision_type=10 10 10 2 10 10 8 8 8 8 10 10 10 10
left_child=6 2 13 4 5 -3 11 -8 9 -9 12 -1 -11 -2
right_child=1 3 -4 -5 -6 -7 7 8 -10 10 -12 -13 -14 -15
leaf_value=-0.0012844333400665675 0.0021438988215019684 -0.0086203307428003636 0.0017827488200039387 0.0046357697008993573 -0.019228512529136373 -0.00022337934765906349 0.013735303100195476 0.0097958230239823165 -0.0009199290328869952 -0.010883251240074126 0.0044685475673982983 -0.0064958175798069465 0.0087612534178942558 0.013560795604015373
leaf_weight=9703.8255329858512 531.60429911315441 764.6067892536521 6027.362177722156 1336.7268638312817 130.46894858032465 4944.0389292985201 358.15593887120485 1103.617289930582 15143.122171845287 600.23529052734375 1941.3935606107116 1828.427178086713 120.4245872721076 747.74615332484245
leaf_count=45518 2286 3956 29799 5806 672 22756 2084 4737 71422 2572 8747 8082 535 4004
internal_value=-2.68015e-05 0.00123912 0.00303413 -0.000590312 -0.00179258 -0.00136116 -0.000622278 0.000272189 1.00553e-05 0.00374239 0.00120553 -0.00211561 -0.00752561 0.00887019
internal_weight=45281.8 14482.6 7306.71 7175.84 5839.11 5708.65 30799.2 19266.9 18908.8 3765.67 2662.05 11532.3 720.66 1279.35
internal_count=212976 69279 36089 33190 27384 26712 143697 90097 88013 16591 11854 53600 3107 6290
is_linear=0
shrinkage=0.03


Tree=277
num_leaves=15
num_cat=0
split_feature=124 10 232 224 244 56 189 226 136 231 77 152 231 230
split_gain=40.2695 38.1879 36.8915 77.4573 99.2667 76.2921 56.4264 51.4568 77.1393 46.2941 88.0485 45.3465 45.2135 51.2551
threshold=6.5000000000000009 64.500000000000014 83.500000000000014 13.500000000000002 0.0018107763025909664 36.500000000000007 43.500000000000007 2.5000000000000004 18.500000000000004 92.500000000000014 31.500000000000004 58.500000000000007 30.500000000000004 18.500000000000004
decision_type=8 8 10 10 2 10 10 10 8 10 10 10 10 10
left_child=1 -1 -2 4 -4 6 -5 8 9 -6 -11 12 -9 -14
right_child=2 -3 3 5 7 -7 -8 11 -10 10 -12 -13 13 -15
leaf_value=-0.0011836766216441171 -0.00027081363843729409 -0.010976286994961748 0.026173864975642648 0.0040568312976842352 0.015087305395805875 0.0006285105807447601 0.013184064999090948 0.013539996102693462 -0.015819659436034729 0.012375355961554733 -0.015198387327399698 -0.013848123020884879 -0.0011446203012034561 -0.014170086162399528
leaf_weight=981.51045641303062 35615.809664333239 557.11767177283764 99.058485360816121 1464.5832406692207 334.0024821087718 2665.3188594020903 1051.1414055265486 124.10636407881975 152.42856422811747 223.9269243106246 177.97853790223598 460.56825302541256 990.49067067727447 365.82960726693273
leaf_count=4118 166080 2448 602 6753 2279 12153 5350 546 731 1647 889 2269 5315 1709
internal_value=-2.32172e-05 -0.00477744 0.000145131 0.00197 -0.0019257 0.00417137 0.00790755 -0.00299822 0.00295932 0.00700895 9.2153e-05 -0.00572601 -0.00312321 -0.00473587
internal_weight=45263.9 1538.63 43725.2 8109.43 2928.39 5181.04 2515.72 2829.33 888.337 735.908 401.905 1940.99 1480.43 1356.32
internal_count=212889 6566 206323 40243 15987 24256 12103 15385 5546 4815 2536 9839 7570 7024
is_linear=0
shrinkage=0.03


Tree=278
num_leaves=15
num_cat=0
split_feature=233 230 226 70 53 106 146 249 238 29 52 248 189 57
split_gain=37.4072 48.4627 83.7756 68.6908 67.8732 66.0907 65.3619 69.9263 69.35 72.3194 62.4223 58.0312 48.8936 42.6394
threshold=68.500000000000014 24.500000000000004 15.500000000000002 66.500000000000014 10.500000000000002 33.500000000000007 98.500000000000014 0.83333334326744091 -0.07696926966309546 11.500000000000002 50.500000000000007 0.39898990094661718 14.500000000000002 21.500000000000004
decision_type=10 10 10 10 10 10 10 2 10 10 10 2 10 10
left_child=-1 2 6 5 -3 13 8 -8 12 -10 11 -5 -2 -4
right_child=1 4 3 10 -6 -7 7 -9 9 -11 -12 -13 -14 -15
leaf_value=-0.00059983225362409548 -0.0034654387283592214 0.0097487929992548135 -0.013895587109572172 0.0015105251921757794 0.0017471465349777732 0.0052029489661802875 -0.011746500259804626 0.014976192098016703 -0.01208378916088005 0.0052838852002369376 0.0015101031292227654 -0.028563091008386485 0.0066606663860536057 -0.0029074636907608338
leaf_weight=30367.089493555948 493.31934737786651 1142.3600332476199 392.07629368081689 73.213864505290985 5586.3154220841825 759.64381644129753 494.7924525141716 97.808815957978368 467.20551593601704 385.87329523265362 147.68752585351467 247.21031961590052 3029.6756655350327 1558.7194273471832
leaf_count=141622 2493 5327 1714 317 24612 3609 2981 820 2067 1728 656 1107 16492 7256
internal_value=3.89682e-06 0.0012359 -0.000320477 -0.00411678 0.00311808 -0.00225833 0.00211148 -0.00716059 0.00338055 -0.00425767 -0.0146052 -0.0218538 0.00523693 -0.00517549
internal_weight=45243 14875.9 8147.23 3178.55 6728.68 2710.44 4968.68 592.601 4376.07 853.079 468.112 320.424 3523 1950.8
internal_count=212801 71179 41240 14659 29939 12579 26581 3801 22780 3795 2080 1424 18985 8970
is_linear=0
shrinkage=0.03


Tree=279
num_leaves=15
num_cat=0
split_feature=150 209 57 147 230 243 228 245 244 250 245 243 230 230
split_gain=36.1329 53.9042 39.5004 61.716 47.6142 45.7868 100.417 62.4146 94.9201 75.4752 62.1588 60.7503 56.4985 56.0192
threshold=62.500000000000007 79.500000000000014 64.500000000000014 84.500000000000014 69.500000000000014 -0.021186019293963906 87.500000000000014 -0.065537463873624788 0.01097327843308449 4.4604999857256196e-05 -0.060596039518713944 -0.013895625248551367 69.500000000000014 24.500000000000004
decision_type=8 10 8 10 8 2 10 2 2 2 2 2 8 10
left_child=1 2 5 4 -4 6 13 8 -7 -10 11 -9 -8 -1
right_child=-2 -3 3 -5 -6 7 12 10 9 -11 -12 -13 -14 -15
leaf_value=-0.00057263276697804607 -0.0012994282949000649 -0.0034516890893255994 0.0022495957316089241 -0.0027291754163422709 0.0074246714595291004 -0.024113348515176155 -0.035637712554637303 0.026458837292141459 -0.013106484534636932 0.013743565719001614 -0.0015522833654284941 -0.0059382064465884933 -0.0070316344682735087 0.0033668959129878554
leaf_weight=5974.1653000116348 11594.533170621842 2658.4182099346071 7629.1840389072895 1779.1616369858384 2020.7133800573647 265.1035214215517 81.542514517903328 131.72176752984524 193.19327820837498 165.71552995592356 5490.7985770776868 77.432578824460506 215.27279390767217 7103.8452951982617
leaf_count=29390 55131 11920 37508 8483 10151 1158 340 584 910 835 23631 355 1098 31963
internal_value=0.000144921 0.000640821 0.000991331 0.00239351 0.00333983 0.000176997 0.00117136 -0.00192455 -0.0108545 -0.000672772 -0.000929639 0.0147412 -0.0157958 0.00156822
internal_weight=45380.8 33786.3 31127.9 11429.1 9649.9 19698.8 13374.8 6323.97 624.012 358.909 5699.95 209.154 296.815 13078
internal_count=213457 158326 146406 56142 47659 90264 62791 27473 2903 1745 24570 939 1438 61353
is_linear=0
shrinkage=0.03


Tree=280
num_leaves=15
num_cat=0
split_feature=245 101 233 232 245 248 56 178 171 232 106 64 147 148
split_gain=41.2115 37.7844 51.7247 50.1592 50.3372 49.9731 49.5141 79.5661 67.892 57.1341 63.2248 55.943 61.472 56.7377
threshold=-0.20662932842969892 3.5000000000000004 59.500000000000007 17.500000000000004 -0.12887622416019437 0.81313130259513866 35.500000000000007 9.5000000000000018 28.500000000000004 82.500000000000014 87.500000000000014 38.500000000000007 90.500000000000014 92.500000000000014
decision_type=2 8 10 10 2 2 10 8 10 10 10 8 10 10
left_child=-1 2 3 -2 -5 -4 9 -8 -9 -3 -11 -10 13 -13
right_child=1 6 5 4 -6 -7 7 8 11 10 -12 12 -14 -15
leaf_value=0.01456158742318338 0.003743595622223287 0.00052766249525441292 -0.0019342943384863017 0.0051704043107219681 -0.0091547436845934426 0.0083139487176300993 -0.0059616980515617927 -0.0029907241259276079 0.0039878876232677394 0.00569179688251812 -0.010487344925400341 0.00014633727709705149 -0.0048358061782307468 0.0081910470321944606
leaf_weight=163.87171872891486 427.82062632218003 13304.877692952752 1627.8798689842224 244.17023197934031 1839.8225868195295 569.93077786639333 2297.3142463155091 5400.8631631918252 3952.876537553966 3541.7043637782335 222.51106111705303 8798.5445635095239 2053.6893747225404 856.80210692435503
leaf_count=2544 1911 62897 7644 1557 8206 3105 10573 23975 17687 18107 1076 40440 9407 3939
internal_value=-1.5852e-05 -7.19874e-05 -0.00261209 -0.00554421 -0.00745967 0.000748874 0.000224484 -0.000672867 -9.34599e-05 0.00145224 0.00471016 0.000906905 -0.000135725 0.00086795
internal_weight=45302.7 45138.8 4709.62 2511.81 2083.99 2197.81 40429.2 23360.1 21062.8 17069.1 3764.22 15661.9 11709 9655.35
internal_count=213068 210524 22423 11674 9763 10749 188101 106021 95448 82080 19183 71473 53786 44379
is_linear=0
shrinkage=0.03


Tree=281
num_leaves=15
num_cat=0
split_feature=226 12 229 244 231 229 245 222 245 248 117 88 244 245
split_gain=38.0749 39.679 42.1039 35.8791 149.343 77.4194 112.052 79.1013 82.3279 72.0451 68.4183 52.489 49.3212 59.8585
threshold=99.500000000000014 3.5000000000000004 94.500000000000014 0.0019962895894423132 75.500000000000014 15.500000000000002 -0.063415564596652971 1.5000000000000002 -0.077380996197462068 0.57070705294609081 87.500000000000014 2.5000000000000004 0.0022630345774814491 -0.053785393014550202
decision_type=10 10 10 2 10 8 2 10 2 2 8 10 2 2
left_child=3 -2 -3 4 5 7 10 -1 11 -10 -7 -9 13 -5
right_child=1 2 -4 12 -6 6 -8 8 9 -11 -12 -13 -14 -15
leaf_value=-0.029660644269867489 -0.025869327314820809 -0.012939565942824124 0.0031861991432176615 0.017678422530883042 0.016082098452364729 -0.027465229713157357 -0.0027894255280554252 0.013575093170930953 -0.003680446466766853 0.027604390676727677 0.0047333749260824757 -0.022699801245238783 0.00012488989059034904 -0.010049954388565289
leaf_weight=52.062274690717459 79.166808180510998 258.56417126953602 311.82007897272706 278.14365997165442 266.12228814512491 411.19197724759579 506.40450409054756 45.453332811594009 101.67421653866768 169.36531607806683 66.018198683857918 99.319965802133083 42519.719503669068 85.312895253300667
leaf_count=227 397 1135 1555 1323 1512 1791 2106 231 432 757 340 455 200337 368
internal_value=-5.6259e-05 -0.00721158 -0.00422086 4.95419e-05 -0.00418929 -0.00799054 -0.0127301 0.00203127 0.00660267 0.0161552 -0.0230051 -0.0111696 0.000220258 0.011075
internal_weight=45250.3 649.551 570.384 44600.8 1717.61 1451.49 983.615 467.875 415.813 271.04 477.21 144.773 42883.2 363.457
internal_count=212966 3087 2690 209879 7851 6339 4237 2102 1875 1189 2131 686 202028 1691
is_linear=0
shrinkage=0.03


Tree=282
num_leaves=15
num_cat=0
split_feature=171 80 29 225 138 226 226 146 147 215 28 10 118 83
split_gain=44.3436 50.4094 71.9321 67.7109 49.8847 49.2784 56.7709 56.3159 60.686 54.6121 54.6212 84.7764 60.5971 49.33
threshold=28.500000000000004 10.500000000000002 9.5000000000000018 74.500000000000014 16.500000000000004 80.500000000000014 4.5000000000000009 99.500000000000014 69.500000000000014 86.500000000000014 1.5000000000000002 6.5000000000000009 88.500000000000014 6.5000000000000009
decision_type=8 8 8 10 8 10 8 10 10 10 10 10 10 10
left_child=5 4 3 -3 -2 6 7 -1 -9 10 12 -12 -8 -13
right_child=1 2 -4 -5 -6 -7 9 8 -10 -11 11 13 -14 -15
leaf_value=0.0038289573277974797 0.0015022423873627493 -0.002451436420826434 0.00098334520596388944 -0.017089525119921099 0.0091509848136704392 0.0029908236134825288 -0.01108434241764141 0.0013549059230039844 -0.025099126870703637 -0.0096523235399261116 0.0053757533745264234 0.0014718087759343584 0.0029707277428059429 -0.0033737340952903058
leaf_weight=2459.0755066387355 2106.8214851170778 2557.5738658308983 19838.056591298431 310.8128347992897 1201.6156301442534 2369.7074969671667 1052.6111302785575 187.59584983065724 122.48624936491251 864.85037384554744 1510.735695540905 2482.3425662107766 368.08621165901423 7861.6482797265053
leaf_count=13690 10914 12061 91428 1424 6377 11126 5057 1587 733 3716 7214 11059 2187 34620
internal_value=3.77202e-05 0.000845659 0.000340754 -0.00409145 0.00429945 -0.00105237 -0.00162042 0.00230157 -0.00955244 -0.00238956 -0.00190951 -0.0012401 -0.00744753 -0.00221061
internal_weight=45294 26014.9 22706.4 2868.39 3308.44 19279.1 16909.4 2769.16 310.082 14140.3 13275.4 11854.7 1420.7 10344
internal_count=213193 122204 104913 13485 17291 90989 79863 16010 2320 63853 60137 52893 7244 45679
is_linear=0
shrinkage=0.03


Tree=283
num_leaves=15
num_cat=0
split_feature=242 37 226 77 249 146 224 248 149 126 238 151 246 248
split_gain=42.9183 62.6989 46.2435 44.683 67.2382 47.4227 43.4259 63.5154 35.1583 33.4439 32.2846 31.9219 45.4719 91.218
threshold=0.04368813335895539 7.5000000000000009 99.500000000000014 2.5000000000000004 0.91414141654968273 26.500000000000004 4.5000000000000009 0.80303028225898754 77.500000000000014 12.500000000000002 -0.27219408750534052 4.5000000000000009 0.0067648140247911224 0.69191917777061474
decision_type=8 8 8 10 2 10 10 2 10 8 10 10 2 2
left_child=2 -2 3 5 11 -1 7 10 -8 -3 -7 -5 13 -13
right_child=1 9 -4 4 -6 6 8 -9 -10 -11 -12 12 -14 -15
leaf_value=0.0079666723139649176 0.016927231297034596 -0.0063566915138546058 -0.0070339933099135485 -0.0025584763756151437 0.016307678740918541 0.012523806861904406 -0.011692246148630769 0.017565987626713877 -0.0025755362769167281 0.0031884109208199294 -0.012371031246683184 0.0097616723241129248 -2.2824256094870157e-05 -0.003263568235814572
leaf_weight=242.9751250743866 266.35827575996518 369.60435057803988 898.0217691808939 4068.6158411819488 217.54138535261154 52.82314726524055 947.53084408119321 152.49181674420834 643.59256279096007 2562.5078353695571 185.65422426909208 1213.2288355752826 32617.808801881969 794.0369707159698
leaf_count=1061 1940 1828 4285 18579 1464 533 4300 1403 3138 14700 993 5342 149622 3659
internal_value=-8.21169e-05 0.00326235 -0.000337319 -0.000189454 4.74716e-05 -0.00431441 -0.00585232 0.0030443 -0.00804375 0.0019677 -0.00657468 -4.81354e-05 0.000247495 0.00461849
internal_weight=45232.8 3198.47 42034.3 41136.3 38911.2 2225.07 1982.09 390.969 1591.12 2932.11 238.477 38693.7 34625.1 2007.27
internal_count=212847 18468 194379 190094 178666 11428 10367 2929 7438 16528 1526 177202 158623 9001
is_linear=0
shrinkage=0.03


Tree=284
num_leaves=15
num_cat=0
split_feature=190 194 231 249 228 249 245 231 228 130 171 189 4 157
split_gain=39.6939 45.0178 45.0193 98.7492 82.9878 65.4921 53.1717 46.8503 62.098 56.1685 44.7191 43.73 43.1467 42.5757
threshold=91.500000000000014 22.500000000000004 99.500000000000014 0.83333334326744091 8.5000000000000018 0.57070705294609081 -0.04498357139527797 97.500000000000014 1.5000000000000002 9.5000000000000018 86.500000000000014 46.500000000000007 2.5000000000000004 73.500000000000014
decision_type=10 8 10 2 8 2 2 10 10 10 10 8 10 10
left_child=1 -1 7 4 12 6 -6 9 -9 -3 -10 -11 -4 -7
right_child=-2 2 3 -5 5 13 -8 8 10 11 -12 -13 -14 -15
leaf_value=0.0012967677121389686 0.0039689773985316628 -0.0032600387739264119 -0.0025315542880598538 0.019005227518602365 0.013319667102685109 -0.025400639567948764 -0.012637056912837702 -0.021591621323645022 0.012375041165029608 -0.0015618186503772976 -0.010719238389846984 0.0010414392416108215 -0.023322847101027756 0.0086977253045321962
leaf_weight=11321.886942183599 2015.2216372415423 6836.3661711253226 120.57611736282706 109.87901470810175 248.53292591869831 114.46635136380792 89.026313692331314 53.92345368117094 578.61571502685547 10847.671367775649 78.754424389451742 12475.987462412566 375.30820463225245 39.120409242808819
leaf_count=54297 10184 34329 844 844 1310 621 390 370 3096 47576 403 56946 1800 202
internal_value=-0.000136138 -0.00032811 -0.000903803 -0.00684865 -0.00988853 -0.00108176 0.00630733 -0.000690423 0.00686621 -0.000870856 0.00948913 -0.000169468 -0.0184173 -0.0167146
internal_weight=45305.3 43290.1 31968.2 1096.91 987.03 491.146 337.559 30871.3 711.294 30160 657.37 23323.7 495.884 153.587
internal_count=213212 203028 148731 6011 5167 2523 1700 142720 3869 138851 3499 104522 2644 823
is_linear=0
shrinkage=0.03


Tree=285
num_leaves=15
num_cat=0
split_feature=147 29 121 189 29 222 7 238 120 24 250 81 120 248
split_gain=42.6214 51.5786 43.9406 41.5911 35.4844 70.9757 74.3568 53.4583 52.6442 66.7644 56.9003 56.8186 56.6829 52.4982
threshold=94.500000000000014 99.500000000000014 57.500000000000007 80.500000000000014 10.500000000000002 43.500000000000007 2.5000000000000004 -0.088368762284517274 98.500000000000014 17.500000000000004 9.9805001809727414e-05 63.500000000000007 16.500000000000004 0.88383838534355175
decision_type=10 8 10 10 8 10 10 10 10 8 2 8 8 2
left_child=4 2 3 -2 5 6 -1 13 9 10 -6 -11 -13 -8
right_child=1 -3 -4 -5 8 -7 7 -9 -10 11 -12 12 -14 -15
leaf_value=0.0027460860795253542 -0.0034831084084273028 0.010129738656879331 -0.007390062102281064 0.0098140783934910387 0.0060933190293259 0.0035906117441296664 -0.0018174322220977611 -0.0092467232711093347 0.0049434819975614471 -0.00091792826803885254 -0.0031219668461615556 0.0078645563430015664 0.00085311953034906051 -0.015409273660766859
leaf_weight=1759.2096948232502 702.95381404086947 222.96547118574381 1781.6640408411622 291.13734989240766 2879.0186018720269 2060.2970728576183 4259.9427771419287 1452.8737599477172 2438.5841591060162 20317.346358601004 755.37879133224487 1319.2205126844347 4746.1163597032428 262.47964644804597
leaf_count=11606 3072 1206 8155 1321 13366 9856 20912 6277 13434 89525 3488 6109 23349 1306
internal_value=-9.53092e-06 -0.00345946 -0.00458347 0.000470167 0.000236088 -0.00134565 -0.00266349 -0.00425807 0.000713707 0.000368549 0.00417469 -0.000157156 0.00238855 -0.00263855
internal_weight=45249.2 2998.72 2775.76 994.091 42250.5 9794.8 7734.51 5975.3 32455.7 30017.1 3634.4 26382.7 6065.34 4522.42
internal_count=212982 13754 12548 4393 199228 49957 40101 28495 149271 135837 16854 118983 29458 22218
is_linear=0
shrinkage=0.03


Tree=286
num_leaves=15
num_cat=0
split_feature=233 56 106 23 193 76 230 229 110 248 246 229 242 229
split_gain=38.7894 57.2234 54.5653 39.0154 34.8499 68.6434 56.9068 121.705 115.601 78.2466 80.9376 76.0854 72.8316 72.5837
threshold=99.500000000000014 40.500000000000007 82.500000000000014 12.500000000000002 72.500000000000014 81.500000000000014 71.500000000000014 35.500000000000007 21.500000000000004 0.49999998509883886 0.0081449234858155268 48.500000000000007 0.016768259927630428 58.500000000000007
decision_type=10 10 10 10 8 10 10 8 8 2 2 10 10 10
left_child=4 2 -2 -3 5 -1 7 12 13 11 -11 -8 -6 -9
right_child=1 3 -4 -5 6 -7 9 8 -10 10 -12 -13 -14 -15
leaf_value=-0.0018801337481200951 0.0099659565804636144 -0.014047209217658342 -0.015435320903924065 0.0017525756459539777 -0.0043653514438157567 0.0018693498772118515 0.02309175529192365 -0.013050206086470454 -0.0008499391728139427 -0.0056183361295051174 0.011313869494187358 5.497399556833791e-05 0.0033282602736862087 0.0034383040925772611
leaf_weight=18768.641768794507 1079.2606809400022 185.1803341396153 73.035202823579311 497.22130167111754 1325.0335695818067 5728.0959014184773 123.59317311644554 1413.3682675734162 3715.7696994692087 300.24933101981878 1471.9624797292054 3781.3728398084641 6508.3007344622165 284.69453470408916
leaf_count=84675 5942 900 350 2225 5666 29725 542 6151 17568 1392 8163 17275 31020 1417
internal_value=-7.51956e-05 0.00418554 0.00823702 -0.0026759 -0.000256149 -0.00100298 0.000710614 -0.000366743 -0.00382178 0.00322075 0.00842978 0.000841215 0.00202295 -0.0102818
internal_weight=45255.8 1834.7 1152.3 682.402 43421.1 24496.7 18924.3 13247.2 5413.83 5677.18 1772.21 3904.97 7833.33 1698.06
internal_count=213011 9417 6292 3125 203594 114400 89194 61822 25136 27372 9555 17817 36686 7568
is_linear=0
shrinkage=0.03


Tree=287
num_leaves=15
num_cat=0
split_feature=101 164 77 249 246 244 243 58 243 224 226 226 91 249
split_gain=35.3138 39.5082 45.327 37.3914 40.0166 45.9861 45.6752 42.2259 94.8172 84.4965 98.3736 95.5809 75.2876 59.126
threshold=1.0000000180025095e-35 51.500000000000007 2.5000000000000004 0.91414141654968273 0.20274399220943454 0.089284386485815062 -0.073554866015911088 35.500000000000007 -0.029753569513559338 32.500000000000007 9.5000000000000018 30.500000000000004 20.500000000000004 0.055555555969476707
decision_type=8 10 8 2 2 2 2 8 2 8 8 10 10 2
left_child=-1 2 -2 4 5 7 -6 8 12 10 -10 -11 -4 -13
right_child=1 -3 3 -5 6 -7 -8 -9 9 11 -12 13 -14 -15
leaf_value=-0.0049663777332523132 -0.0073035896933907789 0.0011243365346220874 0.0062112390762091548 0.013095580432420633 0.01070588403273926 0.010337339334710923 -0.022952325267138744 -0.0016603399999418427 0.018471802646180334 -0.011393662721636649 0.0043239168557859566 0.012414605950166016 -0.0039189538365568405 -0.00024599239503081887
leaf_weight=1223.8123523592949 882.24481318891048 20927.061748398468 799.81033178791404 173.06071751564741 42.31739866733551 343.05659999325871 129.57137278839946 12971.878184724599 607.88718420267105 502.00146905332804 1590.0193644016981 461.91442016512156 3578.0979092530906 1118.3042654283345
leaf_count=6226 4329 99210 4027 1091 283 2299 726 59081 3102 2225 6967 1941 17002 5012
internal_value=3.95285e-05 0.000179455 -0.000672967 -0.000407699 -0.00051909 -0.000402902 -0.014533 -0.000577944 0.0010438 0.00421418 0.00830282 -0.000120683 -0.00205831 0.00350963
internal_weight=45351 44127.2 23200.2 22317.9 22144.9 21973 171.889 21629.9 8658.03 4280.13 2197.91 2082.22 4377.91 1580.22
internal_count=213521 207295 108085 103756 102665 101656 1009 99357 40276 19247 10069 9178 21029 6953
is_linear=0
shrinkage=0.03


Tree=288
num_leaves=15
num_cat=0
split_feature=151 246 248 229 245 229 222 229 248 249 143 15 245 230
split_gain=36.7017 51.6544 112.091 70.4409 102.997 79.908 75.3279 81.1873 65.5615 75.0178 83.2798 51.4269 46.5097 62.3652
threshold=3.5000000000000004 0.0067648140247911224 0.69191917777061474 19.500000000000004 -0.090126395225524888 10.500000000000002 17.500000000000004 33.500000000000007 0.54040405154228222 0.055555555969476707 72.500000000000014 33.500000000000007 -0.050785928964614861 53.500000000000007
decision_type=8 2 2 10 2 10 10 10 2 2 10 8 2 10
left_child=-1 2 8 5 6 11 7 -5 12 10 -10 -4 13 -2
right_child=1 -3 3 4 -6 -7 -8 -9 9 -11 -12 -13 -14 -15
leaf_value=-0.0027896774300207486 0.0054272148802591942 9.0584138616181981e-05 -0.013654566477884518 -0.030388757645056441 -0.018391616061062967 0.02432232526622095 0.033934190036190977 0.019853381411404532 0.026951194058013578 -0.014171398309596479 0.0017669411476807478 0.014473387035837922 0.0094654452201627555 -0.023567616027727056
leaf_weight=3644.7086500357836 161.88947578519583 39358.207258114591 157.24976276792586 49.952481433749199 386.36217427253723 132.81145142763853 59.086346544325352 46.556105405092239 427.97615828365088 56.416578762233257 163.85881604999304 80.415511131286621 463.33130174875259 100.32090264558792
leaf_count=16973 694 185937 844 225 1634 621 322 229 1968 268 825 380 1945 425
internal_value=9.28894e-05 0.00034578 0.00471954 -0.00341054 -0.0102262 0.0065665 0.00993592 -0.00656333 0.0101049 0.0169691 0.0201238 -0.00393719 0.00382463 -0.00612438
internal_weight=45289.1 41644.4 2286.23 912.434 541.957 370.477 155.595 96.5086 1373.79 648.252 591.835 237.665 725.542 262.21
internal_count=213290 196317 10380 4255 2410 1845 776 454 6125 3061 2793 1224 3064 1119
is_linear=0
shrinkage=0.03


Tree=289
num_leaves=15
num_cat=0
split_feature=245 140 244 71 75 130 228 230 243 244 243 244 177 146
split_gain=33.1253 31.5466 72.8989 56.3876 55.7414 61.1762 54.3203 108.303 96.7296 115.606 109.373 87.3496 80.7413 80.3089
threshold=-0.26005084812641138 19.500000000000004 0.012283191084861757 29.500000000000004 70.500000000000014 10.500000000000002 3.5000000000000004 11.500000000000002 -0.048309301957488053 0.015232946723699571 -0.074706334620714174 0.0061309796292334804 16.500000000000004 11.500000000000002
decision_type=2 10 2 10 10 10 8 8 2 2 2 2 8 8
left_child=-1 3 4 6 -3 -6 11 -8 10 13 -9 -2 -11 -10
right_child=1 2 -4 -5 5 -7 7 8 9 12 -12 -13 -14 -15
leaf_value=0.02266100837533503 0.0050270594935566465 0.0013476659389971609 -0.00056268064374377343 -0.0035568455533016344 0.0001889812831116262 0.009351943148915548 0.0066909465124371376 -0.008779252925623586 0.0037527234696375041 0.0092769949199848212 0.012537711994452323 -0.0087121978802791305 -0.0027860851903738714 -0.0093921516498532316
leaf_weight=48.811116956174374 608.64403020963073 9795.2007499746978 17479.661374501884 5084.3117283955216 1016.110190667212 1841.3560618124902 2416.8653526902199 284.28276275098324 513.24270978569984 902.73044808954 826.64084758609533 1273.3399050422013 1095.0459566041827 2144.7978198304772
leaf_count=837 3205 43692 84098 22582 5025 8334 11921 1944 2133 4076 4253 6994 5319 9130
internal_value=0.000160584 0.000131333 0.000692738 -0.000984992 0.00242617 0.00610563 0.000316338 0.001374 -0.000862074 -0.00276178 0.00705309 -0.00426576 0.00268389 -0.00684945
internal_weight=45331 45282.2 30132.3 15149.9 12652.7 2857.47 10065.6 8183.61 5766.74 4655.82 1110.92 1881.98 1997.78 2658.04
internal_count=213543 212706 141149 71557 57051 13359 48975 38776 26855 20658 6197 10199 9395 11263
is_linear=0
shrinkage=0.03


Tree=290
num_leaves=15
num_cat=0
split_feature=226 165 195 120 226 231 224 143 62 194 68 244 37 244
split_gain=37.74 36.9135 44.1125 55.7868 108.648 63.2848 69.3801 60.6874 58.7642 63.7098 56.938 52.0848 51.1877 46.4643
threshold=99.500000000000014 5.5000000000000009 38.500000000000007 90.500000000000014 66.500000000000014 92.500000000000014 2.5000000000000004 41.500000000000007 1.0000000180025095e-35 21.500000000000004 66.500000000000014 0.018007013015449051 17.500000000000004 0.040271997451782234
decision_type=10 8 10 10 10 10 10 10 8 8 10 2 8 2
left_child=1 -1 3 8 5 6 -5 12 9 -3 -6 -7 -8 -11
right_child=-2 2 -4 4 10 11 7 -9 -10 13 -12 -13 -14 -15
leaf_value=-0.0036945696001414994 -0.0072493595370858484 0.0021068353916589171 0.0015266007884443321 0.012053527989683765 0.018498321540697506 0.0055808284743641308 -0.027238579172993351 0.0017419290295723818 -0.00084976113223817851 -0.015469808428434024 0.0032302336978218076 -0.0084266007177615978 0.0045137785771789231 0.012522292105981847
leaf_weight=2336.429383892566 651.75721205770969 363.54380702786148 14290.108622044325 558.91804138384759 487.07907493412495 303.04462044686079 113.84342648461461 2687.3634749017656 21249.123797014356 647.87416118755937 403.16984751448035 1023.7984249759465 68.428187243640423 50.723037764430046
leaf_count=10531 3087 1743 67706 3739 2784 1705 564 13416 95787 2957 2236 6152 338 260
internal_value=-0.000137663 -3.20964e-05 0.000171279 -0.000521788 0.00213984 0.000329965 0.00248266 0.000583166 -0.00119594 -0.00804913 0.0116965 -0.00520956 -0.0157034 -0.0132893
internal_weight=45235.2 44583.4 42247 27956.9 5645.65 4755.4 3428.55 2869.64 22311.3 1062.14 890.249 1326.84 182.272 698.597
internal_count=213005 209918 199387 131681 30934 25914 18057 14318 100747 4960 5020 7857 902 3217
is_linear=0
shrinkage=0.03


Tree=291
num_leaves=15
num_cat=0
split_feature=194 29 190 231 28 34 249 231 52 115 16 231 165 243
split_gain=36.0943 61.2568 52.6152 44.8824 53.9934 38.7608 57.0963 71.7932 54.1648 54.4317 44.0105 43.5876 39.2301 38.6333
threshold=30.500000000000004 inf 10.500000000000002 3.5000000000000004 4.5000000000000009 35.500000000000007 0.55050507187843334 80.500000000000014 47.500000000000007 30.500000000000004 7.5000000000000009 25.500000000000004 50.500000000000007 -0.040862353518605225
decision_type=10 8 10 8 10 10 2 10 10 10 10 10 10 2
left_child=3 2 5 4 -1 6 7 8 9 10 -2 -12 13 -7
right_child=1 -3 -4 -5 -6 12 -8 -9 -10 -11 11 -13 -14 -15
leaf_value=-0.023239371086168373 -0.015522595802723776 0.010458319564115966 -0.00035462053989342569 0.001168605734569607 -0.0023748059798691379 -0.015669391825931866 -0.021831035236350913 0.0061393511810943812 9.4282184850298672e-05 -0.020682164511792153 -0.015924310624385915 0.0041566628036991682 0.0068780198132046867 0.00065900804782726655
leaf_weight=129.17230333387852 304.94037447869778 419.54012697190046 18434.44129332155 22389.779471125454 578.88823992013931 185.56893069297075 193.19419336691499 404.36273521184921 536.34676478803158 376.18088961392641 121.59050312638283 363.56612502038479 455.93346856534481 389.15712209418416
leaf_count=623 1551 2574 83629 107495 2515 953 1096 2307 2377 1668 516 1785 2338 1854
internal_value=0.000102435 -0.000761627 -0.000982602 0.000932313 -0.00645178 -0.00444668 -0.00660509 -0.00511246 -0.00780494 -0.0114075 -0.00678842 -0.00109602 0.000387544 -0.00479096
internal_weight=45282.7 22184.8 21765.3 23097.8 708.061 3330.84 2300.18 2106.99 1702.62 1166.28 790.097 485.157 1030.66 574.726
internal_count=213281 102648 100074 110633 3138 16445 11300 10204 7897 5520 3852 2301 5145 2807
is_linear=0
shrinkage=0.03


Tree=292
num_leaves=15
num_cat=0
split_feature=68 7 135 222 106 70 245 66 64 228 243 144 228 242
split_gain=37.1042 67.83 81.4351 68.8675 55.0841 53.7598 51.3631 48.0699 84.4429 53.9066 70.567 55.3415 51.5664 45.8823
threshold=18.500000000000004 4.5000000000000009 59.500000000000007 47.500000000000007 81.500000000000014 11.500000000000002 -0.089213922619819627 76.500000000000014 94.500000000000014 93.500000000000014 -0.020365168340504166 80.500000000000014 16.500000000000004 0.019971331581473354
decision_type=8 10 10 10 10 8 2 10 10 10 2 10 10 8
left_child=1 4 3 13 -1 -2 -4 8 9 11 -11 -7 -10 -3
right_child=5 2 6 -5 -6 7 -8 -9 12 10 -12 -13 -14 -15
leaf_value=0.0028517027184727316 0.004019593532814226 -0.0060508771552932493 0.0083972920478978114 0.0038556833032563176 -0.0090479590645164663 -0.00055422559437103773 -0.023686424450359962 0.0023348855870777619 0.0039811761405241283 -0.019226372997069124 -0.00022694383106211812 0.0033089829375018841 -0.0078533618716068437 -0.0014343093475141417
leaf_weight=3940.7956419829279 3507.0366708002985 3239.8110250607133 49.385605338960886 1417.6202634572983 374.42298043891788 13673.273434381932 240.18975453823805 6509.1382283233106 390.39387385547161 285.83900179713964 434.70903508365154 4404.0151635631919 1998.7539827898145 4819.5607558432966
leaf_count=22809 15986 13966 273 6627 1937 61159 1040 32163 1850 1289 1888 19759 9003 23643
internal_value=-5.11205e-05 -0.00132886 -0.00271202 -0.00222271 0.00180066 0.000525756 -0.0181171 8.2056e-05 -0.000610841 6.55815e-05 -0.00792396 0.000388244 -0.00591103 -0.00329534
internal_weight=45284.9 14081.8 9766.57 9476.99 4315.22 31203.2 289.575 27696.1 21187 18797.8 720.548 18077.3 2389.15 8059.37
internal_count=213392 70295 45549 44236 24746 143097 1313 127111 94948 84095 3177 80918 10853 37609
is_linear=0
shrinkage=0.03


Tree=293
num_leaves=15
num_cat=0
split_feature=240 68 137 229 226 222 230 226 245 245 226 105 226 64
split_gain=38.2098 32.2835 79.6687 82.7554 67.3281 101.918 104.095 92.3223 73.2087 60.9429 60.7199 59.671 76.2029 84.6007
threshold=0.099974397569894805 18.500000000000004 90.500000000000014 4.5000000000000009 3.5000000000000004 40.500000000000007 14.500000000000002 6.5000000000000009 -0.06926312297582625 -0.04498357139527797 21.500000000000004 33.500000000000007 44.500000000000007 33.500000000000007
decision_type=8 8 10 10 10 10 10 10 2 2 10 8 10 8
left_child=1 2 4 -4 -1 -6 9 -8 10 -7 -9 12 13 -3
right_child=-2 11 3 -5 5 6 7 8 -10 -11 -12 -13 -14 -15
leaf_value=0.003140696874839667 0.010785146722740956 0.0056977292254175929 0.0022911454093871011 -0.019498476604136391 -0.0035102585339088677 0.021894421555563925 -0.032603167107666003 -0.017232814828591604 -0.0015735249305262762 0.0016856227438697545 0.02098110800104451 -0.00029972950988658119 0.0063521016561785592 -0.0032088791032924887
leaf_weight=3004.2779987044632 281.21756323799491 1522.6413234360516 246.74533131532371 411.64122398197651 8115.4883152879775 363.37907148897648 65.272351585328579 36.461309492588043 1301.083269149065 212.52686166018248 232.16813838854432 23839.415083300322 3103.6356925480068 2558.1371059641242
leaf_count=17765 1721 7285 1775 1964 37823 1957 294 174 5659 969 1310 109102 13905 11678
internal_value=-4.66462e-05 -0.000116698 -0.00131263 -0.0114202 -0.000805242 -0.00195517 0.00374317 -0.000143979 0.00140359 0.0145928 0.015362 0.000422812 0.00281744 0.000120205
internal_weight=45294.1 45012.9 13989 658.387 13330.7 10326.4 2210.89 1634.99 1569.71 575.906 268.629 31023.8 7184.41 4080.78
internal_count=213381 211660 69690 3739 65951 48186 10363 7437 7143 2926 1484 141970 32868 18963
is_linear=0
shrinkage=0.03


Tree=294
num_leaves=15
num_cat=0
split_feature=69 140 7 230 231 244 246 165 224 38 224 230 231 231
split_gain=38.7197 44.2702 75.7861 43.2004 44.568 42.4869 41.7726 40.6039 39.5269 39.4308 56.772 61.6392 63.0165 83.6405
threshold=8.5000000000000018 4.5000000000000009 9.5000000000000018 5.5000000000000009 26.500000000000004 0.010686062276363375 0.0021969869267195468 38.500000000000007 9.5000000000000018 10.500000000000002 2.5000000000000004 24.500000000000004 71.500000000000014 97.500000000000014
decision_type=8 8 10 10 10 2 2 10 10 10 10 10 10 10
left_child=6 2 -2 -4 -5 -6 -1 -7 -9 10 -3 12 -12 -14
right_child=1 9 3 4 5 7 -8 8 -10 -11 11 -13 13 -15
leaf_value=-0.021397390367946786 0.0030167988082842449 0.0024871677685257133 0.00039188483696142823 -0.002124165158165697 -0.017462611688180096 -0.017531888372834363 0.0019678559931651327 -0.023508687784675415 0.0030232233125838991 0.00037050661925643963 -0.0030667438404723114 -0.00027373214844604181 -0.019162511427649395 0.0017428789718919337
leaf_weight=59.462309837341309 1067.7089932784438 1453.7260603737086 605.34596586599946 602.05757503211498 634.62158962339163 180.35095432400703 8862.5454895719886 48.726039007306099 352.69038836658001 27733.644142307341 1043.9116051308811 1663.9679370522499 672.47262641415 228.28440356999636
leaf_count=270 5370 9406 2854 2536 2691 790 43249 211 1586 126431 5262 7770 3333 1296
internal_value=1.88996e-05 -0.000416529 -0.00362296 -0.00654823 -0.00884805 -0.0121316 0.00178835 -0.00611945 -0.000690488 -7.41678e-05 -0.0025062 -0.00451907 -0.00813164 -0.0139034
internal_weight=45209.5 36287.5 3491.5 2423.79 1818.45 1216.39 8922.01 581.767 401.416 32796 5062.36 3608.64 1944.67 900.757
internal_count=213055 169536 16038 10668 7814 5278 43519 2587 1797 153498 27067 17661 9891 4629
is_linear=0
shrinkage=0.03


Tree=295
num_leaves=15
num_cat=0
split_feature=194 224 244 119 10 248 243 76 224 192 101 243 248 148
split_gain=34.1556 42.8424 45.6196 49.4276 59.7548 57.4678 76.5265 54.4808 56.4695 49.0189 44.2832 43.7409 42.8351 47.6593
threshold=22.500000000000004 37.500000000000007 0.036696642637252815 97.500000000000014 52.500000000000007 0.71212121844291698 -0.049386985599994652 82.500000000000014 16.500000000000004 79.500000000000014 12.500000000000002 -0.082624889910221086 0.60101011395454418 6.5000000000000009
decision_type=8 10 2 10 8 2 2 10 10 10 10 2 2 10
left_child=1 2 3 4 -1 9 -7 8 -8 -6 -3 -4 -12 -14
right_child=-2 10 11 -5 5 6 7 -9 -10 -11 12 -13 13 -15
leaf_value=0.005346982590208718 -0.0003853594295403428 -0.0069793948508035508 0.0077582263008892189 0.010630866816190456 -0.00080656767832494776 0.0072753455944097149 -0.030740107952641895 0.011254589904605594 -0.0045190828481258662 0.012639079426725847 -0.0013139673670245014 -0.0063516806251067738 0.025637178340524498 0.0037999924013072295
leaf_weight=3255.0546863358468 33921.855514649302 853.59517549723387 253.44284890592098 834.47721212171018 1274.3395333886147 162.24480716884136 200.90216844156384 47.108876720070839 119.85343697667122 291.53235524892807 2398.709626507014 789.45378725603223 94.486497778445482 688.23754083365202
leaf_count=15304 158736 3876 1958 5008 5653 758 873 207 544 1345 10665 4086 472 3401
internal_value=8.99765e-05 0.00152061 0.00290157 0.00387971 0.00280902 -0.00113909 -0.00957972 -0.0170094 -0.0213752 0.00176105 -0.000954332 -0.0028816 0.000679027 0.00672622
internal_weight=45185.3 11263.4 7228.41 6185.51 5351.04 2095.98 530.109 367.864 320.756 1565.87 4035.03 1042.9 3181.43 782.724
internal_count=212886 54150 35736 29692 24684 9380 2382 1624 1417 6998 18414 6044 14538 3873
is_linear=0
shrinkage=0.03


Tree=296
num_leaves=15
num_cat=0
split_feature=228 228 245 244 222 228 245 124 229 238 222 231 231 121
split_gain=38.1687 55.4594 55.7681 58.1784 44.8995 81.0693 109.688 72.6172 72.396 71.427 63.1937 75.1651 84.9352 80.1756
threshold=99.500000000000014 93.500000000000014 -0.065183110535144792 0.026764209382236007 59.500000000000007 9.5000000000000018 -0.044407408684492104 98.500000000000014 30.500000000000004 -0.27219408750534052 75.500000000000014 45.500000000000007 55.500000000000007 80.500000000000014
decision_type=10 10 2 2 10 8 2 10 8 10 10 10 10 10
left_child=1 4 -3 -4 9 -6 7 8 -7 -1 11 -10 -13 -14
right_child=-2 2 3 -5 5 6 -8 -9 10 -11 -12 12 13 -15
leaf_value=0.0097013902274783927 0.015815135587745072 -0.022606902643858093 0.012903104377792293 -0.0067991132197599835 -0.019252766298763706 0.016427586570493216 -0.00062644407886395409 -0.014991912259359565 0.0081829010636765981 -0.0006206512793818736 0.010064360157285415 -0.022773667395533218 -0.0070793280840915317 0.017983684990410212
leaf_weight=603.83868401497602 124.84618617594242 157.34701834619045 149.10762444138527 893.02749557048082 147.70028472691774 639.45883141458035 4413.5354012846947 126.04361826181412 629.41426104679704 35384.497598547488 1230.9315420016646 186.38382188975811 380.50127048790455 152.7512755766511
leaf_count=5840 624 852 679 4070 739 3221 19407 658 3006 164591 5935 828 1805 835
internal_value=-0.000121962 -0.000169581 -0.00650692 -0.0038843 5.03628e-06 0.00205055 0.00248034 0.00656863 0.00745655 -0.000444814 0.0051782 0.00067861 -0.00590705 0.000298905
internal_weight=45219.4 45094.5 1199.48 1042.14 43895.1 7906.72 7759.02 3345.48 3219.44 35988.3 2579.98 1349.05 719.636 533.253
internal_count=213090 212466 5601 4749 206865 36434 35695 16288 15630 170431 12409 6474 3468 2640
is_linear=0
shrinkage=0.03


Tree=297
num_leaves=15
num_cat=0
split_feature=245 228 248 140 244 240 31 228 139 245 229 248 229 119
split_gain=33.9556 32.3701 71.0776 55.6808 40.8557 39.6125 41.4998 57.7826 42.1832 38.6367 67.8493 63.1678 96.0789 52.4843
threshold=-0.26005084812641138 93.500000000000014 0.58080807328224193 78.500000000000014 0.085841022431850447 0.034710884094238288 75.500000000000014 64.500000000000014 54.500000000000007 -0.044407408684492104 88.500000000000014 0.37878787517547613 78.500000000000014 39.500000000000007
decision_type=2 10 2 10 2 8 8 10 8 2 10 2 10 8
left_child=-1 5 3 4 -3 6 9 -8 -9 10 11 12 -2 -13
right_child=1 2 -4 -5 -6 -7 7 8 -10 -11 -12 13 -14 -15
leaf_value=0.022965669490303233 0.0069007202481989162 -0.012446009915563107 -0.022190602592618874 0.0048855057538301069 0.0064901029684014018 0.0044030401206708375 -0.0036892192223598121 0.014029436394575332 -0.0026930520361688982 -0.0012906121184701564 0.0088694423031526609 -0.0022376238451390393 -0.010811098156748571 0.00096056227625185471
leaf_weight=47.813213434070349 2413.5876656249166 453.55652265250683 170.16711378842592 552.71603120863438 124.81748142838478 1833.2004220895469 4626.0551019608974 295.93358043581247 239.1291951239109 10361.427106037736 910.89509403705597 6396.8834455236793 301.98431510478258 16530.851698759943
leaf_count=845 10737 1929 925 2668 593 9996 22492 1404 1058 44577 4918 27719 1379 82046
internal_value=-1.09547e-05 -4.03268e-05 -0.00468506 -0.00188004 -0.0083186 9.83536e-05 -9.01946e-05 -0.00260722 0.00664356 0.000262318 0.000868528 0.000580975 0.00489864 6.76755e-05
internal_weight=45259 45211.2 1301.26 1131.09 578.374 43909.9 42076.7 5161.12 535.063 36915.6 26554.2 25643.3 2715.57 22927.7
internal_count=213286 212441 6115 5190 2522 206326 196330 24954 2462 171376 126799 121881 12116 109765
is_linear=0
shrinkage=0.03


Tree=298
num_leaves=15
num_cat=0
split_feature=98 138 245 244 226 224 245 243 70 230 226 142 62 230
split_gain=45.574 51.0374 43.3895 46.4213 87.1998 106.318 79.2414 86.8484 75.861 72.2114 75.407 62.3253 59.7923 66.2878
threshold=42.500000000000007 89.500000000000014 -0.20662932842969892 0.025211817584931854 7.5000000000000009 16.500000000000004 -0.12887622416019437 -0.042679753154516213 20.500000000000004 80.500000000000014 66.500000000000014 85.500000000000014 1.0000000180025095e-35 63.500000000000007
decision_type=8 8 2 2 10 10 2 2 10 8 10 10 10 10
left_child=1 2 -1 6 11 -6 7 -4 -7 12 -11 -5 -8 -14
right_child=-2 -3 3 4 5 8 9 -9 -10 10 -12 -13 13 -15
leaf_value=0.016323078663406251 0.0016914457057819355 -0.0055620975758557669 0.014717741730172334 0.012542705594071998 -0.013204508903630093 0.006347309197798006 -0.0063975162865425881 -0.015099994457155742 -0.0042060829662624042 -0.010143079020269697 0.0053628788867193791 -0.0032064570562041527 0.00054416726994278863 -0.0038303361884005124
leaf_weight=131.66071755625308 11239.693962849677 1700.0043919235468 574.64303839951754 511.30810594558716 968.56587190926075 755.13739002123475 1521.757433552295 95.113064210861921 3083.7282233126462 300.80410281568766 3143.8672002516687 393.52509098500013 17032.700453564525 3805.6132581867278
leaf_count=2136 55005 8143 3905 2735 4488 3832 7431 577 14730 1360 14814 2330 75336 16495
internal_value=3.61176e-05 -0.000511139 -0.000243812 -0.000316628 -0.00276685 -0.00437524 0.000212889 0.0103234 -0.00211904 -5.34248e-05 0.00398339 0.00573299 -0.000676817 -0.000256184
internal_weight=45258.1 34018.4 32318.4 32186.8 5712.26 4807.43 26474.5 669.756 3838.87 25804.7 3444.67 904.833 22360.1 20838.3
internal_count=213317 158312 150169 148033 28115 23050 119918 4482 18562 115436 16174 5065 99262 91831
is_linear=0
shrinkage=0.03


Tree=299
num_leaves=15
num_cat=0
split_feature=70 81 230 231 244 193 224 230 246 231 231 245 134 120
split_gain=33.3587 73.0022 54.6589 65.4682 98.7828 71.1471 77.36 102.076 126.623 129.013 113.035 99.6891 86.832 105.196
threshold=79.500000000000014 51.500000000000007 80.500000000000014 91.500000000000014 0.0040141276549547919 98.500000000000014 32.500000000000007 24.500000000000004 0.028713612817227844 64.500000000000014 77.500000000000014 -0.061154101043939584 91.500000000000014 49.500000000000007
decision_type=10 10 10 10 2 10 8 8 2 10 10 2 10 8
left_child=2 -2 3 5 -5 6 12 8 -8 -10 -9 -12 13 -1
right_child=1 -3 -4 4 -6 -7 7 10 9 -11 11 -13 -14 -15
leaf_value=-0.00081690553366480195 -0.0066238529731516014 6.095694880128769e-05 0.0034233965802879713 0.014528914395961188 -0.004319977004081153 -0.006504847590853886 -0.010239621300781505 -0.00056465561609839621 0.012933426334116946 -0.0076284751706878007 0.020236262698326218 0.0018690539153343375 -0.010135266447117262 0.0045857710935975626
leaf_weight=4965.995287694037 2050.1158634983003 5134.6170172207057 4635.6096646748483 255.13655671849847 4541.3297650888562 1239.6800032109022 1953.1983046531677 8415.8281641826034 532.01697845757008 547.31688041985035 454.24278198182583 627.99551747739315 480.22976992838085 9327.3137742318213
leaf_count=21443 9192 23950 22194 1393 23953 5738 8557 37820 2533 2713 2292 2793 2445 45970
internal_value=2.00084e-05 -0.00185306 0.000374773 -5.00046e-05 -0.00328921 0.000495269 0.000815358 -0.000918174 -0.00570043 0.00253243 0.00061309 0.00969293 0.00228533 0.00270943
internal_weight=45160.6 7184.73 37975.9 33340.3 4796.47 28543.8 27304.1 12530.6 3032.53 1079.33 9498.07 1082.24 14773.5 14293.3
internal_count=212986 33142 179844 157650 25346 132304 126566 56708 13803 5246 42905 5085 69858 67413
is_linear=0
shrinkage=0.03


end of trees

feature_importances:
Column_245=308
Column_231=292
Column_226=249
Column_230=219
Column_248=211
Column_243=182
Column_244=174
Column_224=147
Column_228=125
Column_229=120
Column_249=120
Column_242=100
Column_246=94
Column_238=90
Column_222=83
Column_120=81
Column_140=59
Column_119=54
Column_233=48
Column_10=40
Column_126=35
Column_76=33
Column_148=32
Column_63=31
Column_70=31
Column_52=30
Column_29=29
Column_47=29
Column_106=27
Column_193=27
Column_147=26
Column_190=25
Column_137=24
Column_60=23
Column_77=23
Column_101=22
Column_144=22
Column_78=21
Column_232=20
Column_24=19
Column_66=19
Column_194=19
Column_237=19
Column_104=18
Column_189=18
Column_178=17
Column_209=17
Column_118=16
Column_139=16
Column_165=16
Column_236=16
Column_57=15
Column_146=15
Column_171=15
Column_134=14
Column_192=14
Column_240=14
Column_98=13
Column_141=13
Column_143=13
Column_149=13
Column_4=12
Column_56=12
Column_67=12
Column_62=11
Column_68=11
Column_121=11
Column_122=11
Column_142=11
Column_195=11
Column_225=11
Column_239=11
Column_241=11
Column_35=10
Column_59=10
Column_69=10
Column_124=10
Column_138=10
Column_215=10
Column_71=9
Column_75=9
Column_80=9
Column_110=9
Column_117=9
Column_151=9
Column_37=8
Column_81=8
Column_7=7
Column_31=7
Column_61=7
Column_64=7
Column_135=7
Column_145=7
Column_250=7
Column_252=7
Column_12=6
Column_28=6
Column_38=6
Column_46=6
Column_79=6
Column_92=6
Column_136=6
Column_235=6
Column_51=5
Column_167=5
Column_8=4
Column_14=4
Column_23=4
Column_34=4
Column_53=4
Column_58=4
Column_94=4
Column_103=4
Column_105=4
Column_108=4
Column_130=4
Column_22=3
Column_44=3
Column_65=3
Column_129=3
Column_133=3
Column_164=3
Column_0=2
Column_1=2
Column_5=2
Column_15=2
Column_17=2
Column_19=2
Column_33=2
Column_40=2
Column_43=2
Column_45=2
Column_49=2
Column_54=2
Column_55=2
Column_82=2
Column_84=2
Column_88=2
Column_91=2
Column_96=2
Column_102=2
Column_107=2
Column_111=2
Column_115=2
Column_125=2
Column_127=2
Column_150=2
Column_152=2
Column_157=2
Column_163=2
Column_170=2
Column_174=2
Column_176=2
Column_183=2
Column_188=2
Column_191=2
Column_204=2
Column_212=2
Column_227=2
Column_3=1
Column_6=1
Column_9=1
Column_16=1
Column_18=1
Column_20=1
Column_21=1
Column_26=1
Column_27=1
Column_32=1
Column_36=1
Column_39=1
Column_73=1
Column_83=1
Column_89=1
Column_95=1
Column_114=1
Column_116=1
Column_131=1
Column_154=1
Column_155=1
Column_156=1
Column_161=1
Column_172=1
Column_175=1
Column_177=1
Column_179=1
Column_186=1
Column_187=1
Column_223=1

parameters:
[boosting: gbdt]
[objective: binary]
[metric: binary_logloss]
[tree_learner: serial]
[device_type: cpu]
[data_sample_strategy: bagging]
[data: ]
[valid: ]
[num_iterations: 300]
[learning_rate: 0.03]
[num_leaves: 15]
[num_threads: 4]
[seed: 20]
[deterministic: 0]
[force_col_wise: 0]
[force_row_wise: 0]
[histogram_pool_size: -1]
[max_depth: -1]
[min_data_in_leaf: 200]
[min_sum_hessian_in_leaf: 0.001]
[bagging_fraction: 0.7]
[pos_bagging_fraction: 1]
[neg_bagging_fraction: 1]
[bagging_freq: 1]
[bagging_seed: 26079]
[bagging_by_query: 0]
[feature_fraction: 0.5]
[feature_fraction_bynode: 1]
[feature_fraction_seed: 24951]
[extra_trees: 0]
[extra_seed: 24795]
[early_stopping_round: 0]
[early_stopping_min_delta: 0]
[first_metric_only: 0]
[max_delta_step: 0]
[lambda_l1: 0]
[lambda_l2: 10]
[linear_lambda: 0]
[min_gain_to_split: 0]
[drop_rate: 0.1]
[max_drop: 50]
[skip_drop: 0.5]
[xgboost_dart_mode: 0]
[uniform_drop: 0]
[drop_seed: 18073]
[top_rate: 0.2]
[other_rate: 0.1]
[min_data_per_group: 100]
[max_cat_threshold: 32]
[cat_l2: 10]
[cat_smooth: 10]
[max_cat_to_onehot: 4]
[top_k: 20]
[monotone_constraints: ]
[monotone_constraints_method: basic]
[monotone_penalty: 0]
[feature_contri: ]
[forcedsplits_filename: ]
[refit_decay_rate: 0.9]
[cegb_tradeoff: 1]
[cegb_penalty_split: 0]
[cegb_penalty_feature_lazy: ]
[cegb_penalty_feature_coupled: ]
[path_smooth: 0]
[interaction_constraints: ]
[verbosity: -1]
[saved_feature_importance_type: 0]
[use_quantized_grad: 0]
[num_grad_quant_bins: 4]
[quant_train_renew_leaf: 0]
[stochastic_rounding: 1]
[linear_tree: 0]
[max_bin: 255]
[max_bin_by_feature: ]
[min_data_in_bin: 3]
[bin_construct_sample_cnt: 200000]
[data_random_seed: 103]
[is_enable_sparse: 1]
[enable_bundle: 1]
[use_missing: 1]
[zero_as_missing: 0]
[feature_pre_filter: 1]
[pre_partition: 0]
[two_round: 0]
[header: 0]
[label_column: ]
[weight_column: ]
[group_column: ]
[ignore_column: ]
[categorical_feature: ]
[forcedbins_filename: ]
[precise_float_parser: 0]
[parser_config_file: ]
[objective_seed: 18538]
[num_class: 1]
[is_unbalance: 0]
[scale_pos_weight: 1]
[sigmoid: 1]
[boost_from_average: 1]
[reg_sqrt: 0]
[alpha: 0.05]
[fair_c: 1]
[poisson_max_delta_step: 0.7]
[tweedie_variance_power: 1.5]
[lambdarank_truncation_level: 30]
[lambdarank_norm: 1]
[label_gain: ]
[lambdarank_position_bias_regularization: 0]
[eval_at: ]
[multi_error_top_k: 1]
[auc_mu_weights: ]
[num_machines: 1]
[local_listen_port: 12400]
[time_out: 120]
[machine_list_filename: ]
[machines: ]
[gpu_platform_id: -1]
[gpu_device_id: -1]
[gpu_device_id_list: ]
[gpu_use_dp: 0]
[num_gpu: 1]

end of parameters

pandas_categorical:null
