tree
version=v4
num_class=1
num_tree_per_iteration=1
label_index=0
max_feature_idx=252
objective=binary sigmoid:1
feature_names=Column_0 Column_1 Column_2 Column_3 Column_4 Column_5 Column_6 Column_7 Column_8 Column_9 Column_10 Column_11 Column_12 Column_13 Column_14 Column_15 Column_16 Column_17 Column_18 Column_19 Column_20 Column_21 Column_22 Column_23 Column_24 Column_25 Column_26 Column_27 Column_28 Column_29 Column_30 Column_31 Column_32 Column_33 Column_34 Column_35 Column_36 Column_37 Column_38 Column_39 Column_40 Column_41 Column_42 Column_43 Column_44 Column_45 Column_46 Column_47 Column_48 Column_49 Column_50 Column_51 Column_52 Column_53 Column_54 Column_55 Column_56 Column_57 Column_58 Column_59 Column_60 Column_61 Column_62 Column_63 Column_64 Column_65 Column_66 Column_67 Column_68 Column_69 Column_70 Column_71 Column_72 Column_73 Column_74 Column_75 Column_76 Column_77 Column_78 Column_79 Column_80 Column_81 Column_82 Column_83 Column_84 Column_85 Column_86 Column_87 Column_88 Column_89 Column_90 Column_91 Column_92 Column_93 Column_94 Column_95 Column_96 Column_97 Column_98 Column_99 Column_100 Column_101 Column_102 Column_103 Column_104 Column_105 Column_106 Column_107 Column_108 Column_109 Column_110 Column_111 Column_112 Column_113 Column_114 Column_115 Column_116 Column_117 Column_118 Column_119 Column_120 Column_121 Column_122 Column_123 Column_124 Column_125 Column_126 Column_127 Column_128 Column_129 Column_130 Column_131 Column_132 Column_133 Column_134 Column_135 Column_136 Column_137 Column_138 Column_139 Column_140 Column_141 Column_142 Column_143 Column_144 Column_145 Column_146 Column_147 Column_148 Column_149 Column_150 Column_151 Column_152 Column_153 Column_154 Column_155 Column_156 Column_157 Column_158 Column_159 Column_160 Column_161 Column_162 Column_163 Column_164 Column_165 Column_166 Column_167 Column_168 Column_169 Column_170 Column_171 Column_172 Column_173 Column_174 Column_175 Column_176 Column_177 Column_178 Column_179 Column_180 Column_181 Column_182 Column_183 Column_184 Column_185 Column_186 Column_187 Column_188 Column_189 Column_190 Column_191 Column_192 Column_193 Column_194 Column_195 Column_196 Column_197 Column_198 Column_199 Column_200 Column_201 Column_202 Column_203 Column_204 Column_205 Column_206 Column_207 Column_208 Column_209 Column_210 Column_211 Column_212 Column_213 Column_214 Column_215 Column_216 Column_217 Column_218 Column_219 Column_220 Column_221 Column_222 Column_223 Column_224 Column_225 Column_226 Column_227 Column_228 Column_229 Column_230 Column_231 Column_232 Column_233 Column_234 Column_235 Column_236 Column_237 Column_238 Column_239 Column_240 Column_241 Column_242 Column_243 Column_244 Column_245 Column_246 Column_247 Column_248 Column_249 Column_250 Column_251 Column_252
feature_infos=[0:100] [0:100] [0:100] [0:100] [0:100] [0:100] [0:100] [0:100] [0:100] [0:100] [0:100] [0:100] [0:100] [0:100] [0:100] [0:100] [0:100] [0:100] [0:100] [0:100] [0:100] [0:100] [0:100] [0:100] [0:100] [0:100] [0:100] [0:100] [0:100] [0:100] [0:100] [0:100] [0:100] [0:100] [0:100] [0:100] [0:100] [0:100] [0:100] [0:100] [0:100] [0:100] [0:100] [0:100] [0:100] [0:100] [0:100] [0:100] [0:100] [0:100] [0:100] [0:100] [0:100] [0:100] [0:100] [0:100] [0:100] [0:100] [0:100] [0:100] [0:100] [0:100] [0:100] [0:100] [0:100] [0:100] [0:100] [0:100] [0:100] [0:100] [0:100] [0:100] [0:100] [0:100] [0:100] [0:100] [0:100] [0:100] [0:100] [0:100] [0:100] [0:100] [0:100] [0:100] [0:100] [0:100] [0:100] [0:100] [0:100] [0:100] [0:100] [0:100] [0:99] [0:100] [0:99] [0:100] [0:99] [0:100] [0:95] [0:100] [0:100] [0:100] [0:100] [0:100] [0:100] [0:100] [0:100] [0:100] [0:100] [0:100] [0:100] [0:100] none none [0:100] [0:100] [0:100] [0:100] [0:100] [0:100] [0:100] [0:100] [0:100] [0:100] [0:100] [0:100] [0:100] [0:100] [0:100] [0:99] [0:98] [0:100] [0:99] [0:100] [0:100] [0:100] [0:100] [0:100] [0:100] [0:100] [0:100] [0:100] [0:100] [0:100] [0:100] [0:100] [0:100] [0:100] [0:100] [0:100] [0:100] [0:100] [0:100] [0:100] [0:100] [0:100] [0:100] [0:100] [0:100] [0:100] [0:100] [0:100] [0:100] [0:100] [0:100] [0:100] [0:100] [0:100] [0:100] [0:100] [0:100] [0:100] [0:100] [0:100] [0:100] [0:100] [0:100] [0:100] [0:100] [0:100] [0:100] [0:100] [0:100] [0:100] [0:100] [0:100] [0:100] [0:100] [0:100] [0:100] [0:100] [0:100] [0:100] [0:100] [0:100] [0:100] [0:100] [0:100] [0:100] [0:100] [0:100] [0:100] [0:100] [0:100] [0:100] [0:100] none none [0:100] [0:100] none [0:100] [0:100] none [0:100] [0:100] none [0:100] [0:100] none [0:100] [0:100] [0:100] [0:100] [0:100] [0:100] [0:100] [0:100] [0:100] [0:100] [0:100] [0:100] [0:100] [0:100] [0:100] [0:100] [-0.99573081731796265:-0.05000000074505806] [0:10.260660171508789] [-0.99952542781829834:-0.05000000074505806] [-1.5006817579269409:1.17625892162323] [-2.5528819561004639:1.3220154047012329] [-20.890625:-0.18635937571525574] [0.002858377993106842:0.2135617733001709] [-0.23561988770961761:0] [2.5925926820491441e-05:0.44481456279754639] [-0.3861553966999054:-0.00061426201136782765] [0.00047802733024582267:1.2675960063934326] [-0.78832495212554932:0.24366392195224762] [0.010101010091602802:0.96969699859619141] [0:0.96969699859619141] [-0.05000000074505806:0.0069994800724089146] [0.1666666716337204:166.66667175292969] [0:10.260660171508789]
tree_sizes=1751 1822 1820 1817 1804 1810 1833 1820 1820 1816 1819 1823 1816 1827 1812 1811 1821 1825 1824 1801 1820 1819 1824 1827 1822 1824 1815 1822 1819 1812 1824 1822 1824 1820 1812 1821 1816 1827 1820 1828 1818 1813 1820 1809 1823 1830 1815 1813 1819 1812 1813 1824 1814 1818 1815 1820 1816 1821 1817 1819 1815 1806 1824 1825 1807 1812 1824 1822 1823 1804 1825 1820 1808 1812 1816 1823 1797 1831 1808 1818 1812 1813 1817 1809 1806 1823 1810 1818 1817 1822 1820 1811 1823 1819 1828 1815 1810 1821 1823 1826 1811 1821 1825 1817 1809 1829 1814 1820 1832 1823 1811 1820 1802 1801 1823 1823 1815 1811 1809 1823 1836 1824 1819 1825 1814 1782 1823 1808 1822 1827 1820 1812 1827 1830 1825 1824 1817 1819 1805 1816 1810 1828 1825 1816 1829 1810 1817 1824 1817 1813 1833 1816 1818 1814 1831 1807 1828 1801 1795 1821 1823 1819 1819 1814 1810 1792 1811 1811 1823 1824 1816 1826 1822 1808 1809 1840 1824 1826 1811 1823 1790 1814 1823 1827 1805 1797 1808 1816 1816 1813 1802 1817 1827 1824 1822 1824 1812 1819 1817 1825 1812 1817 1806 1820 1826 1826 1812 1826 1819 1814 1828 1825 1807 1814 1834 1816 1805 1822 1801 1809 1825 1821 1800 1817 1823 1812 1825 1817 1786 1812 1805 1807 1835 1829 1813 1824 1807 1823 1814 1806 1824 1811 1822 1823 1825 1815 1811 1820 1819 1815 1798 1816 1827 1836 1823 1829 1826 1800 1821 1832 1821 1806 1802 1796 1806 1822 1815 1821 1806 1824 1796 1803 1825 1814 1818 1830 1801 1810 1808 1809 1818 1815 1815 1817 1815 1830 1805 1810 1828 1823 1820 1820 1806 1807 1807 1826 1812 1807 1813 1811

Tree=0
num_leaves=15
num_cat=0
split_feature=238 249 29 120 238 77 8 226 248 222 248 226 232 120
split_gain=3145.24 1127.65 681.802 539.56 496.04 351.196 348.463 282.856 282.684 248.841 244.596 411.239 230.262 216.724
threshold=-0.17296347767114637 0.13636363297700885 85.500000000000014 69.500000000000014 -0.23278804123401639 3.5000000000000004 70.500000000000014 12.500000000000002 0.33838383853435522 16.500000000000004 0.57070705294609081 64.500000000000014 80.500000000000014 65.500000000000014
decision_type=10 2 8 10 10 10 8 10 2 10 2 8 10 10
left_child=4 3 5 6 -1 -3 7 -2 -4 -9 -5 12 -12 -7
right_child=1 2 8 10 -6 13 -8 9 -10 -11 11 -13 -14 -15
leaf_value=0.6286065242814648 0.59964172621882306 0.58180317499645851 0.60688205143452167 0.59417393673703989 0.61297567879009163 0.59655806647502074 0.59777526070868747 0.57879813253808476 0.62084591476723394 0.58919374558441218 0.59645348286491906 0.62596683183622126 0.61231516907547456 0.60520479466643606
leaf_weight=2900.8889656513929 1566.0455369949341 880.21455489099026 3058.9113759994507 3607.7591109275818 4987.4251046031713 4627.0150920003653 4394.8982374370098 3055.4810776561499 2280.0049655139446 6605.3824898600578 2930.1608448475599 678.51301230490208 1134.2853188514709 5954.5405508577824
leaf_count=12685 6848 3849 13376 15776 21809 20233 19218 13361 9970 28884 12813 2967 4960 26038
internal_value=0.601423 0.598068 0.604026 0.593892 0.618751 0.5999 0.590603 0.587801 0.61287 0.585886 0.60005 0.604526 0.600896 0.601423
internal_weight=48661.5 40773.2 16800.7 23972.5 7888.31 11461.8 15621.8 11226.9 5338.92 9660.86 8350.72 4742.96 4064.45 10581.6
internal_count=212787 178293 73466 104827 34494 50120 68311 49093 23346 42245 36516 20740 17773 46271
is_linear=0
shrinkage=1


Tree=1
num_leaves=15
num_cat=0
split_feature=238 126 245 230 245 120 106 245 8 245 119 233 224 106
split_gain=2932.13 1366.91 680.61 590.21 507.179 389.115 374.089 269.306 262.116 256.155 255.372 205.476 247.488 205.361
threshold=-0.17296347767114637 59.500000000000007 -0.082800436764955507 73.500000000000014 -0.10802632942795752 60.500000000000007 15.500000000000002 -0.054666243493556969 60.500000000000007 -0.075686518102884279 76.500000000000014 42.500000000000007 6.5000000000000009 33.500000000000007
decision_type=10 8 2 8 2 10 10 2 8 2 8 8 10 10
left_child=4 5 -3 13 10 6 8 -5 -2 -8 -1 -7 -13 -4
right_child=1 2 3 7 -6 11 9 -9 -10 -11 -12 12 -14 -15
leaf_value=0.0086674028163206285 -0.022217665387667087 0.014361560616689686 -0.0081262282051770586 0.019263976069759547 0.010723458361491689 -0.009225108880428972 0.0046118321581815822 0.0038778240237428946 -0.00777984396327225 -0.0095635837250854991 0.030777711759729653 -0.014193995794456524 0.0037793052396924609 0.0006174414312487555
leaf_weight=595.53760714828968 3528.6816990822554 3659.7112904042006 5562.0490090548992 1432.4721687883139 4833.4362770467997 2881.1481442451477 1335.0386461019516 3552.6713573634624 1685.9611505120993 7925.405463218689 2411.2473547160625 815.38197603821754 4179.3874038904905 4267.9234421551228
leaf_count=2616 15367 16010 24305 6279 21236 12590 5824 15545 7358 34584 10608 3565 18267 18658
internal_value=-1.40148e-05 -0.00324199 0.00279513 -6.98283e-05 0.0167775 -0.00823116 -0.0111496 0.00832872 -0.0175736 -0.0075172 0.0264417 -0.00285999 0.000822716 -0.00433318
internal_weight=48666.1 40825.8 18474.8 14815.1 7840.22 22351 14475.1 4985.14 5214.64 9260.44 3006.78 7875.92 4994.77 9829.97
internal_count=212812 178352 80797 64787 34460 97555 63133 21824 22725 40408 13224 34422 21832 42963
is_linear=0
shrinkage=0.03


Tree=2
num_leaves=15
num_cat=0
split_feature=245 242 126 119 178 140 248 117 233 248 224 224 242 224
split_gain=2807.32 1617.59 949.993 666.54 429.426 391.139 377.206 338.042 310.805 351.536 262.892 245.817 282.254 234.882
threshold=-0.099302399903535829 0.031191507354378704 63.500000000000007 84.500000000000014 2.5000000000000004 47.500000000000007 0.6111111342906953 56.500000000000007 45.500000000000007 0.71212121844291698 1.5000000000000002 74.500000000000014 0.024276302196085457 44.500000000000007
decision_type=2 8 10 8 10 8 2 10 10 2 10 10 10 10
left_child=3 2 5 6 -3 8 -1 -6 9 -2 -8 12 -4 -12
right_child=1 4 11 -5 7 -7 10 -9 -10 -11 13 -13 -14 -15
leaf_value=0.022633798283135356 -0.015475383767473557 0.018550906332912179 -0.0057758129739412132 0.025865451152401433 -0.002938591603999298 -0.0047083063578685384 0.027538833013818081 0.0099352561193178368 -0.010159405114007328 -0.035120265580627738 -0.0071808836167837229 0.0074660515124646398 0.0046202963612113675 0.017904879221144181
leaf_weight=1050.2505659013987 3511.1020542234182 2418.7360868304968 7289.3274317234755 3779.5142608135939 3401.8155064731836 6162.7517979592085 289.91470086574554 3968.1541876494884 7292.5882512032986 1076.5217800140381 1758.2606576681137 2849.8262945711613 3457.8552274107933 404.8458735793829
leaf_count=4605 15272 10617 31886 16708 14845 26879 1274 17397 31758 4684 7682 12498 15152 1771
internal_value=-2.31978e-05 -0.00304389 -0.00634086 0.0171408 0.00760848 -0.0108515 0.00768141 0.00399704 -0.0140316 -0.0201516 0.00121371 -0.000351688 -0.00242973 -0.00242506
internal_weight=48711.5 41428.7 31640 7282.79 9788.71 18043 3503.27 7369.97 11880.2 4587.62 2453.02 13597 10747.2 2163.11
internal_count=213028 180988 138129 32040 42859 78593 15332 32242 51714 19956 10727 59536 47038 9453
is_linear=0
shrinkage=0.03


Tree=3
num_leaves=15
num_cat=0
split_feature=238 126 98 230 230 238 230 52 226 144 176 226 230 244
split_gain=2702.4 1337.94 449.944 384.633 374.587 358.648 344.551 252.437 324.913 235.593 189.117 178.389 183.802 155.658
threshold=-0.18369343876838681 69.500000000000014 41.500000000000007 71.500000000000014 15.500000000000002 -0.12397764623165129 3.5000000000000004 14.500000000000002 4.5000000000000009 2.5000000000000004 47.500000000000007 2.5000000000000004 86.500000000000014 0.01519708661362529
decision_type=10 8 10 8 10 10 10 10 8 10 10 10 8 2
left_child=6 2 5 4 9 11 -1 8 -7 -3 13 -2 -13 -6
right_child=1 3 -4 -5 10 7 -8 -9 -10 -11 -12 12 -14 -15
leaf_value=0.025777467735302144 0.012552565176492112 -0.034195556338822812 0.0007110773475738387 0.011138674135745713 -0.016163543594501638 0.00025088834170322014 0.011812396057285447 -0.0090024373346157243 -0.022551107112115887 0.0084555340290439068 0.0013521521353067913 -0.0056751240181120485 0.017552709038844583 -0.0019295431142621938
leaf_weight=2895.6305191218853 632.88288892805576 109.98167315125465 5767.5400819480419 5074.2042229324579 1518.4327421337366 698.23815320432186 3584.5258882492781 11874.75543987751 2876.8289112299681 4475.2270101606846 2757.2436087578535 4828.0094041079283 317.72153814136982 1268.2422839403152
leaf_count=12887 2770 481 25151 22324 6627 3040 15869 51630 12474 19617 12069 21027 1390 5550
internal_value=6.04353e-05 -0.00271071 -0.00671855 0.0044056 0.001025 -0.00873649 0.0180827 -0.0111201 -0.0181094 0.00736031 -0.00421857 -0.00235533 -0.00420967 -0.00971558
internal_weight=48679.5 42199.3 26996 15203.3 10129.1 21228.4 6480.16 15449.8 3575.07 4585.21 5543.92 5778.61 5145.73 2786.68
internal_count=212906 184150 117482 66668 44344 92331 28756 67144 15514 20098 24246 25187 22417 12177
is_linear=0
shrinkage=0.03


Tree=4
num_leaves=15
num_cat=0
split_feature=238 242 119 226 248 226 231 243 47 147 222 226 63 140
split_gain=2500.01 1173.38 894.066 506.286 629.772 369.509 410.643 568.137 324.01 315.674 300.736 302.778 291.154 290.534
threshold=-0.19511618465185163 0.031191507354378704 60.500000000000007 66.500000000000014 0.58080807328224193 8.5000000000000018 88.500000000000014 -0.085815604776144014 inf 18.500000000000004 29.500000000000004 12.500000000000002 60.500000000000007 44.500000000000007
decision_type=10 8 10 10 2 8 10 2 8 10 10 8 8 8
left_child=-1 2 10 5 -5 6 -4 -8 -3 -9 11 -2 -7 -13
right_child=1 8 3 4 -6 12 7 9 -10 -11 -12 13 -14 -15
leaf_value=0.019402117083221343 -0.0014464657346194671 0.0044499404654647703 0.011950552165072207 -0.00014341697653863178 0.02274709539908654 -0.011672828944603482 0.032190008048911679 0.012597207195358001 0.019602894753234772 -0.020680512790961468 -0.0056276663926572374 -0.019967920118152883 -0.00063528443339930078 -0.0064781017840990791
leaf_weight=5293.4193443357944 1472.0075279474258 8106.799328327179 2406.9669096171856 3027.6529670953751 1672.9282139986753 5019.1151697188616 274.63624031841755 315.42339469492435 1498.4355271458626 1241.941873550415 7264.1232890337706 5383.9082215577364 3760.3958711028099 1976.0743172764778
leaf_count=23654 6400 35498 10527 13267 7366 21868 1218 1386 6630 5448 31559 23248 16425 8593
internal_value=-4.23331e-05 -0.00241674 -0.00504503 -0.000394721 0.00803427 -0.00344201 0.00382567 -0.00685609 0.00683176 -0.0139032 -0.0101608 -0.0138786 -0.00695138 -0.0163598
internal_weight=48713.8 43420.4 33815.2 17719.1 4700.58 13018.5 4238.97 1832 9605.23 1557.37 16096.1 8831.99 8779.51 7359.98
internal_count=213087 189433 147305 77505 20633 56872 18579 8052 42128 6834 69800 38241 38293 31841
is_linear=0
shrinkage=0.03


Tree=5
num_leaves=15
num_cat=0
split_feature=118 226 240 47 237 222 243 226 243 243 222 229 228 57
split_gain=1829.04 690.851 593.379 540.488 444.154 439.595 389.538 374.254 248.606 246.717 241.161 267.094 239.944 213.25
threshold=79.500000000000014 12.500000000000002 -0.059780493378639214 inf 0.059039890766143806 23.500000000000004 -0.03945679031312465 67.500000000000014 -0.083968959748744951 -0.053167903795838349 4.5000000000000009 66.500000000000014 32.500000000000007 59.500000000000007
decision_type=8 10 10 8 2 10 2 8 2 2 10 10 10 10
left_child=1 8 -2 5 7 6 10 -4 -1 -7 -3 -12 -8 -11
right_child=2 3 4 -5 -6 9 12 -9 -10 13 11 -13 -14 -15
leaf_value=0.027034548422697563 0.019357533094374938 -0.019156976980554307 -0.0026893939299628029 0.018131558435342549 0.011431336789192734 0.013854428496735188 -0.021852325137514436 0.010392577371454681 0.0032388917123885056 -0.008043499618074032 -0.00076530426566319323 -0.030805859205256907 -0.0044085389291813404 -0.00033874449812795385
leaf_weight=419.76930737495422 3092.6352547258139 1054.7964165210724 6937.4952476471663 754.2496704608202 5947.7839272022247 644.08828327059746 3832.0016248226166 2736.2475478351116 4967.6272440701723 8221.0921995043755 3565.745442122221 277.93063327670097 877.65455374121666 5325.9289501458406
leaf_count=1863 13798 4565 30416 3341 26352 2816 16547 12079 21728 35704 15471 1209 3802 23185
internal_value=1.62645e-05 -0.00458181 0.00737127 -0.00671606 0.00498745 -0.00751082 -0.0124634 0.00101779 0.00513963 -0.00415124 -0.00652031 -0.0030118 -0.0186179 -0.00501691
internal_weight=48655 29940.9 18714.2 24553.5 15621.5 23799.2 9608.13 9673.74 5387.4 14191.1 4898.47 3843.68 4709.66 13547
internal_count=212876 130231 82645 106640 68847 103299 41594 42495 23591 61705 21245 16680 20349 58889
is_linear=0
shrinkage=0.03


Tree=6
num_leaves=15
num_cat=0
split_feature=238 137 242 230 238 242 230 119 242 246 233 243 244 243
split_gain=2358.5 967.554 559.727 501.651 420.879 368.484 292.997 269.987 234.106 220.784 191.123 184.753 186.478 180.106
threshold=-0.17296347767114637 58.500000000000007 0.019415707327425483 11.500000000000002 -0.23278804123401639 0.028141380287706855 72.500000000000014 74.500000000000014 0.025176117196679119 0.03740720450878144 17.500000000000004 -0.056920476257801049 0.015062149148434402 -0.03589429892599582
decision_type=10 8 8 10 10 8 10 10 8 2 10 2 2 2
left_child=4 2 10 8 -1 6 13 9 -4 11 -2 12 -5 -3
right_child=1 5 3 7 -6 -7 -8 -9 -10 -11 -12 -13 -14 -15
leaf_value=0.024567040914621027 -0.021031773100271767 0.0029796198274239698 -0.0022549610097499029 0.011623359459118526 0.010013459504800289 0.009835188806322637 0.0057148966314301882 0.0028812390572083148 0.011465558306411897 -0.00032332399062380812 -0.010145087552290561 -0.012298599106661357 -0.018044551126986257 -0.0083136356897805328
leaf_weight=2824.6335749924183 1877.9282837212086 1903.4506331682205 1998.5783408433199 598.5531163662672 4917.7037303298712 5117.6252228617668 4466.5729075819254 2386.5109634697437 2525.6315781027079 2400.6686492115259 6523.7056892812252 7092.2684501707554 267.81236079335213 3789.5097301453352
leaf_count=12810 8103 8329 8702 2590 21916 22550 19655 10413 11079 10441 28196 30613 1160 16503
internal_value=0.000174523 -0.0026974 -0.00625389 -0.00316081 0.0153479 0.00327909 -2.98178e-05 -0.00620596 0.00541289 -0.00830017 -0.0126006 -0.0107029 0.00235111 -0.00453911
internal_weight=48691.2 40948.8 25671.7 17270 7742.34 15277.2 10159.5 12745.8 4524.21 10359.3 8401.63 7958.63 866.365 5692.96
internal_count=213060 178334 111297 74998 34726 67037 44487 55217 19781 44804 36299 34363 3750 24832
is_linear=0
shrinkage=0.03


Tree=7
num_leaves=15
num_cat=0
split_feature=238 126 242 242 229 230 230 140 233 178 243 230 222 242
split_gain=2321.2 1155.4 606.202 534.409 456.299 364.148 254.187 248.688 290.309 214.702 203.128 202.985 192.579 179.404
threshold=-0.19299729913473126 59.500000000000007 0.024356211535632614 0.030867466703057293 67.500000000000014 14.500000000000002 1.5000000000000002 51.500000000000007 43.500000000000007 2.5000000000000004 -0.038234418258070939 36.500000000000007 17.500000000000004 0.03297893330454827
decision_type=10 8 8 8 10 8 10 10 8 10 2 10 10 10
left_child=6 3 4 7 5 -3 -1 8 -2 -4 -7 -5 -6 -8
right_child=1 2 9 11 12 10 13 -9 -10 -11 -12 -13 -14 -15
leaf_value=0.027222379048551272 -0.017412004014269285 0.0022486764379885268 0.018334372867419201 0.0071176412139575601 0.027549012530217909 -0.0005643781429494236 0.0074113139847060737 -0.0036230908334788678 -0.0081147131509749591 0.0064917103697891112 -0.014475235862674518 -0.0045208767936873746 0.005292722806663569 0.02109246896606097
leaf_weight=1916.3183883279562 4776.9105946868658 3292.538916438818 1703.3646007031202 2743.7233518958092 398.70573264360428 1296.612386777997 1941.4158152788877 4960.7227548360825 8305.279839605093 7169.9328060895205 3479.2844761013985 2633.8593386262655 2492.9802392870188 1567.8958684056997
leaf_count=8763 20501 14416 7601 12049 1772 5646 8751 21505 35809 31567 15110 11478 11011 7097
internal_value=-4.70998e-05 -0.00236864 0.00295873 -0.0068794 -0.00176044 -0.00542423 0.0184308 -0.00935224 -0.0115203 0.00878317 -0.0107076 0.00141946 0.00844579 0.0135664
internal_weight=48679.5 43253.9 19833.4 23420.5 10960.1 8068.44 5425.63 18042.9 13082.2 8873.3 4775.9 5377.58 2891.69 3509.31
internal_count=213076 188465 87123 101342 47955 35172 24611 77815 56310 39168 20756 23527 12783 15848
is_linear=0
shrinkage=0.03


Tree=8
num_leaves=15
num_cat=0
split_feature=245 242 230 119 120 126 245 106 248 229 224 178 248 243
split_gain=2262.81 1226.27 598.494 560.693 507.295 452.929 393.965 339.015 331.258 341.695 332.623 238.98 225.75 230.024
threshold=-0.099302399903535829 0.028141380287706855 80.500000000000014 84.500000000000014 73.500000000000014 38.500000000000007 -0.046991223469376557 15.500000000000002 0.6111111342906953 3.5000000000000004 44.500000000000007 1.5000000000000002 0.88383838534355175 -0.03945679031312465
decision_type=2 8 10 8 10 8 2 10 2 8 10 10 2 2
left_child=3 2 4 8 7 -3 -4 -2 -1 -10 12 -7 13 -11
right_child=1 5 6 -5 -6 11 -8 -9 9 10 -12 -13 -14 -15
leaf_value=0.021252368016583343 -0.017451931320558521 -0.0029578289126311174 0.010518599293356164 0.023749950582881832 -0.0026778844404273831 0.018689529868844309 -0.0053694429266031175 -0.0079558480954129065 0.018714057047457336 0.00026860104879855421 0.017536718534489015 0.0062742156163334162 -0.039093357394656449 -0.031394698955222088
leaf_weight=1010.3392639756203 5851.7804426252842 4508.9783099740744 2783.7944269478321 3674.4851226657629 8578.3571607321501 1729.6576195061207 2815.8852110207081 8082.2778533399105 684.94672881066799 853.75084958970547 402.60580910742283 7167.9148102104664 238.85917520523071 262.29769937694073
leaf_count=4504 25118 19645 12227 16732 37433 7802 12306 34841 3038 3712 1773 31679 1038 1134
internal_value=2.13286e-06 -0.00267966 -0.00623942 0.0156063 -0.00842179 0.00478385 0.00253372 -0.0119535 0.00689621 0.000895258 -0.00611576 0.00870598 -0.013221 -0.00738574
internal_weight=48645.9 41518.6 28112.1 7127.28 22512.4 13406.6 5599.68 13934.1 3452.8 2442.46 1757.51 8897.57 1354.91 1116.05
internal_count=212982 181051 121925 31931 97392 59126 24533 59959 15199 10695 7657 39481 5884 4846
is_linear=0
shrinkage=0.03


Tree=9
num_leaves=15
num_cat=0
split_feature=238 252 238 120 47 79 101 60 233 230 78 230 230 53
split_gain=2060.85 854.766 573.397 433.155 415.3 258.497 250.304 234.216 180.998 178.87 145.217 145.044 162.503 135.451
threshold=-0.15004036575555799 0.037224428728222854 -0.23278804123401639 70.500000000000014 97.500000000000014 90.500000000000014 4.5000000000000009 71.500000000000014 65.500000000000014 71.500000000000014 49.500000000000007 80.500000000000014 78.500000000000014 8.5000000000000018
decision_type=10 2 10 10 8 10 10 8 8 8 10 8 10 10
left_child=2 3 -1 5 6 11 -3 10 9 -5 -4 12 13 -2
right_child=1 4 7 8 -6 -7 -8 -9 -10 -11 -12 -13 -14 -15
leaf_value=0.023071634661875888 -0.018544351490650125 -0.015074897767384885 0.00070862086821825573 -0.0072511694279743747 0.011915361816308805 0.0019752281351548217 0.0013408568915231156 0.014263708581939491 0.0046491682006153017 0.0068036910393030623 0.011016524952642874 -0.0045717187848158909 -0.032665103645300494 -0.0099950799001061671
leaf_weight=2747.2802661657333 2031.0060038417578 922.56584966182709 4034.0413292944431 4117.8061026036739 3416.4367147386074 1613.8774591833353 8060.7258770465851 2927.1621951162815 3144.400059863925 1006.9878929406404 1760.6004593223333 2870.6955608427525 329.03597873449326 9681.1572428494692
leaf_count=12728 8660 3981 17856 17870 15188 7040 35235 13094 13753 4453 7824 12473 1408 41541
internal_value=2.82544e-05 -0.00340027 0.0111404 -0.00661548 0.00302912 -0.00941897 -0.000359896 0.00736003 -0.00100817 -0.00448161 0.00385408 -0.0106526 -0.0120974 -0.0114922
internal_weight=48663.8 37194.7 11469.1 24795 12399.7 16525.8 8983.29 8721.8 8269.19 5124.79 5794.64 14911.9 12041.2 11712.2
internal_count=213104 161602 51502 107198 54404 71122 39216 38774 36076 22323 25680 64082 51609 50201
is_linear=0
shrinkage=0.03


Tree=10
num_leaves=15
num_cat=0
split_feature=236 126 242 238 242 229 248 230 126 29 230 52 230 242
split_gain=2121.01 960.245 551.132 404.289 388.32 325.554 360.256 301.217 252.44 239.409 198.917 189.432 301.714 175.022
threshold=-0.11403186246752738 54.500000000000007 0.024356211535632614 -0.22504375874996183 0.031028531491756443 67.500000000000014 0.49999998509883886 14.500000000000002 74.500000000000014 1.5000000000000002 36.500000000000007 7.5000000000000009 5.5000000000000009 0.034474896267056472
decision_type=2 8 8 10 8 10 2 8 8 10 10 8 10 8
left_child=3 4 5 -1 11 7 -7 -3 13 -4 -6 12 -2 -5
right_child=1 2 9 8 10 6 -8 -9 -10 -11 -12 -13 -14 -15
leaf_value=0.025166387753490463 -0.00058525335260624497 0.0014680032152730163 0.018109912674976421 -5.5622535596057424e-05 0.0070528444460908682 -0.0014874700187137578 0.020651600169272546 -0.0099788897340032309 0.017235355408636164 0.005150194586888015 -0.0057167756573561889 -0.0080838571633247806 -0.023416640617615388 0.014951971986534692
leaf_weight=2202.4081201851368 725.0963746458292 3427.2065900713205 1534.9173167198896 2278.2319984734058 2146.1437265574932 1916.6337555646896 999.17937082052231 5201.560456931591 2484.7978460639715 7666.6818306744099 2226.9663227796555 13083.584601432085 1844.723939448595 999.13445025682449
leaf_count=10310 3129 15004 6970 10002 9462 8438 4476 22471 11195 33927 9690 56121 7847 4471
internal_value=0.000100089 -0.0026668 0.00185633 0.0142501 -0.00735106 -0.00250848 0.00614371 -0.00543593 0.0100413 0.00732932 0.000551825 -0.00955784 -0.0170018 0.00455114
internal_weight=48737.3 40772.7 20746.2 7964.57 20026.5 11544.6 2915.81 8628.77 5762.16 9201.6 4373.11 15653.4 2569.82 3277.37
internal_count=213513 177535 91286 35978 86249 50389 12914 37475 25668 40897 19152 67097 10976 14473
is_linear=0
shrinkage=0.03


Tree=11
num_leaves=15
num_cat=0
split_feature=242 126 243 24 118 120 230 230 144 230 243 108 222 232
split_gain=1569.73 1184.43 452.626 443.697 349.442 300.927 244.518 315.565 228.795 200.469 279.963 280.204 271.646 179.312
threshold=0.031649326905608184 68.500000000000014 -0.036299759522080415 8.5000000000000018 80.500000000000014 52.500000000000007 72.500000000000014 13.500000000000002 7.5000000000000009 81.500000000000014 -0.057291656732559197 10.500000000000002 5.5000000000000009 87.500000000000014
decision_type=8 10 2 10 10 8 8 10 10 10 2 10 10 10
left_child=1 5 -3 -2 -5 9 7 8 -4 10 12 -12 -1 -7
right_child=3 2 6 4 -6 13 -8 -9 -10 -11 11 -13 -14 -15
leaf_value=-0.015279433422163875 0.017255052562528472 0.010259165067005605 -0.026370186403531004 0.00085523602381760587 0.015428131046336427 -0.0053477252338335248 0.0061711240822767089 -0.0090159369760027391 0.0093663538497711467 -0.002636853475855521 -0.023276316935543655 -0.010998711249458127 0.013030243290004361 0.0050658975836691189
leaf_weight=521.11621260643005 4336.4876964390278 5697.0265679210424 168.58094485104084 5091.2379626631737 2079.0857724994421 8593.8029447793961 3137.8383181542158 3932.1472503244877 1680.1871619671583 2354.5030134469271 2297.8916558772326 6254.6903328895569 706.76341891288757 1791.0790793001652
leaf_count=2230 19795 25518 738 22363 9426 37212 13957 17104 7431 10149 9729 26690 3039 7801
internal_value=1.28884e-05 -0.0029873 0.00366165 0.00968952 0.00509635 -0.00730231 -0.000559403 -0.00421703 0.00598336 -0.0105091 -0.0123996 -0.0143208 0.000989149 -0.00354854
internal_weight=48642.4 37135.6 14615.8 11506.8 7170.32 22519.8 8918.75 5780.92 1848.77 12135 9780.46 8552.58 1227.88 10384.9
internal_count=213182 161598 64748 51584 31789 96850 39230 25273 8169 51837 41688 36419 5269 45013
is_linear=0
shrinkage=0.03


Tree=12
num_leaves=15
num_cat=0
split_feature=245 24 120 224 4 224 229 245 245 245 60 120 26 129
split_gain=1980.62 857.216 812.488 497.269 306.08 289.098 273.173 287.126 264.703 210.887 208.362 173.787 178.898 157.433
threshold=-0.099302399903535829 94.500000000000014 75.500000000000014 3.5000000000000004 10.500000000000002 66.500000000000014 67.500000000000014 -0.059949118643999093 -0.047257089987397187 -0.075686518102884279 71.500000000000014 33.500000000000007 9.5000000000000018 43.500000000000007
decision_type=2 8 10 10 10 10 10 2 2 2 8 10 10 10
left_child=3 2 4 -1 11 10 -4 -8 -3 -6 -5 12 -2 -11
right_child=1 8 6 5 9 -7 7 -9 -10 13 -12 -13 -14 -15
leaf_value=0.026143838210623382 -0.032821012901583249 0.015553038966770998 -4.5838440550234399e-05 0.0021733870527918197 0.0020734522664826545 0.029954687723506939 0.029891958754385248 0.0041164042344877094 0.0025316827882192212 -0.0088035504918711639 0.016761939974321943 -0.010446612386249393 -0.012117374325547717 -0.0013100642741907846
leaf_weight=2286.2275432497263 781.35686077177525 2505.5103151649237 11543.120631173253 2996.2107786238194 2543.7776885479689 522.82206040620804 571.51605845987797 1186.6026402115822 3193.5591852217913 12138.926460906863 1240.397455111146 3136.148456543684 750.0772157907486 3189.6954908818007
leaf_count=10670 3288 11296 50781 13326 10994 2372 2581 5255 14218 52098 5632 13462 3181 13862
internal_value=-2.88451e-05 -0.00252434 -0.00424313 0.014667 -0.00771177 0.00911079 0.00163612 0.012617 0.00827354 -0.00591925 0.00647405 -0.0145481 -0.022825 -0.00724612
internal_weight=48585.9 41540.3 35841.2 7045.66 22540 4759.43 13301.2 1758.12 5699.07 17872.4 4236.61 4667.58 1531.43 15328.6
internal_count=213016 181016 155502 32000 96885 21330 58617 7836 25514 76954 18958 19931 6469 65960
is_linear=0
shrinkage=0.03


Tree=13
num_leaves=15
num_cat=0
split_feature=245 242 126 126 230 245 178 230 231 229 224 242 225 231
split_gain=1824.18 960.719 552.509 496.638 309.062 293.574 291.215 273.378 340.114 276.632 255.068 226.894 208.643 235.245
threshold=-0.099302399903535829 0.031649326905608184 54.500000000000007 75.500000000000014 72.500000000000014 -0.054666243493556969 1.5000000000000002 14.500000000000002 91.500000000000014 14.500000000000002 2.5000000000000004 0.036632938310503967 50.500000000000007 88.500000000000014
decision_type=2 8 10 8 10 2 10 10 10 10 10 8 10 10
left_child=3 2 -2 10 7 -6 -3 12 -9 -10 -1 -12 -4 -14
right_child=1 6 4 -5 5 -7 -8 8 9 -11 11 -13 13 -15
leaf_value=0.023614235373940268 -0.0087616468000129236 0.016252483836341931 0.0066826699943665054 0.023604303571469042 0.016412890263853723 0.00026864213208540737 0.0033985457270398699 -0.0048907652195908447 -0.049579625916915483 -0.011440993000617117 -0.00042390139513123418 0.018071022632638451 0.0020896283811364475 -0.021270446819508571
leaf_weight=708.13540057837963 15733.362684860826 2034.0049182474613 3146.2371318638325 2945.8135049492121 1531.0837391763926 2963.4505304545164 7121.6154773831367 6603.6154354810715 275.49554117023945 448.25241528451443 2562.2065048217773 768.15326909720898 1060.8846410363913 600.26737090945244
leaf_count=3284 67106 9338 13882 13814 6886 13096 31543 28551 1196 1947 11257 3523 4649 2638
internal_value=8.07553e-05 -0.00230643 -0.00473361 0.0142544 -0.00091961 0.00579248 0.00626878 -0.00340839 -0.00705202 -0.0264364 0.00739284 0.00388331 0.0021483 -0.00642844
internal_weight=48502.6 41518.3 32362.6 6984.31 16629.3 4494.53 9155.62 12134.8 7327.36 723.748 4038.5 3330.36 4807.39 1661.15
internal_count=212710 180832 139951 31878 72845 19982 40881 52863 31694 3143 18064 14780 21169 7287
is_linear=0
shrinkage=0.03


Tree=14
num_leaves=15
num_cat=0
split_feature=245 242 119 119 63 248 4 229 248 231 243 133 245 237
split_gain=1768.52 1005.42 501.209 485.294 311.291 297.453 294.43 287.418 268.07 296.373 269.08 242.011 200.503 193.372
threshold=-0.099302399903535829 0.031649326905608184 51.500000000000007 84.500000000000014 60.500000000000007 0.6111111342906953 11.500000000000002 3.5000000000000004 0.88383838534355175 28.500000000000004 -0.080658521503210054 27.500000000000004 -0.10338006913661955 0.035645270720124252
decision_type=2 8 10 8 8 2 10 10 2 10 2 10 2 2
left_child=3 2 6 5 -4 -1 -2 -7 9 12 -11 -3 -9 -13
right_child=1 11 4 -5 -6 7 -8 8 -10 10 -12 13 -14 -15
leaf_value=0.019594357660465023 -0.018057526012914191 0.012095443733693263 -0.0053371830576640546 0.021746144660777369 0.0022633805267242048 0.016759109424700158 -0.0070889108372051658 -0.039967299383855646 -0.030848401265693139 -0.025036995814856924 0.012727886830025291 -0.0043271194536674776 0.015137828954642977 0.0071644623198629746
leaf_weight=1001.7805608510971 2819.6600918471813 3816.8432263433933 10649.607643038034 3503.7514939755201 8890.0476527959108 677.90309935808182 10082.345111191273 229.44694112241268 311.90888507664204 195.57946816086769 974.82391963899136 2308.4219270050526 73.088027089834213 3045.7557784318924
leaf_count=4571 11895 17355 46246 16555 38940 3071 43048 991 1353 860 4275 10111 311 13574
internal_value=-8.91315e-05 -0.00243234 -0.00491157 0.0138873 -0.00187973 0.00589974 -0.00949817 0.000272421 -0.00604788 -0.000623519 0.00625857 0.00633351 -0.0265963 0.0022111
internal_weight=48581 41612.7 32441.7 6968.28 19539.7 3464.53 12902 2462.75 1784.85 1472.94 1170.4 9171.02 302.535 5354.18
internal_count=213156 181169 140129 31987 85186 15432 54943 10861 7790 6437 5135 41040 1302 23685
is_linear=0
shrinkage=0.03


Tree=15
num_leaves=15
num_cat=0
split_feature=236 237 119 101 119 249 178 76 63 53 75 228 137 53
split_gain=1711.54 642.132 411.656 269.128 251.279 237.662 214.476 188.649 145.519 134.706 142.519 132.297 120.549 119.809
threshold=-0.10247311741113661 0.039812568575143821 81.500000000000014 2.5000000000000004 57.500000000000007 0.91414141654968273 99.500000000000014 79.500000000000014 59.500000000000007 9.5000000000000018 65.500000000000014 4.5000000000000009 40.500000000000007 6.5000000000000009
decision_type=2 2 8 8 8 2 8 8 10 10 10 10 10 10
left_child=2 4 5 -3 9 13 -5 -4 -6 -2 12 -10 -11 -1
right_child=1 3 7 6 8 -7 -8 -9 11 10 -12 -13 -14 -15
leaf_value=-0.0016996475316131501 -0.015743593523799553 -0.019182060436930513 0.011029152101614139 0.002303305237576536 -0.0054727394818437428 -0.040620719451305312 0.015964382458714857 0.021732156329964957 -0.010500745277798498 -0.012288930082068489 -0.0021605785618531133 0.0030767070166072383 -0.0048769402991466274 0.0083723566970815184
leaf_weight=1621.958993524313 1941.5154213756323 473.2652286440134 3491.0954697877169 10313.586311489344 6544.6573357433081 95.694364905357361 1140.3719873428345 2625.0418079346418 740.52303941547871 5007.8142837285995 3535.5905473083258 4626.732840180397 3290.0779032707214 3057.7257757037878
leaf_count=7145 8165 2031 16045 45451 28393 419 5247 12407 3241 21317 15107 20255 14118 13584
internal_value=3.58684e-05 -0.00299691 0.0105028 0.00275385 -0.00566719 0.00389038 0.00367616 0.0156508 -0.00247335 -0.00842526 -0.00721227 0.00118737 -0.00935952 0.00488526
internal_weight=48505.7 37614.1 10891.5 11927.2 25686.9 4775.38 11454 6116.14 11911.9 13775 11833.5 5367.26 8297.89 4679.68
internal_count=212925 163325 49600 52729 110596 21148 50698 28452 51889 58707 50542 23496 35435 20729
is_linear=0
shrinkage=0.03


Tree=16
num_leaves=15
num_cat=0
split_feature=236 237 242 120 226 242 118 233 143 226 76 226 226 140
split_gain=1562.06 665.411 361.697 353.422 324.681 251.576 215.553 212.218 194.973 191.658 190.148 189.893 155.762 162.218
threshold=-0.11315307766199111 0.035645270720124252 0.025081661529839042 70.500000000000014 3.5000000000000004 0.034474896267056472 88.500000000000014 64.500000000000014 78.500000000000014 66.500000000000014 86.500000000000014 93.500000000000014 12.500000000000002 30.500000000000004
decision_type=2 2 8 10 10 8 10 8 10 10 8 10 8 10
left_child=4 3 8 11 -1 6 -6 9 -3 -5 -4 12 -2 -14
right_child=1 2 10 7 5 -7 -8 -9 -10 -11 -12 -13 13 -15
leaf_value=0.022481735527387418 -0.00013823506125797765 -0.0069091626899367457 0.0046524443748931386 -0.006923105404728176 -0.0027418321298198303 0.017642154000365767 0.011114164167088356 0.005348883536176078 0.0036090820691143067 0.0063754624700577932 0.015819912967190763 0.0026425248279602341 -0.012895191913452094 -0.0063326667557890752
leaf_weight=2059.0144245028496 1695.9266253560781 3715.6975938677788 6365.805954426527 4436.5808915048838 1959.0875817090273 1891.4352535605431 2069.80105265975 3526.078187212348 2753.5057495236397 1240.8928986340761 1745.062584862113 1445.6297933608294 7157.8240531980991 6502.3461048454046
leaf_count=9844 7289 16039 28284 19244 8620 8793 9585 15500 12197 5505 7984 6234 30318 27806
internal_value=0.000112852 -0.00227354 0.00285539 -0.0051491 0.0122384 0.00864401 0.00438644 -0.000422753 -0.00243359 -0.00401041 0.00707166 -0.00773628 -0.00871443 -0.0097783
internal_weight=48564.7 40585.4 14580.1 26005.3 7979.34 5920.32 4028.89 9203.55 6469.2 5677.47 8110.87 16801.7 15356.1 13660.2
internal_count=213242 176400 64504 111896 36842 26998 18205 40249 28236 24749 36268 71647 65413 58124
is_linear=0
shrinkage=0.03


Tree=17
num_leaves=15
num_cat=0
split_feature=236 249 126 24 242 101 126 248 8 106 78 176 233 52
split_gain=1450.16 615.278 446.571 357.561 278.752 252.751 249.902 194.221 182.993 178.856 163.436 187.926 162.039 184.986
threshold=-0.10501024127006529 0.13636363297700885 73.500000000000014 80.500000000000014 0.034474896267056472 2.5000000000000004 48.500000000000007 0.18686868995428088 23.500000000000004 33.500000000000007 10.500000000000002 9.5000000000000018 45.500000000000007 13.500000000000002
decision_type=2 2 8 8 8 10 10 2 10 10 10 10 10 8
left_child=2 6 4 5 -1 -3 12 -5 10 -8 11 -7 13 -2
right_child=1 3 -4 7 -6 8 9 -9 -10 -11 -12 -13 -14 -15
leaf_value=-0.00074647925580926904 -0.02490726139619235 -0.018598237980561417 0.016665848560510597 0.00073684936545330502 0.014159512443794112 0.0026305265847494257 -0.0050399241995142206 0.012557860347193023 -0.0036681063802142554 0.0035091041535327046 0.0078617942891489739 -0.025136425341980146 -0.0059163142906731424 -0.010157364445551799
leaf_weight=3553.3110519647598 947.93566779792309 705.72346410155296 4823.1154664605856 2001.0146985054016 1644.3970400840044 712.33250617980957 7548.1449009776115 3332.8943779319525 5657.4781159758568 3100.0203792154789 3229.3546785712242 305.95939621329308 6968.7111211121082 3995.0938411653042
leaf_count=15704 3975 3013 22756 8888 7630 3200 32694 15015 24577 13538 14254 1356 29622 16962
internal_value=-5.99176e-05 -0.00270602 0.0101002 0.00180426 0.00398746 -0.00138171 -0.00589316 0.00813289 -0.000137542 -0.00255007 0.00456242 -0.00587574 -0.00887698 -0.0130306
internal_weight=48525.5 38504.7 10020.8 15944.8 5197.71 10610.8 22559.9 5333.91 9905.12 10648.2 4247.65 1018.29 11911.7 4943.03
internal_count=213184 167094 46090 70303 23334 46400 96791 23903 43387 46232 18810 4556 50559 20937
is_linear=0
shrinkage=0.03


Tree=18
num_leaves=15
num_cat=0
split_feature=238 137 238 226 248 209 252 140 244 228 63 242 226 243
split_gain=1491.9 707.197 470.511 306.34 301.888 285.628 240.625 219.198 208.697 229.005 188.523 184.717 194.939 183.807
threshold=-0.14817873388528821 59.500000000000007 -0.23278804123401639 8.5000000000000018 0.32828283309936529 42.500000000000007 0.13027020543813708 30.500000000000004 0.01784261874854565 5.5000000000000009 72.500000000000014 0.03194467909634114 6.5000000000000009 -0.048800015822052949
decision_type=10 8 10 8 2 10 2 10 2 10 8 8 8 2
left_child=2 3 -1 -2 6 7 -3 8 13 -10 -6 12 -4 -5
right_child=1 4 11 5 10 -7 -8 -9 9 -11 -12 -13 -14 -15
leaf_value=0.020564911410058898 0.0014716370740602504 -0.0052043644774428079 0.011447858105099707 -0.0017290365379948075 0.0023467404436478484 -0.015925835657217512 0.010725462604266779 -0.0020359101972211979 -0.032428301885783585 -6.9267367919598338e-05 0.011939106843163889 0.012197860923649233 -0.00044112778153031597 -0.014653777988750874
leaf_weight=2597.4373347312212 3894.5982334911823 5105.7212258577347 1743.427053719759 1230.398790165782 4365.0963014662266 3199.7769805043936 1014.6592108905315 6837.2524370402098 202.35565930604935 2693.2028736323118 3190.705912321806 2952.6956724226475 4246.7666690051556 5126.4564799517393
leaf_count=12690 16986 22356 7984 5263 19218 13540 4560 29298 875 11618 14321 13627 18743 21610
internal_value=-6.19134e-05 -0.00300928 0.00934653 -0.00619984 0.00239999 -0.0077487 -0.00255027 -0.00611361 -0.00912146 -0.0024345 0.00640788 0.00606885 0.00303244 -0.0121588
internal_weight=48400.6 36860.2 11540.3 23184 13676.2 19289.4 6120.38 16089.7 9252.41 2895.56 7555.8 8942.89 5990.19 6356.86
internal_count=212689 159645 53044 99190 60455 82204 26916 68664 39366 12493 33539 40354 26727 26873
is_linear=0
shrinkage=0.03


Tree=19
num_leaves=15
num_cat=0
split_feature=238 140 245 245 61 92 119 25 189 10 4 119 76 140
split_gain=1442.07 625.746 491.492 424.845 345.524 248.921 247.519 202.086 159.462 155.402 141.016 163.538 134.477 125.172
threshold=-0.1430072486400604 44.500000000000007 -0.10802632942795752 -0.069938126951456056 14.500000000000002 61.500000000000007 84.500000000000014 11.500000000000002 56.500000000000007 3.5000000000000004 1.5000000000000002 21.500000000000004 70.500000000000014 55.500000000000007
decision_type=10 8 2 2 10 10 8 10 8 10 8 10 8 8
left_child=2 4 6 13 -2 -5 10 -6 -4 -9 -1 -12 -10 -3
right_child=1 3 8 5 7 -7 -8 9 12 -11 11 -13 -14 -15
leaf_value=-0.01366910260926623 0.00082444904768151281 -0.0012815771140325975 0.001745377704725034 -0.0032063515454344052 -0.014312843093534403 0.0085799475518582684 0.023894288692543505 0.0043716379237367679 0.0042617962590840693 -0.0080721736868441876 -0.026005344314066915 0.015312717931411412 0.01592073240005169 0.011755931473359038
leaf_weight=223.55816216766834 3862.4337771236897 821.70228426158428 5500.6306195557117 12231.70951667428 4772.6226979494095 1847.6304093301296 2319.9667639583349 1014.5071645826101 1861.6497433036566 7827.0544378757477 84.9262615442276 1039.0092405825853 1714.5150442868471 3377.1526938229799
leaf_count=1016 16746 3574 24479 53294 20144 8234 11473 4379 8426 33234 373 4796 7967 15104
internal_value=5.19907e-05 -0.00303659 0.0087128 0.000844282 -0.00709363 -0.00165464 0.0179676 -0.009339 0.00495777 -0.00664101 0.0076627 0.0119889 0.00988023 0.00920755
internal_weight=48499.1 35754.8 12744.3 18278.2 17476.6 14079.3 3667.46 13614.2 9076.8 8841.56 1347.49 1123.94 3576.16 4198.85
internal_count=213239 154709 58530 80206 74503 61528 17658 57757 40872 37613 6185 5169 16393 18678
is_linear=0
shrinkage=0.03


Tree=20
num_leaves=15
num_cat=0
split_feature=238 24 120 243 53 232 238 243 78 120 66 10 10 42
split_gain=1363.08 568.07 572.321 251.648 262.115 195.894 172.738 167.407 161.27 151.721 136.909 151.263 136.1 129.093
threshold=-0.19511618465185163 93.500000000000014 59.500000000000007 -0.056920476257801049 7.5000000000000009 78.500000000000014 -0.25262157618999476 -0.03433446213603019 19.500000000000004 97.500000000000014 40.500000000000007 78.500000000000014 5.5000000000000009 25.500000000000004
decision_type=10 8 10 2 10 10 10 2 10 10 10 10 10 10
left_child=6 2 3 -2 -5 9 -1 -3 -7 12 11 -6 -4 -11
right_child=1 7 5 4 10 8 -8 -9 -10 13 -12 -13 -14 -15
leaf_value=0.022152635623290323 0.0025561888164235907 0.015021095465348256 0.0048022170542937051 -0.018351840858874716 -0.0073665532764250656 -0.0048008793232592589 0.010515933410079281 0.0037972963780525306 0.0077636362691720735 -0.0027360415117808584 -0.0036213995570478254 -0.018144987542565178 -0.0043441707785736331 0.010596332978597908
leaf_weight=1870.0247139781713 2219.9757014960051 1651.2878133505583 1723.2202315628529 1999.8456578552723 5688.9746982008219 1146.3051347583532 3050.3760038614273 4309.3247730731964 4518.7658427208662 1119.3621372878551 6622.7290221750736 1477.7579832971096 9466.3250561505556 1549.6358746737242
leaf_count=9326 9588 7612 7558 8372 24052 5101 14427 19342 19965 4988 28269 6248 41211 6903
internal_value=2.49188e-05 -0.00166937 -0.00303598 -0.00689156 -0.00822069 0.000522247 0.0149745 0.00692661 0.00521728 -0.00139936 -0.00673917 -0.00961122 -0.00293257 0.00501547
internal_weight=48413.9 43493.5 37532.9 18009.3 15789.3 19523.6 4920.4 5960.61 5665.07 13858.5 13789.5 7166.73 11189.5 2669
internal_count=212962 189209 162255 76529 66941 85726 23753 26954 25066 60660 58569 30300 48769 11891
is_linear=0
shrinkage=0.03


Tree=21
num_leaves=15
num_cat=0
split_feature=245 126 224 248 245 224 248 229 245 231 222 231 229 134
split_gain=1455.92 581.317 398.457 326.675 306.596 277.305 318.712 269.118 353.181 266.561 252.313 237.94 391.169 321.935
threshold=-0.099302399903535829 58.500000000000007 3.5000000000000004 0.71212121844291698 -0.075226172804832445 66.500000000000014 0.6111111342906953 67.500000000000014 -0.049028217792510979 22.500000000000004 23.500000000000004 91.500000000000014 5.5000000000000009 39.500000000000007
decision_type=2 8 10 2 2 10 2 8 2 10 10 10 10 10
left_child=2 3 -1 4 -2 6 -4 11 -9 -8 -5 12 -3 -13
right_child=1 7 5 10 -6 -7 9 8 -10 -11 -12 13 -14 -15
leaf_value=0.023677955123530471 0.0072162112272639908 0.013879614926627091 0.018234205071358544 -0.017498760066449934 -0.005125343897086721 0.028890481338542467 -0.02669637461882313 0.016169304078382164 0.00094278702476885141 0.0030819543938658154 0.00084121623512494435 -0.026344264216092862 -0.0010922523267828392 -0.0022355002818659222
leaf_weight=2132.7989479750395 2038.0687140077353 1850.676898509264 1220.1790548413992 2971.2570788413286 15750.522422000766 500.16426742076874 291.40761913359165 2318.5195615589619 3337.2929161787033 2632.1068495064974 871.6204624325037 682.07891230285168 10065.7253729105 1789.9064649939537
leaf_count=10573 8828 8229 5796 12563 67127 2349 1268 10685 14971 11884 3717 2996 44155 8061
internal_value=8.14816e-05 -0.0020164 0.0129672 -0.00542595 -0.00370809 0.00800768 0.00542353 0.00166402 0.0072022 3.28487e-05 -0.0133476 -0.00051643 0.00124264 -0.00896702
internal_weight=48452.3 41675.7 6776.66 21631.5 17788.6 4643.86 4143.69 20044.2 5655.81 2923.51 3842.88 14388.4 11916.4 2471.99
internal_count=213202 181332 31870 92235 75955 21297 18948 89097 25656 13152 16280 63441 52384 11057
is_linear=0
shrinkage=0.03


Tree=22
num_leaves=15
num_cat=0
split_feature=245 24 120 226 248 226 243 126 55 245 248 226 248 248
split_gain=1348.11 577.762 505.192 434.968 335.805 390.196 282.288 284.512 230.136 223.407 217.277 214.21 406.649 301.807
threshold=-0.099302399903535829 94.500000000000014 59.500000000000007 6.5000000000000009 0.60101011395454418 54.500000000000007 -0.10160019248723982 76.500000000000014 7.5000000000000009 -0.048126962035894387 0.71212121844291698 66.500000000000014 0.58080807328224193 0.69191917777061474
decision_type=2 8 10 10 2 10 2 10 10 2 2 10 2 2
left_child=3 2 8 -1 -5 6 -6 -8 -2 -3 -7 13 -13 -4
right_child=1 9 11 4 5 10 7 -9 -10 -11 -12 12 -14 -15
leaf_value=0.02224825201938356 -0.015789727652753612 0.013935613131845796 0.00098291962630920552 0.020174397578058501 -0.041352121369682138 -0.0067280317288675008 -0.0085960328168477873 0.014410272128294906 -0.0058221609568822174 0.0017434840216184648 0.031246575342574457 -0.00067394199975194925 0.021258078766671313 -0.008298669604483706
leaf_weight=2495.1245098263025 2427.3709015101194 2332.4428791254759 11205.513279616833 1157.8852560222149 162.59679439663887 180.62058283388615 1564.8436590880156 688.38650217652321 14655.21026468277 3208.9994185864925 498.89417035877705 2271.7837386578321 1133.565029874444 4376.6709259301424
leaf_count=12304 10144 10810 49196 5530 780 808 6887 3320 62253 14437 2287 10002 5114 19051
internal_value=-0.000101641 -0.00211958 -0.00350542 0.0123261 0.00646678 0.00129067 -0.00437406 -0.00153474 -0.00724692 0.00689112 0.0212014 -0.000137248 0.00666761 -0.00162771
internal_weight=48359.9 41611.6 36070.1 6748.35 4253.23 3095.34 2415.83 2253.23 17082.6 5541.44 679.515 18987.5 3405.35 15582.2
internal_count=212923 181007 155760 31916 19612 14082 10987 10207 72397 25247 3095 83363 15116 68247
is_linear=0
shrinkage=0.03


Tree=23
num_leaves=15
num_cat=0
split_feature=236 252 126 120 231 229 248 233 248 231 231 248 140 241
split_gain=1221.39 457.416 424.275 215.572 192.28 365.642 238.742 177.274 156.098 186.769 223.854 169.325 155.767 153.299
threshold=-0.093172028660774217 0.041681231930851943 73.500000000000014 52.500000000000007 88.500000000000014 26.500000000000004 0.55050507187843334 15.500000000000002 0.60101011395454418 72.500000000000014 92.500000000000014 0.82323232293128978 30.500000000000004 -1.1705012321472166
decision_type=2 2 8 10 10 10 2 10 2 10 10 2 10 8
left_child=2 3 8 12 6 -6 -5 -8 -1 -10 -11 -12 -2 -3
right_child=1 13 -4 4 5 -7 7 -9 9 10 11 -13 -14 -15
leaf_value=0.0080434566804417247 -0.011345296404541676 -0.0024548743958705634 0.013472598162446262 -0.0046222607031370802 -0.019450553117763909 0.0072485806714042544 -0.0075287686790400394 0.0075544753923315255 -0.0050102969141295004 0.018984301941290745 -0.017481544015463361 0.0099301792341434259 -0.0044737645298906599 0.005187229766554933
leaf_weight=3166.6100603938103 6124.2068798542023 3689.8807485103607 6192.989157423377 5905.1825168728828 1390.9032784700394 682.07676358520985 864.69909718632698 3551.0935464650393 2993.3974195569754 783.38827510178089 387.33869607746601 404.93540276587009 5795.1613618135452 6532.9335530102253
leaf_count=14342 25682 16172 29605 25494 6051 3018 3722 15334 13042 3535 1745 1872 24657 29234
internal_value=0.000130887 -0.00289366 0.00762696 -0.00513177 -0.00235864 -0.0106731 -0.000679968 0.00459054 0.00293573 -0.000614035 0.00771678 -0.00352213 -0.00801093 0.00242914
internal_weight=48464.8 34536.1 13928.7 24313.3 12394 2072.98 10321 4415.79 7735.67 4569.06 1575.66 792.274 11919.4 10222.8
internal_count=213505 149364 64141 103958 53619 9069 44550 19056 34536 20194 7152 3617 50339 45406
is_linear=0
shrinkage=0.03


Tree=24
num_leaves=15
num_cat=0
split_feature=242 230 118 230 226 79 140 10 226 246 147 226 228 139
split_gain=1004.71 693.909 408.794 376.783 473.298 332.42 214.745 232.347 187.504 187.019 168.912 141.178 151.141 137.775
threshold=0.025176117196679119 11.500000000000002 74.500000000000014 80.500000000000014 4.5000000000000009 47.500000000000007 32.500000000000007 64.500000000000014 66.500000000000014 0.03740720450878144 19.500000000000004 41.500000000000007 58.500000000000007 48.500000000000007
decision_type=8 10 10 10 8 10 10 10 10 2 10 10 10 10
left_child=3 -2 9 4 5 10 7 11 -5 -3 -1 12 -6 -8
right_child=1 2 -4 8 6 -7 13 -9 -10 -11 -12 -13 -14 -15
leaf_value=0.020983419619380623 0.012441333819787393 -0.0054227528012376781 0.0080957063574249623 -0.019093197993147626 -0.012679708669001862 -0.012268504322649205 -0.00051934038578599687 -0.020033746610076328 0.0049706945750539171 0.0033879045796044757 0.0045470899959109074 -0.0030212802307591938 0.01524865252517695 -0.0080129219797987882
leaf_weight=790.24918030202389 7029.0947733968496 6605.7882740199566 4854.8782450407743 301.11739808320999 4426.6383325606585 823.15858376026154 4386.4636594355106 1946.9808912575245 4645.5205935537815 3217.1750573515892 1923.2819177508354 2778.6061884909868 173.39500592648983 4439.7008566707373
leaf_count=3633 33095 28431 22192 1298 18847 3573 19137 8150 20489 14231 8654 11651 734 18913
internal_value=-9.199e-05 0.00469762 0.000983276 -0.0039957 -0.00569933 0.00433113 -0.00765497 -0.0108284 0.00347028 -0.00253661 0.00939324 -0.00837555 -0.0115962 -0.00429353
internal_weight=48342 21706.9 14677.8 26635.1 21688.5 3536.69 18151.8 9325.62 4946.64 9822.96 2713.53 7378.64 4600.03 8826.16
internal_count=213028 97949 64854 115079 93292 15860 77432 39382 21787 42662 12287 31232 19581 38050
is_linear=0
shrinkage=0.03


Tree=25
num_leaves=15
num_cat=0
split_feature=245 242 226 222 63 178 245 226 120 222 226 4 119 226
split_gain=1229.98 710.928 391.374 341.144 333.337 226.531 219.441 206.468 211.429 241.021 204.175 213.306 177.111 174.175
threshold=-0.099302399903535829 0.031649326905608184 6.5000000000000009 23.500000000000004 75.500000000000014 1.5000000000000002 -0.20480131357908246 81.500000000000014 50.500000000000007 6.5000000000000009 54.500000000000007 6.5000000000000009 35.500000000000007 66.500000000000014
decision_type=2 8 10 10 10 10 2 10 10 8 10 10 10 10
left_child=2 4 -1 6 7 -3 -4 8 9 -2 11 -8 -7 -10
right_child=1 5 3 -5 -6 12 10 -9 13 -11 -12 -13 -14 -15
leaf_value=0.021461373980609204 -0.026266062853909852 0.014550218012547793 0.033308114026338806 0.026105761488845278 0.0011174121667491199 -0.004997099272022818 -0.0094255496793739652 0.00016801249678608313 -0.0056406761887171902 -0.0090160841321874092 0.016299182508171903 0.0075008683813597467 0.0058414725430160673 0.0067644059325309511
leaf_weight=2465.5275319963694 803.27744194865227 1967.2091730087996 189.54534138739109 657.76334622502327 8646.9026105552912 1817.4356988221407 1645.861067160964 4337.1751985400915 10250.441453412175 7401.1385769695044 623.14656639099121 1116.1721807569265 5271.6397692114115 1122.4980549663305
leaf_count=12379 3344 9350 987 3153 37612 7861 7510 18827 44194 31115 2836 5135 23849 4893
internal_value=5.92608e-05 -0.00186181 0.0119807 0.00642043 -0.00392959 0.00556893 0.00273553 -0.00575417 -0.00706559 -0.0107349 0.000930625 -0.00258299 0.00305965 -0.00441144
internal_weight=48315.7 41617.7 6698.02 4232.49 32561.4 9056.28 3574.73 23914.5 19577.4 8204.42 3385.18 2762.03 7089.08 11372.9
internal_count=213045 181045 32000 19621 139985 41060 16468 102373 83546 34459 15481 12645 31710 49087
is_linear=0
shrinkage=0.03


Tree=26
num_leaves=15
num_cat=0
split_feature=236 252 126 29 106 243 249 78 148 7 63 79 119 106
split_gain=1035.93 432.658 412.878 156.609 151.877 144.715 155.632 135.105 142.007 265.431 124.983 122.306 121.409 150.6
threshold=-0.097253862768411622 0.037224428728222854 77.500000000000014 99.500000000000014 36.500000000000007 -0.062983479350805269 0.91414141654968273 9.5000000000000018 8.5000000000000018 2.5000000000000004 58.500000000000007 89.500000000000014 17.500000000000004 8.5000000000000018
decision_type=2 2 8 8 10 2 2 10 10 10 10 10 10 10
left_child=2 4 5 7 11 -1 12 8 9 -3 -9 -2 13 -7
right_child=1 3 -4 -5 -6 6 -8 10 -10 -11 -12 -13 -14 -15
leaf_value=0.0093736097058593256 -0.0069549615322468247 0.010908783377327771 0.014109933727566533 0.012552996963713283 -0.00011375647603446299 -0.040524350169777547 -0.032767169500928568 -0.00082936218576301656 -0.001062262611313621 -0.03252050172018283 0.0062574682451798733 0.00060920330323093646 0.0022517998170837206 -0.00018396012489752472
leaf_weight=2167.7918679565191 17074.187405720353 180.5543399900198 5020.6168220192194 1142.5440439283848 4750.6098995357752 127.62718991935253 116.2682021856308 4758.3618477880955 1448.5372704565525 384.38280582427979 4217.880315259099 2166.2443895637989 4596.2948465198278 211.18371964991093
leaf_count=10196 72449 821 24472 5407 20459 532 511 20839 6430 1659 18748 9425 20453 923
internal_value=-2.79141e-05 -0.00258384 0.00751136 0.00203198 -0.00491794 0.00290916 0.000121916 0.000927748 -0.00607676 -0.0186921 0.00250395 -0.00610345 0.000961458 -0.016106
internal_weight=48363.1 36123.3 12239.8 12132.3 23991 7219.17 5051.37 10989.7 2013.47 564.937 8976.24 19240.4 4935.11 338.811
internal_count=213324 156237 57087 53904 102333 32615 22419 48497 8910 2480 39587 81874 21908 1455
is_linear=0
shrinkage=0.03


Tree=27
num_leaves=15
num_cat=0
split_feature=245 242 66 224 140 245 106 228 233 105 131 224 178 143
split_gain=1075.94 614.71 347.046 340.991 275.647 244.776 226.798 214.943 187.222 130.471 137.215 126.527 125.63 122.25
threshold=-0.099302399903535829 0.024443628266453746 54.500000000000007 3.5000000000000004 44.500000000000007 -0.045207045972347253 17.500000000000004 34.500000000000007 36.500000000000007 30.500000000000004 57.500000000000007 82.500000000000014 96.500000000000014 52.500000000000007
decision_type=2 8 8 10 10 2 10 10 10 10 10 10 8 8
left_child=3 4 9 -1 6 11 8 13 -2 -3 -11 -6 -4 -5
right_child=1 2 12 7 5 -7 -8 -9 -10 10 -12 -13 -14 -15
leaf_value=0.021438315062094388 -0.019540093149069761 0.0027139769139782211 0.0045648289504283211 -0.0016083105252874311 0.00016562203843697583 -0.007372492100068755 -0.0042626121586646698 0.024916136354362069 -0.008358154942303608 -0.0065917068621674721 0.0038897856205340276 0.011427857280521701 0.013203888536971889 0.0088696347785773393
leaf_weight=2030.9726412445307 2152.5839928537607 3876.280474036932 7083.7655898034573 1760.9870576411486 5230.6263620853424 4009.1332601159811 6171.9784285873175 505.98769745230675 3655.6100871115923 5002.667333111167 1441.7507811039686 1073.8976359665394 1925.3009328097105 2307.5875934511423
leaf_count=10473 8974 17035 31733 7874 22689 17308 26089 2462 15323 21506 6389 4821 9160 10982
internal_value=-4.47324e-06 -0.00179026 0.00212451 0.0112341 -0.00518398 -0.0015863 -0.0082773 0.00666678 -0.0125288 -0.00163084 -0.00424438 0.00209906 0.00642365 0.00434168
internal_weight=48229.1 41623.6 19329.8 6605.53 22293.8 10313.7 11980.2 4574.56 5808.19 10320.7 6444.42 6304.52 9009.07 4068.57
internal_count=212818 181027 85823 31791 95204 44818 50386 21318 24297 44930 27895 27510 40893 18856
is_linear=0
shrinkage=0.03


Tree=28
num_leaves=15
num_cat=0
split_feature=236 242 76 226 120 226 242 248 249 226 226 192 60 130
split_gain=976.423 467.45 284.232 283.858 274.512 256.639 205.066 204.43 284.124 178.373 176.567 165.22 156.766 159.866
threshold=-0.1149521842598915 0.025176117196679119 86.500000000000014 81.500000000000014 75.500000000000014 3.5000000000000004 0.04037140496075154 0.49999998509883886 0.055555555969476707 66.500000000000014 9.5000000000000018 86.500000000000014 68.500000000000014 14.500000000000002
decision_type=2 8 8 10 10 10 8 2 2 10 8 10 10 10
left_child=5 3 10 4 12 -1 11 -5 -9 -6 -3 -7 13 -2
right_child=1 2 -4 7 9 6 -8 8 -10 -11 -12 -13 -14 -15
leaf_value=0.019795222210063593 -0.015870327494232297 0.0077035110424189777 0.011102833074890475 -0.0029751658205343897 -0.0027458851470177716 0.0012733966728410194 0.018276863296944165 -0.0015955118381456661 0.021442764477812983 0.013624028769373561 -0.0011575431482359398 0.017288203382416767 -0.0035030529465423566 -0.0076179318442943659
leaf_weight=1842.2247218340635 3434.9523485898972 2437.6560380011797 2629.3838731497526 2860.1311600357294 6029.6458417773247 3618.705565571785 1108.7554557919502 983.96375897526741 931.58083412051201 655.09282055497169 11679.729055374861 680.8421556353569 3800.1565497517586 5568.5375015586615
leaf_count=9508 14315 11018 12212 12366 26242 16835 5439 4211 4265 2919 51099 3208 16138 23304
internal_value=6.85931e-06 -0.00178801 0.00206656 -0.00444814 -0.00605381 0.0101476 0.00683084 0.00210317 0.00966179 -0.00112371 0.000376869 0.00384361 -0.00862492 -0.0107804
internal_weight=48261.4 41010.8 16746.8 24264.1 19488.4 7250.53 5408.3 4775.68 1915.54 6684.74 14117.4 4299.55 12803.6 9003.49
internal_count=213079 178089 74329 103760 82918 34990 25482 20842 8476 29161 62117 20043 53757 37619
is_linear=0
shrinkage=0.03


Tree=29
num_leaves=15
num_cat=0
split_feature=238 66 236 98 120 226 140 230 231 226 249 230 230 231
split_gain=1038.2 441.289 275.271 266.251 277.426 221.042 214.347 159.018 250.32 287.632 229.261 149.874 134.167 190.883
threshold=-0.2042557820677757 76.500000000000014 -0.095132976770400987 42.500000000000007 98.500000000000014 12.500000000000002 27.500000000000004 71.500000000000014 88.500000000000014 4.5000000000000009 0.015151515137404205 1.5000000000000002 46.500000000000007 91.500000000000014
decision_type=10 8 2 10 10 10 10 8 10 10 2 10 10 10
left_child=11 3 -3 4 5 -2 -7 8 9 -4 -10 -1 13 -6
right_child=1 2 7 -5 12 6 -8 -9 10 -11 -12 -13 -14 -15
leaf_value=0.022213001351530946 0.0014422983049105723 0.010937616358271871 0.016846196241364488 0.0019879889394639194 0.0098086371557106755 -0.010405355640071876 -0.0040697941882275671 0.0064628774480941604 -0.044063753279785491 -0.0020838378862680067 -0.008277265472205796 0.010112683247191777 0.01967678132857513 -0.017689871168868596
leaf_weight=1448.5810587108135 3468.8977431356907 3215.0363264232874 865.4415133446455 6802.4653639644384 712.49939309060574 8369.8166071474552 11322.22478736937 2995.4247141182423 177.60247609019279 4123.665020480752 1202.1510961800814 2598.9476661831141 526.24167233705521 321.44022868573666
leaf_count=7676 15235 15096 3799 29831 3185 35190 48639 13579 763 17811 5315 12750 2388 1457
internal_value=-3.45499e-05 -0.00137028 0.00337843 -0.00326569 -0.00471156 -0.00553699 -0.00676655 0.000774235 -0.0019072 0.00122701 -0.0131676 0.0144874 0.0074992 0.0011721
internal_weight=48150.4 44102.9 12579.3 31523.6 24721.1 23160.9 19692 9364.28 6368.86 4989.11 1379.75 4047.53 1560.18 1033.94
internal_count=212714 192288 56363 135925 106094 99064 83829 41267 27688 21610 6078 20426 7030 4642
is_linear=0
shrinkage=0.03


Tree=30
num_leaves=15
num_cat=0
split_feature=238 242 230 245 230 245 231 228 137 117 248 120 233 26
split_gain=1019.97 489.312 364.218 325.53 321.09 273.165 313.669 435.993 259.73 257.962 256.994 246.629 223.267 207.088
threshold=-0.2042557820677757 0.025176117196679119 80.500000000000014 -0.046991223469376557 11.500000000000002 -0.099302399903535829 91.500000000000014 8.5000000000000018 29.500000000000004 74.500000000000014 0.73232322931289684 49.500000000000007 13.500000000000002 7.5000000000000009
decision_type=10 8 10 2 10 2 8 8 10 10 2 8 10 10
left_child=-1 2 5 -4 -3 -2 11 8 -8 10 -6 13 -13 -7
right_child=1 4 3 -5 9 6 7 -9 -10 -11 -12 12 -14 -15
leaf_value=0.014550459688465614 0.0040572592060231375 0.0089715681955051963 0.011027401102185036 -0.004415493140908478 -0.0010755081924514554 -0.021833992755040894 -0.048262701037331733 -0.0043160460803218547 -0.017465638235963737 0.0065904766563683499 -0.018676589057558628 -0.011063996478201166 0.00029495935468052244 -0.0074789027172684954
leaf_weight=3996.746867403388 2311.2310456037521 4979.5894256532192 2486.0174213647842 2411.1051791459322 8814.0529206544161 1052.0635336488485 461.11658231914043 1063.8281358629465 555.46592403948307 3874.6136134266853 805.85964220762253 1980.6303068548441 7152.9738942086697 6291.6570962071419
leaf_count=20297 10482 23100 11171 10432 38230 4309 1943 4557 2407 17660 3421 8454 30554 26160
internal_value=5.62057e-05 -0.00125623 -0.00392714 0.00343057 0.00246904 -0.00565452 -0.00686559 -0.0178186 -0.0317691 6.46923e-05 -0.00256781 -0.0054727 -0.00217765 -0.00956231
internal_weight=48237 44240.2 25766.1 4897.12 18474.1 20869 18557.7 2080.41 1016.58 13494.5 9619.91 16477.3 9133.6 7343.72
internal_count=213177 192880 110469 21603 82411 88866 78384 8907 4350 59311 41651 69477 39008 30469
is_linear=0
shrinkage=0.03


Tree=31
num_leaves=15
num_cat=0
split_feature=238 126 230 230 231 243 248 209 231 226 248 222 10 140
split_gain=930.077 457.769 250.305 298.014 259.499 293.751 232.236 206.502 184.004 230.258 202.045 221.504 165.282 239.2
threshold=-0.2042557820677757 60.500000000000007 71.500000000000014 15.500000000000002 91.500000000000014 -0.038234418258070939 0.49999998509883886 52.500000000000007 88.500000000000014 7.5000000000000009 0.81313130259513866 12.500000000000002 2.5000000000000004 26.500000000000004
decision_type=10 8 8 10 10 2 2 10 10 10 2 10 10 10
left_child=-1 7 3 8 5 -5 -4 12 9 -3 11 -10 -2 -14
right_child=1 2 6 4 -6 -7 -8 -9 10 -11 -12 -13 13 -15
leaf_value=0.013814756696322525 0.004758944478727988 0.016815674461510274 0.0033148014157758977 0.009025820809010647 -0.020660477687175369 -0.005526524808104144 0.01625244356884032 -0.010993328698369824 -0.016970285116328421 0.0020391072764290134 0.015497889177637621 0.0039892400234646476 -0.0076370384297490225 -0.00086711753368386569
leaf_weight=4002.1825456470251 2251.7304851412773 1770.8222150355577 3999.7914701104164 1616.6537482887506 745.62537696957588 5362.7926013916731 1810.2747978270054 3277.6896207630634 890.82046250998974 2038.9137781709433 468.50180883705616 908.27552501857281 8322.1265858709812 10773.710203453898
leaf_count=20450 9900 8026 18226 7177 3252 23266 8577 13779 4038 9085 2240 4107 35131 46090
internal_value=-1.58942e-05 -0.00126999 0.00214899 -5.11914e-05 -0.00395892 -0.00214766 0.00736685 -0.00399276 0.00491438 0.00893352 -0.00184764 -0.00642529 -0.00291326 -0.00381996
internal_weight=48239.9 44237.7 19612.5 13802.4 7725.07 6979.45 5810.07 24625.3 6077.33 3809.74 2267.6 1799.1 21347.6 19095.8
internal_count=213344 192894 87994 61191 33695 30443 26803 104900 27496 17111 10385 8145 91121 81221
is_linear=0
shrinkage=0.03


Tree=32
num_leaves=15
num_cat=0
split_feature=238 246 243 242 127 126 244 238 232 52 139 147 148 118
split_gain=885.112 310.143 301.669 209.209 204.499 189.729 162.831 141.576 125.219 159.614 135.864 112.575 104.703 97.4552
threshold=-0.14467854797840116 0.03740720450878144 -0.050886129960417741 0.032445546239614494 4.5000000000000009 94.500000000000014 0.094444546848535552 -0.25262157618999476 87.500000000000014 33.500000000000007 37.500000000000007 56.500000000000007 1.5000000000000002 96.500000000000014
decision_type=10 2 2 8 8 10 2 10 10 10 10 10 8 8
left_child=2 5 7 13 -3 8 -6 -1 9 -2 -11 -7 -9 -4
right_child=1 4 3 -5 6 11 -8 12 -10 10 -12 -13 -14 -15
leaf_value=0.023653935469815028 -0.0088167274769499135 -0.014257271467168143 -0.0026144022563937925 0.010428210961788064 0.0021997859433103614 0.013714936462590577 0.020602942687147754 -0.0048658224408380168 0.00055778151035478169 0.0031410180962765238 -0.0049994668647409908 -0.0016619715332124561 0.012203645418175486 0.0070002352157102644
leaf_weight=931.43790577352047 8579.1249819248915 645.7853549271822 3712.9674953967333 2521.6636601984501 9509.9633332639933 792.15733608603477 443.61181673407555 355.08918671309948 3349.6791891753674 2272.3082002550364 9673.9303819388151 915.76881773769855 3139.0982174426317 1263.3342244029045
leaf_count=5189 36219 2739 16368 12133 42236 3552 2101 1718 14328 9822 41249 4090 15115 5974
internal_value=-4.05525e-06 -0.00234024 0.00708117 0.00340719 0.00197353 -0.00412757 0.00303983 0.013284 -0.0048189 -0.00569621 -0.00344972 0.00550835 0.0104601 -0.000164389
internal_weight=48105.9 36182.3 11923.6 7497.97 10599.4 25583 9953.58 4425.63 23875 20525.4 11946.2 1707.93 3494.19 4976.3
internal_count=212833 156336 56497 34475 47076 109260 44337 22022 101618 87290 51071 7642 16833 22342
is_linear=0
shrinkage=0.03


Tree=33
num_leaves=15
num_cat=0
split_feature=126 240 252 209 248 230 230 140 230 121 121 10 140 10
split_gain=592.578 384.548 263.178 213.41 165.666 156.725 300.451 218.75 190.264 172.201 160.466 155.659 196.616 136.883
threshold=59.500000000000007 -0.055484069511294358 0.061673263087868697 39.500000000000007 0.31818181276321417 71.500000000000014 14.500000000000002 88.500000000000014 26.500000000000004 26.500000000000004 47.500000000000007 2.5000000000000004 27.500000000000004 70.500000000000014
decision_type=8 10 2 10 2 8 10 10 10 10 10 10 10 10
left_child=3 -2 4 11 -3 6 7 10 -8 -9 -6 -1 13 -13
right_child=1 2 -4 -5 5 -7 8 9 -10 -11 -12 12 -14 -15
leaf_value=0.0053426810073209565 0.013312060038935704 -0.0049990628264734212 0.007282505828802837 -0.0095978729661708763 0.016273075851796524 0.0092119722467625641 -0.015061868928399233 -0.040699816284118631 -0.0011252054354189641 0.0028451761241487191 0.0027185859513435594 -0.0044922140135653932 -7.5406226451638883e-05 -0.014578661750659526
leaf_weight=2331.5428276509047 3111.4466064274311 4482.289109736681 5937.8437778502703 3884.7578180730343 1408.4011344909668 2095.7684074938297 1293.5743747353554 139.97390578687191 2729.2627407610416 176.96951910853386 1774.2821098417044 6990.9283094704151 10284.200570359826 1459.7786806821823
leaf_count=10394 15392 19672 28151 16329 6390 9695 5608 616 11826 811 8054 29761 44133 6116
internal_value=6.0871e-05 0.003517 0.0019902 -0.00314587 -0.000242013 0.00197776 -4.72588e-05 0.0063712 -0.00563288 -0.0170425 0.0087489 -0.00195209 -0.00286229 -0.00624972
internal_weight=48101 23149.8 20038.4 24951.2 14100.5 9618.23 7522.46 3499.63 4022.84 316.943 3182.68 21066.5 18734.9 8450.71
internal_count=212948 106215 90823 106733 62672 43000 33305 15871 17434 1427 14444 90404 80010 35877
is_linear=0
shrinkage=0.03


Tree=34
num_leaves=15
num_cat=0
split_feature=242 230 230 226 243 231 225 248 243 243 248 231 77 229
split_gain=670.568 489.783 280.371 340.948 309.561 434.873 307.329 286.224 269.725 257.366 362.557 265.743 253.198 237.383
threshold=0.025176117196679119 3.5000000000000004 80.500000000000014 4.5000000000000009 -0.092150788754224763 77.500000000000014 40.500000000000007 0.49999998509883886 -0.085815604776144014 -0.052727436646819108 0.62121212482452404 92.500000000000014 12.500000000000002 10.500000000000002
decision_type=8 10 10 8 2 10 10 2 2 2 2 8 10 10
left_child=2 -2 3 4 -1 -6 -7 -4 -5 10 -10 -12 -11 -13
right_child=1 -3 7 8 5 6 -8 -9 9 12 11 13 -14 -15
leaf_value=0.030888497345082078 0.012889669056278943 0.0016727051015481417 -0.0019599343733428796 -0.031830541612275359 0.012750398879073458 0.0018504439941689854 -0.024020657897065194 0.013205345945328054 -0.019182343854977458 -0.014209300075445306 0.015852526117978535 -0.033320312600273912 -0.0050403949376801515 0.015134796573496069
leaf_weight=336.45762360095978 4399.8490097671747 17064.861120387912 3217.3042541742325 354.19353632628918 1488.367604419589 940.25397624075413 725.47533091902733 1706.5622939616442 477.35725992918015 3487.9991968274117 1411.1147168725729 204.16472378373146 12151.104257449508 150.32132805883884
leaf_count=1793 21879 76273 13969 1649 6517 4354 3149 7847 2029 14776 6112 914 51152 677
internal_value=3.15833e-05 0.0039769 -0.00314631 -0.00461085 0.00397027 0.00101026 -0.00949331 0.00331231 -0.00625462 -0.00573052 0.0037595 0.0100353 -0.00709311 -0.0129212
internal_weight=48115.4 21464.7 26650.7 21726.8 3490.55 3154.1 1665.73 4923.87 18236.3 17882.1 2242.96 1765.6 15639.1 354.486
internal_count=213090 98152 114938 93122 15813 14020 7503 21816 77309 75660 9732 7703 65928 1591
is_linear=0
shrinkage=0.03


Tree=35
num_leaves=15
num_cat=0
split_feature=245 237 238 245 228 231 244 231 244 248 222 244 243 248
split_gain=864.436 350.133 253.522 234.64 408.385 308.917 340.33 256.72 379.082 224.925 214.148 194.83 187.767 188.686
threshold=-0.099302399903535829 0.047338899224996574 -0.25262157618999476 -0.071516510099172578 12.500000000000002 76.500000000000014 0.0019962895894423132 92.500000000000014 0.0045758008491247901 0.74242421984672557 89.500000000000014 0.00043702292896341538 -0.054462255910038941 0.7929292917251588
decision_type=2 2 10 2 8 10 2 10 2 2 10 2 2 2
left_child=2 3 -1 4 7 6 -6 11 -9 -3 -7 -2 -5 -14
right_child=1 9 -4 12 5 10 -8 8 -10 -11 -12 -13 13 -15
leaf_value=0.024306915608145754 -0.051405213499496984 0.004438460734879429 0.0076146193550878736 -0.018665302900900446 -0.041616385676366656 0.024323750373210409 0.0047028573426130997 0.040572719997542014 -0.035344777457704479 -0.0098005373648922447 -0.025632638822541128 -0.0017651102841673547 -0.0040113755846034327 -0.033094111394932561
leaf_weight=956.04981137812138 63.04727129638195 9714.9832023084164 5527.6017697453499 838.93561904132366 139.76538217067719 1049.6465825289488 3057.968131840229 59.394444152712822 452.47051349282265 1103.2188252210617 75.298241540789604 2800.2184881567955 21979.963605061173 192.84665979444981
leaf_count=5488 262 44146 26455 3607 602 4719 13167 258 1954 4919 346 12047 93962 804
internal_value=-6.9313e-05 -0.00166058 0.0101096 -0.00329532 0.00123744 0.0073358 0.00255493 -0.00657161 -0.025927 0.00297869 0.0207835 -0.00303326 -0.00481148 -0.00427913
internal_weight=48011.4 41527.8 6483.65 30709.6 7697.81 4322.68 3197.73 3375.13 511.865 10818.2 1124.94 2863.27 23011.7 22172.8
internal_count=212736 180793 31943 131728 33355 18834 13769 14521 2212 49065 5065 12309 98373 94766
is_linear=0
shrinkage=0.03


Tree=36
num_leaves=15
num_cat=0
split_feature=245 242 126 125 120 76 248 245 228 248 231 245 231 228
split_gain=859.425 460.112 279.858 240.345 223.344 193.74 179.963 207.303 235.425 178.786 241.266 265.791 163.88 432.081
threshold=-0.099302399903535829 0.031191507354378704 76.500000000000014 3.5000000000000004 96.500000000000014 87.500000000000014 0.7929292917251588 -0.075686518102884279 12.500000000000002 0.6111111342906953 22.500000000000004 -0.10338006913661955 92.500000000000014 6.5000000000000009
decision_type=2 8 8 10 10 8 2 2 10 2 10 2 10 10
left_child=2 3 9 -2 5 6 7 8 -5 -1 11 -11 -6 -14
right_child=1 -3 -4 4 12 -7 -8 -9 -10 10 -12 -13 13 -15
leaf_value=0.015280351226360884 -0.011484138337870486 0.004159262819176124 0.017768033783748135 -0.0091799322781947554 0.0082820866407852904 0.0029035800088323687 -0.01383165375227702 -0.0048651315570208539 0.011786715526575646 -0.039257023298239158 0.0040613199731123224 0.024296683663669293 -0.027252789746179437 0.010541731771348354
leaf_weight=1087.0620011389256 2981.4686484485865 9389.1523432731628 2554.5888406336308 708.0036054700613 2659.7295399457216 3582.1751246154308 1745.6104353517294 18051.228104874492 1461.4186818748713 229.76954533159733 2527.607233658433 71.095285564661026 461.33420756459236 635.64893184602261
leaf_count=5406 12517 43061 13665 3007 11899 15660 7380 76558 6337 1004 11631 302 2047 2932
internal_value=-0.000103104 -0.00168307 0.0100608 -0.00338282 -0.00255496 -0.00355934 -0.00461413 -0.00381195 0.0049334 0.00499989 0.0010089 -0.0239406 0.00426686 -0.00545529
internal_weight=48145.9 41675.8 6470.12 32286.6 29305.1 25548.4 21966.3 20220.7 2169.42 3915.53 2828.47 300.865 3756.71 1096.98
internal_count=213406 181398 32008 138337 125820 108942 93282 85902 9344 18343 12937 1306 16878 4979
is_linear=0
shrinkage=0.03


Tree=37
num_leaves=15
num_cat=0
split_feature=136 29 119 232 243 130 243 239 224 138 240 246 35 231
split_gain=565.361 297.403 219.933 204.119 199.284 191.854 156.188 135.765 114.851 124.879 103.44 104.214 114.854 113.439
threshold=3.5000000000000004 97.500000000000014 48.500000000000007 87.500000000000014 -0.092150788754224763 10.500000000000002 -0.056920476257801049 -0.035226650536060326 6.5000000000000009 69.500000000000014 -0.056229302659630769 0.022021403536200527 67.500000000000014 88.500000000000014
decision_type=10 8 10 10 2 10 2 8 10 10 10 2 10 8
left_child=4 2 5 7 -1 -2 -7 -4 -5 -10 -6 13 -13 -12
right_child=1 -3 3 8 10 6 -8 -9 9 -11 11 12 -14 -15
leaf_value=0.02281877515304654 -0.014023359436725051 0.0078058785162568424 0.0048286738996857516 -0.0039366460411015859 0.014197674202596119 0.0063498300260071139 -0.0045934150519977906 -0.0023022106509041074 0.011862359218499745 -0.010645008874815081 0.0023289582036234856 0.0085903511637805963 -0.010993193127236678 -0.016723864148889579
leaf_weight=713.48890006542206 1770.5004366338253 3012.1764573901892 2799.9625428617001 696.23798187077045 1177.8441959917545 1290.9245399087667 12113.536861374974 16594.297071918845 2330.8009050935507 237.3746972233057 1186.9031776934862 3461.7118410766125 283.74944353103638 357.84915527701378
leaf_count=4097 7375 14055 12740 3239 6019 5639 50886 72829 10400 1039 5264 16437 1355 1614
internal_value=0.000114359 -0.00125098 -0.00197393 -0.000101651 0.00787083 -0.00476764 -0.00353557 -0.00127076 0.00682684 0.0097488 0.00618924 0.00438278 0.00708141 -0.0021639
internal_weight=48027.4 40845.8 37833.6 22658.7 7181.55 15175 13404.5 19394.3 3264.41 2568.18 6468.06 5290.21 3745.46 1544.75
internal_count=212988 178202 164147 100247 34786 63900 56525 85569 14678 11439 30689 24670 17792 6878
is_linear=0
shrinkage=0.03


Tree=38
num_leaves=15
num_cat=0
split_feature=120 226 24 215 243 231 134 244 229 140 243 243 231 244
split_gain=584.011 390.68 430.681 240.383 238.812 208.475 245.394 180.975 192.406 174.98 166.285 258.418 226.977 212.965
threshold=98.500000000000014 12.500000000000002 96.500000000000014 34.500000000000007 -0.085815604776144014 88.500000000000014 46.500000000000007 0.027071763761341575 7.5000000000000009 27.500000000000004 -0.087502673268318162 -0.048800015822052949 58.500000000000007 0.013958563562482597
decision_type=8 10 8 10 2 10 10 2 10 10 2 2 10 2
left_child=1 4 3 9 -1 -6 7 8 -7 10 12 -12 -3 -13
right_child=-2 2 -4 -5 5 6 -8 -9 -10 -11 11 13 -14 -15
leaf_value=0.020384695488212645 0.0087519807368367508 0.019103187864827072 0.0078776567360890927 -0.0098039381682072709 0.0059595847130218069 -0.032678648309532959 0.0030312790337242938 0.011542330988916249 0.0051849938388704242 -0.00057369794691130096 0.0044185833097016942 -0.011786395675990441 -0.042561430722045046 -0.0015728757132043478
leaf_weight=766.64189094305038 6071.3048982322216 64.204780235886574 3150.2997196167707 4947.2595348060131 5644.4958347976208 526.49822413921356 1323.2488169670105 149.92067208886147 152.6618484556675 15383.856290712953 2052.6191069930792 4437.0258557200432 213.95946496725082 3136.9752096235752
leaf_count=3929 29866 312 14616 20854 25050 2309 6108 694 665 66929 8958 18408 984 13378
internal_value=6.35218e-05 -0.00119573 -0.00266201 -0.00376239 0.00451728 0.00293296 -0.00499523 -0.0176893 -0.0242159 -0.00257707 -0.00568493 -0.00500698 -0.0281592 -0.00756384
internal_weight=48021 41949.7 33386.2 30235.9 8563.47 7796.83 2152.33 829.081 679.16 25288.6 9904.78 9626.62 278.164 7574
internal_count=213060 183194 144439 129823 38755 34826 9776 3668 2974 108969 42040 40744 1296 31786
is_linear=0
shrinkage=0.03


Tree=39
num_leaves=15
num_cat=0
split_feature=238 137 245 245 237 98 60 249 148 209 245 238 245 178
split_gain=748.064 295.335 346.404 275.734 207.602 194.39 170.183 164.776 152.417 126.868 114.101 110.229 101.27 106.85
threshold=-0.14553904533386228 59.500000000000007 -0.071516510099172578 -0.20480131357908246 0.13462726771831515 42.500000000000007 71.500000000000014 0.51010099053382885 2.5000000000000004 80.500000000000014 -0.075226172804832445 -0.091735180467367158 -0.044388592243194573 15.500000000000002
decision_type=10 8 2 2 2 10 8 2 10 10 2 10 2 8
left_child=3 5 7 -1 12 9 8 -3 -5 11 -10 -2 13 -4
right_child=1 2 4 6 -6 -7 -8 -9 10 -11 -12 -13 -14 -15
leaf_value=0.029754109930139171 -0.0025914602165040281 0.014499431719862335 -0.011736919175241393 -0.010647052531663894 0.010448410016507904 0.0012687819131814288 0.010833242760301787 -0.0050480970687845498 0.0082649042155114767 -0.013325271471651995 0.00041998334540498887 -0.0075193817577425175 -0.0055275680876655216 0.0023302304870116896
leaf_weight=437.06303003430367 9295.9265804886818 2201.260580971837 541.15279631316662 658.29062913358212 1252.8844638764858 4695.1314349323511 3817.4932538866997 465.4452643096447 3364.2462904602289 1713.5868038982153 3303.220509827137 7301.491997808218 4845.8336490094662 4100.3376242369413
leaf_count=2627 39475 10242 2376 3136 5831 20335 18834 2178 16240 7136 14834 30474 21170 18134
internal_value=-7.47535e-07 -0.00211311 0.00142546 0.00663745 -0.000980132 -0.00417495 0.0057049 0.0110815 0.00302136 -0.00557072 0.00438479 -0.00476256 -0.00249878 0.000668431
internal_weight=47993.4 36413.1 13406.9 11580.3 10740.2 23006.1 11143.3 2666.71 7325.76 18311 6667.47 16597.4 9487.32 4641.49
internal_count=213022 157351 59931 55671 47511 97420 53044 12420 34210 77085 31074 69949 41680 20510
is_linear=0
shrinkage=0.03


Tree=40
num_leaves=15
num_cat=0
split_feature=245 226 222 101 237 245 140 231 244 243 139 245 226 231
split_gain=727.441 318.385 330.324 286.49 275.994 239.654 245.745 221.379 283.077 299.8 219.527 181.862 187.921 180.607
threshold=-0.099302399903535829 6.5000000000000009 23.500000000000004 3.5000000000000004 0.041681231930851943 -0.071516510099172578 55.500000000000007 92.500000000000014 0.0029926361748948698 -0.045008767396211617 35.500000000000007 -0.20480131357908246 54.500000000000007 92.500000000000014
decision_type=2 10 8 8 2 2 10 10 2 2 8 2 10 10
left_child=1 -1 11 -2 5 6 7 8 9 -5 -10 -3 13 -13
right_child=3 2 -4 4 -6 -7 -8 -9 10 -11 -12 12 -14 -15
leaf_value=0.018448894058919946 -0.010035656890259077 0.03041811202157562 0.024176310985948819 0.0051310435615890843 0.0031359560920629524 -0.0039278760087654435 0.011776249570758533 -0.021487199846644281 0.01199366130441812 -0.038960016032008986 -0.0034625341238308537 -0.00063189969213800414 0.014444732576555543 -0.0212217523143448
leaf_weight=2283.2949909418821 3165.0875333547592 167.09856350719929 635.64247828722 253.52862122654915 11897.680527105927 20378.66119684279 1896.1048684120178 424.0836401283741 1681.3341611921787 291.25067329406738 1611.5787502229214 2257.9542184174061 587.86916425824165 452.00542677938938
leaf_count=12419 13383 970 3200 1089 54090 86878 8544 1806 7301 1212 6819 10474 2743 2194
internal_value=7.29816e-05 0.00949401 0.00447496 -0.00137471 -0.00065905 -0.00236109 0.00282196 -0.00118014 0.0011139 -0.0187184 0.00444169 0.000801565 -0.000786505 -0.00413156
internal_weight=47983.2 6383.86 4100.57 41599.3 38434.2 26536.5 6157.88 4261.78 3837.69 544.779 3292.91 3464.93 3297.83 2709.96
internal_count=213122 32000 19581 181122 167739 113649 26771 18227 16421 2301 14120 16381 15411 12668
is_linear=0
shrinkage=0.03


Tree=41
num_leaves=15
num_cat=0
split_feature=245 226 24 120 226 248 243 226 248 229 53 245 233 122
split_gain=746.074 292.716 289.897 283.894 277.586 292.668 308.903 267.83 287.212 211.121 186.599 175.59 171.183 168.57
threshold=-0.099302399903535829 6.5000000000000009 95.500000000000014 75.500000000000014 54.500000000000007 0.60101011395454418 -0.10160019248723982 66.500000000000014 0.59090909361839306 33.500000000000007 7.5000000000000009 -0.047774229198694222 70.500000000000014 40.500000000000007
decision_type=2 10 8 10 10 2 2 10 2 10 10 2 10 10
left_child=1 -1 3 10 5 9 -7 13 -9 -3 12 -4 -2 -5
right_child=2 4 11 7 -6 6 -8 8 -10 -11 -12 -13 -14 -15
leaf_value=0.018355693119804135 -0.01571853180903279 0.022152159507988597 0.012196609078318687 0.0043232737566083913 0.019076527964914644 -0.044352525546464787 -0.001751802390664517 0.0025527919734704913 0.024548739153971742 -0.024550075435658989 -0.0032340491088085248 0.00067188024856970011 -0.0002579249954585605 -0.0034567107350090202
leaf_weight=2246.5138837844133 2169.9371979534626 683.80066624283791 2032.9758733808994 3833.6934333145618 938.6243881881237 154.76753702759743 2195.3659095168114 1493.3388165682554 824.23981182277203 91.223374351859093 20258.290573701262 2852.1488934457302 915.58828784525394 7195.491028636694
leaf_count=12332 9023 3535 9863 16929 4539 757 10172 6685 3894 450 85661 13112 3834 32012
internal_value=8.44361e-05 0.00968772 -0.00137511 -0.00228949 0.00486265 0.000546358 -0.0047333 0.00119994 0.0104474 0.0164124 -0.00428422 0.00548309 -0.0111465 -0.000750958
internal_weight=47886 6310.3 41575.7 36690.6 4063.78 3125.16 2350.13 13346.8 2317.58 775.024 23343.8 4885.12 3085.53 11029.2
internal_count=212798 31785 181013 158038 19453 14914 10929 59520 10579 3985 98518 22975 12857 48941
is_linear=0
shrinkage=0.03


Tree=42
num_leaves=15
num_cat=0
split_feature=245 249 24 224 248 245 224 245 248 108 231 224 111 248
split_gain=658.783 312.727 289.287 284.004 268.988 266.2 241.379 235.016 258.895 240.857 236.841 297.981 260.394 210.549
threshold=-0.099302399903535829 0.085858587175607695 79.500000000000014 3.5000000000000004 0.73232322931289684 -0.049276018515229218 66.500000000000014 -0.071516510099172578 0.78282830119133007 15.500000000000002 81.500000000000014 29.500000000000004 23.500000000000004 0.6111111342906953
decision_type=2 2 8 10 2 2 10 2 2 10 8 10 8 2
left_child=3 7 4 -1 -3 -4 13 8 -2 -10 11 -9 -12 -5
right_child=1 2 5 6 -6 -7 -8 10 9 -11 12 -13 -14 -15
leaf_value=0.01877788479202434 0.0067554222159277953 0.00022222689099114928 0.012804036703695917 0.013327509514186384 -0.011599830502175165 0.0013325970268512094 0.025105069381807954 0.0018097706121613681 -0.013520624909939487 0.0071730194315815527 -0.030992517856746907 -0.0080437700950593063 -0.007390302482175334 -0.0019146176404558036
leaf_weight=1879.177901700139 3135.4891484677792 12544.998423591256 2968.6764301210642 1132.8723973035812 1999.5858729481697 4689.5995822697878 464.24442487955093 4192.1178779602051 1491.6507436037064 755.90567508339882 670.34736423194408 8069.6619893759489 1125.5893653333187 2841.9235808551311
leaf_count=10567 13600 54828 14049 5858 8678 21220 2378 17700 6309 3252 2849 33930 4863 13161
internal_value=1.26859e-05 -0.00135747 0.0010751 0.00903129 -0.00140992 0.00579032 0.00487234 -0.00413477 0.00119408 -0.00655992 -0.00617471 -0.00467626 -0.0163228 0.00245215
internal_weight=47961.8 41643.6 22202.9 6318.22 14544.6 7658.28 4439.04 19440.8 5383.05 2247.56 14057.7 12261.8 1795.94 3974.8
internal_count=213242 181278 98775 31964 63506 35269 21397 82503 23161 9561 59342 51630 7712 19019
is_linear=0
shrinkage=0.03


Tree=43
num_leaves=15
num_cat=0
split_feature=245 242 63 245 148 178 118 243 248 224 248 244 126 242
split_gain=604.688 364.884 210.143 180.948 204.389 178.436 141.74 155.106 207.143 162.4 264.467 186.239 138.879 138.024
threshold=-0.11046205461025237 0.031649326905608184 72.500000000000014 -0.20480131357908246 2.5000000000000004 3.5000000000000004 27.500000000000004 -0.07447489351034163 0.77272728085517894 21.500000000000004 0.57070705294609081 0.0063802294898778209 36.500000000000007 0.013368219602853062
decision_type=2 8 10 2 8 10 8 2 2 10 2 2 10 10
left_child=3 2 13 -1 -5 -3 -6 8 9 10 -8 -12 -7 -2
right_child=1 5 -4 4 6 12 7 -9 -10 -11 11 -13 -14 -15
leaf_value=0.028980934480171326 -0.01341028074985101 0.01108550613300216 0.0010904107987068467 -0.0080922375221140729 -0.01449559416296315 -0.0043852517062227475 0.019559228443557019 0.018986887016321282 0.027441489861778027 0.022500313976464167 0.027483531011396882 -0.021714401585223954 0.0046180718371124857 -0.0035365423291021788
leaf_weight=428.21636283397675 1341.0424529463053 2424.0493429601192 9938.245644852519 558.99415969848633 171.77362225949764 2294.0842118859291 251.25040191411972 1696.0727936327457 293.93057817220688 212.42824824154377 69.777111887931824 582.25048980116844 4654.7835264503956 22931.904997140169
leaf_count=2691 5632 12005 43407 2782 773 9972 1401 8540 1645 1122 374 2991 21523 97988
internal_value=-9.07582e-05 -0.00114658 -0.00258335 0.0106769 0.00856387 0.00409478 0.0114206 0.012896 0.00548525 -0.000491466 -0.00608572 -0.0161138 0.0016437 -0.00408735
internal_weight=47848.8 43584.1 34211.2 4264.69 3836.48 9372.92 3277.48 3105.71 1409.64 1115.71 903.278 652.028 6948.87 24272.9
internal_count=212846 190527 147027 22319 19628 43500 16846 16073 7533 5888 4766 3365 31495 103620
is_linear=0
shrinkage=0.03


Tree=44
num_leaves=15
num_cat=0
split_feature=238 238 81 120 242 229 245 35 245 252 29 224 246 222
split_gain=619.762 253.074 252.464 203.691 166.439 151.926 231.834 121.967 119.807 114.15 116.226 113.271 108.239 103.774
threshold=-0.13511709123849866 -0.23278804123401639 60.500000000000007 77.500000000000014 0.03057259134948254 59.500000000000007 -0.060136104002594941 6.5000000000000009 -0.075226172804832445 0.13887317478656772 8.5000000000000018 82.500000000000014 0.054675634950399406 74.500000000000014
decision_type=10 10 8 10 8 10 2 8 2 2 8 10 2 10
left_child=1 13 3 7 11 -5 -7 -2 -4 10 -10 -3 -9 -1
right_child=2 4 8 5 -6 6 -8 12 9 -11 -12 -13 -14 -15
leaf_value=0.016775891349019696 -0.011974038413089026 0.0001380756960116431 0.011999446263565002 -0.0013357525494611386 0.0084859491315308205 0.027710849590038458 0.00065825130624732556 -0.0051161874298844513 -0.02004564488805121 0.0095607021935432118 0.00027321659222871405 0.016791096359471108 0.0039660906084353067 -0.0033814015805705079
leaf_weight=2026.0450198501348 2163.7983232885599 7245.483620852232 997.4664219468832 5593.6933046281338 4080.8072031438351 431.62780813872814 805.82154297828674 14802.680629611015 253.88939641416073 1178.7554398030043 6347.9178871959448 377.25637571513653 1276.0394211411476 255.69128513336182
leaf_count=11468 8988 32559 4791 24397 19685 2090 3557 62101 1102 5519 27908 1802 5635 1315
internal_value=8.26603e-05 0.00539301 -0.00211217 -0.00364473 0.00360426 0.000773226 0.0102408 -0.00529861 0.00226463 0.00100283 -0.000537333 0.000983168 -0.00439338 0.0145122
internal_weight=47837 13985.3 33851.7 25073.7 11703.5 6831.14 1237.45 18242.5 8778.03 7780.56 6601.81 7622.74 16078.7 2281.74
internal_count=212917 66829 146088 106768 54046 30044 5647 76724 39320 34529 29010 34361 67736 12783
is_linear=0
shrinkage=0.03


Tree=45
num_leaves=15
num_cat=0
split_feature=238 226 81 242 226 228 248 147 118 249 248 233 226 145
split_gain=580.821 268.533 246.121 216.06 169.828 203.91 207.272 198.471 153.767 152.496 142.331 140.954 140.325 137.467
threshold=-0.13811810314655301 1.5000000000000002 63.500000000000007 0.032445546239614494 12.500000000000002 25.500000000000004 0.59090909361839306 18.500000000000004 97.500000000000014 0.1565656587481499 0.71212121844291698 61.500000000000007 70.500000000000014 46.500000000000007
decision_type=10 10 8 8 8 10 2 10 10 2 2 10 10 10
left_child=1 -1 4 8 7 10 9 -2 12 -7 -6 -8 -3 -12
right_child=2 3 -4 -5 5 6 11 -9 -10 -11 13 -13 -14 -15
leaf_value=0.014398406651077758 0.012586902127855985 -0.0037364390213658082 0.0025008748817685641 0.0094394493774393878 -0.0053799788319273062 -0.0069875068280634911 -0.00024377539861177375 -0.0017133831122800177 0.0091673986237978539 0.00075894306580327568 -0.023412843330231817 0.013744497826384155 0.0091884030786159622 -0.0092801427493746872
leaf_weight=2374.555674508214 1111.5392901301384 5015.1409328728914 7989.3712481409311 3453.6168433874846 5904.2105552852154 6379.850584551692 1697.8363620787859 3941.2323570102453 1420.7267005443573 3559.3736498951912 869.86994634568691 1038.4793598800898 880.15292523801327 2187.9558191299438
leaf_count=12635 4898 22391 35960 17157 24874 26689 7340 17133 7153 15513 3569 4496 3928 9231
internal_value=-8.07381e-05 0.00528709 -0.00211617 0.00326668 -0.00349864 -0.00465464 -0.00220296 0.00145113 0.000343842 -0.00421542 -0.00811588 0.00509573 -0.0017945 -0.0133637
internal_weight=47823.9 13144.2 34679.7 10769.6 26690.3 21637.6 12675.5 5052.77 7316.02 9939.22 8962.04 2736.32 5895.29 3057.83
internal_count=212967 63264 149703 50629 113743 91712 54038 22031 33472 42202 37674 11836 26319 12800
is_linear=0
shrinkage=0.03


Tree=46
num_leaves=15
num_cat=0
split_feature=245 249 245 222 119 29 101 245 244 231 229 41 245 248
split_gain=606.184 269.883 259.999 445.655 245.662 237.334 204.237 218.596 188.134 187.928 330.766 223.116 186.055 178.227
threshold=-0.11046205461025237 0.085858587175607695 -0.071516510099172578 23.500000000000004 17.500000000000004 99.500000000000014 2.5000000000000004 -0.044388592243194573 0.0078412052243948 81.500000000000014 6.5000000000000009 19.500000000000004 -0.064535409212112413 0.73232322931289684
decision_type=2 2 2 10 8 8 10 2 2 8 8 8 2 2
left_child=4 2 3 -2 -1 6 -3 8 -8 10 -4 -11 -12 -10
right_child=1 5 9 -5 -6 -7 7 -9 13 11 12 -13 -14 -15
leaf_value=-0.025998833916401263 -0.0034755824838664249 -0.011645504346763246 0.011474698282179433 0.014051768227815982 0.012307217267295013 0.011930219072788054 0.013645037017349544 -0.002760993990901343 0.0040850580233259444 -0.02840628219502786 -0.015376564425668994 -0.0065234136469179953 -0.0043419690112488901 -0.0057653609832223176
leaf_weight=147.29067109525204 4527.6360691487789 1185.7556299120188 1067.5942230969667 1823.1562716066837 4095.6576128154993 1727.7917494177818 1471.3388279825449 7956.1793331205845 8825.5563126057386 667.67070916295052 1599.6103565692902 1121.8987980931997 9571.6191860884428 2024.3961820602417
leaf_count=643 19587 5095 4590 8040 21809 8681 6530 34859 39619 2817 6719 4842 40134 9080
internal_value=0.000108648 -0.000946392 -0.00346429 0.00157027 0.0109194 0.00126676 0.000403195 0.00111315 0.003615 -0.00574298 -0.00440763 -0.0148002 -0.00593435 0.00224354
internal_weight=47813.2 43570.2 20379.2 6350.79 4242.95 23191 21463.2 20277.5 12321.3 14028.4 12238.8 1789.57 11171.2 10850
internal_count=213045 190593 86729 27627 22452 103864 95183 90088 55229 59102 51443 7659 46853 48699
is_linear=0
shrinkage=0.03


Tree=47
num_leaves=15
num_cat=0
split_feature=236 98 226 226 231 226 242 226 60 224 222 137 224 243
split_gain=498.442 252.923 161.316 234.794 233.89 159.016 157.136 164.599 155.413 153.878 170.641 168.198 146.643 161.936
threshold=-0.10927389189600943 42.500000000000007 81.500000000000014 12.500000000000002 88.500000000000014 3.5000000000000004 0.034474896267056472 54.500000000000007 49.500000000000007 32.500000000000007 6.5000000000000009 48.500000000000007 63.500000000000007 -0.082376264035701738
decision_type=2 8 10 8 10 10 8 10 10 10 10 10 10 2
left_child=5 2 3 4 9 -1 7 8 -7 10 -2 -11 13 -6
right_child=1 -3 -4 -5 12 6 -8 -9 -10 11 -12 -13 -14 -15
leaf_value=0.014412312107505579 0.00022743537777883643 0.0026850263780391344 0.0018334550820035308 -0.0054037120695720883 0.024053319131963541 -0.0088199322043952012 0.011779264061601312 0.010425094042774126 0.0045500406229270875 -0.013134246349223477 0.015515938234623782 0.0097558629167846939 0.021034182843955661 -0.016764185729748492
leaf_weight=1906.7295533120632 1102.5939477086067 10566.959745973349 5611.577885389328 18369.562332034111 87.193067520856857 1596.7834536880255 1871.044888228178 1280.0910619944334 1516.3643939048052 684.74006475508213 1617.0916095077991 485.32709911465645 116.37362660467625 981.96826849877834
leaf_count=10790 4800 47387 24613 77684 431 7351 9594 6030 7310 2959 7083 2153 519 4302
internal_value=0.000103875 -0.00128777 -0.00273299 -0.00382629 0.00188245 0.00684566 0.00452322 0.00141319 -0.00231392 0.00543787 0.00934133 -0.00363754 -0.00973084 -0.0132434
internal_weight=47794.4 39623.4 29056.4 23444.9 5075.29 8171.01 6264.28 4393.24 3113.15 3889.75 2719.69 1170.07 1185.53 1069.16
internal_count=213006 171931 124544 99931 22247 41075 30285 20691 14661 16995 11883 5112 5252 4733
is_linear=0
shrinkage=0.03


Tree=48
num_leaves=15
num_cat=0
split_feature=238 126 242 224 233 52 226 147 224 54 43 143 224 192
split_gain=574.198 295.594 227.308 163.842 134.271 177.815 109.351 120.209 108.043 118.574 113.621 113.998 99.8053 145.44
threshold=-0.2042557820677757 53.500000000000007 0.022657497785985473 82.500000000000014 45.500000000000007 13.500000000000002 8.5000000000000018 17.500000000000004 6.5000000000000009 57.500000000000007 26.500000000000004 52.500000000000007 2.5000000000000004 1.0000000180025095e-35
decision_type=10 8 8 10 10 8 8 10 10 10 10 10 10 8
left_child=12 4 3 6 5 -2 7 -3 9 -6 11 -10 -1 -14
right_child=1 2 -4 -5 8 -7 -8 -9 10 -11 -12 -13 13 -15
leaf_value=0.017819278320870588 -0.014591343101249314 0.015741020225154004 0.0043719958113578022 0.007373752773155569 -0.022629852770262492 -0.004116645198318729 -0.005012370736093028 -0.0010704886307279044 0.00023916700692140663 -0.0025847754565942634 -0.0028634929752920694 0.011160949466541266 -0.010692296646289026 0.010495388851814004
leaf_weight=1337.1029963046312 1822.6627629846334 479.7740620225668 11611.363625869155 1535.1052004992962 423.39171746373177 7221.5429758429527 7031.9825024008751 1747.5484692752361 3059.5896193534136 693.75722499191761 7246.608485236764 1186.7029618322849 330.47152180969715 2083.7166668176651
leaf_count=7936 7632 2215 53588 7082 1847 30587 30240 7841 12942 3011 30615 5145 1738 10809
internal_value=5.12521e-06 -0.000955145 0.00146026 -0.00167299 -0.0034539 -0.00624138 -0.00317919 0.00260495 -0.00145129 -0.0103151 -0.000581485 0.00331051 0.0112563 0.00756292
internal_weight=47811.3 44060 22405.8 10794.4 21654.3 9044.21 9259.31 2227.32 12610.1 1117.15 11492.9 4246.29 3751.29 2414.19
internal_count=213228 192745 100966 47378 91779 38219 40296 10056 53560 4858 48702 18087 20483 12547
is_linear=0
shrinkage=0.03


Tree=49
num_leaves=15
num_cat=0
split_feature=238 242 66 229 248 233 123 119 10 226 76 148 137 63
split_gain=491.33 282.685 324.395 254.629 257.082 184.557 130.574 129.597 134.778 126.03 115.064 121.385 142.986 116.066
threshold=-0.21515430510044095 0.019884190522134308 49.500000000000007 68.500000000000014 0.43939393758773809 14.500000000000002 77.500000000000014 81.500000000000014 5.5000000000000009 66.500000000000014 86.500000000000014 12.500000000000002 89.500000000000014 57.500000000000007
decision_type=10 8 8 10 2 10 10 10 10 8 10 8 10 8
left_child=-1 3 7 5 -5 -2 -6 8 -3 -9 11 12 -4 -13
right_child=1 2 10 4 6 -7 -8 9 -10 -11 -12 13 -14 -15
leaf_value=0.01166831926929583 -0.013353160408742704 0.0041068793540649387 -0.0015060818565469187 -0.0037375299585202461 0.016774388338036482 -0.0042330346586007678 -0.021953870508092832 0.00061966291117879473 -0.0047166957037973042 0.017222105942223301 0.0087565420705100292 -0.00071315212180050012 -0.027658599966084576 0.0059698523724997891
leaf_weight=3027.655245423317 2582.1266007125378 1807.5729597955942 1077.2790800184011 1769.348782196641 1127.3983984738588 8779.1054347604513 75.682197436690331 2120.3716582506895 10976.243788003922 500.83700455725193 3470.1030005514622 3601.5425164550543 218.31220707297325 6650.7678021788597
leaf_count=16900 10865 8015 4807 7602 5225 37126 357 9626 46749 2308 16117 15993 973 30493
internal_value=-7.37439e-06 -0.00079963 0.000837023 -0.00427157 0.00353663 -0.00631573 0.0141772 -0.00222098 -0.00346685 0.00384531 0.00397322 0.00252952 -0.00609098 0.00362377
internal_weight=47784.3 44756.7 30423 14333.7 2972.43 11361.2 1203.08 15405 12783.8 2621.21 15018 11547.9 1295.59 10252.3
internal_count=213156 196256 135081 61175 13184 47991 5582 66698 54764 11934 68383 52266 5780 46486
is_linear=0
shrinkage=0.03


Tree=50
num_leaves=15
num_cat=0
split_feature=245 238 222 24 243 249 231 10 117 249 63 104 231 94
split_gain=536.693 284.2 268.603 250.993 250.959 236.114 199.026 182.365 164.42 161.285 159.62 153.435 194.764 138.428
threshold=-0.075686518102884279 -0.23278804123401639 19.500000000000004 77.500000000000014 -0.038478044793009751 0.085858587175607695 86.500000000000014 80.500000000000014 80.500000000000014 0.015151515137404205 72.500000000000014 6.5000000000000009 99.500000000000014 29.500000000000004
decision_type=2 10 8 8 2 2 8 8 10 2 8 10 10 10
left_child=1 -1 3 4 11 6 7 9 -6 -2 -7 -3 -13 -14
right_child=5 2 -4 -5 8 10 -8 -9 -10 -11 -12 12 13 -15
leaf_value=0.017424705568329139 0.0051853103616869515 -0.0046415465596316837 0.010077149259578562 0.014780157030861715 -0.020227356483180907 -0.0016744795260257024 -0.01476005478463214 -0.0095030283960250237 -0.0013948881461807226 -0.0036260913300770678 0.0042451340077500196 0.0067945362914946699 -0.039736437623047634 0.0059247400508181218
leaf_weight=1472.6921127587557 2444.9196426123381 2239.4919411689043 3924.12165376544 996.32217200100422 883.37343983352184 11917.141309648752 1576.8789466768503 3437.4258014112711 785.83783392608166 7836.4840839356184 6236.8523051887751 3784.4049147069454 133.97339817881584 98.219950675964355
leaf_count=8971 10147 10417 18402 4786 3689 52212 6740 14689 3487 32846 28493 17248 628 481
internal_value=0.000127138 0.00498543 0.00354689 0.00066653 -0.00112414 -0.00195336 -0.00469798 -0.00353151 -0.0114224 -0.00152774 0.000360437 0.00163743 0.00514117 -0.0209742
internal_weight=47768.1 14318.4 12845.7 8921.62 7925.3 33449.7 15295.7 13718.8 1669.21 10281.4 18154 6256.09 4016.6 232.193
internal_count=213236 68109 59138 40736 35950 145127 64422 57682 7176 42993 80705 28774 18357 1109
is_linear=0
shrinkage=0.03


Tree=51
num_leaves=15
num_cat=0
split_feature=238 245 24 226 237 245 106 226 231 245 70 231 231 239
split_gain=497.437 260.433 299.341 268.193 243.486 193.766 182.505 224.467 283.998 182.057 192.638 169.811 149.452 139.651
threshold=-0.21515430510044095 -0.075686518102884279 78.500000000000014 12.500000000000002 0.10702777281403543 -0.079050879925489412 11.500000000000002 54.500000000000007 65.500000000000014 -0.099302399903535829 47.500000000000007 22.500000000000004 92.500000000000014 0.0039679280016571292
decision_type=10 2 8 10 2 2 10 10 10 2 10 10 10 10
left_child=-1 2 3 5 -3 9 7 12 -9 11 13 -2 -5 -11
right_child=1 4 -4 6 -6 -7 -8 8 -10 10 -12 -13 -14 -15
leaf_value=0.011881278841464471 -0.030066286340771693 -0.0028566742672014398 0.013845839772133056 -0.0094891205499139809 0.0069878724320062173 0.029565416396430136 0.0028001013684731116 -0.0083075851685956627 0.022146336270879814 -0.013158448780448218 0.016423489479590662 0.014458969713894591 -0.033431458580225837 0.0088446669997867145
leaf_weight=3009.2585788369179 71.839885324239731 29937.40376585722 1923.6996233761311 2279.7732684165239 2436.3376434147358 317.19974730908871 3099.9429101794958 671.64069819450378 453.14269950985909 945.0169502645731 397.60890719294548 1589.5458741337061 254.55346743762493 348.53564015030861
leaf_count=16981 340 128220 9533 9787 11400 1411 13698 2935 2080 4126 1785 8182 1124 1559
internal_value=9.55255e-05 -0.000699919 0.00300453 0.000993394 -0.00211388 0.00751136 -0.00255133 -0.00708025 0.00404846 0.00534301 -0.00158777 0.0123653 -0.0120159 -0.00720754
internal_weight=47735.5 44726.2 12352.5 10428.8 32373.7 3669.75 6759.05 3659.11 1124.78 3352.55 1691.16 1661.39 2534.33 1293.55
internal_count=213161 196180 56560 47027 139620 17403 29624 15926 5015 15992 7470 8522 10911 5685
is_linear=0
shrinkage=0.03


Tree=52
num_leaves=15
num_cat=0
split_feature=245 242 126 230 231 228 249 245 120 230 106 237 231 231
split_gain=492.926 279.206 277.242 271.734 250.1 371.024 217.954 202.231 198.704 179.486 163.295 162.999 140.751 147.415
threshold=-0.093968823552131639 0.025081661529839042 75.500000000000014 80.500000000000014 91.500000000000014 6.5000000000000009 0.84343436360359203 -0.046991223469376557 75.500000000000014 18.500000000000004 11.500000000000002 0.027413159608840946 25.500000000000004 55.500000000000007
decision_type=2 8 8 10 8 8 2 2 8 8 10 2 10 10
left_child=2 3 -1 4 8 6 -6 12 10 -7 -2 -3 -5 -14
right_child=1 11 -4 7 5 9 -8 -9 -10 -11 -12 -13 13 -15
leaf_value=0.0024747290531133858 -0.011311449871856996 -0.0018588914041482729 0.014352475918593623 0.026162813427613982 -0.035898656453586683 0.0081036102725915507 0.010853460002143012 -0.0030931686038505033 0.0011650083830090615 -0.014694800966396873 -0.0035883037891097911 0.0040253478996513581 -0.0064228350648452932 0.01157723785395157
leaf_weight=4603.6765031665564 3642.7794820666313 7347.1718600541353 2867.3259115070105 365.53971561789513 733.61724242568016 555.19140942394733 97.482622608542442 2422.2973172515631 4851.4600740522146 682.35563848912716 7619.4186970591545 9983.6834534853697 586.54516884684563 1307.1348306536674
leaf_count=21804 14953 31935 16180 1592 3088 2405 440 10432 20926 2875 31589 46108 2560 6084
internal_value=-2.4506e-05 -0.00134021 0.00704643 -0.00351645 -0.00517546 -0.0149724 -0.0303511 0.0029242 -0.00390924 -0.00448395 -0.00609419 0.00153117 0.00936112 0.00599747
internal_weight=47665.7 40194.7 7471 22863.8 18182.3 2068.65 831.1 4681.52 16113.7 1237.55 11262.2 17330.9 2259.22 1893.68
internal_count=212971 174987 37984 96944 76276 8808 3528 20668 67468 5280 46542 78043 10236 8644
is_linear=0
shrinkage=0.03


Tree=53
num_leaves=15
num_cat=0
split_feature=245 209 231 248 245 66 244 60 229 47 140 248 245 248
split_gain=434.591 229.561 202.012 239.255 288.462 160.091 154.442 151.601 144.678 129.126 148.512 156.035 124.98 153.769
threshold=-0.099302399903535829 47.500000000000007 22.500000000000004 0.56060606241226207 -0.10338006913661955 74.500000000000014 0.0551393460482359 49.500000000000007 67.500000000000014 18.500000000000004 16.500000000000004 0.71212121844291698 -0.071516510099172578 0.83333334326744091
decision_type=2 10 8 2 2 8 2 8 10 10 10 2 2 2
left_child=2 5 3 -1 -5 9 12 -4 -3 -2 11 -11 13 -7
right_child=1 8 7 4 -6 6 -8 -9 -10 10 -12 -13 -14 -15
leaf_value=0.021061899874793188 0.0026439457386608542 -0.0089627059056458184 0.0037694086857771839 -0.035170179655747175 0.018428178788452872 0.010747874138210394 0.01305919869781042 0.013795721795836985 0.0026541416967006256 -0.0042084467310647498 -0.0012042666969894339 -0.016943565190841583 -0.00029699408407357853 -0.011844354890914862
leaf_weight=163.62657263875008 5160.9650554358959 4712.5806755274534 2493.997608423233 316.42539717257023 117.73381273448467 1980.0284619778395 1165.6666912585497 2994.5146802663803 1207.7060492038727 3548.65146933496 14655.49198795855 1140.1045459657907 7602.2359435856342 305.45783777534962
leaf_count=876 22671 19848 12558 1425 524 9208 5724 16441 5357 14839 63057 4752 33980 1377
internal_value=-2.91066e-05 -0.00112809 0.00745016 -0.00899928 -0.0205479 -0.000216709 0.00277895 0.00925487 -0.00659245 -0.00156852 -0.00269318 -0.00733455 0.00155504 0.00768995
internal_weight=47565.2 41478.9 6086.3 597.786 434.159 35558.6 11053.4 5488.51 5920.29 24505.2 19344.2 4688.76 9887.72 2285.49
internal_count=212637 180813 31824 2825 1949 155608 50289 28999 25205 105319 82648 19591 44565 10585
is_linear=0
shrinkage=0.03


Tree=54
num_leaves=15
num_cat=0
split_feature=245 242 119 229 76 245 226 226 242 244 245 231 193 230
split_gain=403.75 289.962 229.999 211.869 211.217 166.794 152.803 218.255 245.852 206.036 224.252 180.142 140.932 143.478
threshold=-0.11046205461025237 0.019807722419500354 17.500000000000004 68.500000000000014 86.500000000000014 -0.051026809960603707 54.500000000000007 6.5000000000000009 0.027375092729926113 0.017710548825562004 -0.20480131357908246 22.500000000000004 71.500000000000014 5.5000000000000009
decision_type=2 8 8 10 8 2 8 10 8 2 2 10 10 10
left_child=2 3 -1 -2 12 -5 7 11 9 -9 -11 -4 13 -3
right_child=1 4 6 5 -6 -7 -8 8 -10 10 -12 -13 -14 -15
leaf_value=-0.026115367522080928 -0.0063365410283795038 0.0041946300129572199 -0.035487627002657125 0.011737604474489861 0.0066114733648505565 -0.0030110907848611142 0.025173884253541185 0.0036042552640476308 0.012755136846654656 0.024401660020795721 -0.03155431285077908 0.019155617915424451 0.0038642492372794749 -0.0026318294469268597
leaf_weight=151.3622260838747 10706.063206702471 3340.824097931385 47.586431369185448 1132.8807536065578 4847.6727348566055 1734.2972232252359 541.92068831622601 584.59156027436256 938.72737003862858 68.931510493159294 396.77334398031235 1362.5879785269499 5830.5093760043383 16019.069281592965
leaf_count=653 44785 15477 237 5262 22978 7428 3067 2701 5089 428 1888 8245 25625 69508
internal_value=8.54858e-05 -0.000760754 0.00908327 -0.00439809 0.000883759 0.00283696 0.0104978 0.00809105 0.00166822 -0.00826781 -0.0229331 0.0170748 -0.000220676 -0.00145227
internal_weight=47703.8 43611.3 4092.48 13573.2 30038.1 2867.18 3941.12 3399.2 1989.02 1050.3 465.705 1410.17 25190.4 19359.9
internal_count=213371 191063 22308 57475 133588 12690 21655 18588 10106 5017 2316 8482 110610 84985
is_linear=0
shrinkage=0.03


Tree=55
num_leaves=15
num_cat=0
split_feature=238 244 230 215 242 104 248 231 249 230 231 228 231 148
split_gain=459.66 190.891 190.423 162.36 151.599 149.334 143.945 126.562 163.518 125.168 124.383 180.524 118.221 209.385
threshold=-0.14389257133007047 0.094444546848535552 3.5000000000000004 46.500000000000007 0.03212589584290982 85.500000000000014 0.85353535413742077 97.500000000000014 0.90404042601585399 81.500000000000014 99.500000000000014 8.5000000000000018 61.500000000000007 12.500000000000002
decision_type=10 2 10 10 10 10 2 10 2 10 8 8 10 10
left_child=2 3 5 10 7 6 -1 8 -4 -5 12 -12 -2 -14
right_child=1 -3 4 9 -6 -7 -8 -9 -10 -11 11 -13 13 -15
leaf_value=0.0095646452844405667 -0.0020689967856248001 0.018321348114993263 -0.001056200750937604 -0.0085185706117692304 0.0082890655956289628 -0.018761560640916573 0.027175482577465819 0.015891974768825073 -0.043213663017989276 0.0037069934575718281 -0.031534796537860461 -0.0029025855115897758 -0.0082321027265676236 0.0037367886652034908
leaf_weight=3134.1238919794559 18788.061753869057 416.175602003932 4704.1243532598019 4699.9796202629805 2714.5498104989529 139.5281203687191 477.84347398579121 383.81836089491844 74.304678067564964 891.36697442829609 278.10417309403419 642.54785965383053 1539.3168233335018 8716.6913669258356
leaf_count=16907 80288 2072 21179 19733 13611 715 2784 1988 332 3975 1192 3050 6685 38517
internal_value=3.68639e-05 -0.00163941 0.00521939 -0.00187813 0.00256382 0.0107735 0.0119631 -0.000456982 -0.00180063 -0.00656644 -0.00100141 -0.0117975 -0.000655243 0.00193412
internal_weight=47600.5 35972.2 11628.3 35556.1 7876.8 3751.5 3611.97 5162.25 4778.43 5591.35 29964.7 920.652 29044.1 10256
internal_count=213028 155512 57516 153440 37110 20406 19691 23499 21511 23708 129732 4242 125490 45202
is_linear=0
shrinkage=0.03


Tree=56
num_leaves=15
num_cat=0
split_feature=245 230 231 120 245 244 248 231 248 245 37 248 245 248
split_gain=402.443 205.723 266.154 303.981 241.794 233.158 314.854 190.653 245.673 262.542 188.245 185.484 182.578 212.611
threshold=-0.099302399903535829 80.500000000000014 91.500000000000014 49.500000000000007 -0.046991223469376557 0.0040264327544718989 0.67171716690063488 22.500000000000004 0.56060606241226207 -0.10338006913661955 9.5000000000000018 0.7222222387790681 -0.043979879468679421 0.7929292917251588
decision_type=2 8 8 10 2 2 2 8 2 2 10 2 2 2
left_child=7 2 3 10 -3 -4 -7 8 -1 -10 11 -2 13 -5
right_child=1 4 5 12 -6 6 -8 -9 9 -11 -12 -13 -14 -15
leaf_value=0.021895842449762691 -0.0073501727161825398 0.0082537185535466323 0.019131955631113601 0.004835354086965107 -0.001875718475245901 -0.0046938248803721711 -0.023371045742344745 0.0088460249105160316 -0.034138746556431801 0.017084705917949361 -0.0032789827619026995 -0.027081883482728216 -0.0035739712685070959 -0.0060080425057399568
leaf_weight=161.17606253921986 1457.214528799057 4054.3651079684496 225.1319330483675 10506.049844682217 4429.1462525427341 2142.0707582831383 1305.1728494316339 5451.925916403532 321.49437779188156 116.59479504823685 9776.1149780452251 604.78178782761097 5107.179278999567 1916.5603083223104
leaf_count=878 6014 19035 972 46020 19764 9630 5636 29106 1434 521 40908 2455 22302 8304
internal_value=-0.000141785 -0.00119559 -0.00226554 -0.00131177 0.00296927 -0.0098686 -0.0118124 0.00707953 -0.00887286 -0.0204289 -0.00502377 -0.0132402 0.00119644 0.00315895
internal_weight=47575 41523.8 33040.3 29367.9 8483.51 3672.38 3447.24 6051.19 599.265 438.089 11838.1 2062 17529.8 12422.6
internal_count=212979 181040 142241 126003 38799 16238 15266 31939 2833 1955 49377 8469 76626 54324
is_linear=0
shrinkage=0.03


Tree=57
num_leaves=15
num_cat=0
split_feature=238 226 242 226 237 231 231 229 249 243 231 137 231 173
split_gain=402.82 243.355 203.484 185.688 182.26 171.718 220.835 165.466 165.009 141.682 110.569 109.05 144.95 156.148
threshold=-0.12329819053411482 2.5000000000000004 0.033807707950472839 70.500000000000014 0.13462726771831515 92.500000000000014 97.500000000000014 5.5000000000000009 0.91414141654968273 -0.092150788754224763 99.500000000000014 59.500000000000007 91.500000000000014 18.500000000000004
decision_type=10 10 8 10 2 10 10 10 2 2 10 10 10 10
left_child=1 9 3 5 11 7 -7 -3 -9 -1 -11 12 -2 -14
right_child=4 2 -4 -5 -6 6 -8 8 -10 10 -12 -13 13 -15
leaf_value=0.023549015045039701 -0.003209317314135996 0.0088911914991883119 0.0081009791931414242 0.0085730873275798921 0.0080224320182776167 -0.023288463829558317 0.0027514929626538884 -0.001857123249261764 -0.038114297935291364 0.010245082086337292 -0.0079387589037729477 -9.9242408889754503e-05 -0.02989042631632096 -0.007155589711161996
leaf_weight=643.93758255243301 17552.221026286483 1395.4805359095335 3542.3068455755711 1766.2572317272425 1516.3469335734844 701.27487882971764 495.29068733751774 5696.7682095915079 105.30375836789608 2280.674497500062 338.95380312204361 10119.24816519022 362.79935885965824 1041.7313289493322
leaf_count=4180 73806 6635 17715 8114 7245 3295 2520 24926 467 11700 1704 44737 1514 4498
internal_value=-2.85885e-05 0.00367761 0.00192045 -0.000240176 -0.00208454 -0.00210262 -0.0125764 -0.000346372 -0.00257961 0.011027 0.00787103 -0.00261421 -0.00395596 -0.0131979
internal_weight=47558.6 16966.2 13702.7 10160.4 30592.3 8394.12 1196.57 7197.55 5802.07 3263.57 2619.63 29076 18956.8 1404.53
internal_count=213056 81256 63672 45957 131800 37843 5815 32028 25393 17584 13404 124555 79818 6012
is_linear=0
shrinkage=0.03


Tree=58
num_leaves=15
num_cat=0
split_feature=76 190 231 248 230 140 222 230 231 243 230 230 230 141
split_gain=285.672 221.564 160.112 214.919 285.26 299.986 223.523 209.226 246.41 322.636 277.031 275.37 207.447 196.45
threshold=91.500000000000014 88.500000000000014 60.500000000000007 0.71212121844291698 3.5000000000000004 50.500000000000007 6.5000000000000009 47.500000000000007 91.500000000000014 -0.037681292742490761 4.5000000000000009 20.500000000000004 36.500000000000007 41.500000000000007
decision_type=8 10 10 2 10 10 10 8 10 2 10 10 10 10
left_child=1 2 3 12 6 -6 -5 8 9 -4 -11 -10 -1 -9
right_child=-2 -3 7 4 5 -7 -8 13 11 10 -12 -13 -14 -15
leaf_value=0.0024378371025909856 0.0058460122217749398 0.0080847869641615718 0.0074168279362949183 -0.0046644329408133652 -0.01874737581100477 0.0017132417362998944 0.03180409343785711 -0.0062950518883578849 -0.0036472766315638807 0.015214840570170701 -0.008936467403514144 -0.023908395391381183 -0.0041368764282488759 0.0084976298258866659
leaf_weight=6796.470406383276 6555.376679867506 2323.0018566399813 3971.0350217670202 406.79360307753086 2335.5816845744848 887.30820992588997 228.82909543812275 986.66205364465714 2916.1791368275881 494.94113136827946 2795.7629287093878 753.03335869312286 11814.311376109719 4300.0520590543747
leaf_count=29769 31979 10473 18329 1781 9738 3894 1023 4241 14300 2247 12144 3194 50496 19476
internal_value=3.58848e-05 -0.000894054 -0.00143515 -0.00307426 -0.00950871 -0.0131264 0.00875378 0.000836309 -0.00153367 0.00166888 -0.00526888 -0.00785915 -0.00173584 0.00573019
internal_weight=47565.3 41010 38687 22469.3 3858.51 3222.89 635.623 16217.7 10931 7261.74 3290.7 3669.21 18610.8 5286.71
internal_count=213084 181105 170632 96701 16436 13632 2804 73931 50214 32720 14391 17494 80265 23717
is_linear=0
shrinkage=0.03


Tree=59
num_leaves=15
num_cat=0
split_feature=126 239 63 230 34 249 230 249 230 193 249 146 226 248
split_gain=305.224 235.396 168.655 214.449 147.457 122.675 118.453 126.776 113.858 122.448 112.878 117.535 102.077 99.2232
threshold=52.500000000000007 -0.044850351288914674 72.500000000000014 3.5000000000000004 12.500000000000002 0.27777777612209326 72.500000000000014 0.89393940567970287 36.500000000000007 72.500000000000014 0.83333334326744091 97.500000000000014 14.500000000000002 0.28787878155708319
decision_type=8 10 8 10 10 2 10 2 10 8 2 10 10 2
left_child=4 -2 3 10 -1 13 7 -5 -6 -10 11 12 -3 -4
right_child=1 2 5 6 8 -7 -8 -9 9 -11 -12 -13 -14 -15
leaf_value=-0.0061968305864912813 0.011007254137106496 0.011979002093861154 -0.0050103985980547014 -0.0036951467412485186 0.0021898549231779861 0.0088149486391731393 0.0026865045974313012 -0.031481354618966791 -0.006553415590102328 0.00061041496402641283 0.025484185137748135 -0.0086894855639651318 -0.0053574961862188891 0.0041512864632524404
leaf_weight=6985.830766454339 2467.7023172751069 1442.0744799375534 1459.1136470139027 8694.6283519268036 6191.6161671876907 3576.3092408850789 3038.9698810428381 140.56725391745567 4499.1164107471704 4096.7858447134495 261.64425846934319 446.21187993884087 380.87255536019802 3851.4819178879261
leaf_count=29834 12902 7083 6449 38344 26792 17632 13905 633 18887 17254 1413 2442 1718 17749
internal_value=6.00126e-06 0.00221579 0.00128004 -0.0007253 -0.00260817 0.00452769 -0.00241615 -0.00417231 -0.00090979 -0.00314241 0.00718619 0.00497379 0.00834738 0.00162938
internal_weight=47532.9 25759.6 23291.9 14405 21773.3 8886.9 11874.2 8835.2 14787.5 8595.9 2530.8 2269.16 1822.95 5310.6
internal_count=213037 120270 107368 65538 92767 41830 52882 38977 62933 36141 12656 11243 8801 24198
is_linear=0
shrinkage=0.03


Tree=60
num_leaves=15
num_cat=0
split_feature=238 238 137 60 231 224 231 229 10 224 140 222 244 231
split_gain=373.802 187.418 170.092 157.298 147.63 201.84 227.318 227.358 194.906 191.809 169.14 163.34 244.511 226.673
threshold=-0.13811810314655301 -0.25262157618999476 58.500000000000007 71.500000000000014 91.500000000000014 32.500000000000007 71.500000000000014 39.500000000000007 63.500000000000007 22.500000000000004 50.500000000000007 3.5000000000000004 0.01519708661362529 36.500000000000007
decision_type=10 10 8 8 10 10 10 10 10 10 10 10 2 10
left_child=1 -1 4 -3 5 8 7 -7 11 -6 -10 13 -13 -2
right_child=2 3 -4 -5 9 6 -8 -9 10 -11 -12 12 -14 -15
leaf_value=0.014165390528486161 0.025852341498981204 0.00054555251562023719 0.0010332564405607801 0.0081168350266716104 -0.020342777284529618 -0.014280023515635745 0.004430589348186062 -0.0040427871899022735 -0.012154564056941642 -0.0002931795528655356 0.0057742211386560532 0.0010272255551227148 0.014327134370553529 -0.013055329188330037
leaf_weight=1522.8947266787291 148.30304102599621 7678.5375906825066 13053.236045151949 3631.5653364509344 981.62288102507591 2823.3842106610537 1798.9215489774942 6321.7476465404034 1586.5883215218782 757.99280369281769 666.22029513120651 3830.3682763725519 1833.7180277258158 912.84651799499989
leaf_count=9398 630 35691 58760 18129 4229 11804 7676 26380 6548 3250 2841 16067 7864 3886
internal_value=-5.41246e-05 0.00431882 -0.00167144 0.00298164 -0.003301 -0.00256575 -0.00529887 -0.00721548 0.000768061 -0.0116583 -0.00685042 0.00332647 0.00535066 -0.00742712
internal_weight=47547.9 12833 34714.9 11310.1 21661.7 19922.1 10944.1 9145.13 8978.04 1739.62 2252.81 6725.24 5664.09 1061.15
internal_count=213153 63218 149935 53820 91175 83696 45860 38184 37836 7479 9389 28447 23931 4516
is_linear=0
shrinkage=0.03


Tree=61
num_leaves=15
num_cat=0
split_feature=245 248 231 224 230 244 231 245 248 245 224 248 224 136
split_gain=384.065 364.962 353.173 368.566 351.899 339.952 262.434 300.08 301.276 237.014 234.338 246.423 215.953 193.885
threshold=-0.075686518102884279 0.58080807328224193 67.500000000000014 26.500000000000004 3.5000000000000004 0.0029926361748948698 92.500000000000014 -0.20480131357908246 0.82323232293128978 -0.097271446138620363 19.500000000000004 0.6414141356945039 12.500000000000002 19.500000000000004
decision_type=2 2 8 10 10 2 10 2 2 2 10 2 10 10
left_child=1 -1 4 6 -3 -6 10 -8 -9 -10 -4 -12 -7 -14
right_child=-2 2 3 -5 5 12 7 8 9 -11 11 -13 13 -15
leaf_value=0.014514830462496913 -0.0016981697527774242 0.012765215166545094 0.014417812915149177 0.018013076247188953 -0.027284312848733019 -0.014727980233983255 0.024321082300227816 -0.019540491965609051 0.0181035499754536 -0.019070096486883809 0.03004405891410836 -0.030239725076570745 0.012216118927094377 -0.0044096105705104718
leaf_weight=2527.0319073200226 33364.436731547117 995.60963922739029 1600.41483656317 1884.0247233361006 620.97153609991074 1126.6949125081301 254.11283958703279 1104.6044082194567 453.30656382441521 222.02942214906216 74.352672204375267 218.12019547820091 897.43595880270004 2064.5749140232801
leaf_count=13003 144805 4647 8105 9219 2680 4994 1826 5514 2564 940 364 951 4075 8992
internal_value=5.36619e-05 0.00421396 0.00194299 0.00714282 -0.00335639 -0.00678427 0.00189511 -0.00557409 -0.0099541 0.00578208 0.00990845 -0.0144277 -0.00361186 0.000651841
internal_weight=47407.7 14043.3 11516.3 5810.97 5705.29 4709.68 3926.94 2034.05 1779.94 675.336 1892.89 292.473 4088.71 2962.01
internal_count=212679 67874 54871 29483 25388 20741 20264 10844 9018 3504 9420 1315 18061 13067
is_linear=0
shrinkage=0.03


Tree=62
num_leaves=15
num_cat=0
split_feature=245 248 126 242 243 231 230 245 245 243 231 230 245 231
split_gain=390.053 412.311 291.356 186.476 193.355 150.148 173.064 165.5 187.824 142.834 142.003 139.124 213.71 152.966
threshold=-0.075686518102884279 0.58080807328224193 60.500000000000007 0.031191507354378704 -0.054462255910038941 64.500000000000014 46.500000000000007 -0.083374798297882066 -0.11648001894354819 -0.026209862902760502 92.500000000000014 80.500000000000014 -0.046991223469376557 25.500000000000004
decision_type=2 2 8 8 2 10 10 2 2 2 10 10 2 10
left_child=1 -1 5 4 -2 7 10 8 -3 -10 -7 -6 13 -13
right_child=3 2 -4 -5 11 6 -8 -9 9 -11 -12 12 -14 -15
leaf_value=0.015115889294438158 -0.014891598534448035 0.004554567170132153 0.0066422243374326395 0.0024101300769154761 -0.0036035562160241642 0.0055014365517846303 0.019891452132865858 0.003691139566753189 -0.017511162814620007 0.00872349003195254 -0.011431425706219616 0.024232469912303919 -0.0031932907738238593 0.0048780415113929589
leaf_weight=2524.7477973401546 1163.4782833755016 566.30404536426067 5606.6998109295964 7381.8850377649069 19492.82985676825 1166.2115503549576 434.74891103804111 991.08529648184776 1841.7834199517965 201.70351141691208 707.80503651499748 456.58024403452873 3136.0485454946756 1769.1258033663034
leaf_count=13105 4979 2634 28974 34180 82116 5248 1943 4155 7808 876 3278 2000 13581 8034
internal_value=-3.2161e-05 0.00416155 0.00174897 -0.00179588 -0.00298969 -0.00289681 0.00306716 -0.00671863 -0.0106708 -0.0148918 -0.000920736 -0.00242677 0.00185019 0.00893903
internal_weight=47441 14041.1 11516.3 33399.9 26018.1 5909.64 2308.77 3600.88 2609.79 2043.49 1874.02 24854.6 5361.75 2225.71
internal_count=212911 68021 54916 144890 110710 25942 10469 15473 11318 8684 8526 105731 23615 10034
is_linear=0
shrinkage=0.03


Tree=63
num_leaves=15
num_cat=0
split_feature=120 66 215 243 10 249 190 10 140 101 7 137 120 192
split_gain=309.825 233.221 198.197 169.573 144.252 115.153 114.263 100.914 119.266 99.0536 98.3657 227.138 104.617 94.0311
threshold=98.500000000000014 75.500000000000014 50.500000000000007 -0.03731590881943702 5.5000000000000009 0.83333334326744091 80.500000000000014 82.500000000000014 18.500000000000004 4.5000000000000009 60.500000000000007 89.500000000000014 70.500000000000014 83.500000000000014
decision_type=8 10 10 2 10 2 8 10 10 10 10 10 10 10
left_child=1 2 4 9 -1 13 7 8 -6 -3 11 12 -5 -2
right_child=5 3 -4 10 6 -7 -8 -9 -10 -11 -12 -13 -14 -15
leaf_value=0.0046906844691686454 0.0033472384947007294 -0.0028242502029577651 -0.0084846690412800768 -0.0058330916140148983 -0.0050956535885839961 0.020195840737056603 0.0047592044666094884 -0.0070029306615558241 9.8880431297521489e-05 0.0099691712716783055 0.0036039489341181717 -0.024381908323395967 0.0048423266225716523 0.013996896902813201
leaf_weight=3150.2711022421718 4318.6323277130723 649.37456724792719 3997.8135938644409 1713.7570846527815 6203.5971343442798 497.6610227227211 1969.0949536263943 4099.645770162344 11055.401435904205 3249.1048459634185 3620.4484228789806 400.71880052983761 1576.8223474621773 895.07213120162487
leaf_count=14352 22526 3065 16777 7216 26554 2833 8599 17754 47901 15443 16550 1822 7085 4365
internal_value=-7.86599e-06 -0.000906146 -0.00226695 0.00279203 -0.00132532 0.00653862 -0.0021394 -0.00277733 -0.00177012 0.00783638 9.54583e-05 -0.00334613 -0.000718335 0.00519883
internal_weight=47397.4 41686.1 30475.8 11210.2 26478 5711.37 23327.7 21358.6 17259 3898.48 7311.75 3691.3 3290.58 5213.7
internal_count=212842 183118 131937 51181 115160 29724 100808 92209 74455 18508 32673 16123 14301 26891
is_linear=0
shrinkage=0.03


Tree=64
num_leaves=15
num_cat=0
split_feature=236 98 76 77 193 57 231 228 231 228 248 228 231 222
split_gain=297.828 162.639 138.003 135.028 108.056 87.1036 135.32 168.557 108.343 133.794 203.032 194.331 153.857 129.586
threshold=-0.092216648161411272 42.500000000000007 83.500000000000014 4.5000000000000009 84.500000000000014 70.500000000000014 88.500000000000014 8.5000000000000018 71.500000000000014 2.5000000000000004 0.59090909361839306 13.500000000000002 80.500000000000014 88.500000000000014
decision_type=2 8 10 10 10 10 10 10 10 8 2 10 10 10
left_child=2 3 4 -2 -1 8 -7 -8 -5 12 -11 -12 -10 -13
right_child=1 -3 -4 5 -6 6 7 -9 9 10 11 13 -14 -15
leaf_value=0.00075654271245989514 -0.012460838076084753 0.0020555207137906038 0.0091801622514451706 -0.004563707013382096 0.0090580409229923022 0.002611921994522033 -0.025976877287212326 0.0014909267464943109 0.012951191812400471 -0.0030557895594490159 -0.0037322822589759253 0.020782623147395578 -0.028900903197357095 -0.021829563127400056
leaf_weight=8110.7204907312989 1171.1270355135202 9506.4816516786814 3441.7902771607041 12793.151486426592 1698.9900629371405 5543.9504465311766 345.87644723057747 459.87386147677898 106.5361186414957 2381.2847277224064 549.46807678043842 998.44675762951374 250.86454479396343 60.655197888612747
leaf_count=39074 4894 42572 18213 53872 8129 23732 1473 2088 469 10327 2344 4483 1050 293
internal_value=0.00020406 -0.00127666 0.00402004 -0.00256147 0.00220208 -0.00206284 0.00093754 -0.0104738 -0.00317423 0.000915829 0.0025052 0.0107056 -0.0164124 0.0181608
internal_weight=47419.2 34167.7 13251.5 24661.2 9809.71 23490.1 6349.7 805.75 17140.4 4347.26 3989.85 1608.57 357.401 1059.1
internal_count=213013 147597 65416 105025 47203 100131 27293 3561 72838 18966 17447 7120 1519 4776
is_linear=0
shrinkage=0.03


Tree=65
num_leaves=15
num_cat=0
split_feature=245 119 244 245 230 209 57 245 222 230 228 230 52 252
split_gain=295.536 194.982 197.485 180.428 214.827 178.025 153.122 134.346 181.413 151.255 158.064 144.787 396.253 134.012
threshold=-0.11046205461025237 17.500000000000004 0.022116134874522689 -0.20480131357908246 16.500000000000004 50.500000000000007 88.500000000000014 -0.044388592243194573 40.500000000000007 15.500000000000002 8.5000000000000018 5.5000000000000009 10.500000000000002 0.079149678349494948
decision_type=2 8 2 2 8 10 10 2 8 10 8 10 10 2
left_child=1 -1 -3 -4 6 7 -5 8 11 10 -10 -2 -13 -9
right_child=5 2 3 4 -6 -7 -8 13 9 -11 -12 12 -14 -15
leaf_value=-0.024579632908699831 0.0044485392950975337 0.015289455968650327 0.024044635937628185 -0.016228224690367773 0.014694232525756629 -0.0055257898144159649 0.01137713313739074 -0.0041355015545893161 -0.018530461117077946 0.0031003148789404155 0.016828755480800581 -0.011356888653121518 0.00085595539909616685 0.0039833796834669545
leaf_weight=151.27498582005501 4520.4117729216814 2108.1134044602513 262.20487140864134 796.29471673071384 443.26909417659044 5958.1981746703386 225.32814816385508 9592.325251057744 115.91621688008308 5248.843039765954 1361.3265512138605 3013.0821689516306 11430.208328321576 2252.06463958323
leaf_count=654 20920 11422 1946 4291 2588 25423 1468 41183 564 23372 6761 12746 49486 10483
internal_value=4.2494e-06 0.00781158 0.00914981 0.00161081 -0.00254048 -0.000712997 -0.0100883 5.22571e-05 0.00127089 0.0055 0.0139482 -0.000231203 -0.00169792 -0.00258974
internal_weight=47478.9 3986.49 3835.21 1727.1 1464.89 43492.4 1021.62 37534.2 25689.8 6726.09 1477.24 18963.7 14443.3 11844.4
internal_count=213307 22369 21715 10293 8347 190938 5759 165515 113849 30697 7325 83152 62232 51666
is_linear=0
shrinkage=0.03


Tree=66
num_leaves=15
num_cat=0
split_feature=238 245 242 226 226 243 237 243 245 243 244 245 67 248
split_gain=310.436 197.027 157.017 158.686 209.511 153.889 145.966 132.008 153.149 126.877 111.571 110.29 142.332 140.484
threshold=-0.12801507115364072 -0.20480131357908246 0.03194467909634114 2.5000000000000004 43.500000000000007 -0.092150788754224763 0.19289400428533557 -0.087502673268318162 -0.070830713957548128 -0.11436359584331511 0.0016664691502228381 -0.075686518102884279 12.500000000000002 0.76262626051902782
decision_type=10 2 8 8 10 2 2 2 2 2 2 2 8 2
left_child=1 -1 3 5 9 -3 10 -6 -9 -5 -2 12 -12 -13
right_child=6 2 -4 4 7 -7 -8 8 -10 -11 11 13 -14 -15
leaf_value=0.025595553822798191 -0.011544492790658742 0.028361587621249539 0.0074876422265584292 -0.036895979212734679 -0.029955003612316133 0.0049996882575383565 0.011397115296718174 0.01381140354793773 0.0006693351761406515 -0.0039250463003468322 -0.0045168884879309657 -0.0020640130929934788 0.0052701612138923585 -0.014139754068729912
leaf_weight=346.49891090393066 1043.4921972602606 297.57534845918417 4816.0353836268187 97.495540276169777 84.91376043856144 1490.365370862186 745.8388374298811 1326.962434053421 1982.5326671302319 5002.0581132024527 1992.9024652689695 23300.211930498481 4018.3915144354105 891.00680737197399
leaf_count=2612 4378 1867 25044 533 380 7376 3675 6101 8596 22748 8560 99421 18233 3719
internal_value=5.44907e-05 0.00354605 0.00302341 0.00092712 -0.000785852 0.00902404 -0.00163168 0.00498056 0.00596446 -0.00462638 -0.00194623 -0.0016109 0.00202338 -0.00251444
internal_weight=47436.3 15444.4 15097.9 10281.9 8493.96 1787.94 31991.8 3394.41 3309.5 5099.55 31246 30202.5 6011.29 24191.2
internal_count=213243 75257 72645 47601 38358 9243 137986 15077 14697 23281 134311 129933 26793 103140
is_linear=0
shrinkage=0.03


Tree=67
num_leaves=15
num_cat=0
split_feature=238 245 226 230 231 228 104 245 224 140 178 224 14 249
split_gain=330.016 198.615 144.324 176.05 204.844 186.637 142.877 150.024 128.922 128.476 171.194 111.035 197.562 116.935
threshold=-0.12201896682381629 -0.20480131357908246 2.5000000000000004 71.500000000000014 92.500000000000014 8.5000000000000018 39.500000000000007 -0.083898831158876405 2.5000000000000004 31.500000000000004 50.500000000000007 4.5000000000000009 7.5000000000000009 0.91414141654968273
decision_type=10 2 10 8 10 10 8 2 10 10 10 10 10 2
left_child=1 -1 -3 4 11 8 9 -8 -6 10 -2 -4 13 -13
right_child=6 2 3 -5 5 -7 7 -9 -10 -11 -12 12 -14 -15
leaf_value=0.025624863010622109 -0.0042569193799826977 0.0087821768449876519 0.010503975925922287 0.0095175966696752004 -0.0073617735489115398 0.00080987842685928076 0.011777247876675374 -0.00043277656143167389 -0.031918495628323836 -0.0014326081574613 -0.01539813418783012 -0.0046879717306320635 0.0036132811197712752 -0.037607369305476868
leaf_weight=342.64347130060196 5662.6302542984486 3034.0785071104765 1122.5993993356824 2109.9992551207542 375.74015559256077 722.30999322235584 968.44212825596333 12170.187023326755 401.72537824511528 9708.1165148466825 1584.9042573720217 2858.2749051451683 6119.7786071002483 90.852015256881714
leaf_count=2625 23556 16284 5511 10194 1933 3506 4752 53124 1816 41770 6451 13019 27723 404
internal_value=2.09092e-05 0.00333752 0.00286897 0.00156359 0.000121178 -0.0101924 -0.00187271 0.000475491 -0.0202947 -0.0036915 -0.00671116 0.00164743 0.000540753 -0.00582576
internal_weight=47272.3 17178 16835.4 13801.3 11691.3 1499.78 30094.3 13138.6 777.466 16955.7 7247.53 10191.5 9068.91 2949.13
internal_count=212668 83015 80390 64106 53912 7255 129653 57876 3749 71777 30007 46657 41146 13423
is_linear=0
shrinkage=0.03


Tree=68
num_leaves=15
num_cat=0
split_feature=242 76 119 226 248 226 243 243 243 147 224 226 243 224
split_gain=233.636 267.224 183.202 174.583 182.892 162.57 300.324 188.17 229.601 186.06 172.042 151.037 165.653 152.944
threshold=0.024443628266453746 86.500000000000014 17.500000000000004 81.500000000000014 0.49999998509883886 4.5000000000000009 -0.085815604776144014 -0.092150788754224763 -0.046505991369485848 73.500000000000014 33.500000000000007 41.500000000000007 -0.014753537252545355 41.500000000000007
decision_type=8 10 8 10 2 8 2 2 2 10 10 10 2 10
left_child=3 2 -2 5 -5 7 -7 -1 -9 10 -10 -8 -13 -14
right_child=1 -3 -4 4 -6 6 11 8 9 -11 -12 12 13 -15
leaf_value=0.026646054546438206 -0.0062035020479714823 0.010407570127356576 0.0021075929599276319 -0.0017086015086027443 0.010313137998570669 -0.032133290594910019 -0.0065987164260758171 -0.008401640649750481 0.018840141318428424 -0.0083447276181652132 -0.014467623876053763 0.0014347192142866486 -0.019405520647674198 -0.0021252698917726414
leaf_weight=266.37186277657747 2783.9292185604572 3078.3288934826851 16385.232041947544 2780.4620919078588 1916.4334126114845 333.59080114215612 8523.273858487606 1338.6425593793392 1033.2185852080584 433.83356606960297 153.61521479487419 6371.8418583795428 720.22093726694584 1257.9771326780319
leaf_count=1745 11924 15794 76905 11970 8891 1567 35936 6200 4572 1899 660 26779 2981 5333
internal_value=-2.06217e-05 0.00221787 0.000897971 -0.00200249 0.00320801 -0.00320122 -0.00435957 0.00297217 0.000758689 0.00833008 0.0144442 -0.00379177 -0.00092212 -0.00848261
internal_weight=47377 22247.5 19169.2 25129.5 4696.9 20432.6 17206.9 3225.68 2959.31 1620.67 1186.83 16873.3 8350.04 1978.2
internal_count=213156 104623 88829 108533 20861 87672 72596 15076 13331 7131 5232 71029 35093 8314
is_linear=0
shrinkage=0.03


Tree=69
num_leaves=15
num_cat=0
split_feature=245 229 188 106 193 229 229 245 63 119 121 140 178 70
split_gain=283.244 198.207 223.032 140.278 138.671 228.782 143.454 124.54 113.301 112.317 105.56 102.5 132.911 107.188
threshold=-0.075686518102884279 45.500000000000007 15.500000000000002 44.500000000000007 49.500000000000007 65.500000000000014 86.500000000000014 -0.20480131357908246 40.500000000000007 78.500000000000014 37.500000000000007 30.500000000000004 48.500000000000007 9.5000000000000018
decision_type=2 8 10 8 8 8 10 2 8 10 10 10 10 10
left_child=1 2 -1 11 5 -3 9 -4 -9 -7 -10 12 -2 -13
right_child=3 4 7 -5 -6 6 -8 8 10 -11 -12 13 -14 -15
leaf_value=-0.004859919745165189 -0.0033918003609377284 0.016669467787562897 0.024894088235454678 0.0015559938357544586 0.016517096636323194 -0.037214708759621386 0.0061908247274010866 -0.00077913055071398044 0.016333434261132578 0.013227455737712392 0.0045563976009453805 0.0067532643847547915 -0.011885587557100473 -0.0020917398986976597
leaf_weight=3273.8452935293317 7627.6586463600397 436.60182768106461 248.50683309882879 8802.9463158845901 1554.3964654877782 204.70242734253407 183.44986015558243 3087.5839116200805 817.77738155424595 43.366674691438675 4066.6446458697319 1347.1858316659927 2114.0368021726608 13499.804213345051
leaf_count=14849 32140 2007 1961 39751 8143 945 898 14664 4217 224 20124 5827 8634 58579
internal_value=-0.000193926 0.00340028 0.0017522 -0.00169248 0.0111807 0.00154654 -0.0137855 0.0043882 0.00371859 -0.0282257 0.00655752 -0.00285562 -0.00524533 -0.00128516
internal_weight=47308.5 13916.9 11494.4 33391.6 2422.52 868.121 431.519 8220.51 7972.01 248.069 4884.42 24588.7 9741.7 14847
internal_count=212963 68032 55815 144931 12217 4074 2067 40966 39005 1169 24341 105180 40774 64406
is_linear=0
shrinkage=0.03


Tree=70
num_leaves=15
num_cat=0
split_feature=245 60 222 237 140 233 224 224 122 230 245 101 245 229
split_gain=276.094 197.587 171.164 162.38 145.562 170.612 149.167 127.252 215.465 191.679 153.31 108.116 116.388 98.9516
threshold=-0.075686518102884279 57.500000000000007 15.500000000000002 0.101974043995142 55.500000000000007 92.500000000000014 4.5000000000000009 31.500000000000004 45.500000000000007 80.500000000000014 -0.046991223469376557 14.500000000000002 -0.053124399855732911 6.5000000000000009
decision_type=2 8 10 2 8 10 10 8 10 10 2 8 2 10
left_child=1 2 4 7 5 6 -1 8 -2 11 -11 12 -9 -7
right_child=3 -3 -4 -5 -6 13 -8 9 -10 10 -12 -13 -14 -15
leaf_value=0.0034848017071855164 0.0056605041773579281 0.0074816917914236041 0.0065908407880205903 0.0053471039219972734 0.007308395655268838 -0.0053751573951648559 -0.01172843059748831 -0.018861795919390311 -0.0028528415679632542 0.0068402032178949057 -0.0032486058151355427 -0.0042946451257860722 -0.005417459425705826 0.016665102452076214
leaf_weight=742.36441944539547 4304.9842514097691 6242.3917094543576 2560.3690961673856 2839.4334771633148 997.00425818562508 307.29319494962692 2580.7901232168078 1031.9684381186962 7032.4096097499132 2375.6576097607613 3130.2926303297281 11429.179589539766 1332.2915315777063 430.74874487519264
leaf_count=3820 18487 32110 11988 13622 5134 1542 11354 4302 30138 10685 13514 48915 5575 1931
internal_value=-2.97965e-05 0.00352928 0.000285249 -0.00150406 -0.00291323 -0.00543438 -0.00832967 -0.00214057 0.000381947 -0.00362184 0.00110893 -0.00550967 -0.0113405 0.00753918
internal_weight=47337.2 13861 7618.57 33476.2 5058.2 4061.2 3323.15 30636.8 11337.4 19299.4 5505.95 13793.4 2364.26 738.042
internal_count=213117 67879 35769 145238 23781 18647 15174 131616 48625 82991 24199 58792 9877 3473
is_linear=0
shrinkage=0.03


Tree=71
num_leaves=15
num_cat=0
split_feature=238 60 238 140 59 189 222 46 140 248 243 9 246 75
split_gain=282.162 209.157 160.673 160.086 114.855 108.243 103.361 97.7183 125.925 90.6753 206.747 142.423 105.199 91.2386
threshold=-0.22504375874996183 68.500000000000014 -0.097503393888473497 32.500000000000007 12.500000000000002 42.500000000000007 77.500000000000014 7.5000000000000009 90.500000000000014 0.71212121844291698 -0.062983479350805269 11.500000000000002 0.0058016881812363872 96.500000000000014
decision_type=10 8 10 8 10 10 10 8 10 2 2 10 2 10
left_child=6 3 5 4 -2 -3 -1 8 -5 12 11 -11 -6 -12
right_child=1 2 -4 7 9 -7 -8 -9 -10 10 13 -13 -14 -15
leaf_value=0.012360229401502422 0.0044662126191718342 0.0018207125212391954 -0.00078051478648932533 -0.0041135035682207614 0.01000688894477134 0.0088941005607798725 -0.0078609275946188838 0.00050672186120295781 -0.037982885726315717 -0.015124203986635063 -0.014405804841813833 0.016749721867647692 -0.0043541081935717886 0.0034821130677092438
leaf_weight=2112.674456268549 1211.9996055960655 3782.0547192394733 7028.4904076755047 406.54567496478558 477.14047192037106 4017.2920807078481 248.00429703295231 16384.484943628311 121.81507897377014 173.28861604630947 2563.2943790555 399.80158504843712 8146.5255675017834 281.19812355935574
leaf_count=13151 5505 17678 31003 1924 2006 19254 1341 72041 543 788 10701 1836 34330 1185
internal_value=0.000124127 -0.000407283 0.00250911 -0.00184116 -0.00430862 0.0054708 0.0102117 9.37942e-05 -0.0124827 -0.00519482 -0.00932565 0.00701773 -0.00354886 -0.0126315
internal_weight=47354.6 44993.9 14827.8 30166.1 13253.2 7799.35 2360.68 16912.8 528.361 12041.2 3417.58 573.09 8623.67 2844.49
internal_count=213286 198794 67935 130859 56351 36932 14492 74508 2467 50846 14510 2624 36336 11886
is_linear=0
shrinkage=0.03


Tree=72
num_leaves=15
num_cat=0
split_feature=242 66 229 119 233 231 226 137 231 231 243 148 231 36
split_gain=224.458 243.237 179.433 152.216 150.142 124.173 190.634 165.778 138.413 129.55 110.306 108.9 228.285 220.93
threshold=0.019735644571483139 49.500000000000007 68.500000000000014 97.500000000000014 19.500000000000004 86.500000000000014 6.5000000000000009 22.500000000000004 16.500000000000004 69.500000000000014 -0.03706707060337066 12.500000000000002 80.500000000000014 3.5000000000000004
decision_type=8 8 10 10 10 10 10 10 10 10 2 10 10 10
left_child=2 3 4 -2 -1 6 8 -7 -6 -10 -3 12 -12 -14
right_child=1 10 -4 -5 5 7 -8 -9 9 -11 11 -13 13 -15
leaf_value=-0.010503352806819796 -0.0018470640997255822 0.0069521389788208161 0.0035763224412718774 0.012652669431166644 -0.01722933568767987 -0.020998452587279892 -0.0030643943666985923 -0.0024091454071923633 0.021813324506698095 -0.0027467891474331498 0.0023602649845221113 0.0034182476192398943 0.010611239835412808 -0.031202376681762008
leaf_weight=3053.4653059095144 15565.778175443411 6525.3002717494965 2855.1171543598175 670.13120897859335 130.52098903059959 696.55186028033495 5339.1537723988295 1117.9458962902427 667.33419847488403 267.59966422617435 1312.9561211466789 8519.9970770031214 149.00152276456356 419.34633232653141
leaf_count=12819 67831 33493 12811 3540 553 3034 22107 5062 2950 1203 6248 38751 771 1881
internal_value=3.29074e-05 0.0013819 -0.00313238 -0.00124117 -0.00483322 -0.00271651 -0.000748385 -0.00962121 0.0107781 0.014829 0.00389718 0.00197581 -0.0045402 -0.0202463
internal_weight=47290.2 33162.5 14127.7 16235.9 11272.6 8219.11 6404.61 1814.5 1065.45 934.934 16926.6 10401.3 1881.3 568.348
internal_count=213054 152515 60539 71371 47728 34909 26813 8096 4706 4153 81144 47651 8900 2652
is_linear=0
shrinkage=0.03


Tree=73
num_leaves=15
num_cat=0
split_feature=245 248 231 224 244 249 231 248 245 245 224 248 239 249
split_gain=278.348 350.826 255.722 360.302 285.346 290.282 267.756 246.725 281.377 239.471 220.347 240.076 217.77 209.807
threshold=-0.075686518102884279 0.58080807328224193 67.500000000000014 26.500000000000004 0.0030931639485061173 0.91414141654968273 92.500000000000014 0.82323232293128978 -0.097271446138620363 -0.20480131357908246 19.500000000000004 0.6414141356945039 -0.031836008653044694 0.34848484396934515
decision_type=2 2 10 10 2 2 10 2 2 2 8 2 10 2
left_child=1 -1 4 6 12 -6 10 9 -9 -8 -4 -12 -3 -5
right_child=-2 2 3 13 5 -7 7 8 -10 -11 11 -13 -14 -15
leaf_value=0.013694129883053713 -0.0016254562575273997 -0.0033881731950319107 0.013292403629645686 0.022472899925853541 0.00069759207432633407 -0.04038912147585981 0.017847086753655421 0.019428729100794649 -0.020147088081637926 -0.019998880541613414 0.02988989039570121 -0.030656056313701208 -0.035418397883023242 -0.00092298736120082316
leaf_weight=2454.5789617672563 33423.329739898443 366.66001608967781 1532.823797442019 1372.4863749220967 4840.1920517757535 149.86386993527412 165.91154900193214 495.8487910926342 228.28359907865524 1109.6248908415437 71.094402022659779 214.00285685062408 394.21485111862421 458.6510793492198
leaf_count=13054 145052 1644 7901 6790 21806 648 1356 3019 964 5558 361 929 1657 2398
internal_value=-0.000143465 0.00343043 0.00121038 0.00573913 -0.00324013 -0.000614654 0.000480782 -0.00707801 0.00684792 -0.0149756 0.00878851 -0.0150565 -0.0202274 0.0166397
internal_weight=47277.6 13854.2 11399.7 5648.73 5750.93 4990.06 3817.59 1999.67 724.132 1275.54 1817.92 285.097 760.875 1831.14
internal_count=213137 68085 55031 29276 25755 22454 20088 10897 3983 6914 9191 1290 3301 9188
is_linear=0
shrinkage=0.03


Tree=74
num_leaves=15
num_cat=0
split_feature=238 60 244 245 230 244 244 230 224 231 245 228 145 67
split_gain=265.404 202.103 133.064 125.385 136.694 154.783 119.277 113.204 142.856 163.011 162.835 148.785 115.961 111.764
threshold=-0.11370246857404707 72.500000000000014 0.0016664691502228381 -0.20480131357908246 71.500000000000014 0.10114844888448717 0.094444546848535552 1.5000000000000002 17.500000000000004 92.500000000000014 -0.071516510099172578 10.500000000000002 95.500000000000014 2.5000000000000004
decision_type=10 8 2 2 8 2 2 8 8 10 2 10 10 10
left_child=1 3 -2 -1 5 -5 13 -3 9 -9 -10 12 -11 -4
right_child=2 7 6 4 -6 -7 -8 8 10 11 -12 -13 -14 -15
leaf_value=0.024570928989974181 -0.013236543887489556 0.015686850013198486 -0.011207349231155869 -0.0004474637928877594 0.0076420089207835063 -0.028282657631156564 0.016251824310941698 0.0048200770059157261 0.0174044024695535 -0.033966576879927247 0.0035942849008418895 0.005639938145457421 0.0065524603686094099 -0.0012479197596564886
leaf_weight=185.43579633533955 876.56001497805119 1157.891644641757 1046.7585537731647 11273.974363349378 1971.5070747435093 172.71721029281616 329.42097039520741 1177.6271655037999 1259.4406101852655 294.39503815770149 1964.5022879689932 208.69984718412161 76.683630250394344 25272.682536184788
leaf_count=1470 3656 6547 4463 51551 9356 949 1667 5747 6845 1389 9329 1118 429 108672
internal_value=0.000101797 0.00275534 -0.00180179 0.000714566 0.000366825 -0.000891784 -0.00142084 0.00726886 0.00528463 -0.0015918 0.00902637 -0.0144763 -0.0256411 -0.00164813
internal_weight=47268.3 19742.9 27525.4 13603.6 13418.2 11446.7 26648.9 6139.24 4981.35 1757.41 3223.94 579.779 371.079 26319.4
internal_count=213188 94730 118458 63326 61856 52500 114802 31404 24857 8683 16174 2936 1818 113135
is_linear=0
shrinkage=0.03


Tree=75
num_leaves=15
num_cat=0
split_feature=238 190 226 140 243 243 222 244 249 226 125 121 147 60
split_gain=233.286 187.706 179.747 162.955 200.739 186.381 262.365 224.764 170.907 159.183 181.84 157.055 136.372 136.358
threshold=-0.21515430510044095 88.500000000000014 12.500000000000002 30.500000000000004 -0.085815604776144014 -0.048800015822052949 23.500000000000004 0.01784261874854565 0.12626262754201892 26.500000000000004 14.500000000000002 58.500000000000007 18.500000000000004 39.500000000000007
decision_type=10 10 8 8 2 2 10 2 2 10 10 10 10 10
left_child=-1 2 12 4 11 9 7 -7 -9 13 -11 -4 -2 -6
right_child=1 -3 3 -5 5 6 -8 8 -10 10 -12 -13 -14 -15
leaf_value=0.0083865063745693913 0.0098481501879159536 0.0071794125180707873 0.0079780085009804273 -0.00037221019471569489 -0.022784380291707644 -0.014319942731176118 -0.0015171635662904236 0.023048319697229154 -0.0065735551061222933 0.017376855714475996 -0.0024108796202032923 -0.041309153888787552 0.00081400549199115704 0.0027769293561202531
leaf_weight=2797.2961760237813 1905.9099869057536 2661.6309383511543 74.335967168211937 20213.646466255188 314.96277822554111 3732.5681397765875 5478.7078786641359 255.25691948831081 508.09518077969551 917.1778215020895 757.09272812306881 217.3298357874155 7001.7267103865743 440.60189701616764
leaf_count=16997 8903 12171 372 89786 1350 15285 22898 1058 2144 3995 3266 954 32091 1977
internal_value=-1.03339e-06 -0.000530294 -0.00102261 -0.00204585 -0.00470807 -0.00411644 -0.00593038 -0.011293 0.00350164 0.0033237 0.0084678 -0.0288994 0.00275586 -0.00803693
internal_weight=47276.3 44479 41817.4 32909.8 12696.1 12404.5 9974.63 4495.92 763.352 2429.84 1674.27 291.666 8907.64 755.565
internal_count=213247 196250 184079 143085 53299 51973 41385 18487 3202 10588 7261 1326 40994 3327
is_linear=0
shrinkage=0.03


Tree=76
num_leaves=15
num_cat=0
split_feature=245 248 231 231 230 244 226 226 248 228 244 245 226 226
split_gain=243.002 336.384 213.094 422.505 382.981 281.716 205.27 209.463 188.067 212.155 230.036 263.539 177.843 160.147
threshold=-0.075686518102884279 0.58080807328224193 74.500000000000014 92.500000000000014 3.5000000000000004 0.0030931639485061173 32.500000000000007 11.500000000000002 0.84343436360359203 14.500000000000002 0.0045758008491247901 -0.20480131357908246 8.5000000000000018 27.500000000000004
decision_type=2 2 10 10 8 2 10 8 2 8 2 2 8 8
left_child=1 -1 4 6 -3 13 7 -4 9 10 -5 -12 -13 -6
right_child=-2 2 3 8 5 -7 -8 -9 -10 -11 11 12 -14 -15
leaf_value=0.013421037905143932 -0.001363280469364906 0.0131128118497388 0.0186730239335022 0.036042274548166747 -0.043462749506526045 -0.0029814689851796711 0.029247207841711368 -0.0053497067616558765 0.011350561930743972 0.012280753100334529 0.018614624382688936 -0.012022328043974729 -0.036851587242908504 -0.012896015249641107
leaf_weight=2451.3829566240311 33406.589279532433 1184.455242022872 822.07409024238586 76.614910185337067 226.83219166100025 4741.9138709679246 705.52825190126896 531.82041300088167 704.50899540632963 412.86167126893997 182.07139203697443 927.86469710618258 360.45976154506207 482.39981312304735
leaf_count=13113 144962 5682 4509 416 995 21232 3376 2630 3988 2252 1539 4786 1592 2081
internal_value=2.05099e-05 0.00336629 0.00118656 0.00604987 -0.00227946 -0.00564187 0.01622 0.00926667 -0.00184232 -0.00661827 -0.0117085 -0.0144232 -0.0191996 -0.0231405
internal_weight=47217.4 13810.8 11359.4 4723.8 6635.6 5451.15 2059.42 1353.89 2664.38 1959.87 1547.01 1470.4 1288.32 709.232
internal_count=213153 68191 55078 25088 29990 24308 10515 7139 14573 10585 8333 7917 6378 3076
is_linear=0
shrinkage=0.03


Tree=77
num_leaves=15
num_cat=0
split_feature=238 101 76 238 231 229 246 139 244 121 212 246 229 192
split_gain=224.317 156.331 174.437 121.447 129.447 226.319 130.857 129.924 119.531 106.365 105.326 104.652 96.7533 91.0111
threshold=-0.22880581021308896 3.5000000000000004 87.500000000000014 -0.11200850829482077 75.500000000000014 16.500000000000004 0.039216278120875366 48.500000000000007 0.020103662274777893 42.500000000000007 28.500000000000004 0.016220744699239734 23.500000000000004 80.500000000000014
decision_type=10 8 10 10 10 10 2 10 2 10 10 2 8 10
left_child=-1 8 3 13 6 11 10 -7 12 -9 -5 -6 -2 -3
right_child=1 2 -4 4 5 7 -8 9 -10 -11 -12 -13 -14 -15
leaf_value=0.0093621496387454664 0.00041336834643041187 0.00056319165662495265 0.0049682888904794649 -0.0033044758571546171 0.0062098659937066562 0.01159117540801869 0.0019198791485736221 -0.017394613323965757 -0.01403216982724375 0.0031442655438385608 -0.0099321541558141727 -0.012668710796753142 -0.010550348608201717 0.0075544308521193638
leaf_weight=2172.1912944018841 2396.4546516910195 10499.090771704912 5700.1480918973684 10787.535338580608 340.98292891681194 1819.0540188550949 3433.1221191436052 247.50900217890739 1156.1048040390015 1901.681279271841 2694.6894131451845 1090.7836795002222 1027.8482791632414 1984.573306247592
leaf_count=13712 10582 48047 26524 45333 1465 8095 15290 1054 5292 8462 11180 4780 4241 9285
internal_value=-3.1705e-05 -0.000486331 0.000108357 -0.000688908 -0.00201415 0.00202707 -0.0033047 0.00571419 -0.00573324 0.000709323 -0.00463553 -0.00816079 -0.00289867 0.00167977
internal_weight=47251.8 45079.6 40499.2 34799 22315.4 5400.01 16915.3 3968.24 4580.41 2149.19 13482.2 1431.77 3424.3 12483.7
internal_count=213342 199630 179515 152991 95659 23856 71803 17611 20115 9516 56513 6245 14823 57332
is_linear=0
shrinkage=0.03


Tree=78
num_leaves=15
num_cat=0
split_feature=238 242 226 226 231 231 229 231 170 37 231 231 77 224
split_gain=221.442 142.023 148.888 194.199 156.271 238.787 151.44 125.06 160.262 139.466 120.823 155.747 143.454 124.105
threshold=-0.11834039539098738 0.041731320321559913 6.5000000000000009 43.500000000000007 66.500000000000014 29.500000000000004 31.500000000000004 81.500000000000014 31.500000000000004 19.500000000000004 91.500000000000014 21.500000000000004 24.500000000000004 7.5000000000000009
decision_type=10 8 8 10 10 10 10 10 10 10 10 10 10 10
left_child=1 2 10 7 5 6 -5 8 9 -4 11 -1 -12 -14
right_child=-2 -3 3 4 -6 -7 -8 -9 -10 -11 12 -13 13 -15
leaf_value=-0.013732056437259091 -0.0015839953507382556 0.0092142833022477843 -0.0075948448529222258 0.02174691398246233 0.01138529061997628 -0.0072385700943974618 0.0026931619008209859 -0.011003884197849364 0.0073116821711709601 0.0077343519399934238 0.0091203132947028902 0.014553325595305179 -0.015495213204513386 0.0091855959613379203
leaf_weight=186.19139902293682 29133.255662664771 2532.6771644800901 2810.1958431303501 514.1192519813776 1767.1383735537529 1795.715838521719 1335.7648975178599 1552.2116330638528 1394.4202275499701 650.40151765942574 930.67497876286507 1793.6465755105019 581.15349764376879 257.94050807505846
leaf_count=865 125468 13950 12589 2244 8428 7928 5925 7552 6382 2949 5344 9373 2992 1340
internal_value=3.49956e-05 0.00263999 0.00156533 -8.85986e-05 0.00409107 0.000533849 0.00807703 -0.00362039 -0.00124203 -0.00469982 0.00676542 0.0118376 0.00105654 -0.00788942
internal_weight=47235.5 18102.3 15569.6 11820 5412.74 3645.6 1849.88 6407.23 4855.02 3460.6 3749.61 1979.84 1769.77 839.094
internal_count=213329 87861 73911 53997 24525 16097 8169 29472 21920 15538 19914 10238 9676 4332
is_linear=0
shrinkage=0.03


Tree=79
num_leaves=15
num_cat=0
split_feature=136 230 209 248 231 244 228 227 249 249 243 230 248 228
split_gain=165.855 147.317 193.116 161.03 142.383 171.567 173.061 199.297 146.258 135.888 132.615 185.8 199.651 178.9
threshold=3.5000000000000004 80.500000000000014 51.500000000000007 0.29797980189323431 91.500000000000014 0.0040264327544718989 8.5000000000000018 60.500000000000007 0.18686868995428088 0.2575757503509522 -0.048488155007362359 2.5000000000000004 0.76262626051902782 25.500000000000004
decision_type=8 8 10 2 10 2 10 10 2 2 2 10 2 10
left_child=-1 2 4 9 10 -6 7 8 -7 -3 -2 -12 -13 -14
right_child=1 3 -4 -5 5 6 -8 -9 -10 -11 11 12 13 -15
leaf_value=0.004581346423762205 0.0042702446772043406 -0.007057225609828785 -0.0076563359068790617 0.0063886986795072933 0.021633231500851679 -0.034621900963873249 -0.0017254401672305482 -0.00044265799788726663 -0.0099857558191257766 0.0044174480273666663 0.010211037715141039 -0.00080320989582125619 -0.015650500578216056 0.0042950592438703505
leaf_weight=5852.8543835356832 5034.0037675797939 2069.585530012846 4281.7754618376493 4725.7212646603584 169.93561876565218 524.29011078178883 1562.9885564148426 472.26291271299124 383.51331855356693 1669.5167103260756 1204.979366004467 16965.73417045176 1572.8912973403931 538.81093257665634
leaf_count=30119 23271 8946 18000 22973 788 2264 7094 2342 1948 7873 5338 72531 6674 2335
internal_value=-0.000139663 -0.000811668 -0.0017245 0.0027137 -0.000828719 -0.00687247 -0.00858611 -0.0162878 -0.0244362 -0.00193564 -8.3139e-05 -0.0011652 -0.00188873 -0.010565
internal_weight=47028.9 41176 32711.2 8464.82 28429.4 3112.99 2943.05 1380.07 907.803 3739.1 25316.4 20282.4 19077.4 2111.7
internal_count=212496 182377 142585 39792 124585 14436 13648 6554 4212 16819 110149 86878 81540 9009
is_linear=0
shrinkage=0.03


Tree=80
num_leaves=15
num_cat=0
split_feature=60 236 208 148 63 47 10 66 104 231 226 231 58 124
split_gain=185.698 130.972 108.66 88.5193 117.312 100.369 168.997 95.5869 85.6827 97.7233 96.2651 86.5048 119.873 81.0033
threshold=69.500000000000014 -0.094651468098163591 24.500000000000004 12.500000000000002 57.500000000000007 3.5000000000000004 4.5000000000000009 20.500000000000004 28.500000000000004 11.500000000000002 30.500000000000004 82.500000000000014 40.500000000000007 51.500000000000007
decision_type=8 2 10 10 8 8 10 10 8 8 10 8 10 10
left_child=2 -2 3 5 -5 6 -1 -6 -3 10 -10 12 -11 -8
right_child=1 8 -4 4 7 -7 13 -9 9 11 -12 -13 -14 -15
leaf_value=-0.00045605412544967908 0.0073265767688439985 -0.002017525803919441 -0.0055482658067116299 -0.0015051926085220557 -0.0049216834835125421 -0.0021431643201758892 -0.0052982696483156386 0.0040771662643140907 -0.02540509086775011 0.013729615518265011 -0.00036043115491421598 -0.00043381483441584293 0.00286483138096362 -0.034866383446405871
leaf_weight=437.32350865751505 4149.1582271978259 4654.5226716995239 4503.783180847764 14259.875891700387 1220.2213714644313 3222.5902712419629 118.87487785518169 7829.6965751200914 182.92846602201462 1517.0449775904417 487.32436981797218 2040.6398244947195 2293.8602217286825 305.16804845631123
leaf_count=2269 22699 20442 18753 62507 5355 14565 521 35477 794 6711 2128 9686 10196 1352
internal_value=6.85991e-05 0.00278161 -0.00123536 -0.000524508 0.000189971 -0.004593 -0.0136287 0.00285974 0.00108927 0.00330624 -0.00746872 0.00455107 0.0072145 -0.0268904
internal_weight=47223 15325.5 31897.5 27393.8 23309.8 4083.96 861.366 9049.92 11176.3 6521.8 670.253 5851.55 3810.91 424.043
internal_count=213455 72656 140799 122046 103339 18707 4142 40832 49957 29515 2922 26593 16907 1873
is_linear=0
shrinkage=0.03


Tree=81
num_leaves=15
num_cat=0
split_feature=245 226 226 248 233 125 63 209 147 245 231 228 248 245
split_gain=227.413 176.371 227.095 256.381 138.98 186.032 127.408 129.969 119.487 119.601 172.86 130.627 109.018 108.672
threshold=-0.11046205461025237 54.500000000000007 6.5000000000000009 0.60101011395454418 68.500000000000014 3.5000000000000004 63.500000000000007 44.500000000000007 38.500000000000007 -0.20480131357908246 92.500000000000014 6.5000000000000009 0.84343436360359203 -0.072480492293834672
decision_type=2 10 10 2 10 8 8 10 10 2 10 10 2 2
left_child=1 2 12 -4 5 -2 7 -7 9 -5 -11 -12 -1 -6
right_child=4 -3 3 8 13 6 -8 -9 -10 10 11 -13 -14 -15
leaf_value=0.0080035943835360546 -0.0097907249090037757 0.025882861701743389 0.015388013112006334 0.023437268100423722 0.0057599181505205372 -0.0016882721223141369 0.001399484246887828 -0.0093775458196981888 0.0074287178292515906 -0.0081177052570604539 -0.046470235631203741 0.0032445388348854372 0.025742278900660335 4.2461495400733408e-05
leaf_weight=950.00531870126724 2404.7787919640541 387.74297495931387 569.04441583156586 68.690666414797306 4337.1390575394034 13611.661448799074 10912.436999104917 2306.3698125034571 337.93706581741571 822.39956225454807 207.25236782431602 59.301738709211349 465.46578895300627 9597.965378805995
leaf_count=6441 10202 2216 3345 539 19954 59237 49892 9738 1710 3874 923 295 3088 41214
internal_value=-1.48655e-05 0.00694435 0.00476615 -0.00158521 -0.000639839 -0.00181485 -0.0010966 -0.00280756 -0.00810256 -0.0126612 -0.0151308 -0.0356925 0.0139765 0.00182481
internal_weight=47038.2 3867.84 3480.1 2064.63 43170.4 29235.2 26830.5 15918 1495.58 1157.64 1088.95 266.554 1415.47 13935.1
internal_count=212668 22431 20215 10686 190237 129069 118867 68975 7341 5631 5092 1218 9529 61168
is_linear=0
shrinkage=0.03


Tree=82
num_leaves=15
num_cat=0
split_feature=120 242 226 243 226 222 226 244 248 249 120 244 226 248
split_gain=186.262 170.257 167.644 289.978 164.429 173.974 237.224 175.384 173.824 199.83 142.604 116.545 112.695 125.203
threshold=98.500000000000014 0.031649326905608184 12.500000000000002 -0.087502673268318162 40.500000000000007 16.500000000000004 34.500000000000007 0.02606151252985001 0.82323232293128978 0.83333334326744091 16.500000000000004 0.046097356826066978 43.500000000000007 0.85353535413742077
decision_type=10 8 8 2 10 10 10 2 2 2 10 2 10 2
left_child=1 2 -1 -4 5 6 7 -5 -6 10 -10 -9 13 -2
right_child=12 -3 3 4 8 -7 -8 11 9 -11 -12 -13 -14 -15
leaf_value=0.0029006010979786057 0.00039416056873876562 0.0030944039702398654 -0.031702854310474662 -0.0034430282302083553 -0.0012086966292429733 -0.0020034759438677286 -0.025827811494812093 -0.032805988022018923 -0.017105396308200016 -0.027433777046934962 0.021125351925532398 0.0011889279975905924 0.012922077120534954 0.016781790896840183
leaf_weight=6356.0420363545418 2860.6276948302984 9450.4481223002076 293.01393719017506 2430.288539737463 16509.216383203864 5196.2710624188185 723.40409678220749 326.6754397302866 91.826674997806549 94.187132373452187 744.15564593672752 123.32794603705406 1401.1626188158989 481.8159139379859
leaf_count=28865 14971 46125 1323 10263 70400 21847 2990 1404 379 402 3335 585 7062 2991
internal_value=0.00017959 -0.0004525 -0.00147233 -0.0025206 -0.00218277 -0.00552344 -0.0105794 -0.00667353 -0.000494857 0.0120529 0.0167734 -0.023666 0.00581037 0.00279946
internal_weight=47082.5 42338.9 32888.4 26532.4 26239.4 8799.97 3603.7 2880.29 17439.4 930.169 835.982 450.003 4743.61 3342.44
internal_count=212942 187918 141793 112928 111605 37089 15242 12252 74516 4116 3714 1989 25024 17962
is_linear=0
shrinkage=0.03


Tree=83
num_leaves=15
num_cat=0
split_feature=60 243 242 230 230 248 231 146 231 231 230 248 230 24
split_gain=182.865 148.059 127.609 122.382 156.213 179.823 149.381 119.72 115.028 114.857 137.994 125.103 111.314 131.897
threshold=68.500000000000014 -0.03706707060337066 0.028141380287706855 13.500000000000002 25.500000000000004 0.41919192671775823 10.500000000000002 13.500000000000002 57.500000000000007 56.500000000000007 45.500000000000007 0.29797980189323431 36.500000000000007 77.500000000000014
decision_type=8 2 8 8 8 2 10 10 10 10 8 2 10 8
left_child=2 -2 7 6 5 -5 -3 -1 -7 -6 -11 -12 -4 -14
right_child=1 3 12 4 9 8 -8 -9 -10 10 11 -13 13 -15
leaf_value=0.0043127982339705015 0.0064509920991840369 -0.023509755260089405 0.0043137589908053666 0.0015687369984126293 -0.0024640130437655742 -0.00870259146090566 0.0093769890044243867 -0.0033269820811610488 -0.036521504102044598 -0.0095115813198523302 0.00084953049390394078 0.015958793352446196 -0.0054272938576208274 0.0058326106164221158
leaf_weight=2031.3542972207069 5834.8513755053282 123.95603758096695 5582.1231549233198 462.7147299349308 4470.0337291359901 258.47466319799423 1811.3391540274024 19413.716722115874 286.58861391246319 434.35259592533112 915.43802683055401 1062.2992036938667 3105.8729563131928 1329.165533952415
leaf_count=8273 29650 528 27191 2010 20057 1124 8477 83581 1230 1913 4173 5155 13635 6230
internal_value=2.21916e-05 0.00267014 -0.00129623 0.000420542 -0.00123967 -0.0122097 0.00716056 -0.00260164 -0.0237239 0.000382093 0.00564483 0.00900461 0.00149824 -0.00204721
internal_weight=47122.3 15660 31462.2 9825.2 7889.9 1007.78 1935.3 21445.1 545.063 6882.12 2412.09 1977.74 10017.2 4435.04
internal_count=213227 74317 138910 44667 35662 4364 9005 91854 2354 31298 11241 9328 47056 19865
is_linear=0
shrinkage=0.03


Tree=84
num_leaves=15
num_cat=0
split_feature=245 224 226 226 244 248 243 245 231 222 242 231 228 77
split_gain=243.085 154.736 174.055 187.894 196.048 174.36 230.308 156.101 151.392 154.751 147.555 134.603 474.193 287.787
threshold=-0.099302399903535829 1.5000000000000002 54.500000000000007 12.500000000000002 0.04329675808548928 0.6111111342906953 -0.083968959748744951 -0.1008326970040798 14.500000000000002 17.500000000000004 0.031649326905608184 91.500000000000014 6.5000000000000009 19.500000000000004
decision_type=2 8 8 10 2 2 2 2 10 10 8 8 8 10
left_child=1 -1 3 4 -3 -5 -7 8 -8 -10 11 -2 13 -13
right_child=10 2 -4 5 -6 6 7 -9 9 -11 -12 12 -14 -15
leaf_value=0.016137121779128696 -0.00092088288208956343 0.014169260269539288 0.014189922382003929 0.0090754125217958302 -0.012112863736657325 -0.039400550608423263 -0.045847561571835345 0.02477086870659025 -0.0092970975135552459 0.030480593480743983 0.0027593269598403507 -0.0017897175552901814 8.7427041211745511e-05 -0.032776300749066789
leaf_weight=1066.0667380318046 28709.973079159856 1168.9794061854482 1050.0264175534248 549.42350436002016 317.78643650561571 203.90338642150164 83.759930282831192 125.82325612008572 1073.0310996323824 86.0867710262537 8694.8928193449974 406.6005053371191 2743.6263166069984 798.6164309233427
leaf_count=7202 122317 6551 5933 3076 1995 894 352 550 4828 464 41346 1828 12414 3362
internal_value=9.08791e-05 0.00587906 0.0035022 0.000361848 0.00850823 -0.00535893 -0.0104274 -0.00585658 -0.00913012 -0.00610739 -0.000711648 -0.0016363 -0.00682227 -0.0224232
internal_weight=47078.6 5724.89 4658.82 3608.79 1486.77 2122.03 1572.6 1368.7 1242.88 1159.12 41353.7 32658.8 3948.84 1205.22
internal_count=213112 31845 24643 18710 8546 10164 7088 6194 5644 5292 181267 139921 17604 5190
is_linear=0
shrinkage=0.03


Tree=85
num_leaves=15
num_cat=0
split_feature=238 242 190 66 209 241 14 229 243 229 106 52 105 129
split_gain=203.643 126.387 124.478 101.516 88.7785 82.6304 78.6695 107.13 74.8195 86.9241 73.2275 94.4921 73.5033 71.0373
threshold=-0.11834039539098738 0.041731320321559913 90.500000000000014 75.500000000000014 52.500000000000007 -1.9439823627471922 12.500000000000002 1.0000000180025095e-35 -0.027231270447373387 45.500000000000007 81.500000000000014 12.500000000000002 2.5000000000000004 60.500000000000007
decision_type=10 8 10 10 10 10 10 8 2 10 10 8 10 10
left_child=1 3 4 6 13 -3 7 -1 9 -9 -5 12 -12 -2
right_child=2 5 -4 10 -6 -7 -8 8 -10 -11 11 -13 -14 -15
leaf_value=0.010548310000324716 -0.0018982621249570525 0.02111406739184234 0.0061118072376923644 0.0060088155944409702 -0.0061288756910553403 0.0062895504638296202 0.002448572045915001 -0.0081274426282077102 0.0015108978940506779 0.0087795532880023206 0.005655635949447034 0.0060037788701192323 -0.029260867330464159 0.0037384170867772889
leaf_weight=480.22685324400663 20878.926085442305 397.14567299187183 1768.3019942343235 4763.3623161241412 4127.1707135587931 2120.6075418666005 4900.5730509459972 3063.3101371303201 1449.256678044796 292.28928727656603 73.360483326017857 285.33826732635498 171.29921639710665 2217.467387676239
leaf_count=2805 89389 2737 8004 24235 17327 11354 22175 14079 6416 1406 395 1456 844 10204
internal_value=-2.37989e-05 0.00248209 -0.00157966 0.00146539 -0.00208132 0.00870222 -0.000286832 -0.00282306 -0.00417861 -0.00663305 0.00483125 -0.00566737 -0.0189803 -0.00135571
internal_weight=46988.6 17996.8 28991.9 15479 27223.6 2517.75 10185.7 5285.08 4804.86 3355.6 5293.36 529.998 244.66 23096.4
internal_count=212826 87902 124924 73811 116920 14091 46881 24706 21901 15485 26930 2695 1239 99593
is_linear=0
shrinkage=0.03


Tree=86
num_leaves=15
num_cat=0
split_feature=238 98 140 226 243 243 228 246 248 67 122 31 120 228
split_gain=195.599 115.297 121.747 151.491 136.093 204.611 171.967 145.219 120.767 121.125 120.419 118.532 113.734 112.261
threshold=-0.2042557820677757 42.500000000000007 30.500000000000004 8.5000000000000018 -0.046505991369485848 -0.082376264035701738 21.500000000000004 0.034686729311943061 0.27777777612209326 2.5000000000000004 74.500000000000014 58.500000000000007 98.500000000000014 3.5000000000000004
decision_type=10 10 10 8 2 2 10 2 2 10 10 10 10 10
left_child=-1 2 3 4 5 -2 10 -8 -4 -10 -6 -5 -11 -7
right_child=1 -3 8 11 6 13 7 -9 9 12 -12 -13 -14 -15
leaf_value=0.0070164018872468292 0.016381114375278911 0.0022736914727894248 -0.0037504567874242036 -0.0034395905476777718 0.015576350204689806 -0.019052985273418491 -0.022080116758011945 0.021272428911470867 -0.012300981675772186 0.001329714127892806 -0.0079224723176350882 -0.01100954271806839 0.010302040921184081 0.00097213691263129656
leaf_weight=3342.6425000056624 306.68234249204397 10282.22289429605 4896.1269704252481 9509.6304573193192 1283.7223467826843 626.97366331517696 261.26024198532104 84.684286266565323 520.96938839554787 11536.237224504352 224.99933408200741 2310.7176298052073 1419.7124299705029 415.28779593110085
leaf_count=20235 1743 46415 21000 40620 5658 2875 1106 387 2391 50972 1000 9680 6928 1946
internal_value=3.3187e-05 -0.000502702 -0.00135792 -0.00336002 0.0024207 -0.00480903 0.00767666 -0.0111683 0.000280176 0.00174619 0.0120428 -0.00492747 0.00232009 -0.0111406
internal_weight=47021.9 43679.2 33397 15024 3203.61 1348.94 1854.67 345.945 18373 13476.9 1508.72 11820.3 12955.9 1042.26
internal_count=212956 192721 146306 65015 14715 6564 8151 1493 81291 60291 6658 50300 57900 4821
is_linear=0
shrinkage=0.03


Tree=87
num_leaves=15
num_cat=0
split_feature=245 248 228 245 226 229 249 230 231 226 67 249 229 121
split_gain=211.541 145.172 330.432 265.375 195.605 323.289 203.185 177.407 209.585 226.143 185.161 191.414 173.698 171.784
threshold=-0.099302399903535829 0.71212121844291698 22.500000000000004 -0.075226172804832445 42.500000000000007 25.500000000000004 0.055555555969476707 10.500000000000002 81.500000000000014 1.0000000180025095e-35 15.500000000000002 0.04545454494655133 92.500000000000014 47.500000000000007
decision_type=2 2 8 2 8 10 2 10 10 8 10 2 10 8
left_child=-1 3 7 -2 5 -4 -7 8 -3 -10 -9 -12 -6 -11
right_child=1 2 4 -5 12 6 -8 10 9 13 11 -13 -14 -15
leaf_value=0.0053452474108922603 0.0076840706615753174 0.0045084022064295739 0.022729652218013353 -0.00090881531680284404 0.017208022768125809 0.00011693971121513717 -0.031242227778405698 -0.022233325212226637 -0.029445549196938176 0.026754372070603973 -0.015783855665158664 0.007208937579178544 -0.013951107161604286 -0.010412933925896935
leaf_weight=5692.8423961102962 3609.8458011448383 1394.1480952650309 266.45788541436195 30385.481154873967 1080.95347674191 378.59243968129158 355.31449361145496 1312.938327729702 433.80460840463638 141.08954636752605 778.21077696979046 547.69754594564438 181.15302567183971 421.76027545332909
leaf_count=31867 17149 6123 1213 132256 4875 1596 1515 5414 1851 647 3270 2360 877 1867
internal_value=-7.08313e-05 -0.000818731 -0.00465656 5.62477e-06 0.00485038 -0.00503185 -0.0152812 -0.00893418 -0.00299533 -0.0134323 -0.0142832 -0.00630328 0.0126612 -0.000791805
internal_weight=46980.3 41287.4 7292.12 33995.3 2262.47 1000.36 733.907 5029.65 2390.8 996.654 2638.85 1325.91 1262.11 562.85
internal_count=212880 181013 31608 149405 10076 4324 3111 21532 10488 4365 11044 5630 5752 2514
is_linear=0
shrinkage=0.03


Tree=88
num_leaves=15
num_cat=0
split_feature=238 190 226 231 245 228 249 245 69 249 222 230 140 245
split_gain=204.991 145.784 136.858 225.626 209.439 288.783 224.605 160.193 159.24 156.773 153.932 217.712 149.237 146.157
threshold=-0.23278804123401639 89.500000000000014 12.500000000000002 88.500000000000014 -0.096477255225181566 5.5000000000000009 0.84343436360359203 -0.051523502916097634 24.500000000000004 0.31818181276321417 6.5000000000000009 8.5000000000000018 89.500000000000014 -0.071852181106805788
decision_type=10 10 8 10 2 10 2 2 10 2 10 8 10 2
left_child=-1 2 3 7 9 6 8 10 -6 -5 -2 -12 -7 -14
right_child=1 -3 -4 4 5 12 -8 -9 -10 -11 11 -13 13 -15
leaf_value=0.0094748190648704846 0.0018071521583671755 0.0066318114736036863 -0.0017428039823561971 0.01836530679461789 -0.040872498993683927 0.004028749641141212 0.020849579100338748 -0.0012977452698142273 -0.011185570238401551 -0.0058487321548289489 0.021285004521549189 0.0034017337669066646 0.023100147954419527 -0.031448941937149415
leaf_weight=1949.0146454051137 1595.1739541068673 2469.8056742697954 33337.475166410208 519.42440886795521 420.0483363121748 1072.7641734778881 83.153266280889511 1962.6368975937366 277.42553959786892 434.29167824238539 1443.4503307417035 1066.7983709424734 47.485149785876274 211.22867271304131
leaf_count=12798 7557 11438 145543 2998 1760 4896 384 8620 1204 2489 6802 4949 228 918
internal_value=-2.48075e-05 -0.000438805 -0.000851442 0.00240026 -0.00422416 -0.00947986 -0.0238418 0.00574863 -0.0293893 0.00739274 0.00911218 0.0137287 -0.000944709 -0.0209498
internal_weight=46890.2 44941.2 42471.4 9133.88 3065.82 2112.11 780.627 6068.06 697.474 953.716 4105.42 2510.25 1331.48 258.714
internal_count=212584 199786 188348 42805 14877 9390 3348 27928 2964 5487 19308 11751 6042 1146
is_linear=0
shrinkage=0.03


Tree=89
num_leaves=15
num_cat=0
split_feature=245 248 76 224 245 190 224 77 245 246 243 167 224 229
split_gain=190.814 269.091 187.411 237.898 182.015 147.248 138.378 137.657 145.905 169.679 131.235 142.886 114.411 149.222
threshold=-0.075686518102884279 0.58080807328224193 85.500000000000014 42.500000000000007 -0.079050879925489412 88.500000000000014 36.500000000000007 1.5000000000000002 -0.090032774955034242 0.0069871286395937213 -0.054462255910038941 30.500000000000004 31.500000000000004 12.500000000000002
decision_type=2 2 10 10 2 10 10 10 2 2 2 8 10 10
left_child=1 -1 3 4 6 10 -3 -5 -9 -10 11 -2 -12 -14
right_child=5 2 -4 7 -6 -7 -8 8 9 -11 12 -13 13 -15
leaf_value=0.012214958901388018 -0.018923644055806474 -0.0045396872354655565 0.0076341875732846929 -0.029022542925879611 0.011612662192124347 0.0062951860102732739 -0.024874925294767689 0.017391643595978189 -0.029288301510269798 0.006205084317540654 0.0011509250631900974 -0.00053629607662253592 -0.017939479195322613 -0.0022148445540523662
leaf_weight=2371.1849385723472 797.97471313178539 5419.7209693491459 2922.6360209733248 77.935636900365353 596.23883402347565 2217.5590559244156 309.7291079685092 991.99301414191723 132.69143678247929 795.88117054104805 11170.577479794621 719.81927804648876 550.33324429392815 18012.552518695593
leaf_count=13023 3442 25556 15881 346 2640 10082 1406 5081 559 3671 48654 3250 2457 77482
internal_value=6.047e-05 0.00305309 0.00111234 -0.0011839 -0.00403467 -0.00115773 -0.00568042 0.00781456 0.00945198 0.000875128 -0.00168843 -0.010264 -0.00124737 -0.00269044
internal_weight=47086.8 13618 11246.8 8324.19 6325.69 33468.8 5729.45 1998.5 1920.57 928.573 31251.3 1517.79 29733.5 18562.9
internal_count=213530 68163 55140 39259 29602 145367 26962 9657 9311 4230 135285 6692 128593 79939
is_linear=0
shrinkage=0.03


Tree=90
num_leaves=15
num_cat=0
split_feature=76 244 231 120 192 10 140 244 231 126 238 149 231 215
split_gain=155.055 182.537 133.449 132.465 175.87 126.556 141.535 121.362 144.483 115.852 98.4115 97.1495 112.496 145.518
threshold=86.500000000000014 0.053624620661139495 89.500000000000014 98.500000000000014 79.500000000000014 2.5000000000000004 17.500000000000004 0.036112040281295783 91.500000000000014 25.500000000000004 -0.28176991641521448 22.500000000000004 75.500000000000014 16.500000000000004
decision_type=8 2 8 10 10 10 10 2 8 8 10 10 10 10
left_child=3 2 9 5 7 -1 -7 -5 -9 -2 -4 -8 13 -13
right_child=1 -3 10 4 -6 6 11 8 -10 -11 -12 12 -14 -15
leaf_value=0.0044864413513585628 -0.013129016144256607 0.014713152909229702 0.017578873758233499 0.0040462265625602961 0.01569799498199495 -0.0053631492745544428 -0.0043578373009554765 0.01216825963309497 -0.021596020185108936 0.0051710147885553458 -0.0073539711045236362 0.00039745001795903664 0.0043360769651455333 -0.0074849219981535089
leaf_weight=3024.6745265051723 320.68885488808155 1148.7698341831565 146.46408457309008 1974.5812128409743 950.41912172734737 8039.0307347252965 5236.2689431831241 153.05469843745232 383.52822238206863 5465.3889875635505 1640.1647850349545 11227.126256339252 4585.6662319898605 2584.8655452281237
leaf_count=14009 1351 6888 1095 9829 4799 34248 22786 834 2174 25751 8373 48802 20966 10779
internal_value=1.67104e-05 0.00362322 0.00192371 -0.000808308 0.00477942 -0.00136698 -0.0019272 0.000601117 -0.0119187 0.00413585 -0.00522356 -0.000756701 0.00027005 -0.00108206
internal_weight=46880.7 8721.48 7572.71 38159.2 3461.58 34697.6 31673 2511.16 536.583 5786.08 1786.63 23633.9 18397.7 13812
internal_count=212684 43458 36570 169226 17636 151590 137581 12837 3008 27102 9468 103333 80547 59581
is_linear=0
shrinkage=0.03


Tree=91
num_leaves=15
num_cat=0
split_feature=245 248 126 244 190 106 245 24 224 248 246 244 224 122
split_gain=173.857 270.499 169.738 166.898 120.64 115.932 155.024 110.482 106.871 98.7542 137.231 117.82 95.4157 209.373
threshold=-0.075686518102884279 0.58080807328224193 61.500000000000007 0.024262364953756336 88.500000000000014 88.500000000000014 -0.093968823552131639 20.500000000000004 24.500000000000004 0.7929292917251588 0.026012639515101913 0.006872941507026554 31.500000000000004 45.500000000000007
decision_type=2 2 10 2 10 10 2 8 8 2 2 2 10 8
left_child=1 -1 3 7 9 -4 -7 -3 -5 12 11 -11 13 -2
right_child=4 2 5 8 -6 6 -8 -9 -10 10 -12 -13 -14 -15
leaf_value=0.01203446904376009 0.0061247403708183162 0.0045499789089968219 0.0058462903041268353 -0.022254779610169174 0.0056148938258048188 0.01484730599665967 -0.032980667987992089 -0.0043531162035265556 -0.001549524365900479 -0.019923564038304441 -0.042554596353295872 0.013776015652534458 -0.0027668730731842985 -0.0022794974162415982
leaf_weight=2365.1524571031332 4106.6279159635305 2251.0260565727949 4957.3141980022192 563.04381773620844 2181.4799294024706 90.993498273193836 150.22376212477684 2807.8884289190173 371.33219526708126 208.78087230026722 112.71907591819763 153.72235184907913 18983.334531083703 7571.3117919266224
leaf_count=13066 17698 10106 26937 2615 9949 564 725 12247 1754 858 467 663 81805 33242
internal_value=-2.39907e-05 0.00283898 0.000886707 -0.0025524 -0.00118943 0.00484888 -0.0150659 -0.000390414 -0.0141298 -0.0016678 -0.0150976 -0.0056468 -0.0014548 0.000678622
internal_weight=46875 13557 11191.8 5993.29 33318 5198.53 241.217 5058.91 934.376 31136.5 475.222 362.503 30661.3 11677.9
internal_count=212696 68014 54948 26722 144682 28226 1289 22353 4369 134733 1988 1521 132745 50940
is_linear=0
shrinkage=0.03


Tree=92
num_leaves=15
num_cat=0
split_feature=245 242 66 233 44 226 226 35 119 135 149 137 226 68
split_gain=161.695 134.103 161.027 150.903 126.442 112.211 107.037 122.569 110.564 92.843 91.5658 101.75 113.427 99.2438
threshold=-0.20480131357908246 0.019257765263319019 56.500000000000007 15.500000000000002 33.500000000000007 66.500000000000014 52.500000000000007 57.500000000000007 79.500000000000014 54.500000000000007 17.500000000000004 90.500000000000014 13.500000000000002 18.500000000000004
decision_type=2 8 10 10 10 10 8 8 10 10 10 10 8 10
left_child=-1 3 4 -2 5 -3 9 8 -8 -6 11 -4 13 -13
right_child=1 2 10 -5 6 -7 7 -9 -10 -11 -12 12 -14 -15
leaf_value=0.021718412000393931 -0.0083485788139861152 0.00028328966943815253 0.0015934257904510626 -0.00089750640976363259 -0.0033147740605109729 0.009865065558831999 -0.010271643372870827 0.00092913109063130479 0.0059612874997213147 0.0050509913631064602 0.0043400984819124333 -0.044993213296907419 -0.003359728772749693 -0.0025643994494882012
leaf_weight=295.16764686256647 3269.7341796532273 7271.8902873173356 2019.0369068384171 9637.9367160722613 2903.4907060191035 1286.1664493829012 3748.0038048028946 1686.9370216801763 413.3137838691473 2012.9189414381981 11758.840653188527 128.55781346559525 466.04185403138399 79.271552413702011
leaf_count=2624 13944 33904 9418 41361 12504 5677 16041 7482 1964 8749 56335 627 2239 391
internal_value=-4.79859e-05 -0.000190235 0.000803852 -0.00278999 -0.00098749 0.00173314 -0.00315003 -0.00588925 -0.00864892 0.00011371 0.00319799 -0.00178672 -0.0117894 -0.0296704
internal_weight=46977.3 46682.1 33774.5 12907.7 19322.7 8558.06 10764.7 5848.25 4161.32 4916.41 14451.7 2692.91 673.871 207.829
internal_count=213260 210636 155331 55305 86321 39581 46740 25487 18005 21253 69010 12675 3257 1018
is_linear=0
shrinkage=0.03


Tree=93
num_leaves=15
num_cat=0
split_feature=242 136 233 231 68 8 231 178 246 248 248 120 248 248
split_gain=137.386 143.12 111.14 111.17 94.682 102.639 127.615 92.0408 89.9019 88.3971 85.951 80.5997 77.919 76.4864
threshold=0.019807722419500354 1.5000000000000002 14.500000000000002 65.500000000000014 19.500000000000004 3.5000000000000004 86.500000000000014 95.500000000000014 0.02897666767239571 0.74242421984672557 0.27777777612209326 57.500000000000007 0.95454546809196483 0.59090909361839306
decision_type=8 8 10 10 10 10 10 8 2 2 2 10 2 2
left_child=2 -2 3 9 5 -4 8 12 13 -1 -6 -10 -3 -7
right_child=1 7 4 -5 10 6 -8 -9 11 -11 -12 -13 -14 -15
leaf_value=-0.0074284970561089613 0.0080262073840015186 -3.1295520240779293e-05 0.0031645289835586965 0.0031044357378650416 -0.0049508123798778121 -0.0066383009565665167 -0.018545470299887994 0.0050017960939487301 -0.018692086414753513 -0.021835747604578893 0.0034093157700085743 -0.0012900448527123074 -0.03216164295065848 0.0059597292093653397
leaf_weight=2285.6603289544582 2445.7857225090265 26555.228338740766 1235.9190008342266 748.55238661915064 1432.6194775253534 795.3500167876482 669.66803222894669 3583.1564161777496 549.41477698087692 456.89529530704021 4750.2213424295187 421.67939711362123 58.103237435221672 929.96696530282497
leaf_count=9566 14021 118929 5921 3416 5953 3244 2890 18505 2251 1922 20426 1840 262 3910
internal_value=-1.20401e-05 0.00106152 -0.00246579 -0.00711016 -0.000957196 -0.0042107 -0.00692001 0.000494945 -0.0039749 -0.00989928 0.00146733 -0.0112257 -0.000113498 0.000147404
internal_weight=46918.2 32642.3 14275.9 3491.11 10784.8 4602 3366.08 30196.5 2696.41 2742.56 6182.84 971.094 26613.3 1725.32
internal_count=213056 151717 61339 14904 46435 20056 14135 137696 11245 11488 26379 4091 119191 7154
is_linear=0
shrinkage=0.03


Tree=94
num_leaves=15
num_cat=0
split_feature=136 68 231 137 75 53 141 231 70 212 231 139 193 57
split_gain=123.259 125.797 205.826 164.06 138.933 117.602 115.493 135.77 108.908 100.485 93.6569 86.6503 92.9714 83.2102
threshold=3.5000000000000004 18.500000000000004 69.500000000000014 91.500000000000014 66.500000000000014 5.5000000000000009 41.500000000000007 92.500000000000014 8.5000000000000018 19.500000000000004 91.500000000000014 37.500000000000007 72.500000000000014 48.500000000000007
decision_type=8 8 8 10 10 10 10 10 10 10 10 8 10 10
left_child=-1 3 4 5 9 -2 -4 -8 -6 11 13 -3 -13 -7
right_child=1 2 6 -5 8 10 7 -9 -10 -11 -12 12 -14 -15
leaf_value=0.0040483809529504701 -0.008025446510564983 0.0024099609039136467 -0.0030492404676209679 -0.025397633304852573 0.010802933921701162 -0.0036938239103308287 0.008215077932764419 -0.0002839035683188693 0.00056867444304957589 -0.0080815332869023163 -0.0093267421959414738 -0.0051724510598064998 0.0013146056281781017 0.0033304995093210743
leaf_weight=5749.0570302680135 2821.9536716341972 3390.0878292918205 1715.1670183986425 288.8492137491703 1163.4371093437076 2514.0432517528534 5348.1162125691772 2471.2082771733403 4627.5046995505691 2675.4795312136412 995.43618681281805 6473.3454641997814 2862.9372895136476 3797.4787253513932
leaf_count=30182 12686 14930 8331 1355 4994 11004 24414 11818 20523 11166 4605 27862 12398 16730
internal_value=-6.23264e-05 -0.000637546 0.000328576 -0.00348471 -0.00131836 -0.00283538 0.00398685 0.00553214 0.00263988 -0.00280737 -0.000822748 -0.0016931 -0.00318394 0.000531112
internal_weight=46894.1 41145 30727.3 10417.8 21192.8 10128.9 9534.49 7819.32 5790.94 15401.9 7306.96 12726.4 9336.28 6311.52
internal_count=212998 182816 136436 46380 91873 45025 44563 36232 25517 66356 32339 55190 40260 27734
is_linear=0
shrinkage=0.03


Tree=95
num_leaves=15
num_cat=0
split_feature=242 119 76 229 233 106 147 110 186 106 243 119 47 148
split_gain=143.635 179.832 143.701 141.637 135.13 124.245 114.703 92.8632 88.7842 85.9015 84.8128 79.702 90.4153 84.602
threshold=0.024356211535632614 17.500000000000004 86.500000000000014 68.500000000000014 13.500000000000002 5.5000000000000009 83.500000000000014 69.500000000000014 37.500000000000007 33.500000000000007 -0.045008767396211617 98.500000000000014 21.500000000000004 12.500000000000002
decision_type=8 8 8 10 10 10 10 10 10 10 2 10 8 10
left_child=3 5 11 4 -1 -2 -5 -7 10 -10 -6 13 -13 -3
right_child=1 2 -4 6 8 7 -8 -9 9 -11 -12 12 -14 -15
leaf_value=-0.007593867192347334 -0.037157958634259851 -0.0047886330422573665 0.008574882003562807 0.0057451479694558853 -0.01348494998064381 -0.0061689243116825904 -0.0045760054564775287 0.00748586785980842 -0.0013848664202605761 0.004887522900783898 -0.0029296529124951715 -0.0094245096783503492 0.01347767559609498 0.0020238006931270892
leaf_weight=3926.5934441685677 93.61562705039978 1873.8384166136384 3342.9179905131459 3677.1463313996792 865.03765023499727 2474.8816831409931 1306.1800571978092 537.99812626838684 9358.0870666950941 2476.6790177673101 3198.6745823919773 179.88100326806307 892.58500883728266 12716.736397564411
leaf_count=16654 387 8706 18586 16559 3783 10594 5802 2408 40684 10695 13377 1170 5070 58613
internal_value=8.58902e-05 0.00184358 0.00293761 -0.0014809 -0.00261728 -0.00483779 0.00303612 -0.00371394 -0.00138417 -6.92161e-05 -0.00520413 0.00172976 0.00958479 0.00114621
internal_weight=46920.9 22112.5 19006 24808.4 19825.1 3106.5 4983.33 3012.88 15898.5 11834.8 4063.71 15663 1072.47 14590.6
internal_count=213088 105534 92145 107554 85193 13389 22361 13002 68539 51379 17160 73559 6240 67319
is_linear=0
shrinkage=0.03


Tree=96
num_leaves=15
num_cat=0
split_feature=245 119 230 233 51 119 248 248 144 190 70 231 58 189
split_gain=169.027 156.322 140.77 122.615 167.427 121.878 183.446 144.792 134.146 121.694 113.884 102.457 148.808 125.405
threshold=-0.11046205461025237 17.500000000000004 17.500000000000004 66.500000000000014 3.5000000000000004 79.500000000000014 0.83333334326744091 0.6111111342906953 93.500000000000014 88.500000000000014 9.5000000000000018 92.500000000000014 35.500000000000007 48.500000000000007
decision_type=2 8 10 10 8 8 2 2 8 10 10 10 10 10
left_child=1 -1 5 4 -2 7 -7 -3 -9 10 -6 12 13 -5
right_child=3 2 -4 11 9 6 -8 8 -10 -11 -12 -13 -14 -15
leaf_value=-0.023104275624208272 -0.0093090388345631724 0.019754585017427169 0.017420424153643289 0.0029290633678275566 0.0030396203363978131 0.00097357262505054357 0.020592493251387019 -0.0027707488372255293 -0.031793108414568942 0.0059140633250284414 -0.002506800450561595 -0.0045703136652579818 -0.0004422926482494121 0.011968905480690892
leaf_weight=148.37280888855457 2359.3341960161924 152.41173198074102 923.42229001969099 3988.4754030704498 3985.9178937748075 1181.3980470523238 664.41974433511496 462.43964690715075 199.16668679565191 2108.2227108776569 20066.503666549921 2010.5535255968571 6527.7175807356834 2110.4605677649379
leaf_count=645 10012 916 5074 17279 18130 8007 4540 2285 899 9862 88240 9292 28223 9670
internal_value=3.2692e-06 0.00611999 0.00739101 -0.000526914 -0.0016723 0.00385687 0.0081085 -0.00576528 -0.0118508 -0.000980274 -0.00158678 0.00170444 0.0027064 0.00607166
internal_weight=46888.8 3731.63 3583.26 43157.2 28520 2659.84 1845.82 814.018 661.606 26160.6 24052.4 14637.2 12626.7 6098.94
internal_count=213074 22366 21721 190708 126244 16647 12547 4100 3184 116232 106370 64464 55172 26949
is_linear=0
shrinkage=0.03


Tree=97
num_leaves=15
num_cat=0
split_feature=238 60 242 98 140 226 136 226 64 249 244 243 229 249
split_gain=156.392 137.559 114.237 110.833 106.288 101.762 110.41 97.1218 114.612 108.513 178.806 103.904 111.772 101.7
threshold=-0.11834039539098738 83.500000000000014 0.041731320321559913 42.500000000000007 30.500000000000004 70.500000000000014 45.500000000000007 6.5000000000000009 26.500000000000004 0.82323232293128978 0.032218867912888534 -0.095954433083534227 5.5000000000000009 0.52020201086997997
decision_type=10 10 8 10 10 10 10 8 10 2 2 2 10 2
left_child=1 2 5 4 -2 7 -7 9 -9 10 13 -10 -13 -1
right_child=3 -3 -4 -5 -6 6 -8 8 11 -11 -12 12 -14 -15
leaf_value=0.003769326227150357 -0.0051254889330721492 0.0076434881806683591 0.0073007743876055261 0.0017037652969052524 -0.00082235540306610847 0.010605779661075175 -0.004543266809997718 -0.0092909898882735115 -0.02047302405764366 0.023788311445370774 -0.013513959927543251 0.010050963297319297 -0.0018826506527425376 0.026988662946776255
leaf_weight=1650.203611060977 8582.8642566204071 3296.655806645751 2112.0839050337672 7455.7881531566381 12965.730795912445 1390.8470309376717 619.90551108121872 1980.3595816791058 226.01659557968378 210.18755557388067 525.33777645230293 815.61300429701805 4880.8059548288584 179.9850726723671
leaf_count=8588 35910 17453 11871 33126 56071 6655 2763 9139 1234 1232 2874 3962 21330 1023
internal_value=-8.69053e-05 0.00211852 0.000865872 -0.00144733 -0.00253789 -0.000228193 0.00593603 -0.00141673 -0.00306262 0.00364507 0.00175469 -0.000967806 -0.000159377 0.00618702
internal_weight=46892.4 17888 14591.3 29004.4 21548.6 12479.3 2010.75 10468.5 7902.8 2565.71 2355.53 5922.44 5696.42 1830.19
internal_count=213231 88124 70671 125107 91981 58800 9418 49382 35665 13717 12485 26526 25292 9611
is_linear=0
shrinkage=0.03


Tree=98
num_leaves=15
num_cat=0
split_feature=238 60 248 238 209 78 118 231 105 70 52 137 62 248
split_gain=155.804 105.629 105.41 98.3868 96.6012 81.8913 79.7137 71.8225 83.352 83.0755 68.3622 123.977 122.195 119.343
threshold=-0.23278804123401639 69.500000000000014 0.95454546809196483 -0.10501190274953841 52.500000000000007 8.5000000000000018 23.500000000000004 91.500000000000014 26.500000000000004 19.500000000000004 32.500000000000007 90.500000000000014 18.500000000000004 0.59090909361839306
decision_type=10 10 2 10 10 10 10 10 10 10 8 10 8 2
left_child=-1 2 4 5 10 -3 -5 8 -7 -9 11 -2 13 -12
right_child=1 3 -4 6 -6 7 -8 9 -10 -11 12 -13 -14 -15
leaf_value=0.0083771199530077497 -0.0018500167264706036 -0.0018840554033880629 -0.038253679179805405 -0.0082121530947754824 -0.0053521387098867373 0.012189901181655858 0.00077119022508986563 -0.010354590033100977 0.0032245016246630221 0.0065317164835819799 0.0033079967710634862 -0.023374884236390364 -3.3771897765623106e-05 0.02335830915707731
leaf_weight=1912.8004814386368 11110.843226283789 1354.103508092463 59.332704812288284 1022.4585912525654 4367.9711924567819 2178.3491823226213 6389.2970860898495 437.47659693658352 1643.8243470788002 623.35099355131388 828.54109027981758 236.27785609662533 14400.002802662551 387.26852065324783
leaf_count=12838 48555 6593 253 4287 18517 10383 28369 2182 7884 3260 3700 1096 63714 1818
internal_value=1.4019e-05 -0.000342941 -0.00130086 0.00185947 -0.0012187 0.00463285 -0.000477466 0.00644021 0.00835258 -0.000463723 -0.000547353 -0.00231841 0.000740234 0.00983302
internal_weight=46951.9 45039.1 31390.2 13648.9 31330.9 6237.1 7411.76 4883 3822.17 1060.83 26962.9 11347.1 15615.8 1215.81
internal_count=213449 200611 137653 62958 137400 30302 32656 23709 18267 5442 118883 49651 69232 5518
is_linear=0
shrinkage=0.03


Tree=99
num_leaves=15
num_cat=0
split_feature=238 237 51 238 78 26 66 231 231 231 248 29 173 244
split_gain=140.714 109.054 95.1027 87.7091 116.235 85.0931 84.1926 83.8232 81.9119 165.734 290.925 143.23 141.26 134.204
threshold=-0.12801507115364072 0.23053005337715152 3.5000000000000004 -0.27279300987720484 6.5000000000000009 3.5000000000000004 71.500000000000014 92.500000000000014 91.500000000000014 75.500000000000014 0.58080807328224193 7.5000000000000009 17.500000000000004 0.0016664691502228381
decision_type=10 2 8 10 8 10 10 10 8 10 2 10 8 2
left_child=3 2 -2 5 -5 -1 7 -6 9 13 -11 -12 -10 -4
right_child=1 -3 8 4 6 -7 -8 -9 12 10 11 -13 -14 -15
leaf_value=0.017937541707154604 -0.0074193832156821907 0.013088315434365333 -0.013249320489772889 -0.0043763422995465491 0.0025469661326728622 -0.0006833457308203448 0.0067497153724704511 -0.0060987825842035376 -0.022339076056401393 -0.00098533105743691253 -0.0041982191180060897 0.019006489558600723 -0.0030636192087661216 -0.00094964269844708294
leaf_weight=599.50857343524694 2150.9348018616438 468.32605027407408 820.26010157167912 2287.6712723374367 6849.4000888094306 345.27601689845324 3687.8421251177788 1173.6710381656885 381.00262345373631 2763.6467029303312 286.64094309508801 1349.8855321109295 2782.2012018561363 20887.835901483893
leaf_count=4655 8899 2407 3421 11424 32226 2170 18791 5841 1615 12173 1311 6180 12855 89057
internal_value=-4.1143e-06 -0.00112971 -0.00134572 0.00239719 0.00179573 0.0111966 0.00300413 0.00127619 -0.000897032 -0.000343726 0.00495861 0.0149413 -0.0054484 -0.00142028
internal_weight=46834.1 31890.7 31422.4 14943.4 13998.6 944.785 11710.9 8023.07 29271.5 26108.3 4400.17 1636.53 3163.2 21708.1
internal_count=213025 137918 135511 75107 68282 6825 56858 38067 126612 112142 19664 7491 14470 92478
is_linear=0
shrinkage=0.03


Tree=100
num_leaves=15
num_cat=0
split_feature=242 76 193 230 231 244 137 226 231 248 231 231 249 248
split_gain=131.924 162.798 136.189 124.673 150.255 178.748 158.755 134.145 190.371 190.632 175.421 203.173 155.25 129.176
threshold=0.024276302196085457 86.500000000000014 70.500000000000014 80.500000000000014 91.500000000000014 0.0040264327544718989 22.500000000000004 4.5000000000000009 75.500000000000014 0.58080807328224193 77.500000000000014 21.500000000000004 0.89393940567970287 0.28787878155708319
decision_type=8 10 8 10 8 2 8 8 10 2 10 10 2 2
left_child=3 2 -2 4 7 -6 -7 10 12 -10 11 -1 -9 -5
right_child=1 -3 -4 13 5 6 -8 8 9 -11 -12 -13 -14 -15
leaf_value=-0.010474270946972479 -0.0013726442227594126 0.008285861827753321 0.0037366856722284747 -0.0032089861165944078 0.018557165265524426 -0.021656324763587562 -0.0058415333443007818 -0.003301397393543366 -0.003209124649472957 0.014425452947298275 -0.0092366936018981102 0.017364865087303626 -0.03571759150517214 0.0071824638583353525
leaf_weight=291.58338938653469 11138.706830658019 2997.3621887862682 8101.9714133143425 1762.2602515220642 192.09555708616972 823.37141118943691 1853.9289020597935 13039.129331663251 1064.0499584376812 1129.1372227668762 484.88476501405239 1110.9206156507134 124.46569685637951 2738.8748051598668
leaf_count=1269 51908 16155 38424 7528 895 3715 8756 54346 4482 5027 2312 5094 519 12815
internal_value=0.000120255 0.00179464 0.000779644 -0.00139258 -0.00240257 -0.00874685 -0.0107677 -0.00134244 -0.00227096 0.0058941 0.00618464 0.0115439 -0.00363478 0.00311596
internal_weight=46852.7 22238 19240.7 24614.7 20113.6 2869.4 2677.3 17244.2 15356.8 2193.19 1887.39 1402.5 13163.6 4501.14
internal_count=213245 106487 90332 106758 86415 13366 12471 73049 64374 9509 8675 6363 54865 20343
is_linear=0
shrinkage=0.03


Tree=101
num_leaves=15
num_cat=0
split_feature=238 63 209 226 57 35 224 231 231 244 228 230 226 228
split_gain=128.102 120.148 90.9701 86.5818 81.1915 94.8323 94.1547 119.746 100.259 89.6718 85.3634 84.8668 84.4806 78.0851
threshold=-0.2042557820677757 75.500000000000014 42.500000000000007 1.5000000000000002 70.500000000000014 14.500000000000002 31.500000000000004 69.500000000000014 92.500000000000014 0.0057275851722806701 21.500000000000004 65.500000000000014 59.500000000000007 9.5000000000000018
decision_type=10 10 10 8 8 10 8 10 10 2 10 10 10 10
left_child=3 2 4 -1 6 -6 8 13 11 -10 -11 -2 -13 -8
right_child=1 -3 -4 -5 5 -7 7 -9 9 10 -12 12 -14 -15
leaf_value=0.015796791420019274 0.003320872242054935 0.0022685246800459888 -0.0050067726250074074 0.0033425767963315509 -0.0021466869455902407 0.0042493654048981694 -0.026288963092190341 0.0013572455477021742 0.018942729850123879 -0.014406457370612434 0.014231801083886546 -0.030126265617316225 -0.0016424333269023064 -0.0049778056390550928
leaf_weight=612.79052113741636 5720.1045093089342 11053.459932923317 5144.7572752684355 2645.9269008338451 3437.6868772059679 5278.1262274384499 148.42769303917885 3313.5965669751167 90.871290124952793 770.57040490210056 98.35063961148262 124.61587505042553 312.59408724308014 8061.3788964375854
leaf_count=4539 25241 50197 21921 15777 15612 23470 628 15001 424 3537 441 513 1364 34445
internal_value=-2.25734e-06 -0.000432035 -0.0013509 0.00572571 -0.000661779 0.00172707 -0.00177907 -0.0034536 0.000933223 -0.00803518 -0.0110399 0.00234196 -0.0102532 -0.00539461
internal_weight=46813.3 43554.5 32501.1 3258.72 27356.3 8715.81 18640.5 11523.4 7117.11 959.792 868.921 6157.31 437.21 8209.81
internal_count=213110 192794 142597 20316 120676 39082 81594 50074 31520 4402 3978 27118 1877 35073
is_linear=0
shrinkage=0.03


Tree=102
num_leaves=15
num_cat=0
split_feature=245 245 101 249 244 24 228 137 139 245 244 243 228 231
split_gain=142.549 111.932 144.787 114.025 265.461 124.696 140.839 145.355 117.425 116.517 216.239 240.068 205.968 204.859
threshold=-0.20480131357908246 -0.044388592243194573 3.5000000000000004 0.085858587175607695 0.0081531777977943438 77.500000000000014 93.500000000000014 93.500000000000014 39.500000000000007 -0.071516510099172578 0.0030931639485061173 -0.045008767396211617 5.5000000000000009 87.500000000000014
decision_type=2 2 8 2 2 8 10 10 8 2 2 2 10 10
left_child=-1 2 -2 8 -5 6 7 -6 9 10 11 -4 -12 -11
right_child=1 -3 3 4 5 -7 -8 -9 -10 13 12 -13 -14 -15
leaf_value=0.020718639904360694 -0.0043188423825900836 -0.0025151530676284168 0.010000592857028309 0.014656136006610393 0.0015449139187830019 0.006846351246701016 -0.026560972962302205 -0.015328883849364067 -0.0029354810588948042 0.0018516028108052447 -0.0025239189810186448 -0.028368664430277125 0.015416431136515103 -0.016621944040167359
leaf_weight=285.36623274534941 4400.5565040707588 13279.999286651611 273.7791150957346 1671.7200668156147 8123.6312654167414 3351.781141012907 165.41874631494284 476.98120999336243 7525.434000223875 3525.4129275977612 817.56219143420458 296.89582554996014 1918.615061879158 627.73984049260616
leaf_count=2669 20340 57831 1377 7882 38210 17357 745 2388 32206 14964 3924 1271 9133 2637
internal_value=-5.66679e-05 -0.000188718 0.00074302 0.00151836 0.00348599 0.00193419 5.03176e-05 0.000592395 -0.000293357 0.0023723 0.00656508 -0.0101059 0.0100662 -0.000973852
internal_weight=46740.9 46455.5 33175.5 28775 13789.5 12117.8 8766.03 8600.61 14985.4 7460 3306.85 570.675 2736.18 4153.15
internal_count=212934 210265 152434 132094 66582 58700 41343 40598 65512 33306 15705 2648 13057 17601
is_linear=0
shrinkage=0.03


Tree=103
num_leaves=15
num_cat=0
split_feature=238 63 226 231 231 35 229 147 238 224 192 119 122 226
split_gain=126.033 111.38 108.102 160.775 173.136 160.129 152.954 115.92 90.5871 84.5328 124.808 83.8073 96.638 91.5224
threshold=-0.25262157618999476 72.500000000000014 3.5000000000000004 91.500000000000014 19.500000000000004 7.5000000000000009 69.500000000000014 28.500000000000004 -0.12870207428932187 2.5000000000000004 1.0000000180025095e-35 48.500000000000007 33.500000000000007 67.500000000000014
decision_type=10 10 8 8 10 8 8 10 10 10 8 10 10 10
left_child=9 2 3 4 -2 6 -4 -5 -7 -1 -11 -3 -13 -14
right_child=1 11 5 7 -6 8 -8 -9 -10 10 -12 12 13 -15
leaf_value=0.017673347762671501 -0.017428163020931153 -0.0018691386778685775 -0.0080195837341366025 0.010626508478332962 0.012130703379447811 0.002623700317639234 0.010452828552193564 -0.012189325851825236 -0.001749376474521099 -0.020854428840940072 0.0085704772399600847 0.011387561594496581 0.00025261840393939563 0.0072945520233276551
leaf_weight=566.93330182880163 189.49347057938576 3531.9787266775966 4892.2060083448887 271.44468358904123 1761.586630538106 5483.4027023240924 431.06513932347298 693.67857974767685 19033.042414829135 154.38293842226267 606.99819534271955 1221.4478394165635 5580.7485134080052 2355.436487197876
leaf_count=4586 848 15175 21436 1407 8616 25938 2084 3410 81623 971 3887 5706 26059 11328
internal_value=-6.52025e-05 -0.000332339 -0.00125669 0.00424687 0.00918565 -0.00179579 -0.00650694 -0.00572911 -0.000770613 0.0090085 0.00241107 0.00205281 0.00356584 0.00234919
internal_weight=46773.8 45445.5 32755.9 2916.2 1951.08 29839.7 5323.27 965.123 24516.4 1328.31 761.381 12689.6 9157.63 7936.19
internal_count=213074 203630 145362 14281 9464 131081 23520 4817 107561 9444 4858 58268 43093 37387
is_linear=0
shrinkage=0.03


Tree=104
num_leaves=15
num_cat=0
split_feature=245 231 248 245 248 228 245 228 229 230 243 231 231 165
split_gain=157.182 134.385 127.682 241.888 123.008 254.746 216.262 152.797 150.989 146.974 228.998 244.98 154.007 163.019
threshold=-0.099302399903535829 22.500000000000004 0.56060606241226207 -0.10338006913661955 0.71212121844291698 22.500000000000004 -0.075226172804832445 82.500000000000014 59.500000000000007 10.500000000000002 -0.048488155007362359 92.500000000000014 19.500000000000004 78.500000000000014
decision_type=2 8 2 2 2 8 2 10 10 10 2 10 10 10
left_child=1 2 -1 -4 6 9 -2 8 -7 -6 11 -11 13 -12
right_child=4 -3 3 -5 5 7 -8 -9 -10 10 12 -13 -14 -15
leaf_value=0.015261124025052966 0.0071213651292509512 0.0063346055750651597 -0.030262623783456552 0.019021562995272672 -0.0024876725000700225 0.002864497701673646 -0.00067245960146869823 -0.016955107010711918 0.023321997334909628 0.011691522406979772 0.02734421226213617 -0.029186603980273791 -0.021352745730074417 -0.019684984392949998
leaf_weight=139.68227466195822 3571.9724665507674 4999.3077166005969 315.88021606206894 115.82998605072498 2368.5976545214653 1582.3393743336201 30373.003658905625 260.57839062809944 399.75651919841766 537.42346805334091 122.51869128644466 163.88195143640041 1678.7706080526114 123.09214432537556
leaf_count=875 17185 29078 1417 525 10465 6826 132411 1256 1992 2338 512 689 6969 507
internal_value=3.22208e-05 0.00475707 -0.00891685 -0.0169082 -0.000607912 -0.00415599 0.000149527 0.00423049 0.0070868 -0.00792284 -0.0127978 0.00186304 -0.0181227 0.00392668
internal_weight=46752.6 5570.7 571.392 431.71 41181.9 7236.96 33945 2242.67 1982.1 4994.28 2625.69 701.305 1924.38 245.611
internal_count=213045 31895 2817 1942 181150 31554 149596 10074 8818 21480 11015 3027 7988 1019
is_linear=0
shrinkage=0.03


Tree=105
num_leaves=15
num_cat=0
split_feature=245 119 63 228 37 243 245 249 228 245 77 243 129 245
split_gain=136.755 169.828 175.27 171.878 163.911 127.647 123.416 127.264 110.243 101.858 128.778 86.6119 82.6037 79.7092
threshold=-0.044388592243194573 49.500000000000007 72.500000000000014 27.500000000000004 9.5000000000000018 -0.056920476257801049 -0.075686518102884279 0.055555555969476707 10.500000000000002 -0.20480131357908246 2.5000000000000004 -0.099056556820869432 73.500000000000014 -0.091281890869140611
decision_type=2 8 8 10 8 2 2 2 8 2 10 2 10 2
left_child=1 3 9 4 5 -1 7 -5 11 -3 -11 -4 -2 -12
right_child=12 2 8 6 -6 -7 -8 -9 -10 10 13 -13 -14 -15
leaf_value=-0.00060619216436016445 -0.0030272672649113196 0.021369484273052061 0.018599026151051856 0.023994069665159559 -0.0019532387071803455 -0.01733100589268205 4.8002472421767754e-05 0.0019419463026029424 0.0092652582508299403 -0.010767401159256012 0.0052408140430204447 -0.00028230434144393295 0.0085632198883078842 -0.00015171453054931784
leaf_weight=586.20949874073267 12719.59853708744 202.47224844247103 231.31501740962267 420.57702495902777 4513.0943706035614 1367.6590414494276 4571.1712169349194 524.22105628997087 4601.7686905711889 856.12467721104622 3258.239009000361 2325.3404734656215 569.06952497363091 10060.379626914859
leaf_count=2597 55138 1891 1720 1894 19225 5647 19284 2568 23076 4225 17561 11334 2688 44500
internal_value=4.93881e-05 0.00107041 0.00266286 -0.00179136 -0.00510615 -0.0123418 0.00209712 0.0119069 0.0064949 0.000751704 0.000442341 0.0014918 -0.00252485 0.00117044
internal_weight=46807.2 33518.6 21535.6 11982.9 6466.96 1953.87 5515.97 944.798 7158.42 14377.2 14174.7 2556.66 13288.7 13318.6
internal_count=213348 155522 104307 51215 27469 8244 23746 4462 36130 68177 66286 13054 57826 62061
is_linear=0
shrinkage=0.03


Tree=106
num_leaves=15
num_cat=0
split_feature=120 10 24 192 248 183 233 53 248 228 243 8 243 248
split_gain=119.819 152.467 130.033 119.06 122.24 101.911 94.6473 136.02 90.1497 110.134 75.4618 86.4696 75.2798 129.719
threshold=98.500000000000014 2.5000000000000004 97.500000000000014 82.500000000000014 0.85353535413742077 51.500000000000007 69.500000000000014 6.5000000000000009 0.71212121844291698 22.500000000000004 -0.07138448208570479 7.5000000000000009 -0.040653118863701813 0.7929292917251588
decision_type=10 10 8 10 2 10 10 10 2 10 2 10 2 2
left_child=1 5 6 4 12 -1 7 8 -3 10 -10 -12 13 -2
right_child=3 2 -4 -5 -6 -7 -8 -9 9 -11 11 -13 -14 -15
leaf_value=0.00091393543289304004 -0.01046311612866462 -0.0040767271204500462 0.0058463352223206404 0.013725052961784728 0.017335007914651979 0.0096792654862471132 0.00060948096198892865 -0.0017616223317084288 0.0048101462309208982 0.0071133616252295993 -0.0039459871013015711 -0.022998341733712555 0.0037577712688019113 0.012437812305097667
leaf_weight=3084.2693763896823 1022.1054268479347 2282.9771815165877 2175.9440152496099 979.74429403245449 403.70379922538996 1940.0671844184399 10979.604610681534 20094.385782659054 131.87330071628094 199.38592933863401 281.55462796986103 956.39556059241295 1934.2217023074627 274.77325547486544
leaf_count=15111 6145 10224 10672 5121 2746 9768 48426 86988 692 892 1271 4045 9360 1681
internal_value=-8.51889e-05 -0.000588264 -0.00125271 0.00449875 0.00198102 0.00431103 -0.00169653 -0.00275366 -0.00791053 -0.013427 -0.0164467 -0.0187315 1.50745e-05 -0.00555299
internal_weight=46741 42126.5 37102.1 4614.55 3634.8 5024.34 34926.2 23946.6 3852.19 1569.21 1369.82 1237.95 3231.1 1296.88
internal_count=213142 188089 163210 25053 19932 24879 152538 104112 17124 6900 6008 5316 17186 7826
is_linear=0
shrinkage=0.03


Tree=107
num_leaves=15
num_cat=0
split_feature=238 60 140 222 243 242 190 69 70 249 243 229 231 144
split_gain=118.429 135.016 97.1539 145.737 99.2771 93.8966 84.5395 77.2458 69.3469 66.961 115.396 100.554 74.7482 72.2336
threshold=-0.11200850829482077 83.500000000000014 44.500000000000007 59.500000000000007 -0.0086065828800201399 1.0000000180025095e-35 83.500000000000014 6.5000000000000009 31.500000000000004 1.0000000180025095e-35 -0.07138448208570479 36.500000000000007 48.500000000000007 18.500000000000004
decision_type=10 10 10 10 2 10 10 8 8 2 2 10 10 10
left_child=1 5 3 9 -4 -1 7 -7 -5 10 -2 12 -12 -11
right_child=2 -3 4 8 -6 6 -8 -9 -10 13 11 -13 -14 -15
leaf_value=0.01752528815735865 -0.033450669983851399 0.0072099226619987472 0.001604355807217393 0.011835218886005135 -0.005873640095722707 0.0033775857645784776 0.010302256566550309 -0.0013634541029721632 0.00037959709869981445 0.0014791471155420999 0.023459900559411693 -0.0087311123723449648 0.00037717625764093605 -0.0060599036668915716
leaf_weight=285.69048840552568 58.917148515582085 3571.2888409644365 12126.770611487329 698.28813095390797 1830.12638220191 4304.7422476634383 739.10351837426424 10912.493419878185 1449.7216078191996 1312.4770293533802 312.49347318708897 239.82128873467445 208.04489202797413 8709.717229321599
leaf_count=2009 240 18898 53532 2970 7968 20438 3652 52111 6159 5855 1283 969 862 36351
internal_value=0.000177008 0.00193718 -0.00111747 -0.00298368 0.000620285 0.000774095 0.000463384 -2.09432e-05 0.00414125 -0.00439785 0.00381219 0.00709628 0.0144154 -0.00507212
internal_weight=46759.7 19813.3 26946.4 12989.5 13956.9 16242 15956.3 15217.2 2148.01 10841.5 819.277 760.36 520.538 10022.2
internal_count=213297 97108 116189 54689 61500 78210 76201 72549 9129 45560 3354 3114 2145 42206
is_linear=0
shrinkage=0.03


Tree=108
num_leaves=15
num_cat=0
split_feature=226 243 230 243 242 229 230 215 244 70 193 243 229 249
split_gain=108.118 121.633 116.504 145.419 218.668 144.8 155.097 126.055 115.333 114.326 109.581 107.855 109.01 131.403
threshold=8.5000000000000018 -0.089691597968339906 80.500000000000014 -0.080658521503210054 0.024808651767671112 81.500000000000014 66.500000000000014 50.500000000000007 0.10114844888448717 83.500000000000014 76.500000000000014 -0.048488155007362359 75.500000000000014 0.04545454494655133
decision_type=8 2 8 2 10 10 10 10 2 8 8 2 10 2
left_child=1 -1 3 4 -2 7 -7 11 9 10 -4 12 13 -5
right_child=2 -3 8 5 -6 6 -8 -9 -10 -11 -12 -13 -14 -15
leaf_value=0.014989670931260694 -0.029187200508508822 0.0020336487939324743 -0.00060652367866995431 0.011986423197928213 -0.00085952913779598734 -0.025629284789003146 -0.001178239858050407 -0.0056466075881359901 0.020342631352413404 -0.0036160678476836431 0.0076497671390330889 -0.00086058982659128656 -0.027946822212821611 0.0010733662649410987
leaf_weight=704.22479272633791 411.87541104853153 7572.9420715048909 2565.0561590567231 1548.9005154371262 587.28101579099894 432.38356412947178 496.57974575459957 4009.2427559867501 302.14160986244678 2487.240825727582 3304.6197685599327 19453.374533750117 82.321851670742035 2741.7040745764971
leaf_count=5114 1866 36544 11766 6956 3371 1833 2213 16785 1829 12157 15620 83729 360 12925
internal_value=4.48155e-05 0.00315271 -0.000625345 -0.00151636 -0.0127104 -0.00112324 -0.0127107 -0.000732108 0.00243554 0.00176457 0.00404686 9.68751e-05 0.00434849 0.00503167
internal_weight=46699.9 8277.17 38422.7 29763.7 999.156 28764.5 928.963 27835.5 8659.06 8356.92 5869.68 23826.3 4372.93 4290.6
internal_count=213068 41658 171410 130038 5237 124801 4046 120755 41372 39543 27386 103970 20241 19881
is_linear=0
shrinkage=0.03


Tree=109
num_leaves=15
num_cat=0
split_feature=245 190 231 229 230 244 230 244 245 231 249 226 230 245
split_gain=137.657 97.497 106.559 262.538 246.212 243.078 202.79 163.61 145.018 332.787 199.496 206.076 167.372 141.273
threshold=-0.20480131357908246 90.500000000000014 91.500000000000014 5.5000000000000009 62.500000000000007 0.0016664691502228381 18.500000000000004 0.0057275851722806701 -0.076645478606224046 76.500000000000014 0.6111111342906953 6.5000000000000009 11.500000000000002 -0.10338006913661955
decision_type=2 10 10 8 8 2 10 2 2 10 2 8 8 2
left_child=-1 2 3 -2 6 -5 7 -4 9 10 12 -12 -7 -8
right_child=1 -3 4 5 -6 8 13 -9 -10 -11 11 -13 -14 -15
leaf_value=0.020843736814443025 0.0070557029723367984 0.0058802558822599682 0.01726625400461073 -0.015039625143256376 0.0081952575896119349 0.015418326929945679 0.018563298182380578 -0.0055243860352149803 -0.0013348678957774863 0.018405287203109581 0.028497616314113749 -0.021918434950501515 0.00034752328647122768 -0.020415827458200093
leaf_weight=273.77916507422924 4375.2433737143874 2309.944803096354 301.32559268921614 1027.8628197237849 1152.097646586597 766.62194537371397 82.594517581164837 3190.7518327236176 25820.629044555128 1124.1376759335399 75.371111147105694 539.0649877935648 4544.9552640467882 1144.5923911929131
leaf_count=2666 21410 10975 1540 4329 5749 3592 443 16177 111495 5814 439 2433 21423 4828
internal_value=1.28729e-05 -0.000114351 -0.000429286 0.00014839 -0.00418885 -0.000744944 -0.00722308 -0.00351413 -0.000293514 0.00351685 0.000666338 -0.0153767 0.00254758 -0.0176635
internal_weight=46729 46455.2 44145.2 38273.9 5871.36 33898.6 4719.26 3492.08 32870.8 7050.15 5926.01 614.436 5311.58 1227.19
internal_count=213313 210647 199672 170935 28737 149525 22988 17717 145196 33701 27887 2872 25015 5271
is_linear=0
shrinkage=0.03


Tree=110
num_leaves=15
num_cat=0
split_feature=238 60 193 222 119 212 24 51 117 53 146 244 77 146
split_gain=105.548 93.0504 104.617 91.1123 89.414 106.275 81.9886 77.1217 72.5359 66.1448 63.0044 60.0975 68.0238 58.8042
threshold=-0.24172431230545041 69.500000000000014 72.500000000000014 74.500000000000014 97.500000000000014 41.500000000000007 7.5000000000000009 63.500000000000007 25.500000000000004 64.500000000000014 97.500000000000014 0.085680648684501662 1.5000000000000002 16.500000000000004
decision_type=10 10 8 10 10 10 8 10 8 10 10 2 10 10
left_child=3 2 13 -1 5 9 -6 -8 -3 10 11 12 -4 -2
right_child=1 8 4 -5 6 -7 7 -9 -10 -11 -12 -13 -14 -15
leaf_value=0.010476333278112192 0.0014077812599835942 -0.0049763643828073341 -0.010107263268156487 -0.010584427942390283 -0.014277386010783957 -0.0065001321294989728 0.014146753789246789 -0.0053083061736796311 0.0025467578986924175 0.0065130940825733888 -0.015999516011691872 0.018597163134243068 0.00092669654337240379 -0.00336739269533037
leaf_weight=1366.1010590717196 2739.917574942112 1261.9359447062016 527.71655408293009 205.32611622661352 123.3695719614625 1870.9235152080655 990.43204432725906 218.97751053422689 12442.368587940931 1770.4412941411138 201.78577597439289 153.17094527184963 7746.5754478350282 14995.462250940502
leaf_count=9933 11616 5369 2637 1162 613 7866 4808 1072 58410 7993 930 956 33403 66106
internal_value=5.71648e-05 -0.000210243 -0.00111187 0.00767496 0.000866965 6.26293e-05 0.0082167 0.0106095 0.00185088 0.00124839 0.000161958 0.00056743 0.000211623 -0.0026293
internal_weight=46614.5 45043.1 31338.8 1571.43 13603.4 12270.6 1332.78 1209.41 13704.3 10399.7 8629.25 8427.46 8274.29 17735.4
internal_count=212874 201779 138000 11095 60278 53785 6493 5880 63779 45919 37926 36996 36040 77722
is_linear=0
shrinkage=0.03


Tree=111
num_leaves=15
num_cat=0
split_feature=76 193 230 242 248 246 222 226 226 242 228 228 248 222
split_gain=112.255 102.418 140.009 154.918 115.224 121.66 114.345 108.399 100.976 91.6959 91.6786 91.3871 85.3006 75.3732
threshold=91.500000000000014 71.500000000000014 69.500000000000014 0.020040563307702545 0.53030303120613109 0.014027585275471212 25.500000000000004 71.500000000000014 57.500000000000007 0.022323623299598697 19.500000000000004 93.500000000000014 0.71212121844291698 12.500000000000002
decision_type=8 8 10 10 2 2 10 10 10 8 10 10 2 10
left_child=1 11 3 -3 -4 6 7 -6 -7 -2 12 13 -5 -1
right_child=9 2 4 10 5 8 -8 -9 -10 -11 -12 -13 -14 -15
leaf_value=-0.0043798400801555171 7.2500233301681848e-05 -0.0059464458579033749 0.0020931151380946833 0.0087452758938009988 0.016266773657291282 -0.009778479068266328 0.014674579475673076 -0.021966326109418823 0.019273289992319701 0.0073791712872891208 -0.0012869880306449098 -0.013874404789300989 -0.00077150824089422749 -0.0005249472685227765
leaf_weight=6427.5275614410639 3092.1186835467815 3634.6937752738595 4168.3335532099009 2196.9795409366488 82.986881271004677 113.14509575068951 249.54005195945501 238.71244511008263 1103.2292715162039 3081.4817697554827 4668.125201292336 554.3045996055007 1373.7564740255475 15704.714908033609
leaf_count=29839 14537 15141 18435 10247 351 491 1173 1024 5635 17422 20510 2469 6513 69446
internal_value=-3.9447e-05 -0.000613917 0.00108717 -0.000796109 0.00483663 0.0111867 -0.00024441 -0.0119105 0.0165132 0.00372558 0.00148049 -0.0019507 0.00509199 -0.00164594
internal_weight=46689.6 40516 17829.5 11873.6 5955.95 1787.61 571.239 321.699 1216.37 6173.6 8238.86 22686.5 3570.74 22132.2
internal_count=213233 181274 79520 52411 27109 8674 2548 1375 6126 31959 37270 101754 16760 99285
is_linear=0
shrinkage=0.03


Tree=112
num_leaves=15
num_cat=0
split_feature=120 226 104 248 248 174 47 248 119 140 226 244 248 226
split_gain=104.711 131.5 126.516 102.31 115.232 118.371 130.25 100.916 101.911 96.6568 127.622 96.6391 95.3542 123.622
threshold=98.500000000000014 12.500000000000002 37.500000000000007 0.45959596335887914 0.69191917777061474 13.500000000000002 44.500000000000007 0.59090909361839306 39.500000000000007 88.500000000000014 3.5000000000000004 0.10114844888448717 0.85353535413742077 42.500000000000007
decision_type=10 8 8 2 2 10 10 2 10 10 10 2 2 10
left_child=1 3 -3 -1 7 6 -6 -5 -9 -7 -11 -4 13 -2
right_child=12 2 11 4 5 9 -8 8 -10 10 -12 -13 -14 -15
leaf_value=-0.0019765748428063027 -0.00093332160473981495 -0.0027793653275458947 0.00059729816642832133 0.0037878995631480104 -0.0004708836363690208 0.0082074300385435537 -0.024092131774466244 -0.0046266613771062124 0.018784022695684105 -0.033576950754918018 0.017190620797210156 0.01774317100936602 0.016259336641011337 0.010256032508750509
leaf_weight=2623.0158633366227 2777.7419191971421 21529.796605020761 12218.82521956414 1347.7038024887443 752.12973888963461 1512.552354067564 281.74976574629545 191.52006737887859 1148.7743489667773 108.77822766453028 63.457907684147358 293.2249518185854 513.18569616228342 1295.6705907210708
leaf_count=11713 14967 93418 54834 6657 3752 7142 1311 823 5798 463 308 1754 3507 6608
internal_value=-0.000101378 -0.000570961 -0.00138561 0.00288017 0.00523569 0.000873346 -0.0070772 0.00962822 0.0154293 0.00576521 -0.0149555 0.00101297 0.00419784 0.00264219
internal_weight=46658.1 42071.5 34041.8 8029.68 5406.67 2718.67 1033.88 2688 1340.29 1684.79 172.236 12512.1 4586.6 4073.41
internal_count=213055 187973 150006 37967 26254 12976 5063 13278 6621 7913 771 56588 25082 21575
is_linear=0
shrinkage=0.03


Tree=113
num_leaves=15
num_cat=0
split_feature=245 226 226 242 244 120 231 230 245 233 101 244 249 231
split_gain=139.304 148.785 137.142 113.934 162.145 142.671 161.25 113.175 133.165 105.455 160.024 99.0544 102.378 98.9657
threshold=-0.11046205461025237 54.500000000000007 6.5000000000000009 0.02835999429225922 0.017710548825562004 54.500000000000007 57.500000000000007 16.500000000000004 -0.20480131357908246 61.500000000000007 4.5000000000000009 0.031468600034713752 0.74242421984672557 22.500000000000004
decision_type=2 10 10 10 2 10 10 8 2 10 8 2 2 10
left_child=1 2 11 4 -4 6 -5 8 -6 10 -2 13 -13 -1
right_child=9 -3 3 5 7 -7 -8 -9 -10 -11 -12 12 -14 -15
leaf_value=-0.014532487092504529 -0.0086475285175578124 0.023544029732077549 0.0024824656136531089 0.012818371166458474 0.017104913049432853 0.014229301385751666 -0.038907658192933264 0.021002009789198039 -0.030187260787493279 0.0014373040901715934 -0.0008494711086435079 -0.0083242220150772355 0.023375386754196311 0.020427406973802398
leaf_weight=73.389267966151237 2618.4448415488005 365.22801005840302 665.28525410592556 97.175648376345634 54.869424000382423 621.59288478642702 102.88115802407265 47.615199372172356 409.654845520854 16407.731214225292 23973.415459178388 343.28575067967176 113.83484075218439 763.7245429456234
leaf_count=471 11152 2245 3146 507 462 3930 496 240 1898 72488 107073 2789 924 5380
internal_value=2.51314e-05 0.00563667 0.00358548 -0.00134551 -0.0073034 0.0071773 -0.0143681 -0.0198196 -0.0243584 -0.000453515 -0.00162029 0.0111538 -9.8779e-05 0.0172271
internal_weight=46658.1 3658.54 3293.31 1999.07 1177.42 821.65 200.057 512.139 464.524 42999.6 26591.9 1294.23 457.121 837.114
internal_count=213201 22488 20243 10679 5746 4933 1003 2600 2360 190713 118225 9564 3713 5851
is_linear=0
shrinkage=0.03


Tree=114
num_leaves=15
num_cat=0
split_feature=245 231 230 229 126 244 244 230 245 231 246 229 245 229
split_gain=131.689 114.926 257.423 229.396 218.633 214.502 196.348 153.586 117.622 298.954 133.058 116.968 116.812 118.333
threshold=-0.20480131357908246 91.500000000000014 62.500000000000007 5.5000000000000009 48.500000000000007 0.0019962895894423132 0.0043253898620605477 21.500000000000004 -0.075226172804832445 76.500000000000014 0.041570784524083144 16.500000000000004 -0.10338006913661955 14.500000000000002
decision_type=2 10 10 8 10 2 2 10 2 10 2 10 2 10
left_child=-1 3 6 4 -2 -5 -3 11 9 -7 -11 -8 -9 -14
right_child=1 2 -4 5 -6 8 7 12 -10 10 -12 -13 13 -15
leaf_value=0.020784771541759121 -0.0019483549050002952 0.01607733640257181 0.0077459914094980759 -0.011890091533969154 0.011929624701743625 0.00084840333452809475 -0.0076977600876760189 0.020903928319315583 -0.0007655741729815607 0.022880214363377165 0.00012725228642786063 0.0092331282188972789 -0.037547424306783317 -0.014143892487248094
leaf_weight=263.56964744627476 1592.8112833127379 299.08562500029802 1331.005297921598 1372.2593313232064 2826.7392601445317 6306.5728436633945 3156.639924891293 54.096168257296085 26851.016339637339 897.90357954055071 310.55309683829546 406.88674682378769 284.96863263845444 640.3235777169466
leaf_count=2663 7167 1507 6798 5829 14551 29660 16065 267 116340 4654 1680 1909 1187 2710
internal_value=3.16337e-05 -9.08877e-05 -0.00389838 0.00049522 0.00693488 -0.000302853 -0.00710864 -0.00866707 0.000163158 0.0034781 0.0170821 -0.00574415 -0.0191366 -0.021676
internal_weight=46594.4 46330.9 6173.01 40157.9 4419.55 35738.3 4842 4542.92 34366 7515.03 1208.46 3563.53 979.388 925.292
internal_count=212987 210324 30443 179881 21718 158163 23645 22138 152334 35994 6334 17974 4164 3897
is_linear=0
shrinkage=0.03


Tree=115
num_leaves=15
num_cat=0
split_feature=242 66 233 136 148 231 140 224 24 23 226 66 243 59
split_gain=102.095 132.299 107.291 91.3843 106.737 197.276 153.764 104.017 120.892 84.4817 78.9022 78.0008 81.5536 78.1241
threshold=0.019257765263319019 15.500000000000002 15.500000000000002 1.5000000000000002 12.500000000000002 52.500000000000007 88.500000000000014 3.5000000000000004 75.500000000000014 48.500000000000007 83.500000000000014 79.500000000000014 -0.0086065828800201399 1.0000000180025095e-35
decision_type=8 8 10 8 8 10 10 10 8 10 10 10 2 10
left_child=2 9 10 -3 5 -5 -7 -8 -9 -2 -1 12 -6 -13
right_child=1 3 -4 4 11 6 7 8 -10 -11 -12 13 -14 -15
leaf_value=-0.0092526058789935191 -0.00040213506002148997 0.0076573089440200755 -0.00052929041923583222 0.0047094016623089154 0.0017532047169462367 -0.0058585889809504455 0.011422215843665085 -0.042885758506385825 0.00793900649303402 -0.0077353029599335306 0.0020129990658596516 -0.014603992368024975 -0.0058589370213637864 0.0058569345983374137
leaf_weight=2566.9531978443265 4106.0486513823271 2268.5335080996156 9576.3121971413493 1474.9230592772365 14853.223381392658 1604.2712427377701 46.975233837962151 241.16874152421951 47.213128603994846 2147.4454073235393 710.67088600248098 164.04760836064816 1374.9545465558767 5376.6628621220589
leaf_count=10747 18043 13582 41357 6506 67998 7716 250 1045 242 9097 3249 875 6100 26131
internal_value=0.000138666 0.0010062 -0.00213518 0.00190329 0.00138213 -0.00354231 -0.00980901 -0.0279901 -0.0345777 -0.00292867 -0.00681125 0.00215582 0.00110504 0.00522592
internal_weight=46559.4 33705.5 12853.9 27452 25183.4 3414.55 1939.63 335.357 288.382 6253.49 3277.62 21768.9 16228.2 5540.71
internal_count=212938 157585 55353 130445 116863 15759 9253 1537 1287 27140 13996 101104 74098 27006
is_linear=0
shrinkage=0.03


Tree=116
num_leaves=15
num_cat=0
split_feature=245 245 226 231 226 228 231 231 224 148 224 246 246 231
split_gain=119.243 100.163 139.895 190.243 238.116 199.681 183.779 213.74 202.652 210.207 180.674 189.341 175.221 151.717
threshold=-0.20480131357908246 -0.044388592243194573 81.500000000000014 91.500000000000014 4.5000000000000009 10.500000000000002 19.500000000000004 69.500000000000014 4.5000000000000009 10.500000000000002 3.5000000000000004 0.0035047894343733792 0.056689919903874404 75.500000000000014
decision_type=2 2 8 10 10 10 10 10 10 10 10 2 2 10
left_child=-1 2 3 4 6 -5 -2 10 -9 -10 -8 -12 -7 -6
right_child=1 -3 -4 5 13 12 7 8 9 -11 11 -13 -14 -15
leaf_value=0.019929524538139457 -0.011567307349415015 -0.002217545299530963 0.0053232818253609654 -0.010307234883403845 -0.0011388802989197205 0.010689363141307216 -0.0026913061155055882 0.017601233179217621 -0.035902953057092631 0.0018118854462566532 -0.022014927668406393 0.029713802071051176 -0.01124403942792369 0.0060396223166221093
leaf_weight=261.34109782427549 330.59467820823193 13258.823603063822 5311.9599346742034 2883.5533571466804 17391.425250865519 963.32358033210039 236.11922348290682 519.05747608095407 160.63016257435083 599.27872234582901 61.235415533185005 937.25413236021996 484.78701650351286 3115.7398682683706
leaf_count=2693 1466 57714 25999 14451 76067 4462 1251 3142 722 2967 264 4497 2505 14670
internal_value=0.000100079 -1.62436e-05 0.00086874 1.23653e-05 0.00108411 -0.00575441 0.00920268 0.0119694 0.00332816 -0.00652309 0.0208225 0.0263545 0.00331992 -4.58081e-05
internal_weight=46515.1 46253.8 32995 27683 23351.3 4331.66 2844.17 2513.58 1278.97 759.909 1234.61 998.49 1448.11 20507.2
internal_count=212870 210177 152463 126464 105046 21418 14309 12843 6831 3689 6012 4761 6967 90737
is_linear=0
shrinkage=0.03


Tree=117
num_leaves=15
num_cat=0
split_feature=57 63 64 249 249 226 52 178 52 229 178 244 224 119
split_gain=107.74 100.674 88.79 99.8468 87.0659 122.423 85.7469 82.3331 72.7683 94.791 70.532 78.7428 71.7381 67.4018
threshold=70.500000000000014 76.500000000000014 94.500000000000014 0.73232322931289684 0.85353535413742077 22.500000000000004 8.5000000000000018 39.500000000000007 14.500000000000002 1.5000000000000002 5.5000000000000009 0.011816428974270822 1.0000000180025095e-35 15.500000000000002
decision_type=10 10 10 2 2 8 8 10 8 10 10 2 8 10
left_child=1 2 3 -1 6 -6 7 -2 9 -5 12 -12 -8 -3
right_child=4 13 -4 8 5 -7 10 -9 -10 -11 11 -13 -14 -15
leaf_value=-0.0010822157266283672 -0.00022753614976158857 -0.0086046009616416452 -0.0086446535278439998 0.01671106035070288 0.02297749030401821 -0.0051662705619744927 -0.018310772328588746 -0.012191696346353718 -0.0041300762714371747 -0.026722971669204957 0.0056303552855726949 -0.00032386625921717194 0.011550474446075312 0.0026054331431106361
leaf_weight=21306.852344848216 3988.8580616340041 506.44215820729733 1678.582165658474 45.324790135025978 387.81156940758228 209.05768539011478 68.260918788611889 584.94124843925238 569.02588203549385 327.41082087159157 3455.1318524926901 4721.8980448916554 1191.5454269200563 7450.4889717623591
leaf_count=95072 19919 2117 7619 329 2285 1095 354 2470 2627 1472 15154 21511 6043 34596
internal_value=-6.20951e-05 -0.00103957 -0.00201152 -0.00150741 0.00207071 0.0131972 0.00158763 -0.00178089 -0.0110148 -0.0211428 0.00322042 0.00219584 0.00980102 0.00188203
internal_weight=46491.6 31884.1 23927.2 22248.6 14607.5 596.869 14010.6 4573.8 941.761 372.736 9436.84 8177.03 1259.81 7956.93
internal_count=212663 143832 107119 99500 68831 3380 65451 22389 4428 1801 43062 36665 6397 36713
is_linear=0
shrinkage=0.03


Tree=118
num_leaves=15
num_cat=0
split_feature=245 226 226 242 233 167 224 43 54 222 243 245 243 245
split_gain=119.922 155.37 134.706 107.998 106.03 116.013 113.227 169.352 102.374 101.834 112.2 110.471 109.556 106.496
threshold=-0.11046205461025237 54.500000000000007 6.5000000000000009 0.031028531491756443 61.500000000000007 8.5000000000000018 1.5000000000000002 4.5000000000000009 65.500000000000014 3.5000000000000004 -0.062464276328682893 -0.20480131357908246 -0.075846895575523363 -0.13847385346889493
decision_type=2 10 10 10 10 8 10 10 10 10 2 2 2 2
left_child=1 2 8 9 5 -2 7 -6 -1 11 12 -4 13 -11
right_child=4 -3 3 -5 6 -7 -8 -9 -10 10 -12 -13 -14 -15
leaf_value=-0.00010264236430346876 -0.0060139645561873619 0.023855178663496603 0.017654012687045962 0.00849387469940803 0.0037307074321554254 -0.0007593141246130874 0.0020326313908414031 -0.021397669246184962 0.017259226604258059 0.020305996136014911 -0.008966472047143785 -0.021982707415716996 0.029679110120833643 -0.025138779667246366
leaf_weight=494.31019321829081 4556.5157340839505 351.67393860220909 65.548657022416592 617.13010284304619 488.49575394392014 22020.236034922302 15369.084148623049 462.35552547127008 790.40104283392429 77.697208441793919 495.77567041665316 457.7552779391408 167.21392380446196 88.907105542719364
leaf_count=3534 19691 2219 590 3836 2437 98525 67670 2104 6062 413 2363 2092 841 402
internal_value=-5.14065e-05 0.00519499 0.00311186 -0.00181973 -0.000493589 -0.00166213 0.00140922 -0.0085836 0.0106298 -0.00655213 2.25149e-05 -0.0167799 0.0132452 -0.00399551
internal_weight=46503.1 3606.41 3254.74 1970.03 42896.7 26576.8 16319.9 950.851 1284.71 1352.9 829.594 523.304 333.818 166.604
internal_count=212779 22352 20133 10537 190427 118216 72211 4541 9596 6701 4019 2682 1656 815
is_linear=0
shrinkage=0.03


Tree=119
num_leaves=15
num_cat=0
split_feature=239 63 230 244 145 244 248 228 246 226 226 146 243 70
split_gain=101.683 91.1744 111.202 122.601 100.626 95.7393 94.8586 86.6292 123.415 98.8209 128.149 118.471 96.8294 95.8632
threshold=-0.060787200927734368 76.500000000000014 1.5000000000000002 0.0019962895894423132 78.500000000000014 0.0087685189209878462 0.69191917777061474 5.5000000000000009 0.0065201460383832463 39.500000000000007 1.5000000000000002 86.500000000000014 -0.092150788754224763 7.5000000000000009
decision_type=10 10 8 2 10 2 2 8 2 8 10 10 2 8
left_child=-1 2 5 4 6 -2 -4 9 -9 10 -5 -12 -11 -10
right_child=1 -3 3 7 -6 -7 -8 8 13 12 11 -13 -14 -15
leaf_value=0.0073916954434578045 0.012939112455103782 0.0020204054484629368 -0.0068416883378446857 0.013375077617069213 0.0080198485432574646 0.00083890361796233159 -0.026308607539853191 0.0084371642672081242 0.003360772375802356 -0.023773442608538215 -0.018043206753151159 -0.00032243509462063363 0.0062426310661271031 -0.0019231972801851227
leaf_weight=1564.4056490883231 854.77624221891165 10916.758901998401 523.6960703805089 177.17058078944683 193.0262928456068 1846.8908733204007 398.88390877097845 1240.3253612667322 3564.1059441640973 101.81674667447805 1168.0699356496334 477.5455702021718 709.699991337955 22837.642276532948
leaf_count=9168 4124 50797 2198 939 858 9857 1656 5330 15658 462 5200 2396 3144 101418
internal_value=-0.000102481 -0.000364537 -0.00112856 -0.00163159 -0.0113542 0.00470087 -0.0154502 -0.00126971 -0.000773163 -0.00645743 -0.0103176 -0.0129338 0.00223313 -0.00120889
internal_weight=46574.8 45010.4 34093.6 31392 1115.61 2701.67 922.58 30276.4 27642.1 2634.3 1822.79 1645.62 811.517 26401.7
internal_count=213205 204037 153240 139259 4712 13981 3854 134547 122406 12141 8535 7596 3606 117076
is_linear=0
shrinkage=0.03


Tree=120
num_leaves=15
num_cat=0
split_feature=245 165 101 232 244 70 140 178 245 248 245 63 34 248
split_gain=117.652 92.674 102.567 102.203 98.2768 89.515 98.0791 120.409 92.4846 83.6329 82.9895 82.4896 80.2502 80.0056
threshold=-0.20480131357908246 7.5000000000000009 2.5000000000000004 87.500000000000014 0.020103662274777893 9.5000000000000018 32.500000000000007 53.500000000000007 -0.071516510099172578 0.7929292917251588 -0.11465100571513175 44.500000000000007 47.500000000000007 0.66161617636680614
decision_type=2 8 8 10 2 8 10 10 2 2 2 10 10 2
left_child=-1 -2 4 5 10 -4 7 13 11 -10 -3 -8 -13 -7
right_child=1 2 3 -5 -6 6 8 -9 9 -11 -12 12 -14 -15
leaf_value=0.020028062575747026 -0.0049856679967517949 0.0097449939909688612 0.0036330100376390268 0.0044602328374780545 -0.012463333615698348 0.00064173336908774649 -0.000779258505279236 -0.0096388780014724403 -0.00022104532769139529 -0.027378571728240608 -0.0039114822268485235 0.0099618481693334211 -0.0046331834732653834 -0.0059012342033413576
leaf_weight=254.42371171712875 3166.2066897302866 478.36914672702551 5510.7382649928331 5762.3272939920425 994.21115037798882 5626.8866549059749 1597.8763994053006 1933.2471915632486 13854.539852008224 92.81537352502346 2219.0736469849944 2290.0248676240444 391.62897138297558 2388.0649123340845
leaf_count=2692 14325 2629 24985 27086 4887 25621 7684 8003 60896 384 9482 11768 2080 10608
internal_value=7.39046e-05 -4.00321e-05 0.00032402 0.000771882 -0.00445089 0.000139813 -0.000544465 -0.00293877 0.000763239 -0.000421257 -0.00146257 0.00461559 0.00782109 -0.00131268
internal_weight=46560.4 46306 43139.8 39448.1 3691.65 33685.8 28175.1 9948.2 18226.9 13947.4 2697.44 4279.53 2681.65 8014.95
internal_count=213130 210438 196113 179115 16998 152029 127044 44232 82812 61280 12111 21532 13848 36229
is_linear=0
shrinkage=0.03


Tree=121
num_leaves=15
num_cat=0
split_feature=238 242 129 230 231 65 119 38 231 222 77 229 227 244
split_gain=96.0197 95.4522 89.3341 84.2058 194.072 140.163 128.405 190.243 104.075 100.327 81.1846 77.0415 71.9587 71.2322
threshold=-0.11834039539098738 0.041731320321559913 60.500000000000007 3.5000000000000004 92.500000000000014 96.500000000000014 97.500000000000014 8.5000000000000018 81.500000000000014 21.500000000000004 1.5000000000000002 2.5000000000000004 1.5000000000000002 0.0019962895894423132
decision_type=10 8 10 8 10 10 10 10 10 10 8 10 8 2
left_child=1 3 10 4 -1 -6 7 8 9 12 -2 -9 -5 -13
right_child=2 -3 -4 6 5 -7 -8 11 -10 -11 -12 13 -14 -15
leaf_value=0.010927106965008829 -0.015318447989740759 0.0072576567869941681 0.0041410421174041664 -0.02475528877131649 -0.0085814566127159261 0.010997081484862999 0.006781193126818786 -0.022518238297173081 -0.018737156701905143 0.002911000773271609 -0.0014281284101065486 -0.01341422603304045 -0.0068702212612661651 0.0021180388297980988
leaf_weight=2034.6795042157173 374.44369412958622 2396.2905816957355 2646.6711610034108 233.89033651351929 1145.0129520595074 450.67812165617943 1857.6657782718539 112.80753809958696 634.17231266945601 882.46767418831587 25955.167810969055 267.51817804574966 1292.2184028699994 6298.5295007005334
leaf_count=11012 1562 13961 12323 1066 6371 2806 9769 530 2899 3964 111415 1168 5765 28558
internal_value=-4.13348e-05 0.00170547 -0.00110291 0.000826523 0.00480634 -0.00301775 -0.000424313 -0.00180674 -0.00801117 -0.00512125 -0.00163141 0.00102762 -0.00975459 0.00146578
internal_weight=46582.2 17605.9 28976.3 15209.6 3630.37 1595.69 11579.3 9721.6 3042.75 2408.58 26329.6 6678.86 1526.11 6566.05
internal_count=213169 87869 125300 73908 20189 9177 53719 43950 13694 10795 112977 30256 6831 29726
is_linear=0
shrinkage=0.03


Tree=122
num_leaves=15
num_cat=0
split_feature=165 126 34 10 177 229 192 229 122 119 180 47 7 226
split_gain=107.795 97.6067 93.9868 99.8913 96.2639 108.606 121.128 96.6291 96.5169 96.6225 87.3634 86.2059 83.872 80.7793
threshold=6.5000000000000009 53.500000000000007 7.5000000000000009 82.500000000000014 6.5000000000000009 61.500000000000007 42.500000000000007 44.500000000000007 16.500000000000004 42.500000000000007 18.500000000000004 72.500000000000014 4.5000000000000009 29.500000000000004
decision_type=8 8 10 10 10 10 8 10 10 10 10 8 10 10
left_child=-1 2 -2 4 12 7 -7 8 -6 -10 -8 -12 -4 -11
right_child=1 -3 3 -5 5 6 10 -9 9 13 11 -13 -14 -15
leaf_value=-0.0059008541560696143 -0.0053353547410245165 0.0015808929809791267 0.0077975502736203073 -0.0056034387203453013 0.0086550598736836962 -0.011046823983718519 0.012510086275462583 0.0086859048896619408 -0.004174441654753518 -0.0010445454107739743 -0.0056659272360256741 0.0085152547619058126 -0.0091384365728743051 0.0088361197447727365
leaf_weight=2762.3786574006081 4089.6235059723258 22431.870398581028 315.87636219710112 2672.9823429509997 1378.3230197951198 1111.82615698874 459.05848759412766 2242.7152161449194 2777.2024329081178 1583.8095455318689 1439.6878093034029 516.02291196584702 1391.8269208818674 1392.4103782325983
leaf_count=12504 17843 109149 1502 11276 5942 4693 1982 9428 11601 6890 6033 2239 6289 5893
internal_value=-0.000164075 0.00019897 -0.00125159 -0.000282662 0.000694054 0.00158126 -0.00290089 0.00326869 0.00155537 -0.000157537 0.000879818 -0.00189988 -0.0059786 0.00359219
internal_weight=46565.6 43803.2 21371.4 17281.7 14608.8 12901.1 3526.6 9374.46 7131.75 5753.42 2414.77 1955.71 1707.7 2976.22
internal_count=213264 200760 91611 73768 62492 54701 14947 39754 30326 24384 10254 8272 7791 12783
is_linear=0
shrinkage=0.03


Tree=123
num_leaves=15
num_cat=0
split_feature=245 231 224 226 231 79 231 245 79 226 7 231 243 98
split_gain=102.589 101.805 231.133 186.369 170.484 168.395 137.187 213.865 166.57 150.767 199.257 147.985 245.429 148.155
threshold=-0.20480131357908246 91.500000000000014 16.500000000000004 4.5000000000000009 19.500000000000004 60.500000000000007 75.500000000000014 -0.077307771891355501 17.500000000000004 44.500000000000007 21.500000000000004 26.500000000000004 -0.020192230120301243 42.500000000000007
decision_type=2 10 8 8 10 10 10 2 8 10 8 10 2 10
left_child=-1 3 -3 4 -2 -6 8 -8 -5 10 -9 12 -10 -13
right_child=1 2 -4 6 5 -7 7 9 11 -11 -12 13 -14 -15
leaf_value=0.018990003599484891 -0.01082746271720769 -0.0091023683922227226 0.0025162187109406624 0.0040476667938695891 0.013260492273081792 -0.0042123203437480061 0.014929835500122092 -0.01665446092891144 0.0051685822487113802 0.0059174168748949854 0.002990822361769722 -0.0051557009812343334 -0.0042837821012612059 0.0019396185322602382
leaf_weight=247.04443301260471 406.69632078707218 3243.0921441540122 2921.4052083641291 5155.7405032813549 2401.0935451537371 619.97360052168369 1282.5186762660742 795.55382007360458 5598.322157561779 2454.7937246114016 1092.1500206142664 12503.810088418424 4411.4694575294852 3353.947285220027
leaf_count=2654 1794 16156 14275 23303 12328 2933 6891 3542 25100 10984 4849 54288 19039 14922
internal_value=8.98735e-05 -1.51862e-05 -0.00360107 0.000537155 0.00721599 0.00967271 -8.93237e-05 0.00421695 -0.000871227 0.00102596 -0.00533262 -0.00185281 0.00100266 -0.00365475
internal_weight=46487.6 46240.6 6164.5 40076.1 3427.76 3021.07 36648.3 5625.02 31023.3 4342.5 1887.7 25867.5 10009.8 15857.8
internal_count=213058 210404 30431 179973 17055 15261 162918 26266 136652 19375 8391 113349 44139 69210
is_linear=0
shrinkage=0.03


Tree=124
num_leaves=15
num_cat=0
split_feature=190 226 231 243 249 231 52 73 244 245 244 245 228 244
split_gain=112.757 98.7835 176.404 200.356 189.57 189.099 127.879 94.8455 122.776 129.372 105.032 130.311 176.513 128.403
threshold=73.500000000000014 3.5000000000000004 88.500000000000014 -0.087502673268318162 0.83333334326744091 21.500000000000004 9.5000000000000018 44.500000000000007 0.033952677622437484 -0.061643267050385468 0.027071763761341575 -0.071192670613527284 3.5000000000000004 0.0024235565215349202
decision_type=10 8 10 2 2 10 8 10 2 2 2 2 10 2
left_child=1 2 5 -4 7 -1 -3 8 10 -10 11 12 13 -5
right_child=-2 6 3 4 -6 -7 -8 -9 9 -11 -12 -13 -14 -15
leaf_value=-0.010809000872994858 0.0040579983331556499 -0.0046450687299521261 0.015597826047104689 0.032126647925669542 0.021994143026195019 0.01193843807232384 -0.0002046391688268765 -0.025454517094579732 -0.028464446969794818 0.0096176993426924772 0.016064843278179603 -0.022947730561108867 0.028784403314114568 -0.021075305192819659
leaf_weight=376.40249428153038 5369.1988418400288 7298.8895753845572 421.63706474751234 40.974282115697861 171.71981200575829 2267.3202804923058 28990.005779728293 295.9372681081295 334.42011834681034 99.199124962091446 242.01608765125275 256.04009383916855 149.78238658607006 206.72939809411764
leaf_count=1668 24880 33372 3470 219 911 11629 129271 1323 1785 474 1195 1107 829 1035
internal_value=-2.67312e-05 -0.000560544 0.00345066 -0.00278165 -0.00715699 0.00867122 -0.00109879 -0.010353 -0.00682566 -0.019732 -0.000427569 -0.00668516 0.00409642 -0.0113697
internal_weight=46520.3 41151.1 4862.18 2218.46 1796.82 2643.72 36288.9 1625.1 1329.16 433.619 895.542 653.526 397.486 247.704
internal_count=213168 188288 25645 12348 8878 13297 162643 7967 6644 2259 4385 3190 2083 1254
is_linear=0
shrinkage=0.03


Tree=125
num_leaves=15
num_cat=0
split_feature=245 228 119 248 243 229 245 24 248 117 228 248 228 122
split_gain=121.722 116.585 98.1398 97.6279 181.994 143.945 133.983 130.582 107.407 101.265 105.319 108.265 98.9844 93.0759
threshold=-0.11046205461025237 30.500000000000004 19.500000000000004 0.82323232293128978 -0.067420132458209978 5.5000000000000009 -0.20480131357908246 3.5000000000000004 0.67171716690063488 51.500000000000007 22.500000000000004 0.58080807328224193 9.5000000000000018 21.500000000000004
decision_type=2 10 8 2 2 10 2 8 2 8 10 2 8 8
left_child=1 2 -1 4 6 13 -4 -7 -6 -8 11 -11 -13 -5
right_child=-2 -3 3 5 8 7 9 -9 -10 10 -12 12 -14 -15
leaf_value=-0.018382572549564501 -0.00050565355308776949 0.02728615808519725 0.019572684571557818 -0.022692397482783868 0.030010842826830024 -0.012824714305356984 0.017025942155524783 0.014690973528764563 0.0026901345052880946 0.00704819055727335 -0.05337364293977629 -0.017816657026897938 0.0118453078469171 0.024384488955848018
leaf_weight=159.4056658744812 42864.390558384359 194.03256943076849 174.95749016106129 32.688331745564938 247.0943224132061 296.53892526775599 125.23213853687048 304.53399667143822 265.33046942949295 292.65474065393209 39.695288486778736 740.62132718414068 109.94713667035103 594.55785970389843
leaf_count=693 190458 1358 1914 213 1563 1493 726 1631 1443 2041 258 4044 690 4308
internal_value=-6.15027e-05 0.00524705 0.0039064 0.00506193 0.0009508 0.0116793 -0.00438644 0.0011284 0.0161866 -0.00771501 -0.010455 -0.0085149 -0.0138894 0.0216135
internal_weight=46441.7 3577.29 3383.26 3223.85 1995.53 1228.32 1483.11 601.073 512.425 1308.15 1182.92 1143.22 850.568 627.246
internal_count=212833 22375 21017 20324 12679 7645 9673 3124 3006 7759 7033 6775 4734 4521
is_linear=0
shrinkage=0.03


Tree=126
num_leaves=15
num_cat=0
split_feature=57 120 38 243 228 245 243 228 243 44 141 244 59 22
split_gain=109.441 83.7765 94.7643 83.5251 100.812 179.301 178.872 142.335 109.938 111.254 97.1257 94.7597 124.63 124.045
threshold=62.500000000000007 98.500000000000014 8.5000000000000018 -0.021018655970692631 25.500000000000004 -0.075686518102884279 -0.02352840360254049 87.500000000000014 -0.030542010441422459 37.500000000000007 80.500000000000014 0.029674215242266658 57.500000000000007 55.500000000000007
decision_type=8 10 10 2 10 2 2 10 2 10 10 2 10 8
left_child=1 2 -1 4 6 -6 8 11 9 10 -4 12 -7 -14
right_child=-2 -3 3 -5 5 7 -8 -9 -10 -11 -12 -13 13 -15
leaf_value=-0.0099708286789842969 0.0018027185019212171 0.004320654895929376 0.004936646493535252 -0.0038073056578475451 0.011926468940356479 -0.0058831921093684108 0.016856639017607967 -0.018279561616200892 -0.010668855252366844 -0.005398700586656922 -0.0058344846236982207 0.0107103976194926 0.013416834402154906 -0.0003707937766343597
leaf_weight=1167.7949510365725 18686.466120369732 2288.9408675059676 2748.9026063382626 7825.9576370939612 1463.0777489170432 2016.9693955034018 415.21864530444145 341.8305636793375 1423.4081812947989 3532.3805541247129 1027.170274592936 825.48182514309883 843.71971753239632 1880.0476518720388
leaf_count=5592 88581 12042 12506 33472 7345 8462 1782 1503 6011 15643 4860 3729 3513 8030
internal_value=2.78074e-05 -0.00116542 -0.00165914 -0.00125649 -4.64024e-05 0.00256248 -0.00214926 0.000227335 -0.00307128 -0.00157901 0.001999 0.00139462 -0.000246625 0.00393355
internal_weight=46487.4 27800.9 25512 24344.2 16518.2 7371.13 9147.08 5908.05 8731.86 7308.45 3776.07 5566.22 4740.74 2723.77
internal_count=213071 124490 112448 106856 73384 32582 40802 25237 39020 33009 17366 23734 20005 11543
is_linear=0
shrinkage=0.03


Tree=127
num_leaves=15
num_cat=0
split_feature=57 230 228 140 85 14 80 10 61 243 228 28 229 228
split_gain=97.7376 78.51 108.236 131.11 94.8953 81.3097 84.0323 91.8869 72.3395 97.0142 67.9271 66.2197 65.6537 67.6848
threshold=60.500000000000007 3.5000000000000004 7.5000000000000009 16.500000000000004 4.5000000000000009 7.5000000000000009 23.500000000000004 81.500000000000014 17.500000000000004 -0.03927182033658027 5.5000000000000009 1.5000000000000002 11.500000000000002 17.500000000000004
decision_type=10 10 10 10 10 10 10 10 10 2 10 10 10 10
left_child=-1 8 3 4 -3 12 7 11 -2 10 -10 -7 -4 -14
right_child=1 2 5 -5 -6 6 -8 -9 9 -11 -12 -13 13 -15
leaf_value=-0.0011040551210673045 0.0094923161551505614 -0.0042837705911670529 0.010691534938554334 0.0034248407594272734 -0.020697535360327864 -0.0032425508293533419 0.00088917435194730058 -0.0054815231911035265 -0.0085960978550196163 0.0095676839324977895 0.010245558880401524 0.0097163598731244312 -0.013134677679507734 -0.0013136641630682371
leaf_weight=27406.425003245473 1984.3897444978356 729.86537882685661 248.15670426934958 885.41026823967695 559.78517737984657 398.35356245934963 7213.8456952646375 504.21387232840061 824.65851479023695 712.03687773644924 207.96660349518061 2950.2700295597315 660.25585703551769 1254.3524662405252
leaf_count=123732 11765 3256 1248 4154 2439 1814 32433 2202 4407 3353 1076 13062 2867 5650
internal_value=4.45091e-05 0.0016894 0.000742363 -0.00544421 -0.0115128 0.00176284 0.0028026 0.00637362 0.00558911 0.00112079 -0.00473959 0.0081697 -0.00354591 -0.00543723
internal_weight=46540 19133.6 15404.5 2175.06 1289.65 13229.4 11066.7 3852.84 3729.05 1744.66 1032.63 3348.62 2162.77 1914.61
internal_count=213458 89726 69125 9849 5695 59276 49511 17078 20601 8836 5483 14876 9765 8517
is_linear=0
shrinkage=0.03


Tree=128
num_leaves=15
num_cat=0
split_feature=193 76 242 252 189 228 226 147 119 226 142 60 69 228
split_gain=88.6656 137.393 108.278 104.765 100.372 74.0003 71.012 70.6777 76.2577 103.481 66.3843 61.0871 59.7975 75.51
threshold=73.500000000000014 80.500000000000014 0.020660593174397949 0.023223480209708217 26.500000000000004 93.500000000000014 66.500000000000014 55.500000000000007 59.500000000000007 98.500000000000014 33.500000000000007 36.500000000000007 12.500000000000002 3.5000000000000004
decision_type=8 10 8 2 10 10 10 10 10 10 8 10 10 10
left_child=1 5 6 -4 -3 12 10 8 -8 -10 -2 -7 -1 -14
right_child=2 4 3 -5 -6 11 7 -9 9 -11 -12 -13 13 -15
leaf_value=0.00059493312787577612 0.0034706268706463221 -0.0029206739756357505 -0.00035600818638661827 0.0053113680748655603 0.0050080922155252587 -0.024792122682696611 -0.00054132496379676379 -0.0027669903163157978 0.017332580081319222 -0.010441217050592942 -0.0056918137091908046 -0.0037131072591490748 -0.011187760097271075 -0.0025701671441428014
leaf_weight=5184.3044253960252 883.64756537973881 2088.2220908850431 4752.26411306113 7664.1042224541306 4559.6165059879422 229.74457040429115 740.22767716646194 1394.9270769953728 695.14235477149487 138.67025645077229 3528.0674697086215 264.36398082971573 974.09226968884468 13325.330210417509
leaf_count=23527 3610 10027 21017 37752 23178 998 3110 6228 3311 774 14965 1171 4648 58550
internal_value=-8.60395e-05 -0.00121638 0.00143404 0.00314368 0.00251686 -0.0024593 -0.00144241 0.00214037 0.00647933 0.0126446 -0.00385292 -0.0138115 -0.00216447 -0.00316462
internal_weight=46422.7 26625.7 19797.1 12416.4 6647.84 19977.8 7380.68 2968.97 1574.04 833.813 4411.72 494.109 19483.7 14299.4
internal_count=212866 122099 90767 58769 33205 88894 31998 13423 7195 4085 18575 2169 86725 63198
is_linear=0
shrinkage=0.03


Tree=129
num_leaves=15
num_cat=0
split_feature=190 10 120 14 75 231 189 231 229 228 230 141 231 249
split_gain=99.7119 81.6792 108.335 91.7484 96.2728 103.248 107.381 80.6737 99.476 96.2857 129.092 111.831 78.3131 95.9602
threshold=90.500000000000014 2.5000000000000004 98.500000000000014 5.5000000000000009 55.500000000000007 81.500000000000014 39.500000000000007 75.500000000000014 18.500000000000004 86.500000000000014 67.500000000000014 46.500000000000007 61.500000000000007 0.04545454494655133
decision_type=10 10 10 10 10 10 10 10 10 10 10 10 10 2
left_child=1 -1 3 -3 7 12 -7 -5 -9 11 -11 -10 13 -6
right_child=-2 2 -4 4 5 6 -8 8 9 10 -12 -13 -14 -15
leaf_value=0.0029327507469532155 0.0060736848270619686 -0.0056076820343620559 0.0044468243344941037 -0.0034467642002699419 0.0048527939441316186 -0.01260221794009363 0.00045876563924798167 -0.0048774710303337437 -0.00488179076081961 -0.029901462748497178 0.0024635820938231734 0.010189587415471017 0.0073832569414697766 -0.0015122800565698137
leaf_weight=5886.0188083946705 2274.3171035274863 4005.9450956657529 3164.8318618908525 13059.683089718223 3587.2961573898792 904.3290903866291 1487.5500440746546 1593.7682671695948 566.64942494779825 149.44150365889072 360.05364614725113 1941.3641843497753 2214.1712709292769 5224.0030396729708
leaf_count=31034 10917 18130 16618 55727 15156 4074 7102 7471 2442 636 1659 8881 10058 22979
internal_value=-3.80475e-05 -0.000354223 -0.000860546 -0.0013403 -0.000788791 0.00112664 -0.00451128 -0.00224297 0.00116641 0.00436419 -0.00742235 0.00677856 0.00235271 0.00108166
internal_weight=46419.4 44145.1 38259.1 35094.3 31088.3 13417.3 2391.88 17671 4611.28 3017.51 509.495 2508.01 11025.5 8811.3
internal_count=212884 201967 170933 154315 136185 59369 11176 76816 21089 13618 2295 11323 48193 38135
is_linear=0
shrinkage=0.03


Tree=130
num_leaves=15
num_cat=0
split_feature=149 120 35 233 224 231 77 76 231 248 224 231 79 79
split_gain=89.9925 83.6142 100.445 85.8539 107.39 103.374 122.392 69.1193 66.9049 142.077 159.854 90.6939 72.3892 69.6945
threshold=24.500000000000004 69.500000000000014 7.5000000000000009 68.500000000000014 6.5000000000000009 92.500000000000014 29.500000000000004 96.500000000000014 60.500000000000007 0.65151515603065502 65.500000000000014 99.500000000000014 93.500000000000014 14.500000000000002
decision_type=10 10 8 8 10 10 10 10 10 2 10 10 8 8
left_child=-1 2 -2 -3 5 -5 -7 8 9 13 -11 12 -10 -4
right_child=1 3 7 4 -6 6 -8 -9 11 10 -12 -13 -14 -15
leaf_value=-0.0024235727092977136 -0.00572338722832769 0.00070261020612831038 0.010078326860442079 0.0063592634956840506 0.0084334938698264698 0.0010876969545218244 -0.022850999151227222 0.0082864131901499456 0.0024749866196440021 -0.0047351648231802141 -0.027234631256113733 -0.013883091188357734 0.014380825898683908 -0.00036434768322921127
leaf_weight=10949.873157463968 2869.9567052647471 9196.4018339440227 602.99734399467707 853.14140336215496 3569.06664609164 471.78518236801028 313.38964650779963 917.02689404040575 4202.0025082826614 2081.0298536270857 320.51962044090033 267.10237717628479 507.18489088863134 9320.0442840158939
leaf_count=50282 12433 44378 2633 4753 17283 3106 1605 4281 18479 8694 1356 1198 2383 40140
internal_value=-4.72937e-05 0.000686311 -0.000517141 0.00244736 0.0055214 -0.000835275 -0.00863425 0.000305715 -0.000121842 -0.00130725 -0.00783851 0.00281074 0.00378502 0.000279734
internal_weight=46441.5 35491.6 21087.9 14403.8 5207.38 1638.32 785.175 18217.9 17300.9 12324.6 2401.55 4976.29 4709.19 9923.04
internal_count=213004 162722 91597 71125 26747 9464 4711 79164 74883 52823 10050 22060 20862 42773
is_linear=0
shrinkage=0.03


Tree=131
num_leaves=15
num_cat=0
split_feature=245 224 230 248 244 226 248 248 248 118 248 65 224 231
split_gain=104.745 111.677 112.728 282.647 167.829 155.315 254.253 239.291 153.769 182.673 136.225 108.164 102.645 100.363
threshold=-0.093968823552131639 76.500000000000014 3.5000000000000004 0.82323232293128978 0.014949542935937645 46.500000000000007 0.68181815743446361 0.6111111342906953 0.67171716690063488 80.500000000000014 0.58080807328224193 98.500000000000014 43.500000000000007 91.500000000000014
decision_type=2 10 10 2 2 10 2 2 2 10 2 8 10 10
left_child=1 2 3 4 -1 8 7 -7 -4 12 -6 -12 -10 -2
right_child=13 -3 5 -5 10 6 -8 -9 9 -11 11 -13 -14 -15
leaf_value=0.013976991215484973 -7.9886070828534349e-05 0.018555078408134286 0.0043217859848623565 0.022165516723990305 0.0099600066588367911 0.0070110070398337887 0.019747157025013128 -0.0346889823208077 -0.024368249874295936 -0.00086656846463942726 -0.018173222617827143 0.012633648096560843 0.010253727511628943 -0.0048798423056054694
leaf_weight=526.60566642135382 35244.182738937438 402.8687567487359 1040.0851673185825 787.13213874027133 309.87828315794468 348.55651140958071 707.10342157632113 179.96001514792442 706.18380977213383 875.42052513360977 640.07546788454056 114.42953263968229 80.831420689821243 4401.2379183620214
leaf_count=3235 154589 2542 5791 5256 2280 1942 3418 805 3065 4606 3840 991 364 20070
internal_value=-2.65963e-05 0.00343418 0.00244193 0.00758462 0.000277426 -0.000674936 0.00809643 -0.00756834 -0.00470036 -0.0103371 -0.00656747 -0.0133969 -0.0207283 -0.00061385
internal_weight=46364.6 6719.13 6316.26 2378.12 1590.99 3938.14 1235.62 528.517 2702.52 1662.44 1064.38 754.505 787.015 39645.4
internal_count=212794 38135 35593 15602 10346 19991 6165 2747 13826 8035 7111 4831 3429 174659
is_linear=0
shrinkage=0.03


Tree=132
num_leaves=15
num_cat=0
split_feature=245 101 245 119 226 138 119 122 245 244 229 244 244 226
split_gain=95.5998 81.8301 106.652 115.366 182.247 120.078 112.856 110.695 119.537 95.5005 126.943 113.243 93.5823 85.194
threshold=-0.20480131357908246 3.5000000000000004 -0.044388592243194573 60.500000000000007 66.500000000000014 75.500000000000014 80.500000000000014 33.500000000000007 -0.08844884485006331 0.0019962895894423132 3.5000000000000004 0.0022660257527604703 0.11348605155944826 98.500000000000014
decision_type=2 8 2 8 8 10 10 10 2 2 8 2 2 10
left_child=-1 -2 3 9 7 6 -6 -5 12 10 -3 -11 -9 -8
right_child=1 2 -4 4 5 -7 13 8 -10 11 -12 -13 -14 -15
leaf_value=0.018899127737417292 -0.0037962653593291806 0.02401352872330562 -0.0019721084772392969 0.0074023370760445068 0.0060008260189342803 0.00039329548427754297 0.022145210701813658 0.0059436282917566946 -0.0022572774431656333 0.023714365355137417 -0.015845830691267861 -0.00047571440517821272 -0.024037406947844384 0.00092825052189382724
leaf_weight=228.87949969246984 4883.7125710770488 72.100213214755058 12757.018245249987 2179.0576360970736 1218.9749903678894 1020.2652571201324 1075.140274785459 2852.9168924018741 6774.7298086583614 166.69028381258249 626.81025837361813 12216.949185416102 87.164692088961601 203.1058676019311
leaf_count=2588 22505 316 55601 10525 6346 5082 5731 15758 30359 717 2604 52870 549 1214
internal_value=-3.03768e-05 -0.000128364 0.000306695 0.00132727 0.00308521 0.00907404 0.0126049 0.00130795 -6.52446e-05 -0.000744371 -0.0114532 -0.000131232 0.00497631 0.0188073
internal_weight=46363.5 46134.6 41250.9 28493.9 15411.4 3517.49 2497.22 11893.9 9714.81 13082.5 698.91 12383.6 2940.08 1278.25
internal_count=212765 210177 187672 132071 75564 18373 13291 57191 46666 56507 2920 53587 16307 6945
is_linear=0
shrinkage=0.03


Tree=133
num_leaves=15
num_cat=0
split_feature=165 238 228 229 244 243 228 222 244 222 244 244 140 143
split_gain=91.2509 91.0864 82.3673 104.078 100.343 79.4294 85.9506 164.429 91.7165 86.091 105.666 84.7014 85.3745 78.359
threshold=5.5000000000000009 -0.12329819053411482 4.5000000000000009 4.5000000000000009 0.0016664691502228381 -0.015100223943591116 93.500000000000014 56.500000000000007 0.0036051193019375209 12.500000000000002 0.0030931639485061173 0.094444546848535552 76.500000000000014 70.500000000000014
decision_type=8 10 8 8 2 2 10 10 2 8 2 2 8 8
left_child=-1 -2 -3 -4 -5 6 7 8 9 10 -6 12 -8 -10
right_child=1 2 3 4 5 -7 11 -9 13 -11 -12 -13 -14 -15
leaf_value=-0.0057849082845599477 0.002129879164022627 -0.0063660009691441175 0.011003624193641507 -0.011361617207751055 -0.020529356279419656 -0.0031174845318765695 -0.028430843358977859 0.0069932475261135895 -0.0025197283258509263 0.010296759042824337 0.024289271517939821 0.011936037901179709 -0.0032842019357769716 0.0025166322283171104
leaf_weight=2393.4756345227361 14844.59000249207 2169.8688395321369 703.35149083286524 748.68153496086597 176.82153607904911 6610.8948912099004 235.16098061203957 3417.0167310759425 9558.7556774094701 1166.838857293129 54.180597230792046 115.32531040906906 246.7857261672616 3909.9582406803966
leaf_count=10810 75672 9348 3211 3116 750 28457 1006 15156 40271 4959 230 579 1233 18000
internal_value=-9.29509e-05 0.000218215 -0.000756909 -0.000302997 -0.000610137 -0.00029004 0.000701082 0.00106932 -0.000296061 0.00699028 -0.00944567 -0.0104032 -0.0158828 -0.00105689
internal_weight=46351.7 43958.2 29113.6 26943.8 26240.4 25491.7 18880.8 18283.6 14866.6 1397.84 231.002 597.272 481.947 13468.7
internal_count=212798 201988 126316 116968 113757 110641 82184 79366 64210 5939 980 2818 2239 58271
is_linear=0
shrinkage=0.03


Tree=134
num_leaves=15
num_cat=0
split_feature=238 149 106 143 248 226 226 243 226 248 243 71 10 226
split_gain=95.1678 76.0125 69.732 74.4763 160.87 121.765 90.5255 90.361 80.8678 139.252 147.981 113.963 85.5383 79.7309
threshold=-0.2650130540132522 24.500000000000004 20.500000000000004 45.500000000000007 0.84343436360359203 92.500000000000014 99.500000000000014 -0.069800052791833864 64.500000000000014 0.85353535413742077 -0.07138448208570479 79.500000000000014 48.500000000000007 11.500000000000002
decision_type=10 8 10 8 2 10 10 2 8 2 2 10 10 10
left_child=-1 -2 3 5 6 8 7 13 9 11 -11 -3 -10 -5
right_child=1 2 -4 4 -6 -7 -8 -9 12 10 -12 -13 -14 -15
leaf_value=0.0091439699299894813 -0.0024307672848220326 -0.0021368913824535603 0.0018839150387108096 -0.0012487967891684083 0.011619141748604796 0.011049025897175836 -0.022152953412790055 0.00092415637930885254 -0.00095302644007863829 0.026622921719453806 -0.020922753123404709 0.012472324815781548 -0.014207711983879899 -0.018260966442819396
leaf_weight=1002.2403614334762 10234.542970918119 3689.8091489523649 17028.353485204279 581.74671114981174 1096.1209477260709 495.93036349862814 159.9428866058588 8676.2409846112132 685.59475670009851 57.647633127868176 520.96449818462133 542.30466090142727 1211.8064529076219 424.18197602033615
leaf_count=7754 45588 15895 76722 3618 5995 2145 768 39687 2989 293 2276 2283 5077 2087
internal_value=4.61497e-05 -0.000156638 0.000505629 -0.000788355 0.00077157 -0.00315464 -0.000447097 -6.60439e-05 -0.0042196 -0.00214197 -0.0158139 -0.000239873 -0.00944845 -0.00853166
internal_weight=46407.4 45405.2 35170.6 18142.3 10938.2 7204.06 9842.11 9682.17 6708.13 4810.73 578.612 4232.11 1897.4 1005.93
internal_count=213177 205423 159835 83113 52155 30958 46160 45392 28813 20747 2569 18178 8066 5705
is_linear=0
shrinkage=0.03


Tree=135
num_leaves=15
num_cat=0
split_feature=245 165 244 224 222 245 141 114 193 140 222 244 244 139
split_gain=92.5942 91.965 91.4557 116.608 113.392 107.864 99.0979 97.1852 94.7224 87.3561 110.242 178.656 157.135 106.691
threshold=-0.099302399903535829 5.5000000000000009 0.021798778325319294 4.5000000000000009 22.500000000000004 -0.12887622416019437 51.500000000000007 14.500000000000002 89.500000000000014 27.500000000000004 3.5000000000000004 0.0054333151783794173 0.015327850356698038 34.500000000000007
decision_type=2 8 2 8 10 2 10 8 8 10 8 2 2 8
left_child=2 -2 3 -1 5 -5 -7 -8 -4 10 11 -3 -12 -14
right_child=1 9 8 4 -6 6 7 -9 -10 -11 12 -13 13 -15
leaf_value=0.017621385687638561 -0.0063342074099506374 0.0066969611772818467 -0.00518161818679886 0.012744725300069105 0.020699544888333015 -0.013069216518441371 -0.0089762502189423225 0.0086538455714362146 0.0091496302258547695 0.00092936523333726588 -0.0037559084217374337 -0.016778901384323908 0.0065434981290408865 -0.0017962273617842385
leaf_weight=686.99339068308473 2343.6864054352045 404.91671872138977 1523.3813433684409 563.57268121093512 303.74710857123137 520.80097522586584 424.99351102858782 788.55070430785418 559.29229106754065 23351.973237730563 8420.8395072221756 993.55401831120253 3016.9614800810814 2531.9949735477567
leaf_count=4770 10444 1738 9665 3303 1855 2461 2006 3890 3894 104150 35585 4305 13602 11604
internal_value=-9.17791e-05 -0.000576554 0.00360852 0.00671643 0.00378043 0.001464 -0.0022537 0.00245673 -0.0013077 -0.000226505 -0.0019823 -0.00998235 -0.00117488 0.00274169
internal_weight=46435.3 41063.9 5371.33 3288.66 2601.66 2297.92 1734.35 1213.54 2082.67 38720.2 15368.3 1398.47 13969.8 5548.96
internal_count=213272 181428 31844 18285 13515 11660 8357 5896 13559 170984 66834 6043 60791 25206
is_linear=0
shrinkage=0.03


Tree=136
num_leaves=15
num_cat=0
split_feature=245 230 119 243 147 151 101 233 245 222 243 230 243 243
split_gain=88.509 110.297 97.5898 94.2482 130.598 94.9148 88.5515 110.291 79.6023 89.8534 123.838 119.313 138.643 134.911
threshold=-0.11046205461025237 65.500000000000014 15.500000000000002 -0.07447489351034163 1.5000000000000002 92.500000000000014 2.5000000000000004 56.500000000000007 -0.044388592243194573 40.500000000000007 -0.0075041453819721929 15.500000000000002 -0.03878843039274215 -0.053726989775896065
decision_type=2 10 8 2 8 8 8 10 2 8 2 8 2 2
left_child=1 2 -1 5 -5 -4 7 -2 9 10 -8 13 -13 -11
right_child=6 -3 3 4 -6 -7 8 -9 -10 11 -12 12 -14 -15
leaf_value=-0.022134242043293641 -0.011231928378638919 0.026806992304496718 0.00071096350574924012 -0.011031451075203421 0.01280195165210544 -0.034004633499435805 4.6330677456366672e-05 0.0007691149443021535 -0.0019500206512193695 -0.020921069414507939 -0.02937239726030437 0.01082176493358788 -0.00014695333778163994 0.016013164624016016
leaf_weight=120.82270646840334 1449.3429767563939 180.11412959545851 1522.2374833114445 234.54865109547973 1402.0348767973483 64.325875498354435 19649.448615595698 1303.6688128784299 12935.043081238866 89.026337876915932 119.62982724606991 1299.0141227245331 4991.95300681144 1002.7865601330996
leaf_count=517 6138 1282 10506 1183 8448 461 87536 5659 56328 456 507 6394 22757 4913
internal_value=4.2704e-06 0.00456745 0.00329322 0.0043119 0.00933999 -0.000900722 -0.000372083 -0.00556671 -1.40368e-05 0.000908637 -0.000146453 0.00373026 0.00213154 0.012839
internal_weight=46364 3524.08 3343.97 3223.15 1636.58 1586.56 42839.9 2753.01 40086.9 27151.9 19769.1 7382.78 6290.97 1091.81
internal_count=213085 22397 21115 20598 9631 10967 190688 11797 178891 122563 88043 34520 29151 5369
is_linear=0
shrinkage=0.03


Tree=137
num_leaves=15
num_cat=0
split_feature=190 233 246 224 111 244 104 224 226 80 27 140 119 78
split_gain=98.745 78.0266 95.1397 87.7374 148.608 125.557 106.332 104.491 122.154 83.6464 117.374 130.519 89.5209 87.3402
threshold=90.500000000000014 45.500000000000007 0.050195710733532913 6.5000000000000009 1.5000000000000002 0.012283191084861757 87.500000000000014 1.5000000000000002 9.5000000000000018 27.500000000000004 17.500000000000004 87.500000000000014 42.500000000000007 10.500000000000002
decision_type=10 10 2 10 10 2 10 10 10 10 10 8 10 10
left_child=1 2 -1 4 -3 7 -7 8 -6 12 11 -11 -5 -14
right_child=-2 3 -4 9 5 6 -8 -9 -10 10 -12 -13 13 -15
leaf_value=-0.0028026775568578011 0.0059903133762418343 0.0049499699875762181 0.0022640916442668905 -0.00054922357929971892 0.0015923076366923801 -0.010115431878551615 -0.0349742437076319 0.0074226614609672675 -0.030976397463397538 -0.0027203496026797914 0.00040799639527939189 -0.03619707515073526 -0.0034980899656264271 0.0071661958888085443
leaf_weight=16553.022224053741 2247.3683805987239 1283.0103431046009 4168.304180406034 3019.5034843161702 257.87809074670076 1321.2311636731029 168.81516320258379 680.46877145767212 162.27227016538382 283.74799433350563 10010.587144903839 157.9135604724288 789.34913048148155 5262.015986956656
leaf_count=73204 10847 8063 21237 12868 1363 6565 802 3151 713 1285 43628 695 3897 24718
internal_value=-0.000129619 -0.000442654 -0.00178285 0.000744539 -0.00337419 -0.00749986 -0.0131462 0.000193843 -0.0114142 0.00156306 -0.00026655 -0.0152262 0.00366928 0.00577165
internal_weight=46365.5 44118.1 20721.3 23396.8 3873.68 2590.67 1490.05 1100.62 420.15 19523.1 10452.2 441.662 9070.87 6051.37
internal_count=213036 202189 94441 107748 20657 12594 7367 5227 2076 87091 45608 1980 41483 28615
is_linear=0
shrinkage=0.03


Tree=138
num_leaves=15
num_cat=0
split_feature=57 238 52 230 249 244 118 243 226 229 147 76 244 238
split_gain=85.6476 75.2553 85.5478 111.164 105.68 181.108 155.132 97.3967 108.152 87.2362 104.391 72.9163 65.4575 64.5337
threshold=70.500000000000014 -0.27279300987720484 8.5000000000000018 3.5000000000000004 0.83333334326744091 0.035500977188348777 93.500000000000014 -0.026209862902760502 43.500000000000007 22.500000000000004 12.500000000000002 96.500000000000014 0.0028752702055498962 -0.12397764623165129
decision_type=10 10 8 10 2 2 10 2 10 10 10 10 2 10
left_child=11 -2 3 4 5 13 -7 8 12 -9 -11 -1 -5 -3
right_child=1 2 -4 7 -6 6 -8 9 -10 10 -12 -13 -14 -15
leaf_value=-0.0011473621498816096 0.012929964973149743 0.010897102707828715 0.0030744149655066292 -0.035890298973259772 0.026044044194889888 0.010527063780833115 -0.0373285653969034 0.012287332906506965 0.0044797566760710148 -0.01860954842141831 0.0050156355598105981 0.0069931967181137908 -0.011405117697281312 -0.0059923556858359718
leaf_weight=30836.739986263216 525.7345769032836 849.94451659172773 9524.2817368432879 99.337834283709526 171.94634704291821 88.35120103508234 163.59530654549599 419.34737408906221 383.90821416676044 280.8678585588932 392.02126489579678 1013.2536075860262 1350.1226694658399 259.64241276681423
leaf_count=139182 4278 4685 43508 445 1072 486 845 1845 1691 1181 1671 5015 6053 1134
internal_value=-1.59825e-05 0.00189375 0.00146987 -0.00195653 0.00456696 0.00168454 -0.0207856 -0.00537978 -0.00958675 0.00170472 -0.00497376 -0.00088627 -0.0133176 0.00692676
internal_weight=46359.1 14509.1 13983.4 4459.08 1533.48 1361.53 251.947 2925.61 1833.37 1092.24 672.889 31850 1449.46 1109.59
internal_count=213091 68894 64616 21108 8222 7150 1331 12886 8189 4697 2852 144197 6498 5819
is_linear=0
shrinkage=0.03


Tree=139
num_leaves=15
num_cat=0
split_feature=63 242 248 140 231 60 229 248 231 79 71 231 226 243
split_gain=74.497 86.1677 74.4959 85.6302 111.837 81.2499 72.6217 70.6359 88.0062 69.8881 69.5405 100.063 135.085 113.356
threshold=76.500000000000014 0.013368219602853062 0.24747474491596225 31.500000000000004 26.500000000000004 53.500000000000007 83.500000000000014 0.71212121844291698 48.500000000000007 6.5000000000000009 22.500000000000004 92.500000000000014 6.5000000000000009 -0.051250005140900605
decision_type=10 8 2 10 10 10 10 2 10 10 10 10 8 2
left_child=1 -1 -2 5 6 7 -5 9 -9 -4 11 12 -3 -14
right_child=2 10 3 4 -6 -7 -8 8 -10 -11 -12 -13 13 -15
leaf_value=-0.0076872390585392084 -0.0021628013625334219 0.010931457964746068 -0.032644791130868475 0.015289538963065043 0.0033382222978869777 0.0032070454205066733 -0.012334125109454495 -0.029448044986366103 -4.0013185425646949e-05 0.0010716485619467729 -0.0012747905658558067 -0.0056353162884263501 0.0085069987322093574 -0.00067469372949666422
leaf_weight=1498.5354943424463 2735.476378172636 1531.6870769523084 49.910174883902073 1226.7507964521646 3979.5700406692922 2040.9159393981099 84.738827414810658 213.09017099440098 155.41400437802076 717.19202994555235 23178.291039500386 1444.8003061898053 1506.0883058980107 5991.1633569300175
leaf_count=6401 12112 8156 226 5706 19880 9879 435 893 717 3114 103159 7939 7977 26469
internal_value=6.29947e-06 -0.000672732 0.00213552 0.00352502 0.005859 -0.000368825 0.0134249 -0.00676729 -0.0173741 -0.00151391 -0.000358183 0.00166954 0.0028434 0.00117865
internal_weight=46353.6 35150.6 11203.1 8467.58 5291.06 3176.52 1311.49 1135.61 368.504 767.102 33652 10473.7 9028.94 7497.25
internal_count=213063 160101 52962 40850 26021 14829 6141 4950 1610 3340 153700 50541 42602 34446
is_linear=0
shrinkage=0.03


Tree=140
num_leaves=15
num_cat=0
split_feature=63 230 86 171 215 222 226 248 226 145 190 7 248 242
split_gain=93.5579 92.9635 105.256 90.1037 87.5761 82.1576 87.8895 143.442 76.7317 88.7754 76.7093 75.0375 69.3284 67.2512
threshold=76.500000000000014 3.5000000000000004 16.500000000000004 44.500000000000007 79.500000000000014 3.5000000000000004 3.5000000000000004 0.76262626051902782 12.500000000000002 92.500000000000014 72.500000000000014 4.5000000000000009 0.4797979891300202 0.024808651767671112
decision_type=10 8 10 8 10 10 10 2 10 10 10 10 2 10
left_child=1 2 5 4 10 6 11 13 9 -4 -3 -1 -7 -8
right_child=-2 3 8 -5 -6 12 7 -9 -10 -11 -12 -13 -14 -15
leaf_value=0.017240722010457149 0.0023918296987076562 -0.0027552545462898475 0.005634793675112864 0.00056905500500940159 -0.009971146411269791 -0.002085294991465151 -0.034817205950142899 0.0080830040593388476 -0.015642529300346403 -0.012332986943994602 0.0044009568295929266 -0.0019140682995208832 0.013625634596696398 -0.0047939334433300248
leaf_weight=348.60050553828478 11179.640608541667 15010.41051287204 851.70035595446825 12853.103646561503 1375.2054795920849 304.88120013475418 162.75677721202374 243.44033671915531 332.02060939371586 337.21476830542088 1472.0830768868327 374.48974871635437 1403.1715203970671 115.78391972929239
leaf_count=2647 52907 66029 4109 58252 5808 1407 783 1280 1490 1747 6637 1929 7387 712
internal_value=2.33304e-06 -0.00075737 0.00327811 -0.00134615 -0.00272416 0.00657279 0.000698959 -0.00858931 -0.00312016 0.000478189 -0.00211384 0.00742963 0.0108255 -0.0229358
internal_weight=46364.5 35184.9 4474.06 30710.8 17857.7 2953.12 1245.07 521.981 1520.94 1188.92 16482.5 723.09 1708.05 278.541
internal_count=213124 160217 23491 136726 78474 16145 7351 2775 7346 5856 72666 4576 8794 1495
is_linear=0
shrinkage=0.03


Tree=141
num_leaves=15
num_cat=0
split_feature=245 231 230 230 229 126 245 229 249 70 231 245 68 246
split_gain=86.0895 73.2749 193.738 183.216 151.645 196.534 127.893 135.517 114.809 116.196 126.616 240.609 137.398 108.268
threshold=-0.20480131357908246 91.500000000000014 62.500000000000007 18.500000000000004 5.5000000000000009 46.500000000000007 -0.10338006913661955 12.500000000000002 0.91414141654968273 9.5000000000000018 75.500000000000014 -0.076645478606224046 9.5000000000000018 0.049581121653318412
decision_type=2 10 10 10 8 10 2 10 2 8 10 2 8 2
left_child=-1 4 3 -3 5 -2 -5 -8 9 -6 13 -12 -13 -11
right_child=1 2 -4 6 8 -7 7 -9 -10 10 11 12 -14 -15
leaf_value=0.018184956441613349 -0.0030801716088747558 -0.0023813046574845528 0.007186584698714295 0.019451073431139877 0.0037900276607236503 0.01034195493324966 -0.034106794115030085 -0.011467807662465523 -0.023672729636665883 -0.0025675780661572629 0.01656224265415096 -0.017835848556925618 0.0019440630184152201 0.0028219097530970115
leaf_weight=225.27713174372911 1488.0700611397624 3592.5982672050595 1298.9927893802524 78.837519034743309 5868.2813955396414 2854.6258366107941 336.37995414435863 820.56442129611969 176.33192892372608 20730.263817206025 1008.996178843081 337.49670426547527 3484.0644430443645 3993.3453113585711
leaf_count=2628 6732 18356 6759 437 25980 15052 1403 3477 769 89376 5500 1503 15584 19455
internal_value=8.40528e-05 -8.38811e-06 -0.00306033 -0.00582624 0.000460455 0.00574621 -0.0157417 -0.0182859 -0.000185787 -6.22219e-05 -0.000828149 0.00360943 0.000155233 -0.00169628
internal_weight=46294.1 46068.8 6127.37 4828.38 39941.5 4342.7 1235.78 1156.94 35598.8 35422.4 29554.2 4830.56 3821.56 24723.6
internal_count=213011 210383 30432 23673 179951 21784 5317 4880 158167 157398 131418 22587 17087 108831
is_linear=0
shrinkage=0.03


Tree=142
num_leaves=15
num_cat=0
split_feature=245 190 194 233 244 241 190 127 53 117 51 245 103 146
split_gain=72.1679 67.229 81.3238 89.1408 74.3518 70.8634 70.4691 73.4442 69.0932 72.8414 62.0331 65.9816 61.2071 55.3695
threshold=-0.20480131357908246 84.500000000000014 30.500000000000004 69.500000000000014 0.0030931639485061173 -1.0000000180025095e-35 3.5000000000000004 1.5000000000000002 10.500000000000002 78.500000000000014 3.5000000000000004 -0.096477255225181566 5.5000000000000009 95.500000000000014
decision_type=2 10 10 10 2 8 10 10 8 10 10 2 10 10
left_child=-1 2 3 4 8 10 7 -4 9 -2 -6 -12 -5 -9
right_child=1 -3 6 12 5 -7 -8 13 -10 -11 11 -13 -14 -15
leaf_value=0.016758506768947107 -0.027290852946004758 0.0040966758892012753 -0.028238410817563255 0.009781014296827855 -0.0048021981282906157 0.012471202764840658 -0.0011852105208393145 -0.0035612836975757937 -0.0025125630716967629 -0.0004425487931952943 0.0077135397655418306 -1.9286299199273452e-05 0.0023843022057228672 -0.020654350777334324
leaf_weight=221.7917263880372 246.9312923848629 3299.4638426378369 131.54923152923584 1198.1402433216572 2177.8800451233983 401.34290720522404 18182.07361894846 1440.115298256278 822.0311670973897 141.2954293936491 1084.5275461003184 10715.216323055327 6119.85879894346 184.67322082072496
leaf_count=2615 1055 15659 648 5832 10401 2678 80988 6836 3543 669 6078 47004 28202 1034
internal_value=6.08202e-05 -2.3049e-05 -0.000341183 0.000878032 -0.000404521 0.000198704 -0.00174168 -0.00746304 -0.00751428 -0.0177759 -0.000162344 0.000697376 0.00360702 -0.00561854
internal_weight=46366.9 46145.1 42845.6 22907.2 15589.2 14379 19938.4 1756.34 1210.26 388.227 13977.6 11799.7 7318 1624.79
internal_count=213242 210627 194968 105462 71428 66161 89506 8518 5267 1724 63483 53082 34034 7870
is_linear=0
shrinkage=0.03


Tree=143
num_leaves=15
num_cat=0
split_feature=245 226 120 226 226 229 229 226 119 226 245 191 226 226
split_gain=76.5683 98.0019 116.741 119.636 117.034 185.648 195.206 111.272 107.383 123.766 116.667 102.405 100.841 155.686
threshold=-0.044388592243194573 81.500000000000014 52.500000000000007 66.500000000000014 64.500000000000014 42.500000000000007 78.500000000000014 22.500000000000004 81.500000000000014 98.500000000000014 -0.059949118643999093 87.500000000000014 41.500000000000007 49.500000000000007
decision_type=2 8 10 10 10 10 10 10 10 10 2 10 10 10
left_child=1 2 4 -4 5 7 -7 -1 -3 10 -10 -6 -9 -14
right_child=-2 8 3 -5 11 6 -8 12 9 -11 -12 -13 13 -15
leaf_value=0.002420925006657445 -0.0019792731579052879 0.0020051344961325704 0.00081961078343894829 0.010630293958087062 -0.011116454133688496 0.011064418384713164 -0.019767136221614644 -0.011299244183732682 0.02667912901338871 -0.0035457870946688213 0.0055407311564773598 0.0065275217709376302 0.008089504157200722 -0.0081163219809347927
leaf_weight=2031.9505238607526 13266.60428057611 3980.7665937095881 16291.918974336237 1191.3686020076275 1959.4021025300026 1616.4635230451822 199.27989363670349 1857.5583846569061 530.05516588687897 340.29511551558971 427.48065254092216 341.62142314761877 861.92692394554615 1365.4970735833049
leaf_count=8862 57695 19006 79623 5685 8319 6893 873 7814 3119 1968 2113 1509 3649 5812
internal_value=-5.53558e-05 0.000718563 4.48939e-06 0.00149384 -0.00253889 -0.000807045 0.00759089 -0.0033082 0.00446094 0.0119206 0.0173969 -0.00848003 -0.00615693 -0.00183717
internal_weight=46262.2 32995.6 27717 17483.3 10233.7 7932.68 1815.74 6116.93 5278.6 1297.83 957.536 2301.02 4084.98 2227.42
internal_count=212940 155245 129039 85308 43731 33903 7766 26137 26206 7200 5232 9828 17275 9461
is_linear=0
shrinkage=0.03


Tree=144
num_leaves=15
num_cat=0
split_feature=245 248 226 226 120 228 243 228 243 248 232 248 248 228
split_gain=89.024 131.586 111.125 137.87 118.076 113.127 145.99 194.957 133.052 197.939 143.66 134.13 182.725 176.055
threshold=-0.044388592243194573 0.37878787517547613 81.500000000000014 12.500000000000002 98.500000000000014 25.500000000000004 -0.021170376800000664 86.500000000000014 -0.048488155007362359 0.71212121844291698 16.500000000000004 0.74242421984672557 0.8636363446712495 3.5000000000000004
decision_type=2 2 10 8 10 8 2 10 2 2 10 2 2 10
left_child=1 -1 3 -3 5 8 7 -7 11 -10 -11 13 -13 -5
right_child=-2 2 -4 4 -6 6 -8 -9 9 10 -12 12 -14 -15
leaf_value=0.0062105495502675356 -0.0020588590316429913 0.0028252119669405903 0.0048280878453600667 -0.022772436333983199 0.0070382714603139619 0.0042931343884466903 -0.0069252944418167735 -0.030203191258700701 -0.0029449917685875834 0.0065532028947907712 -0.016200823863754061 0.017522627806327632 -0.0057561096927157733 -0.00069785973416038234
leaf_weight=3653.094023630023 13277.427581936121 7594.3404042609036 3987.2718624323606 376.09828148037195 1201.8036972284317 4562.6680490598083 1756.266619168222 142.45105481892824 3830.1855534240603 274.95243306457996 2274.5334617197514 723.31976416707039 511.07535967975855 2064.8266364559531
leaf_count=16316 57712 39916 19198 1782 6313 21028 7562 636 16317 1177 9494 3226 2322 9835
internal_value=1.41931e-05 0.000849842 0.000179578 -0.00055428 -0.00200357 -0.00266535 0.000431848 0.00318689 -0.00465408 -0.00727006 -0.0137309 -0.000105829 0.00791575 -0.00417815
internal_weight=46230.3 32952.9 29299.8 25312.5 17718.2 16516.4 6461.39 4705.12 10055 6379.67 2549.49 3675.32 1234.4 2440.92
internal_count=212834 155122 138806 119608 79692 73379 29226 21664 44153 26988 10671 17165 5548 11617
is_linear=0
shrinkage=0.03


Tree=145
num_leaves=15
num_cat=0
split_feature=238 230 231 230 231 249 231 243 226 249 243 231 249 231
split_gain=70.5607 95.7664 117.269 220.823 138.708 139.65 136.089 134.862 123.666 113.736 120.87 127.1 125.505 140.852
threshold=-0.096997927874326692 71.500000000000014 92.500000000000014 3.5000000000000004 97.500000000000014 0.67171716690063488 98.500000000000014 -0.055203881114721291 3.5000000000000004 0.90404042601585399 -0.048800015822052949 19.500000000000004 0.04545454494655133 22.500000000000004
decision_type=10 8 10 10 10 2 10 2 10 2 2 10 2 10
left_child=1 2 3 -1 -4 6 -6 -8 -9 10 12 -12 -5 -14
right_child=-2 -3 4 9 5 -7 7 8 -10 -11 11 -13 13 -15
leaf_value=0.0089428737004931345 -0.0012419990847393426 0.0051181579908770843 -0.01077788352815047 0.012823433819232405 0.015519451250082503 0.01415128742850566 -0.019889893609190735 -0.012559037340676192 0.016630885515663048 -0.026445615445777657 0.0044471309753027939 -0.0031764777274452117 -0.021432709562499739 0.0034967246241238946
leaf_weight=2811.0307257547975 21251.96181511879 4405.1640898659825 1725.1762233451009 1199.7833830341697 242.14252374321222 515.17808935046196 506.06576700136065 254.32431880384684 248.40878038853407 137.5395955145359 2546.6669455692172 8547.3789323866367 222.94765178859234 1630.3194218575954
leaf_count=15039 91742 22561 8652 5786 1398 3191 3121 1258 1245 590 11050 37961 1060 8201
internal_value=2.8486e-05 0.0011089 0.000248941 0.00127271 -0.0047534 0.00115897 -0.00426148 -0.00911523 0.00190725 -0.000241884 3.13717e-05 -0.00142403 0.00530733 0.000398787
internal_weight=46244.1 24992.1 20587 17095.7 3491.3 1766.12 1250.94 1008.8 502.733 14284.6 14147.1 11094 3053.05 1853.27
internal_count=212855 121113 98552 79687 18865 10213 7022 5624 2503 64648 64058 49011 15047 9261
is_linear=0
shrinkage=0.03


Tree=146
num_leaves=15
num_cat=0
split_feature=70 231 226 230 235 232 106 171 248 231 243 121 26 126
split_gain=82.1871 222.24 104.882 97.4835 91.5493 77.2885 100.955 86.9686 74.8102 71.8816 105.76 76.7772 80.0971 76.8111
threshold=9.5000000000000018 89.500000000000014 1.5000000000000002 61.500000000000007 8.5000000000000018 87.500000000000014 81.500000000000014 28.500000000000004 0.6414141356945039 13.500000000000002 -0.012452595867216585 83.500000000000014 4.5000000000000009 95.500000000000014
decision_type=8 10 10 10 10 10 10 8 2 8 2 8 10 10
left_child=1 4 -3 -4 -1 7 -7 -2 -8 10 -9 12 -11 -13
right_child=5 2 3 -5 -6 6 8 9 -10 11 -12 13 -14 -15
leaf_value=-0.0019610614288983201 -0.0031435130296579234 0.0024254592416703227 -0.018218694809099725 0.013058263168352045 0.0064147282223048427 0.0040613398961138174 -0.0029082241245886654 0.0080129785625468464 -0.030323230853543517 0.0096033813893956852 -0.0046851013443822949 0.00028764266651136851 -0.0026503430580255651 0.0084594172458043841
leaf_weight=1463.6267703659832 12011.38941924274 506.43005921691656 768.5671503841877 94.158733934164047 5854.0583953112364 4789.0041289404035 307.14962773770094 2084.3388057798147 117.94699643552303 492.6314405798912 814.38763138651848 4749.4281011521816 10844.461122497916 1314.0301546938717
leaf_count=6627 54166 3240 3794 459 27107 22532 1467 9137 591 2446 3521 22984 47804 6950
internal_value=3.46503e-05 0.00266243 -0.00839047 -0.0146946 0.00473908 -0.000574217 0.00281164 -0.00112131 -0.0110369 7.62216e-05 0.00444165 -0.000653141 -0.00210989 0.00206959
internal_weight=46211.6 8686.84 1369.16 862.726 7317.69 37524.8 5214.1 32310.7 425.097 20299.3 2898.73 17400.6 11337.1 6063.46
internal_count=212825 41227 7493 4253 33734 171598 24590 147008 2058 92842 12658 80184 50250 29934
is_linear=0
shrinkage=0.03


Tree=147
num_leaves=15
num_cat=0
split_feature=165 140 230 228 52 230 133 248 243 228 89 246 246 246
split_gain=75.0502 75.87 112.119 111.556 112.193 104.116 95.3536 92.5988 198.597 166.136 146.731 136.913 107.228 94.1997
threshold=5.5000000000000009 22.500000000000004 10.500000000000002 4.5000000000000009 12.500000000000002 3.5000000000000004 44.500000000000007 0.70202019810676586 -0.039094300940632813 22.500000000000004 1.0000000180025095e-35 0.032371418550610549 0.05546653829514981 0.0067677528131753215
decision_type=8 10 10 10 10 10 10 2 2 10 10 2 2 2
left_child=-1 2 3 4 5 -2 -5 12 11 10 -10 -9 13 -4
right_child=1 -3 7 6 -6 -7 -8 8 9 -11 -12 -13 -14 -15
leaf_value=-0.0050836763860929255 0.0029935730253701858 0.0013109890078682913 0.0093475182256023571 0.0077867538562692469 -0.016038191558402637 -0.01184813084838013 -0.0044272599879699864 0.0046635740869525513 0.0061920057917037221 -0.0028175660557788183 -0.031324481056248042 -0.019071267319955305 0.009964050147519719 -0.0037880268603786354
leaf_weight=2406.9661402404308 2076.1189591623843 27441.840605467558 524.91912032663822 2854.6411042585969 454.60370890796185 524.36227153986692 712.79196520894766 1052.5730451643467 106.56480074673891 458.07167159765959 626.1172713264823 265.4327450543642 648.27056404948235 6089.1761600002646
leaf_count=10856 12076 126697 2219 13850 2069 2428 3376 4591 462 1929 2589 1175 3074 25609
internal_value=6.28164e-05 0.000346501 -0.0012678 0.00174423 -0.0024592 -3.30378e-05 0.00534078 -0.00330894 -0.0082662 -0.0170918 -0.025858 -0.000223993 -0.00158747 -0.002733
internal_weight=46242.5 43835.5 16393.6 6622.52 3055.08 2600.48 3567.43 9771.13 2508.76 1190.75 732.682 1318.01 7262.37 6614.1
internal_count=213000 202144 75447 33799 16573 14504 17226 41648 10746 4980 3051 5766 30902 27828
is_linear=0
shrinkage=0.03


Tree=148
num_leaves=15
num_cat=0
split_feature=165 232 237 231 231 79 174 249 103 249 246 144 222 9
split_gain=80.3675 75.9772 78.1898 84.696 125.64 140.87 96.5608 94.1848 82.999 70.5268 96.5246 65.2852 64.9404 69.7717
threshold=17.500000000000004 83.500000000000014 0.19289400428533557 91.500000000000014 75.500000000000014 16.500000000000004 10.500000000000002 0.82323232293128978 3.5000000000000004 0.91414141654968273 0.049581121653318412 5.5000000000000009 21.500000000000004 32.500000000000007
decision_type=8 10 2 8 10 8 8 2 10 2 2 8 10 8
left_child=-1 2 3 4 5 12 7 8 -5 10 11 -7 13 -2
right_child=1 -3 -4 6 -6 9 -8 -9 -10 -11 -12 -13 -14 -15
leaf_value=-0.0028855782172285669 -0.0042223545176640212 0.003251092177799089 0.007937969311908025 0.0011307973091938665 0.0054082542871181916 0.0082131798189205296 -0.001995892234920056 0.013452539137172441 -0.022936705005791581 -0.028649860200375986 0.003955618685664854 -0.0026575359375931506 0.0088951489768851165 0.0070503435550886354
leaf_weight=7142.0665218606591 1062.7383589223027 7655.1886422783136 1047.4274834319949 166.24976254627109 3618.8228787779808 503.36625678092241 2747.8305173739791 93.859101034700871 551.22792104259133 76.552652284502983 2524.3458861894906 16266.187959961593 1764.2131301388144 906.46875546872616
leaf_count=32259 5001 36821 6215 1037 17399 2188 14172 536 2729 326 11826 69903 7987 4146
internal_value=3.77588e-05 0.000573925 -8.10589e-05 -0.00036096 0.000218699 -0.000596143 -0.00470154 -0.0137291 -0.017421 -0.00162499 -0.00150297 -0.00232653 0.00473199 0.000976117
internal_weight=46126.5 38984.5 31329.3 30281.9 26722.7 23103.9 3559.17 811.337 717.478 19370.5 19293.9 16769.6 3733.42 1969.21
internal_count=212545 180286 143465 137250 118776 101377 18474 4302 3766 84243 83917 72091 17134 9147
is_linear=0
shrinkage=0.03


Tree=149
num_leaves=15
num_cat=0
split_feature=245 231 228 248 222 226 134 231 231 249 228 148 248 231
split_gain=79.8184 93.2583 224.788 171.576 153.638 144.426 134.849 124.716 131.14 165.979 160.495 147.295 120.285 110.884
threshold=-0.20480131357908246 91.500000000000014 10.500000000000002 0.82323232293128978 11.500000000000002 4.5000000000000009 33.500000000000007 21.500000000000004 77.500000000000014 0.025252525694668296 23.500000000000004 10.500000000000002 0.71212121844291698 75.500000000000014
decision_type=2 10 8 2 10 8 10 10 10 2 10 10 2 10
left_child=-1 5 3 6 -5 7 -3 12 10 -10 -9 -11 -2 -7
right_child=1 2 -4 4 -6 13 -8 8 9 11 -12 -13 -14 -15
leaf_value=0.017697584056869862 0.0011263781019327842 -0.023824835335838731 0.0019939758284276922 0.0084566119361235374 -0.023950074144161525 -0.00090619518082173925 -0.0082062739917406567 0.016439506697796525 -0.02694327524738473 -0.017855128055794943 -0.01031130447416766 0.011658587281685936 -0.033299534930967947 0.0036979223496132548
leaf_weight=215.64530800655484 330.47337003052235 779.28923135995865 3124.6371452212334 667.04224424064159 153.52133276313543 31013.46473043412 1395.0484318360686 1659.5143485218287 162.73429830372334 185.5064512193203 222.76868295669556 683.24212066084146 115.91389505565166 5540.0441633984447
leaf_count=2592 1464 3553 15333 3857 761 136904 6840 8445 786 1009 1025 3850 512 26143
internal_value=-0.000101555 -0.000188761 -0.0036341 -0.00949308 0.0021782 0.000340254 -0.0138875 0.00628276 0.00854489 -6.01034e-05 0.0132358 0.00522497 -0.0083468 -0.000207575
internal_weight=46248.8 46033.2 6119.54 2994.9 820.564 39913.7 2174.34 3360.15 2913.77 1031.48 1882.28 868.749 446.387 36553.5
internal_count=213074 210482 30344 15011 4618 180138 10393 17091 15115 5645 9470 4859 1976 163047
is_linear=0
shrinkage=0.03


Tree=150
num_leaves=15
num_cat=0
split_feature=245 228 224 231 226 231 244 245 134 244 228 245 244 231
split_gain=77.3212 103.109 227.442 203.277 263.184 178.461 175.471 163.503 147.316 170.483 149.067 172.253 141.752 139.638
threshold=-0.045207045972347253 27.500000000000004 36.500000000000007 89.500000000000014 4.5000000000000009 19.500000000000004 0.0042124281171709308 -0.071516510099172578 51.500000000000007 0.033952677622437484 8.5000000000000018 -0.088009685277938829 0.0030931639485061173 76.500000000000014
decision_type=2 8 10 10 10 10 2 2 10 2 10 2 2 10
left_child=1 2 3 4 5 -1 -5 13 10 -10 11 -8 -6 -4
right_child=-2 -3 7 6 12 -7 8 -9 9 -11 -12 -13 -14 -15
leaf_value=-0.0090485979012261773 -0.0018106603912978695 0.0030656718786102222 -0.0060974731316341671 0.017338031871220055 -0.0080517600152817895 0.015224184813703336 -0.0082796552150858401 -0.012971472273941621 0.0098692345716351309 -0.0086729119663092342 0.0024615226468537089 -0.029892260970436679 0.002255030341047696 0.011612092905758431
leaf_weight=307.92771974205971 13935.513066589832 12000.554057396948 1275.9524665698409 285.8351878002286 1378.0650138556957 2029.3243370763958 785.48964681476355 1984.1588242352009 778.98781945556402 1017.4690943062305 436.92074893414974 579.16184215247631 8902.9747126400471 572.11806311458349
leaf_count=1414 60540 56109 5990 1451 5992 11138 4334 8337 4051 6248 2063 2450 40216 3002
internal_value=5.66377e-05 0.000861705 -0.000439857 0.00109011 0.00293729 0.0120014 -0.00490333 -0.0070138 -0.00671339 -0.000622458 -0.0127501 -0.0176028 0.000867032 -0.000582029
internal_weight=46270.5 32334.9 20334.4 16502.2 12618.3 2337.25 3883.86 3832.23 3598.03 1796.46 1801.57 1364.65 10281 1848.07
internal_count=213335 152795 96686 79357 58760 12552 20597 17329 19146 10299 8847 6784 46208 8992
is_linear=0
shrinkage=0.03


Tree=151
num_leaves=15
num_cat=0
split_feature=57 242 147 31 249 226 63 29 245 80 64 249 79 65
split_gain=73.196 92.9994 121.44 92.8481 91.6927 75.9683 75.2888 80.0318 99.5522 89.476 76.4359 80.9467 74.0827 70.4035
threshold=60.500000000000007 0.027582781389355663 82.500000000000014 66.500000000000014 0.66161617636680614 43.500000000000007 62.500000000000007 10.500000000000002 -0.044388592243194573 61.500000000000007 94.500000000000014 0.65151515603065502 21.500000000000004 81.500000000000014
decision_type=8 8 8 10 2 10 10 8 2 10 8 2 10 10
left_child=6 2 3 5 -5 13 10 9 -9 -8 11 -1 -7 -2
right_child=1 -3 -4 4 -6 12 7 8 -10 -11 -12 -13 -14 -15
leaf_value=-0.0012037695936242556 -0.0029609744662712299 0.0043408493088380028 -0.0068515618897788911 -0.0064890706002095639 0.0058273426587513982 0.012511136580723496 -0.0022620730411079125 0.004906698623288532 -0.0022682338805561256 -0.026784513535962017 -0.0094681186802878323 -0.010832941679929009 0.0032060481582750757 0.0047027394054158528
leaf_weight=14463.746636521071 2656.6177338697016 6341.0014009922743 2008.4540479853749 2190.496841467917 714.05538616329432 1083.7565529569983 2448.4802485071123 5125.2431566007435 2625.4374623596668 131.86899622529745 1232.459691286087 821.17325615882874 2638.885130353272 1801.8905981257558
leaf_count=63413 11579 33415 8968 9625 3716 4691 11602 23980 11464 576 5843 3790 11667 9117
internal_value=-4.00001e-05 0.00136183 -8.30096e-05 0.00114835 -0.0034516 0.00278369 -0.00105489 0.000953304 0.0024765 -0.00361386 -0.00231076 -0.00172784 0.00594126 0.000139882
internal_weight=46283.6 19435.2 13094.2 11085.7 2904.55 8181.15 26848.4 10331 7750.68 2580.35 16517.4 15284.9 3722.64 4458.51
internal_count=213446 92778 59363 50395 13341 37054 120668 47622 35444 12178 73046 67203 16358 20696
is_linear=0
shrinkage=0.03


Tree=152
num_leaves=15
num_cat=0
split_feature=149 237 232 124 106 248 224 222 8 209 244 171 231 226
split_gain=73.9368 67.4822 62.1044 82.8904 86.0997 75.5606 61.6706 75.3633 73.4653 57.9658 55.1854 51.9365 51.3757 98.2797
threshold=22.500000000000004 0.19289400428533557 87.500000000000014 20.500000000000004 81.500000000000014 0.65151515603065502 16.500000000000004 94.500000000000014 5.5000000000000009 48.500000000000007 0.0093514784239232557 26.500000000000004 19.500000000000004 81.500000000000014
decision_type=8 2 10 10 10 2 10 10 8 10 2 10 10 10
left_child=12 2 9 -4 6 -6 8 -8 -5 -2 -10 -11 13 -1
right_child=1 -3 3 4 5 -7 7 -9 10 11 -12 -13 -14 -15
leaf_value=-0.001253746902563218 0.00046725325172551716 0.0077037304259806186 -0.0062965640493792977 0.0088756035076218449 -0.00043493486553651783 -0.032850079982778446 0.0098378317963708981 -0.023964366097257807 0.0052856274038981755 -0.0070584593669866056 -0.0086073225587914894 -0.00042869035498904425 -0.003310038134890897 0.016019502467524468
leaf_weight=1437.2353816181421 25775.7021336779 1184.473665881902 674.88826441764832 754.27852635458112 205.4992998316884 84.658951111137867 2428.3943500891328 51.592616245150566 409.51401719078422 1856.350644916296 659.29044122248888 2475.2521207816899 7842.2536282464862 363.10345567762852
leaf_count=6210 118198 7081 2908 4625 990 414 11147 222 1907 8034 3207 10870 35702 1622
internal_value=7.39927e-05 0.000690409 0.000453471 0.00345517 0.00489857 -0.010672 0.00597081 0.00904121 0.00176753 -7.27326e-05 -0.00328457 -0.00327966 -0.00226144 0.00229927
internal_weight=46202.5 36559.9 35375.4 5268.12 4593.23 290.158 4303.07 2479.99 1823.08 30107.3 1068.8 4331.6 9642.59 1800.34
internal_count=213137 169603 162522 25420 22512 1404 21108 11369 9739 137102 5114 18904 43534 7832
is_linear=0
shrinkage=0.03


Tree=153
num_leaves=15
num_cat=0
split_feature=57 244 242 147 226 226 243 243 245 35 79 117 226 244
split_gain=73.473 86.0252 83.0772 87.5214 88.1227 113.095 93.6511 82.742 133.579 81.856 91.4547 81.3677 77.2018 75.5858
threshold=62.500000000000007 0.085680648684501662 0.027582781389355663 80.500000000000014 43.500000000000007 2.5000000000000004 -0.10160019248723982 -0.03927182033658027 -0.096477255225181566 9.5000000000000018 29.500000000000004 94.500000000000014 99.500000000000014 0.0551393460482359
decision_type=10 2 8 10 10 8 2 2 2 10 10 10 8 2
left_child=1 12 3 4 5 7 -7 8 -2 -6 -11 -8 -1 -10
right_child=2 -3 -4 -5 9 6 11 -9 13 10 -12 -13 -14 -15
leaf_value=-0.0010171953986370579 0.014860681466971202 0.0099921689997323013 0.0044033393877074261 -0.0056720008397098251 -0.0026468322819018391 -0.031349394533253291 -0.0044485531582227969 0.017720604070423814 -0.013531873556136565 0.013394476240239634 0.0029247243738528376 0.0062997951210782043 -0.0096833160434766936 0.016319331964115398
leaf_weight=26643.630737897009 374.17010816559196 608.84387123584747 5619.3510422222316 2029.884585365653 1104.7727940380573 95.258091360330582 3912.2652069032192 403.14348129928112 428.88639976084232 1183.2583528757095 2046.2700544670224 746.98342329263687 948.68446046859026 83.569686576724052
leaf_count=118819 2836 3724 29056 9102 4792 521 16763 1938 1954 5072 9168 3811 5238 415
internal_value=-0.000114806 -0.00107091 0.0013806 9.2708e-06 0.00112483 -0.00121585 -0.00335383 0.00663058 0.00144661 0.00438424 0.00679021 -0.00271555 -0.00131856 -0.00844465
internal_weight=46229 28201.2 18027.8 12408.5 10378.6 6044.28 4754.51 1289.77 886.626 4334.3 3229.53 4659.25 27592.3 512.456
internal_count=213209 127781 85428 56372 47270 28238 21095 7143 5205 19032 14240 20574 124057 2369
is_linear=0
shrinkage=0.03


Tree=154
num_leaves=15
num_cat=0
split_feature=190 70 232 106 222 144 246 120 189 147 230 120 244 144
split_gain=78.5479 76.6449 85.5652 82.8137 75.9141 109.435 92.3299 70.4829 117.043 80.3463 71.5536 63.5268 84.7143 82.5554
threshold=80.500000000000014 9.5000000000000018 87.500000000000014 81.500000000000014 40.500000000000007 87.500000000000014 0.03623712249100209 97.500000000000014 60.500000000000007 80.500000000000014 2.5000000000000004 56.500000000000007 0.094444546848535552 83.500000000000014
decision_type=10 8 8 10 10 10 2 10 10 10 10 10 2 10
left_child=1 4 7 11 5 6 -1 8 -3 -9 -11 12 13 -4
right_child=-2 2 3 -5 -6 -7 -8 9 -10 10 -12 -13 -14 -15
leaf_value=0.00051905266877827884 0.0039946997616507798 -0.0039318556875992724 -0.0052437999814974731 -0.010468194842898805 0.0083729439223125361 -0.0063806018320653954 0.0094853986395617689 0.0055049470943760934 0.00020505485833286226 -0.022723222034230849 -0.0006716511422442138 0.0064054766062230251 0.022062869128610798 0.0084816540351517894
leaf_weight=4075.9091545455158 3939.6385662257671 14998.809595230967 1588.5584558770061 408.46265614777803 1443.2240257412195 1479.0908068753779 1375.3513641394675 2206.1858946569264 10432.551947198808 164.95840051025152 547.51550599187613 2823.6398834213614 132.13158975541592 513.89817599207163
leaf_count=18425 18691 65017 7532 1982 6535 7701 7246 11820 46908 852 2755 14124 1001 2252
internal_value=-5.09031e-05 -0.00042953 -0.00106585 0.00236769 0.00213845 0.000829946 0.00279449 -0.00172853 -0.00223538 0.00268038 -0.00602108 0.00342282 -0.000357824 -0.00186465
internal_weight=46129.9 42190.3 33816.7 5466.69 8373.58 6930.35 5451.26 28350 25431.4 2918.66 712.474 5058.23 2234.59 2102.46
internal_count=212841 194150 154243 26891 39907 33372 25671 127352 111925 15427 3607 24909 10785 9784
is_linear=0
shrinkage=0.03


Tree=155
num_leaves=15
num_cat=0
split_feature=57 242 226 249 31 230 78 249 119 248 76 226 230 226
split_gain=69.7651 96.0443 70.9489 85.853 80.1315 68.179 66.4112 110.22 81.4846 99.212 172.742 124.848 121.28 98.576
threshold=70.500000000000014 0.024992358870804313 81.500000000000014 0.7525252401828767 67.500000000000014 3.5000000000000004 8.5000000000000018 0.7222222387790681 49.500000000000007 0.7222222387790681 80.500000000000014 49.500000000000007 80.500000000000014 99.500000000000014
decision_type=8 8 10 2 8 8 10 2 10 2 10 8 10 10
left_child=6 2 3 4 -2 -3 7 -1 9 11 -11 -8 -13 -10
right_child=1 5 -4 -5 -6 -7 8 -9 13 10 -12 12 -14 -15
leaf_value=-0.0024457353091811812 -0.00056444305150103291 0.011832527031208894 0.006073348622046699 0.0097288161346176464 -0.008226921153357547 0.0032285794621506052 0.0029497754489836545 -0.020198706295287194 0.0012298558409411186 -0.013205334285794387 0.013030308166603726 -0.0069638464917247175 0.00202930578526742 -0.016020427515085582
leaf_weight=1544.6734015420079 5078.1501021385193 970.02540327981114 1316.7819386050105 558.13790147006512 1610.919633410871 5483.9015828147531 3980.0853565037251 386.48018737509847 17310.680325992405 1406.3259284347296 260.4009272903204 3946.3809088096023 2042.6631392464042 293.39271012693644
leaf_count=7407 22573 6426 6115 2971 7148 27486 16776 1944 80443 5854 1134 16650 8771 1463
internal_value=9.84146e-05 0.00177748 -0.000305789 -0.00147162 -0.00241931 0.00453806 -0.000710854 -0.00608438 -0.000354 -0.0023009 -0.00905314 -0.00116406 -0.00389831 0.000933427
internal_weight=46189 15017.9 8563.99 7247.21 6689.07 6453.93 31171.1 1931.15 29239.9 11635.9 1666.73 9969.13 5989.04 17604.1
internal_count=213161 72719 38807 32692 29721 33912 140442 9351 131091 49185 6988 42197 25421 81906
is_linear=0
shrinkage=0.03


Tree=156
num_leaves=15
num_cat=0
split_feature=245 101 244 230 233 245 243 248 104 120 244 37 226 248
split_gain=69.0473 74.6908 93.9096 77.5042 73.7214 70.0408 153.279 131.033 121.893 115.417 135.816 115.848 111.909 182.968
threshold=-0.20480131357908246 3.5000000000000004 0.020103662274777893 17.500000000000004 36.500000000000007 -0.071516510099172578 -0.054462255910038941 0.58080807328224193 41.500000000000007 24.500000000000004 0.024056177586317066 8.5000000000000018 70.500000000000014 0.68181815743446361
decision_type=2 8 2 8 10 2 2 2 8 10 2 10 10 2
left_child=-1 2 4 -4 -2 7 8 -3 -7 11 12 -9 -11 -14
right_child=1 5 3 -5 -6 6 -8 9 -10 10 -12 -13 13 -15
leaf_value=0.016751311206136561 -0.006770665583400377 0.0084721483170030146 -0.015791933541890426 -0.00092846967009647236 0.0022548793109934255 -0.019238740997306658 3.3785934029989877e-05 -0.021145560138554585 0.00014244465950927269 0.002405912183970728 -0.0050202255659872862 -0.001063046926820017 -0.0028331743340902198 0.024481548761547019
leaf_weight=211.29703313112259 1257.5208889245987 2458.5096587464213 840.74850141257048 504.15986536443233 2269.79738278687 672.45616231113672 28189.350943267345 395.46819631755352 510.27233932167292 5309.221036337316 1921.8673827573657 716.46272975206375 361.16591906547546 549.97827717661858
leaf_count=2595 5557 13611 4258 2380 10439 2943 123186 1803 2373 25713 10164 3158 1769 3108
internal_value=3.41031e-05 -4.63853e-05 -0.00355445 -0.0102681 -0.000972853 0.000370399 -0.000411909 0.00233088 -0.0109459 0.000691979 0.00193281 -0.00833038 0.00408566 0.0137411
internal_weight=46168.3 45957 4872.23 1344.91 3527.32 41084.8 29372.1 11712.7 1182.73 9254.16 8142.23 1111.93 6220.37 911.144
internal_count=213057 210462 22634 6638 15996 187828 128502 59326 5316 45715 40754 4961 30590 4877
is_linear=0
shrinkage=0.03


Tree=157
num_leaves=15
num_cat=0
split_feature=231 228 248 246 229 126 222 165 222 248 242 248 224 246
split_gain=66.5567 170.215 191.517 163.541 149.426 181.351 119.435 119.188 100.123 129.508 100.073 91.29 89.0688 83.4021
threshold=91.500000000000014 11.500000000000002 0.82323232293128978 0.039617974311113364 5.5000000000000009 44.500000000000007 11.500000000000002 37.500000000000007 86.500000000000014 0.6414141356945039 0.02920896373689175 0.63131311535835277 16.500000000000004 0.058332994580268867
decision_type=10 8 2 2 8 10 10 10 10 2 10 2 10 2
left_child=4 2 3 10 5 -1 -4 -8 11 -10 -2 -3 -5 -13
right_child=1 8 6 12 -6 -7 7 -9 9 -11 -12 13 -14 -15
leaf_value=-0.0033775515550245275 -0.024783673994711323 0.00097569178121116639 0.0097642295247269209 -0.007044718053991217 -0.0002850956114081225 0.0098409575388468378 0.023168648612072976 -0.031671206527728729 -0.001268625751832058 -0.033567966507880173 -0.0014377112921959089 0.01902410745832598 0.021775509750561747 -0.0040915158881268607
leaf_weight=1364.3935697451234 892.50626504421234 1516.4551327452064 707.04058033972979 1240.7454404346645 35554.120879851282 2923.681972771883 40.219111599028111 125.90143074095249 568.4433619081974 129.3201300650835 203.85120959207416 587.40652324259281 94.910062775015831 179.57769899815321
leaf_count=6225 3916 7160 4381 6913 158479 15817 256 589 2734 711 1205 3139 471 998
internal_value=-9.93439e-05 -0.0029656 -0.0076439 -0.011958 0.000353531 0.00563698 0.00437145 -0.0178324 0.0022293 -0.00764453 -0.0204951 0.00526668 -0.00485019 0.0136289
internal_weight=46128.6 6286.38 3305.17 2432.01 39842.2 4288.08 873.161 166.121 2981.2 697.763 1096.36 2283.44 1335.66 766.984
internal_count=212994 32473 17731 12505 180521 22042 5226 845 14742 3445 5121 11297 7384 4137
is_linear=0
shrinkage=0.03


Tree=158
num_leaves=15
num_cat=0
split_feature=245 244 231 243 224 224 246 231 231 228 246 143 244 226
split_gain=76.1176 121.257 137.874 122.91 107.493 166.573 107.727 94.1102 138.449 90.7228 92.8121 90.1499 75.3711 93.4207
threshold=-0.11046205461025237 0.023270424455404285 22.500000000000004 -0.043094335123896592 2.5000000000000004 16.500000000000004 0.050614811480045326 95.500000000000014 99.500000000000014 6.5000000000000009 0.10767165571451189 10.500000000000002 0.1067665070295334 99.500000000000014
decision_type=2 2 10 2 10 10 2 8 8 10 2 8 2 8
left_child=1 2 -1 4 7 6 -6 -3 -9 -8 -11 -4 13 -2
right_child=12 3 11 -5 5 -7 9 8 -10 10 -12 -13 -14 -15
leaf_value=-0.013100140187219547 -0.00019537431746760164 0.021407259505029884 -0.011470153152455937 0.021838704251178474 -0.043730489676564489 0.0033254822219076188 0.0026502069077158582 -0.029064798589024429 0.010265787197205173 0.0042287055181180373 -0.048575765671411225 0.013853646062521922 0.012354678449135643 -0.0084156252562992053
leaf_weight=214.7721321284771 41037.847227074206 190.20125215500593 129.71077157557011 158.96036864072084 156.08343503624201 341.47183818370104 157.86511917412281 119.24613205343485 204.75392812117934 43.070195995271206 78.304597087204456 1626.8839289098978 408.16608085483313 1273.1999733224511
leaf_count=1127 181954 1549 624 1163 752 2048 974 840 2029 264 439 10333 2384 6565
internal_value=2.57184e-05 0.00432464 0.00915013 -0.00225385 -0.00536542 -0.0123466 -0.0244386 0.0052153 -0.00464639 -0.0125161 -0.0309424 0.0119293 -0.000319508 -0.000444664
internal_weight=46140.5 3421.32 1971.37 1449.96 1291 776.795 435.323 514.201 324 279.24 121.375 1756.59 42719.2 42311
internal_count=213045 22142 12084 10058 8895 4477 2429 4418 2869 1677 703 10957 190903 188519
is_linear=0
shrinkage=0.03


Tree=159
num_leaves=15
num_cat=0
split_feature=209 148 140 241 111 139 78 120 230 136 140 10 34 63
split_gain=65.5653 72.9898 131.048 125.457 85.1273 84.141 89.782 81.8045 68.3521 64.4592 63.1318 72.5664 91.4299 71.0128
threshold=51.500000000000007 12.500000000000002 87.500000000000014 -1.4065536856651304 24.500000000000004 42.500000000000007 32.500000000000007 90.500000000000014 80.500000000000014 11.500000000000002 22.500000000000004 8.5000000000000018 23.500000000000004 40.500000000000007
decision_type=10 8 8 10 10 8 10 10 10 10 10 10 10 10
left_child=1 2 -1 -4 -5 10 -7 -8 9 -2 11 12 -3 -12
right_child=8 5 3 4 -6 6 7 -9 -10 -11 13 -13 -14 -15
leaf_value=-0.00098590154401311534 0.00085514080849457739 -0.00027638312419599919 0.00076696984563324002 -0.034148445393211997 -0.0025306896718436879 0.0024373278818425933 -0.0027416323399118451 0.0076123466652466909 0.004308477016985726 -0.0064339448648413093 0.00030957488325627196 -0.001685283098576676 0.011162903883247977 0.0060365159397724804
leaf_weight=5529.1427968852222 1563.936181075871 1485.1506278924644 267.8107806481421 281.51971964538097 106.26612774282694 6294.1867762058973 10278.545426256955 726.33097856491804 1001.4583530500531 3591.219164930284 2832.6035007871687 4758.119509473443 1080.0044420138001 6242.3395267091691
leaf_count=26219 7280 7374 1665 1236 502 29703 44450 3506 4692 15116 13197 21523 5196 31009
internal_value=4.64909e-05 0.000491504 -0.00250166 -0.0150784 -0.0257656 0.00104144 -0.000418095 -0.00205197 -0.00283239 -0.00422526 0.00258048 0.000507106 0.00456453 0.00425125
internal_weight=46038.6 39882 6184.74 655.597 387.786 33697.3 17299.1 11004.9 6156.61 5155.16 16398.2 7323.27 2565.16 9074.94
internal_count=212668 185580 29622 3403 1738 155958 77659 47956 27088 22396 78299 34093 12570 44206
is_linear=0
shrinkage=0.03


Tree=160
num_leaves=15
num_cat=0
split_feature=242 76 231 244 248 104 193 245 230 229 231 245 242 229
split_gain=73.2933 73.8507 77.5981 123.427 93.2123 77.9472 73.5425 94.8432 107.668 189.352 154.885 100.557 100.083 91.1968
threshold=0.010348482988774778 91.500000000000014 68.500000000000014 0.059121590107679374 0.54040405154228222 15.500000000000002 74.500000000000014 -0.11046205461025237 71.500000000000014 35.500000000000007 92.500000000000014 -0.069602288305759416 0.019735644571483139 59.500000000000007
decision_type=8 10 10 2 2 10 10 2 10 8 10 2 10 10
left_child=-1 6 4 -4 -3 -6 -2 -8 9 10 12 -10 -9 -11
right_child=1 2 3 -5 5 -7 7 8 11 13 -12 -13 -14 -15
leaf_value=-0.012720339805320894 -0.0010719716574283081 0.0016954155191775534 -0.0040447428724944435 0.013879926393747126 0.0049124458871685015 0.019413255796319306 0.014642013825425619 -0.00091415164545864344 0.016488890196755118 -0.011034131462013782 -0.015505149766391965 0.0030397260809139326 0.0099986917208161573 0.0027199073907900593
leaf_weight=396.52046770602465 30877.410067830235 1577.5975829809904 1854.0410899780691 414.49594912678003 655.08029741421342 689.49603210389614 490.6414493471384 1305.6645949557424 602.91154328733683 1803.7068011835217 345.9806415438652 2764.1418456435204 1782.7492085248232 565.77621003240347
leaf_count=1717 140436 7347 10193 2890 3305 3327 3034 5426 3255 7710 1520 12425 7963 2539
internal_value=-3.82619e-05 7.44609e-05 0.00344005 -0.000723093 0.00666342 0.0124369 -0.00035722 0.0019258 0.00123028 -0.00124594 0.0032525 0.00548966 0.00539709 -0.00775237
internal_weight=46126.2 45729.7 5190.71 2268.54 2922.17 1344.58 40539 9661.57 9170.93 5803.88 3434.39 3367.05 3088.41 2369.48
internal_count=213087 211370 27062 13083 13979 6632 184308 43872 40838 25158 14909 15680 13389 10249
is_linear=0
shrinkage=0.03


Tree=161
num_leaves=15
num_cat=0
split_feature=245 149 245 190 228 230 244 245 151 231 228 231 228 244
split_gain=74.3787 69.1146 71.1833 71.0597 71.1543 81.3928 69.7113 136.473 62.1898 68.623 127.346 55.796 213.812 128.353
threshold=-0.20480131357908246 28.500000000000004 -0.15719281136989591 90.500000000000014 93.500000000000014 62.500000000000007 0.062404816970229156 -0.18081667274236676 4.5000000000000009 67.500000000000014 1.5000000000000002 92.500000000000014 6.5000000000000009 0.04194495081901551
decision_type=2 8 2 10 10 8 2 2 10 10 8 8 8 2
left_child=-1 2 -2 4 6 -6 8 -8 9 -3 -11 -10 -13 -14
right_child=1 3 -4 -5 5 -7 7 -9 11 10 -12 12 13 -15
leaf_value=0.017358492072856155 -0.0258990153681798 -0.0058295899855079041 -0.0017377567369147851 0.0066628683984268104 -0.030544458468795953 -0.0042792756727470091 -0.034527531851234597 0.010239862516098959 0.0012859792024722371 -0.020164910439210055 0.0083492769212196449 -0.011994097722130351 0.0090617200991814206 -0.014868856284494801
leaf_weight=212.6921132132411 100.81790187209845 2671.0131356790662 12063.022582702339 1685.6005246117711 115.23975355923176 731.45326539874077 55.224064372479916 1094.8467264845967 23750.353943057358 160.54787393659353 807.48506341874599 1294.1802361086011 1147.0264786034822 234.92389212548733
leaf_count=2657 589 12032 54237 8299 484 3397 315 6470 106709 875 3937 6404 5607 1140
internal_value=6.26254e-05 -2.12625e-05 -0.00195912 0.000677579 0.000360937 -0.00816893 0.000594843 0.00781112 0.0003163 -0.00335509 0.00346238 0.000822945 -0.00327592 0.00491606
internal_weight=46124.4 45911.7 12163.8 33747.9 32062.3 846.693 31215.6 1150.07 30065.5 3639.05 968.033 26426.5 2676.13 1381.95
internal_count=213152 210495 54826 155669 147370 3881 143489 6785 136704 16844 4812 119860 13151 6747
is_linear=0
shrinkage=0.03


Tree=162
num_leaves=15
num_cat=0
split_feature=242 243 193 249 226 222 242 226 233 46 248 243 222 248
split_gain=62.5578 64.6158 74.6294 73.5473 117.996 135.813 113.28 79.8417 79.5519 68.298 85.9694 65.4328 62.1183 59.8162
threshold=0.010348482988774778 -0.0086065828800201399 73.500000000000014 0.085858587175607695 61.500000000000007 19.500000000000004 0.020660593174397949 98.500000000000014 11.500000000000002 51.500000000000007 0.67171716690063488 -0.028499987907707688 1.5000000000000002 0.53030303120613109
decision_type=8 2 8 2 8 8 10 10 10 8 2 2 10 2
left_child=-1 2 -2 8 6 -6 9 11 -4 -5 -11 -7 -12 -13
right_child=1 -3 3 4 5 7 -8 -9 -10 10 12 13 -14 -15
leaf_value=-0.011738746729551724 -0.00054555938914315415 -0.0035574590617261093 -0.0060098785060144835 0.00092376728610958604 0.019509247296381038 0.013267349041428631 0.0036662946506894898 -0.0068248784299488469 0.0014184259258750202 -0.0031734828648813797 0.0059743285360272028 0.0019416882732888469 -0.027371058530146829 0.019436162886832635
leaf_weight=389.57493691146374 24444.711046040058 3799.230691306293 1630.6286098882556 739.24978322535753 709.03790039569139 959.63875041902065 3944.2195816002786 431.27073402702808 6194.3672930933535 495.04395505785942 55.833770237863064 1763.0622118413448 310.80450785160065 185.81792414188385
leaf_count=1688 113471 16730 7216 3255 3722 5468 19200 2277 26967 2087 254 8243 1306 950
internal_value=8.00223e-05 0.000183403 0.000523663 0.0020236 0.00378268 0.00766958 0.000935937 0.00510528 -0.000135232 -0.00577185 -0.0114608 0.00689158 -0.0222692 0.00370042
internal_weight=46052.5 45662.9 41863.7 17419 9593.98 4048.83 5545.15 3339.79 7825 1600.93 861.682 2908.52 366.638 1948.88
internal_count=212834 211146 194416 80945 46762 20660 26102 16938 34183 6902 3647 14661 1560 9193
is_linear=0
shrinkage=0.03


Tree=163
num_leaves=15
num_cat=0
split_feature=57 231 137 224 229 228 230 63 66 178 137 139 10 224
split_gain=71.7978 87.846 143.028 94.2075 88.9316 73.91 69.328 66.4427 63.2126 75.8484 113.203 65.5883 59.0778 59.0454
threshold=70.500000000000014 88.500000000000014 22.500000000000004 13.500000000000002 5.5000000000000009 1.0000000180025095e-35 70.500000000000014 63.500000000000007 21.500000000000004 8.5000000000000018 90.500000000000014 66.500000000000014 79.500000000000014 67.500000000000014
decision_type=10 10 8 10 8 10 8 10 10 8 10 10 10 10
left_child=7 4 3 5 -2 -3 -6 12 11 10 13 -9 -1 -10
right_child=1 2 -4 -5 6 -7 -8 8 9 -11 -12 -13 -14 -15
leaf_value=-0.0010571239411247084 0.0090404205647978773 0.006539849060649046 0.0014025957387121912 0.0037919404591119713 0.00030055234194861303 -0.023793478066604569 0.0060635144282935585 -0.0014987821540860492 -0.0024111891759733312 0.0031686797068528377 -0.021871505918129922 -0.017932527865488282 -0.0051754738042281935 0.012645067296503819
leaf_weight=16174.164111051708 1768.2410783432424 79.505190886557102 1850.7147828824818 202.62147183343768 7453.1154644116759 513.5582967735827 2502.4014053195715 873.33517315983772 2028.0273397155106 7944.1421766169369 242.05128183960915 282.50041599571705 3881.0985975749791 254.91423261910677
leaf_count=73065 9626 569 10295 984 33225 2497 11767 3820 9691 36806 1195 1191 17021 1211
internal_value=-1.28467e-05 0.00174527 -0.0031832 -0.0137345 0.00285953 -0.019686 0.00175375 -0.000810627 0.000993383 0.00172984 -0.00279171 -0.00563476 -0.00185629 -0.000682185
internal_weight=46050.4 14370.2 2646.4 795.685 11723.8 593.063 9955.52 31680.2 11625 10469.1 2524.99 1155.84 20055.3 2282.94
internal_count=212963 68963 14345 4050 54618 3066 44992 144000 53914 48903 12097 5011 90086 10902
is_linear=0
shrinkage=0.03


Tree=164
num_leaves=15
num_cat=0
split_feature=245 230 230 193 237 120 77 79 10 66 51 120 229 230
split_gain=79.5469 84.0893 100.099 92.0814 87.2798 83.3076 79.2243 75.7903 70.3303 60.3609 60.198 60.0187 65.9084 108.105
threshold=-0.043979879468679421 80.500000000000014 78.500000000000014 76.500000000000014 0.030757471919059757 17.500000000000004 1.5000000000000002 19.500000000000004 60.500000000000007 15.500000000000002 55.500000000000007 42.500000000000007 44.500000000000007 39.500000000000007
decision_type=2 8 10 8 2 8 10 10 10 10 8 10 10 8
left_child=1 2 6 7 8 -2 -1 -3 -4 -9 -5 12 -8 -14
right_child=5 3 4 10 -6 -7 11 9 -10 -11 -12 -13 13 -15
leaf_value=-0.0070187136718368615 0.0030996702399003293 0.016739451922366064 0.0029820048578652527 0.013984709708172395 0.0075167423512096732 -0.003055878647535276 -0.0034788020285657717 -0.012102917359489008 -0.029606193165475955 0.00073777979605803843 0.00471332128641796 0.001683606012331459 0.02631905208845127 0.00085761336213230799
leaf_weight=1211.6201456524432 2419.6809235662222 197.96076646074653 75.951907619833946 988.67263225466013 119.51931844651699 10680.373920604587 4968.0925959795713 425.85137094557285 240.56129917502403 1345.7717938572168 1755.5953704975545 19126.415350537747 150.55985124409199 2312.1767234429717
leaf_count=6264 10232 1098 315 5095 562 46720 21059 1944 1009 6468 9762 91929 626 9791
internal_value=5.89246e-05 0.00084575 0.000225243 0.00455016 -0.0138741 -0.0019174 0.000451548 -0.000400924 -0.0219344 -0.00239939 0.00809216 0.000794877 -0.00149183 0.00251435
internal_weight=46018.8 32918.7 28204.9 4713.85 436.033 13100.1 27768.9 1969.58 316.513 1771.62 2744.27 26557.2 7430.83 2462.74
internal_count=212874 155922 131555 24367 1886 56952 129669 9510 1324 8412 14857 123405 31476 10417
is_linear=0
shrinkage=0.03


Tree=165
num_leaves=15
num_cat=0
split_feature=245 244 231 248 248 248 248 226 226 231 143 245 248 235
split_gain=67.9904 115.275 137.358 102.655 104.293 93.1056 80.1729 77.3447 97.527 120.499 92.867 68.082 83.2769 67.2965
threshold=-0.11046205461025237 0.024262364953756336 22.500000000000004 0.78282830119133007 0.57070705294609081 0.95454546809196483 0.63131311535835277 54.500000000000007 9.5000000000000018 65.500000000000014 25.500000000000004 -0.11782952025532721 0.85353535413742077 28.500000000000004
decision_type=2 2 10 2 2 2 2 8 10 10 10 2 2 8
left_child=1 2 6 4 -3 -5 -1 8 -4 11 -11 -10 -13 -6
right_child=-2 3 7 5 13 -7 -8 -9 9 10 -12 12 -14 -15
leaf_value=0.01151541734923355 -0.00036928925465591774 0.0062161094376139052 0.016356648227011505 0.015978552026695663 -0.024393159094051254 -0.01770887756028694 -0.025977708768003396 0.028016007890137008 0.017910643547267895 -0.032656496294855744 -0.00062874785876809172 0.020924883502311861 -0.026963852783299415 -0.0049807321466381962
leaf_weight=69.934699378907681 42710.263379782438 303.10209128260612 788.24457898363471 352.72478508204222 322.74556418508291 83.878182128071785 143.96686597168446 209.45106337964535 354.69045004248619 112.40887656807899 244.89757650345564 45.796345300972462 70.383172377943993 323.36016934737563
leaf_count=464 191000 2321 5772 2764 2029 394 663 1398 1909 465 1416 223 314 2180
internal_value=-4.27745e-05 0.00401744 0.0085374 -0.00264898 -0.00816384 0.00925507 -0.0137526 0.0112094 0.00887275 0.00163954 -0.0113195 0.011504 -0.00792449 -0.0149017
internal_weight=46135.8 3425.58 2039.77 1385.81 949.208 436.603 213.902 1825.87 1616.42 828.176 357.306 470.87 116.18 646.106
internal_count=213312 22312 12624 9688 6530 3158 1127 11497 10099 4327 1881 2446 537 4209
is_linear=0
shrinkage=0.03


Tree=166
num_leaves=15
num_cat=0
split_feature=245 228 246 231 226 244 245 149 246 245 226 244 76 244
split_gain=67.9133 113.814 126.06 149.754 117.907 102.938 96.7933 92.0682 95.8599 91.4281 169.81 139.359 91.2208 88.9922
threshold=-0.075686518102884279 27.500000000000004 0.03707146272063256 78.500000000000014 92.500000000000014 0.0030931639485061173 -0.064935114234685884 42.500000000000007 0.038858961313962943 -0.079050879925489412 31.500000000000004 0.0046935128048062333 86.500000000000014 0.12332759425044061
decision_type=2 10 2 10 8 2 2 10 2 2 10 2 8 2
left_child=1 9 3 5 7 -3 -2 -4 -9 12 -11 -12 13 -1
right_child=6 2 4 -5 -6 -7 -8 8 -10 10 11 -13 -14 -15
leaf_value=-0.00166661458016513 -0.0041134222973198313 -0.021383505801098289 -0.0075600157727297567 0.028314496402856468 -0.018552294527859177 0.0099334179467164621 0.00011609107665963887 -0.022157752064199832 0.020666286101226734 0.019938089043611634 -0.038375280723972949 0.0036646878534644534 0.0046839171083143793 -0.031152816121442946
leaf_weight=7001.6361544691026 5923.221025750041 94.262398757040501 275.41116761416197 405.86004629731178 245.10166873782873 1057.8908478096128 27166.224349297583 46.2251006513834 329.32821691036224 556.47287481278181 80.295647710561752 325.04933109134436 2413.970859002322 83.396936424076557
leaf_count=34874 26154 428 1489 2608 1423 5001 118614 231 1926 2677 336 1451 15097 538
internal_value=7.81098e-05 0.00192227 0.00772279 0.0128527 -0.00124009 0.0072093 -0.000642033 0.00546038 0.0149573 0.000555403 0.00931977 -0.00538653 -0.000340897 -0.00205711
internal_weight=46004.3 12914.9 2454.08 1558.01 896.066 1152.15 33089.4 650.964 375.553 10460.8 961.818 405.345 9499 7085.03
internal_count=212847 68079 13106 8037 5069 5429 144768 3646 2157 54973 4464 1787 50509 35412
is_linear=0
shrinkage=0.03


Tree=167
num_leaves=15
num_cat=0
split_feature=245 63 64 245 52 80 61 146 77 46 189 77 61 229
split_gain=68.1454 68.2505 64.9869 61.0427 92.7327 114.476 61.7411 63.8161 71.8697 57.8162 54.6758 53.1655 51.6544 62.4902
threshold=-0.20480131357908246 67.500000000000014 92.500000000000014 -0.041651749983429902 31.500000000000004 66.500000000000014 35.500000000000007 98.500000000000014 22.500000000000004 2.5000000000000004 90.500000000000014 1.5000000000000002 83.500000000000014 91.500000000000014
decision_type=2 10 10 2 10 10 10 10 10 10 10 8 10 10
left_child=-1 2 11 4 5 6 7 -3 -9 -10 12 -2 -4 -14
right_child=1 3 10 -5 -6 -7 -8 8 9 -11 -12 -13 13 -15
leaf_value=0.016827672233209318 -0.0068580184695972825 0.0039560462858545193 -0.0013633818889119366 -0.0014156418979523132 0.0056728244877836146 -0.026859499354181391 -0.0052877481450830707 0.0017373546640660584 -0.030388784210201334 0.0077024628902508923 0.0062262966861056949 -7.5228282536764972e-05 -0.014542190948556426 0.0036997228885443973
leaf_weight=209.88501464203 1070.6621338054538 3560.0045713931322 759.84361712634563 3962.5095069408417 5470.9939250946045 127.98246082663536 1146.6941571831703 291.77364407479763 142.72713255137205 42.299972116947174 295.04355205595493 27683.677095979452 968.45167069882154 200.0005782097578
leaf_count=2663 4960 17401 3340 17489 26352 560 5206 1732 736 207 1382 125197 4329 988
internal_value=0.00016671 8.65666e-05 -0.000713081 0.00176589 0.00293531 0.000110231 0.000826558 0.00257216 -0.00762954 -0.0217321 -0.00564275 -0.000330081 -0.00748156 -0.0114149
internal_weight=45932.5 45722.7 30977.7 14745 10782.5 5311.48 5183.5 4036.81 476.801 185.027 2223.34 28754.3 1928.3 1168.45
internal_count=212542 209879 140196 69683 52194 25842 25282 20076 2675 943 10039 130157 8657 5317
is_linear=0
shrinkage=0.03


Tree=168
num_leaves=15
num_cat=0
split_feature=242 57 242 226 142 178 137 240 246 111 64 226 222 56
split_gain=63.5921 57.3936 65.5574 64.4185 73.29 61.2576 119.306 98.4716 85.5483 88.9465 84.0299 82.4957 68.0356 62.3266
threshold=0.010348482988774778 70.500000000000014 0.025081661529839042 81.500000000000014 39.500000000000007 11.500000000000002 90.500000000000014 -0.042325025424361222 0.13402896374464038 12.500000000000002 41.500000000000007 49.500000000000007 42.500000000000007 40.500000000000007
decision_type=8 10 8 10 10 8 10 10 2 10 8 10 10 10
left_child=-1 5 3 -3 -5 6 8 -8 9 -2 11 -7 -9 -11
right_child=1 2 -4 4 -6 10 7 12 -10 13 -12 -13 -14 -15
leaf_value=-0.011821051463814717 0.0029430104606872681 -0.0010948976059200484 0.0041681050832893876 0.01871903933641849 0.0021057336266197312 0.0051429421772295984 0.0060210590744080332 -0.036827445634657723 -0.019456766839544535 -0.00069755779585862598 -0.00091467091394263546 -0.0023024332021424712 -0.0074386036996031239 -0.0089896347675286602
leaf_weight=391.57805061340332 2495.4485535174608 7045.0184256285429 5893.8637439906597 307.01784980297089 983.94308345764875 4713.5449449457228 107.66414686664939 199.93468373268843 233.98335991054773 1752.384690143168 18401.304300826043 1862.6915513426065 116.23527016490698 1519.4241385161877
leaf_count=1695 12430 31870 30460 1286 4731 20888 718 976 1282 7817 83477 8055 569 6686
internal_value=6.49662e-05 0.000169529 0.00174936 3.62721e-05 0.00617025 -0.000546689 -0.00315673 -0.0183524 -0.0020548 -0.00131633 0.000125698 0.00303378 -0.0265824 -0.00456405
internal_weight=46024 45632.5 14229.8 8335.98 1290.96 31402.6 6425.07 423.834 6001.24 5767.26 24977.5 6576.24 316.17 3271.81
internal_count=212940 211245 68347 37887 6017 142898 30478 2263 28215 26933 112420 28943 1545 14503
is_linear=0
shrinkage=0.03


Tree=169
num_leaves=15
num_cat=0
split_feature=238 228 192 121 66 230 122 228 249 228 70 63 242 22
split_gain=60.707 63.8789 75.6582 55.0987 51.5454 83.0796 92.804 103.978 90.1953 187.694 108.166 86.6696 81.5626 76.6432
threshold=-0.28176991641521448 4.5000000000000009 1.0000000180025095e-35 61.500000000000007 15.500000000000002 71.500000000000014 41.500000000000007 59.500000000000007 0.015151515137404205 29.500000000000004 83.500000000000014 42.500000000000007 0.024276302196085457 57.500000000000007
decision_type=10 10 8 10 10 8 10 10 2 10 10 10 10 10
left_child=1 -1 3 -3 13 6 7 -6 9 -7 -10 -9 -8 -2
right_child=4 2 -4 -5 5 8 12 11 10 -11 -12 -13 -14 -15
leaf_value=0.018327888395738276 -0.0007103916359483684 -0.042301857447617865 0.0088480178379653114 -0.0018302009157952083 0.0034354138510030593 -0.028504849146812315 -0.0031301420532166887 -0.017037394291132747 0.0056699243308363382 0.0072340919453095292 -0.0021295758929099863 0.00072144708107467655 0.00083287465499275073 -0.0075294849705542753
leaf_weight=321.20040944218636 6705.1189928501844 42.87283955141902 282.32861499860883 73.073477610945702 7359.7021420150995 233.42798948287964 11887.611779574305 420.02049854397774 6164.7221816927195 282.69907633960247 2154.1162457540631 580.35946968197823 7692.3661442250013 1895.774591691792
leaf_count=3259 30222 292 1948 492 33252 995 52378 1788 29040 1188 10156 2548 37695 8033
internal_value=6.93304e-06 0.00859258 0.000484645 -0.0189657 -0.000131063 0.000358065 -0.000443958 0.00220039 0.00289205 -0.00916407 0.00365016 -0.00682962 -0.00157357 -0.00222043
internal_weight=46095.4 719.475 398.275 115.946 45375.9 36775 27940.1 8360.08 8834.97 516.127 8318.84 1000.38 19580 8600.89
internal_count=213286 5991 2732 784 207295 169040 127661 37588 41379 2183 39196 4336 90073 38255
is_linear=0
shrinkage=0.03


Tree=170
num_leaves=15
num_cat=0
split_feature=164 239 77 34 224 177 231 249 10 140 106 65 224 231
split_gain=62.6318 76.6223 70.2423 66.869 79.2355 81.147 80.0321 136.574 62.5564 95.5418 72.412 59.7898 57.9103 55.4142
threshold=48.500000000000007 -0.018353682011365887 1.5000000000000002 14.500000000000002 32.500000000000007 1.0000000180025095e-35 28.500000000000004 0.035353535786271102 53.500000000000007 22.500000000000004 89.500000000000014 86.500000000000014 18.500000000000004 92.500000000000014
decision_type=10 10 8 8 10 10 10 2 10 10 10 10 10 10
left_child=1 -1 -3 11 6 -6 7 -5 10 -10 -8 -2 -9 -13
right_child=3 2 -4 4 5 -7 8 12 9 -11 -12 13 -14 -15
leaf_value=0.0025824359311696467 -0.0016313779931389854 -0.01282263588170111 -0.0016552275160712417 0.024121936506901462 -0.016704459220170192 0.0010268887870193335 0.0069579613923872498 0.013149946542096459 -0.012058135462109753 0.0039642768217765132 -0.012891006406808373 0.0074304205119754309 -0.0020344454358454979 -0.0052678211848902158
leaf_weight=4045.4881485179067 9140.4151116237044 511.94160305708647 17982.615826271474 483.85171167552471 230.46870363503695 6825.1380905136466 2620.9493061341345 384.18693697080016 523.31592409312725 891.65270203724504 167.45782300084829 1310.5849498696625 524.6676781475544 395.99871811270714
leaf_count=20141 42161 2412 81119 2078 1148 30450 12607 1767 2263 4188 820 6829 2332 2814
internal_value=-2.35186e-05 -0.00115306 -0.00197111 0.00105997 0.00254093 0.000424879 0.00520336 0.0114125 0.00312387 -0.00200453 0.00572413 -0.000668142 0.00445749 0.00447038
internal_weight=46038.7 22540 18494.6 23498.7 12651.7 7055.61 5596.08 1392.71 4203.38 1414.97 2788.41 10847 908.855 1706.58
internal_count=213129 103672 83531 109457 57653 31598 26055 6177 19878 6451 13427 51804 4099 9643
is_linear=0
shrinkage=0.03


Tree=171
num_leaves=15
num_cat=0
split_feature=245 228 222 230 244 31 244 118 224 245 229 230 120 110
split_gain=64.4973 118.119 119.303 105.828 178.216 142.148 128.427 106.058 104.254 126.252 153.535 119.323 95.7554 88.4418
threshold=-0.075686518102884279 27.500000000000004 89.500000000000014 3.5000000000000004 0.0054333151783794173 14.500000000000002 0.0028752702055498962 80.500000000000014 11.500000000000002 -0.084781903773546205 10.500000000000002 4.5000000000000009 73.500000000000014 30.500000000000004
decision_type=2 10 10 10 2 10 2 10 10 2 10 10 10 10
left_child=1 3 -3 4 -1 -6 7 -5 11 10 -10 -8 -12 -13
right_child=-2 2 -4 6 5 -7 8 -9 9 -11 12 13 -14 -15
leaf_value=0.022028563493916686 -0.00084256216814210998 0.0092841700221979722 -0.017632623408269585 -0.020852931926231399 -0.0055181718290746714 0.0072586936486070119 -0.027994618390943343 0.0034387093128444841 0.013460510431063792 0.010688488260770438 -0.0078376878410305918 -0.0065054327962207007 0.004626971316792506 0.013267088016444184
leaf_weight=442.00709693878889 33142.27040437609 2296.8805870264769 149.27609874308109 524.35127549618483 1342.0607215799391 1855.4151444621384 195.36940117925406 228.34377436339855 536.65834609419107 1122.8845522254705 1801.35694963485 1418.6334747374058 791.67898754030466 227.91182240098715
leaf_count=2628 144999 12296 825 2300 8755 10883 997 1153 2907 5086 8169 6801 4249 1221
internal_value=-0.000141423 0.00165461 0.00757648 0.000267356 0.00439422 0.00189544 -0.00192941 -0.0135352 -0.000476223 0.00210662 -0.000996659 -0.00641861 -0.00402895 -0.00370499
internal_weight=46075.1 12932.8 2446.16 10486.7 3639.48 3197.48 6847.19 752.695 6094.49 4252.58 3129.69 1841.91 2593.04 1646.55
internal_count=213269 68270 13121 55149 22266 19638 32883 3453 29430 20411 15325 9019 12418 8022
is_linear=0
shrinkage=0.03


Tree=172
num_leaves=15
num_cat=0
split_feature=245 248 143 228 224 246 42 245 47 246 246 246 245 228
split_gain=61.8876 93.2444 73.221 88.0363 176.383 122.564 117.944 107.818 106.851 108.166 92.95 88.665 88.1684 97.4528
threshold=-0.044388592243194573 0.37878787517547613 66.500000000000014 27.500000000000004 35.500000000000007 0.014360474422574045 1.5000000000000002 -0.071516510099172578 41.500000000000007 0.017979050986468795 0.046366056427359588 0.095179826021194472 -0.075686518102884279 35.500000000000007
decision_type=2 2 8 10 10 2 10 2 10 2 2 2 2 10
left_child=1 -1 3 4 8 -6 -5 11 -3 -10 -11 -7 13 -8
right_child=-2 2 -4 6 5 7 12 -9 9 10 -12 -13 -14 -15
leaf_value=0.0051889406883595295 -0.0017404153924085184 0.0022856476234085063 0.0019013665533399694 -0.020789329354377106 -0.01731821664951903 0.0093075256388252484 0.020800112101263164 -0.012731464774961378 0.0013281508736252808 -0.011821122252840552 0.0021106642303532716 -0.018317906910649516 0.00058957623942814394 0.0035219673168224632
leaf_weight=3663.0309096947312 13308.645492456853 4826.9171249680221 12075.074547011405 189.13894712179899 1083.1242117658257 575.16868726909161 441.62222890555859 613.01736451685429 1762.7823709324002 1787.0758737623692 563.39540987461805 117.68624138832092 4180.4536437764764 855.81877353787422
leaf_count=16462 57810 22587 62893 942 4540 2729 2120 2546 7576 7843 2633 545 17645 4269
internal_value=-1.62298e-05 0.000685082 0.000115999 -0.0011528 -0.00267908 -0.00990221 0.00189779 -0.00366631 -0.000740008 -0.00428756 -0.00848695 0.00442129 0.00271758 0.0095172
internal_weight=46043 32734.3 29071.3 16996.2 11329.2 2389 5667.03 1305.87 8940.17 4113.25 2350.47 692.855 5477.89 1297.44
internal_count=213140 155330 138868 75975 50999 10360 24976 5820 40639 18052 10476 3274 24034 6389
is_linear=0
shrinkage=0.03


Tree=173
num_leaves=15
num_cat=0
split_feature=238 226 230 226 246 230 242 137 230 59 67 249 10 248
split_gain=62.9328 70.1033 164.427 120.114 114.337 87.1526 83.1602 82.4763 75.881 155.934 74.4949 74.334 137.071 82.1906
threshold=-0.095037102699279771 43.500000000000007 28.500000000000004 12.500000000000002 0.014696301426738502 11.500000000000002 0.019807722419500354 90.500000000000014 69.500000000000014 46.500000000000007 38.500000000000007 0.015151515137404205 78.500000000000014 0.74242421984672557
decision_type=10 10 8 8 2 10 10 10 8 10 10 2 8 2
left_child=1 3 4 7 -3 -6 -7 -1 9 -4 -9 12 -10 -13
right_child=-2 2 8 -5 5 6 -8 10 11 -11 -12 13 -14 -15
leaf_value=0.0036229348933571725 -0.0013065391366256652 0.026975274419021745 0.0055831496600333526 -0.0027582462460259663 0.024216515594841163 -0.015434662972226811 0.0079177369441225786 -0.015759004423967854 0.012586850187265875 -0.005221902808913991 0.0057144272766446319 0.0040456572233210182 -0.027716988100027595 0.018291637996307737
leaf_weight=6222.1380765810609 20395.340105615556 361.33265686035156 1952.7306535094976 8436.3442322723567 196.42718925327063 174.02688230574131 531.01738984882832 383.46670822054148 128.903524518013 3092.2834411635995 223.9741967394948 3341.5945473015308 160.44488331675529 400.91189540922642
leaf_count=33734 88224 1575 8573 39891 1054 732 2425 2178 543 13771 1207 16063 689 2388
internal_value=-6.35779e-05 0.000926588 0.00283267 -0.000365417 0.0129313 0.0070679 0.00201839 0.00259007 0.00141503 -0.00103691 -0.00787705 0.00447809 -0.00994113 0.00561642
internal_weight=46000.9 25605.6 10339.7 15265.9 1262.8 901.471 705.044 6829.58 9076.87 5045.01 607.441 4031.85 289.348 3742.51
internal_count=213047 124823 47813 77010 5786 4211 3157 37119 42027 22344 3385 19683 1232 18451
is_linear=0
shrinkage=0.03


Tree=174
num_leaves=15
num_cat=0
split_feature=233 190 194 230 231 230 231 246 243 248 231 231 248 230
split_gain=62.0686 62.0023 84.3658 69.2568 82.1737 70.3679 201.754 149.51 112.703 153.43 93.8232 70.5056 95.0603 73.1247
threshold=99.500000000000014 73.500000000000014 30.500000000000004 10.500000000000002 77.500000000000014 24.500000000000004 26.500000000000004 0.078186862170696272 -0.048800015822052949 0.41919192671775823 95.500000000000014 1.5000000000000002 0.58080807328224193 27.500000000000004
decision_type=10 10 10 8 10 8 10 2 2 2 10 8 2 8
left_child=1 2 3 4 -1 6 -5 8 -8 -10 -11 12 -7 -13
right_child=-2 -3 -4 5 -6 11 7 -9 9 10 -12 13 -14 -15
leaf_value=0.0070249380523822579 0.0053227123392090977 0.0028557515900303663 -0.0021590417317355818 0.0096898528628484182 -0.00049079754565622676 -0.0045780093732251939 0.001375494637415082 0.011976365958412914 -0.0024307361019712424 -0.022406171654716041 0.017026992826774705 0.012126437081968892 -0.044908800164057773 0.00057530345328004066
leaf_weight=2885.816135276109 1896.170389957726 5234.3068396747112 17554.752682030201 732.8000313937664 2387.5099514238536 253.29365832358599 551.42109910398722 291.80174116417766 657.31227715313435 1112.6087568551302 50.053214892745018 504.72323833405972 57.35684996843338 11855.275573574007
leaf_count=13914 9426 24650 79355 3225 13328 1154 2652 1552 2814 4779 206 2223 233 53665
internal_value=2.24762e-05 -0.000206423 -0.000619147 0.000648024 0.00362768 -0.000331595 -0.00415988 -0.00799274 -0.0104899 -0.0140728 -0.0205778 0.000696937 -0.0131928 0.00105642
internal_weight=46025.2 44129 38894.7 21340 5273.33 16066.6 3396 2663.2 2371.4 1819.97 1162.66 12670.6 310.651 12360
internal_count=213176 203750 179100 99745 27242 72503 15228 12003 10451 7799 4985 57275 1387 55888
is_linear=0
shrinkage=0.03


Tree=175
num_leaves=15
num_cat=0
split_feature=243 242 190 244 92 137 68 224 248 120 244 249 14 224
split_gain=63.2537 69.2663 62.9465 59.3603 55.6796 59.1222 84.9276 108.358 80.4564 57.1474 86.0334 103.943 68.8984 68.5736
threshold=-0.0086065828800201399 0.012161930557340385 73.500000000000014 0.0063802294898778209 59.500000000000007 91.500000000000014 17.500000000000004 3.5000000000000004 0.55050507187843334 98.500000000000014 0.033952677622437484 0.085858587175607695 5.5000000000000009 32.500000000000007
decision_type=2 8 10 2 10 10 10 10 2 10 2 2 8 10
left_child=1 -1 4 -2 5 9 7 -7 -8 12 11 -11 -3 -14
right_child=3 2 -4 -5 -6 6 8 -9 -10 10 -12 -13 13 -15
leaf_value=-0.0071762626127340164 -0.014485437128461315 -0.0039837591049975965 0.003855417424254954 -0.0023843608681083013 0.0047340176577593939 0.0062500122616495294 -0.0064960853179257096 -0.028585322170383412 0.0073436736739546926 -0.00014976243549986464 -0.0053548390668788403 0.01300003729131876 0.0020026798436958483 -0.0011196247976198984
leaf_weight=1064.8469911813736 399.2354434877634 3848.5038119331002 4565.3173545598984 3432.2456020787358 2203.1390216946602 111.45554554089904 1216.5759610384703 251.84111678600311 537.02370514720678 985.89104040339589 643.85629277303815 1188.2902044318616 11722.239952217788 13740.699412561953
leaf_count=4634 1668 17957 21598 15196 10888 873 5647 1208 2900 5354 4177 6901 53802 59927
internal_value=5.39473e-06 0.000341728 0.000538616 -0.0036797 0.000122242 -0.000175739 -0.00501975 -0.0180171 -0.00224018 0.000144879 0.00421754 0.00706382 -0.000247977 0.000317996
internal_weight=45911.2 42079.7 41014.8 3831.48 36449.5 34246.4 2116.9 363.297 1753.6 32129.5 2818.04 2174.18 29311.4 25462.9
internal_count=212730 195866 191232 16864 169634 158746 10628 2081 8547 148118 16432 12255 131686 113729
is_linear=0
shrinkage=0.03


Tree=176
num_leaves=15
num_cat=0
split_feature=164 77 237 243 243 228 56 245 243 1 241 224 148 76
split_gain=57.4064 65.2572 62.9407 54.448 54.008 106.254 106.105 126.844 90.0041 87.0199 86.0586 91.4726 71.5261 55.153
threshold=50.500000000000007 1.5000000000000002 0.21615379303693774 -0.0086065828800201399 -0.029936388134956356 45.500000000000007 28.500000000000004 -0.046237619593739503 -0.030542010441422459 54.500000000000007 -1.0583927631378172 65.500000000000014 14.500000000000002 60.500000000000007
decision_type=10 8 2 2 2 8 8 2 2 10 10 8 8 10
left_child=1 -1 -2 4 5 8 7 13 9 -3 -7 -12 -8 -6
right_child=2 3 -4 -5 6 10 12 -9 -10 -11 11 -13 -14 -15
leaf_value=-0.010944181004756224 0.00092796226789488765 -0.00065637384305989276 0.010953612897058346 -0.004906924157724213 0.015555696620041123 0.010049829121804318 -0.010002799136633045 -0.0006139300482907715 -0.023621351963162385 -0.0075372194201411974 0.013741054676777302 -0.0099502746183950334 0.00022666383690857905 0.0048882803413216455
leaf_weight=562.10280400142074 22118.760985434055 5417.0068794675171 568.44648497179151 2441.3812110126019 1041.7435870543122 1089.6997408717871 670.0157407745719 1539.5813971310854 180.92377527058125 2372.7311040088534 194.35586112737656 512.10026601701975 6447.9682738110423 767.22984617203474
leaf_count=2690 102397 25506 3484 10760 4698 5923 2877 6729 773 11260 915 2423 28668 3683
internal_value=0.000110696 -0.000937159 0.00118388 -0.000684372 -0.000172701 -0.00177628 0.00132394 0.0057193 -0.00326178 -0.00275924 0.00479738 -0.00333164 -0.000748918 0.0110831
internal_weight=45924 23236.8 22687.2 22674.7 20233.4 9766.82 10466.5 3348.55 7970.66 7789.74 1796.16 706.456 7117.98 1808.97
internal_count=212786 106905 105881 104215 93455 46800 46655 15110 37539 36766 9261 3338 31545 8381
is_linear=0
shrinkage=0.03


Tree=177
num_leaves=15
num_cat=0
split_feature=129 238 226 80 226 243 145 230 230 230 189 244 243 249
split_gain=52.66 63.4874 83.8736 137.542 109.343 103.921 94.4119 92.173 83.1512 120.378 90.8591 82.1593 75.4013 82.9173
threshold=57.500000000000007 -0.096997927874326692 43.500000000000007 22.500000000000004 12.500000000000002 -0.087502673268318162 63.500000000000007 15.500000000000002 36.500000000000007 69.500000000000014 67.500000000000014 0.0030931639485061173 -0.092150788754224763 0.65151515603065502
decision_type=10 10 10 10 10 2 8 8 8 8 10 2 2 2
left_child=1 2 4 5 6 -4 -1 -7 -5 10 -10 -9 -8 -14
right_child=-2 -3 3 8 -6 7 12 11 9 -11 -12 -13 13 -15
leaf_value=0.0074443127190356702 0.0031317002122395574 -0.001750649782149844 -0.018628259457161869 0.0092053363564084494 -0.003415234634732583 0.025004572731073121 0.0093896058002188587 -0.0087462871943458764 -0.010869840280028123 0.0025547493361065057 0.0028626918411884879 0.0078637770983728521 -0.0037890275274119396 0.0070628248899480203
leaf_weight=1942.133766695857 4113.1119139268994 18234.510177500546 129.14958117902279 703.28840437531471 7284.1669371724129 253.48859436064959 610.93389513716102 282.61158540844917 1540.190385915339 2598.1470811441541 597.06828147917986 3414.2365666106343 3451.9010366760194 766.09602866321802
leaf_count=9862 19921 77976 638 3161 33223 1184 5171 1237 6717 12712 2728 15520 18432 4373
internal_value=-0.000102995 -0.000421901 0.00060622 0.00277925 -0.000866284 0.00693595 0.00187682 0.00781666 -0.000345633 -0.00178052 -0.00703803 0.00657382 -0.000373116 -0.00180601
internal_weight=45921 41807.9 23573.4 9518.18 14055.2 4079.49 6771.06 3950.34 5438.69 4735.41 2137.26 3696.85 4828.93 4218
internal_count=212855 192934 114958 43897 71061 18579 37838 17941 25318 22157 9445 16757 27976 22805
is_linear=0
shrinkage=0.03


Tree=178
num_leaves=15
num_cat=0
split_feature=195 120 76 148 194 71 120 224 51 224 229 38 208 53
split_gain=53.6253 82.8909 64.6014 58.3842 74.7197 54.4413 50.365 43.202 73.1204 43.9641 58.7256 57.2327 45.7295 42.4979
threshold=37.500000000000007 98.500000000000014 26.500000000000004 81.500000000000014 22.500000000000004 13.500000000000002 6.5000000000000009 32.500000000000007 14.500000000000002 26.500000000000004 36.500000000000007 46.500000000000007 18.500000000000004 3.5000000000000004
decision_type=10 10 10 10 10 10 8 8 8 10 10 8 10 10
left_child=1 3 -3 4 7 -2 -5 9 -9 12 11 -11 13 -1
right_child=5 2 -4 6 -6 -7 -8 8 -10 10 -12 -13 -14 -15
leaf_value=-0.0033099109218541782 0.0050206063707098894 0.012214328128612938 0.0016645062636324124 0.011542745477635065 -0.0036722894124053486 0.00064280053718276096 0.00083635496935195112 -0.008440215140324215 -0.00022413216705228023 0.019337982373625457 -0.0036943631101927113 -0.0029301744501274833 -0.0057633168152172896 0.0035145360109726559
leaf_weight=1082.8624732159078 3177.3538725450635 681.14220662415028 2156.6322695203125 422.47003824263811 10350.0024580881 12938.709644909948 4645.5152636915445 1245.692769125104 4361.9086877815425 398.06184912472963 251.40798164904118 136.13486608862877 842.94088894128799 3306.0025767683983
leaf_count=5237 15671 3543 12862 1825 46002 59381 20859 5446 20223 1762 1075 615 3593 15132
internal_value=0.000114219 -0.000638024 0.00423075 -0.00115031 -0.00181964 0.00150848 0.00174982 -0.000168447 -0.00206106 0.00159576 0.00816631 0.0137136 0.000595437 0.00182705
internal_weight=45996.8 29880.8 2837.77 27043 21975 16116.1 5067.99 11625 5607.6 6017.41 785.605 534.197 5231.81 4388.87
internal_count=213226 138174 16405 121769 99085 75052 22684 53083 25669 27414 3452 2377 23962 20369
is_linear=0
shrinkage=0.03


Tree=179
num_leaves=15
num_cat=0
split_feature=243 98 186 78 140 68 120 79 66 146 10 249 10 243
split_gain=51.5802 60.5965 70.7141 74.727 56.8894 62.4971 83.5718 59.0323 51.7132 51.6651 62.7291 51.0492 50.9483 55.4397
threshold=-0.0086065828800201399 35.500000000000007 38.500000000000007 19.500000000000004 30.500000000000004 67.500000000000014 21.500000000000004 41.500000000000007 80.500000000000014 14.500000000000002 92.500000000000014 0.82323232293128978 82.500000000000014 -0.045818559825420373
decision_type=2 8 8 8 10 10 10 8 10 10 10 2 10 2
left_child=1 4 3 -3 7 9 -7 11 -8 10 -6 12 -1 -14
right_child=-2 2 -4 -5 5 6 8 -9 -10 -11 -12 -13 13 -15
leaf_value=0.00068181031413982508 -0.0032399972993873271 -0.0081645697129077745 0.0035911321857589012 0.001121083658107921 0.011513912669075824 0.0040369413085400915 -0.0067040985203485033 -0.0043971468137618021 3.5997060702243314e-06 0.0016439200987884682 -0.018688506232043611 -0.014706021222759515 0.0051878034109995499 -0.017084738974305184
leaf_weight=7680.9142651706934 3838.1672582700849 1015.1749259121716 8919.0142756775022 3253.9620305895805 806.39337068796158 1693.278237618506 2408.8640305176377 4988.4375685825944 1807.2894151955843 8777.1743733249605 58.065663248300552 204.84337550774217 145.10150890797377 291.81939390301704
leaf_count=35860 16886 4926 43343 15021 3391 7439 10702 21683 9019 41395 243 961 642 1206
internal_value=8.45196e-05 0.000388665 0.00207259 -0.00110091 -0.000381231 0.000850811 -0.00157679 -0.00182015 -0.00383558 0.0023388 0.0092947 -0.000272135 0.000109731 -0.00973745
internal_weight=45888.5 42050.3 13188.2 4269.14 28862.2 15551.1 5909.43 13311.1 4216.15 9641.63 864.459 8322.68 8117.84 436.921
internal_count=212717 195831 63290 19947 132541 72189 27160 60352 19721 45029 3634 38669 37708 1848
is_linear=0
shrinkage=0.03


Tree=180
num_leaves=15
num_cat=0
split_feature=65 228 248 222 228 248 56 228 122 228 248 222 248 249
split_gain=47.5638 50.1166 72.12 59.0748 102.209 112.92 84.5385 93.47 89.4255 113.351 59.318 91.1778 78.5389 59.461
threshold=99.500000000000014 93.500000000000014 0.57070705294609081 59.500000000000007 9.5000000000000018 0.35858586430549627 3.5000000000000004 28.500000000000004 23.500000000000004 59.500000000000007 0.83333334326744091 76.500000000000014 0.74242421984672557 0.22727272659540179
decision_type=10 10 2 10 8 2 8 10 8 10 2 10 2 2
left_child=1 3 -3 -1 -5 -6 -7 -8 9 -9 11 12 13 -10
right_child=-2 2 -4 4 5 6 7 8 10 -11 -12 -13 -14 -15
leaf_value=-0.0004844394303528171 0.0050687919558218232 -0.0029865200111199434 -0.023145761027640568 -0.023030485985187348 0.00013610623467213 -0.014710267758811965 0.026330261705651174 0.014775531100518364 -0.0034765189861136392 -0.018574084681941296 -0.014715434315048972 0.017490704928029569 0.029599901377462764 0.012864703831985853
leaf_weight=35380.975428298116 1629.1402384117246 1062.4418366104364 178.90150599181652 129.82414229214191 4919.5105608403683 134.75107915699482 242.62442567944527 136.85801898688078 638.58093677461147 236.80169841647148 78.396849811077118 906.11431091278791 90.084544934332371 280.21147155016661
leaf_count=163435 8875 4849 966 645 21579 700 1213 630 2933 1051 378 4364 482 1428
internal_value=5.01843e-05 -0.000134993 -0.0060536 3.6539e-05 0.00239919 0.00285941 0.00772285 0.00893292 0.00704641 -0.00629258 0.00956573 0.010631 0.00435889 0.00159205
internal_weight=46045.2 44416.1 1241.34 43174.7 7793.76 7663.93 2744.42 2609.67 2367.05 373.66 1993.39 1914.99 1008.88 918.792
internal_count=213528 204653 5815 198838 35403 34758 13179 12479 11266 1681 9585 9207 4843 4361
is_linear=0
shrinkage=0.03


Tree=181
num_leaves=15
num_cat=0
split_feature=194 226 190 225 243 68 44 243 230 243 226 79 230 226
split_gain=54.8148 91.3524 68.8013 58.3411 59.8283 51.857 60.9438 58.5984 118.787 51.7192 50.2428 55.5664 48.1413 47.5378
threshold=29.500000000000004 2.5000000000000004 52.500000000000007 41.500000000000007 -0.082376264035701738 17.500000000000004 33.500000000000007 -0.04448560252785682 11.500000000000002 -0.03927182033658027 81.500000000000014 26.500000000000004 9.5000000000000018 8.5000000000000018
decision_type=10 8 10 10 2 10 10 2 10 2 10 10 8 10
left_child=1 3 5 9 -5 7 -7 -2 -9 -1 -3 -12 -4 -14
right_child=2 10 12 4 -6 6 -8 8 -10 -11 11 -13 13 -15
leaf_value=0.0063119270556341789 -0.009537338184986581 -0.00015079029860494956 -0.0052092405699037912 0.01831756849071722 -0.0018258843159887361 0.0029610723259359036 -0.0023763464054550811 0.0046646984321807939 -0.0084159953457630613 0.018821287893191291 0.012940148198217042 0.002157118449009694 0.015919775853425994 0.0016167059806006464
leaf_weight=838.76464742794633 1602.8991089463234 17818.989628888667 919.27364185079932 146.73877499252558 857.05182033032179 2517.4577900879085 8079.557499140501 1185.6788662672043 1299.8902309685946 466.01904939487576 513.1948276758194 2452.6121699288487 205.76845831423998 7013.5303828120232
leaf_count=5661 8727 81810 4345 992 4034 11425 35590 5709 5571 2379 2530 11255 1002 31916
internal_value=5.17934e-05 0.00108203 -0.000990615 0.00673024 0.00127042 -0.00221625 -0.00110678 -0.00508222 -0.00218249 0.010889 0.000451744 0.0040602 0.00122097 0.00204584
internal_weight=45917.4 23093.4 22824.1 2308.57 1003.79 14685.5 10597 4088.47 2485.57 1304.78 20784.8 2965.81 8138.57 7219.3
internal_count=212946 108661 104285 13066 5026 67022 47015 20007 11280 8040 95595 13785 37263 32918
is_linear=0
shrinkage=0.03


Tree=182
num_leaves=15
num_cat=0
split_feature=245 77 245 231 120 174 249 77 245 70 4 231 178 31
split_gain=60.8195 60.1212 55.5721 80.3573 138.177 121.678 109.817 94.9495 94.5137 93.8885 107.697 101.605 159.805 95.4083
threshold=-0.20480131357908246 1.5000000000000002 -0.042999448254704468 91.500000000000014 98.500000000000014 13.500000000000002 0.085858587175607695 23.500000000000004 -0.10688251256942748 9.5000000000000018 59.500000000000007 75.500000000000014 11.500000000000002 29.500000000000004
decision_type=2 8 2 10 10 10 2 10 2 10 10 10 8 10
left_child=-1 -2 3 4 9 7 -6 -5 -9 -3 11 -11 13 -13
right_child=1 2 -4 5 6 -7 -8 8 -10 10 -12 12 -14 -15
leaf_value=0.015965010815966289 -0.0059276344438043641 0.0042954512063536768 -0.0016309495223707495 -0.0019882951126757886 0.0013708915670536785 0.00039822085187387018 0.016110597763118691 0.0037562504595671652 -0.02198267658690866 -0.0020263082923768503 0.0057119688733456124 0.0035340235429194818 0.0085655296873796537 -0.016013101110751028
leaf_weight=202.82527707889676 1534.5220908820629 5453.987475797534 12173.12676333636 742.84030491858721 844.36223125830293 3414.9103358909488 981.4775356054306 156.96375916153193 635.60072733461857 14366.694928571582 2461.9911088347435 429.4072200357914 2091.1395685598254 454.71597412973642
leaf_count=2639 7296 25731 52837 4060 4433 17327 5812 1032 2821 62980 11790 2211 9895 2243
internal_value=-3.51149e-05 -0.000109536 9.37172e-05 0.000749404 0.0013919 -0.00276149 0.0093388 -0.00974615 -0.0169019 0.000813969 -0.000146512 -0.000981037 0.00405616 -0.00658597
internal_weight=45944.6 45741.7 44207.2 32034.1 27083.8 4950.32 1825.84 1535.4 792.564 25257.9 19803.9 17342 2975.26 884.123
internal_count=213107 210468 203172 150335 125095 25240 10245 7913 3853 114850 89119 77329 14349 4454
is_linear=0
shrinkage=0.03


Tree=183
num_leaves=15
num_cat=0
split_feature=239 226 226 248 249 230 248 245 226 230 224 142 224 226
split_gain=57.5551 49.0385 62.1522 118.075 108.19 157.474 66.7667 143.588 139.406 167.262 153.586 133.067 109.56 144.597
threshold=-0.042599575594067567 99.500000000000014 81.500000000000014 0.68181815743446361 0.015151515137404205 79.500000000000014 0.71212121844291698 -0.099302399903535829 52.500000000000007 72.500000000000014 21.500000000000004 65.500000000000014 4.5000000000000009 44.500000000000007
decision_type=10 10 10 2 2 10 2 2 8 8 10 10 8 10
left_child=-1 2 6 -4 5 -5 8 12 11 10 -10 -2 -8 -14
right_child=1 -3 3 4 -6 -7 7 -9 9 -11 -12 -13 13 -15
leaf_value=0.0034000906413439555 0.0039517433964604163 -0.0086431151737395469 0.0010460785354737736 0.014849735737539066 0.019568218411057249 -0.041909536368138552 0.014312159358975179 -0.0054800395595977821 0.0036554430443596136 0.0022923531632706557 -0.0084918671279075632 -0.0012669235575427063 -0.0058492245317775743 0.019026480600141938
leaf_weight=4163.1694840230048 9701.0610884167254 613.79015688598156 5753.3160403966904 104.610131919384 588.09401404112577 61.824592262506485 613.48551291972399 5806.8027777820826 1166.6995186284184 3433.9134522341192 4644.4423928633332 8029.5270091816783 1058.2892909422517 251.87843881547451
leaf_count=22640 42333 2895 26016 434 3354 260 4566 25392 4988 16321 19840 37962 5113 1239
internal_value=4.0528e-05 -0.000294586 -0.000168187 0.0025199 0.0135972 -0.00741467 -0.000672819 -0.00312888 3.1916e-05 -0.00295286 -0.00605097 0.00158902 0.00396006 -0.000958999
internal_weight=45990.9 41827.7 41213.9 6507.84 754.529 166.435 34706.1 7730.46 26975.6 9245.06 5811.14 17730.6 1923.65 1310.17
internal_count=213353 190713 187818 30064 4048 694 157754 36310 121444 41149 24828 80295 10918 6352
is_linear=0
shrinkage=0.03


Tree=184
num_leaves=15
num_cat=0
split_feature=242 231 243 231 249 243 224 243 224 228 228 249 249 193
split_gain=53.5063 68.1766 195.415 143.524 118.154 103.571 154.172 91.497 107.969 118.991 138.78 130.636 127.804 94.012
threshold=0.04370678402483464 26.500000000000004 -0.020192230120301243 31.500000000000004 0.66161617636680614 -0.072411511093378053 4.5000000000000009 -0.022859537042677399 84.500000000000014 25.500000000000004 20.500000000000004 0.28787878155708319 0.54040405154228222 5.5000000000000009
decision_type=8 8 2 10 2 2 8 2 8 10 10 2 2 8
left_child=1 2 5 4 -3 -1 -7 8 9 10 12 -12 13 -8
right_child=-2 3 -4 -5 -6 6 7 -9 -10 -11 11 -13 -14 -15
leaf_value=-0.019139814270813828 0.0036602557701909577 -0.0098343585136063151 -0.0028532450878262913 -0.0004380486351007094 0.020989655828798245 0.030251301141337811 -0.01910874537951314 0.015210529798799728 -0.020168464905038777 0.0095184130327588268 -0.016120840749493288 0.024421253809458209 -0.025392048937965414 0.0076081649263667044
leaf_weight=142.94271067529917 3302.723772380501 2151.6716239079833 4676.4414783418179 29637.058627534658 108.82884284853935 215.54570755362511 117.28361248224974 678.28787146508694 157.51536181569099 2197.1102947741747 605.57350526750088 71.956689149141312 115.14341755956411 1823.9146935418248
leaf_count=656 18587 9432 19822 138404 612 939 519 2947 672 9675 2545 307 508 7895
internal_value=-1.26504e-05 -0.000297535 0.00176141 -0.000995104 -0.00826447 0.00528345 0.00589799 0.00493694 0.00354034 0.00433698 0.000153349 -0.0115225 0.0040375 0.00590432
internal_weight=46002 42699.3 10801.7 31897.6 2260.5 6125.27 5982.33 5766.79 5088.5 4930.98 2733.87 677.53 2056.34 1941.2
internal_count=213520 194933 46485 148448 10044 26663 26007 25068 22121 21449 11774 2852 8922 8414
is_linear=0
shrinkage=0.03


Tree=185
num_leaves=15
num_cat=0
split_feature=209 140 230 231 231 222 243 61 246 29 243 245 231 243
split_gain=59.5215 57.1664 85.9467 105.573 115.102 114.27 82.1992 84.2584 79.7735 78.7649 74.0506 106.997 88.55 70.4961
threshold=52.500000000000007 18.500000000000004 10.500000000000002 5.5000000000000009 98.500000000000014 4.5000000000000009 -0.052141187712550156 11.500000000000002 0.095179826021194472 inf -0.042082333937287324 -0.08844884485006331 93.500000000000014 -0.049229111522436135
decision_type=10 10 10 8 10 10 2 8 2 8 2 2 10 2
left_child=1 2 3 -1 5 8 -7 -8 10 -3 11 12 -5 -4
right_child=-2 9 13 4 -6 6 7 -9 -10 -11 -12 -13 -14 -15
leaf_value=-0.020136646113421083 -0.0026959928879970426 0.0010694084573634188 0.0027018396040259726 -0.0057178105368350775 -0.013870434652007223 0.015736082452382092 0.01235401704203418 0.00046411689702796421 0.017219026581487593 0.013265679124157388 0.0048040451332837962 -0.021583864251084276 0.026596064033563245 -0.0046192137574505906
leaf_weight=181.88209920376539 6028.41173414886 26416.553437247872 1461.3304917477071 640.15789759904146 349.96986189484596 749.01144281029701 790.73380219936371 1627.5149288401008 159.60649495944381 475.43158692121506 523.49782685190439 375.29052737355232 76.519897758960724 6096.7095411047339
leaf_count=888 26645 122556 6892 3965 2035 4177 4106 7536 1195 2737 2671 1736 498 25629
internal_value=8.00269e-05 0.000499766 -0.00113037 0.00173049 0.00251856 0.00370474 0.00711183 0.00438681 -0.00238032 0.00128988 -0.00441074 -0.00883188 -0.00194913 -0.003202
internal_weight=45952.6 39924.2 13032.2 5474.18 5292.3 4942.33 3167.26 2418.25 1775.07 26892 1615.47 1091.97 716.678 7558.04
internal_count=213266 186621 61328 28807 27919 25884 15819 11642 10065 125293 8870 6199 4463 32521
is_linear=0
shrinkage=0.03


Tree=186
num_leaves=15
num_cat=0
split_feature=149 238 190 232 224 119 226 155 228 245 246 34 104 226
split_gain=60.5738 69.8303 61.1379 51.9169 90.9982 82.0102 62.7409 89.4544 60.434 56.7573 52.9181 79.0596 55.163 47.0448
threshold=24.500000000000004 -0.27279300987720484 93.500000000000014 87.500000000000014 16.500000000000004 49.500000000000007 2.5000000000000004 27.500000000000004 87.500000000000014 -0.095329787582159028 0.043543079867959029 26.500000000000004 76.500000000000014 81.500000000000014
decision_type=8 10 10 10 10 10 10 10 10 2 2 10 10 10
left_child=-1 -2 3 13 6 9 -5 -8 -7 -6 11 -9 -12 -3
right_child=1 2 -4 4 5 8 7 10 -10 -11 12 -13 -14 -15
leaf_value=-0.0020591974149475716 0.010699445495712029 -0.00094342177597231966 0.0066760105203480516 0.0056338381007068321 0.017339609730114721 0.012159163648365843 0.0071071986470069085 -0.011043532376839992 -0.013136025090183676 -0.0012867064062483107 -0.012427240929987879 0.011891609930713948 -0.041016398073380311 0.0022738724089091528
leaf_weight=10449.318961933255 588.5026031807065 23521.74997740984 1318.57455727458 655.43034863844514 156.76503200829029 1532.6908016204834 363.36346298456192 488.5740153491497 81.995211578905582 1248.8952838405967 292.81081847473979 176.46940939128399 72.885659374296665 4941.3080646768212
leaf_count=47336 5288 106495 6606 3818 763 7397 1814 2278 375 5302 1475 830 343 22933
internal_value=-5.30288e-05 0.000538894 0.000364303 0.0001142 0.002908 0.0062109 -0.00196592 -0.00555358 0.0108017 0.000898388 -0.0100423 -0.00487168 -0.0190653 -0.000384283
internal_weight=45889.3 35440 34851.5 33532.9 5069.88 3020.35 2049.53 1394.1 1614.69 1405.66 1030.74 665.043 365.696 28463.1
internal_count=213053 165717 160429 153823 24395 13837 10558 6740 7772 6065 4926 3108 1818 129428
is_linear=0
shrinkage=0.03


Tree=187
num_leaves=15
num_cat=0
split_feature=233 245 51 193 190 246 215 246 165 245 228 229 249 228
split_gain=55.8728 89.7321 88.5439 66.2187 58.1563 56.569 55.2812 54.1245 57.1037 53.8907 73.2904 56.8976 60.7797 51.8341
threshold=52.500000000000007 -0.11140043660998343 2.5000000000000004 89.500000000000014 69.500000000000014 0.01296069845557213 71.500000000000014 0.014027585275471212 15.500000000000002 -0.056192485615611069 21.500000000000004 50.500000000000007 0.025252525694668296 5.5000000000000009
decision_type=10 2 8 8 10 2 10 2 10 2 10 10 2 10
left_child=1 3 -3 -1 6 -2 -4 9 -9 11 -11 12 -7 -10
right_child=5 2 4 -5 -6 7 -8 8 13 10 -12 -13 -14 -15
leaf_value=0.001687792472596459 0.0041517294816531755 -0.0086446142880730308 -0.001079011080116982 0.01556086165032311 0.002404939216400127 -0.0061000012948417177 -0.0070186579354773876 -0.0039649726799983846 -0.0022459014648669299 0.028176979636703861 -0.0089668019709084681 0.012732176055371589 -0.033201925116307207 0.002292894028727593
leaf_weight=879.70641426742077 4589.8847343027592 1389.5915150791407 16358.837697565556 470.26733056083322 4001.145218655467 147.28832369670272 1534.0750508978963 2044.4967997260392 2820.9111673571169 62.160012036561966 132.51078478991985 47.438332714140415 152.94435850530863 11331.884384982288
leaf_count=5585 20452 5973 73469 3366 18865 721 6541 9352 15377 263 546 236 684 52011
internal_value=8.13426e-05 -0.000891786 -0.00132877 0.0065994 -0.000860705 0.00120511 -0.00159189 0.000395169 0.000709666 -0.00884022 0.00369073 -0.0157637 -0.0205314 0.00138728
internal_weight=45963.1 24633.6 23283.6 1349.97 21894.1 21329.5 17892.9 16739.6 16197.3 542.342 194.671 347.671 300.233 14152.8
internal_count=213441 113799 104848 8951 98875 99642 80010 79190 76740 2450 809 1641 1405 67388
is_linear=0
shrinkage=0.03


Tree=188
num_leaves=15
num_cat=0
split_feature=231 229 244 244 246 229 229 224 134 244 231 224 231 245
split_gain=57.7855 117.335 152.287 112.204 117.478 162.922 148.173 109.9 141.215 181.538 108.383 130.163 158.114 105.852
threshold=91.500000000000014 5.5000000000000009 0.0016664691502228381 0.0087685189209878462 0.038858961313962943 1.5000000000000002 4.5000000000000009 16.500000000000004 45.500000000000007 0.033537121489644058 85.500000000000014 6.5000000000000009 64.500000000000014 -0.088009685277938829
decision_type=8 8 2 2 2 10 10 8 10 2 10 10 10 2
left_child=1 3 -3 -1 5 10 -7 8 13 -10 11 12 -5 -2
right_child=7 2 -4 4 -6 6 -8 -9 9 -11 -12 -13 -14 -15
leaf_value=0.011306759231497463 -0.0047368802867835203 -0.011244619937474391 0.00034148689380149571 -0.033640469820996062 0.0089601144686950723 0.0095777840153155498 -0.018225507344218794 0.0013947526715803013 0.0089424803111881734 -0.0090340624019413542 -0.044700756023187273 0.01794649479260868 0.0077905645911261001 -0.022004714606313654
leaf_weight=1668.1293766647577 602.92670962586999 1042.6886785104871 33922.586272060871 223.27903617173433 1057.2983958274126 758.24493631720543 212.70827154070139 3339.0254484042525 871.31924876570702 1176.2451643943787 94.294880114495754 103.74574291706085 123.63279246911407 686.61166474223137
leaf_count=8288 3514 4419 151061 1047 6176 3769 989 17570 4521 6966 438 553 816 2925
internal_value=0.000125579 0.000565057 -7.13506e-06 0.00527109 0.00132973 -0.00401607 0.00336317 -0.00245231 -0.00629426 -0.00137805 -0.0169875 -0.0103444 -0.0190707 -0.0140297
internal_weight=45882.7 39206.6 34965.3 4241.33 2573.2 1515.91 970.953 6676.13 3337.1 2047.56 544.952 450.658 346.912 1289.54
internal_count=213052 177556 155480 22076 13788 7612 4758 35496 17926 11487 2854 2416 1863 6439
is_linear=0
shrinkage=0.03


Tree=189
num_leaves=15
num_cat=0
split_feature=69 68 244 140 229 226 147 226 120 134 244 63 120 248
split_gain=54.9103 59.6823 88.9817 88.3383 114.818 72.8284 80.2741 74.401 77.1086 72.7767 71.2816 66.795 66.4397 73.0674
threshold=8.5000000000000018 19.500000000000004 0.1067665070295334 87.500000000000014 3.5000000000000004 3.5000000000000004 78.500000000000014 66.500000000000014 79.500000000000014 83.500000000000014 0.028600382618606094 37.500000000000007 16.500000000000004 0.73232322931289684
decision_type=8 8 2 10 10 8 10 10 10 10 2 10 8 2
left_child=-1 3 11 5 -5 6 -2 9 -9 -7 -8 12 13 -3
right_child=1 2 -4 4 -6 7 10 8 -10 -11 -12 -13 -14 -15
leaf_value=0.0020108457048264466 0.0056991947661307564 0.0044813536042807205 0.016396373208210514 0.0071557894207206485 -0.023108762702015347 -0.0033370939499911961 8.8505847978008416e-05 0.00023561503773186006 0.022855920023335134 -0.015033517464222233 -0.030300462413397119 0.0012263049234123716 -0.0030135111204452427 -0.014024948700721162
leaf_weight=9126.4936330914497 1692.6328876502812 2044.8737707808614 289.89082624390721 153.69977220892906 376.94447157531977 6151.6403151899576 186.7907817736268 545.44938518106937 170.60654715448618 510.66153889894485 100.54724795743823 15563.14081890136 8723.1236819438636 202.07253850996494
leaf_count=43512 9409 8763 1844 1046 1786 27924 963 2401 907 2649 522 71157 39179 833
internal_value=-7.03614e-05 -0.000588149 0.000146516 -0.00257901 -0.0143725 -0.00189566 0.00320177 -0.00326602 0.00586567 -0.00425481 -0.0112068 -3.71333e-05 -0.00182905 0.00276228
internal_weight=45838.6 36712.1 26823.1 9888.97 530.644 9358.33 1979.97 7378.36 716.056 6662.3 287.338 26533.2 10970.1 2246.95
internal_count=212895 169383 121776 47607 2832 44775 10894 33881 3308 30573 1485 119932 48775 9596
is_linear=0
shrinkage=0.03


Tree=190
num_leaves=15
num_cat=0
split_feature=195 120 76 126 29 248 62 222 224 104 249 222 224 134
split_gain=56.4977 97.1693 74.4112 67.2378 55.7897 55.6904 50.2308 49.7601 53.0421 60.3875 87.6444 50.6839 50.883 64.8887
threshold=35.500000000000007 98.500000000000014 34.500000000000007 95.500000000000014 inf 0.57070705294609081 92.500000000000014 94.500000000000014 6.5000000000000009 87.500000000000014 0.14646464586257937 56.500000000000007 35.500000000000007 86.500000000000014
decision_type=10 10 10 10 8 2 10 10 10 10 2 10 10 10
left_child=1 3 -3 -1 6 -5 7 8 9 -2 -11 12 13 -10
right_child=4 2 -4 5 -6 -7 -8 -9 11 10 -12 -13 -14 -15
leaf_value=-0.0016782077725937534 -0.00056600262940311829 0.012016560294793747 0.0013240719778813913 0.00047196890049791323 0.010020905556231844 0.012413153550775389 -0.0024766764345603765 -0.0074140319755673784 0.0052074354488250707 0.01370126218327143 -0.030331307313107864 0.0063852093668019319 -0.00048351305509399515 -0.010423163007294137
leaf_weight=24367.680703826249 1858.1601065434515 839.79476135224104 1894.8838040493429 964.87430999428034 646.6970619186759 543.68859162181616 2901.4516676440835 492.07074826955795 3767.4620937407017 50.087985187768936 132.97483924031258 2956.8532519489527 4238.1311118379235 246.01325309276581
leaf_count=109030 9956 4419 11480 4638 3776 2901 13790 2289 17003 275 620 13267 18577 1194
internal_value=8.98567e-05 -0.000728274 0.00463946 -0.00129712 0.00144332 0.00482899 0.00110421 0.00186153 0.00221134 -0.00222829 -0.0181979 0.00302113 0.00180938 0.0042258
internal_weight=45900.8 28610.9 2734.68 25876.2 17289.9 1508.56 16643.2 13741.8 13249.7 2041.22 183.063 11208.5 8251.61 4013.48
internal_count=213215 132468 15899 116569 80747 7539 76971 63181 60892 10851 895 50041 36774 18197
is_linear=0
shrinkage=0.03


Tree=191
num_leaves=15
num_cat=0
split_feature=194 52 47 222 231 56 124 165 188 249 231 240 238 224
split_gain=60.9285 66.1449 96.6435 69.314 58.895 55.6773 76.3666 51.5742 51.6549 48.2891 59.0992 57.7871 55.5511 52.9138
threshold=29.500000000000004 29.500000000000004 16.500000000000004 40.500000000000007 23.500000000000004 41.500000000000007 70.500000000000014 4.5000000000000009 6.5000000000000009 0.015151515137404205 88.500000000000014 -0.045631153509020798 -0.096997927874326692 17.500000000000004
decision_type=8 10 10 10 10 10 10 8 8 2 8 10 10 8
left_child=-1 3 4 7 -3 -5 -7 -2 -9 10 13 -12 -11 -10
right_child=1 2 -4 5 -6 6 -8 8 9 12 11 -13 -14 -15
leaf_value=0.0014769039125656653 -0.018584487598815595 0.015546569475224889 -0.00052683345364076513 0.0043998221522722489 0.0035608303443183538 -0.0072820456778561107 0.013290545239636195 -0.0087465430492466214 0.014040705238751928 -0.0017707293261697953 0.0072654999744781309 -0.019945558191928895 -0.0076655964987144606 0.00049360558384717974
leaf_weight=14193.361502479762 197.94039358198643 466.75049436837435 16480.586566392332 1970.9450758770108 1676.0768846310675 964.24549128860235 185.38428808003664 1408.5628190711141 415.91166845709085 4732.505914401263 108.20902106910944 170.41041950881481 2062.8750687837601 666.04071003943682
leaf_count=66769 896 2236 73649 9235 8035 4262 946 6258 1934 24978 618 739 8978 2902
internal_value=-0.000154503 -0.000889672 0.000253731 -0.00254146 0.00623165 0.00134738 -0.0038786 -0.00378464 -0.00345926 -0.00253654 0.00260786 -0.00949187 -0.00356887 0.00578212
internal_weight=45699.8 31506.4 18623.4 12883 2142.83 3120.57 1149.63 9762.46 9564.52 8155.95 1360.57 278.619 6795.38 1081.95
internal_count=212435 145666 83920 61746 10271 14443 5208 47303 46407 40149 6193 1357 33956 4836
is_linear=0
shrinkage=0.03


Tree=192
num_leaves=15
num_cat=0
split_feature=245 101 244 222 239 244 238 244 231 245 31 245 222 249
split_gain=62.7577 62.3703 80.4111 59.2253 62.656 52.7602 59.8766 52.2663 171.963 88.0252 86.2478 67.0955 109.153 104.761
threshold=-0.20480131357908246 3.5000000000000004 0.020103662274777893 3.5000000000000004 0.014101834502071144 0.01784261874854565 -0.13811810314655301 0.0019962895894423132 75.500000000000014 -0.065537463873624788 8.5000000000000018 -0.071516510099172578 93.500000000000014 0.55050507187843334
decision_type=2 8 2 10 10 2 10 2 10 2 8 2 10 2
left_child=-1 2 5 4 -4 6 -2 8 9 10 -3 12 13 -9
right_child=1 7 3 -5 -6 -7 -8 11 -10 -11 -12 -13 -14 -15
leaf_value=0.016629509216043177 0.003280169975841271 -0.0057367286017241592 -0.022639160764808899 -0.0039710970256455211 0.00063711139611082154 0.015141371254977205 -0.0049349180275391454 0.0042766281174763188 0.017605710480451193 -0.0016693458661649408 -0.027878468012980408 -6.8698088261898819e-05 -0.020885934566307357 -0.0041491295331964407
leaf_weight=197.8927811421454 1343.0173055753112 317.20555014163256 409.07315667718649 774.49033091217279 137.75981759652495 169.19117416068912 1940.5174297690392 9263.0920562408864 248.15882403403521 688.38837134838104 319.64924625307322 28276.100921459496 164.04112428426743 1541.8842991404235
leaf_count=2636 6744 1433 2022 3786 759 884 8187 47162 1238 2876 1394 124214 871 8577
internal_value=0.000183986 0.000108973 -0.00313185 -0.00939562 -0.0168692 -0.000714558 -0.00157506 0.000488688 -0.00485536 -0.00916167 -0.0171093 0.000704122 0.00269456 0.00307154
internal_weight=45790.5 45592.6 4774.05 1321.32 546.833 3452.73 3283.53 40818.5 1573.4 1325.24 636.855 39245.1 10969 10805
internal_count=212783 210147 22382 6567 2781 15815 14931 187765 6941 5703 2827 180824 56610 55739
is_linear=0
shrinkage=0.03


Tree=193
num_leaves=15
num_cat=0
split_feature=245 231 244 137 244 249 231 243 70 249 109 231 245 229
split_gain=63.6247 56.8064 137.506 133.886 120.044 139.541 137.31 135.569 112.74 97.9406 89.8023 85.5741 153.985 116.498
threshold=-0.20480131357908246 91.500000000000014 0.0040264327544718989 25.500000000000004 0.030507362447679046 0.82323232293128978 97.500000000000014 -0.022999675013124939 9.5000000000000018 0.04545454494655133 5.5000000000000009 75.500000000000014 -0.077307771891355501 18.500000000000004
decision_type=2 10 2 8 2 2 10 2 8 2 10 10 2 10
left_child=-1 8 -3 -4 9 7 -7 10 -2 -5 -6 -10 13 -13
right_child=1 2 3 4 5 6 -8 -9 11 -11 -12 12 -14 -15
leaf_value=0.016850387299546021 0.0037918880838629892 0.017134661067385034 -0.011178437584768526 -0.0080732878622481272 -0.02371393059866651 -0.0089029475992796741 0.021767287724268992 0.0063469580851578979 -0.0010304092631147244 0.0079727873430257695 -0.0078189793007919454 0.0027280304082517273 0.00027844851138224833 0.02047744294822677
leaf_weight=193.44274266436696 7382.0657826587558 290.44231284037232 1556.2431188374758 429.86913568526506 522.96782747656107 231.88249871879816 280.76327918842435 366.83587732166052 26545.650509703904 1549.9616814702749 840.50581404566765 647.83346143364906 4329.2313969358802 682.17178222537041
leaf_count=2605 34357 1499 7499 1951 2809 1132 1748 1781 118164 7893 4115 3862 19682 3923
internal_value=0.000110685 3.60856e-05 -0.00266397 -0.00368689 -0.000906111 -0.00564655 0.00798947 -0.00970924 0.000450627 0.00446573 -0.0140438 -0.000316203 0.00302982 0.0119167
internal_weight=45849.9 45656.4 6069.47 5779.03 4222.79 2242.96 512.646 1730.31 39587 1979.83 1363.47 32204.9 5659.24 1330.01
internal_count=213020 210415 30427 28928 21429 11585 2880 8705 179988 9844 6924 145631 27467 7785
is_linear=0
shrinkage=0.03


Tree=194
num_leaves=15
num_cat=0
split_feature=209 57 238 222 249 117 137 67 1 67 137 249 6 124
split_gain=58.6059 56.3258 62.3908 69.8763 70.9547 53.3701 52.881 123.596 84.057 57.8657 56.6401 67.0186 58.828 52.768
threshold=51.500000000000007 76.500000000000014 -0.28176991641521448 28.500000000000004 0.85353535413742077 87.500000000000014 91.500000000000014 34.500000000000007 11.500000000000002 85.500000000000014 13.500000000000002 0.89393940567970287 41.500000000000007 5.5000000000000009
decision_type=10 10 10 10 2 10 10 10 10 10 10 2 10 10
left_child=1 6 -3 4 -4 -6 9 8 -8 10 12 13 -1 -12
right_child=-2 2 3 -5 5 -7 7 -9 -10 -11 11 -13 -14 -15
leaf_value=-0.00067263961168836689 -0.0027893609869288579 0.014073478294408351 -0.0011631145601079271 0.0046511533356797261 -0.01239671463259957 0.022279102367428364 5.3601813651294232e-05 -0.0013846821331506343 -0.027479628746708541 -0.0062979729647936345 -0.0066863275298220627 -0.012905941174865857 -0.0080496059872381658 0.0018307068123320643
leaf_weight=6135.4646736755967 6140.3769816793501 378.39863576367497 5265.708609636873 4337.1887792795897 43.192295894026756 186.70931326597929 147.48476656898856 2178.9391030743718 298.35855801403522 1208.2817731648684 670.58488635718822 284.98825300484896 1146.7804119363427 17417.767358180135
leaf_count=28816 27151 3367 25124 20174 193 1212 907 10692 1495 5347 2851 1371 4986 79377
internal_value=-6.43385e-05 0.000357737 0.00227688 0.00180907 -0.000438309 0.0155193 -0.00030736 -0.00436321 -0.0185703 9.04002e-05 0.000393605 0.00128091 -0.00184378 0.00151144
internal_weight=45840.2 39699.8 10211.2 9832.8 5495.61 229.902 29488.6 2624.78 445.843 26863.9 25655.6 18373.3 7282.25 18088.4
internal_count=213063 185912 50070 46703 26529 1405 135842 13094 2402 122748 117401 83599 33802 82228
is_linear=0
shrinkage=0.03


Tree=195
num_leaves=15
num_cat=0
split_feature=233 140 10 244 29 246 248 244 81 230 9 246 224 244
split_gain=57.1031 70.4286 97.1548 76.7521 78.5416 68.4194 67.9834 71.464 69.8595 65.1013 64.1385 69.1206 86.283 151.288
threshold=99.500000000000014 27.500000000000004 55.500000000000007 0.012283191084861757 99.500000000000014 0.0021583283087238674 0.32828283309936529 0.010955017060041429 64.500000000000014 93.500000000000014 52.500000000000007 0.03740720450878144 18.500000000000004 0.021798778325319294
decision_type=10 10 10 2 8 2 2 2 10 8 10 2 8 2
left_child=1 2 10 5 -5 -3 -7 8 -8 -9 11 12 13 -1
right_child=-2 3 -4 4 -6 6 7 9 -10 -11 -12 -13 -14 -15
leaf_value=0.0032949742752037964 0.0051732845195079282 -0.025075859050830516 -0.0056349222126120977 -0.00098575063573994428 0.0099194838167916879 -0.00064282753383941148 0.0021367547465087192 0.015054054694361723 0.010292605509787401 -0.019103861490150177 0.0066682528922351976 0.0025172346324384763 -0.0049126354706796735 -0.01596708076847541
leaf_weight=3232.2508144713938 1883.5308700241148 69.175796359777451 4133.1525429971516 14689.774542950094 609.46533720195293 3340.289185769856 5753.8894458040595 756.10106465965509 1123.2260491028428 45.358411550521851 1059.7630964443088 3585.9656437598169 5153.6752232797444 403.86209120228887
leaf_count=15492 9411 290 17788 69707 3405 14155 25976 3525 5399 242 4570 18608 22602 1921
internal_value=7.22608e-05 -0.000147447 -0.00161863 0.000832307 -0.000545131 0.00273167 0.00292882 0.00448136 0.00348184 0.0129093 -0.000379826 -0.000988265 -0.00241964 0.00111762
internal_weight=45839.5 43955.9 17568.7 26387.3 15299.2 11088 11018.9 7678.57 6877.12 801.459 13435.5 12375.8 8789.79 3636.11
internal_count=213091 203680 80981 122699 73112 49587 49297 35142 31375 3767 63193 58623 40015 17413
is_linear=0
shrinkage=0.03


Tree=196
num_leaves=15
num_cat=0
split_feature=63 64 142 230 244 230 231 249 249 59 70 249 122 230
split_gain=54.5767 66.5648 61.4648 63.9418 91.3306 73.0062 95.2443 88.444 86.1358 85.9097 59.6538 59.5521 62.6387 75.1576
threshold=63.500000000000007 98.500000000000014 34.500000000000007 89.500000000000014 0.010679336264729502 2.5000000000000004 91.500000000000014 0.85353535413742077 0.89393940567970287 9.5000000000000018 31.500000000000004 0.27777777612209326 18.500000000000004 63.500000000000007
decision_type=10 10 8 10 2 10 8 2 2 10 10 2 10 10
left_child=1 2 -1 5 -5 6 10 9 -7 -8 -4 12 13 -2
right_child=11 -3 3 4 -6 8 7 -9 -10 -11 -12 -13 -14 -15
leaf_value=0.001601342074911532 0.0087193871431643314 -0.0081649923067354333 0.011173772669792213 0.018104739582190693 0.00062234193459762411 -0.0025647372687209974 0.00054665769586787752 0.021294730120506429 -0.019774722669492508 -0.014376344793744554 6.4048209673773157e-05 0.0040549567174221098 -0.00068905106946218241 -0.01365735035727011
leaf_weight=8237.41321503371 1183.6501326784492 1071.1529889628291 1070.132640324533 326.73067602515221 1339.7570908516645 14848.013033695519 858.51253999769688 110.50255478546023 256.71845637261868 572.14908140525222 728.46385942399502 4927.9211396351457 10146.307373911142 143.30461376160383
leaf_count=35428 5494 4888 6192 1564 6359 65930 5705 772 1158 2950 3766 25461 46787 601
internal_value=-8.59314e-05 -0.000858909 -0.000580064 -0.00147392 0.00413748 -0.00198288 0.00202645 -0.00343505 -0.00287013 -0.0054797 0.00669937 0.00130027 0.000114597 0.00621873
internal_weight=45820.7 29419.5 28348.4 20111 1666.49 18444.5 3339.76 1541.16 15104.7 1430.66 1798.6 16401.2 11473.3 1326.95
internal_count=213055 134712 129824 94396 7923 86473 19385 9427 67088 8655 9958 78343 52882 6095
is_linear=0
shrinkage=0.03


Tree=197
num_leaves=15
num_cat=0
split_feature=190 228 230 140 245 101 244 242 244 224 229 230 245 76
split_gain=51.5156 63.1075 84.6217 56.877 51.1183 57.0356 68.8088 64.0185 63.2825 67.4763 57.3966 75.6815 56.6147 56.3618
threshold=89.500000000000014 93.500000000000014 62.500000000000007 96.500000000000014 -0.20480131357908246 3.5000000000000004 0.020103662274777893 0.029329683631658558 0.010255760978907348 37.500000000000007 6.5000000000000009 35.500000000000007 -0.12316501140594481 88.500000000000014
decision_type=10 10 8 10 2 8 2 8 2 10 10 10 2 10
left_child=1 4 -3 -4 -1 6 8 -8 -6 10 12 -12 -10 -7
right_child=-2 2 3 -5 5 13 7 -9 9 -11 11 -13 -14 -15
leaf_value=0.015125703101971453 0.0043118912345117043 -0.027178540403958625 -0.0082773936834007189 0.008360333490433235 -0.0046820257422315456 -0.00014246167983167297 -0.013326849890003819 0.0011371310516581454 0.014744646550562476 -0.011142780014886791 0.019799983239602019 0.0005624769117726447 -0.0063600786366387061 0.0033354704130800421
leaf_weight=189.71739763021469 2395.5483098067343 154.73905012011528 665.60805517435074 245.56925440579653 1847.9150853529572 32749.722060129046 914.60813391208649 390.12459403276443 143.96999179944396 230.82299557328224 421.60668620467186 321.92948764562607 435.39035091549158 4799.3136109560728
leaf_count=2608 11806 649 2995 1234 8376 147938 4282 2199 912 1005 1901 1333 2057 24171
internal_value=3.82282e-05 -0.000198 -0.00737325 -0.00375132 -1.61148e-05 -8.76609e-05 -0.00319724 -0.00902626 -0.000941549 0.00350868 0.00612953 0.0115887 -0.000954398 0.000302838
internal_weight=45906.6 43511 1065.92 911.177 42445.1 42255.4 4706.37 1304.73 3401.63 1553.72 1322.9 743.536 579.36 37549
internal_count=213466 201660 4878 4229 196782 194174 22065 6481 15584 7208 6203 3234 2969 172109
is_linear=0
shrinkage=0.03


Tree=198
num_leaves=15
num_cat=0
split_feature=70 231 249 224 226 235 103 244 184 193 245 64 229 248
split_gain=56.3934 150.605 79.8248 94.0187 75.0691 73.1694 70.5873 58.007 56.2047 65.0361 113.303 81.1016 70.0801 106.385
threshold=6.5000000000000009 78.500000000000014 0.53030303120613109 15.500000000000002 1.5000000000000002 9.5000000000000018 2.5000000000000004 0.0019962895894423132 73.500000000000014 72.500000000000014 -0.10802632942795752 92.500000000000014 59.500000000000007 0.49999998509883886
decision_type=8 10 2 10 8 10 10 2 10 8 2 8 10 2
left_child=1 5 3 6 -4 -1 -3 -7 9 11 -11 -2 -12 -14
right_child=8 2 4 -5 -6 7 -8 -9 -10 10 12 -13 13 -15
leaf_value=-0.0015661527947258432 -0.0017477388478581272 0.0053835916750682887 0.017161028032368322 0.002082428590695897 -0.0061847578130726898 -0.012525617672450267 -0.020961220705641565 0.007505136288330592 0.0015037940811076247 0.010972852861339862 -0.001960849948740693 -0.0086469536709887166 -0.00018340316272304712 0.0098688148740951522
leaf_weight=1211.8402608335018 13609.559861019254 104.13406404107809 211.59436235576868 350.81098018214107 272.95262195914984 125.90236719697714 578.77009358257055 3848.7163794152439 9306.6807061731815 829.61670131608844 8859.7014662027359 1719.7253538034856 3495.6641030162573 1289.716373860836
leaf_count=5479 60756 745 1562 1678 1597 544 2842 17926 44747 5497 39378 7927 15641 6679
internal_value=-9.4353e-05 0.00244561 -0.00583848 -0.0105158 0.00415086 0.00487723 -0.0169243 0.00684079 -0.000530292 -0.00116575 0.000276467 -0.00252686 -0.000381429 0.00254072
internal_weight=45815.4 6704.72 1518.26 1033.72 484.547 5186.46 682.904 3974.62 39110.7 29804 14474.7 15329.3 13645.1 4785.38
internal_count=212998 32373 8424 5265 3159 23949 3587 18470 180625 135878 67195 68683 61698 22320
is_linear=0
shrinkage=0.03


Tree=199
num_leaves=15
num_cat=0
split_feature=140 231 178 244 234 178 231 224 71 248 248 35 139 248
split_gain=54.9008 97.6444 95.4212 68.0835 91.0778 74.728 68.0482 95.8356 80.0364 69.1852 66.4135 65.774 63.4925 62.8504
threshold=27.500000000000004 4.5000000000000009 49.500000000000007 0.012283191084861757 3.5000000000000004 99.500000000000014 89.500000000000014 16.500000000000004 24.500000000000004 0.88383838534355175 0.57070705294609081 61.500000000000007 1.0000000180025095e-35 0.32828283309936529
decision_type=10 8 10 2 10 8 10 8 8 2 2 10 10 2
left_child=1 10 6 13 -5 -6 8 -8 -3 -10 12 -9 -1 -2
right_child=3 2 -4 4 5 -7 7 11 9 -11 -12 -13 -14 -15
leaf_value=-0.026715507899156422 -0.00083159802267424835 0.0031267755868109007 -0.0059090278163381115 0.0069982527255028418 -0.0015694262013130217 0.0098140077978094136 -0.0093526316658698837 0.006684690754132745 -0.00097790225209582284 -0.018102276465361559 -0.027717952353801922 -0.019785315011619415 -0.0021038277885273432 0.0040415770683108459
leaf_weight=106.64944817870855 3382.8226562067866 6981.3924446776509 2792.4341349154711 1342.125557962805 13880.443324413151 529.26870651170611 1424.4011856503785 707.49127470329404 5661.9977003969252 210.69204489141703 169.32068494707346 85.998637072741985 504.20167758315802 8016.2811730839312
leaf_count=544 14337 32709 11728 7412 65238 2978 7615 3445 26189 988 706 395 2117 36722
internal_value=-2.95971e-05 -0.00128269 -0.000825729 0.000831055 -0.000446973 -0.0011448 0.000119364 -0.00472132 0.000957614 -0.00162199 -0.0116032 0.00360533 -0.00676191 0.00259594
internal_weight=45795.5 18644.6 17864.4 27150.9 15751.8 14409.7 15072 2217.89 12854.1 5872.69 780.172 793.49 610.851 11399.1
internal_count=213123 86436 83069 126687 75628 68216 71341 11455 59886 27177 3367 3840 2661 51059
is_linear=0
shrinkage=0.03


Tree=200
num_leaves=15
num_cat=0
split_feature=236 242 119 248 148 140 59 27 47 118 120 229 23 248
split_gain=51.3107 47.0466 48.4576 65.4075 44.8081 99.6496 88.658 79.7555 73.9247 83.2222 53.9691 54.5232 50.415 48.4831
threshold=-0.08872636035084723 0.044211084023118026 14.500000000000002 0.85353535413742077 12.500000000000002 89.500000000000014 74.500000000000014 4.5000000000000009 17.500000000000004 98.500000000000014 46.500000000000007 37.500000000000007 1.0000000180025095e-35 0.70202019810676586
decision_type=2 8 10 2 8 8 10 10 10 10 10 10 8 2
left_child=1 2 3 -1 5 12 7 -7 9 10 11 -6 13 -2
right_child=4 -3 -4 -5 8 6 -8 -9 -10 -11 -12 -13 -14 -15
leaf_value=-0.002842040631159207 -0.020922287215186724 0.0063741569823489068 0.0013188967325769077 -0.029819121342320971 -0.0043586894477279821 0.0076552776456148683 0.008387301328192813 -0.030293527703526377 -0.0010346744157085713 -0.018044249364755655 0.0054252632142277237 0.0048133829234996853 -0.00097439813597571887 0.0040720790918690811
leaf_weight=441.83608797937632 216.66406333446503 1596.584298864007 11519.248432539403 89.765720680356026 1324.358750090003 55.86935855448246 92.160777807235718 281.23978887498379 21292.768710635602 160.30641293525696 3810.2292181551456 1026.3450263589621 3797.1400262638927 96.812279768288136
leaf_count=1994 951 10066 59732 375 6161 267 442 1212 92044 727 17505 4591 16510 442
internal_value=1.07474e-05 0.00155135 0.000907633 -0.00786383 -0.000643426 -0.00340198 -0.0169863 -0.0239649 -0.000188838 0.00265745 0.00322447 -0.000350628 -0.0019456 -0.0133159
internal_weight=45801.3 13647.4 12050.9 531.602 32153.9 4539.89 429.27 337.109 27614 6321.24 6160.93 2350.7 4110.62 313.476
internal_count=213019 72167 62101 2369 140852 19824 1921 1479 121028 28984 28257 10752 17903 1393
is_linear=0
shrinkage=0.03


Tree=201
num_leaves=15
num_cat=0
split_feature=194 29 245 245 120 245 231 249 224 243 228 231 245 151
split_gain=50.5831 73.4496 69.6709 79.4084 80.4081 69.6536 69.526 71.1108 62.3302 95.9429 93.0729 59.2388 83.5387 71.9137
threshold=29.500000000000004 99.500000000000014 -0.091790020465850816 -0.08689167350530623 75.500000000000014 -0.08844884485006331 17.500000000000004 0.075757574290037169 6.5000000000000009 -0.033607346937060349 8.5000000000000018 92.500000000000014 -0.075686518102884279 20.500000000000004
decision_type=10 8 2 2 10 2 8 2 10 2 10 10 2 10
left_child=2 8 6 4 -4 -6 7 -1 9 10 11 13 -13 -2
right_child=1 -3 3 -5 5 -7 -8 -9 -10 -11 -12 12 -14 -15
leaf_value=-0.020672413665158717 -0.012926079111110517 0.0090162458908877429 -0.017407504307924256 0.00064290289193669691 0.0099193794275338736 -0.0137006761743353 0.0056887237450917033 0.0070910920384531185 -0.0007783971669708459 0.004285174585371321 -0.032046685549330302 -0.0066029724026916425 -0.029581966420973313 0.0051325103971025321
leaf_weight=180.44336526095867 317.39035598561168 628.0813212916255 442.34488097578287 18123.409104503691 271.64133788645267 176.96020890772343 3740.8585488833487 140.22064888477325 19909.187214069068 582.45079487189651 144.8346505984664 450.41103699058294 204.00589507818222 494.76466910913587
leaf_count=821 1653 3529 2005 80673 1359 825 22559 756 89303 2754 687 2774 873 2610
internal_value=-1.53901e-05 -0.00101961 0.00097384 0.000211101 -0.00848216 0.000506379 0.00453538 -0.00868463 -0.00130874 -0.00609619 -0.00985188 -0.00745779 -0.0141038 -0.00199617
internal_weight=45807 22731.1 23075.9 19014.4 890.946 448.602 4061.52 320.664 22103 2193.86 1611.41 1466.57 654.417 812.155
internal_count=213181 104183 108998 84862 4189 2184 24136 1577 100654 11351 8597 7910 3647 4263
is_linear=0
shrinkage=0.03


Tree=202
num_leaves=15
num_cat=0
split_feature=231 243 245 228 230 226 228 228 230 226 245 231 226 222
split_gain=59.9603 141.6 142.872 111.939 116.176 217.56 205.869 159.337 134.958 129.056 107.033 104.489 106.488 103.003
threshold=26.500000000000004 -0.020192230120301243 -0.10442371666431426 3.5000000000000004 74.500000000000014 52.500000000000007 19.500000000000004 34.500000000000007 1.5000000000000002 81.500000000000014 -0.099302399903535829 22.500000000000004 46.500000000000007 42.500000000000007
decision_type=8 2 2 8 10 8 8 10 8 10 2 10 8 10
left_child=1 2 11 -4 5 8 -7 -8 -5 -9 -2 12 -1 -12
right_child=10 -3 3 4 -6 6 7 9 -10 -11 13 -13 -14 -15
leaf_value=-0.029591364038476259 0.0036790488930783585 -0.0019944680754080779 0.025873820459856527 -0.016078981731008083 0.014651524696267421 0.01182846073115628 -0.020580291836719663 -0.0060671840899236378 0.010238965246722328 0.026310283291224854 -0.0026457823742372815 0.01208750170244572 0.00096381701086909952 0.0010316837589204823
leaf_weight=243.27856365591288 4411.872581847012 4997.2497925683856 235.92211270332336 178.70871637016535 962.01503130793571 518.19553555548191 677.76658403128386 684.58161164820194 2698.2316628172994 121.83839728683233 19048.192215181887 139.36226256936789 171.58143448084593 10698.36859986186
leaf_count=1083 28104 21393 1052 815 4379 2219 2936 2992 11647 605 85371 763 974 48730
internal_value=-4.28318e-05 0.00181689 0.00468768 0.00602037 0.00517567 0.00328125 -0.00429945 -0.0099719 0.00855412 -0.00091307 -0.000676294 -0.00977351 -0.0172288 -0.00132328
internal_weight=45787.2 11628.7 6631.48 6077.26 5841.34 4879.32 2002.38 1484.19 2876.94 806.42 34158.4 554.222 414.86 29746.6
internal_count=213063 50858 29465 26645 25593 21214 8752 6533 12462 3597 162205 2820 2057 134101
is_linear=0
shrinkage=0.03


Tree=203
num_leaves=15
num_cat=0
split_feature=245 101 246 75 246 26 98 61 248 67 224 248 226 229
split_gain=47.4848 48.0622 66.9413 61.8247 58.232 55.7979 51.1859 69.9987 81.5511 77.1744 63.1884 106.191 80.2004 101.074
threshold=-0.25948600471019739 3.5000000000000004 0.010111218318343164 55.500000000000007 0.27418062090873724 3.5000000000000004 44.500000000000007 58.500000000000007 0.84343436360359203 79.500000000000014 32.500000000000007 0.7929292917251588 12.500000000000002 10.500000000000002
decision_type=2 8 2 8 2 10 10 10 2 10 8 2 8 8
left_child=-1 2 -2 5 -5 -3 7 8 10 -9 11 12 -7 -14
right_child=1 3 -4 4 -6 6 -8 9 -10 -11 -12 -13 13 -15
leaf_value=0.02477484285864754 0.0072180966577922211 0.0079051874687040575 -0.0041073902709026213 0.0017094682953401974 -0.021057230234113742 0.0070283844165665681 0.0017516675317605476 0.00077839322608772943 0.011675020672325639 -0.0072567210034233942 -0.0069343852400336036 -0.020447048092098168 -0.01577728968742214 0.0012646502306651543
leaf_weight=59.285207074135542 517.16312096267939 637.99039610102773 4354.6568719409406 17751.833497613668 91.739945460110903 1041.9364401139319 4702.7153495550156 9071.214935913682 277.29109846055508 1210.3763600736856 4263.2492452934384 223.84970896691084 434.52644269913435 1055.9360472708941
leaf_count=910 2375 3399 21085 84665 549 4973 21597 40569 1330 5385 18535 956 1884 4531
internal_value=-4.21429e-05 -7.98042e-05 -0.00289282 0.000257026 0.00158069 -0.000773747 -0.00102569 -0.00176929 -0.00401431 -0.000173654 -0.00464982 -0.00110384 0.000679684 -0.00377576
internal_weight=45693.8 45634.5 4871.82 40762.7 17843.6 22919.1 22281.1 17578.4 7296.79 10281.6 7019.5 2756.25 2532.4 1490.46
internal_count=212743 211833 23460 188373 85214 103159 99760 78163 32209 45954 30879 12344 11388 6415
is_linear=0
shrinkage=0.03


Tree=204
num_leaves=15
num_cat=0
split_feature=239 230 229 115 243 70 163 245 245 229 245 248 248 243
split_gain=49.465 64.9327 123.289 86.1692 62.4641 59.3512 57.7462 55.9827 86.9737 152.109 77.2581 100.754 122.418 69.6331
threshold=-0.0099651268683373911 71.500000000000014 80.500000000000014 13.500000000000002 -0.014932050369679926 6.5000000000000009 60.500000000000007 -0.089458752423524843 -0.086250346153974519 5.5000000000000009 -0.09233562275767325 0.80303028225898754 0.6111111342906953 -0.061821227893233292
decision_type=10 8 10 8 2 8 10 2 2 10 2 2 2 2
left_child=1 2 6 -3 -4 -2 -1 10 9 -9 11 12 -8 -14
right_child=5 3 4 -5 -6 -7 7 8 -10 -11 -12 -13 13 -15
leaf_value=0.0026209070301787128 0.0026194781953444704 0.014578978516064899 -0.029107985655815297 0.002497330012135297 -0.00034099098510037811 -0.0016079691206374194 0.0071070119845197711 -0.044170486293884897 -0.0017417581274121051 -0.0027439723863867211 0.016615483054799651 0.0064679393729044597 -0.0052696047525961354 -0.023215074440444034
leaf_weight=6393.0496767088771 3484.7221150882542 592.15058665722609 184.18558227270842 4582.1436153240502 104.85501271486282 20668.243554968387 461.58770121634007 111.85100313276052 6446.0599066391587 235.20507518947124 298.33863636851311 1347.4786971993744 532.98576492071152 304.15433913469315
leaf_count=29419 16463 3145 785 22224 464 93993 3225 493 27998 1045 1402 7645 3164 1497
internal_value=-6.46465e-05 0.000978409 5.42164e-05 0.00390542 -0.0190326 -0.000997213 0.000407806 -0.00104636 -0.00254294 -0.0169583 0.00240322 0.000744382 -0.00519807 -0.0119867
internal_weight=45747 21594 16419.8 5174.29 289.041 24153 16130.7 9737.66 6793.12 347.056 2944.55 2646.21 1298.73 837.14
internal_count=212962 102506 77137 25369 1249 110456 75888 46469 29536 1538 16933 15531 7886 4661
is_linear=0
shrinkage=0.03


Tree=205
num_leaves=15
num_cat=0
split_feature=189 243 80 76 228 62 244 228 243 232 151 244 62 126
split_gain=46.9654 65.8685 62.5679 57.4302 53.903 62.4915 74.6315 59.5306 74.3372 70.6229 53.1116 53.9919 66.9136 52.2623
threshold=46.500000000000007 -0.01076094154268503 10.500000000000002 86.500000000000014 3.5000000000000004 35.500000000000007 0.0057275851722806701 93.500000000000014 -0.017595321871340271 87.500000000000014 66.500000000000014 0.071196328848600401 1.0000000180025095e-35 27.500000000000004
decision_type=10 2 8 10 8 8 2 10 2 8 10 2 10 8
left_child=1 10 -3 4 5 6 -2 9 -9 -6 11 12 13 -1
right_child=3 2 -4 -5 7 -7 -8 8 -10 -11 -12 -13 -14 -15
leaf_value=-0.017598032743152997 0.0056847940953828465 0.0040803725233860624 -0.0077680923000718986 0.0043923849752380067 0.00031756425068991826 0.00077756621121013536 -0.018652982404440153 -0.019077765335390275 0.0012363608452474319 0.0058940878575269272 -0.0038398689273030622 0.010238813749862477 0.00061414222254312025 -0.0032903760672866392
leaf_weight=271.47226659953594 145.81427956372499 492.25448591262102 2035.0960053130984 3790.1309849582613 14003.922338571399 646.78269396722317 444.80727444589138 290.22882060706615 349.984175093472 2383.4723690077662 3285.2784133069217 469.14135013893247 15919.730664946139 1292.1353455409408
leaf_count=1275 709 2192 8941 20220 63108 3450 2320 1307 1549 11487 15181 3301 71271 6993
internal_value=4.01517e-05 -0.000884936 -0.00545337 0.00103691 0.000338604 -0.00568144 -0.0126498 0.000779161 -0.00812445 0.00113174 -0.00033897 0.000303471 3.11688e-05 -0.00587051
internal_weight=45820.3 23765.1 2527.35 22055.1 18265 1237.4 590.622 17027.6 640.213 16387.4 21237.8 17952.5 17483.3 1563.61
internal_count=213304 109154 11133 104150 83930 6479 3029 77451 2856 74595 98021 82840 79539 8268
is_linear=0
shrinkage=0.03


Tree=206
num_leaves=15
num_cat=0
split_feature=240 242 69 171 178 176 78 225 234 62 65 244 69 215
split_gain=49.4104 45.0088 49.7284 48.49 53.9379 100.86 87.1808 85.5152 62.2677 61.5139 63.6257 60.0917 58.0211 51.9787
threshold=0.10123237967491151 0.010348482988774778 4.5000000000000009 28.500000000000004 13.500000000000002 7.5000000000000009 9.5000000000000018 77.500000000000014 7.5000000000000009 21.500000000000004 53.500000000000007 0.11348605155944826 21.500000000000004 56.500000000000007
decision_type=8 8 8 8 8 10 10 10 10 8 10 2 10 10
left_child=1 -1 -3 13 5 11 8 -8 -7 10 -6 -5 -10 -4
right_child=-2 2 3 4 9 6 7 -9 12 -11 -12 -13 -14 -15
leaf_value=-0.010193825474907161 0.012211074694695019 0.0026431914427084177 -0.00099217473884811156 0.0059458360982636519 0.010989319528556129 0.009219575228406534 -0.0017974184536968297 -0.018026759150826778 -0.0026391608602782577 0.00066671766364983771 -0.00040260336221835884 -0.02149961969814005 -0.033960646710273004 -0.0063204447175722045
leaf_weight=378.96563594043255 288.59654419869184 5808.7924398817122 13441.70911392197 1299.1654090844095 1094.0404331535101 50.279780440032482 2675.2372386232018 318.49220105260611 74.785583943128586 17394.209969315678 733.85748616233468 66.259258143603802 191.34120874106884 1869.0226003751159
leaf_count=1641 1684 27978 62478 7219 4895 240 12118 1454 361 79801 3430 432 846 8147
internal_value=4.74056e-05 -3.25946e-05 5.519e-05 -0.000328803 0.000515633 -0.00237096 -0.00519672 -0.00357827 -0.0199312 0.00121863 0.00643843 0.00446738 -0.0255732 -0.00164631
internal_weight=45684.8 45396.2 45017.2 39208.4 23897.7 4675.56 3310.14 2993.73 316.407 19222.1 1827.9 1365.42 266.127 15310.7
internal_count=212724 211040 209399 181421 110796 22670 15019 13572 1447 88126 8325 7651 1207 70625
is_linear=0
shrinkage=0.03


Tree=207
num_leaves=15
num_cat=0
split_feature=149 120 238 52 249 230 190 7 189 244 238 240 139 52
split_gain=47.8238 55.5831 51.4792 54.8691 100.105 82.8313 88.4418 62.6939 50.9254 56.3364 46.1353 44.8832 44.7757 54.3105
threshold=22.500000000000004 15.500000000000002 -0.27279300987720484 6.5000000000000009 0.015151515137404205 6.5000000000000009 2.5000000000000004 4.5000000000000009 20.500000000000004 0.094444546848535552 -0.09317022934556006 -0.03006512206047773 42.500000000000007 37.500000000000007
decision_type=8 8 10 10 2 8 8 10 10 2 10 10 10 10
left_child=1 -1 -2 4 5 6 -4 8 9 -6 -9 -3 13 -5
right_child=2 11 3 12 7 -7 -8 10 -10 -11 -12 -13 -14 -15
leaf_value=0.0049346948866369955 0.0092138840186949521 0.0021892481330195775 -0.017291037198620525 0.00094026922351982546 -0.0055783217481459001 0.00034663334974485894 0.023598663060715872 -0.0042309355783788673 0.0051824184972234519 0.015739349712140225 -0.012487955868878934 -0.0035903896007853536 -0.00013909205478153123 0.0050929025307187041
leaf_weight=965.9714392721653 593.46084495261312 1446.4642913490534 48.366671342402697 9071.5223677121103 1218.0958818756044 709.57588997483253 314.00777841731906 2683.3114952296019 1029.7965353429317 113.07498648762703 786.17538695782423 7187.0164938233793 15473.156279928982 4116.795307725668
leaf_count=4077 5433 7033 248 41757 6326 3090 1632 12727 5879 924 3418 32407 68447 19742
internal_value=2.5155e-05 -0.00185603 0.000524967 0.000377425 -0.00202193 0.00636476 0.0178233 -0.00357211 0.000200368 -0.00366366 -0.00613246 -0.00262065 0.000955753 0.00223941
internal_weight=45756.8 9599.45 36157.3 35563.9 6902.4 1071.95 362.374 5830.45 2360.97 1331.17 3469.49 8633.48 28661.5 13188.3
internal_count=213140 43517 169623 164190 34244 4970 1880 29274 13129 7250 16145 39440 129946 61499
is_linear=0
shrinkage=0.03


Tree=208
num_leaves=15
num_cat=0
split_feature=238 29 226 231 248 248 118 104 121 226 231 62 244 231
split_gain=55.1522 75.3087 64.211 123.746 82.6186 101.251 85.764 77.287 69.4515 67.5525 103.303 65.2461 64.9023 63.837
threshold=-0.096997927874326692 10.500000000000002 49.500000000000007 60.500000000000007 0.69191917777061474 0.59090909361839306 67.500000000000014 50.500000000000007 48.500000000000007 81.500000000000014 24.500000000000004 20.500000000000004 0.0084710428491234797 21.500000000000004
decision_type=10 8 8 10 2 2 10 10 8 10 10 10 2 10
left_child=-1 -2 4 7 5 6 -3 9 -5 -4 -11 -6 -12 -7
right_child=1 2 3 8 11 13 -8 -9 -10 10 12 -13 -14 -15
leaf_value=0.00098226940226627804 -0.0055780587631854344 0.0045925485439663174 -0.0092045222604740795 -0.0062090094205349963 0.007844955954894246 0.030175194827904463 -0.0034642592955025967 0.00042923540731196744 0.0043889509085139724 0.0068850098662917945 0.0029306189812023419 -0.0073584986646555352 -0.012857533290118463 0.0087961388528669648
leaf_weight=24549.105254206806 2912.8964032530785 3277.1908993199468 2948.2881731390953 669.63017515093088 307.94947765767574 145.65418443083763 1854.1143556162715 2150.8765323013067 3078.9899720996618 723.04784679412842 342.21213313937187 1274.5785058364272 711.96849128603935 747.58360016345978
leaf_count=121102 12618 13762 12477 2925 1351 608 8124 9534 14186 3093 1442 5399 3026 3239
internal_value=1.51586e-05 -0.00110758 -0.000390677 -0.00189638 0.00171211 0.00331417 0.00168028 -0.00428462 0.00248431 -0.00642657 -0.00179244 -0.00436932 -0.00775295 0.0125778
internal_weight=45694.1 21145 18232.1 10625 7607.07 6024.54 5131.31 6876.39 3748.62 4725.52 1777.23 1582.53 1054.18 893.238
internal_count=212886 91784 79166 46683 32483 25733 21886 29572 17111 20038 7561 6750 4468 3847
is_linear=0
shrinkage=0.03


Tree=209
num_leaves=15
num_cat=0
split_feature=233 77 224 51 70 226 243 222 178 140 243 232 141 66
split_gain=52.4086 76.416 72.0937 67.3746 67.2831 62.3388 78.83 61.949 56.8964 98.9622 55.6635 55.0433 54.7915 64.9398
threshold=68.500000000000014 37.500000000000007 6.5000000000000009 3.5000000000000004 19.500000000000004 3.5000000000000004 -0.080658521503210054 2.5000000000000004 12.500000000000002 88.500000000000014 -0.025881183333694931 17.500000000000004 71.500000000000014 28.500000000000004
decision_type=10 10 10 8 10 10 2 10 10 8 2 10 10 10
left_child=3 5 10 11 -4 -2 7 -7 9 -6 -3 -1 13 -10
right_child=1 2 4 -5 8 6 -8 -9 12 -11 -12 -13 -14 -15
leaf_value=0.0042142261922543788 0.0093219070074259079 -0.012151429243171592 0.0059759711567893385 -0.00035888700598416472 -0.0035500045786033721 -0.020999153013313995 0.0031622405829902986 0.0026237289191951957 -0.006606628014046545 -0.029983946798130805 0.0057652557755924708 -0.0067550823031390138 0.0064293725458337845 0.0027346987816041493
leaf_weight=481.84386341646314 1366.3499140702188 743.54197100177407 1495.372781060636 27556.415261339396 1577.1465338394046 216.28225940838456 5368.256703864783 175.3247654363513 1203.6413591876626 129.14400413259864 190.36219700425863 2597.9712281525135 1113.6951260045171 1485.8678688704967
leaf_count=2148 8164 3837 6860 127026 7445 1191 24403 1010 5066 617 942 12540 5182 6462
internal_value=-0.000117696 0.00133052 -0.000693761 -0.000830038 0.000354522 0.00358342 0.00220834 -0.0106211 -0.0011793 -0.00571376 -0.008477 -0.00503082 0.000864713 -0.00145483
internal_weight=45701.2 15065 7938.77 30636.2 7004.87 7126.21 5759.86 391.607 5509.49 1706.29 933.904 3079.82 3803.2 2689.51
internal_count=212893 71179 36411 141714 31632 34768 26604 2201 24772 8062 4779 14688 16710 11528
is_linear=0
shrinkage=0.03


Tree=210
num_leaves=15
num_cat=0
split_feature=242 66 242 224 245 64 224 224 230 121 230 246 250 49
split_gain=53.8147 49.9506 59.4603 90.4985 62.0184 67.6703 59.2113 55.7688 82.7142 91.1432 78.8009 58.4153 57.4929 57.6675
threshold=0.010348482988774778 15.500000000000002 0.022737214341759685 82.500000000000014 -0.043979879468679421 43.500000000000007 87.500000000000014 44.500000000000007 31.500000000000004 41.500000000000007 71.500000000000014 0.0094774337485432642 -6.1440001445589574e-05 20.500000000000004
decision_type=8 10 8 10 2 10 10 10 10 10 10 2 2 10
left_child=-1 6 3 7 5 -5 -2 10 9 -9 12 -12 -3 -14
right_child=1 2 -4 4 -6 -7 -8 8 -10 -11 11 -13 13 -15
leaf_value=-0.011031703143895301 -0.0013021730843437477 0.0049354973563959237 0.0017148280875098202 0.022196818137666705 -0.00025363842215619226 0.0053704403989624002 -0.011354082898019221 0.0020396262249623258 -0.0021858418909500967 -0.018129073143638659 -0.0080090620002251332 0.010605682048233622 5.8672481730725314e-05 -0.0049613091222709379
leaf_weight=384.9365872964263 8101.35410201177 1210.420086376369 19390.084642264992 294.95864345878363 969.78293189406395 764.00349579751492 554.52375627309084 285.34954924881458 3654.2879961803555 662.46695160865784 175.38170120120049 876.27785786241293 4950.1244211681187 3516.6731891296804
leaf_count=1675 36550 5561 95550 1382 4167 4010 2373 1197 15784 2834 749 4025 22046 15395
internal_value=-5.45251e-06 9.04334e-05 0.000573429 -0.00070172 0.00523721 0.010221 -0.00195849 -0.00149052 -0.00424933 -0.0120992 -0.000304284 0.00745517 -0.00115436 -0.00202976
internal_weight=45790.6 45405.7 36749.8 17359.7 2028.75 1058.96 8655.88 15331 4602.1 947.817 10728.9 1051.66 9677.22 8466.8
internal_count=213298 211623 172700 77150 9559 5392 38923 67591 19815 4031 47776 4774 43002 37441
is_linear=0
shrinkage=0.03


Tree=211
num_leaves=15
num_cat=0
split_feature=245 246 252 243 77 226 226 246 245 228 231 228 231 228
split_gain=51.3606 49.9924 56.7546 52.8391 57.9347 53.7863 72.7381 51.8943 122.574 66.6818 66.6753 119.711 111.308 96.0415
threshold=-0.20480131357908246 0.27418062090873724 0.23053005337715152 -0.0086065828800201399 1.5000000000000002 47.500000000000007 50.500000000000007 0.11093964427709581 -0.15719281136989591 5.5000000000000009 99.500000000000014 8.5000000000000018 97.500000000000014 1.5000000000000002
decision_type=2 2 2 2 8 8 10 2 2 10 10 8 10 10
left_child=-1 2 3 4 -2 -5 -7 10 9 -9 12 -12 -6 -14
right_child=1 -3 -4 5 7 6 -8 8 -10 -11 11 -13 13 -15
leaf_value=0.015261200472930028 -0.0062160719506449387 -0.015741068786660931 0.0083265328276206016 0.0010895834441125097 6.351858508687127e-05 -0.021906759546867407 -0.0045801919802278771 0.00076909882921344678 0.0098684334301804028 -0.038467151223234929 -0.016538074739312517 0.0028077193067538525 -0.027041353883641952 0.013945525968065805
leaf_weight=185.23058069869876 1264.1820450946689 174.55952375382185 698.87058696523309 1357.2547025680542 36603.199772108346 234.79852467030287 2106.65602388978 78.024843845516443 1075.3202316127717 67.148754000663757 575.03143564611673 561.85947276651859 46.018696740269661 756.34550276398659
leaf_count=2620 5952 965 4137 5855 166494 1086 9195 556 6085 386 2875 2849 247 3987
internal_value=-9.33026e-05 -0.000159007 -9.56765e-05 -0.000229111 8.08591e-05 -0.00365833 -0.00640345 0.00028257 0.00634738 -0.0186887 8.89234e-05 -0.00703613 0.000307302 0.0112908
internal_weight=45784.5 45599.3 45424.7 44725.8 41027.1 3698.71 2341.45 39762.9 1220.49 145.174 38542.5 1136.89 37405.6 802.364
internal_count=213289 210669 209704 205567 189431 16136 10281 183479 7027 942 176452 5724 170728 4234
is_linear=0
shrinkage=0.03


Tree=212
num_leaves=15
num_cat=0
split_feature=226 226 231 248 231 249 228 246 122 224 243 246 231 226
split_gain=48.482 50.1551 113.895 131.021 187.787 154.551 128.515 112.919 94.9712 98.6693 131.024 84.3836 81.356 81.1613
threshold=99.500000000000014 81.500000000000014 24.500000000000004 0.68181815743446361 34.500000000000007 1.0000000180025095e-35 48.500000000000007 0.0051153034437447795 47.500000000000007 38.500000000000007 -0.015100223943591116 0.0058016881812363872 8.5000000000000018 98.500000000000014
decision_type=10 10 10 2 10 2 10 2 10 10 2 2 10 10
left_child=1 -1 6 5 -5 -4 12 -7 9 -9 -11 -6 -3 -13
right_child=-2 2 3 4 11 7 -8 8 -10 10 -12 13 -14 -15
leaf_value=-0.00027754657438421309 -0.0081057988526349826 0.0024912990088366191 -0.041752093377841158 -0.029752769485270007 -0.012020664556411034 0.03482554948558178 0.0023886060354167751 0.01353196037784519 0.00095268813472427583 -0.020176602774502957 0.0062332780347348141 0.024913291481506488 0.026524633327323802 -0.0029374691862926977
leaf_weight=38157.188458122313 639.39148950576782 177.3360226303339 74.322863385081291 79.305510833859444 76.500737428665161 68.87930078804493 914.35116532444954 135.70338126271963 3488.9999246373773 633.21069088578224 223.98037905991077 527.80347771570086 454.99027946591377 111.76918049156666
leaf_count=177458 3068 756 308 340 323 307 4267 589 16314 2724 956 3050 2066 676
internal_value=3.29296e-05 0.000150022 0.00248874 0.000433849 0.0116018 -0.0015076 0.00964125 -0.000760226 -0.00138343 -0.00952013 -0.0132835 0.0165286 0.0199282 0.0200759
internal_weight=45763.7 45124.3 6967.15 5420.48 795.379 4625.1 1546.68 4550.77 4481.89 992.894 857.191 716.073 632.326 639.573
internal_count=213202 210134 32676 25587 4389 21198 7089 20890 20583 4269 3680 4049 2822 3726
is_linear=0
shrinkage=0.03


Tree=213
num_leaves=15
num_cat=0
split_feature=226 245 151 244 245 244 243 77 245 244 134 246 233 68
split_gain=46.0212 50.8841 46.9597 71.9578 50.3761 118.066 93.8617 93.3534 91.1612 59.469 57.413 59.7343 52.0989 71.8277
threshold=99.500000000000014 -0.081499516963958726 3.5000000000000004 0.10114844888448717 -0.11046205461025237 0.01445383206009865 -0.064820505678653703 1.5000000000000002 -0.14112358540296552 0.025379881262779239 71.500000000000014 0.20312885940074923 57.500000000000007 19.500000000000004
decision_type=10 2 10 2 2 2 2 10 2 2 8 2 10 8
left_child=2 -2 3 -1 5 -4 8 -8 9 -7 -10 -12 13 -6
right_child=1 -3 4 -5 12 6 7 -9 10 -11 11 -13 -14 -15
leaf_value=-0.003519810093618196 -0.035110487644913362 -0.0051586747380162664 0.012374444883369898 0.022212824455220149 -0.0038574766306816474 0.024817360224557005 -0.0093599134739726884 0.014624937112158501 -0.020295742310632268 -0.0015706996482516306 0.014707497855218819 -0.029051803266824758 0.0015101630135750566 0.00019639314418169447
leaf_weight=3951.717546723783 46.544008657336235 596.41203746199608 1034.408041741699 90.410870149731636 5096.4877719655633 79.436769407242537 192.70734138786793 527.46266168728471 391.77980663999915 540.06403987109661 93.167798690497875 28.654203645884991 15991.300794757903 17122.997069738805
leaf_count=18663 344 2734 6549 738 22637 761 1015 3653 2172 4409 745 140 71875 76931
internal_value=7.61267e-05 -0.00783142 0.000190467 -0.00289085 0.00049415 0.00430777 -0.000236906 0.00816664 -0.00560269 0.00215345 -0.0148205 0.00299165 0.000204894 -0.000734761
internal_weight=45783.6 642.956 45140.6 4042.13 41098.5 2887.68 1853.27 720.17 1133.1 619.501 513.602 121.822 38210.8 22219.5
internal_count=213366 3078 210288 19401 190887 19444 12895 4668 8227 5170 3057 885 171443 99568
is_linear=0
shrinkage=0.03


Tree=214
num_leaves=15
num_cat=0
split_feature=233 72 193 242 233 119 222 230 226 226 226 230 192 224
split_gain=45.7601 61.6119 49.8403 70.0067 69.6954 59.9897 51.854 93.9639 116.392 110.215 108.548 83.4009 85.2082 81.0578
threshold=99.500000000000014 30.500000000000004 72.500000000000014 0.020660593174397949 14.500000000000002 96.500000000000014 12.500000000000002 59.500000000000007 61.500000000000007 41.500000000000007 34.500000000000007 11.500000000000002 1.0000000180025095e-35 6.5000000000000009
decision_type=10 10 8 8 10 10 10 10 10 8 10 8 10 10
left_child=2 -2 6 4 -4 -5 7 9 -9 10 -1 12 -8 -13
right_child=1 -3 3 5 -6 -7 11 8 -10 -11 -12 13 -14 -15
leaf_value=-0.0029054894009623569 0.0089660529585794541 -0.0020317295148058684 -0.0059949899630814185 0.0015349328105243702 0.00048368890546126214 0.0080931238151527394 -0.0071955910600208237 -0.033755266302425292 -0.0051811997763050342 0.0055306419930484709 -0.018798741590971304 -0.016424800813339021 0.0063012371211058297 -0.00088094246573892899
leaf_weight=4925.6098992824554 1122.0101632662117 765.25832012668252 2109.8562278971076 10483.108745198697 5060.8249966576695 1417.510244525969 491.46799855679274 184.90802815556526 388.95822700113058 1306.9094768799841 410.44663669168949 298.64020468294621 2650.2586744502187 14028.478590331972
leaf_count=25291 5924 3546 9191 49256 22298 8236 2523 764 1787 5942 1839 1346 12956 61906
internal_value=-4.18591e-05 0.00451942 -0.000239578 0.000912067 -0.00142825 0.00232223 -0.00112931 -0.00326659 -0.0148086 -0.00224875 -0.00416087 -0.000244975 0.00417376 -0.00121618
internal_weight=45644.2 1887.27 43757 19071.3 7170.68 11900.6 24685.7 7216.83 573.866 6642.97 5336.06 17468.8 3141.73 14327.1
internal_count=212805 9470 203335 88981 31489 57492 114354 35623 2551 33072 27130 78731 15479 63252
is_linear=0
shrinkage=0.03


Tree=215
num_leaves=15
num_cat=0
split_feature=76 244 68 137 224 244 228 232 64 7 60 243 243 244
split_gain=51.9026 71.5507 58.3379 153.041 100.579 72.6285 81.2286 70.1846 85.6056 69.7574 67.7615 68.0567 60.389 63.3719
threshold=94.500000000000014 0.0551393460482359 17.500000000000004 90.500000000000014 5.5000000000000009 0.1067665070295334 93.500000000000014 87.500000000000014 36.500000000000007 4.5000000000000009 40.500000000000007 -0.023782862350344654 -0.029740204103291031 0.0054333151783794173
decision_type=10 2 8 10 10 2 8 10 8 10 8 2 2 2
left_child=2 -2 3 9 -5 6 7 -4 -9 12 11 -8 13 -1
right_child=1 -3 5 4 -6 -7 10 8 -10 -11 -12 -13 -14 -15
leaf_value=0.012706811916352635 0.0019863328674513325 0.015038118230070632 0.00017848134286518134 0.0012576598929315483 -0.027595966358213934 0.015469955312761128 -0.03308394649534107 0.011022216187764281 0.0006161601201205404 -0.0027318918164564673 -0.0025341265338505686 -0.0072156134073641199 0.0085456741810641876 -0.0030911778972195028
leaf_weight=260.76869053393602 3333.3852408602834 417.1097302287817 26187.072801720351 159.05698084458709 327.97536546364427 277.73825896531343 141.0038910061121 1239.3081461340189 1655.7048525586724 7911.8103572875261 1024.3727758713067 251.98036356270313 1023.1534530743957 1455.4647838175297
leaf_count=1396 17249 2937 117203 1001 1540 1821 602 5786 7412 36135 5451 1092 4922 8372
internal_value=9.77322e-05 0.00347401 -0.000205126 -0.00206455 -0.0183371 0.00046825 0.000326613 0.000669329 0.00509343 -0.00130398 -0.00666083 -0.0170879 0.00281502 -0.000631088
internal_weight=45665.9 3750.49 41915.4 11138.2 487.032 30777.2 30499.4 29082.1 2895.01 10651.2 1417.36 392.984 2739.39 1716.23
internal_count=212919 20186 192733 53366 2541 139367 137546 130401 13198 50825 7145 1694 14690 9768
is_linear=0
shrinkage=0.03


Tree=216
num_leaves=15
num_cat=0
split_feature=231 228 248 246 244 248 59 224 228 230 229 229 230 122
split_gain=46.8349 126.982 135.688 146.586 119.994 148.249 107.677 107.372 131.377 138.881 161.682 195.584 148.41 176.311
threshold=91.500000000000014 11.500000000000002 0.82323232293128978 0.039617974311113364 0.03005353827029467 0.38888889551162725 42.500000000000007 32.500000000000007 32.500000000000007 29.500000000000004 26.500000000000004 24.500000000000004 49.500000000000007 71.500000000000014
decision_type=10 8 2 2 2 2 8 8 8 8 10 10 10 10
left_child=7 2 3 -2 5 -5 -7 -1 9 10 11 -9 -11 -14
right_child=1 -3 -4 4 -6 6 -8 8 -10 12 -12 -13 13 -15
leaf_value=0.0022676064166898668 -0.018189400880749017 0.0021417157203149047 0.0038854023873988561 -0.028475942649041415 -0.0086389536244194307 0.030408480864593732 -0.011730633717032332 -0.0075456367470374914 0.00052663131135776483 0.0060379677779129155 -0.021392586936609028 0.033392684798455238 -0.013732546882004206 0.0028982612662081025
leaf_weight=16855.257958211005 1081.5857290439308 2969.6322952993214 845.14721763879061 58.815465673804283 985.25249930843711 219.96044727787375 65.607765622437 1558.2953523248434 16307.716524347663 1575.0456569418311 775.1024989336729 102.72822250425816 1206.3353029116988 1080.401908017695
leaf_count=78455 5124 14910 5200 254 5518 1301 330 7188 73791 7142 3319 446 5086 4986
internal_value=7.43331e-05 -0.00234171 -0.00642438 -0.0100391 -0.00332307 0.0116998 0.0206579 0.000456024 -0.000895138 -0.00457164 -0.010165 -0.00482907 -0.00102605 -0.00589667
internal_weight=45686.9 6226 3256.37 2411.22 1329.64 344.384 285.568 39460.9 22605.6 6297.91 2436.13 1661.02 3861.78 2286.74
internal_count=213050 32637 17727 12527 7403 1885 1631 180413 101958 28167 10953 7634 17214 10072
is_linear=0
shrinkage=0.03


Tree=217
num_leaves=15
num_cat=0
split_feature=165 120 195 120 193 148 120 233 14 244 238 93 24 245
split_gain=50.222 57.3218 55.7111 63.0932 62.6005 58.6119 66.5103 66.071 68.0925 52.7582 49.0411 44.6256 43.4224 42.0153
threshold=6.5000000000000009 17.500000000000004 66.500000000000014 98.500000000000014 90.500000000000014 83.500000000000014 6.5000000000000009 69.500000000000014 5.5000000000000009 0.034324854612350471 -0.12801507115364072 67.500000000000014 16.500000000000004 -0.072480492293834672
decision_type=8 8 10 10 10 10 8 10 8 2 10 10 10 2
left_child=1 -1 3 5 9 7 -7 8 -2 -5 -10 -11 -8 -9
right_child=2 -3 -4 4 -6 6 12 13 10 11 -12 -13 -14 -15
leaf_value=0.0082178857187248395 -0.0071707642462860814 -0.0054143156813049997 0.0021747404390429505 0.0042568068843758357 0.012388819539947244 0.01265384506406759 0.0074521507195234324 0.0033208131942129449 0.0015845972511198006 -0.010204115262090193 -0.0026648521975542877 0.0088768236756679685 -0.00031863717125506973 -0.00093344592334110245
leaf_weight=303.2873143479228 2389.242744743824 2492.2133536748588 10135.556200698018 1728.1023332215846 599.01494154334068 483.26949184387922 774.51520609855652 3417.321443554014 3161.4985369257629 476.51882114261389 10678.642721876502 134.25589334964752 3692.898957952857 5343.6745482683182
leaf_count=1298 10963 11327 47384 9902 3403 2115 3774 17172 16074 3237 46407 989 16442 23141
internal_value=-2.22536e-05 -0.00391132 0.000231346 -0.000368221 0.0038196 -0.000780279 0.00219893 -0.00137111 -0.00250394 0.00158152 -0.00169371 -0.00593446 0.00104222 0.000727868
internal_weight=45810 2795.5 43014.5 32879 2937.89 29941.1 4950.68 24990.4 16229.4 2338.88 13840.1 610.775 4467.41 8761
internal_count=213628 12625 201003 153619 17531 136088 22331 113757 73444 14128 62481 4226 20216 40313
is_linear=0
shrinkage=0.03


Tree=218
num_leaves=15
num_cat=0
split_feature=234 194 29 230 248 119 229 248 124 146 148 120 10 134
split_gain=42.9048 37.9797 58.5237 51.744 69.7352 58.7983 80.6015 100.439 79.6681 73.0431 71.7706 70.0851 69.9796 68.8125
threshold=84.500000000000014 29.500000000000004 inf 3.5000000000000004 0.56060606241226207 97.500000000000014 8.5000000000000018 0.67171716690063488 89.500000000000014 95.500000000000014 40.500000000000007 39.500000000000007 64.500000000000014 41.500000000000007
decision_type=10 10 8 8 2 10 8 2 10 10 8 8 8 10
left_child=1 3 -3 4 -1 6 7 8 11 12 -11 -5 -8 -9
right_child=-2 2 -4 5 -6 -7 9 13 -10 10 -12 -13 -14 -15
leaf_value=-0.0034773897123901568 0.0027335365436206558 -0.0014484780689418553 0.010258247690827211 -0.014128402125725206 0.0069709599773196771 0.0058279569967638585 0.0024884903133737014 -0.018414546363732891 -0.017649451750561707 -0.01991431988979106 3.4445116944609927e-05 0.010204196262010882 -0.0018439954749467904 0.0013788852769988879
leaf_weight=770.53351762890816 4604.5738056749105 20207.729039978236 381.89045751094818 123.32539414614439 2196.3206253312528 1409.4964716695249 7905.9362675026059 662.61855345219374 157.67396675050259 305.17570025473833 334.59507194161415 532.82174412161112 5814.6955850869417 204.90307373553514
leaf_count=3793 22661 91733 2238 553 12723 7561 34301 3054 745 1378 1622 2642 26828 987
internal_value=-9.03578e-06 -0.000317578 -0.00122647 0.000599101 0.00425481 -2.44808e-05 -0.000542011 -0.00673643 0.000844882 0.000187425 -0.00964131 0.00548735 0.000652411 -0.013777
internal_weight=45612.3 41007.7 20589.6 20418.1 2966.85 17451.2 16041.7 1681.34 813.821 14360.4 639.771 656.147 13720.6 867.522
internal_count=212819 190158 93971 96187 16516 79671 72110 7981 3940 64129 3000 3195 61129 4041
is_linear=0
shrinkage=0.03


Tree=219
num_leaves=15
num_cat=0
split_feature=141 140 230 226 224 226 7 244 226 245 245 226 229 249
split_gain=47.5162 45.1699 93.9873 72.4416 62.4739 95.1835 77.6417 70.7415 76.8823 74.3126 121.018 77.9256 73.9887 102.317
threshold=1.5000000000000002 11.500000000000002 10.500000000000002 92.500000000000014 6.5000000000000009 17.500000000000004 40.500000000000007 0.012500731740146877 43.500000000000007 -0.095329787582159028 -0.084781903773546205 47.500000000000007 16.500000000000004 1.0000000180025095e-35
decision_type=8 10 10 10 10 10 10 2 10 2 2 10 10 2
left_child=-1 2 -2 4 5 -4 7 8 12 -10 -11 -12 13 -6
right_child=1 -3 3 -5 6 -7 -8 -9 9 10 11 -13 -14 -15
leaf_value=0.010569738582942662 0.0012360560611381446 0.0003724540147279781 -0.031040946185322563 0.013402074354814107 0.024560089560160661 -0.0057277963508010369 -0.011693735789410535 0.0022601841112953563 0.018823778520642574 -0.031611977730175725 0.02140095326587579 -0.0027082916820634294 -0.014697147851346409 -0.0073943885031361855
leaf_weight=363.552619330585 5027.0997012294829 33970.30934728682 188.45192792266607 192.77260359376669 104.09226971119642 428.61264934018254 922.9423949867487 1880.7218667864799 159.96187174320221 104.82761622965336 133.26384781301022 755.49362958967686 965.97129113227129 420.45864786952734
leaf_count=1583 26473 157787 836 853 486 1910 3853 8308 823 450 546 3130 4017 1788
internal_value=-8.59794e-05 -0.000173897 -0.00181746 -0.00426859 -0.0048514 -0.0138302 -0.0038109 -0.00218076 -0.0053362 0.000483177 -0.0026277 0.00110464 -0.00981315 -0.00071249
internal_weight=45618.5 45255 11284.7 6257.57 6064.8 617.065 5447.73 4524.79 2644.07 1153.55 993.585 888.757 1490.52 524.551
internal_count=212843 211260 53473 27000 26147 2746 23401 19548 11240 4949 4126 3676 6291 2274
is_linear=0
shrinkage=0.03


Tree=220
num_leaves=15
num_cat=0
split_feature=245 231 230 230 243 245 229 224 120 104 222 243 120 245
split_gain=41.4036 45.7251 138.956 133.673 101.874 94.8672 94.2683 90.2098 103.167 90.5342 88.6482 87.3376 87.2048 97.992
threshold=-0.25948600471019739 91.500000000000014 62.500000000000007 18.500000000000004 -0.023782862350344654 -0.10338006913661955 14.500000000000002 32.500000000000007 49.500000000000007 8.5000000000000018 93.500000000000014 -0.057291656732559197 17.500000000000004 -0.071516510099172578
decision_type=2 10 8 10 2 2 10 8 8 10 10 2 8 2
left_child=-1 7 3 4 -3 -5 -7 8 9 11 -8 -2 -9 -14
right_child=1 2 -4 5 -6 6 10 12 -10 -11 -12 -13 13 -15
leaf_value=0.023739066699675897 0.0048746943304798368 -0.0042094316562083459 0.0059902532958307029 0.016790857220596006 0.0095413584905579222 -0.027494528021315901 -0.0046654703501850456 0.0025211397024842482 0.0035708064130311849 0.00089588247858693535 -0.032618902733356235 -0.011672329422824257 0.0023179796261214793 -0.0031466112126492946
leaf_weight=55.361640680581331 374.77283753454685 3006.8934032581747 1328.2763560526073 78.932903185486794 568.0588838532567 391.4704964607954 635.07045235484838 4903.3548157215118 11088.73453605175 4191.5597418993711 112.83517983555794 1154.026267491281 3734.2752950973809 14001.630513466895
leaf_count=897 1679 16375 7221 449 2766 1662 2740 21142 53651 18025 471 4857 19454 61477
internal_value=-0.000120859 -0.000155048 -0.0025652 -0.00494356 -0.00200391 -0.013483 -0.0157081 0.000219511 0.00188383 -0.00138685 -0.00925749 -0.00761064 -0.00101649 -0.00199539
internal_weight=45625.3 45569.9 6121.54 4793.26 3574.95 1218.31 1139.38 39448.4 16809.1 5720.36 747.906 1528.8 22639.3 17735.9
internal_count=212866 211969 31684 24463 19141 5322 4873 180285 78212 24561 3211 6536 102073 80931
is_linear=0
shrinkage=0.03


Tree=221
num_leaves=15
num_cat=0
split_feature=226 226 231 248 231 228 228 229 231 244 229 126 244 222
split_gain=59.9618 47.4319 126.119 122.819 147.348 116.051 87.4355 103.26 82.123 113.345 96.051 148.066 96.4452 97.8739
threshold=99.500000000000014 81.500000000000014 24.500000000000004 0.68181815743446361 34.500000000000007 48.500000000000007 61.500000000000007 40.500000000000007 91.500000000000014 0.0040264327544718989 5.5000000000000009 47.500000000000007 0.0019962895894423132 19.500000000000004
decision_type=10 10 10 2 10 10 10 10 10 2 8 10 2 10
left_child=1 8 5 6 -5 -3 7 -4 10 -10 11 -1 13 -12
right_child=-2 2 3 4 -6 -7 -8 -9 9 -11 12 -13 -14 -15
leaf_value=-0.0029374934980863246 -0.0090015314706415051 0.019891659201987207 0.021864024518975685 -0.026872476334371648 0.015436156463436079 0.0031179403440638521 0.0022051939827698406 -0.0075579974016782622 0.01496420793729164 -0.0048618270586704721 -0.015884747627438592 0.0087452372045479284 2.7159103532082517e-05 0.0015822305036144596
leaf_weight=1525.2989515028894 642.94059352576733 621.15540377795696 103.78542346507311 73.431977331638336 710.62653130665421 912.46002651005983 2517.7635540738702 2030.4960705563426 264.64657416939735 4826.2171571217477 690.74348150938749 2683.10877141729 27607.408207833767 488.18889077007771
leaf_count=7078 3072 2788 480 316 4074 4269 11713 9139 1397 25166 3011 15111 123708 2056
internal_value=2.45297e-05 0.000155301 0.00242883 0.000279398 0.0111852 0.0099966 -0.00157872 -0.00603198 -0.000261286 -0.00380386 0.000286296 0.00451401 -0.000333126 -0.0086993
internal_weight=45698.3 45055.3 6969.72 5436.1 784.059 1533.62 4652.05 2134.28 38085.6 5090.86 32994.7 4208.41 28786.3 1178.93
internal_count=213378 210306 32779 25722 4390 7057 21332 9619 177527 26563 150964 22189 128775 5067
is_linear=0
shrinkage=0.03


Tree=222
num_leaves=15
num_cat=0
split_feature=63 64 124 230 243 243 238 228 246 231 224 231 231 8
split_gain=49.2113 62.709 63.8161 51.703 97.199 84 117.326 65.4565 66.0513 68.3186 128.912 53.3677 93.242 49.1772
threshold=77.500000000000014 95.500000000000014 71.500000000000014 1.5000000000000002 -0.03945679031312465 -0.049229111522436135 -0.14389257133007047 1.0000000180025095e-35 0.053318336606025703 92.500000000000014 19.500000000000004 4.5000000000000009 21.500000000000004 46.500000000000007
decision_type=10 10 10 10 2 2 10 10 2 10 10 10 10 10
left_child=1 -1 13 5 11 6 -2 -7 9 10 -9 -5 -13 -3
right_child=3 2 -4 4 -6 7 -8 8 -10 -11 -12 12 -14 -15
leaf_value=-0.00019346870314923393 0.0030705458447550077 0.016929641013435009 0.00011557239021320494 -0.019237629854176021 0.00078522305242438215 0.032604094102707357 -0.021177107480289413 0.016458474091543263 0.021787280394010108 -0.023740374296887336 -0.027362807727465528 0.023977915219139546 0.0061527818385607854 -0.011084015463812212
leaf_weight=32734.52422221005 316.05144858360291 50.485300041735172 1069.4014987573028 54.774538338184357 6979.3647513128817 57.895884618163109 399.23981063812971 192.80008766800165 98.241534195840359 108.32453983277082 76.181314133107662 296.99210608005524 2004.8128066174686 1206.872928455472
leaf_count=151173 2407 222 5233 265 32218 285 1849 954 519 483 361 1454 10385 5288
internal_value=8.82386e-06 -0.000532462 -0.00528043 0.00180062 0.00256794 -0.00391094 -0.0105687 0.00504656 0.00108916 -0.00472353 0.00351141 0.0078221 0.00854645 -0.00983451
internal_weight=45646 35061.3 2326.76 10584.7 9335.94 1248.73 715.291 533.443 475.547 377.306 268.981 2356.58 2301.8 1257.36
internal_count=213096 161916 10743 51180 44322 6858 4256 2602 2317 1798 1315 12104 11839 5510
is_linear=0
shrinkage=0.03


Tree=223
num_leaves=15
num_cat=0
split_feature=194 127 226 144 243 243 242 51 190 244 244 75 147 224
split_gain=49.4317 68.1189 65.7986 91.9796 77.9891 88.5553 66.4287 62.5875 60.6666 54.716 65.2837 52.4279 70.7323 55.8737
threshold=29.500000000000004 2.5000000000000004 2.5000000000000004 5.5000000000000009 -0.03927182033658027 -0.092150788754224763 0.024276302196085457 23.500000000000004 8.5000000000000018 0.050175230950117118 0.0056362270843237647 40.500000000000007 97.500000000000014 12.500000000000002
decision_type=10 10 8 10 2 2 10 10 10 2 2 10 10 10
left_child=2 8 3 7 5 -5 9 -1 -2 10 -7 -3 13 -13
right_child=1 11 -4 4 -6 6 -8 -9 -10 -11 -12 12 -14 -15
leaf_value=0.0079822688560477317 -0.019302248531233877 -0.0023946277356133878 0.00029833035404236007 0.019183328775596444 0.014961571181883735 0.011971673220753608 0.0088444398659978489 -0.034086387666874829 -0.0042520183193589661 0.014331682360921309 -0.013117673965283119 -0.0032470246597190587 -0.0096768175626426884 0.0021281954899131767
leaf_weight=45.657052554190159 292.18015468493104 9245.5637796483934 20663.920116350055 239.50181246548891 738.13753788545728 103.93281865119934 425.56501145660877 75.336866423487663 1239.7429567016661 95.669039122760296 547.73024758324027 2131.0317321196198 562.9859766960144 9304.3764218464494
leaf_count=246 1646 41331 95703 2359 3703 530 2753 328 5979 492 2684 10428 2575 42640
internal_value=-0.000150627 -0.00114036 0.00083229 0.00566708 0.00712516 0.00295336 -0.000494898 -0.0188143 -0.00722908 -0.0058597 -0.00899575 -0.000698104 0.000610086 0.00112454
internal_weight=45711.3 22775.9 22935.5 2271.53 2150.54 1412.4 1172.9 120.994 1531.92 747.332 651.663 21244 11998.4 11435.4
internal_count=213397 104599 108798 13095 12521 8818 6459 574 7625 3706 3214 96974 55643 53068
is_linear=0
shrinkage=0.03


Tree=224
num_leaves=15
num_cat=0
split_feature=215 230 10 231 29 140 241 249 146 166 231 140 230 249
split_gain=47.1145 63.276 42.2342 77.6534 69.6117 85.6077 67.9133 67.179 93.3533 59.637 59.2902 58.9948 73.2406 99.9469
threshold=72.500000000000014 80.500000000000014 2.5000000000000004 68.500000000000014 10.500000000000002 89.500000000000014 -1.1653201580047605 0.65151515603065502 98.500000000000014 88.500000000000014 60.500000000000007 17.500000000000004 39.500000000000007 1.0000000180025095e-35
decision_type=10 10 8 10 8 10 10 2 10 10 10 10 10 2
left_child=2 -2 3 10 5 -4 -7 8 -5 -10 -1 12 13 -6
right_child=1 -3 4 7 11 6 -8 -9 9 -11 -12 -13 -14 -15
leaf_value=0.0049414309847783085 -0.0046747551919452592 0.0055699027157602582 -0.0020718784889679365 9.8245044859766135e-05 0.014329803120765663 -0.0024054816025509862 -0.027654671423423201 0.0097061234328173242 -0.024563309621460683 0.0038913685228635095 0.018263691987207408 0.0012565073049927294 -0.0054401652758989767 -0.00081463388221937366
leaf_weight=1536.6449607461691 3451.5010455101728 634.7396274022758 5250.6383614093065 1398.6290165372193 421.45751093327999 173.53108175471425 210.11228799074888 435.85176190361381 248.08551482111216 85.867226269096136 368.20304311439395 24131.566918976605 2971.5210665389895 4301.8979991897941
leaf_count=7186 15012 3022 25605 7618 1900 904 932 2940 1444 731 1866 110213 12488 21244
internal_value=-4.0511e-06 -0.00307368 0.000298615 0.00319584 -1.71826e-05 -0.00308773 -0.0165851 -0.000688796 -0.00334446 -0.0173465 0.00759853 0.0005272 -0.00175861 0.000564099
internal_weight=45620.2 4086.24 41534 4073.28 37460.7 5634.28 383.643 2168.43 1732.58 333.953 1904.85 31826.4 7694.88 4723.36
internal_count=213105 18034 195071 21785 173286 27441 1836 12733 9793 2175 9052 145845 35632 23144
is_linear=0
shrinkage=0.03


Tree=225
num_leaves=15
num_cat=0
split_feature=231 246 231 248 246 246 248 248 248 231 229 229 122 171
split_gain=53.7749 127.114 96.4418 92.2021 154.203 87.3419 91.9337 84.8106 71.2722 80.4106 69.5934 68.554 119.056 59.7571
threshold=26.500000000000004 0.0021583283087238674 31.500000000000004 0.80303028225898754 0.065640278160572066 0.0085961516015231627 0.85353535413742077 0.63131311535835277 0.37878787517547613 29.500000000000004 64.500000000000014 11.500000000000002 29.500000000000004 29.500000000000004
decision_type=10 2 10 2 2 2 2 2 2 10 10 10 10 8
left_child=1 -1 3 7 -5 6 -3 8 -2 10 -10 -9 -13 -7
right_child=2 5 -4 4 -6 13 -8 11 9 -11 -12 12 -14 -15
leaf_value=-0.035539221593352904 -0.001821174592082978 0.010538776048260774 -0.00019104281816940505 -0.033372787764273555 0.024873516787858659 -0.0015240276036956157 -0.025887446071345962 0.026967399927004733 -7.4551385863996786e-05 -0.027347693707738752 -0.027802202878327874 -0.032626782795239728 0.0098073761608936209 0.0030168942794154088
leaf_weight=71.926622994244099 891.2304575741291 1361.055492810905 31313.699359171093 213.97421438246965 42.351117841899395 4648.7446717321873 55.98391880095005 107.74011698365211 351.01304557919502 264.49084921181202 96.111551910638809 66.987089768052101 252.07048361748457 5918.3987703844905
leaf_count=298 3843 5785 148910 940 298 20452 232 522 1640 1191 411 274 1130 27259
internal_value=-9.49039e-06 0.00170849 -0.000626253 -0.00656106 -0.0231765 0.00196148 0.00892834 -0.00435935 -0.00751779 -0.0145282 -0.00651255 0.0074028 0.000177424 0.00101968
internal_weight=45655.8 12056.1 33599.7 2285.97 256.325 11984.2 1417.04 2029.64 1602.85 711.615 447.125 426.798 319.058 10567.1
internal_count=213185 54026 159159 10249 1238 53728 6017 9011 7085 3242 2051 1926 1404 47711
is_linear=0
shrinkage=0.03


Tree=226
num_leaves=15
num_cat=0
split_feature=141 245 77 248 246 222 245 245 248 231 224 120 13 143
split_gain=58.8266 45.2351 47.6619 56.5088 49.2824 70.0298 54.7557 47.0423 78.3491 82.2834 75.3776 73.9566 68.8865 63.3457
threshold=1.5000000000000002 -0.20480131357908246 1.5000000000000002 0.93434342741966259 0.05178933963179589 21.500000000000004 -0.072480492293834672 -0.042999448254704468 0.37878787517547613 97.500000000000014 34.500000000000007 15.500000000000002 41.500000000000007 75.500000000000014
decision_type=8 2 8 2 2 10 2 2 2 10 10 8 10 8
left_child=-1 -2 4 7 6 -6 -3 8 9 10 12 -9 -4 -10
right_child=1 2 3 -5 5 -7 -8 11 13 -11 -12 -13 -14 -15
leaf_value=0.011907837537232024 0.014428836934721618 0.0074087190768888558 0.015220437372352477 0.019325038764156064 -0.017397162181785542 0.0043973435503485651 -0.0076387549766450584 0.0037378179580520848 -0.0010354389819180797 -0.017475202748294172 0.0021738886330551366 -0.0026681063414068342 0.00098706364640413057 0.0020494404353672332
leaf_weight=359.74392393231392 181.86215144768357 398.43259067460895 962.51758944243193 125.94119537621737 477.67839850112796 177.5145755559206 455.99428931623697 1922.6638358831406 18328.177215266973 140.38402379304171 2676.2461174875498 10106.762887179852 448.67164053022861 8887.4212478771806
leaf_count=1569 2647 1916 4397 845 2410 916 1994 8155 82945 633 11895 44164 2081 46708
internal_value=-9.86713e-06 -0.000107138 -0.000168927 1.31069e-05 -0.00539168 -0.0115149 -0.00061735 -4.72713e-05 0.000563155 0.00435755 0.00514822 -0.00164199 0.0107339 -2.76699e-05
internal_weight=45650 45290.3 45108.4 43598.8 1509.62 655.193 854.427 43472.8 31443.4 4227.82 4087.44 12029.4 1411.19 27215.6
internal_count=213275 211706 209059 201823 7236 3326 3910 200978 148659 19006 18373 52319 6478 129653
is_linear=0
shrinkage=0.03


Tree=227
num_leaves=15
num_cat=0
split_feature=238 78 146 66 61 226 248 80 143 248 226 195 117 146
split_gain=50.3151 55.9965 59.9414 57.8814 55.0658 68.5387 89.7301 86.1077 64.5155 56.473 50.7342 49.9855 49.9371 76.2977
threshold=-0.1092962436378002 10.500000000000002 27.500000000000004 72.500000000000014 81.500000000000014 43.500000000000007 0.71212121844291698 24.500000000000004 60.500000000000007 0.92424240708351146 63.500000000000007 92.500000000000014 96.500000000000014 97.500000000000014
decision_type=10 8 10 10 10 10 2 10 10 2 10 10 10 10
left_child=1 2 -1 4 5 6 -3 -7 9 -8 -6 -2 13 -4
right_child=11 3 12 -5 10 7 8 -9 -10 -11 -12 -13 -14 -15
leaf_value=0.0095550113975816121 -0.0011901031957619885 0.0021871440718021096 -0.0030331784813896843 0.0049374471856171312 0.00066817460818035493 0.0084569303860898368 -0.012323218928481153 -0.0007095074087916306 0.00020845268505786092 0.017350771658808696 -0.010926775631240447 0.0041185821717898679 0.0019248948705700784 -0.016909584482292069
leaf_weight=371.63232845067978 23950.436408862472 4096.7944656200707 2307.1646517701447 4371.1910865157843 720.05096402391791 2291.499511346221 989.45543351769447 1536.7110812216997 918.0739273391664 52.703590176999569 631.01909926533699 1700.5171438232064 1305.8338542208076 413.4351595044136
leaf_count=1700 104258 20798 11458 23289 3393 10533 4549 6898 4697 281 3047 7665 8694 2001
internal_value=4.26806e-05 0.00117007 -0.00181693 0.0020124 0.000871113 0.0016486 -0.000338377 0.0047851 -0.00560091 -0.0106719 -0.00478776 -0.000836699 -0.00288761 -0.00519611
internal_weight=45656.5 20005.6 4398.07 15607.5 11236.3 9885.24 6057.03 3828.21 1960.23 1042.16 1351.07 25651 4026.43 2720.6
internal_count=213261 101338 23853 77485 54196 47756 30325 17431 9527 4830 6440 111923 22153 13459
is_linear=0
shrinkage=0.03


Tree=228
num_leaves=15
num_cat=0
split_feature=194 226 178 10 222 249 228 137 229 229 225 29 57 78
split_gain=40.474 82.1744 66.1453 57.999 58.8234 52.6582 49.7096 73.8597 63.1893 57.8156 48.128 47.7248 47.5873 60.2819
threshold=29.500000000000004 2.5000000000000004 11.500000000000002 5.5000000000000009 4.5000000000000009 0.85353535413742077 5.5000000000000009 90.500000000000014 2.5000000000000004 10.500000000000002 17.500000000000004 inf 62.500000000000007 9.5000000000000018
decision_type=10 8 8 10 10 2 10 10 10 10 10 8 10 10
left_child=1 5 3 4 -2 6 8 9 -1 -8 -10 -4 13 -6
right_child=2 -3 11 -5 12 -7 7 -9 10 -11 -12 -13 -14 -15
leaf_value=0.0036307235083197272 -0.0097562180419594417 0.00031671284405040311 -0.00027834932154508564 -0.0075855896707501622 -0.021909496538694437 0.026084865460745094 0.017125519708336194 -0.011725574664011184 0.0084793240946340297 -0.0052011308345197493 -0.029684360734090472 0.0097817608625813002 0.0066234737583794976 -0.00024526074922779587
leaf_weight=1115.6937817893922 536.20302447676659 20632.448282398283 17428.582799207419 2189.884421531111 119.03454040363431 106.0641673617065 673.46587604284286 109.53045092895627 37.82039687409997 118.46414146572351 85.455809563398361 424.99212877452374 869.63028344884515 1112.2191288024187
leaf_count=6880 2987 95543 77909 10227 594 756 3604 565 262 585 400 2530 4588 5325
internal_value=2.12383e-05 0.000911325 -0.00087664 -0.00398853 -0.000984095 0.0063468 0.00525198 0.0105709 0.00132831 0.0137625 -0.0182183 -3.35335e-05 0.0012904 -0.00249934
internal_weight=45559.5 22878.9 22680.5 4826.97 2637.09 2246.49 2140.43 901.46 1238.97 791.93 123.276 17853.6 2100.88 1231.25
internal_count=212755 108595 104160 23721 13494 13052 12296 4754 7542 4189 662 80439 10507 5919
is_linear=0
shrinkage=0.03


Tree=229
num_leaves=15
num_cat=0
split_feature=193 243 76 226 226 38 68 137 224 226 222 243 139 78
split_gain=44.2417 75.6219 59.4615 56.7676 119.957 70.8017 48.3306 97.2094 99.9084 86.3836 102.898 78.6101 76.6429 77.7293
threshold=73.500000000000014 -0.015474079642444847 91.500000000000014 67.500000000000014 55.500000000000007 20.500000000000004 15.500000000000002 90.500000000000014 5.5000000000000009 3.5000000000000004 40.500000000000007 -0.040653118863701813 40.500000000000007 21.500000000000004
decision_type=10 2 10 10 8 10 8 10 10 10 10 2 8 8
left_child=2 -2 6 4 -3 -5 7 9 -9 11 -11 -1 -8 -14
right_child=1 3 -4 5 -6 -7 12 8 -10 10 -12 -13 13 -15
leaf_value=-0.0014469642367182869 0.0032756798267311979 -0.00097336026824731828 0.0029837466893382686 0.01747943057502617 -0.020344588157441331 -0.0010934263449467235 0.0019273834874669658 0.0046732030582810951 -0.028019724402281128 -0.0061427120354720218 0.0041180239532735722 0.011778088257575287 0.0032333450064301271 -0.0026304803672716633
leaf_weight=1019.6639139465988 8122.8120788298547 957.04631224274635 4170.1351955458522 208.23599060624838 402.05061660706997 1196.8642942681909 9414.153102312237 119.90191173180938 253.1743760406971 4212.3769203051925 1103.510940387845 658.45054405927658 2469.5819152072072 11348.002218678594
leaf_count=6039 38178 4151 22405 950 1728 5516 43257 752 1172 19322 5078 3345 11116 50310
internal_value=0.000150063 0.00181804 -0.000372595 -0.00246171 -0.00681054 0.00176314 -0.000830836 -0.00294632 -0.0176649 -0.00213709 -0.00400898 0.00378125 -0.000159011 -0.00158087
internal_weight=45656 10887 34769 2764.2 1359.1 1405.1 30598.8 7367.08 373.076 6994 5315.89 1678.11 23231.7 13817.6
internal_count=213319 50523 162796 12345 5879 6466 140391 35708 1924 33784 24400 9384 104683 61426
is_linear=0
shrinkage=0.03


Tree=230
num_leaves=15
num_cat=0
split_feature=231 243 246 231 246 246 248 248 246 248 121 248 231 248
split_gain=54.0798 131.624 110.636 100.904 94.1023 99.4883 84.797 84.5696 143.586 71.898 102.42 82.8892 70.1604 71.1466
threshold=26.500000000000004 -0.020192230120301243 0.0047154624480754146 31.500000000000004 0.01332459691911936 0.01450268365442753 0.85353535413742077 0.80303028225898754 0.065640278160572066 0.63131311535835277 52.500000000000007 0.37878787517547613 5.5000000000000009 0.54040405154228222
decision_type=8 2 2 8 2 2 2 2 2 2 8 2 10 2
left_child=1 4 -3 7 6 -6 12 9 -9 11 -11 -2 13 -1
right_child=3 2 -4 -5 5 -7 -8 8 -10 10 -12 -13 -14 -15
leaf_value=0.0083207585426320028 -0.00119977874747918 -0.027276459279280275 -0.0010591674804907465 -0.00011645024644911113 -0.015586559080910146 0.0033627100774133788 -0.023435593900199871 -0.032606691484270853 0.023315261026386671 -0.0096144579292165699 0.019542641056553713 -0.014885431888913791 0.013813700273846251 -0.021736201446755171
leaf_weight=196.49572813510895 879.48400186002254 139.36282934248447 4855.7108210250735 31794.276907686144 254.60032211244106 4364.0498518645763 56.330385252833366 211.63758515566587 43.192620880901814 189.82655418664217 229.33481789380312 720.91172255575657 1572.5395750105381 98.025397345423698
leaf_count=843 3793 576 20873 152285 1060 19883 233 928 307 814 1081 3272 6785 413
internal_value=4.7171e-05 0.00182151 -0.00184367 -0.000554053 0.00461853 0.00228673 0.0101771 -0.00664414 -0.0226057 -0.00452863 0.00642185 -0.00741875 0.0113107 -0.00206836
internal_weight=45605.8 11537.1 4995.07 34068.7 6542.04 4618.65 1923.39 2274.39 254.83 2019.56 419.161 1600.4 1867.06 294.521
internal_count=213146 50666 21449 162480 29217 20943 8274 10195 1235 8960 1895 7065 8041 1256
is_linear=0
shrinkage=0.03


Tree=231
num_leaves=15
num_cat=0
split_feature=70 222 144 246 248 63 243 248 226 228 226 222 222 224
split_gain=47.3756 88.701 96.8313 68.6844 66.197 56.081 52.9211 63.2829 52.2143 56.2516 56.3485 54.622 68.7048 54.3272
threshold=9.5000000000000018 39.500000000000007 82.500000000000014 0.03623712249100209 0.70202019810676586 67.500000000000014 -0.0086065828800201399 0.4797979891300202 29.500000000000004 18.500000000000004 82.500000000000014 18.500000000000004 6.5000000000000009 1.5000000000000002
decision_type=8 8 10 2 2 10 2 2 8 10 10 10 10 10
left_child=1 2 3 8 -3 -5 -2 -8 11 13 -11 12 -1 -10
right_child=6 4 -4 5 -6 -7 7 -9 9 10 -12 -13 -14 -15
leaf_value=-0.0058584658723738973 -0.00015454169258382927 0.0060360551416257721 -0.0052083163366490855 0.0043950754782871313 0.024896932586761393 0.018419187201577127 -0.0028960013574355309 -0.018399511274202418 -0.012617115310696791 -0.0046257476617925456 0.013144246595485907 -0.010881228287351441 0.007632871946383994 0.011343150656290582
leaf_weight=721.34814461320639 33645.891731098294 1392.3333658725023 1921.472711481154 791.24637605622411 182.71815728396177 376.53345033153892 3180.6365477964282 246.76526185870171 85.692096792161465 772.3204984292388 192.1365629285574 529.83970582857728 624.44015139341354 903.15628656744957
leaf_count=3671 156544 6366 10185 4248 925 2100 13952 1133 369 3311 869 2392 2984 3981
internal_value=-5.37305e-05 0.00196594 0.000498569 0.00269916 0.00836733 0.00903494 -0.000516828 -0.0040625 0.000748315 0.00417094 -0.000987098 -0.00281927 0.000411585 0.00916126
internal_weight=45566.5 8493.24 6918.19 4996.71 1575.05 1167.78 37073.3 3427.4 3828.93 1953.31 964.457 1875.63 1345.79 988.848
internal_count=213030 41401 34110 23925 7291 6348 171629 15085 17577 8530 4180 9047 6655 4350
is_linear=0
shrinkage=0.03


Tree=232
num_leaves=15
num_cat=0
split_feature=164 237 148 245 37 231 174 231 245 192 245 246 58 246
split_gain=41.1011 57.4223 50.6991 55.1468 49.2034 45.0803 84.9354 66.4613 128.784 66.553 63.3886 83.1501 65.0722 68.5116
threshold=50.500000000000007 0.24803737550973895 12.500000000000002 -0.11140043660998343 81.500000000000014 91.500000000000014 7.5000000000000009 71.500000000000014 -0.061952836811542504 49.500000000000007 -0.088009685277938829 0.093082249164581313 18.500000000000004 0.03623712249100209
decision_type=10 2 8 2 10 10 8 10 2 10 2 2 8 2
left_child=2 -2 4 -4 -1 7 -7 10 9 -9 11 -5 -12 -14
right_child=1 -3 3 5 -6 6 -8 8 -10 -11 12 -13 13 -15
leaf_value=-0.0034535835230283178 0.00065676158846330484 0.011825971680331162 0.0081346403219920704 -0.011539828874791647 -0.019526863546835645 -0.017621743621878187 -0.0020289497486483048 0.0062057364859178111 -0.00070635026540644737 0.020970162364471526 0.0039252716969690625 0.019987484751356231 -0.0032217942154736628 0.0021512721168687669
leaf_weight=3197.3369821421802 22188.201885577291 412.20540454238653 655.96236084774137 819.12104307115078 171.89190389215946 366.18781404197216 1936.4173805043101 806.79546266794205 2228.2148685529828 417.57690008729696 2392.264992415905 73.729687698185444 6942.5130522623658 3074.6455197781324
leaf_count=15036 103938 2686 4656 3944 769 1690 9336 4177 10071 2151 10609 481 29570 14434
internal_value=-4.35918e-05 0.000865615 -0.000933793 -0.000351621 -0.00432897 -0.000647833 -0.00457418 -0.000105833 0.00359679 0.0113703 -0.00106882 -0.00874383 -0.000510017 -0.0015721
internal_weight=45683.1 22600.4 23082.7 19713.4 3369.23 19057.5 2302.61 16754.9 3452.59 1224.37 13302.3 892.851 12409.4 10017.2
internal_count=213548 106624 106924 91119 15805 86463 11026 75437 16399 6328 59038 4425 54613 44004
is_linear=0
shrinkage=0.03


Tree=233
num_leaves=15
num_cat=0
split_feature=226 12 226 5 195 194 226 140 195 10 142 228 142 118
split_gain=52.3042 52.1173 50.8975 67.7008 65.1119 72.2474 66.6962 59.7012 67.1295 59.4089 58.1828 59.4379 56.7688 65.2719
threshold=99.500000000000014 9.5000000000000018 81.500000000000014 26.500000000000004 37.500000000000007 22.500000000000004 3.5000000000000004 19.500000000000004 20.500000000000004 5.5000000000000009 66.500000000000014 15.500000000000002 27.500000000000004 69.500000000000014
decision_type=10 10 10 10 10 10 8 10 10 10 10 10 10 10
left_child=2 -2 4 12 5 6 -1 9 -9 -7 11 -5 -4 -14
right_child=1 -3 3 10 -6 7 -8 8 -10 -11 -12 -13 13 -15
leaf_value=0.0056800648615241032 -0.022954841405490166 -0.0034523186884411567 0.016325378766707765 0.026180667399714867 0.0013165285775549435 -0.00030955618662146606 -0.00061338295429648124 0.0020315789505556112 -0.0037925511021892453 -0.0083720893355121416 0.0037724464164661624 -0.0035354690975379095 -0.0020396861314974468 0.0097984697717598893
leaf_weight=1730.3757210448384 157.36127787828445 486.84755226224661 442.0519940033555 52.237237676978111 13242.374220900238 1163.5972200222313 11721.669317148626 2970.7804290316999 4419.3714596703649 2802.6630487330258 2386.9837506078184 2394.8153167441487 779.17329353094101 890.0546584688127
leaf_count=10000 768 2301 1923 237 61939 5678 54103 13556 20012 12310 11922 10491 3396 4758
internal_value=-7.26254e-05 -0.00849427 4.98077e-05 0.00240955 -0.000381429 -0.00128794 0.00019978 -0.00304881 -0.00145172 -0.00601348 0.000447923 -0.00279715 0.00687765 0.00429334
internal_weight=45640.4 644.209 44996.1 6945.32 38050.8 24808.5 13452 11356.4 7390.15 3966.26 4834.04 2447.05 2111.28 1669.23
internal_count=213394 3069 210325 32727 177598 115659 64103 51556 33568 17988 22650 10728 10077 8154
is_linear=0
shrinkage=0.03


Tree=234
num_leaves=15
num_cat=0
split_feature=69 52 231 137 231 231 15 244 230 244 222 231 244 244
split_gain=45.4307 60.7593 71.791 65.1368 90.5721 85.0463 85.2664 79.4962 75.0432 127.334 107.202 93.0351 88.4869 82.699
threshold=8.5000000000000018 25.500000000000004 4.5000000000000009 87.500000000000014 97.500000000000014 67.500000000000014 82.500000000000014 0.057502355426549918 10.500000000000002 0.028600382618606094 4.5000000000000009 45.500000000000007 0.01519708661362529 0.0083697428926825541
decision_type=8 10 8 10 10 10 10 2 8 2 10 10 2 2
left_child=-1 2 -2 7 5 -5 -7 8 9 10 13 -11 -10 -4
right_child=1 -3 3 4 -6 6 -8 -9 12 11 -12 -13 -14 -15
leaf_value=0.0017953811709062141 -0.01363553377460504 0.00037584969801582069 0.0063972011734975583 0.0065688125113481169 0.0044066925329903882 -0.030699395412774472 0.0067556053188947904 0.0072394182415234064 -0.0067824996449307087 0.027100443399808081 0.0070751253299898608 -0.011677307964560504 -5.1604903517198168e-05 -0.010227842248663748
leaf_weight=9110.5120913796127 463.1606203019619 22842.670738846064 421.80069916322827 95.947581816464663 238.27002798393369 310.08439677208662 62.106892459094524 913.45454323664308 3982.5727142542601 50.342419520020485 2490.0457302257419 815.5937081463635 3140.7860399931669 709.62927890941501
leaf_count=43841 2029 103519 2210 475 1575 1518 309 5677 17305 251 12223 4162 14595 3687
internal_value=-9.87638e-05 -0.000571438 -0.00215073 -0.0017387 -0.0105377 -0.018077 -0.0244361 -0.00123439 -0.00190671 0.0011306 0.00360465 -0.00913926 -0.00381899 -0.00402823
internal_weight=45647 36536.5 13693.8 13230.6 706.409 468.139 372.191 12524.2 11610.8 4487.41 3621.48 865.936 7123.36 1131.43
internal_count=213376 169535 66016 63987 3877 2302 1827 60110 54433 22533 18120 4413 31900 5897
is_linear=0
shrinkage=0.03


Tree=235
num_leaves=15
num_cat=0
split_feature=195 194 231 134 165 147 127 70 231 230 25 248 244 248
split_gain=42.8608 47.1206 43.8555 77.9486 55.5407 47.792 41.5214 41.6239 48.2376 94.6391 127.592 121.079 67.9798 67.2775
threshold=69.500000000000014 22.500000000000004 88.500000000000014 35.500000000000007 33.500000000000007 16.500000000000004 2.5000000000000004 6.5000000000000009 75.500000000000014 47.500000000000007 22.500000000000004 0.57070705294609081 0.0038139577955007557 0.65151515603065502
decision_type=10 8 10 10 8 10 8 8 8 10 10 2 2 2
left_child=1 -1 4 -4 -2 -5 -3 -8 13 12 11 -11 -10 -9
right_child=2 6 3 5 -6 -7 7 8 9 10 -12 -13 -14 -15
leaf_value=0.001172313381470968 -0.0010073340606371335 -0.0054809880386957723 -0.011542012531782917 0.012962688732107694 0.0042987004835279641 -0.0011674996717731631 0.0027942546250432254 -0.0011969068062197439 0.012524636936976594 0.0028119179635198656 -0.00039085633104652561 0.024085042665874582 -0.0030986481235767945 -0.0062039202900928585
leaf_weight=10423.706367012113 2576.748814728111 1899.3743509724736 573.38431542366743 256.11914083734155 5676.3372721783817 1124.1629229933023 2471.7888415046036 11440.37917490676 260.22793458402157 462.10121317580342 1290.9268891438842 499.66324296966195 3481.5668606869876 3054.0811270698905
leaf_count=49581 11633 9553 2805 1466 26164 5772 11573 50318 1301 2084 6075 2934 18056 13421
internal_value=-2.46904e-05 -0.000520024 0.00168647 -0.0023466 0.00264286 0.00152882 -0.0012298 -0.000875894 -0.00131981 0.000942573 0.00578704 0.013998 -0.00198162 -0.00225547
internal_weight=45490.6 35283.8 10206.8 1953.67 8253.09 1380.28 24860.1 22960.7 20488.9 5994.49 2252.69 961.764 3741.79 14494.5
internal_count=212736 164896 47840 10043 37797 7238 115315 105762 94189 30450 11093 5018 19357 63739
is_linear=0
shrinkage=0.03


Tree=236
num_leaves=15
num_cat=0
split_feature=193 246 248 222 248 244 231 248 243 243 246 231 248 228
split_gain=47.6048 58.3804 71.3748 59.7997 79.8195 81.386 77.8388 128.068 93.6242 88.3498 65.231 77.7452 83.0268 87.5809
threshold=73.500000000000014 0.01296069845557213 0.90404042601585399 14.500000000000002 0.80303028225898754 0.0016664691502228381 67.500000000000014 0.7929292917251588 -0.039586765691637986 -0.045008767396211617 0.0065201460383832463 52.500000000000007 0.66161617636680614 25.500000000000004
decision_type=8 2 2 10 2 2 10 2 2 2 2 10 2 10
left_child=1 2 3 6 5 -5 7 8 -1 -9 -7 -12 -13 -14
right_child=-2 -3 -4 4 -6 10 -8 9 -10 -11 11 12 13 -15
leaf_value=-0.013236751200219785 0.0010245142842323974 -0.0016769922912914937 0.028943834699361872 -0.011663267544584674 0.018690871235887876 0.011940309139945182 0.004086310075367334 -0.0016283151977381915 0.0078097103990359311 -0.036078789009932707 0.0053756631169626463 -0.011790622746728761 -0.01255509095998996 0.023122670535757523
leaf_weight=336.27621151506901 19306.443347517401 20583.908466849476 75.734990071505308 331.14051315933466 278.84450066834688 676.57038963586092 775.03779678046703 101.00558598339558 412.43295151740313 194.88682819902897 1570.6114875078201 599.38877899944782 95.968072645366192 142.4423164203763
leaf_count=1560 90596 97164 423 1399 1315 2994 3802 455 1774 846 6619 2641 447 701
internal_value=-0.000105291 -0.000938722 0.00177777 0.00135296 0.00354227 0.00225481 -0.00308772 -0.00839873 -0.001693 -0.0247565 0.00378163 0.00144979 -0.00588658 0.00883391
internal_weight=45480.7 26174.2 5590.34 5514.61 3694.97 3416.12 1819.64 1044.6 748.709 295.892 3084.98 2408.41 837.799 238.41
internal_count=212736 122140 24976 24553 16116 14801 8437 4635 3334 1301 13402 10408 3789 1148
is_linear=0
shrinkage=0.03


Tree=237
num_leaves=15
num_cat=0
split_feature=66 244 22 224 145 242 178 147 65 224 244 222 222 149
split_gain=44.5236 50.6736 63.3787 55.6497 51.5107 46.9401 41.1766 44.521 44.1966 42.5547 105.965 70.8287 66.9665 67.253
threshold=15.500000000000002 0.094444546848535552 57.500000000000007 3.5000000000000004 66.500000000000014 0.010348482988774778 99.500000000000014 94.500000000000014 61.500000000000007 76.500000000000014 0.011543233413249256 24.500000000000004 56.500000000000007 91.500000000000014
decision_type=10 2 8 10 10 8 8 10 10 10 2 10 10 10
left_child=1 2 3 -1 -4 -2 7 9 -9 -7 12 -12 13 -11
right_child=5 -3 4 -5 -6 6 -8 8 -10 10 11 -13 -14 -15
leaf_value=-0.011437282527488416 -0.010431739002781586 0.014629439639223812 -0.008916161594450172 0.00013686051755005643 0.00064396705471798314 0.00014442365317384443 0.0065825333307735741 0.00080084672510623918 -0.0072993023596777135 0.0088266226592398841 0.014462175662516263 -0.00090081209200852295 0.021733709980239796 -0.016319469839581234
leaf_weight=390.92160876467824 349.10470239818096 151.42499079182744 1842.9807824231684 5539.1739474907517 696.6587514616549 28347.684195719659 955.04712735116482 1111.0144385807216 1319.6099581159651 941.17201848328114 284.89940981566906 3200.673436101526 333.42054263502359 97.212292805314064
leaf_count=1879 1529 1164 8685 23905 3181 133371 5512 4940 6152 4433 1491 14911 1497 440
internal_value=-9.11535e-05 -0.00203111 -0.00234588 -0.000644096 -0.00630144 0.000362028 0.000467831 0.000302155 -0.00360869 0.000589431 0.00318086 0.000392689 0.0102111 0.00633927
internal_weight=45561 8621.16 8469.74 5930.1 2539.64 36939.8 36590.7 35635.7 2430.62 33205.1 4857.38 3485.57 1371.8 1038.38
internal_count=213090 38814 37650 25784 11866 174276 172747 167235 11092 156143 22772 16402 6370 4873
is_linear=0
shrinkage=0.03


Tree=238
num_leaves=15
num_cat=0
split_feature=165 151 229 229 229 243 37 120 249 232 249 47 226 226
split_gain=50.9029 52.1166 51.9822 49.6682 65.3365 49.6171 55.2293 41.548 41.835 41.3759 49.77 71.914 69.2748 53.3657
threshold=17.500000000000004 4.5000000000000009 39.500000000000007 4.5000000000000009 20.500000000000004 -0.023782862350344654 29.500000000000004 20.500000000000004 0.13636363297700885 78.500000000000014 0.015151515137404205 89.500000000000014 72.500000000000014 80.500000000000014
decision_type=8 10 8 8 10 2 8 8 2 8 2 10 10 10
left_child=3 2 -2 -1 5 -5 -7 -6 -9 10 11 -3 -13 -12
right_child=1 9 -4 4 7 6 -8 8 -10 -11 13 12 -14 -15
leaf_value=0.0061143489596041066 -0.0055445589343016549 0.0059993975982694948 0.00098102627139644836 -0.012680267086655508 0.0041835353725366555 0.0075325732479934772 -0.011288860113884004 -0.0058028398097550605 0.0002303599856833592 0.0025372135399942689 -0.0010807638624853707 0.0033644894392654825 -0.020179265944913462 0.0025359767067562522
leaf_weight=554.64807040989399 2524.4776586666703 2337.4904294423759 1934.6878691613674 963.42116738110781 928.02480595558882 288.6283156722784 254.85781736671925 2076.0788279771805 2050.337126661092 8516.620426941663 18015.889088425785 248.85030887275934 191.70949341356754 4601.0697911716998
leaf_count=2872 11929 10176 9453 4484 3984 1295 1141 8964 9571 41865 82945 1073 826 22086
internal_value=-0.00010446 0.000327898 -0.00271746 -0.00243301 -0.00316374 -0.00862528 -0.00133789 -0.00152165 -0.00281175 0.000729027 0.000121862 0.00390383 -0.00710106 -0.000344198
internal_weight=45486.8 38370.8 4459.17 7116 6561.35 1506.91 543.486 5054.44 4126.42 33911.6 25395 2778.05 440.56 22617
internal_count=212664 180353 21382 32311 29439 6920 2436 22519 18535 158971 117106 12075 1899 105031
is_linear=0
shrinkage=0.03


Tree=239
num_leaves=15
num_cat=0
split_feature=69 231 10 249 102 226 228 248 224 244 224 52 140 224
split_gain=48.8364 70.5603 81.4549 57.9827 61.8873 56.4973 101.808 71.6864 69.6167 59.1288 49.7807 47.8428 78.2441 121.544
threshold=8.5000000000000018 89.500000000000014 81.500000000000014 1.0000000180025095e-35 6.5000000000000009 1.5000000000000002 5.5000000000000009 0.84343436360359203 7.5000000000000009 0.051143052056431777 5.5000000000000009 29.500000000000004 88.500000000000014 5.5000000000000009
decision_type=8 8 10 2 10 10 10 2 10 2 10 10 10 10
left_child=1 2 3 4 -1 6 7 9 -7 -3 -4 12 -2 -14
right_child=11 5 10 -5 -6 8 -8 -9 -10 -11 -12 -13 13 -15
leaf_value=0.0014430298065560509 -0.0014260929859131314 -0.016360308252643417 0.019870623460357392 0.0034699827983838668 0.021603086501702104 -0.019076151223824066 0.026898432090232089 0.019247388050457444 -0.0013680697438304273 0.016341880853242872 -0.0054500994574819377 0.00036410961378191949 0.0086257361511276002 -0.022471465607290981
leaf_weight=231.50950360298157 14408.414056796581 263.75854212790728 64.50962370634079 5945.5226353630424 331.34752766788006 357.73226213082671 114.86926783621311 83.317051455378532 441.22779979556799 52.347634948790073 1182.0343002937734 21617.884476367384 155.78247107937932 364.12321798875928
leaf_count=1066 68748 1520 330 28204 1550 1849 646 683 2156 455 5313 98086 1054 1723
internal_value=-4.88627e-05 0.00192052 0.00300996 0.0043551 0.013481 -0.00448684 0.00323293 -0.00406373 -0.00943462 -0.0106097 -0.00399202 -0.000537916 -0.00184352 -0.0131667
internal_weight=45614.4 9068.18 7754.92 6508.38 562.857 1313.25 514.292 399.423 798.96 316.106 1246.54 36546.2 14928.3 519.906
internal_count=213383 43772 36463 30820 2616 7309 3304 2658 4005 1975 5643 169611 71525 2777
is_linear=0
shrinkage=0.03


Tree=240
num_leaves=15
num_cat=0
split_feature=151 165 224 120 30 142 228 224 55 50 249 29 52 80
split_gain=43.8019 50.2195 45.7764 43.6522 42.0895 41.3696 38.6031 59.7649 41.6452 36.9328 36.6006 89.1036 54.1793 65.0115
threshold=4.5000000000000009 20.500000000000004 86.500000000000014 18.500000000000004 29.500000000000004 96.500000000000014 1.5000000000000002 14.500000000000002 8.5000000000000018 7.5000000000000009 0.015151515137404205 76.500000000000014 9.5000000000000018 8.5000000000000018
decision_type=10 8 10 8 10 10 8 8 8 8 2 10 8 10
left_child=2 3 6 -2 -5 -6 -1 -8 -9 -4 11 -3 13 -12
right_child=1 10 9 4 5 -7 7 8 -10 -11 12 -13 -14 -15
leaf_value=-0.014242778866829805 0.0039339354239534743 0.0053472226041535341 0.026015762761400472 -0.00073553383226537014 -0.0070109704894073368 0.0031198174625329789 0.0041550414896982741 -0.012029032965381794 -0.003139582309880159 0.0025379031370483555 0.00081582543097765228 -0.0085888438810551079 0.0011120869534388502 -0.0051050060648965929
leaf_weight=276.56412697583437 989.20184837281704 3224.9934744387865 65.496584169566631 3856.2151079438627 2456.96394007653 419.40368559211493 866.2548841573298 561.98344354704022 2862.7788664624095 313.45006004720926 3554.1183254942298 464.18970190733671 22501.152575764805 3132.8900407329202
leaf_count=1595 4248 14309 323 17821 10928 2062 4163 2528 13526 1463 19522 1992 104036 14463
internal_value=-7.24686e-05 0.000252504 -0.00273485 -0.00192311 -0.00278823 -0.00552811 -0.00356964 -0.00285022 -0.00462906 0.00716033 0.000763913 0.00357525 0.000407477 -0.00196159
internal_weight=45545.7 40599.1 4946.53 7721.78 6732.58 2876.37 4567.58 4291.02 3424.76 378.947 32877.3 3689.18 29188.2 6687.01
internal_count=212979 189381 23598 35059 30811 12990 21812 20217 16054 1786 154322 16301 138021 33985
is_linear=0
shrinkage=0.03


Tree=241
num_leaves=15
num_cat=0
split_feature=226 240 151 231 230 230 243 226 244 249 231 15 19 70
split_gain=43.3368 47.1936 42.6867 58.411 142.42 131.885 105.64 101.985 96.1119 101.467 102.881 100.256 99.7629 88.437
threshold=99.500000000000014 0.048102341592311866 3.5000000000000004 91.500000000000014 62.500000000000007 21.500000000000004 -0.10160019248723982 38.500000000000007 0.033952677622437484 0.82323232293128978 97.500000000000014 4.5000000000000009 8.5000000000000018 19.500000000000004
decision_type=10 8 10 10 10 10 2 10 2 2 8 10 8 10
left_child=1 2 -1 6 5 8 -4 -7 11 12 -11 -5 -10 -13
right_child=-2 -3 3 4 -6 7 -8 -9 9 10 -12 13 -14 -15
leaf_value=-0.0029795471636837748 -0.0075213625622580806 0.0061134193837608175 0.023960022171518592 0.015763473963590183 0.0078646727130675283 -0.028677927460860037 0.0006001328405108666 -0.0076063530436020453 -0.021982074112741747 -0.013341517194074167 0.021384206624910806 -0.01190172957402485 -0.0036035655413612583 0.0032252363188789617
leaf_weight=3991.2219650745392 665.86186875402927 1146.6893787682056 165.12898701056838 372.38405814766884 936.46887399628758 312.52924571931362 34383.137668803334 606.3935402482748 517.33038403093815 123.35993885248899 173.1849684715271 485.31796126812696 545.52896057069302 1159.0020607970655
leaf_count=19109 3170 6415 1409 2310 5105 1364 155870 2627 3257 612 1314 2378 2618 5708
internal_value=1.87645e-05 0.000132189 -2.58647e-05 0.000271161 -0.00267998 -0.00499201 0.000718686 -0.0150045 -0.00223052 -0.00836543 0.00697464 0.00192572 -0.0126705 -0.00128441
internal_weight=45583.5 44917.7 43771 39779.8 5231.5 4295.03 34548.3 918.923 3376.11 1359.4 296.545 2016.7 1062.86 1644.32
internal_count=213266 210096 203681 184572 27293 22188 157279 3991 18197 7801 1926 10396 5875 8086
is_linear=0
shrinkage=0.03


Tree=242
num_leaves=15
num_cat=0
split_feature=226 226 70 195 241 249 230 245 47 120 226 175 226 245
split_gain=48.2614 47.665 90.2065 61.0886 61.0549 75.5841 191.212 87.2313 61.0258 57.0189 73.7078 84.975 79.5729 92.7678
threshold=99.500000000000014 81.500000000000014 16.500000000000004 37.500000000000007 -1.0430002212524412 0.025252525694668296 54.500000000000007 -0.054909422993659966 65.500000000000014 51.500000000000007 63.500000000000007 64.500000000000014 59.500000000000007 -0.064935114234685884
decision_type=10 10 10 10 10 2 8 2 8 10 10 10 10 2
left_child=1 3 -3 9 5 6 -4 -7 -6 10 12 -12 -1 -14
right_child=-2 2 4 -5 8 7 -8 -9 -10 -11 11 -13 13 -15
leaf_value=-0.0024516701852922633 -0.0081197796353366103 0.010902410936378967 0.03221744972282168 0.0012712021117766066 -0.0099209313784505582 0.010923747128901394 -0.011865458121654906 0.0011265331258530015 0.0012954022842637143 -8.7817313460323836e-05 -0.0098457231599472176 0.0065515757851975914 0.025202996707308977 0.000240866009728052
leaf_weight=6905.0357791446149 651.7566330358386 942.72717132791877 92.951319485902786 13242.560779217631 781.19257870316505 1283.8965402618051 632.33144679665565 2230.6511593610048 969.5371937379241 15060.826241720468 2059.2060402184725 322.65384730696678 197.17864039540291 379.85638996213675
leaf_count=30777 3103 4448 387 61982 3394 7062 2788 9960 4725 72756 8632 1453 901 1581
internal_value=-7.69477e-05 4.10548e-05 0.00232746 -0.000374782 0.000962104 0.00290685 -0.00585452 0.00472638 -0.00373736 -0.00124946 -0.00302123 -0.00760639 -0.00155337 0.0090547
internal_weight=45752.4 45100.6 6933.29 38167.3 5990.56 4239.83 725.283 3514.55 1750.73 24924.8 9863.93 2381.86 7482.07 577.035
internal_count=213949 210846 32764 178082 28316 20197 3175 17022 8119 116100 43344 10085 33259 2482
is_linear=0
shrinkage=0.03


Tree=243
num_leaves=15
num_cat=0
split_feature=250 71 68 78 80 245 120 139 78 120 226 245 249 248
split_gain=43.4571 56.1775 50.2923 77.6905 55.1053 46.6409 63.4652 55.6105 79.1001 73.5386 54.9541 57.9439 50.5635 50.3834
threshold=0.00010001500049838798 24.500000000000004 19.500000000000004 10.500000000000002 74.500000000000014 -0.046991223469376557 15.500000000000002 36.500000000000007 17.500000000000004 93.500000000000014 55.500000000000007 -0.043721444904804223 0.6111111342906953 0.7525252401828767
decision_type=2 8 10 8 10 2 8 8 10 10 10 2 2 2
left_child=1 -1 3 -3 -5 7 10 -4 12 13 -7 -12 -9 -10
right_child=-2 2 5 4 -6 6 -8 8 9 -11 11 -13 -14 -15
leaf_value=0.0013331594286357571 0.0034225044179557232 -0.0099457638178053268 0.0035717750773935661 -0.0010943848976061414 -0.025266339485736328 0.011139416518811887 -0.0032219682364398065 0.008307520027351285 -0.0011947773911575358 0.008891932412635398 -0.014738924138100136 0.0022681960427726449 -0.01568074798482437 -0.0074391421458518325
leaf_weight=13168.518279563636 3024.8268300183117 1313.744601007551 4186.5068351142108 4093.458828240633 76.719811394810677 513.91531927883625 7824.8197599798441 1115.7669734656811 6694.3599287569523 557.41227757930756 201.24852214753628 1220.6297326683998 75.94315093010664 1398.9358574524522
leaf_count=63787 15139 6517 20445 19835 346 2161 33896 5445 29548 2968 852 5201 425 6167
internal_value=-4.56028e-05 -0.000293522 -0.00102548 -0.00361263 -0.00159846 -0.000427829 -0.00201929 0.000680078 -0.000552293 -0.00155254 0.00283373 -0.000225066 0.00666107 -0.00228197
internal_weight=45466.8 42442 29273.5 5483.92 4170.18 23789.5 9760.61 14028.9 9842.42 8650.71 1935.79 1421.88 1191.71 8093.3
internal_count=212732 197593 133806 26698 20181 107108 42110 64998 44553 38683 8214 6053 5870 35715
is_linear=0
shrinkage=0.03


Tree=244
num_leaves=15
num_cat=0
split_feature=194 230 231 231 249 248 250 52 71 58 242 215 10 146
split_gain=41.4062 52.9885 69.2781 72.9308 74.8387 70.3652 52.7757 56.4729 62.6844 54.6077 51.6784 51.1821 48.7561 59.2084
threshold=30.500000000000004 3.5000000000000004 17.500000000000004 77.500000000000014 0.83333334326744091 0.42929293215274816 0.00010001500049838798 9.5000000000000018 27.500000000000004 35.500000000000007 0.015011575538665058 15.500000000000002 5.5000000000000009 98.500000000000014
decision_type=8 10 10 10 2 2 2 10 10 10 8 10 10 10
left_child=1 2 -1 5 10 -4 7 -2 9 -9 -5 -10 13 -3
right_child=6 12 3 4 -6 -7 -8 8 11 -11 -12 -13 -14 -15
leaf_value=-0.014049862749305001 -0.0036416939279518543 0.0084774420391209287 -0.0057180335244344455 -0.018661829250750578 0.021775635807240061 0.015956281274689132 0.0035573404370336566 0.0060123913629243969 -0.00031743247148942159 -0.00052148802871626251 0.0015705404539221547 -0.0043397332755711259 -0.00016036504202742948 -0.011047235365952599
leaf_weight=147.45829646289349 5707.6109123155475 1106.2598473355174 154.45386135578156 116.60663846507668 142.63548814877868 854.11629367992282 2505.585866894573 2345.8374629095197 14689.748333655298 2248.4926663786173 1098.3619687259197 3522.2297166883945 10678.488882962614 151.04598197340965
leaf_count=659 28946 5201 712 543 1000 4627 12566 10876 66418 9973 6839 15475 48047 875
internal_value=9.35384e-06 0.00133526 0.00528493 0.00654391 0.00197554 0.0126135 -0.000608507 -0.000975689 -0.000307178 0.00282048 -0.000507755 -0.00109731 0.000499745 0.00606319
internal_weight=45468.9 14449.4 2513.63 2366.17 1357.6 1008.57 31019.5 28513.9 22806.3 4594.33 1214.97 18212 11935.8 1257.31
internal_count=212757 68503 14380 13721 8382 5339 144254 131688 102742 20849 7382 81893 54123 6076
is_linear=0
shrinkage=0.03


Tree=245
num_leaves=15
num_cat=0
split_feature=65 226 12 140 24 244 226 248 245 226 60 191 244 243
split_gain=44.6408 49.5021 52.59 47.9186 77.4976 56.3123 58.5406 75.0962 70.409 67.4661 69.3277 77.4111 54.478 73.3552
threshold=99.500000000000014 99.500000000000014 2.5000000000000004 11.500000000000002 19.500000000000004 0.089140471071004881 41.500000000000007 0.81313130259513866 -0.095871221274137483 12.500000000000002 27.500000000000004 25.500000000000004 0.012283191084861757 -0.0075041453819721929
decision_type=10 10 10 10 10 2 10 2 2 8 8 8 2 2
left_child=1 3 -3 4 5 6 9 -8 -9 -1 -11 -12 13 -5
right_child=-2 2 -4 12 -6 -7 7 8 -10 10 11 -13 -14 -15
leaf_value=0.0018273798773535748 0.0049974111802159075 -0.034032959115761735 -0.0053886015850077166 0.0024778638199805152 -0.0053279967070088427 0.016584624666548402 0.0019589783747641421 0.030498397107232355 -0.005180197158125884 -0.01378761412699174 0.0051520354492069452 -0.0062674586054473303 -0.00048171035187022707 -0.007766253573151174
leaf_weight=2453.5808108896017 1587.4238870590925 54.963708586990833 580.3445947766304 13404.145758487284 3563.4771087020636 171.0223823748529 1463.1848606318235 159.62577113509178 66.780494123697281 612.53589669242501 784.91709380596876 1623.9012579359114 18386.320742771029 650.48177365958691
leaf_count=12790 8843 293 2706 60012 15266 1337 6464 805 290 2701 3855 7953 87162 2718
internal_value=7.10091e-05 -0.00010792 -0.00835576 1.4882e-05 -0.00170521 5.95391e-05 -0.000357493 0.00450786 0.0202007 -0.00186444 -0.00485864 -0.00254048 0.000593119 0.00199856
internal_weight=45562.7 43975.3 635.308 43340 10899 7335.55 7164.53 1689.59 226.406 5474.94 3021.35 2408.82 32440.9 14054.6
internal_count=213195 204352 2999 201353 51461 36195 34858 7559 1095 27299 14509 11808 149892 62730
is_linear=0
shrinkage=0.03


Tree=246
num_leaves=15
num_cat=0
split_feature=71 140 248 244 226 64 224 192 248 120 226 10 92 178
split_gain=51.2943 67.8022 61.4888 62.0345 74.7246 94.688 66.1605 63.7088 62.3193 61.4458 61.2087 57.9939 56.1751 53.5347
threshold=24.500000000000004 27.500000000000004 0.32828283309936529 0.012283191084861757 1.0000000180025095e-35 18.500000000000004 3.5000000000000004 83.500000000000014 0.4797979891300202 20.500000000000004 98.500000000000014 7.5000000000000009 61.500000000000007 67.500000000000014
decision_type=8 8 2 2 8 8 10 10 2 8 8 10 10 8
left_child=-1 11 9 4 6 -6 -4 -5 -7 -3 13 -2 -11 -9
right_child=1 2 3 7 5 8 -8 10 -10 12 -12 -13 -14 -15
leaf_value=0.0014887466151362978 0.001771125421380625 0.0027255200515129891 0.017100669649709285 -0.0022139218903004295 0.015089728537805679 0.0078057321188268105 -0.021359439283424146 -0.0023451450019326202 0.0010025907936463002 -0.0040336369879239694 -0.010735361677032693 -0.004423857739061318 0.0037365349478280644 0.010095543854285577
leaf_weight=13783.680291753262 1728.9343841709197 2134.8532535359263 43.118671234697104 5421.4245940521359 609.51136802881956 1632.8828364387155 178.22955515235662 433.04056562483311 4633.2670211046934 6504.37491453439 201.78674876689911 6284.0095786266029 952.91316488385201 1068.4515094906092
leaf_count=66808 8081 9292 296 27123 3053 7168 842 2141 21560 28667 1208 26982 4519 5724
internal_value=-3.93664e-05 -0.000701428 0.000102113 0.00135371 0.0033369 0.00389613 -0.0134521 -0.000623684 0.00278502 -0.00175303 0.00442132 -0.00308664 -0.00303707 0.00651579
internal_weight=45610.5 31826.8 23813.9 14221.7 7097.01 6875.66 221.348 7124.7 6266.15 9592.14 1703.28 8012.94 7457.29 1501.49
internal_count=213464 146656 111593 69115 32919 31781 1138 36196 28728 42478 9073 35063 33186 7865
is_linear=0
shrinkage=0.03


Tree=247
num_leaves=15
num_cat=0
split_feature=98 238 186 232 106 248 138 230 226 226 238 13 135 147
split_gain=47.6356 54.0379 44.3462 46.8457 67.9435 45.0508 41.1636 70.7785 99.0451 126.353 116.99 107.121 99.8158 89.6196
threshold=42.500000000000007 -0.2042557820677757 24.500000000000004 82.500000000000014 81.500000000000014 0.65151515603065502 80.500000000000014 24.500000000000004 14.500000000000002 43.500000000000007 -0.084902055561542497 5.5000000000000009 73.500000000000014 21.500000000000004
decision_type=10 10 8 8 10 2 8 8 10 10 10 10 10 10
left_child=1 -1 -2 -4 -5 -6 7 8 12 11 -11 -10 13 -3
right_child=2 6 3 4 5 -7 -8 -9 9 10 -12 -13 -14 -15
leaf_value=0.0039969571366719513 -0.0022043203126680508 0.0057776109061231772 0.0013159689935857142 0.0088966921504558243 0.0011656538243105378 -0.021260342381056452 -0.0035992025537431981 0.0006757914160506731 -0.017464867994041254 0.009284460382829738 -0.013830977562685193 -0.005364506164348074 0.025309199589930449 -0.0027239065609071097
leaf_weight=2127.1415165737271 2141.2868408299983 1544.7416772656143 6468.5067941583693 1792.68323052302 318.26220130175352 97.548933763056993 4467.4439108893275 17432.0692518875 828.39197388291359 805.16618774831295 250.32363359630108 3152.8088888823986 130.19388476759195 3944.5030760355294
leaf_count=14919 10060 7611 30507 9065 1574 494 20970 76541 3567 3604 1040 13593 614 18806
internal_value=-8.24155e-05 -0.000624575 0.00165469 0.00260844 0.006371 -0.0044712 -0.000927674 -0.000501636 -0.00242659 -0.00547715 0.00372397 -0.00791975 0.000312498 -0.000325318
internal_weight=45501.1 34682.8 10818.3 8677 2208.49 415.811 32555.6 28088.2 10656.1 5036.69 1055.49 3981.2 5619.44 5489.24
internal_count=212965 161265 51700 41640 11133 2068 146346 125376 48835 21804 4644 17160 27031 26417
is_linear=0
shrinkage=0.03


Tree=248
num_leaves=15
num_cat=0
split_feature=147 124 193 245 231 242 215 184 231 62 243 245 232 77
split_gain=42.6083 40.0802 38.344 93.1975 48.7231 46.3438 46.009 50.4967 67.998 48.9929 48.8766 52.2601 50.2049 44.991
threshold=97.500000000000014 6.5000000000000009 74.500000000000014 -0.11140043660998343 1.0000000180025095e-35 0.019415707327425483 40.500000000000007 76.500000000000014 91.500000000000014 91.500000000000014 -0.02352840360254049 -0.038195779547095292 57.500000000000007 5.5000000000000009
decision_type=10 8 8 2 8 8 8 10 10 8 2 2 10 8
left_child=1 -1 6 -4 -5 13 -3 9 -9 -8 12 -12 -10 -6
right_child=-2 2 3 4 5 -7 7 8 10 -11 11 -13 -14 -15
leaf_value=-0.0046343989757279182 -0.0046867434363240881 0.0032628696948244344 0.01056341838817771 -0.014638897814523058 -0.0088123656485040915 0.0021273468063142654 -0.0011105410466478627 0.0034246074329771338 0.0019156224495282992 -0.0062026084210966273 0.019567874937194037 -0.008849363328766062 -0.012584883968773893 -0.00025633209396394043
leaf_weight=1501.744941227138 1681.6158410944045 2695.5337383709848 936.02596203237772 170.07123950123787 618.67718471586704 11356.96572715044 14648.07121066004 4197.1265804767609 321.24193639680743 1915.1522154696286 127.75088578462601 93.057135209441185 624.92746636644006 4608.2268098518252
leaf_count=6395 7658 12454 6626 741 2691 53254 66867 20600 1895 9014 698 424 3546 20222
internal_value=-1.4848e-05 0.000165489 0.000336899 0.00140197 0.00088413 0.00105205 -0.000428543 -0.00088361 0.00164405 -0.00170271 -0.00473454 0.00772721 -0.00769315 -0.00128395
internal_weight=45496.2 43814.6 42312.8 17690 16753.9 16583.9 24622.9 21927.3 5364.1 16563.2 1166.98 220.808 946.169 5226.9
internal_count=213085 205427 199032 83534 76908 76167 115498 103044 27163 75881 6563 1122 5441 22913
is_linear=0
shrinkage=0.03


Tree=249
num_leaves=15
num_cat=0
split_feature=189 75 147 150 178 228 80 37 137 230 249 228 224 243
split_gain=43.5834 59.7538 55.0462 53.1224 43.1514 60.4597 45.0119 45.414 42.7513 47.7293 106.106 96.634 80.5339 67.0538
threshold=46.500000000000007 41.500000000000007 91.500000000000014 62.500000000000007 11.500000000000002 68.500000000000014 62.500000000000007 55.500000000000007 90.500000000000014 71.500000000000014 0.015151515137404205 34.500000000000007 31.500000000000004 -0.016491764225065705
decision_type=10 8 10 10 8 10 10 10 10 10 2 10 10 2
left_child=3 4 -3 8 5 6 7 -2 9 12 11 -11 -1 -13
right_child=1 2 -4 -5 -6 -7 -8 -9 -10 10 -12 13 -14 -15
leaf_value=0.0012604403896280978 -0.0087709241982178183 0.0032505514081733944 -0.0024260746024940098 -0.0032946025275567372 0.00021932406403805762 0.012708271658732345 -0.025424252488644012 0.0018896466455916236 -0.0063990267207635811 -0.027170583178216322 0.0052706652701756196 0.022039672332721971 -0.0035951709493927441 -0.016105839534197038
leaf_weight=8536.825979616493 1061.7908980809152 10331.626600243151 1798.3521406687796 5991.9881152585149 8002.6864096187055 152.22994215041399 96.734990447759628 536.64575590193272 888.69734433293343 173.6956158131361 3021.7903903536499 82.141662508249283 4791.3718602508307 65.982138678431511
leaf_count=40522 5043 51103 8450 27589 36019 723 435 2681 4592 731 13938 351 20839 271
internal_value=3.83828e-05 0.00099893 0.00240765 -0.000858079 -0.00073653 -0.00485604 -0.00649863 -0.00520234 -2.52881e-05 0.000318099 0.00351724 -0.0126096 -0.000486497 0.0051037
internal_weight=45532.6 21980.1 12130 23552.5 9850.09 1847.4 1695.17 1598.44 17560.5 16671.8 3343.61 321.819 13328.2 148.124
internal_count=213287 104454 59553 108833 44901 8882 8159 7724 81244 76652 15291 1353 61361 622
is_linear=0
shrinkage=0.03


Tree=250
num_leaves=15
num_cat=0
split_feature=242 76 248 120 229 243 230 229 249 249 229 230 222 146
split_gain=39.662 39.2277 42.948 122.148 141.842 101.335 120.587 118.734 171.726 125.602 116.717 113.87 202.229 122.954
threshold=0.010348482988774778 96.500000000000014 0.69191917777061474 16.500000000000004 28.500000000000004 -0.042082333937287324 25.500000000000004 59.500000000000007 0.51010099053382885 0.015151515137404205 51.500000000000007 69.500000000000014 43.500000000000007 87.500000000000014
decision_type=8 10 2 8 10 2 8 10 2 2 10 10 10 10
left_child=-1 2 -2 -4 -5 6 -6 11 9 -9 -8 12 -7 -14
right_child=1 -3 3 4 5 7 10 8 -10 -11 -12 -13 13 -15
leaf_value=-0.0094065665067624392 0.00036845371032401302 0.0036434736218422443 -0.013980750678372195 -0.0033582912837490861 -0.020651739670137226 -0.013081622558401437 0.033694659461093422 -0.022017258380008831 -0.029015506482505626 0.024224258361618952 0.0060609532693287858 0.015981367221768645 0.028139780026275929 -0.018682901644334209
leaf_weight=391.18076346069574 32832.888595290482 2592.5315368212759 689.19321492314339 6433.2713849917054 65.98668247461319 947.5178133174777 271.85063214600086 51.846285045146942 67.569873102009296 452.00394927337766 279.18519078195095 227.58252731710672 191.5000212341547 59.553682684898376
leaf_count=1706 150232 14378 2937 31298 280 4043 1291 218 380 2672 1711 1043 835 263
internal_value=-1.5422e-05 6.7985e-05 -0.000150569 -0.00189927 -0.000964581 0.00491555 0.0154386 0.00160442 0.0130358 0.0191301 0.0200515 -0.0030347 -0.00674779 0.0167425
internal_weight=45553.7 45162.5 42569.9 9737.06 9047.87 2614.6 617.023 1997.57 571.42 503.85 551.036 1426.15 1198.57 251.054
internal_count=213287 211581 197203 46971 44034 12736 3282 9454 3270 2890 3002 6184 5141 1098
is_linear=0
shrinkage=0.03


Tree=251
num_leaves=15
num_cat=0
split_feature=238 107 233 224 54 248 243 80 7 171 242 248 226 249
split_gain=49.1874 46.1531 43.6459 67.5393 108.878 120.284 80.6059 63.5894 69.1251 82.4655 62.3389 57.7933 72.2651 121.969
threshold=-0.29198242723941797 2.5000000000000004 53.500000000000007 6.5000000000000009 55.500000000000007 0.82323232293128978 -0.029740204103291031 28.500000000000004 11.500000000000002 40.500000000000007 0.01270519942045212 0.58080807328224193 9.5000000000000018 0.065656565129756941
decision_type=10 10 10 10 10 2 2 10 10 10 8 2 10 2
left_child=1 -1 10 4 11 6 -6 -5 9 -9 -2 -4 13 -13
right_child=2 -3 3 7 5 -7 -8 8 -10 -11 -12 12 -14 -15
leaf_value=0.015314789135829248 -0.0083015359445400751 -0.0019812371664872509 -0.001611326679654253 0.0035734286686130053 -0.0064199221746897225 0.014876808130492657 0.009652131503058407 0.011103656284742899 0.00044112052355392968 -0.021608649952068574 -0.000673308977862125 0.013836678265488438 -0.026606086092532736 -0.01820381600492994
leaf_weight=348.6664327159524 995.65088199079037 223.17551878467202 448.7822801284492 8076.7299498729408 1207.4967098645866 439.19729679450393 355.53610924631357 87.123286873102188 8805.5712178014219 252.98724593967199 23464.531005382538 152.46767254173756 294.28089462593198 307.45239507779479
leaf_count=3614 4342 1575 2262 37705 6146 2905 1684 403 38940 1131 108410 890 1375 1648
internal_value=-2.00714e-05 0.00864655 -0.00013238 0.000891028 -0.00310126 0.00119002 -0.00272596 0.00163539 -7.81642e-05 -0.0131512 -0.000987081 -0.0101945 -0.015214 -0.00751369
internal_weight=45459.6 571.842 44887.8 20427.6 3205.21 2002.23 1563.03 17222.4 9145.68 340.111 24460.2 1202.98 754.201 459.92
internal_count=213030 5189 207841 95089 16910 10735 7830 78179 40474 1534 112752 6175 3913 2538
is_linear=0
shrinkage=0.03


Tree=252
num_leaves=15
num_cat=0
split_feature=141 240 194 230 63 243 63 178 244 238 228 230 171 146
split_gain=40.9811 38.8968 37.39 54.2659 52.314 52.5695 48.7938 48.4397 65.4155 59.3563 58.9816 72.737 47.4764 47.1839
threshold=1.5000000000000002 0.14128573238849643 30.500000000000004 3.5000000000000004 77.500000000000014 -0.03945679031312465 97.500000000000014 13.500000000000002 0.1067665070295334 -0.092703320086002336 93.500000000000014 62.500000000000007 22.500000000000004 92.500000000000014
decision_type=8 10 8 10 10 2 8 8 2 10 8 8 10 10
left_child=-1 2 3 6 -5 -6 -2 9 10 13 12 -12 -9 -4
right_child=1 -3 7 4 5 -7 -8 8 -10 -11 11 -13 -14 -15
leaf_value=0.0098983731952262104 0.0063655524840384075 0.015623241945637748 0.00028160054100359524 -0.00083567614052732495 0.010821593945913886 0.0013777395508313623 -0.0087821028591943528 -0.0019741350068057644 0.015300550757463042 -0.0073167841460674175 -0.027753581791841682 -0.0040361374951813191 0.0010324134328606692 -0.007137513098218173
leaf_weight=360.95987572520971 2290.0086210407317 130.91263232007623 3913.4126062653959 9107.3724658824503 715.78059081733227 1985.3457528501749 200.11353281140327 6830.1143228858709 235.25582349300385 1995.5947270169854 118.88805747032166 1266.3522386476398 15291.150813344866 950.72186355665326
leaf_count=1582 13255 799 19461 40728 3708 9179 1064 30717 1629 8600 494 6588 69323 5636
internal_value=-3.20717e-05 -0.000113852 -0.000163204 0.0011028 0.000252485 0.00391098 0.00511798 -0.000754916 -0.00011293 -0.00297346 -0.000273631 -0.00625601 0.000103645 -0.00118017
internal_weight=45392 45031 44900.1 14298.6 11808.5 2701.13 2490.12 30601.5 23741.8 6859.73 23506.5 1385.24 22121.3 4864.13
internal_count=212763 211181 210382 67934 53615 12887 14319 142448 108751 33697 107122 7082 100040 25097
is_linear=0
shrinkage=0.03


Tree=253
num_leaves=15
num_cat=0
split_feature=151 244 244 226 243 248 243 224 232 244 244 243 229 249
split_gain=37.1576 45.8537 92.5188 103.818 116.021 88.1077 76.128 72.0901 114.754 93.4316 212.409 103.518 132.073 182.66
threshold=3.5000000000000004 0.0044328018557280311 0.0030931639485061173 5.5000000000000009 -0.032624734565615647 0.27777777612209326 -0.013930474407970904 12.500000000000002 78.500000000000014 0.0046935128048062333 0.0054333151783794173 -0.029078662395477291 4.5000000000000009 0.83333334326744091
decision_type=8 2 2 10 2 2 2 8 10 2 2 2 10 2
left_child=-1 2 6 4 -4 -5 -2 9 -9 -3 -11 12 13 -12
right_child=1 7 3 5 -6 -7 -8 8 -10 10 11 -13 -14 -15
leaf_value=-0.002813497381069595 0.0011983106626453036 -0.029813772306035793 0.0087897998468397902 -0.0029361991096531767 -0.034034066094010586 0.013834400163501202 -0.015517247287374161 -0.00028414266850803992 0.0044030158019416604 0.026721273371277655 -0.0038122510145758388 0.0025820761651132625 -0.010924993654721016 0.018976151088604839
leaf_weight=3691.8438243232667 2466.6017746068537 101.63319416344166 115.47310227900743 348.71157193183899 96.524939604103565 1396.7947461307049 262.17033697664738 23314.470183487982 5877.9453236758709 212.76079883053899 3022.2310002371669 2148.3725884594023 2166.7465592548251 343.51186776533723
leaf_count=17123 11143 480 681 1446 448 6194 1090 107022 27209 1128 16980 10049 9906 2602
internal_value=6.75334e-05 0.000322152 0.00311539 0.00807435 -0.0113631 0.0104864 -0.000458452 -3.05854e-05 0.00066081 -0.00255269 -0.00216442 -0.00299826 -0.00516596 -0.00143712
internal_weight=45565.8 41873.9 4686.28 1957.5 211.998 1745.51 2728.77 37187.7 29192.4 7995.26 7893.62 7680.86 5532.49 3365.74
internal_count=213501 196378 21002 8769 1129 7640 12233 175376 134231 41145 40665 39537 29488 19582
is_linear=0
shrinkage=0.03


Tree=254
num_leaves=15
num_cat=0
split_feature=138 230 229 249 47 244 230 165 101 244 209 237 248 229
split_gain=37.0684 65.1589 67.036 72.8721 61.7205 60.7695 70.3574 59.4906 63.0278 90.4176 68.0955 58.213 55.9581 49.9607
threshold=80.500000000000014 80.500000000000014 80.500000000000014 0.04545454494655133 77.500000000000014 0.031468600034713752 69.500000000000014 5.5000000000000009 5.5000000000000009 0.021798778325319294 82.500000000000014 0.15442474186420443 0.3686868697404862 35.500000000000007
decision_type=8 8 10 2 8 2 10 10 10 2 10 2 2 10
left_child=1 2 7 -4 -3 12 -7 -1 9 13 -10 -2 -5 -9
right_child=11 4 3 5 -6 6 -8 8 10 -11 -12 -13 -14 -15
leaf_value=-0.0055832800085802957 -0.0030860662118882528 -0.00013462457069811387 -0.02776625259950526 -0.0072958727796972479 0.0067303313237166342 -0.026144451727626528 0.0037475153862157823 0.0011480701375206988 0.001445307798942527 -0.0081933553297631814 -0.0048124081063975963 0.0058650000779222377 0.017984708686254035 -0.0071741417297497036
leaf_weight=1587.4564082436264 5898.8947639651597 2155.5807975828648 140.39478829503059 152.75597137212753 2589.7940908335149 163.27489167451859 116.12423907220364 4076.9534448981285 23565.429424449801 1703.8322510905564 1666.6476650424302 725.96417716890574 144.29363098740578 761.83528503030539
leaf_count=7100 27850 9617 573 633 13240 689 519 19442 108527 9482 7224 4179 712 3222
internal_value=-2.55176e-05 0.000328544 -0.000130457 -0.00914357 0.00361821 -0.00421187 -0.0140205 6.58876e-05 0.000349786 -0.00227194 0.00103023 -0.00209783 0.00517011 -0.000174301
internal_weight=45449.2 38824.4 34079 716.844 4745.37 576.449 279.399 33362.2 31774.7 6542.62 25232.1 6624.86 297.05 4838.79
internal_count=213009 180980 158123 3126 22857 2553 1208 154997 147897 32146 115751 32029 1345 22664
is_linear=0
shrinkage=0.03


Tree=255
num_leaves=15
num_cat=0
split_feature=233 72 68 29 24 249 225 119 209 190 228 230 90 78
split_gain=40.461 36.3407 37.1286 35.1137 68.2205 68.0807 65.0056 66.7732 53.8724 46.9886 54.7931 63.447 43.0297 41.8211
threshold=99.500000000000014 24.500000000000004 7.5000000000000009 10.500000000000002 21.500000000000004 1.0000000180025095e-35 60.500000000000007 42.500000000000007 74.500000000000014 86.500000000000014 93.500000000000014 62.500000000000007 16.500000000000004 13.500000000000002
decision_type=10 10 10 8 10 2 10 10 10 10 10 10 10 10
left_child=3 -2 -3 6 5 -5 7 8 -1 10 -6 -12 -7 -9
right_child=1 2 -4 4 9 12 -8 13 -10 -11 11 -13 -14 -15
leaf_value=-0.0036406863711873124 0.0085149068315572719 -0.015415364007388681 0.0024021339282572283 0.015170427250482194 -0.00052468334865818931 -0.00090980235541019121 -0.0087966097240088897 -0.0024431575709822654 -0.018045163992380125 0.0036511806208430878 -0.027323732781654772 -0.0046975394269430639 0.004084396438515844 0.0027020525308372864
leaf_weight=1864.3317561894655 922.66344816610217 110.91570173203945 802.90818875283003 375.21267058327794 24252.807509955019 2500.7659034430981 1056.9321576468647 2311.536802450195 258.83504664897919 2327.6004423610866 121.73778758943081 774.13275683671236 4072.0488066002727 3659.7095349431038
leaf_count=8124 5027 582 3733 1688 107587 12782 5011 13201 1094 11349 504 3579 20176 18475
internal_value=-7.12299e-07 0.00434896 9.60733e-05 -0.000184984 0.00025422 0.00290776 -0.0018356 -0.000916927 -0.0054731 -0.000417603 -0.000795485 -0.00803985 0.00218575 0.000709529
internal_weight=45412.1 1836.49 913.824 43575.7 34424.3 6948.03 9151.35 8094.41 2123.17 27476.3 25148.7 895.871 6572.81 5971.25
internal_count=212912 9342 4315 203570 157665 34646 45905 40894 9218 123019 111670 4083 32958 31676
is_linear=0
shrinkage=0.03


Tree=256
num_leaves=15
num_cat=0
split_feature=66 23 242 119 226 226 77 245 226 152 143 222 245 147
split_gain=41.4375 56.9446 53.3215 78.1247 68.2583 81.4642 83.5546 80.7664 79.3299 72.0155 67.2609 63.3601 70.4801 61.5142
threshold=14.500000000000002 50.500000000000007 0.022657497785985473 14.500000000000002 43.500000000000007 49.500000000000007 31.500000000000004 -0.068540874868631349 24.500000000000004 53.500000000000007 28.500000000000004 3.5000000000000004 -0.071192670613527284 17.500000000000004
decision_type=8 10 8 8 10 10 10 2 8 10 10 10 2 10
left_child=1 -1 4 -4 8 10 -7 9 11 -8 -6 12 -2 -13
right_child=2 -3 3 -5 5 6 7 -9 -10 -11 -12 13 -14 -15
leaf_value=-0.00010676969506707096 -0.0024511600300649774 -0.0056013174596908676 -0.0042486982244454158 0.0020737637122388336 0.022683172155485258 -0.0034427840239747713 0.014304211202527986 0.00064086189812209433 -0.0065212199963136323 -0.0070150107340176907 0.0046032974604066105 0.0073971316002450103 -0.018318778946640728 -0.00080640290693251759
leaf_weight=4884.9678751006722 1151.7503708191216 2592.0355940163136 1935.2175738438964 18420.253131449223 239.76067145168781 3400.5992821380496 782.7158838622272 3348.721107929945 3070.3698490187526 167.47298850119114 746.0927786976099 1084.4981719478965 313.97669664025307 3305.7806117199361
leaf_count=21482 6155 10952 8426 93529 987 15131 4003 14437 12881 858 3191 4977 1347 14667
internal_value=2.33316e-05 -0.00201649 0.000425465 0.00147089 -0.000782974 0.00110986 6.54672e-05 0.00284218 -0.00262388 0.0105127 0.00918397 -0.000572826 -0.0059513 0.00123226
internal_weight=45444.2 7477 37967.2 20355.5 17611.7 8685.36 7699.51 4298.91 8926.38 950.189 985.853 5856.01 1465.73 4390.28
internal_count=213023 32434 180589 101955 78634 38607 34429 19298 40027 4861 4178 27146 7502 19644
is_linear=0
shrinkage=0.03


Tree=257
num_leaves=15
num_cat=0
split_feature=245 193 243 231 248 76 231 119 246 243 224 231 243 245
split_gain=52.4207 92.342 75.7095 68.1794 86.2843 74.9102 84.5142 85.0882 80.3108 78.032 63.0475 55.6646 182.446 167.842
threshold=-0.11046205461025237 87.500000000000014 -0.025675971060991284 22.500000000000004 0.63131311535835277 78.500000000000014 98.500000000000014 20.500000000000004 0.088944666087627425 -0.083968959748744951 5.5000000000000009 26.500000000000004 -0.020192230120301243 -0.10442371666431426
decision_type=2 10 2 8 2 10 10 8 2 2 10 10 2 2
left_child=1 2 3 4 -1 6 7 -5 -7 -8 -10 12 13 -2
right_child=11 -3 -4 5 -6 8 9 -9 10 -11 -12 -13 -14 -15
leaf_value=0.015799394549405977 -0.022265445343969535 0.01727465836425993 0.025645529262834619 -0.022729599511889204 -0.027339119303785749 0.01364512898654335 -0.029322927560258887 0.0033066537317833428 0.0078099552979889525 0.0091135706105103711 -0.016994195729115782 -0.00091215564447877395 -0.0026567607755119578 0.0057606136611107715
leaf_weight=49.91352204978466 188.75545723736286 386.46697330847383 105.31437319144607 115.03573854267597 142.6898897588253 738.62238893844187 160.98818952217698 1161.479978941381 192.04539705067873 60.372052013874054 160.39209400862455 30518.930431872606 5182.3220500200987 6233.7055517956614
leaf_count=323 906 2625 806 507 631 5497 990 7582 2018 429 927 139103 22459 28078
internal_value=4.48189e-05 0.00369589 0.00182472 0.000834185 -0.0159317 0.00213798 -0.00221561 0.000801907 0.0080807 -0.0188992 -0.00363569 -0.000239706 0.001528 0.0049036
internal_weight=45397 3273.32 2886.85 2781.54 192.603 2588.94 1497.88 1276.52 1091.06 221.36 352.437 42123.7 11604.8 6422.46
internal_count=212881 22335 19710 18904 954 17950 9508 8089 8442 1419 2945 190546 51443 28984
is_linear=0
shrinkage=0.03


Tree=258
num_leaves=15
num_cat=0
split_feature=141 243 190 244 231 244 120 243 224 78 231 137 224 244
split_gain=40.7443 38.3226 35.2604 37.8436 183.217 68.7227 64.9722 65.7782 58.6498 83.2857 53.7155 98.2087 131.068 101.626
threshold=1.5000000000000002 -0.12490127235651015 88.500000000000014 0.0019962895894423132 75.500000000000014 0.0022660257527604703 69.500000000000014 -0.020585119724273678 14.500000000000002 28.500000000000004 91.500000000000014 22.500000000000004 16.500000000000004 0.030507362447679046
decision_type=8 2 10 2 10 2 8 2 8 8 10 8 10 2
left_child=-1 -2 3 4 8 6 7 -5 9 -3 -7 12 -12 -13
right_child=1 2 -4 5 -6 10 -8 -9 -10 -11 11 13 -14 -15
leaf_value=0.0098802207209319586 0.010894029318968513 -0.022325261353944102 0.0032664026209911186 0.029485854931533068 0.017759008469812203 9.3970543507065034e-05 -0.005736746710746885 -0.0064927957419175951 -0.012068609650150849 0.01355193166571139 -0.016783772229326477 0.0041670064572486426 0.0024829168078336502 -0.0052753247766900487
leaf_weight=358.76513887196779 271.90441367775202 71.572977945208549 2481.5367349795997 185.63196490705013 262.33938189968467 34792.406397879124 112.49079613387585 55.543716877698898 1140.0813464596868 194.62731017917395 890.34768759086728 1956.6599883623421 487.53513104468584 2134.7808290198445
leaf_count=1574 2565 309 12399 842 1424 159227 538 227 4922 833 4451 9783 2343 11452
internal_value=-5.11656e-05 -0.000132454 -0.000201847 -0.000406113 -0.00482029 -0.000223621 0.0127593 0.0212712 -0.00912808 0.00344662 -0.000340805 -0.0031017 -0.00999788 -0.000760545
internal_weight=45396.2 45037.5 44765.6 42284 1668.62 40615.4 353.666 241.176 1406.28 266.2 40261.7 5469.32 1377.88 4091.44
internal_count=212889 211315 208750 196351 7488 188863 1607 1069 6064 1142 187256 28029 6794 21235
is_linear=0
shrinkage=0.03


Tree=259
num_leaves=15
num_cat=0
split_feature=101 244 71 140 120 248 139 248 120 248 244 119 246 248
split_gain=32.591 59.871 47.791 65.3353 67.4728 90.8386 76.0435 63.4665 58.9937 81.9444 73.0607 54.6978 51.8004 49.3293
threshold=3.5000000000000004 0.020103662274777893 25.500000000000004 27.500000000000004 18.500000000000004 0.73232322931289684 71.500000000000014 0.23737373948097232 47.500000000000007 0.7222222387790681 0.0036051193019375209 19.500000000000004 0.05546653829514981 0.68181815743446361
decision_type=8 2 8 8 8 2 10 2 10 2 2 10 2 2
left_child=1 -1 -2 8 5 -5 7 -6 9 10 -4 -11 -12 -8
right_child=2 -3 3 4 6 -7 13 -9 -10 11 12 -13 -14 -15
leaf_value=-0.00017353035306195909 0.0019980316547103158 -0.0074702373012161868 0.010124118157484653 0.0051083479671185832 -0.0025930698595334175 -0.013877815126043563 -0.0051444247264620111 0.0018144462427214546 -7.588830764537203e-05 -0.025351863816697441 -0.0063091682488045564 -0.0073610798447096776 0.010366549990473838 0.0055870292884093471
leaf_weight=3429.9599509704858 10629.064961206168 1425.967460103333 307.92404171824455 3744.4810770824552 3984.4158084392548 231.87257294729352 3573.5759766101837 11135.738540414721 3342.6167222224176 270.4292843490839 2361.3206237331033 358.69384417682886 171.50353644043207 423.71199194341898
leaf_count=16175 51076 7820 1269 16613 17753 979 15777 55069 15067 1141 9814 1559 780 2036
internal_value=-7.25913e-06 -0.00232719 0.000271163 -0.000343051 0.000418797 0.00396917 -0.000321357 0.000652045 -0.00292248 -0.00565658 -0.00345902 -0.0153701 -0.00514369 -0.00399579
internal_weight=45391.3 4855.93 40535.3 29906.3 23093.8 3976.35 19117.4 15120.2 6812.49 3469.87 2840.75 629.123 2532.82 3997.29
internal_count=212928 23995 188933 137857 108227 17592 90635 72822 29630 14563 11863 2700 10594 17813
is_linear=0
shrinkage=0.03


Tree=260
num_leaves=15
num_cat=0
split_feature=184 148 143 117 138 226 245 245 249 249 243 226 27 145
split_gain=41.7177 58.2065 53.8432 55.5968 48.1852 56.5014 118.957 136.574 143.041 120.476 144.947 119.467 109.103 81.0663
threshold=56.500000000000007 12.500000000000002 94.500000000000014 93.500000000000014 80.500000000000014 43.500000000000007 -0.068540874868631349 -0.064935114234685884 0.075757574290037169 0.6111111342906953 -0.080658521503210054 45.500000000000007 20.500000000000004 72.500000000000014
decision_type=10 8 10 10 8 10 2 2 2 2 2 10 10 10
left_child=4 2 -2 -4 5 -1 9 8 -8 10 -7 -9 -12 -14
right_child=1 -3 3 -5 -6 6 7 11 -10 -11 12 -13 13 -15
leaf_value=-0.0016004841323804151 -0.00055887057854998596 0.0019215257788486077 -0.020044642194621737 -0.0013950087856206812 -0.0039970877949714956 -0.01631459443562229 -0.026943305322225133 0.016723017900959213 0.002112403569993353 -0.010489738628736926 0.016244498338154396 -0.00051361300000016751 0.00056637886135688857 0.012974617551113357
leaf_weight=13033.610212251544 1738.8173391278833 14348.488949328661 291.55163221806288 278.18548471108079 3448.8865474462509 209.8111911341548 340.45917570590973 370.10414251685143 267.54082815349102 369.38796697184443 1162.3975831829011 7546.9307545721531 1394.8783330060542 708.45105886086822
leaf_count=60363 8449 69271 1382 1680 17015 974 1415 1556 1225 1911 5489 32425 6357 4011
internal_value=1.49427e-05 0.00120995 -0.00320194 -0.0111197 -0.000675138 -0.000222742 0.00122904 -0.000747636 -0.0143305 0.00560232 0.00733781 0.000312242 0.00890255 0.00478738
internal_weight=45509.5 16657 2308.55 569.737 28852.5 25403.6 12370 8525.03 608 3844.93 3475.54 7917.03 3265.73 2103.33
internal_count=213523 80782 11511 3062 132741 115726 55363 36621 2640 18742 16831 33981 15857 10368
is_linear=0
shrinkage=0.03


Tree=261
num_leaves=15
num_cat=0
split_feature=140 231 226 230 231 244 245 231 246 231 243 245 231 230
split_gain=42.6817 92.0238 136.758 70.3676 97.2184 89.1596 86.4805 85.1475 81.0248 72.9546 71.402 89.614 67.694 77.2106
threshold=10.500000000000002 5.5000000000000009 33.500000000000007 10.500000000000002 26.500000000000004 0.010167485103011133 -0.10442371666431426 22.500000000000004 0.01332459691911936 98.500000000000014 -0.048800015822052949 -0.069938126951456056 48.500000000000007 52.500000000000007
decision_type=10 8 10 10 10 2 2 10 2 10 2 2 10 10
left_child=1 2 -1 9 6 10 7 -5 -8 -3 -6 -12 13 -13
right_child=-2 3 -4 4 5 -7 8 -9 -10 -11 11 12 -14 -15
leaf_value=-0.028278629124823443 0.00058884281362313752 0.0027345003472618343 0.0013052239461552359 -0.029374386830925012 0.00019051905455539828 -0.001730949230303721 0.015614297556600607 0.012939877873323884 0.0004568139865655784 -0.013029371995400409 -0.026916344485890916 0.007700052463431673 -0.016855337375085839 -0.016978454855222216
leaf_weight=269.30098951607943 34560.717048950493 4398.511065190658 281.56158404797316 122.15953866392374 409.99197587743402 2256.0544574186206 470.6148678958416 56.33080979436636 936.49053078144789 271.21388954669237 352.69161181151867 310.05603437125683 501.38225592672825 167.3581471145153
leaf_count=1206 161264 23296 1206 530 1915 10063 1974 313 3956 1592 1502 1275 2059 688
internal_value=7.43154e-05 -0.00157066 -0.0134038 -0.000922453 -0.00319285 -0.00568207 0.00307913 -0.0160422 0.00560074 0.00179306 -0.0107616 -0.0141102 -0.0092702 -0.00112188
internal_weight=45364.4 10803.7 550.863 10252.9 5583.13 3997.53 1585.6 178.49 1407.11 4669.72 1741.48 1331.49 978.796 477.414
internal_count=212839 51575 2412 49163 24275 17502 6773 843 5930 24888 7439 5524 4022 1963
is_linear=0
shrinkage=0.03


Tree=262
num_leaves=15
num_cat=0
split_feature=245 231 230 230 248 245 4 5 231 177 77 222 245 222
split_gain=39.0347 39.798 123.216 114.417 79.965 61.2243 56.6617 51.7509 54.9586 61.6783 51.4544 72.7547 91.5032 67.9599
threshold=-0.25948600471019739 91.500000000000014 62.500000000000007 21.500000000000004 0.90404042601585399 -0.10338006913661955 22.500000000000004 20.500000000000004 93.500000000000014 37.500000000000007 39.500000000000007 13.500000000000002 -0.088009685277938829 3.5000000000000004
decision_type=2 10 8 10 2 2 10 10 10 10 10 10 2 10
left_child=-1 -2 3 4 10 -5 -4 -7 -9 -10 -3 12 13 -12
right_child=1 2 6 5 -6 7 -8 8 9 -11 11 -13 -14 -15
leaf_value=0.023433828986579707 0.00023383613971927496 0.00023057344128364778 0.015048017088773111 0.015282314086651198 0.0307325717876256 -0.023142794158242865 0.001588222152506546 -0.019051667678682011 0.015202148969734411 -0.011794286790203046 0.015002530218600358 -0.00048765900530218327 -0.021617811958037723 -0.013008684436056449
leaf_weight=53.437279038131237 39359.519083876163 2155.4946229271591 395.91465775296092 54.788557134568691 55.298182878643274 420.3727890253067 927.46207720786333 244.10811272263527 125.85171853005886 163.36407488584518 132.52187176793814 783.53012597560883 465.5260644108057 162.06955437734723
leaf_count=903 180874 12013 2417 302 418 1838 4867 1025 552 690 723 3887 2000 918
internal_value=-8.26598e-05 -0.000115461 -0.00237101 -0.00462012 -0.00219446 -0.0135403 0.00569765 -0.0153375 -0.00887252 6.86209e-05 -0.00276822 -0.00693015 -0.0134785 -0.000328998
internal_weight=45499.3 45445.8 6086.3 4762.93 3754.44 1008.49 1323.38 953.697 533.324 289.216 3699.14 1543.65 760.117 294.591
internal_count=213427 212524 31650 24366 19959 4407 7284 4105 2267 1242 19541 7528 3641 1641
is_linear=0
shrinkage=0.03


Tree=263
num_leaves=15
num_cat=0
split_feature=151 249 10 224 228 224 248 121 61 224 145 229 64 52
split_gain=35.5135 42.0636 113.348 68.2549 73.5099 98.0984 80.3963 62.5085 60.1171 55.6114 81.9192 96.1126 57.5271 51.7544
threshold=2.5000000000000004 0.015151515137404205 63.500000000000007 10.500000000000002 59.500000000000007 81.500000000000014 0.84343436360359203 3.5000000000000004 38.500000000000007 3.5000000000000004 70.500000000000014 4.5000000000000009 35.500000000000007 13.500000000000002
decision_type=10 2 10 10 10 10 2 10 10 8 10 8 10 10
left_child=-1 2 3 9 6 -6 7 -5 -8 12 11 -11 -2 -3
right_child=1 13 -4 4 5 -7 8 -9 -10 10 -12 -13 -14 -15
leaf_value=-0.0031600577578605273 0.01875052395980038 -0.001962727197349576 -0.0044672341169407302 -0.018722301797962883 -0.025818978014447044 0.018759192872343226 0.015801904036018596 0.012014036560687827 -0.021156100023275573 0.022584702982237071 -0.023801700338257046 -0.011601783784783536 -0.014258960248972699 0.00051793392549669376
leaf_weight=3107.0476238615811 160.72208579443395 10461.104026123881 1324.0722319968045 52.662094824016094 113.63220445811749 60.554065480828285 48.944771587848663 2115.4605005979538 117.46071438491344 110.51673765480518 175.44006437063217 181.96396620571613 57.476965468376875 27304.047197144479
leaf_count=15125 983 52815 5697 240 469 251 233 9249 504 552 760 778 292 125028
internal_value=-6.97402e-05 0.000158031 0.00289006 0.00594365 0.00822981 -0.0101447 0.00963821 0.0111849 -0.0100061 -0.00241352 -0.00820027 0.00163551 0.00981151 -0.000169557
internal_weight=45391.1 42284.1 4518.91 3194.83 2508.71 174.186 2334.53 2168.12 166.405 686.12 467.921 292.481 218.199 37765.2
internal_count=212976 197851 20008 14311 10946 720 10226 9489 737 3365 2090 1330 1275 177843
is_linear=0
shrinkage=0.03


Tree=264
num_leaves=15
num_cat=0
split_feature=233 101 222 230 224 87 230 246 35 224 108 222 230 249
split_gain=38.5836 51.3221 58.7268 50.4682 100.279 120.588 90.6114 78.1293 76.5739 71.4372 66.7875 71.3374 64.8339 82.2957
threshold=68.500000000000014 5.5000000000000009 46.500000000000007 24.500000000000004 35.500000000000007 47.500000000000007 14.500000000000002 0.022635975852608684 9.5000000000000018 6.5000000000000009 84.500000000000014 41.500000000000007 17.500000000000004 0.17676767706871035
decision_type=10 8 10 10 10 10 10 2 10 10 10 10 8 2
left_child=1 2 -1 4 10 6 7 -6 -5 -10 11 -2 13 -13
right_child=3 -3 -4 8 5 -7 -8 -9 9 -11 -12 12 -14 -15
leaf_value=-0.00479995944861571 0.0010759533743223612 -0.00010355921944154156 0.0072430893525751733 0.010830040704110843 -0.011020764069249466 0.0070987994822446655 -0.017944186610341455 0.0071285643273733997 -0.016725601373744223 0.0024412863487900558 -0.011655806644431261 0.023580284197653574 -0.010382116931672526 0.0012280965971622438
leaf_weight=3830.3179443515837 5128.6460686549544 26253.270426820964 393.75708489865065 993.63821734115481 499.64513432979584 472.71784868091345 707.21994759887457 358.38336732238531 170.7602810934186 5584.73969335109 314.82323254644871 367.53869744390249 100.79692266136408 245.98179368674755
leaf_count=18431 26575 121653 1756 4614 2331 2255 3096 1920 755 24615 1582 1853 455 1271
internal_value=1.43358e-05 -0.000597911 -0.00366288 0.00126247 -0.00031983 -0.00607131 -0.0100686 -0.00344532 0.00318154 0.0018446 0.00159042 0.00232284 0.0111367 0.0147819
internal_weight=45422.2 30477.3 4224.08 14944.9 8195.75 2037.97 1565.25 858.029 6749.14 5755.5 6157.79 5842.96 714.317 613.52
internal_count=213162 141840 20187 71322 41338 9602 7347 4251 29984 25370 31736 30154 3579 3124
is_linear=0
shrinkage=0.03


Tree=265
num_leaves=15
num_cat=0
split_feature=194 224 31 190 116 240 238 222 35 233 231 8 222 230
split_gain=41.8367 60.5555 55.9016 52.1549 63.0405 46.2752 45.4213 63.338 44.3201 47.4824 42.9806 62.3349 45.6693 56.4431
threshold=29.500000000000004 6.5000000000000009 12.500000000000002 2.5000000000000004 4.5000000000000009 -0.041024304926395409 -0.14553904533386228 11.500000000000002 14.500000000000002 30.500000000000004 3.5000000000000004 8.5000000000000018 33.500000000000007 51.500000000000007
decision_type=10 10 10 10 10 10 10 10 10 10 8 10 10 8
left_child=10 2 8 4 -3 6 -5 -8 -2 -10 11 -1 13 -13
right_child=1 3 -4 5 -6 -7 7 -9 9 -11 -12 12 -14 -15
leaf_value=-0.026155658340018272 -0.0033017222969496168 -0.026072828376015458 -0.0015375568737775098 0.0085698439870178812 -0.0040460813115894773 -0.00080457152242392207 -0.0070847798473828794 0.0033008699147149293 0.00056387600504523457 -0.021118061686226219 0.0011359201780751726 0.0039071573660098341 0.0051096225635812011 -0.022833171437420599
leaf_weight=108.97713786363602 387.44559332355857 125.32550464197993 1284.5253155380487 933.10056217387319 907.06370673328638 15391.762603484094 665.83359292149544 2416.2528348788619 114.00116450712085 428.93721587583423 22089.085890885442 122.09616912901402 330.13767019659281 151.8658866584301
leaf_count=502 2333 678 6503 5244 4294 68658 2996 11114 549 2140 105669 518 1475 660
internal_value=-6.18043e-06 -0.000919071 -0.00561921 -0.000407241 -0.00694446 -5.60841e-05 0.00280803 0.00104157 -0.0111782 -0.0166376 0.000900794 -0.00629773 -0.00234785 -0.0111979
internal_weight=45456.4 22654.2 2214.91 20439.3 1032.39 19406.9 4015.19 3082.09 930.384 542.938 22802.2 713.077 604.1 273.962
internal_count=213333 104509 11525 92984 4972 88012 19354 14110 5022 2689 108824 3155 2653 1178
is_linear=0
shrinkage=0.03


Tree=266
num_leaves=15
num_cat=0
split_feature=76 244 189 68 134 139 120 134 224 243 121 243 226 230
split_gain=34.6583 76.5697 53.7712 43.0249 104.429 63.5472 77.0853 84.7614 83.3529 79.0144 70.7718 81.2121 122.329 73.096
threshold=89.500000000000014 0.059121590107679374 42.500000000000007 18.500000000000004 89.500000000000014 42.500000000000007 16.500000000000004 17.500000000000004 29.500000000000004 -0.041032252833247178 63.500000000000007 -0.042495442554354661 52.500000000000007 16.500000000000004
decision_type=8 2 10 10 10 8 8 10 10 2 10 2 8 10
left_child=3 2 -2 4 -1 -5 7 9 -8 -7 11 12 13 -10
right_child=1 -3 -4 5 -6 6 8 -9 10 -11 -12 -13 -14 -15
leaf_value=-0.0011233177980706718 -0.0018117540601105962 0.011127202723814119 0.0038454186112923993 0.0021279391448603478 -0.013587433390319882 -0.012327036948844086 0.0019610966415400779 0.0056571343751293289 -0.021430546190742625 0.0016750204305596653 -0.0011103536116238491 -0.0043845752439821677 -0.022560105755874606 0.016465838576149
leaf_weight=9521.6435713022947 3080.1704090926796 739.62295903638005 2952.258939884603 11110.901763234288 636.25209407508373 525.67535920441151 3535.036650724709 2901.730339333415 56.748802930116653 1117.3281377851963 5207.5627547577024 3404.8468856662512 541.65171874314547 137.64074981212616
leaf_count=45033 15538 5403 15785 51713 3413 2240 15688 12641 264 4587 23528 14479 2372 627
internal_value=0.000105737 0.00208399 0.000958637 -0.00024091 -0.00191662 0.000355985 -0.000774249 0.00258128 -0.00195902 -0.00285238 -0.00344189 -0.00636428 -0.0153406 0.00489538
internal_weight=45469.1 6772.05 6032.43 38697 10157.9 28539.1 17428.2 4544.73 12883.5 1643 9348.45 4140.89 736.041 194.39
internal_count=213311 36726 31323 176585 48446 128139 76426 19468 56958 6827 41270 17742 3263 891
is_linear=0
shrinkage=0.03


Tree=267
num_leaves=15
num_cat=0
split_feature=238 195 189 17 226 231 231 229 222 231 243 245 245 229
split_gain=39.2365 46.1164 43.5053 57.1767 59.9311 108.396 106.727 157.892 95.8242 97.1167 88.0049 71.5684 65.3641 64.0954
threshold=-0.096997927874326692 91.500000000000014 66.500000000000014 25.500000000000004 43.500000000000007 66.500000000000014 29.500000000000004 31.500000000000004 38.500000000000007 43.500000000000007 -0.087502673268318162 -0.062188191339373582 -0.06926312297582625 15.500000000000002
decision_type=10 10 10 10 10 10 10 10 10 10 2 2 2 10
left_child=2 -2 3 4 -1 6 7 -6 9 13 -7 -12 -10 -8
right_child=1 -3 -4 -5 5 10 8 -9 12 -11 11 -13 -14 -15
leaf_value=-0.00064297003638188544 -0.0013623867420295061 0.0039225066094609479 0.0029075327801027693 -0.0032572547316778535 0.01899539550352939 -0.015855813758732948 0.014396033712856887 0.00023968650762858245 0.021688495821146243 -0.0014962079394313028 0.01782204523578422 0.0044873131732075045 -0.00042847808877887286 -0.020009386874736291
leaf_weight=8660.3236305620521 19388.984333537519 1599.6845177039504 6515.2672706414014 3723.4967296682298 557.83161114156246 102.25412543490529 46.196974992752075 1400.6429855376482 162.66788850724697 824.05152782052755 807.56237493827939 666.22355176508427 395.01225144416094 565.54551401734352
leaf_count=43797 84348 7232 34419 17462 2516 550 212 6363 764 3686 4622 3011 1726 2524
internal_value=-6.88087e-06 -0.000957914 0.00081034 4.6308e-05 0.000914959 0.00335241 0.000691693 0.00565123 -0.00418465 -0.00826896 0.00997779 0.011865 0.00629116 -0.0172214
internal_weight=45415.7 20988.7 24427.1 17911.8 14188.3 5527.99 3951.95 1958.47 1993.47 1435.79 1576.04 1473.79 557.68 611.742
internal_count=213232 91580 121652 87233 69771 25974 17791 8879 8912 6422 8183 7633 2490 2736
is_linear=0
shrinkage=0.03


Tree=268
num_leaves=15
num_cat=0
split_feature=228 230 245 226 59 230 195 120 230 248 249 244 248 57
split_gain=37.3618 91.6568 52.1935 56.0428 54.3926 39.9928 38.3574 63.7702 79.1351 90.1988 47.6295 61.1467 76.3522 57.8822
threshold=93.500000000000014 62.500000000000007 -0.065183110535144792 94.500000000000014 95.500000000000014 54.500000000000007 36.500000000000007 95.500000000000014 24.500000000000004 0.63131311535835277 0.85353535413742077 0.033952677622437484 0.62121212482452404 62.500000000000007
decision_type=10 8 2 10 10 10 10 10 8 2 2 2 2 10
left_child=6 5 3 -3 -4 -2 7 -1 10 -10 11 -9 -13 -12
right_child=1 2 4 -5 -6 -7 -8 8 9 -11 13 12 -14 -15
leaf_value=-0.0011286667534727904 -0.0052352550023717125 0.011934681621928537 -0.0039018124941041679 -0.028495715094102304 0.011222344582932144 -0.035779044599444393 0.0013118705272500413 0.00086785924003893579 0.002507805375826054 0.016524639532835582 -0.0065327827395630809 0.00046966657917014006 -0.021779103774532745 0.023631751203035675
leaf_weight=23972.050516620278 64.36928054690361 35.610028631985188 705.46168435364962 106.34406480193138 295.38629183918238 103.53700964152813 15882.640145815909 1649.5886518862098 1129.872919883579 645.4667755253613 87.467031635344028 277.29431107267737 267.1598922200501 138.29420670866966
leaf_count=108316 274 183 3192 637 1476 424 74870 9363 5459 3597 539 1784 1600 1190
internal_value=-1.56286e-05 -0.00498748 -0.00185237 -0.0182355 0.000628732 -0.0250221 0.000133408 -0.000531322 0.00287662 0.00766797 -0.000655753 -0.00202404 -0.0106436 0.0121637
internal_weight=45360.5 1310.71 1142.8 141.954 1000.85 167.906 44049.8 28167.2 4195.14 1775.34 2419.8 2194.04 544.454 225.761
internal_count=212904 6186 5488 820 4668 698 206718 131848 23532 9056 14476 12747 3384 1729
is_linear=0
shrinkage=0.03


Tree=269
num_leaves=15
num_cat=0
split_feature=238 228 138 228 47 64 10 222 238 146 230 10 23 77
split_gain=42.1397 52.8718 40.6504 53.2948 70.9797 72.9669 62.3113 57.9457 55.95 58.2412 110.518 115.101 60.8894 52.3225
threshold=-0.29198242723941797 5.5000000000000009 80.500000000000014 46.500000000000007 51.500000000000007 56.500000000000007 41.500000000000007 12.500000000000002 -0.068615317344665513 16.500000000000004 63.500000000000007 57.500000000000007 1.5000000000000002 2.5000000000000004
decision_type=10 10 8 10 8 10 8 10 10 10 10 10 8 10
left_child=1 -1 3 8 5 7 -6 -5 9 10 12 -12 -2 -11
right_child=2 -3 -4 4 6 -7 -8 -9 -10 13 11 -13 -14 -15
leaf_value=0.017302937316654474 -0.0071896091770900479 -0.0007694729703019603 -0.0021938973727996208 0.029061245063331142 0.014597439587510658 -0.0090750467243249627 0.0036038825218916272 0.00074744775337699549 -0.0039535893931041399 -0.0055691634240778816 0.0076260155062823874 -0.020258100982448329 0.0087231004654010208 7.5672879337607019e-05
leaf_weight=276.07173141278327 234.11645124107599 295.23711258918047 6582.4121859334409 56.191556230187416 509.18944406881928 724.92611689120531 4526.5934941880405 3836.7509873658419 3314.187030903995 1580.9200005177408 230.16388671845198 293.43203619122505 2062.1527071744204 20788.65148569271
leaf_count=3131 1063 2071 31565 269 2292 3165 21140 16946 14034 7700 958 1211 8952 98347
internal_value=8.57405e-05 0.00811102 -1.85289e-05 0.000357215 0.00228253 -0.000404211 0.00474221 0.00122955 -0.000295425 0.000187259 0.00424226 -0.00808751 0.00707658 -0.000325574
internal_weight=45311 571.309 44739.7 38157.3 9653.65 4617.87 5035.78 3892.94 28503.6 25189.4 2819.87 523.596 2296.27 22369.6
internal_count=212844 5202 207642 176077 43812 20380 23432 17215 132265 118231 12184 2169 10015 106047
is_linear=0
shrinkage=0.03


Tree=270
num_leaves=15
num_cat=0
split_feature=245 228 119 230 229 224 245 230 191 224 155 222 154 224
split_gain=42.8462 88.8549 65.1928 54.3085 79.7295 81.0391 73.3068 71.4595 83.5997 63.9735 89.4723 95.2838 79.8064 62.1263
threshold=-0.11046205461025237 30.500000000000004 15.500000000000002 17.500000000000004 7.5000000000000009 21.500000000000004 -0.11967434734106062 22.500000000000004 46.500000000000007 3.5000000000000004 26.500000000000004 3.5000000000000004 30.500000000000004 31.500000000000004
decision_type=2 10 8 10 10 10 2 10 8 8 10 10 10 10
left_child=1 2 -1 4 5 9 13 -5 -9 -4 -11 -12 -13 -6
right_child=-2 -3 3 7 6 -7 -8 8 -10 10 11 12 -14 -15
leaf_value=-0.018314134037157315 -0.00020933466701008105 0.024941153467264686 0.0076351170072588388 0.03031923250254815 -0.023754763547250611 0.025612183614629479 0.014690887114070714 -0.0069769206623800798 0.016039449805395539 0.013482821797053665 -0.022133926968256591 -0.014645972956840888 0.016223725042396626 -0.0018408979229715878
leaf_weight=123.47023309767246 42051.004800543189 153.18441727012396 864.63353706523776 123.01387683302164 245.7536378800869 134.11832628026605 90.126736432313919 251.53734218329191 303.69046139717102 183.11817962303758 283.16134004667401 128.9619811438024 154.94392723962665 217.07096312195063
leaf_count=537 190464 1346 7613 748 1196 982 564 1448 1760 1369 1644 746 986 1363
internal_value=4.77249e-05 0.00335731 0.00221531 0.00312428 0.000909396 0.00405066 -0.00892161 0.0105189 0.00567328 0.00211326 -0.00426772 -0.0101341 0.00218019 -0.0137332
internal_weight=45307.8 3256.78 3103.6 2980.13 2301.89 1748.94 552.951 678.242 555.228 1614.82 750.185 567.067 283.906 462.825
internal_count=212766 22302 20956 20419 16463 13340 3123 3956 3208 12358 4745 3376 1732 2559
is_linear=0
shrinkage=0.03


Tree=271
num_leaves=15
num_cat=0
split_feature=233 230 229 127 79 106 120 224 249 231 3 142 231 73
split_gain=44.6835 55.0661 106.892 149.99 77.7819 84.4403 75.5426 69.3615 86.8739 84.2361 75.1296 61.0354 60.7048 60.5
threshold=53.500000000000007 24.500000000000004 25.500000000000004 38.500000000000007 55.500000000000007 89.500000000000014 86.500000000000014 13.500000000000002 0.7525252401828767 5.5000000000000009 70.500000000000014 7.5000000000000009 57.500000000000007 25.500000000000004
decision_type=10 10 10 10 10 10 10 10 2 10 10 10 10 10
left_child=-1 2 4 11 5 7 -3 8 10 -9 13 -4 -10 -2
right_child=1 6 3 -5 -6 -7 -8 9 12 -11 -12 -13 -14 -15
leaf_value=-0.00079337458072889749 0.0017325187376150957 0.0016915528199353224 0.00663214215080472 0.0039497335197514723 -0.0047482532369312715 -0.012952887413916352 0.0094839566929375389 -0.022924516777716102 -0.014967359574891976 0.0076165031204274303 -0.024451562143835624 -0.015899023388970143 0.01760336074344131 -0.0083509993701957348
leaf_weight=24709.180318621919 2793.2566457167268 8707.4068845547736 115.28568622469902 701.13645166903734 1706.7771445587277 299.68603323400021 1276.254398830235 74.314572021365166 51.876142710447311 2688.3110218048096 108.88533374667168 1030.0331525728106 365.91331868991256 651.98404025286436
leaf_count=115217 15432 37922 492 3327 8053 1506 6438 312 229 13014 541 4539 2497 3134
internal_value=6.637e-05 0.00109894 -0.000408329 -0.00694646 0.000979151 0.00237361 0.00269618 0.00307383 0.000530586 0.00671523 -0.00100402 -0.0135933 0.0133038 -0.000194352
internal_weight=45280.3 20571.1 10587.5 1846.46 8741 7034.23 9983.66 6734.54 3971.92 2762.63 3554.13 1145.32 417.789 3445.24
internal_count=212653 97436 53076 8358 44718 36665 44360 35159 21833 13326 19107 5031 2726 18566
is_linear=0
shrinkage=0.03


Tree=272
num_leaves=15
num_cat=0
split_feature=245 243 167 245 244 243 224 76 224 92 231 242 245 244
split_gain=39.9517 108.814 99.9718 96.6971 169.328 85.2953 81.997 102.2 96.8718 81.6364 114.165 87.8007 87.7218 78.8719
threshold=-0.075686518102884279 -0.054462255910038941 29.500000000000004 -0.079050879925489412 0.0029926361748948698 -0.056920476257801049 43.500000000000007 83.500000000000014 37.500000000000007 26.500000000000004 79.500000000000014 0.022980983369052414 -0.080620240420103059 0.0012429245398379864
decision_type=2 2 8 2 2 2 10 10 10 10 10 8 2 2
left_child=3 2 -2 6 -5 -4 7 8 13 10 12 -11 -8 -1
right_child=1 -3 5 4 -6 -7 9 -9 -10 11 -12 -13 -14 -15
leaf_value=-0.021549419471968392 -0.015827096813012104 -0.00017276642909402177 0.0043296146725528995 -0.018567560897925179 0.012671789504185229 -0.020738499918869582 0.0073325433250681395 0.0044353970798829221 -0.017640405241524854 -0.014594868009769899 0.023409457780982766 0.0056051012647446077 -0.021740627996446243 -0.001277630314094296
leaf_weight=168.03091023117304 776.09362133592367 31252.518593646586 617.63909976184368 169.49531475454569 1239.4754586815834 141.6881465241313 967.11201384663582 2416.5246721953154 362.58243608474731 302.10943334549665 392.92877913638949 501.01171908155084 93.578059777617455 5894.8004505224526
leaf_count=805 3432 137788 2887 765 6128 628 5004 15154 1807 1646 2724 2933 425 30731
internal_value=-6.77571e-06 -0.000557079 -0.00832778 0.0014351 0.00880941 -0.000556784 0.000491847 -0.00081231 -0.00278974 0.00558259 0.00980119 -0.00207955 0.0045885 -0.00187402
internal_weight=45295.6 32787.9 1535.42 12507.6 1408.97 759.327 11098.7 8841.94 6425.41 2256.74 1453.62 803.121 1060.69 6062.83
internal_count=212857 144735 6947 68122 6893 3515 61229 48497 33343 12732 8153 4579 5429 31536
is_linear=0
shrinkage=0.03


Tree=273
num_leaves=15
num_cat=0
split_feature=124 230 193 147 242 224 244 230 170 244 38 244 147 245
split_gain=41.5843 39.4282 39.953 37.1411 82.1845 57.9066 61.514 56.1174 43.9779 62.5024 63.2836 46.6086 45.916 44.9839
threshold=6.5000000000000009 37.500000000000007 13.500000000000002 81.500000000000014 0.027375092729926113 13.500000000000002 0.035500977188348777 43.500000000000007 24.500000000000004 0.0054333151783794173 22.500000000000004 0.0016664691502228381 5.5000000000000009 -0.094621878117322908
decision_type=8 8 10 10 8 10 2 10 10 2 8 2 10 2
left_child=1 2 -1 8 5 6 -5 -6 -2 10 12 -12 -10 -13
right_child=3 -3 -4 4 7 -7 -8 -9 9 -11 11 13 -14 -15
leaf_value=-0.007595197349438287 -0.0005977054336391139 -0.0081801126094898542 0.008934950099364472 -0.0075083860559609049 0.0062978944159609437 -0.002520200295044313 -0.029962113151262147 -0.0020065197738974995 -0.0069273824647226286 0.00085992446003431682 -0.0075142355804659377 -0.012418229479307282 0.017947765857153804 0.0066938737153986348
leaf_weight=220.2041629999876 16346.686080722138 1042.0888917446136 297.91493497788906 741.28159306943417 1526.4445060379803 4420.938365124166 121.86508054286242 1392.2790385894477 71.664882704615593 16762.155727762729 293.08339135348797 110.48788276314735 491.25014500692487 1503.9876744970679
leaf_count=933 77339 4471 1248 3387 7838 19423 570 6707 319 79951 1287 592 2328 6678
internal_value=-4.54628e-05 -0.00484232 0.00189874 0.000126543 -0.001692 -0.00392112 -0.0109854 0.00234323 0.000546166 0.0015182 0.00596312 0.00331711 0.0147153 0.00531753
internal_weight=45342.3 1560.21 518.119 43782.1 8202.81 5284.09 863.147 2918.72 35579.3 19232.6 2470.47 1907.56 562.915 1614.48
internal_count=213071 6652 2181 206419 37925 23380 3957 14545 168494 91155 11204 8557 2647 7270
is_linear=0
shrinkage=0.03


Tree=274
num_leaves=15
num_cat=0
split_feature=245 170 28 248 226 226 165 245 226 226 248 243 243 120
split_gain=34.1199 32.4437 57.7268 61.0982 66.9392 84.9677 50.7854 48.705 44.8211 117.888 134.848 95.8644 87.5776 86.8384
threshold=-0.25948600471019739 61.500000000000007 2.5000000000000004 0.69191917777061474 61.500000000000007 98.500000000000014 49.500000000000007 -0.075226172804832445 41.500000000000007 49.500000000000007 0.82323232293128978 -0.087502673268318162 -0.057884484529495232 91.500000000000014
decision_type=2 10 10 2 10 10 10 2 10 10 2 2 2 10
left_child=-1 8 -3 -4 6 -6 -5 -8 -2 -10 11 -11 -12 -13
right_child=1 2 3 4 5 -7 7 -9 9 10 12 13 -14 -15
leaf_value=0.022463977001076881 -0.0014063258500911829 0.0097938171645815583 0.0020447425493563855 -0.018716027135049725 0.018427387126016069 -0.019790033817944971 0.0037266446925917126 -0.015050233030883677 0.0060237462119280367 -0.02333454082135843 0.030509062228691524 -0.0016101263947293004 0.005966369252832053 0.0057785089543650886
leaf_weight=50.799926456063986 19194.265222014859 712.70637732371688 6229.8526163063943 327.03623285889626 177.99625356122851 63.379631474614143 312.90669544041157 193.11991032958031 3067.3675287812948 161.49524680525064 172.25865720957518 12543.291583709419 489.0387420617044 1606.0322503894567
leaf_count=891 92838 4185 28701 1512 1035 418 1541 821 13403 759 1008 55038 2418 8348
internal_value=5.41033e-06 -2.476e-05 0.00170517 0.000903623 -0.0056707 0.00800433 -0.00968092 -0.00359215 -0.000397599 0.000675885 -0.000423031 -0.00103876 0.0127186 -0.000767984
internal_weight=45301.5 45250.7 8017 7304.29 1074.44 241.376 833.063 506.027 37233.7 18039.5 14972.1 14310.8 661.297 14149.3
internal_count=212916 212025 38213 34028 5327 1453 3874 2362 173812 80974 67571 64145 3426 63386
is_linear=0
shrinkage=0.03


Tree=275
num_leaves=15
num_cat=0
split_feature=186 164 151 228 126 137 176 228 121 244 124 194 193 117
split_gain=36.0492 38.6808 36.7833 43.3219 45.7669 32.7554 64.1623 40.4292 38.805 36.7041 47.5418 42.3962 40.4887 43.6876
threshold=99.500000000000014 51.500000000000007 4.5000000000000009 50.500000000000007 46.500000000000007 91.500000000000014 90.500000000000014 93.500000000000014 51.500000000000007 0.085680648684501662 9.5000000000000018 2.5000000000000004 74.500000000000014 87.500000000000014
decision_type=10 10 10 8 8 10 10 10 10 2 10 8 8 10
left_child=1 5 3 4 -3 7 8 9 -7 10 -1 -11 -12 -14
right_child=-2 2 -4 -5 -6 6 -8 -9 -10 11 12 -13 13 -15
leaf_value=-0.0058093998155549021 -0.0088658250135596785 -0.0084225879765772171 0.0013865951410538017 0.0060447669917541658 0.00022770858977923825 -0.015401710288191039 0.0018645858898359109 -0.0089649501114735415 -0.0048629924863082593 -0.017934927223561502 -0.0011857273513588981 0.012017238140018819 0.00051432085730536089 0.0061089784333005267
leaf_weight=1347.8003840222955 406.26677921228111 1097.9780308865011 18855.587995972484 445.61020863801241 1092.96484317258 402.26739054918289 1107.9054196402431 476.07531345635653 1403.9874266013503 39.136420160531998 10655.970163937658 358.51046276465058 6063.7106582149863 1575.1604524552822
leaf_count=6388 1990 4776 89669 2008 5569 1882 5560 2108 7189 232 48429 2507 26795 7921
internal_value=-7.8027e-05 3.4026e-06 0.000922332 -0.00239059 -0.00412591 -0.000839538 -0.00381012 -0.000415944 -0.00728193 -0.000208484 -0.000393199 0.0087017 8.77443e-06 0.00167444
internal_weight=45328.9 44922.7 21492.1 2636.55 2190.94 23430.5 2914.16 20516.4 1806.25 20040.3 19642.6 397.647 18294.8 7638.87
internal_count=213023 211033 102022 12353 10345 109011 14631 94380 9071 92272 89533 2739 83145 34716
is_linear=0
shrinkage=0.03


Tree=276
num_leaves=15
num_cat=0
split_feature=164 77 34 245 244 119 230 245 228 104 245 243 245 228
split_gain=41.2101 46.3752 42.9571 51.5163 66.9201 67.5702 52.3006 65.3439 45.5482 44.211 41.2029 61.9425 38.1626 50.4067
threshold=47.500000000000007 1.5000000000000002 7.5000000000000009 -0.11648001894354819 0.023270424455404285 18.500000000000004 6.5000000000000009 -0.20480131357908246 61.500000000000007 80.500000000000014 -0.12126805260777472 -0.042495442554354661 -0.17263492941856382 7.5000000000000009
decision_type=10 8 8 2 2 8 10 2 10 8 2 2 2 10
left_child=1 -1 3 4 5 -2 7 -6 9 -5 11 -7 -8 -14
right_child=2 -3 -4 8 6 10 12 -9 -10 -11 -12 -13 13 -15
leaf_value=-0.0095069638921178815 -0.021583761591363868 -0.00064076684486684204 0.001728065678464255 -0.00408271056088388 0.01288410657231643 0.012172518029103708 0.026875882328133812 -0.019070487782218679 0.0058821284623436377 0.011511634906973751 0.026069497182609612 -0.013645196366362149 -0.01676405325120758 0.020352398703178096
leaf_weight=534.65276957303286 49.760667748749256 21244.195814073086 17131.065542839468 4344.1574870347977 67.136546887457371 518.32346621155739 54.542077090591192 239.81196476891637 509.85128844901919 160.5527737736702 138.83006317541003 90.759938076138496 70.760675758123398 45.661338590085506
leaf_count=2581 215 98781 79113 19666 1033 3777 443 1462 2543 792 932 485 348 361
internal_value=7.64854e-05 -0.000862688 0.000949797 -0.00116918 0.00419232 0.00946694 -0.00462503 -0.0118953 -0.00253865 -0.00350264 0.0117903 0.00816714 0.00836404 -0.00174839
internal_weight=45200.1 21778.8 23421.2 6290.15 1275.59 797.674 477.913 306.949 5014.56 4504.71 747.913 609.083 170.964 116.422
internal_count=212532 101362 111170 32057 9056 5409 3647 2495 23001 20458 5194 4262 1152 709
is_linear=0
shrinkage=0.03


Tree=277
num_leaves=15
num_cat=0
split_feature=141 234 1 222 154 226 245 78 165 226 222 222 57 231
split_gain=39.83 39.1111 40.5267 49.466 53.0263 45.0858 57.0607 42.2507 39.5851 48.1775 85.0562 54.8718 38.4928 55.3184
threshold=1.5000000000000002 84.500000000000014 54.500000000000007 28.500000000000004 67.500000000000014 57.500000000000007 -0.075226172804832445 20.500000000000004 43.500000000000007 22.500000000000004 10.500000000000002 6.5000000000000009 70.500000000000014 88.500000000000014
decision_type=8 10 8 8 10 8 2 10 8 8 10 10 8 10
left_child=-1 2 12 4 8 6 -5 -8 -4 11 -11 -10 -2 -14
right_child=1 -3 3 5 -6 -7 7 -9 9 10 -12 -13 13 -15
leaf_value=0.009802139282546328 -0.00064275998503404794 0.0025112565283921732 -0.011483693621562109 0.020854298224972419 -0.00011581894814921735 -0.0030249007999257 -0.0068508107404880508 0.0047294774010507318 -0.0073840259231161606 0.0071788571604584949 -0.017182003777665041 0.012253759937850642 0.0025728814346498478 -0.0034560307158547792
leaf_weight=357.14053529500961 23281.17745295167 4560.3607987686992 1189.031231790781 147.46784862875938 1290.0097498558462 1990.5924179777503 368.30835286527872 1126.1596128419042 227.15869908407331 183.9806762598455 388.25022131949663 269.68415474891663 8335.3728390242904 1629.674368377775
leaf_count=1575 106238 22704 5378 852 6023 9810 1681 4969 1248 842 1709 1353 39572 9191
internal_value=-3.90189e-05 -0.000119306 -0.000416595 -0.00245876 -0.00497287 3.84627e-06 0.00367182 0.00184897 -0.00773487 -0.00349761 -0.00936085 0.00330674 2.50856e-05 0.00158444
internal_weight=45344.4 44987.2 40426.9 7180.64 3548.11 3632.53 1641.94 1494.47 2258.1 1069.07 572.231 496.843 33246.2 9965.05
internal_count=213145 211570 188866 33865 16553 17312 7502 6650 10530 5152 2551 2601 155001 48763
is_linear=0
shrinkage=0.03


Tree=278
num_leaves=15
num_cat=0
split_feature=194 195 52 224 228 248 120 244 224 121 41 47 119 146
split_gain=47.343 47.1881 57.3171 41.6976 96.2935 75.0494 82.2247 64.3215 56.0683 60.5535 54.2274 49.6987 70.4292 47.7354
threshold=29.500000000000004 38.500000000000007 14.500000000000002 32.500000000000007 32.500000000000007 0.68181815743446361 17.500000000000004 0.10114844888448717 71.500000000000014 77.500000000000014 8.5000000000000018 17.500000000000004 10.500000000000002 78.500000000000014
decision_type=10 10 10 8 8 2 8 2 8 8 8 8 8 10
left_child=3 2 -2 -1 10 6 -6 11 9 -7 -5 -8 -13 -10
right_child=1 -3 -4 4 5 8 7 -9 13 -11 -12 12 -14 -15
leaf_value=0.0021531072390695116 -0.0059864619418969461 0.0004741629593467942 -0.0011495413743100454 -0.013563667759596911 0.0067400830089341512 0.02436685652252284 0.0044507962111087216 0.017050470485071242 -0.0086652349760965291 -0.00037713595182618537 -0.0030416268274344955 -0.02920946030442579 -0.0025494569006857129 0.015268679289155096
leaf_weight=11734.893936766312 2868.5748586654663 10254.776052718982 9452.053972274065 519.9004484936595 1463.9513193592429 303.31524916738272 942.34474304318428 158.29027472808957 187.06929875910282 123.9117519184947 2686.9198512770236 81.151768699288368 4424.3190290257335 111.0871050581336
leaf_count=57712 13755 47902 42636 2545 6318 1432 4280 1252 886 577 12136 358 20430 824
internal_value=-5.61411e-05 -0.00102909 -0.00227965 0.00090991 -0.000416822 0.00138368 0.000434329 -0.00122139 0.010505 0.0173457 -0.00478436 -0.00178256 -0.00309328 0.000458171
internal_weight=45312.6 22575.4 12320.6 22737.2 11002.3 7795.44 7070.06 5606.11 725.383 427.227 3206.82 5447.82 4505.47 298.156
internal_count=213043 104293 56391 108750 51038 36357 32638 26320 3719 2009 14681 25068 20788 1710
is_linear=0
shrinkage=0.03


Tree=279
num_leaves=15
num_cat=0
split_feature=171 175 178 233 58 106 119 248 249 230 241 226 245 222
split_gain=37.6031 59.393 57.3506 53.3986 65.1278 54.6113 52.6771 87.7371 102.71 63.1774 63.8462 61.5724 62.5839 59.4548
threshold=28.500000000000004 4.5000000000000009 9.5000000000000018 95.500000000000014 56.500000000000007 87.500000000000014 15.500000000000002 0.73232322931289684 0.035353535786271102 53.500000000000007 -1.2836471199989317 70.500000000000014 -0.055680533871054642 19.500000000000004
decision_type=8 8 8 10 10 10 10 2 2 8 10 10 2 10
left_child=3 -2 -3 6 5 -5 7 8 9 -1 -11 -8 -13 -14
right_child=1 2 -4 4 -6 -7 11 -9 -10 10 -12 12 13 -15
leaf_value=0.017104240259975017 0.0058826154148589865 -0.0030106521264616055 0.0010143698660080762 0.0061551260282823534 -0.011912213101736869 -0.022086067067686274 -0.001867284882028456 -0.022349861853784504 -0.0097180906916808397 0.011029948200200283 -0.017747964772982183 0.0087230464250187753 -0.013889122451414 0.0017867730272044411
leaf_weight=260.59673911333084 1897.7094418630004 3768.7048194892704 20304.954806618392 1870.5150298234075 212.29335706681013 54.080923147499561 12630.368498452008 257.18255884200335 886.67701048403978 128.64259245246649 129.47567132115364 1066.4302451722324 244.26897802203894 1506.6960600540042
leaf_count=1077 10438 17995 93511 9439 962 258 59811 1104 3799 528 537 5427 1051 6648
internal_value=4.25841e-05 0.000787212 0.000383269 -0.000962071 0.00349879 0.00525149 -0.0015209 -0.00657867 -0.00355508 0.00696436 -0.003529 -0.00097265 0.00303041 -0.000466552
internal_weight=45218.6 25971.4 24073.7 19247.2 2136.89 1924.6 17110.3 1662.57 1405.39 518.715 258.118 15447.8 2817.4 1750.97
internal_count=212585 121944 111506 90641 10659 9697 79982 7045 5941 2142 1065 72937 13126 7699
is_linear=0
shrinkage=0.03


Tree=280
num_leaves=15
num_cat=0
split_feature=231 231 249 230 230 29 229 229 137 26 249 70 149 230
split_gain=47.1681 100.566 81.0065 80.1534 153.359 124.279 106.332 205.328 88.5452 83.9683 83.1699 69.815 53.9557 53.8895
threshold=26.500000000000004 31.500000000000004 0.66161617636680614 35.500000000000007 57.500000000000007 17.500000000000004 21.500000000000004 29.500000000000004 49.500000000000007 12.500000000000002 0.035353535786271102 37.500000000000007 29.500000000000004 7.5000000000000009
decision_type=8 8 2 8 10 10 10 10 10 10 2 10 8 10
left_child=3 2 -2 5 9 8 -6 -8 10 -5 -1 -9 13 -3
right_child=1 12 -4 4 6 -7 7 11 -10 -11 -12 -13 -14 -15
leaf_value=0.0063068051283149476 -0.0078061984046971442 0.0021493931040811026 0.01880834722223226 0.0025906145667698739 -0.028490701954774163 0.010261419775123229 0.037126787051052337 0.0080584350807925611 0.016316437161576061 -0.0083069267948116341 -0.0090854578438149328 0.00018528802391611497 0.00069882491656304781 -0.0033945133349808803
leaf_weight=475.60214678943157 2182.4158230498433 2062.5303686819971 98.665569558739662 886.83348683267832 82.626121804118156 2046.4579789415002 152.52577835321426 1507.3455648757517 220.85231821238995 2208.0007501542568 899.1229128614068 3055.1536354087293 22797.243733523414 6628.4859882853925
leaf_count=2063 9687 10743 595 3929 343 8955 655 6652 1099 9592 3992 13577 111451 29700
internal_value=5.62433e-05 -0.000509545 -0.00657795 0.00171169 1.12653e-05 0.00538649 0.00336764 0.00398504 -0.000890965 -0.00518592 -0.00375324 0.00279833 -6.79871e-05 -0.00207789
internal_weight=45303.9 33769.3 2281.08 11534.5 7892.49 3642.04 4797.65 4715.02 1595.58 3094.83 1374.73 4562.5 31488.3 8691.02
internal_count=213033 162176 10282 50857 34748 16109 21227 20884 7154 13521 6055 20229 151894 40443
is_linear=0
shrinkage=0.03


Tree=281
num_leaves=15
num_cat=0
split_feature=226 240 231 230 230 248 243 249 69 246 245 228 243 243
split_gain=35.4685 37.1552 40.3592 128.061 102.087 93.111 115.57 106.051 95.8325 93.2998 81.4034 92.427 139.549 76.684
threshold=99.500000000000014 0.052265433594584472 91.500000000000014 62.500000000000007 18.500000000000004 0.84343436360359203 -0.023782862350344654 0.82323232293128978 75.500000000000014 0.16108135133981707 -0.10338006913661955 9.5000000000000018 -0.052727436646819108 -0.10160019248723982
decision_type=10 8 10 10 10 2 2 2 10 2 2 10 2 2
left_child=1 2 13 4 5 6 7 8 -4 -7 -6 -12 -13 -1
right_child=-2 -3 3 -5 10 9 -8 -9 -10 -11 11 12 -14 -15
leaf_value=0.018661372915194055 -0.0069047134306576751 0.0057843250772251454 -0.0094014448562905958 0.0073092610971307453 0.01677778536356243 0.021549648274217934 0.0095231089446029798 0.021390322833563749 0.010842606038864049 -0.010953138699242377 -0.024796983663689758 0.018618754908410032 -0.014140081687505295 0.00018298025578613653
leaf_weight=193.20934580639005 657.31409794092178 988.77563574910164 2234.1056715920568 986.98504478856921 73.574939414858818 261.05468098074198 493.41327779740095 110.23233300447464 223.91001186147332 105.21692231297493 437.10345202684402 140.96752852201462 519.64300657063723 37932.537866104394
leaf_count=1712 3128 5656 12043 5467 440 1879 2334 692 1172 676 1900 656 2170 173361
internal_value=-3.94078e-05 6.30667e-05 -6.7643e-05 -0.00244673 -0.00455166 -0.00192459 -0.00364486 -0.00620182 -0.00752088 0.0121698 -0.0121587 -0.0142322 -0.00697628 0.000281492
internal_weight=45358 44700.7 43712 5586.21 4599.22 3427.93 3061.66 2568.25 2458.02 366.272 1171.29 1097.71 660.611 38125.7
internal_count=213286 210158 204502 29429 23962 18796 16241 13907 13215 2555 5166 4726 2826 175073
is_linear=0
shrinkage=0.03


Tree=282
num_leaves=15
num_cat=0
split_feature=245 248 244 231 230 244 224 244 231 226 224 95 224 230
split_gain=41.5362 161.309 128.816 138.545 207.849 166.242 164.491 110.817 124.711 197.094 114.941 103.284 109.651 107.29
threshold=-0.075226172804832445 0.58080807328224193 0.021798778325319294 69.500000000000014 3.5000000000000004 0.0029926361748948698 25.500000000000004 0.01784261874854565 57.500000000000007 12.500000000000002 1.0000000180025095e-35 45.500000000000007 17.500000000000004 38.500000000000007
decision_type=2 2 2 10 8 2 10 2 8 8 10 8 8 10
left_child=1 -1 3 4 -3 -6 -5 8 10 -10 -7 12 -4 -13
right_child=-2 2 11 6 5 7 -8 -9 9 -11 -12 13 -14 -15
leaf_value=0.0089915473157123095 -0.0005584543049827037 0.012395085974246522 -0.015315591586202227 0.0018248913368149454 -0.017977215308695442 -0.035921460967393001 0.017019829965319758 0.015374763615475609 0.022860893220226934 -0.022516889284972863 0.0011857489899271816 0.0054303798826867023 0.00029759811900522543 -0.020293867341760054
leaf_weight=2122.178981628269 32519.777536615729 840.09596950933337 1158.2969087529927 1773.5038591250777 628.24953486770391 67.585816778242588 996.76334454491735 315.54996593296528 94.878125678747892 508.6796005629003 2361.3188098557293 977.23799293860793 618.91891115158796 161.28481652960181
leaf_count=13096 143582 4345 6448 10163 2865 326 6033 1450 503 2309 10897 5983 3539 835
internal_value=8.53861e-06 0.00146835 -5.89438e-05 0.00200106 -0.001075 -0.00394489 0.0073337 -0.00126605 -0.00304249 -0.0151273 1.01656e-05 -0.00540751 -0.00990703 0.00164128
internal_weight=45144.3 12624.5 10502.4 7586.63 4816.36 3976.26 2770.27 3348.01 3032.46 603.558 2428.9 2915.74 1777.22 1138.52
internal_count=212374 68792 55696 38891 22695 18350 16196 15485 14035 2812 11223 16805 9987 6818
is_linear=0
shrinkage=0.03


Tree=283
num_leaves=15
num_cat=0
split_feature=141 66 42 244 231 248 4 231 229 241 231 77 186 249
split_gain=39.8968 38.1819 51.0465 39.3505 39.5417 34.4806 39.4913 33.6246 44.2765 42.4289 35.5916 32.9921 45.7826 42.4406
threshold=1.5000000000000002 16.500000000000004 63.500000000000007 0.085680648684501662 4.5000000000000009 0.81313130259513866 38.500000000000007 25.500000000000004 57.500000000000007 -1.3832071423530576 67.500000000000014 1.5000000000000002 70.500000000000014 0.91414141654968273
decision_type=8 10 10 2 10 2 10 10 10 10 10 10 10 2
left_child=-1 2 3 4 -2 6 7 8 -4 -9 -11 12 -3 -13
right_child=1 11 5 -5 -6 -7 -8 9 -10 10 -12 13 -14 -15
leaf_value=0.0098658643816178053 -0.0077508293552758971 -0.010858791934455237 -0.013526664289844876 0.013857184962068867 -0.00021232760490346624 0.011867275779077023 -0.0022454821076517361 -0.005331998253779331 0.0081446181447920544 -0.026941937647146037 -0.0065816478179797008 0.000477282379028873 0.00014455741286435711 0.013104105991252689
leaf_weight=357.78725031018257 686.7894817404449 541.49938042461872 164.47769849002361 154.84696699678898 6189.6282659322023 82.249096490442753 840.86696920543909 260.08030708879232 155.90469005703926 273.7288022339344 117.15762004256248 34333.247864734381 888.10628048889339 231.27496887743473
leaf_count=1584 3636 2561 690 1233 27392 378 3589 1119 652 1131 503 162098 4908 1585
internal_value=2.52657e-05 -5.52931e-05 -0.00181056 -0.000629537 -0.000975405 -0.00616756 -0.00704672 -0.0111378 -0.00305365 -0.0150101 -0.0211559 0.000380354 -0.00406972 0.000565535
internal_weight=45277.6 44919.9 8925.73 7031.26 6876.42 1894.47 1812.22 971.349 320.382 650.967 390.886 35994.1 1429.61 34564.5
internal_count=213059 211475 40323 32261 31028 8062 7684 4095 1342 2753 1634 171152 7469 163683
is_linear=0
shrinkage=0.03


Tree=284
num_leaves=15
num_cat=0
split_feature=212 149 245 243 110 245 244 228 137 224 45 222 224 232
split_gain=36.2643 41.3002 39.0221 47.0834 81.0998 88.7748 93.9235 73.6499 68.6687 82.5163 82.4296 60.9249 59.0212 61.0376
threshold=39.500000000000007 28.500000000000004 -0.045207045972347253 -0.045008767396211617 65.500000000000014 -0.07430317252874373 0.018332496285438541 40.500000000000007 90.500000000000014 4.5000000000000009 38.500000000000007 5.5000000000000009 37.500000000000007 92.500000000000014
decision_type=10 10 2 2 8 2 2 10 10 10 10 10 10 10
left_child=1 2 3 4 5 6 11 12 -5 -10 -11 -1 13 -7
right_child=-2 -3 -4 8 -6 7 -8 -9 9 10 -12 -13 -14 -15
leaf_value=-0.0036381232848845661 -0.002107819243914752 0.00092132983628681435 -0.0033989106195407167 0.0033027573649114764 0.0085192621439777027 -0.0050255866503460195 -0.0091504921974982084 0.0069827350832008493 0.027711517075489155 -0.026843864371116646 -0.00022369613169457176 0.019073489253577273 -0.031925306154147542 -0.037013364336704754
leaf_weight=176.67145013064146 6490.8728226032108 27987.528926733881 4483.4569681212306 3880.5537759326398 392.05403957515955 286.33014421164989 513.18580253049731 109.77759194374084 40.347322728484869 193.57759077847004 215.8710004016757 246.80950546264648 203.21974830329418 57.372724309563637
leaf_count=957 29236 133202 19585 18121 2603 1264 2972 496 229 889 1148 1274 854 256
internal_value=-3.41789e-05 0.000313294 -0.0012619 0.0002581 -0.00355651 -0.0065624 -0.000600304 -0.0149297 0.00201123 -0.00896079 -0.013149 0.00973311 -0.0193744 -0.0112606
internal_weight=45277.6 38786.8 10799.2 6315.77 1985.42 1593.37 936.667 656.7 4330.35 449.796 409.449 423.481 546.923 343.703
internal_count=213086 183850 50648 31063 10676 8073 5203 2870 20387 2266 2037 2231 2374 1520
is_linear=0
shrinkage=0.03


Tree=285
num_leaves=15
num_cat=0
split_feature=76 248 81 137 10 137 222 69 248 222 135 246 246 143
split_gain=30.9091 34.7566 38.406 78.3153 45.089 80.0763 67.6033 59.8762 69.6337 104.567 92.7466 66.0194 69.1395 59.0228
threshold=96.500000000000014 0.055555555969476707 63.500000000000007 91.500000000000014 80.500000000000014 36.500000000000007 4.5000000000000009 8.5000000000000018 0.71212121844291698 42.500000000000007 57.500000000000007 0.0058016881812363872 0.050195710733532913 73.500000000000014
decision_type=10 2 8 10 10 10 10 10 2 10 10 2 2 10
left_child=1 -1 3 4 7 -6 -7 -3 11 13 -11 -9 -13 -10
right_child=-2 2 -4 -5 5 6 -8 8 9 10 -12 12 -14 -15
leaf_value=-0.0047817347750588324 0.0031265775734440008 0.0028264432651329018 0.001934058919835208 -0.0077249389968514354 -0.0069836399589101152 0.014073748108255102 -0.0010023545131933179 0.0097868619935355186 -0.0073251446680259761 0.0182601108711157 -0.016409506234441072 -0.00091680968253182184 0.0043115731882416011 0.00035654263551275955
leaf_weight=1434.6414564102888 2647.8065912090242 6599.5453326925635 7242.8851912617683 1278.6386309787631 2254.0199017710984 279.06436270475388 3610.2919551208615 651.19220382720232 3002.2551925703883 312.89178267121315 80.063635632395744 11759.849861241877 2812.1384710632265 1282.6455436944962
leaf_count=6218 14789 31633 35152 6600 9662 1587 16578 2882 13381 1616 356 51721 14084 6706
internal_value=-1.22284e-05 -0.000208009 -4.74889e-05 -0.000471019 -0.00018461 -0.00249809 0.000112686 0.000352443 -0.000468988 -0.00366611 0.0109643 0.0005152 9.44415e-05 -0.00503023
internal_weight=45247.9 42600.1 41165.5 33922.6 32644 6143.38 3889.36 26500.6 19901 4677.86 392.955 15223.2 14572 4284.9
internal_count=212965 198176 191958 156806 150206 27827 18165 122379 90746 22059 1972 68687 65805 20087
is_linear=0
shrinkage=0.03


Tree=286
num_leaves=15
num_cat=0
split_feature=231 224 243 245 245 224 224 245 106 231 231 243 231 245
split_gain=37.0289 130.547 101.664 122.249 113.023 87.9021 99.1406 115.427 99.9652 81.4439 76.6596 66.8995 152.033 108.839
threshold=26.500000000000004 4.5000000000000009 -0.020192230120301243 -0.10442371666431426 -0.11465100571513175 84.500000000000014 63.500000000000007 -0.039918880909681313 5.5000000000000009 31.500000000000004 6.5000000000000009 -0.041260827332735055 5.5000000000000009 -0.068540874868631349
decision_type=10 8 2 2 2 10 10 2 10 10 8 2 8 2
left_child=1 -1 3 4 -3 6 11 8 -8 -2 -6 12 -5 -13
right_child=9 2 -4 5 10 -7 7 -9 -10 -11 -12 13 -14 -15
leaf_value=0.020951574988366004 -0.0059924117840952683 0.0023643435733464754 -0.0022389948076959793 -0.025708921356330856 0.0068058123389838311 -0.014193727596999198 -0.011331626683938414 -0.010488019265243601 0.025224555482890803 -0.00011576522105443109 -0.033144166250007927 0.014070246792622785 0.0022985330203696697 0.0026702656232242793
leaf_weight=290.49367635697126 2268.2766416296363 295.99379382282495 5126.7899393327534 194.82786525040865 51.081367209553719 206.1591969281435 70.94101344794035 121.12526851892471 538.09736383706331 31042.466363903135 192.92438672482967 1042.1692098081112 1167.5777447968721 2680.8268065527081
leaf_count=1317 10213 1947 22264 852 297 905 304 525 2439 148894 938 4882 5578 11724
internal_value=-3.1767e-06 0.00142658 0.000923831 0.00339465 -0.0101574 0.00462476 0.00531509 0.0155818 0.0208522 -0.000517611 -0.0248422 0.0038133 -0.00186476 0.00589058
internal_weight=45289.8 11979 11688.5 6561.72 540 6021.72 5815.57 730.164 609.038 33310.7 244.006 5085.4 1362.41 3723
internal_count=213079 53972 52655 30391 3182 27209 26304 3268 2743 159107 1235 23036 6430 16606
is_linear=0
shrinkage=0.03


Tree=287
num_leaves=15
num_cat=0
split_feature=243 248 231 12 226 230 226 147 101 231 243 226 224 178
split_gain=37.9739 52.2175 72.5075 44.1326 41.6226 53.595 44.0709 41.2875 40.1825 47.0127 57.6984 39.8133 78.5323 51.0055
threshold=-0.0086065828800201399 0.4797979891300202 27.500000000000004 10.500000000000002 46.500000000000007 44.500000000000007 51.500000000000007 97.500000000000014 2.5000000000000004 17.500000000000004 -0.026357605122029778 27.500000000000004 38.500000000000007 20.500000000000004
decision_type=2 2 10 10 8 8 10 10 8 10 2 8 10 10
left_child=7 4 -3 -4 5 -2 -6 8 9 -1 11 -11 13 -13
right_child=1 2 3 -5 6 -7 -8 -9 -10 10 -12 12 -14 -15
leaf_value=-0.010723386380742649 -0.0016534316459187199 -0.04121251446746222 0.011261448304899172 -0.015240953972919044 -0.01502421086532202 0.011597257035843347 -0.0026975602315826522 -0.0048278119524885763 0.00065136368754576258 -0.0057063880898198535 0.007856102323866479 0.01456698119796254 -0.015775293201669458 -0.0020398650965330182
leaf_weight=543.20031172782183 894.56460638344288 62.175882339477539 76.828166350722313 156.89683021605015 292.88349445909262 385.21318133175373 1946.9913541525602 1423.5782859995961 36445.03519176133 1689.5017933435738 514.07618203014135 352.542037229985 162.09661113470793 303.71924199908972
leaf_count=2340 3894 254 397 714 1346 1641 8542 6522 171866 9146 2336 1908 745 1323
internal_value=-8.93646e-05 -0.0029492 -0.0148427 -0.00642468 -0.00191008 0.00239402 -0.00436899 0.000174641 0.000353792 -0.00268149 -0.00120533 -0.00308663 0.00232547 0.00696603
internal_weight=45249.3 3815.55 295.901 233.725 3519.65 1279.78 2239.87 41433.7 40010.2 3565.14 3021.94 2507.86 818.358 656.261
internal_count=212974 16788 1365 1111 15423 5535 9888 196186 189664 17798 15458 13122 3976 3231
is_linear=0
shrinkage=0.03


Tree=288
num_leaves=15
num_cat=0
split_feature=154 239 70 249 249 224 178 195 224 225 52 230 243 243
split_gain=37.2027 40.2608 47.9139 40.7179 56.9967 52.5392 51.4411 35.2874 34.3717 34.2847 34.2344 76.083 64.9527 38.0121
threshold=31.500000000000004 -0.0072692220564931622 4.5000000000000009 0.13636363297700885 0.60101011395454418 21.500000000000004 10.500000000000002 36.500000000000007 1.0000000180025095e-35 67.500000000000014 10.500000000000002 5.5000000000000009 -0.040378162637352936 -0.053167903795838349
decision_type=8 10 8 2 2 8 10 10 10 10 10 8 2 2
left_child=7 3 -3 5 -5 8 -7 -1 -2 -10 11 12 13 -4
right_child=1 2 10 4 -6 6 -8 -9 9 -11 -12 -13 -14 -15
leaf_value=-0.0022064254457849473 -0.0063467133071371173 0.0044395500018216327 0.0018326915523297403 0.0058290402342308246 -0.0027419415485349635 -0.0076046357248898983 0.00027735606453822479 0.00069955498202290843 0.00703123512722137 -0.0021887830828895755 -8.8727972731486769e-05 -0.0067753899167993185 0.01235503474391955 -0.01457939096440411
leaf_weight=10147.662798520178 246.83125286176801 1732.1589356325567 416.81340973824263 3708.3367500714958 853.4118719175458 904.43762159347534 4023.486173003912 5965.5768608171493 1863.3534903638065 445.18874809145927 12130.021236848086 2140.4628898575902 403.91651653125882 171.53571724146605
leaf_count=47817 1391 8315 2483 18939 4471 4320 17666 28579 8796 2067 54696 10182 2069 849
internal_value=2.48416e-05 0.000666225 -0.000274244 0.0019923 0.00422309 0.000628614 -0.00118172 -0.00113078 0.00411076 0.00525144 -0.000811766 -0.0036022 0.00324214 -0.00311601
internal_weight=45153.2 29040 16994.9 12045 4561.75 7483.3 4927.92 16113.2 2555.37 2308.54 15262.7 3132.73 992.266 588.349
internal_count=212640 136244 78594 57650 23410 34240 21986 76396 12254 10863 70279 15583 5401 3332
is_linear=0
shrinkage=0.03


Tree=289
num_leaves=15
num_cat=0
split_feature=245 245 231 59 245 192 231 246 246 222 231 222 229 231
split_gain=42.6256 60.3284 92.1535 92.1435 68.2434 88.727 67.1713 100.706 109.298 85.2437 85.0487 106.702 127.283 152.944
threshold=-0.11046205461025237 -0.10442371666431426 34.500000000000007 26.500000000000004 -0.099302399903535829 58.500000000000007 26.500000000000004 0.0021583283087238674 0.0055579054169356832 2.5000000000000004 31.500000000000004 3.5000000000000004 27.500000000000004 69.500000000000014
decision_type=2 2 8 8 2 10 10 2 2 8 10 10 10 10
left_child=-1 2 -2 -4 5 -3 7 -6 -9 -10 -8 12 -12 -14
right_child=1 4 3 -5 6 -7 10 8 9 -11 11 -13 13 -15
leaf_value=0.0034646839172980141 -0.023859655647799204 0.013808573981306331 -0.013295317619598979 0.010273236096711926 -0.031118721513444959 -0.0056536291001099527 -0.0067281357256484368 0.015261196821628813 0.030600550900897406 0.0011575729604299968 -0.0087265976006338907 0.00014001338635966285 -0.02697391966086591 0.027957998289863367
leaf_weight=3226.6969236079603 228.84856182336807 675.8260799869895 292.07800541818142 285.37003110349178 72.894565001130104 297.76641533523798 2080.4458081200719 528.64213845878839 79.271769993007183 10535.621788538992 2165.202823869884 24668.451163589954 52.071496769785881 172.12516476213932
leaf_count=22422 1068 3759 1687 1550 300 1512 9058 2254 377 46648 9748 112057 237 905
internal_value=0.000146999 -0.000107834 -0.00818411 -0.00167133 5.16726e-05 0.00785923 -0.000138592 0.00183316 0.00207642 0.00140605 -0.000897962 -0.000447367 -0.00648686 0.0145926
internal_weight=45361.3 42134.6 806.297 577.448 41328.3 973.592 40354.7 11216.4 11143.5 10614.9 29138.3 27057.9 2389.4 224.197
internal_count=213582 191160 4305 3237 186855 5271 181584 49579 49279 47025 132005 122947 10890 1142
is_linear=0
shrinkage=0.03


Tree=290
num_leaves=15
num_cat=0
split_feature=193 76 230 249 37 244 243 226 193 226 243 230 244 189
split_gain=34.018 63.3161 52.3258 65.0299 83.7538 58.4923 55.2472 53.5576 53.3775 120.865 55.9629 55.9908 52.1895 46.2632
threshold=73.500000000000014 82.500000000000014 71.500000000000014 0.025252525694668296 12.500000000000002 0.0063802294898778209 -0.021018655970692631 98.500000000000014 98.500000000000014 36.500000000000007 -0.020192230120301243 68.500000000000014 0.0551393460482359 39.500000000000007
decision_type=8 10 10 2 10 2 2 10 10 8 2 10 2 10
left_child=1 -1 8 5 7 -4 -6 -5 -2 -10 11 -11 13 -3
right_child=2 12 3 4 6 -7 -8 -9 9 10 -12 -13 -14 -15
leaf_value=-0.0014712694148595656 0.00060351331830038601 -0.002039169117840231 -0.013280997614036259 0.013703754389983674 0.0067113043313996312 0.0038183259150570228 -0.00072597525982212086 -0.0039385018772552984 0.0053138711647712023 -0.010674808918908015 -0.023518924376540438 0.016848514504278735 0.010542868999166776 0.0036277221969289539
leaf_weight=20218.488506272435 12190.951231265441 2315.5518205631524 363.87234365940094 1090.0734918303788 1512.1911918409169 340.54019160568714 2191.2406285330653 175.72090304642916 541.20938397198915 473.58920245245099 279.86574155092239 67.980412356555462 579.37430756166577 2922.1987377852201
leaf_count=91579 57165 11248 1594 5669 7513 1510 10087 1031 2592 2167 1208 367 3923 15429
internal_value=2.89034e-05 -0.000677767 0.000985661 0.0034018 0.00461146 -0.00507679 0.00232072 0.0112429 -2.75153e-05 -0.0056363 -0.0128281 -0.00697712 0.00207799 0.00112334
internal_weight=45262.8 26035.6 19227.2 5673.64 4969.23 704.413 3703.43 1265.79 13553.6 1362.64 821.435 541.57 5817.12 5237.75
internal_count=213082 122179 90903 27404 24300 3104 17600 6700 63499 6334 3742 2534 30600 26677
is_linear=0
shrinkage=0.03


Tree=291
num_leaves=15
num_cat=0
split_feature=245 246 244 245 231 231 246 231 56 244 243 245 248 133
split_gain=46.5274 34.7406 46.6667 80.3711 39.4531 104.724 92.179 81.904 141.858 87.8139 77.5573 70.2853 93.6523 64.1841
threshold=-0.20480131357908246 0.27418062090873724 0.094444546848535552 -0.17263492941856382 99.500000000000014 97.500000000000014 0.13402896374464038 92.500000000000014 30.500000000000004 0.052197929471731193 -0.10160019248723982 -0.051026809960603707 0.81313130259513866 40.500000000000007
decision_type=2 2 2 2 8 10 2 10 10 2 2 2 2 10
left_child=-1 2 4 -4 5 7 -6 10 9 11 -2 12 -9 -7
right_child=1 -3 3 -5 6 13 -8 8 -10 -11 -12 -13 -14 -15
leaf_value=0.015186438428466537 0.020196773120034723 -0.013357873809886846 -0.026572172933972238 0.011620749044954698 -0.0064775197770865047 0.013041452357487169 0.019629370467013657 -0.018851030790509333 0.0018581837444660405 -0.026855218172456358 8.0088338646174819e-05 0.0070084626040785624 0.0021585337842953715 -0.0086657870578671151
leaf_weight=170.6012991014868 163.25373238697648 166.41518118605018 45.030099488794804 543.39763470739126 1617.7575338296592 812.03154767304659 121.91066493093967 564.00880945473909 1275.4881134703755 277.33037292212248 38923.962366510183 216.27682338654995 283.30334684252739 136.90259476751089
leaf_count=2618 1299 911 259 3578 8565 4454 826 2657 6309 1321 177485 956 1640 640
internal_value=-1.0243e-05 -7.10183e-05 -1.89028e-05 0.0083028 -0.000131054 5.00541e-05 -0.0045463 -0.000175291 -0.00530357 -0.0120792 0.000169253 -0.0080121 -0.0118831 0.00985204
internal_weight=45317.7 45147.1 44980.7 588.428 44392.2 42652.6 1739.67 41703.6 2616.41 1340.92 39087.2 1063.59 847.312 948.934
internal_count=213518 210900 209989 3837 206152 196761 9391 191667 12883 6574 178784 5253 4297 5094
is_linear=0
shrinkage=0.03


Tree=292
num_leaves=15
num_cat=0
split_feature=231 230 230 245 229 248 229 222 230 248 246 230 224 4
split_gain=35.1777 82.6087 122.436 77.9978 95.8265 64.9564 64.8814 101.692 105.662 142.433 95.2679 86.1079 86.2414 76.6659
threshold=91.500000000000014 62.500000000000007 18.500000000000004 -0.10338006913661955 14.500000000000002 0.90404042601585399 5.5000000000000009 7.5000000000000009 13.500000000000002 0.56060606241226207 0.038548970595002181 10.500000000000002 18.500000000000004 27.500000000000004
decision_type=10 8 10 2 10 2 8 10 10 2 2 10 10 10
left_child=6 2 5 -4 -5 -2 7 8 10 -10 11 12 -1 -9
right_child=1 -3 3 4 -6 -7 -8 13 9 -11 -12 -13 -14 -15
leaf_value=-0.0013090431078612026 -0.0016360702527147238 0.004539059180429298 0.01679854625892642 -0.026056044660353737 -0.0077110741252820357 0.033130460912001947 -0.00013397295016671719 0.014827815641561418 -0.0269817968077826 0.022727102920343089 0.0081492901259833453 -0.030253720678616623 -0.023264674521872499 9.3109556096593882e-05
leaf_weight=1399.9008926805109 3516.4846115931869 1291.394568901509 70.517201751470566 386.59795166552067 762.74084860086441 39.050193302333355 34982.292638685554 995.95557319372892 53.01671526581049 314.48666743934155 592.98962304741144 110.06103622913361 172.16274486482143 464.76263571530581
leaf_count=7409 19444 7225 428 1678 3304 312 158294 5503 280 1522 3631 492 796 2370
internal_value=-4.50057e-05 -0.00216846 -0.00398805 -0.0121477 -0.0140532 -0.00116238 0.000285063 0.00384912 0.000328884 0.0150312 -0.0021014 -0.00574182 -0.00384534 0.0101721
internal_weight=45152.4 6066.79 4775.39 1219.86 1149.34 3555.53 39085.6 4103.34 2642.62 367.503 2275.11 1682.12 1572.06 1460.72
internal_count=212688 32391 25166 5410 4982 19756 180297 22003 14130 1802 12328 8697 8205 7873
is_linear=0
shrinkage=0.03


Tree=293
num_leaves=15
num_cat=0
split_feature=231 226 226 238 226 61 248 231 248 226 222 222 228 137
split_gain=38.3669 122.869 160.572 120.369 120.068 112.727 107.11 83.3465 95.3817 154.676 224.522 82.6986 81.4674 78.064
threshold=26.500000000000004 81.500000000000014 52.500000000000007 -0.12801507115364072 31.500000000000004 92.500000000000014 0.26767677068710333 37.500000000000007 0.7929292917251588 21.500000000000004 26.500000000000004 11.500000000000002 7.5000000000000009 27.500000000000004
decision_type=10 10 8 10 10 10 2 10 2 10 10 10 10 10
left_child=1 2 4 -4 13 -3 -6 8 -2 -10 -11 12 -8 -1
right_child=7 5 3 -5 6 -7 11 -9 9 10 -12 -13 -14 -15
leaf_value=-0.0043902188728620704 -0.0025360969775041933 0.01320363351401475 0.0038803902917996114 -0.0070062972466118228 0.00017549880482211006 -0.0041973558923194569 0.012975206812863274 0.00024814880010570474 0.010388567502013035 -0.038738221735898248 0.013968092340496192 0.015796319882197304 -0.019412685561055285 0.005191840326657639
leaf_weight=1783.1209974363446 4349.9965005964041 1331.1976216994226 1269.7778815738857 3204.2217645570636 914.02580315619707 441.24470275640488 137.20402489602566 28322.910759847611 139.05062011629343 284.04454043507576 90.860044434666634 1407.9048578068614 123.30521081387997 1324.8595171421766
leaf_count=7763 19133 6111 6771 13967 3872 2116 606 137234 766 1232 410 6101 536 6001
internal_value=0.000149356 0.00160721 0.000332841 -0.00391475 0.00367345 0.00887246 0.00844071 -0.00037534 -0.00399899 -0.0160959 -0.0259335 0.0129407 -0.00250568 -0.00030206
internal_weight=45123.7 11936.9 10164.4 4474 5690.42 1772.44 2582.44 33186.9 4863.95 513.955 374.905 1668.41 260.509 3107.98
internal_count=212619 53844 45617 20738 24879 8227 11115 158775 21541 2408 1642 7243 1142 13764
is_linear=0
shrinkage=0.03


Tree=294
num_leaves=15
num_cat=0
split_feature=70 222 245 230 141 246 230 246 29 29 139 245 224 230
split_gain=33.2481 77.5452 97.0648 82.7893 61.8863 69.2087 87.1152 55.2692 71.2493 55.7835 55.0307 52.7604 44.4849 82.9074
threshold=9.5000000000000018 40.500000000000007 -0.06926312297582625 16.500000000000004 85.500000000000014 0.03623712249100209 30.500000000000004 0.029664044268429283 1.5000000000000002 26.500000000000004 4.5000000000000009 -0.064268723130226121 24.500000000000004 36.500000000000007
decision_type=8 10 2 10 10 2 10 2 8 10 10 2 10 10
left_child=1 4 -3 -4 5 7 -7 8 -1 11 -5 -9 13 -6
right_child=-2 2 3 10 12 6 -8 9 -10 -11 -12 -13 -14 -15
leaf_value=-0.0072297396435870168 -0.00025983918000656406 0.024144743145370535 0.018344601120969892 -0.013764304039649703 -0.0043467147128151661 0.012935753980570489 -0.0038082291288335599 0.0090087834232443261 0.0033905617080380482 -0.019315781160016678 0.0037632535468157626 -0.017986320651432651 0.0065028182555573709 -0.027891265288082601
leaf_weight=694.85648067854345 36877.057357124984 264.71809885278344 281.40869412571192 194.43858717381954 1030.2178628705442 917.90897811576724 394.84516900032759 190.03099829703569 2933.6381404772401 240.27836223691702 752.50780460983515 86.641880556941032 239.48015047237277 145.9307751506567
leaf_count=3381 171903 1475 1372 899 6399 5012 1840 1059 13184 1089 3277 379 1262 655
internal_value=0.000127655 0.00183381 0.00800648 0.0043617 0.000483348 0.00193402 0.00790885 2.74676e-05 0.00134249 -0.00905305 5.80548e-05 0.000222568 -0.00508429 -0.00747852
internal_weight=45244 8366.9 1493.07 1228.36 6873.83 5458.2 1312.75 4145.45 3628.49 516.951 946.946 276.673 1415.63 1176.15
internal_count=213186 41283 7023 5548 34260 25944 6852 19092 16565 2527 4176 1438 8316 7054
is_linear=0
shrinkage=0.03


Tree=295
num_leaves=15
num_cat=0
split_feature=189 138 193 230 231 226 230 243 231 246 231 120 76 243
split_gain=39.8244 64.5388 52.4428 59.4566 110.203 83.646 77.4328 83.2617 143.183 76.7029 70.4144 59.0163 64.5874 58.5825
threshold=46.500000000000007 84.500000000000014 73.500000000000014 3.5000000000000004 77.500000000000014 29.500000000000004 50.500000000000007 -0.04701596871018409 82.500000000000014 0.068492840975523009 80.500000000000014 98.500000000000014 71.500000000000014 -0.014932050369679926
decision_type=8 8 10 10 10 10 10 2 10 2 10 10 10 2
left_child=1 2 3 4 -1 -5 -7 8 -8 -9 -6 13 -13 -4
right_child=-2 -3 11 5 10 6 7 9 -10 -11 -12 12 -14 -15
leaf_value=0.0088278865244325443 0.00092074994571093925 -0.0072640192101737873 0.0021900580802959868 -0.0058371979687543828 -0.02912095895936101 0.0025971888936381724 -0.021457752074955122 -0.00053340328812451882 0.011875269501759151 -0.017264635254049077 -0.0017029364862461611 0.012899061631923173 -0.0073500255076129842 -0.0052389279738768437
leaf_weight=1289.1802256777883 22273.558558039367 1323.8240933306515 4572.8094049096107 4031.4166278392076 81.557601246982813 3786.7943615093827 463.96484646946192 3856.8343004062772 146.35672210901976 253.50600392371416 1085.585732229054 708.74024780467153 169.61053270474076 1197.037267409265
leaf_count=6745 107467 6277 20754 18043 424 16504 2013 16604 763 1164 6311 3977 996 5224
internal_value=1.71218e-05 -0.000859234 -0.00046431 -0.00144736 0.00281271 -0.00228347 -0.000594587 -0.00315503 -0.0134018 -0.0016047 -0.00384996 0.00175182 0.00895022 0.000642411
internal_weight=45240.8 22967.2 21643.4 14995.2 2456.32 12538.9 8507.46 4720.66 610.322 4110.34 1167.14 6648.2 878.351 5769.85
internal_count=213266 105799 99522 68571 13480 55091 37048 20544 2776 17768 6735 30951 4973 25978
is_linear=0
shrinkage=0.03


Tree=296
num_leaves=15
num_cat=0
split_feature=245 91 222 57 167 243 226 226 64 230 243 248 226 243
split_gain=32.1375 30.6796 51.0852 40.5223 50.8255 63.4428 69.6194 63.9493 63.8134 62.8862 48.5543 52.8356 43.8654 62.1612
threshold=-0.25948600471019739 86.500000000000014 36.500000000000007 70.500000000000014 16.500000000000004 -0.029078662395477291 57.500000000000007 14.500000000000002 17.500000000000004 35.500000000000007 -0.046167284250259392 0.7222222387790681 16.500000000000004 -0.065629322081804262
decision_type=2 10 8 10 10 2 8 8 10 10 2 2 10 2
left_child=-1 3 -3 -2 5 6 9 -7 -9 12 11 -11 13 -5
right_child=1 2 -4 4 -6 7 -8 8 -10 10 -12 -13 -14 -15
leaf_value=0.022313968245554414 -0.00059064034534463345 -0.007043686882426993 0.0026641406508313347 0.0023129191703319192 0.0029556828837705453 0.014105765650451959 0.0066255971247341887 -0.012323363561695782 0.0035191752602230205 -0.01275495423270372 -0.021154573477271149 0.017386312343142644 0.0024446885112922533 -0.010528240614984589
leaf_weight=47.371662516146898 29796.256260558963 1386.529858853668 743.13163774460554 516.19628058932722 7778.678031200543 394.36031509935856 528.4142918176949 268.56941609829664 1272.0464846864343 148.02217664569616 334.77500691264868 68.460258312523365 854.29629505425692 962.83825061842799
leaf_count=873 137379 6705 3467 3615 37938 2003 2512 1191 5542 673 1402 298 4096 4975
internal_value=-0.000125057 -0.000153598 -0.00365958 2.11669e-05 0.0014093 -0.000841237 -0.00329827 0.00348726 0.000695746 -0.00513278 -0.0141557 -0.0028763 -0.00294977 -0.00606113
internal_weight=45099.9 45052.6 2129.66 42922.9 13126.7 5347.98 3413 1934.98 1540.62 2884.59 551.257 216.482 2333.33 1479.03
internal_count=212669 211796 10172 201624 64245 26307 17571 8736 6733 15059 2373 971 12686 8590
is_linear=0
shrinkage=0.03


Tree=297
num_leaves=15
num_cat=0
split_feature=240 226 226 231 224 248 231 246 246 231 142 162 53 246
split_gain=41.2533 34.1221 34.9332 125.236 147.278 129.112 102.722 99.0165 99.3946 84.675 84.0776 111.596 73.8697 66.5916
threshold=0.14128573238849643 99.500000000000014 81.500000000000014 23.500000000000004 87.500000000000014 0.68181815743446361 34.500000000000007 0.0051153034437447795 0.0083533134311437624 61.500000000000007 66.500000000000014 54.500000000000007 24.500000000000004 0.01296069845557213
decision_type=8 10 10 10 10 2 10 2 2 10 10 10 10 2
left_child=1 2 -1 4 -4 7 -7 -5 9 -9 11 13 -8 -10
right_child=-2 -3 3 5 -6 6 12 8 10 -11 -12 -13 -14 -15
leaf_value=-0.00041136498647608918 0.015909424555606778 -0.0069439282656402427 0.013264378258204307 0.031327779893964118 -0.015816255000862714 -0.018694993396078937 0.024328351208663678 -0.033439260788541016 0.008722598750684124 0.00019577703988016989 0.00267493573775077 0.0023442025448542798 0.004231119681293782 -0.013879955845592363
leaf_weight=37602.082929192111 134.35073857009411 646.39731317386031 1270.0842100828886 68.567090407013893 170.05550629645586 82.564506858587265 357.31000159680843 157.97804102301598 124.32104575634003 112.26668681204319 2144.9338585063815 891.63851550221443 307.39011265337467 1106.9335851892829
leaf_count=176687 841 3063 5903 313 819 380 2206 689 527 493 10538 3932 1829 4796
internal_value=-0.000102657 -0.000153938 -5.3536e-05 0.00192459 0.00974507 -0.000193283 0.0112886 -0.00207623 -0.00264872 -0.019958 -0.00150858 -0.00572825 0.0152349 -0.0115459
internal_weight=45176.9 45042.5 44396.1 6794.04 1440.14 5353.9 747.265 4606.64 4538.07 270.245 4267.83 2122.89 664.7 1231.25
internal_count=213016 212175 209112 32425 6722 25703 4415 21288 20975 1182 19793 9255 4035 5323
is_linear=0
shrinkage=0.03


Tree=298
num_leaves=15
num_cat=0
split_feature=147 101 75 231 248 231 248 226 230 117 226 231 121 226
split_gain=39.5751 37.874 49.0179 64.1532 148.264 147.136 105.819 145.419 97.2943 95.9705 81.1688 83.5384 79.416 76.948
threshold=97.500000000000014 5.5000000000000009 55.500000000000007 75.500000000000014 0.59090909361839306 89.500000000000014 0.65151515603065502 13.500000000000002 26.500000000000004 89.500000000000014 49.500000000000007 74.500000000000014 4.5000000000000009 81.500000000000014
decision_type=10 8 8 10 2 10 2 8 10 10 8 10 10 10
left_child=1 -1 3 6 -5 8 10 -8 -6 12 11 -3 -9 -12
right_child=-2 2 -4 4 5 -7 7 9 -10 -11 13 -13 -14 -15
leaf_value=-0.0019075516604072796 -0.0045275106248027453 0.0030847549787924432 0.0018317000747078234 -0.0018087583862430999 0.0045650733932859119 0.0016930841794073456 0.0079484244684437117 0.022846337098434991 0.023383218018958474 0.0037625316714008589 -0.0049113909396276793 -0.023197693223942686 -0.012434990897462474 0.001800258986884103
leaf_weight=6799.4808452185243 1683.9899507835507 5360.3125590831041 15185.490119181573 3526.021405801177 406.49182004109025 1540.092990513891 533.48945576325059 50.070206865668297 645.22324986755848 434.28212707489729 4086.017696864903 101.19205308705568 2210.3385092094541 2454.3840841278434
leaf_count=33684 7682 23552 73797 16564 2153 8016 2560 219 3513 2055 17762 481 9402 10854
internal_value=-2.91859e-05 0.000146631 0.000529366 -0.000397452 0.0021951 0.00762815 -0.00143962 -0.00625228 0.0162214 -0.00908269 -0.00014102 0.00255628 -0.0115563 -0.00239384
internal_weight=45016.9 43332.9 36533.4 21347.9 6117.83 2591.81 15230.1 3228.18 1051.72 2694.69 12001.9 5461.5 2260.41 6540.4
internal_count=212294 204612 170928 97131 30246 13682 66885 14236 5666 11676 52649 24033 9621 28616
is_linear=0
shrinkage=0.03


Tree=299
num_leaves=15
num_cat=0
split_feature=233 103 150 222 230 240 156 105 229 222 243 222 229 0
split_gain=37.4243 35.8414 34.9125 64.3484 73.3522 68.3549 46.9078 39.1201 55.1881 42.4001 38.9145 48.9321 47.7777 37.715
threshold=99.500000000000014 29.500000000000004 63.500000000000007 28.500000000000004 27.500000000000004 -0.011906552128493784 18.500000000000004 16.500000000000004 4.5000000000000009 7.5000000000000009 -0.037681292742490761 17.500000000000004 31.500000000000004 96.500000000000014
decision_type=10 10 10 10 8 10 10 8 10 10 2 8 8 10
left_child=2 -2 -1 5 -5 6 -4 8 9 -7 11 -9 -13 -10
right_child=1 -3 3 4 -6 7 -8 10 13 -11 -12 12 -14 -15
leaf_value=0.00040048975174647526 0.007842454371446355 -0.00061914069204638766 -0.0045779133824452971 0.0077811753209262756 -0.0010699610732651402 -0.0064031527244441744 0.0046403785969898782 -0.0036574161800305032 -0.015420843687537086 0.013462534050929644 0.00068150335087101862 0.0031543233133350841 -0.025591031179647391 0.0065357046440780477
leaf_weight=33020.280766585842 1060.909558173269 775.34287170320749 861.82770125567913 1088.5996401309967 3609.5415012687445 412.60641488432884 1145.2374546155334 783.47286849468946 950.33061943203211 115.53217236325145 1020.4710393548012 66.81059106439352 196.94303822144866 70.59171000123024
leaf_count=155265 5732 3683 4371 5175 16230 2240 5722 3596 4290 685 4473 317 948 362
internal_value=0.000102549 0.00428561 -7.56202e-05 -0.00159762 0.000993094 -0.00375983 0.000679 -0.00621817 -0.00981258 -0.00188805 -0.00349107 -0.00752503 -0.0184604 -0.013854
internal_weight=45178.5 1836.25 43342.2 10322 4698.14 5623.82 2007.07 3616.76 1549.06 528.139 2067.7 1047.23 263.754 1020.92
internal_count=213089 9415 203674 48409 21405 27004 10093 16911 7577 2925 9334 4861 1265 4652
is_linear=0
shrinkage=0.03


end of trees

feature_importances:
Column_231=298
Column_245=288
Column_226=264
Column_248=236
Column_230=207
Column_243=190
Column_244=179
Column_224=150
Column_228=126
Column_249=116
Column_229=112
Column_222=100
Column_242=96
Column_238=87
Column_246=85
Column_120=79
Column_140=60
Column_119=53
Column_233=46
Column_10=38
Column_76=36
Column_126=36
Column_137=36
Column_63=32
Column_178=30
Column_190=29
Column_147=28
Column_193=28
Column_77=27
Column_70=26
Column_52=24
Column_66=23
Column_106=23
Column_101=22
Column_29=21
Column_60=21
Column_24=20
Column_148=20
Column_232=20
Column_57=19
Column_78=19
Column_237=19
Column_146=17
Column_165=17
Column_209=17
Column_47=16
Column_121=16
Column_139=16
Column_194=16
Column_79=15
Column_189=15
Column_64=14
Column_68=14
Column_118=14
Column_122=14
Column_104=13
Column_141=13
Column_143=13
Column_192=13
Column_240=13
Column_117=12
Column_134=12
Column_149=12
Column_195=12
Column_236=12
Column_53=11
Column_80=11
Column_98=11
Column_151=11
Column_215=11
Column_35=10
Column_69=10
Column_239=10
Column_7=9
Column_51=9
Column_59=9
Column_61=9
Column_124=9
Column_142=9
Column_144=9
Column_241=9
Column_252=9
Column_4=8
Column_8=8
Column_37=8
Column_65=8
Column_67=8
Column_71=8
Column_75=8
Column_136=8
Column_145=8
Column_171=8
Column_31=7
Column_34=7
Column_62=7
Column_138=7
Column_225=7
Column_14=6
Column_26=6
Column_38=5
Column_56=5
Column_58=5
Column_127=5
Column_129=5
Column_164=5
Column_186=5
Column_23=4
Column_81=4
Column_92=4
Column_103=4
Column_105=4
Column_111=4
Column_167=4
Column_174=4
Column_176=4
Column_212=4
Column_234=4
Column_1=3
Column_9=3
Column_12=3
Column_22=3
Column_27=3
Column_42=3
Column_44=3
Column_46=3
Column_54=3
Column_108=3
Column_110=3
Column_125=3
Column_133=3
Column_135=3
Column_154=3
Column_170=3
Column_177=3
Column_184=3
Column_191=3
Column_235=3
Column_250=3
Column_5=2
Column_13=2
Column_15=2
Column_25=2
Column_28=2
Column_41=2
Column_43=2
Column_55=2
Column_72=2
Column_73=2
Column_130=2
Column_150=2
Column_155=2
Column_173=2
Column_175=2
Column_188=2
Column_208=2
Column_227=2
Column_0=1
Column_3=1
Column_6=1
Column_17=1
Column_19=1
Column_30=1
Column_36=1
Column_45=1
Column_49=1
Column_50=1
Column_85=1
Column_86=1
Column_87=1
Column_89=1
Column_90=1
Column_91=1
Column_93=1
Column_94=1
Column_95=1
Column_102=1
Column_107=1
Column_109=1
Column_114=1
Column_115=1
Column_116=1
Column_123=1
Column_131=1
Column_152=1
Column_156=1
Column_162=1
Column_163=1
Column_166=1
Column_180=1
Column_183=1

parameters:
[boosting: gbdt]
[objective: binary]
[metric: binary_logloss]
[tree_learner: serial]
[device_type: cpu]
[data_sample_strategy: bagging]
[data: ]
[valid: ]
[num_iterations: 300]
[learning_rate: 0.03]
[num_leaves: 15]
[num_threads: 4]
[seed: 0]
[deterministic: 0]
[force_col_wise: 0]
[force_row_wise: 0]
[histogram_pool_size: -1]
[max_depth: -1]
[min_data_in_leaf: 200]
[min_sum_hessian_in_leaf: 0.001]
[bagging_fraction: 0.7]
[pos_bagging_fraction: 1]
[neg_bagging_fraction: 1]
[bagging_freq: 1]
[bagging_seed: 7719]
[bagging_by_query: 0]
[feature_fraction: 0.5]
[feature_fraction_bynode: 1]
[feature_fraction_seed: 2437]
[extra_trees: 0]
[extra_seed: 11797]
[early_stopping_round: 0]
[early_stopping_min_delta: 0]
[first_metric_only: 0]
[max_delta_step: 0]
[lambda_l1: 0]
[lambda_l2: 10]
[linear_lambda: 0]
[min_gain_to_split: 0]
[drop_rate: 0.1]
[max_drop: 50]
[skip_drop: 0.5]
[xgboost_dart_mode: 0]
[uniform_drop: 0]
[drop_seed: 21238]
[top_rate: 0.2]
[other_rate: 0.1]
[min_data_per_group: 100]
[max_cat_threshold: 32]
[cat_l2: 10]
[cat_smooth: 10]
[max_cat_to_onehot: 4]
[top_k: 20]
[monotone_constraints: ]
[monotone_constraints_method: basic]
[monotone_penalty: 0]
[feature_contri: ]
[forcedsplits_filename: ]
[refit_decay_rate: 0.9]
[cegb_tradeoff: 1]
[cegb_penalty_split: 0]
[cegb_penalty_feature_lazy: ]
[cegb_penalty_feature_coupled: ]
[path_smooth: 0]
[interaction_constraints: ]
[verbosity: -1]
[saved_feature_importance_type: 0]
[use_quantized_grad: 0]
[num_grad_quant_bins: 4]
[quant_train_renew_leaf: 0]
[stochastic_rounding: 1]
[linear_tree: 0]
[max_bin: 255]
[max_bin_by_feature: ]
[min_data_in_bin: 3]
[bin_construct_sample_cnt: 200000]
[data_random_seed: 38]
[is_enable_sparse: 1]
[enable_bundle: 1]
[use_missing: 1]
[zero_as_missing: 0]
[feature_pre_filter: 1]
[pre_partition: 0]
[two_round: 0]
[header: 0]
[label_column: ]
[weight_column: ]
[group_column: ]
[ignore_column: ]
[categorical_feature: ]
[forcedbins_filename: ]
[precise_float_parser: 0]
[parser_config_file: ]
[objective_seed: 8855]
[num_class: 1]
[is_unbalance: 0]
[scale_pos_weight: 1]
[sigmoid: 1]
[boost_from_average: 1]
[reg_sqrt: 0]
[alpha: 0.05]
[fair_c: 1]
[poisson_max_delta_step: 0.7]
[tweedie_variance_power: 1.5]
[lambdarank_truncation_level: 30]
[lambdarank_norm: 1]
[label_gain: ]
[lambdarank_position_bias_regularization: 0]
[eval_at: ]
[multi_error_top_k: 1]
[auc_mu_weights: ]
[num_machines: 1]
[local_listen_port: 12400]
[time_out: 120]
[machine_list_filename: ]
[machines: ]
[gpu_platform_id: -1]
[gpu_device_id: -1]
[gpu_device_id_list: ]
[gpu_use_dp: 0]
[num_gpu: 1]

end of parameters

pandas_categorical:null
