tree
version=v4
num_class=1
num_tree_per_iteration=1
label_index=0
max_feature_idx=252
objective=binary sigmoid:1
feature_names=Column_0 Column_1 Column_2 Column_3 Column_4 Column_5 Column_6 Column_7 Column_8 Column_9 Column_10 Column_11 Column_12 Column_13 Column_14 Column_15 Column_16 Column_17 Column_18 Column_19 Column_20 Column_21 Column_22 Column_23 Column_24 Column_25 Column_26 Column_27 Column_28 Column_29 Column_30 Column_31 Column_32 Column_33 Column_34 Column_35 Column_36 Column_37 Column_38 Column_39 Column_40 Column_41 Column_42 Column_43 Column_44 Column_45 Column_46 Column_47 Column_48 Column_49 Column_50 Column_51 Column_52 Column_53 Column_54 Column_55 Column_56 Column_57 Column_58 Column_59 Column_60 Column_61 Column_62 Column_63 Column_64 Column_65 Column_66 Column_67 Column_68 Column_69 Column_70 Column_71 Column_72 Column_73 Column_74 Column_75 Column_76 Column_77 Column_78 Column_79 Column_80 Column_81 Column_82 Column_83 Column_84 Column_85 Column_86 Column_87 Column_88 Column_89 Column_90 Column_91 Column_92 Column_93 Column_94 Column_95 Column_96 Column_97 Column_98 Column_99 Column_100 Column_101 Column_102 Column_103 Column_104 Column_105 Column_106 Column_107 Column_108 Column_109 Column_110 Column_111 Column_112 Column_113 Column_114 Column_115 Column_116 Column_117 Column_118 Column_119 Column_120 Column_121 Column_122 Column_123 Column_124 Column_125 Column_126 Column_127 Column_128 Column_129 Column_130 Column_131 Column_132 Column_133 Column_134 Column_135 Column_136 Column_137 Column_138 Column_139 Column_140 Column_141 Column_142 Column_143 Column_144 Column_145 Column_146 Column_147 Column_148 Column_149 Column_150 Column_151 Column_152 Column_153 Column_154 Column_155 Column_156 Column_157 Column_158 Column_159 Column_160 Column_161 Column_162 Column_163 Column_164 Column_165 Column_166 Column_167 Column_168 Column_169 Column_170 Column_171 Column_172 Column_173 Column_174 Column_175 Column_176 Column_177 Column_178 Column_179 Column_180 Column_181 Column_182 Column_183 Column_184 Column_185 Column_186 Column_187 Column_188 Column_189 Column_190 Column_191 Column_192 Column_193 Column_194 Column_195 Column_196 Column_197 Column_198 Column_199 Column_200 Column_201 Column_202 Column_203 Column_204 Column_205 Column_206 Column_207 Column_208 Column_209 Column_210 Column_211 Column_212 Column_213 Column_214 Column_215 Column_216 Column_217 Column_218 Column_219 Column_220 Column_221 Column_222 Column_223 Column_224 Column_225 Column_226 Column_227 Column_228 Column_229 Column_230 Column_231 Column_232 Column_233 Column_234 Column_235 Column_236 Column_237 Column_238 Column_239 Column_240 Column_241 Column_242 Column_243 Column_244 Column_245 Column_246 Column_247 Column_248 Column_249 Column_250 Column_251 Column_252
feature_infos=[0:100] [0:100] [0:100] [0:100] [0:100] [0:100] [0:100] [0:100] [0:100] [0:100] [0:100] [0:100] [0:100] [0:100] [0:100] [0:100] [0:100] [0:100] [0:100] [0:100] [0:100] [0:100] [0:100] [0:100] [0:100] [0:100] [0:100] [0:100] [0:100] [0:100] [0:100] [0:100] [0:100] [0:100] [0:100] [0:100] [0:100] [0:100] [0:100] [0:100] [0:100] [0:100] [0:100] [0:100] [0:100] [0:100] [0:100] [0:100] [0:100] [0:100] [0:100] [0:100] [0:100] [0:100] [0:100] [0:100] [0:100] [0:100] [0:100] [0:100] [0:100] [0:100] [0:100] [0:100] [0:100] [0:100] [0:100] [0:100] [0:100] [0:100] [0:100] [0:100] [0:100] [0:100] [0:100] [0:100] [0:100] [0:100] [0:100] [0:100] [0:100] [0:100] [0:100] [0:100] [0:100] [0:100] [0:100] [0:100] [0:100] [0:100] [0:100] [0:100] [0:99] [0:100] [0:100] [0:100] [0:100] [0:100] [0:95] [0:100] [0:100] [0:100] [0:100] [0:100] [0:100] [0:100] [0:100] [0:100] [0:100] [0:100] [0:100] [0:100] none none [0:100] [0:100] [0:100] [0:100] [0:100] [0:100] [0:100] [0:100] [0:100] [0:100] [0:100] [0:100] [0:100] [0:100] [0:100] [0:99] [0:99] [0:100] [0:100] [0:100] [0:100] [0:100] [0:100] [0:100] [0:100] [0:100] [0:100] [0:100] [0:100] [0:100] [0:100] [0:100] [0:100] [0:100] [0:100] [0:100] [0:100] [0:100] [0:100] [0:100] [0:100] [0:100] [0:100] [0:100] [0:100] [0:100] [0:100] [0:100] [0:100] [0:100] [0:100] [0:100] [0:100] [0:100] [0:100] [0:100] [0:100] [0:100] [0:100] [0:100] [0:100] [0:100] [0:100] [0:100] [0:100] [0:100] [0:100] [0:100] [0:100] [0:100] [0:100] [0:100] [0:100] [0:100] [0:100] [0:100] [0:100] [0:100] [0:100] [0:100] [0:100] [0:100] [0:100] [0:100] [0:100] [0:100] [0:100] [0:100] [0:100] [0:100] [0:100] [0:100] none none [0:100] [0:100] none [0:100] [0:100] none [0:100] [0:100] none [0:100] [0:100] none [0:100] [0:100] [0:100] [0:100] [0:100] [0:100] [0:100] [0:100] [0:100] [0:100] [0:100] [0:100] [0:100] [0:100] [0:100] [0:100] [-0.98074692487716675:-0.05000000074505806] [0:10.260660171508789] [-0.99419897794723511:-0.05000000074505806] [-1.2293620109558105:0.81259286403656006] [-2.2999441623687744:1.3220154047012329] [-66.470733642578125:-0.14111022651195526] [0.00084889802383258939:0.17638030648231506] [-0.23561988770961761:0] [2.5925926820491441e-05:0.44481456279754639] [-0.3861553966999054:-0.00061426201136782765] [0.00047802733024582267:1.2675960063934326] [-0.78832495212554932:0.24366392195224762] [0.010101010091602802:0.96969699859619141] [0:0.96969699859619141] [-0.048000000417232513:0.0074999998323619366] [0.1666666716337204:166.66667175292969] [0:10.260660171508789]
tree_sizes=1750 1818 1816 1821 1822 1820 1831 1817 1817 1809 1814 1819 1823 1821 1818 1821 1814 1820 1820 1822 1821 1837 1824 1817 1808 1816 1818 1826 1831 1816 1810 1813 1819 1808 1828 1810 1824 1820 1831 1815 1822 1828 1816 1825 1822 1827 1819 1808 1818 1815 1822 1811 1815 1816 1823 1816 1823 1819 1819 1818 1808 1825 1818 1821 1815 1825 1816 1820 1822 1823 1813 1816 1808 1821 1812 1814 1793 1816 1816 1832 1809 1816 1831 1813 1812 1826 1820 1816 1833 1828 1807 1816 1819 1809 1818 1821 1817 1821 1820 1828 1798 1814 1823 1833 1808 1828 1830 1820 1818 1820 1817 1820 1810 1814 1827 1812 1820 1813 1820 1815 1800 1830 1824 1813 1818 1826 1826 1817 1816 1831 1818 1822 1827 1814 1821 1827 1836 1813 1814 1824 1798 1796 1818 1819 1828 1815 1809 1828 1819 1803 1819 1819 1827 1827 1824 1827 1817 1817 1812 1811 1815 1801 1824 1810 1820 1829 1817 1819 1844 1817 1831 1814 1823 1811 1819 1825 1816 1818 1802 1826 1832 1800 1825 1822 1819 1821 1822 1806 1808 1820 1839 1819 1809 1827 1824 1806 1822 1825 1816 1818 1825 1825 1822 1817 1819 1828 1798 1806 1824 1812 1808 1804 1810 1820 1821 1824 1813 1809 1805 1830 1815 1811 1803 1821 1812 1811 1812 1827 1802 1809 1811 1813 1817 1818 1821 1812 1814 1816 1810 1814 1807 1822 1813 1811 1800 1830 1823 1829 1813 1815 1833 1808 1825 1824 1821 1803 1820 1834 1818 1818 1808 1797 1821 1802 1798 1815 1817 1803 1816 1820 1812 1813 1820 1816 1817 1815 1810 1805 1824 1800 1817 1820 1829 1814 1806 1795 1797 1816 1816 1816 1801 1824 1819 1814 1790 1829 1819 1808 1800 1819

Tree=0
num_leaves=15
num_cat=0
split_feature=245 237 120 224 47 137 245 228 224 189 120 243 4 108
split_gain=2855.47 1282.05 711.241 612.539 560.441 316.828 295.329 326.804 294.973 258.213 252.338 263.957 258.067 243.339
threshold=-0.099373251199722276 0.03769268840551377 73.500000000000014 3.5000000000000004 97.500000000000014 51.500000000000007 -0.071742944419383989 5.5000000000000009 66.500000000000014 42.500000000000007 87.500000000000014 -0.03945679031312465 2.5000000000000004 15.500000000000002
decision_type=2 2 8 10 8 10 2 8 10 10 8 2 10 10
left_child=3 2 5 -1 9 13 7 -4 10 -3 11 12 -5 -2
right_child=1 4 6 8 -6 -7 -8 -9 -10 -11 -12 -13 -14 -15
leaf_value=0.63130030792053671 0.58334852529593018 0.59646964217021647 0.59429893667017342 0.58792247832062705 0.61532006070117562 0.59743458269764704 0.59778884000722421 0.61614682350517869 0.63337909489286193 0.60600192636494854 0.6199668438855338 0.58502404813918574 0.61366254944743381 0.59193965048174624
leaf_weight=2392.0613780617714 4996.5725668519735 4328.579136133194 890.73413647711277 419.86851722002029 3954.9053032696247 4982.1653138101101 6725.9003049880266 1953.4405632317066 544.50269035995007 6220.5030157417059 1505.6722861528397 492.13346898555756 1915.2499083429575 7414.018152654171
leaf_count=10460 21849 18928 3895 1836 17294 21786 29411 8542 2381 27201 6584 2152 8375 32420
internal_value=0.601556 0.598514 0.594646 0.618885 0.605704 0.591033 0.601216 0.609303 0.612748 0.60209 0.610088 0.60478 0.608996 0.588469
internal_weight=48736.3 41466.8 26962.8 7269.49 14504 17392.8 9570.08 2844.17 4877.43 10549.1 4332.92 2827.25 2335.12 12410.6
internal_count=213114 181326 117903 31788 63423 76055 41848 12437 21328 46129 18947 12363 10211 54269
is_linear=0
shrinkage=1


Tree=1
num_leaves=15
num_cat=0
split_feature=238 126 242 242 238 230 248 140 233 230 248 47 178 243
split_gain=3050.97 1430.4 642.224 548.326 453.05 414.595 346.264 314.526 323.881 262.466 235.7 226.463 212.064 186.235
threshold=-0.17299970984458921 64.500000000000014 0.030867421999573711 0.02436495199799538 -0.23278931528329846 71.500000000000014 0.54040405154228222 46.500000000000007 45.500000000000007 15.500000000000002 0.71212121844291698 21.500000000000004 96.500000000000014 -0.03731590881943702
decision_type=10 8 8 8 10 10 2 8 10 8 2 10 8 2
left_child=4 2 7 5 -1 9 -7 8 10 -3 -2 -4 -5 -11
right_child=1 3 11 12 -6 6 -8 -9 -10 13 -12 -13 -14 -15
leaf_value=0.026530911913835321 -0.015279896012606726 0.0012787820332021238 0.0086236243364355356 0.0068223591865872119 0.011593092555282588 0.00043821735322673575 0.021805751879928968 -0.0050259439742095981 -0.0094346658312678775 -8.2473732915328005e-05 -0.030466942886342503 -0.0038649420369071884 0.018802312173382831 -0.01541348382801506
leaf_weight=2915.7826838195324 3483.1842688471079 2749.4314807504416 2214.9782450199127 5523.0176710039377 4951.6989019066095 1958.3619138598442 1038.0805139690638 6384.5929730534554 7804.7042367905378 993.63339059054852 1268.5777138322592 3157.4371561259031 1752.0127741992474 2516.969985306263
leaf_count=12804 15193 12027 9689 24174 21692 8568 4547 27891 34064 4345 5539 13800 7687 11001
internal_value=6.12474e-05 -0.00323488 -0.00786287 0.00357231 0.0171559 -0.00127197 0.00788864 -0.0104584 -0.0132145 -0.0056624 -0.0193898 0.00129039 0.00972929 -0.0110868
internal_weight=48712.5 40845 24313.5 16531.5 7867.48 9256.48 2996.44 18941.1 12556.5 6260.03 4751.76 5372.42 7275.03 3510.6
internal_count=213021 178525 106176 72349 34496 40488 13115 82687 54796 27373 20732 23489 31861 15346
is_linear=0
shrinkage=0.03


Tree=2
num_leaves=15
num_cat=0
split_feature=236 252 226 120 242 242 118 230 108 245 245 24 230 226
split_gain=2661.52 1084.58 552.781 531.108 454.93 429.188 323.671 299.178 290.739 282.275 281.769 275.294 248.012 235.543
threshold=-0.10480800643563269 0.035353740677237518 6.5000000000000009 70.500000000000014 0.025084191001951698 0.034451588988304145 89.500000000000014 80.500000000000014 10.500000000000002 -0.071742944419383989 -0.10684019327163695 1.5000000000000002 75.500000000000014 64.500000000000014
decision_type=2 2 10 8 8 8 10 8 10 2 2 10 8 10
left_child=2 3 10 7 12 6 -4 8 -2 13 -1 -6 -3 -5
right_child=1 4 5 9 11 -7 -8 -9 -10 -11 -12 -13 -14 -15
leaf_value=0.030927056608454555 -0.020517665475999727 -0.0068331895042361215 -0.0029824194672027097 0.0028943515843608577 0.019886725427895335 0.019693148637981051 0.012230878491692063 -0.0025870086452535225 -0.010092633202755356 -0.0050201050266424282 0.012998872538889034 0.005209853243625882 0.0063233260210156716 0.027843058640402783
leaf_weight=1928.6981416940689 3290.1559712737799 4415.4748058617115 2778.95503911376 2185.7788708359003 1398.38718059659 2222.8372307568789 2285.9872838705778 3208.1795915365219 9104.4086060225964 6100.1048106253147 1370.0190263241529 6350.7818308025599 1810.8400492072105 394.13760598003864
leaf_count=8536 14301 19287 12152 9573 6159 9777 10055 13988 39627 26633 6020 27840 7939 1731
internal_value=6.0635e-05 -0.00362364 0.013366 -0.00745452 0.00303319 0.00873357 0.00389445 -0.0107621 -0.0128743 -0.00150352 0.0235429 0.00788061 -0.00300279 0.00679859
internal_weight=48844.7 38258.2 10586.5 24282.8 13975.5 7287.78 5064.94 15602.7 12394.6 8680.02 3298.72 7749.17 6226.31 2579.92
internal_count=213618 167078 46540 105853 61225 31984 22207 67916 53928 37937 14556 33999 27226 11304
is_linear=0
shrinkage=0.03


Tree=3
num_leaves=15
num_cat=0
split_feature=238 126 238 98 252 140 238 224 248 238 233 231 248 248
split_gain=2753.01 1270.8 454.931 437.868 323.64 297.913 269.932 268.34 237.328 203.049 197.751 192.049 170.117 155.979
threshold=-0.17299970984458921 64.500000000000014 -0.23278931528329846 41.500000000000007 0.07084947451949121 47.500000000000007 -0.11196875572204588 82.500000000000014 0.33838383853435522 -0.092617098242044435 39.500000000000007 92.500000000000014 0.7222222387790681 0.28787878155708319
decision_type=10 8 10 10 2 8 10 10 2 10 10 10 2 2
left_child=2 3 -1 5 7 6 10 9 -9 11 -2 -3 -8 -7
right_child=1 4 -4 -5 -6 13 12 8 -10 -11 -12 -13 -14 -15
leaf_value=0.025941453552635968 -0.015133356874304799 0.0045842937620298833 0.01092589959351915 0.00054462302221027078 0.011035453307490155 -0.011868782018026132 -0.013014887121174667 -0.00025452849844793512 0.02082522249984714 -0.0059288381861958474 -0.0023694412946883309 -0.010307684292847062 -0.023701573448796653 -0.0011173872852700722
leaf_weight=2886.5860128849745 1598.5420320928097 5709.2206430137157 4945.0905493348837 5094.8623663038015 3903.2715867906809 1639.9217187613249 6261.3379877209663 868.04413977265358 1066.5186131745577 4107.1661564856768 3419.6474868804216 892.74506345391273 1728.6042923033237 4610.7706202417612
leaf_count=12847 6940 24983 21792 22248 17189 7145 27168 3799 4688 17939 14901 3917 7488 20107
internal_value=0.000203127 -0.00291806 0.0164863 -0.0072757 0.00349601 -0.00934375 -0.0119293 0.00116161 0.011414 -0.00069937 -0.00645739 0.002558 -0.0153537 -0.00395256
internal_weight=48732.3 40900.7 7831.68 24353.7 16547 19258.8 13008.1 12643.7 1934.56 10709.1 5018.19 6601.97 7989.94 6250.69
internal_count=213151 178512 34639 105997 72515 83749 56497 55326 8487 46839 21841 28900 34656 27252
is_linear=0
shrinkage=0.03


Tree=4
num_leaves=15
num_cat=0
split_feature=238 242 119 245 230 245 231 245 242 24 230 96 230 230
split_gain=2505.16 981.602 785.252 527.936 488.912 418.753 489.397 397.295 345.124 332.929 323.63 301.761 292.618 259.765
threshold=-0.16636987030506131 0.031185459345579151 57.500000000000007 -0.1079621985554695 71.500000000000014 -0.091523844748735414 91.500000000000014 -0.055675843730568879 0.032619498670101173 97.500000000000014 81.500000000000014 24.500000000000004 10.500000000000002 36.500000000000007
decision_type=10 8 10 2 8 2 10 2 8 8 10 10 10 10
left_child=3 2 10 -1 5 -4 12 -6 -5 13 -2 -8 -7 -3
right_child=1 9 4 8 7 6 11 -9 -10 -11 -12 -13 -14 -15
leaf_value=0.024315517133508317 -0.012802784735561195 0.0085536248314620738 0.0074599446790072216 0.0027837642775908923 0.019498438548119695 0.0053500861937405891 -0.038137701787014783 0.0004727446215152171 0.017945174364074886 0.017506422511313006 -0.0014843407283338067 -0.011580705272672886 -0.0070686476256441892 -0.0033479883896231394
leaf_weight=3160.4651870429516 11940.16242992878 3436.1033096313477 2303.3702132999897 3322.204962387681 1583.8615439236164 2305.0342398136854 611.79266884922981 2599.2225235402584 2272.8782837092876 1762.7038438469172 2811.3380619585514 1047.9023912847042 6511.816726282239 3159.6758949011564
leaf_count=14149 51718 15068 10094 14637 6975 10048 2661 11379 10078 7807 12252 4575 28354 13815
internal_value=-1.25909e-06 -0.0031783 -0.00558855 0.0145267 -0.00118487 -0.00409871 -0.00664468 0.00770586 0.00896378 0.00596265 -0.0106482 -0.0215399 -0.00381957 0.00285578
internal_weight=48828.5 40073 31714.5 8755.55 16963 12779.9 10476.5 4183.08 5595.08 8358.48 14751.5 1659.7 8816.85 6595.78
internal_count=213610 174746 138056 38864 74086 55732 45638 18354 24715 36690 63970 7236 38402 28883
is_linear=0
shrinkage=0.03


Tree=5
num_leaves=15
num_cat=0
split_feature=238 137 226 245 242 245 245 249 249 121 242 230 226 120
split_gain=2530.18 1058.57 736.004 592.74 482.8 419.429 386.284 379.701 329.346 274.509 247.201 246.345 207.136 184.4
threshold=-0.17299970984458921 64.500000000000014 9.5000000000000018 -0.0700504034757614 0.019411837682127956 -0.1079621985554695 -0.099373251199722276 0.1565656587481499 0.2575757503509522 74.500000000000014 0.031934151425957687 80.500000000000014 1.0000000180025095e-35 47.500000000000007
decision_type=10 8 10 2 8 2 2 2 2 10 8 8 8 10
left_child=5 2 6 -3 11 -1 -2 13 12 -8 -7 -4 -5 -6
right_child=1 3 4 8 7 10 9 -9 -10 -11 -12 -13 -14 -15
leaf_value=0.024618799794680162 0.020429325081682895 0.015297453519465912 -0.017497881471088963 -0.037836536490594333 -0.012940961494631385 0.0041726968000800075 0.0040309931649314453 0.0011570981517882079 0.0069500604200193475 -0.013687787123007847 0.017850867718964766 -0.0013750430245552017 -0.0030577953115721607 -0.004851974141964692
leaf_weight=2947.6386432498693 996.95990672707558 3151.3415486216545 6042.6514536291361 148.30933451652527 5215.2777440994978 2697.2798672020435 3276.709307089448 4898.42845736444 4172.2827254682779 1024.6427312046289 2128.4305883795023 994.89742463827133 6009.9571175575256 4965.8472122997046
leaf_count=13316 4402 13916 26092 647 22557 11914 14261 21383 18362 4447 9497 4325 26259 21585
internal_value=3.28171e-05 -0.00295022 -0.0063341 0.0039305 -0.00873922 0.0157108 0.00370329 -0.00570483 0.000451566 -0.000211828 0.01023 -0.0152238 -0.00395535 -0.00900419
internal_weight=48670.7 40897.3 27415.4 13481.9 22117.1 7773.35 5298.31 15079.6 10330.5 4301.35 4825.71 7037.55 6158.27 10181.1
internal_count=212963 178236 119052 59184 95942 34727 23110 65525 45268 18708 21411 30417 26906 44142
is_linear=0
shrinkage=0.03


Tree=6
num_leaves=15
num_cat=0
split_feature=238 126 238 245 229 140 226 98 245 129 233 245 120 244
split_gain=2397.03 1035.47 607.4 472.579 386.754 361.874 297.286 295.967 293.449 206.803 205.859 199.133 174.215 171.198
threshold=-0.15101939439773557 60.500000000000007 -0.23278931528329846 -0.082056250423192964 67.500000000000014 44.500000000000007 2.5000000000000004 39.500000000000007 -0.048991221934556954 57.500000000000007 35.500000000000007 -0.049743436276912682 60.500000000000007 0.016207249835133556
decision_type=10 8 10 2 8 8 10 10 2 10 10 2 10 2
left_child=2 5 -1 -3 9 7 -4 10 -6 -5 13 -7 -12 -2
right_child=1 3 6 4 8 11 -8 -9 -10 -11 12 -13 -14 -15
leaf_value=0.024153253788323038 -0.023847979208714377 0.013063663203676532 0.018774446453973564 -0.0057351810984218729 0.017264045247919604 0.0014642226119508134 0.0051592934334676729 -0.0022055381897825408 0.0011567836190927983 0.0078647625637301606 -0.013683021569271947 -0.0081125190176744022 -0.0039151051552200741 -0.0072894926548005747
leaf_weight=2818.4308365732431 2311.5493087023497 2895.3034399598837 1833.2833967655897 7625.2809543609619 1576.2524303197861 4318.7515842020512 6718.0501002669334 2758.4256511926651 2845.829528003931 1150.1674134582281 5142.1320894062519 3555.1519821286201 2428.2160078436136 756.43677419424057
leaf_count=12810 9915 12792 8176 33206 6966 18799 29681 11996 12508 5066 22126 15448 10528 3264
internal_value=3.95538e-05 -0.00363109 0.0120947 0.00211002 -0.000301083 -0.00797361 0.00809671 -0.0109721 0.00692422 -0.00394576 -0.0132409 -0.00286458 -0.0105592 -0.0198023
internal_weight=48733.3 37363.5 11369.8 16092.8 13197.5 21270.7 8551.33 13396.8 4422.08 8775.45 10638.3 7873.9 7570.35 3067.99
internal_count=213281 162614 50667 70538 57746 92076 37857 57829 19474 38272 45833 34247 32654 13179
is_linear=0
shrinkage=0.03


Tree=7
num_leaves=15
num_cat=0
split_feature=245 24 226 143 226 226 35 245 4 245 246 245 226 246
split_gain=2158.52 969.278 604.273 531.471 355.25 348.263 340.168 289.718 345.429 268.908 261.13 222.179 310.934 291.097
threshold=-0.099373251199722276 93.500000000000014 6.5000000000000009 67.500000000000014 8.5000000000000018 54.500000000000007 7.5000000000000009 -0.20480131357908246 5.5000000000000009 -0.046983137726783746 0.03267409838736058 -0.071742944419383989 67.500000000000014 0.028713612817227844
decision_type=2 8 10 10 10 10 10 2 10 2 2 2 8 2
left_child=2 3 -1 4 -2 7 -6 -4 -9 -3 -11 12 -5 -13
right_child=1 9 5 11 6 -7 -8 8 -10 10 -12 13 -14 -15
leaf_value=0.026557347268855849 0.002148178126524865 0.015277818218017096 0.037379254291597601 0.0024841458484341364 -0.019441650117063555 0.023801817126052383 -0.007331108187252907 -0.0083080776633049063 0.011490851114259789 -0.0081706276095961459 0.0090354484198199997 -0.0074635016848944606 0.025247690681509311 0.0029521339619038053
leaf_weight=2695.0084442645311 3049.4406510591507 2802.7719007581472 206.47715406119823 3329.7771067023277 2390.3098289221525 1014.5745915323496 16325.562403202057 1592.5761321187019 1560.3074811995029 1244.6785155385733 2153.1983848959208 4805.9026928693056 635.26515996456146 4835.8385656327009
leaf_count=12266 13271 12457 949 14654 10318 4502 70575 7079 6928 5453 9537 20909 2822 21224
internal_value=9.0678e-05 -0.0025163 0.0154043 -0.00443449 -0.00734095 0.00848743 -0.00888737 0.00380535 0.00149542 0.0084157 0.0027272 0.000216646 0.00618558 -0.00224187
internal_weight=48641.7 41572.7 7068.94 35372.1 21765.3 4373.94 18715.9 3359.36 3152.88 6200.65 3397.88 13606.8 3965.04 9641.74
internal_count=212944 181220 31724 153773 94164 19458 80893 14956 14007 27447 14990 59609 17476 42133
is_linear=0
shrinkage=0.03


Tree=8
num_leaves=15
num_cat=0
split_feature=238 126 230 230 209 248 230 252 189 144 10 140 249 249
split_gain=2146.9 1164.08 391.867 475.987 336.459 287.72 267.864 249.488 240.163 238.494 207.544 280.814 178.061 177.513
threshold=-0.19528328627347943 59.500000000000007 71.500000000000014 14.500000000000002 36.500000000000007 0.49999998509883886 1.5000000000000002 0.035353740677237518 47.500000000000007 2.5000000000000004 2.5000000000000004 18.500000000000004 0.14646464586257937 0.055555555969476707
decision_type=10 8 8 10 10 2 10 2 10 10 10 10 2 2
left_child=6 4 3 9 7 12 -1 10 -5 -3 -2 -12 -4 -7
right_child=1 2 5 8 -6 13 -8 -9 -10 -11 11 -13 -14 -15
leaf_value=0.02744339770630707 0.003572834325850619 -0.030754806793796281 -0.0035328892865359425 -0.0098899002005314787 -0.014745013276139699 0.0042681745297873837 0.013151059384142714 0.00021723130409904957 0.00049230116474444519 0.0079196896069584233 -0.014211805830535197 -0.0049293946429588521 0.009591820928781197 0.024722866956312359
leaf_weight=1850.7266362309456 1436.1326297074556 137.53635008633137 1409.5605902820826 3694.9312545657158 3835.2790483832359 530.78764140605927 3342.0072857141495 5756.7629292607307 4369.0744892209768 5714.5619138926268 4722.0511126816273 7763.5463155508041 2702.0669547617435 1395.8495787680149
leaf_count=8519 6232 600 6165 16069 16515 2350 15116 25152 19128 25173 20303 33488 11991 6274
internal_value=7.55093e-05 -0.00210386 0.0032246 0.000453373 -0.00662517 0.0096 0.0182879 -0.00503595 -0.00427119 0.00695985 -0.00720679 -0.00844857 0.00509471 0.0191387
internal_weight=48660.9 43468.1 19954.4 13916.1 23513.8 6038.26 5192.73 19678.5 8064.01 5852.1 13921.7 12485.6 4111.63 1926.64
internal_count=213075 189440 87750 60970 101690 26780 23635 85175 35197 25773 60023 53791 18156 8624
is_linear=0
shrinkage=0.03


Tree=9
num_leaves=15
num_cat=0
split_feature=245 237 118 47 140 245 59 51 106 10 143 243 245 243
split_gain=2008.5 937.415 462.25 457.828 405.17 441.965 376.957 210.045 192.899 176.893 171.57 158.64 146.575 146.457
threshold=-0.099373251199722276 0.037276163697242744 85.500000000000014 97.500000000000014 30.500000000000004 -0.0700504034757614 16.500000000000004 2.5000000000000004 6.5000000000000009 2.5000000000000004 75.500000000000014 -0.054362094029784196 -0.048416420817375176 -0.061616202816367142
decision_type=2 2 8 8 8 2 10 10 8 10 8 2 2 2
left_child=2 4 8 7 6 10 -2 -3 13 -8 -6 -7 -5 -1
right_child=1 3 -4 12 5 11 9 -9 -10 -11 -12 -13 -14 -15
leaf_value=0.0074315987172182026 -0.0012324099023085899 -0.019930697983012828 0.022161698915026475 0.018978487972454806 0.0011518264139651257 -0.027123384322479526 -0.0021758325008719294 0.0012557753984666028 0.01282964437125232 -0.014698248417930422 0.014841857227754671 -0.0047235455514764157 0.0071941664932771458 -0.01174906462194431
leaf_weight=745.14498467743397 3323.06886716187 429.24737812578678 3655.970121756196 1705.7713859081268 1907.7165672779083 282.57140082120895 1171.6189258396626 10214.492836326361 1953.7886971831322 7788.0492834597826 1442.6965556740761 11174.346243694425 2174.5568194240332 672.01327814161777
leaf_count=3315 14430 1866 16793 7677 8284 1226 5064 44865 8727 33340 6397 48440 9680 2947
internal_value=-3.88554e-05 -0.00254487 0.0147846 0.00360284 -0.00584102 -0.00249679 -0.00986732 0.000383448 0.00674179 -0.013065 0.00707341 -0.00529918 0.01241 -0.00168242
internal_weight=48641.1 41614.1 7026.92 14524.1 27090.1 14807.3 12282.7 10643.7 3370.95 8959.67 3350.41 11456.9 3880.33 1417.16
internal_count=213051 181269 31782 64088 117181 64347 52834 46731 14989 38404 14681 49666 17357 6262
is_linear=0
shrinkage=0.03


Tree=10
num_leaves=15
num_cat=0
split_feature=236 126 126 252 245 108 249 245 38 233 140 178 245 77
split_gain=1934.99 858.767 443.769 379.543 373.168 280.388 230.297 210.455 196.193 189.245 183.572 134.544 132.512 128.03
threshold=-0.10981393605470656 54.500000000000007 62.500000000000007 0.058958856388926513 -0.071742944419383989 17.500000000000004 0.13636363297700885 -0.20480131357908246 10.500000000000002 45.500000000000007 30.500000000000004 1.5000000000000002 -0.076486464589834199 5.5000000000000009
decision_type=2 8 8 2 2 10 2 2 8 10 8 10 2 8
left_child=2 5 -1 4 8 9 12 -4 -3 10 -2 -5 -7 -6
right_child=1 3 7 11 13 6 -8 -9 -10 -11 -12 -13 -14 -15
leaf_value=0.0042688899031065736 -0.024170872634152012 -0.0029766530077271918 0.037047099580687588 0.018608065663522449 -0.018353631329633337 0.0028228931204603005 0.00085354537302528974 0.01612946199896485 0.011566769177873597 -0.0073717143855777005 -0.010437597738207604 0.0061388316820974159 -0.0093772351108159409 -0.0030878220246709637
leaf_weight=3465.215255856514 1614.3305085897446 1209.4390661120415 472.79706513881683 933.83451579511166 510.26121985912323 920.57417824864388 4716.6267274469137 4989.9915174841881 2660.3483359664679 4402.306652083993 1962.1765983551741 4591.850877314806 5970.7892445325851 10214.278423205018
leaf_count=15402 6848 5343 2253 4226 2213 3983 20542 22698 11759 18882 8441 20412 25622 44460
internal_value=7.24673e-05 -0.00276567 0.0126839 0.00158723 -0.000949169 -0.00723559 -0.00425392 0.0180042 0.0070255 -0.0115627 -0.0166865 0.00827593 -0.00774577 -0.00383057
internal_weight=48634.8 39706.8 8928 20120 14594.3 19586.8 11608 5462.79 3869.79 7978.81 3576.51 5525.69 6891.36 10724.5
internal_count=213084 172731 40353 88413 63775 84318 50147 24951 17102 34171 15289 24638 29605 46673
is_linear=0
shrinkage=0.03


Tree=11
num_leaves=15
num_cat=0
split_feature=245 120 24 224 230 231 222 35 245 229 222 246 245 66
split_gain=1759.71 827.361 710.49 525.026 435.877 367.173 307.879 303.678 283.433 277.881 245.408 227.463 207.478 206.175
threshold=-0.099373251199722276 75.500000000000014 94.500000000000014 3.5000000000000004 71.500000000000014 88.500000000000014 15.500000000000002 7.5000000000000009 -0.055675843730568879 14.500000000000002 29.500000000000004 0.05980473384261132 -0.085986625403165803 56.500000000000007
decision_type=2 8 8 10 8 10 10 10 2 10 10 2 2 10
left_child=3 2 7 -1 5 9 -5 -2 -6 -3 11 -7 -11 -9
right_child=1 4 -4 6 8 10 -8 13 -10 12 -12 -13 -14 -15
leaf_value=0.025783002722545658 -0.016430476745735671 0.010036508101786849 0.0071008174545704357 0.0032196026968152017 0.02332391506278245 -0.021348754622631888 0.020052364749909606 -0.0084534727084838064 0.0057742675664135754 0.017802932025037257 0.0026958074530724642 0.00081403024228865679 -0.0025669055138886443 -0.0019425666575473744
leaf_weight=2249.0674143582582 3037.327427893877 3465.2659283131361 3388.6721822917461 3339.0286458134651 1303.5289594829082 1406.0415058583021 1375.9729413688183 12853.365526631474 2267.6035057455301 483.59318287670612 1116.8533351421356 589.59526704251766 5090.6546632498503 6646.0573362857103
leaf_count=10546 13029 15191 15049 14979 5910 6146 6253 55188 10061 2147 4944 2626 22253 28754
internal_value=-6.43363e-05 -0.00239923 -0.00569128 0.0138829 0.0030291 0.000318137 0.00816393 -0.00761702 0.0122275 0.00337853 -0.00855242 -0.0148295 -0.000771007 -0.00623647
internal_weight=48612.6 41648.6 25925.4 6964.07 15723.1 12152 4715 22536.8 3571.13 9039.51 3112.49 1995.64 5574.25 19499.4
internal_count=213076 181298 112020 31778 69278 53307 21232 96971 15971 39591 13716 8772 24400 83942
is_linear=0
shrinkage=0.03


Tree=12
num_leaves=15
num_cat=0
split_feature=238 242 66 245 24 231 226 226 243 245 231 226 242 226
split_gain=1859.3 910.345 561.617 368.069 300.125 290.046 309.166 250.354 319.154 396.139 230.909 225.787 241.809 224.404
threshold=-0.19528328627347943 0.03163577429950238 62.500000000000007 -0.075403515249490724 95.500000000000014 69.500000000000014 8.5000000000000018 43.500000000000007 -0.086909119039773927 -0.057650176808238023 86.500000000000014 66.500000000000014 0.021215028129518036 1.5000000000000002
decision_type=10 8 10 2 8 10 8 10 2 2 10 10 10 10
left_child=13 2 5 -4 -3 6 -2 10 -9 -10 -7 12 -5 -1
right_child=1 4 3 11 -6 7 -8 8 9 -11 -12 -13 -14 -15
leaf_value=0.0273165030063643 0.0039369142061173711 0.0033007476159579037 0.0078246522770598678 -0.011546365827278783 0.016292895320234774 0.00028496707155729948 -0.011429895950362864 -0.04548917714888738 0.016296904241309071 -0.0049139548726813767 -0.017179274054077955 0.0032064224930433804 -0.0002279169158222425 0.013067163800264068
leaf_weight=1368.3176323026419 1293.5581605732441 6989.6665387749672 4010.0487330108881 3507.1014235317707 2068.4171457588673 1305.892191618681 12731.35082398355 105.66212293505669 1511.4391175508499 1646.5660169124603 1414.0351532846689 3598.1413585692644 3286.7328517585993 3752.2099684178829
leaf_count=6464 5618 30687 17832 15098 9382 5666 54574 459 6596 7117 6173 15800 14303 17257
internal_value=-0.000159525 -0.00217498 -0.00440239 0.000115431 0.00628221 -0.00765273 -0.0100108 -0.00211823 0.00348022 0.00525708 -0.00882401 -0.00286406 -0.00607909 0.0169207
internal_weight=48589.1 43468.6 34410.5 14402 9058.08 20008.5 14024.9 5983.59 3263.67 3158.01 2719.93 10392 6793.83 5120.53
internal_count=213026 189305 149236 63033 40069 86203 60192 26011 14172 13713 11839 45201 29401 23721
is_linear=0
shrinkage=0.03


Tree=13
num_leaves=15
num_cat=0
split_feature=238 137 238 226 106 242 242 226 147 140 231 246 231 70
split_gain=1797.32 809.112 544.068 374.573 327.965 275.085 274.78 261.317 235.655 234.123 222.691 254.918 195.247 192.676
threshold=-0.14817187935113904 59.500000000000007 -0.23278931528329846 12.500000000000002 16.500000000000004 0.031934151425957687 0.0281442403793335 2.5000000000000004 18.500000000000004 32.500000000000007 92.500000000000014 0.035006176680326469 38.500000000000007 22.500000000000004
decision_type=10 8 10 8 10 8 8 8 10 10 10 2 10 10
left_child=2 3 -1 8 9 7 -3 -4 -2 -5 11 12 -10 -12
right_child=1 6 5 4 -6 -7 -8 -9 10 -11 13 -13 -14 -15
leaf_value=0.021963450740392798 0.013133958549491695 -0.00045787475287943375 0.015182588778301427 -0.018185992756527731 -0.005356519404970143 0.01398747264881208 0.0086327386154699693 -0.00028598111592268149 -0.015004981633243116 -0.0074224807218884409 -0.037847251941681571 0.016839938732547476 0.0025845879784719655 -0.0048326228739306648
leaf_weight=2700.4006719738245 1060.9471898376942 9335.621012404561 1227.4766430705786 4221.5925476849079 10843.666578382254 3023.339300185442 4393.7244026511908 4776.0778088569641 896.2398853302002 3228.6664374321699 264.70316579937935 666.69663135707378 1515.2066506892443 386.23470836877823
leaf_count=12800 4626 40949 5596 17918 46581 13674 19574 21103 3858 13865 1154 2916 6574 1688
internal_value=-5.19863e-05 -0.00331045 0.0101708 -0.00673938 -0.0086939 0.00662264 0.00245551 0.00289668 0.000727831 -0.0135377 -0.00282748 0.000563267 -0.00398773 -0.0186275
internal_weight=48540.6 36813.3 11727.3 23084 18293.9 9026.89 13729.3 6003.55 4790.03 7450.26 3729.08 3078.14 2411.45 650.938
internal_count=212876 159703 53173 99180 78364 40373 60523 26699 20816 31783 16190 13348 10432 2842
is_linear=0
shrinkage=0.03


Tree=14
num_leaves=15
num_cat=0
split_feature=238 242 120 226 137 29 226 222 243 243 244 77 230 231
split_gain=1744.55 863.7 650.687 404.547 380.05 254.811 227.939 316.224 224.157 338.288 256.862 265.975 255.136 232.87
threshold=-0.20435540378093717 0.031185459345579151 73.500000000000014 66.500000000000014 72.500000000000014 4.5000000000000009 12.500000000000002 23.500000000000004 -0.086909119039773927 -0.048753643408417695 0.017143842764198784 12.500000000000002 68.500000000000014 24.500000000000004
decision_type=10 8 10 8 10 10 8 10 2 2 2 8 8 10
left_child=-1 2 4 -4 6 -3 -2 8 -8 12 11 -11 -10 -13
right_child=1 5 3 -5 -6 -7 7 -9 9 10 -12 13 -14 -15
leaf_value=0.018152265692836379 -0.00032410722294245293 0.014137086534161597 -0.0014513422892945868 0.011564985931034038 0.0009260463555479391 0.003148301146984537 -0.048649575338756204 -0.0062450921140460658 0.0016218232756845836 -0.03373201262769937 -0.0026678781298250316 -0.0048143402685634565 -0.026655657179819926 -0.021875170304333561
leaf_weight=4313.4864429831505 2309.211248844862 2576.0609484910965 9898.6433916389942 2734.3247566074133 4201.4103132933378 7183.2127299159765 164.45993222296238 7895.9783934652805 1620.5442133843899 1088.3219352215528 834.23834316432476 1051.4439084529877 338.7600359916687 2322.3226484209299
leaf_count=20322 9975 11652 43376 12162 18449 31692 708 33674 6958 4609 3571 4465 1450 9848
internal_value=-3.6084e-05 -0.00181403 -0.00404525 0.00137288 -0.00718038 0.00606041 -0.00911217 -0.0104361 -0.0148814 -0.0140501 -0.0179844 -0.0208356 -0.00337783 -0.0165881
internal_weight=48532.4 44218.9 34459.7 12633 21826.7 9759.27 17625.3 15316.1 7420.09 7255.63 5296.33 4462.09 1959.3 3373.77
internal_count=212911 192589 149245 55538 93707 43344 75258 65283 31609 30901 22493 18922 8408 14313
is_linear=0
shrinkage=0.03


Tree=15
num_leaves=15
num_cat=0
split_feature=242 120 133 137 243 226 226 35 76 231 226 63 226 24
split_gain=1456.32 948.168 440.883 360.253 315.199 377.933 295.183 254.178 247.713 200.181 346.984 234.724 190.885 186.902
threshold=0.031185459345579151 77.500000000000014 26.500000000000004 75.500000000000014 -0.094835434108972536 66.500000000000014 12.500000000000002 6.5000000000000009 87.500000000000014 88.500000000000014 4.5000000000000009 57.500000000000007 3.5000000000000004 8.5000000000000018
decision_type=8 10 10 10 2 8 8 8 10 10 10 8 10 10
left_child=1 3 -2 6 12 8 -1 -8 9 10 -6 -12 -3 -4
right_child=2 4 13 -5 5 -7 7 -9 -10 -11 11 -13 -14 -15
leaf_value=0.00066850119970823178 0.015037865348123529 0.036054307072552999 0.011775384380879361 0.001537090346189656 0.015472954239529657 0.012764480093292155 -0.018402771838395768 -0.0082018051278454421 0.0080552696411484593 -0.011471557269299933 -0.010020751809715784 0.0037883908553529694 0.0013397610465933408 0.00028300990820162862
leaf_weight=2832.2287850826979 5717.6388120502234 406.03143663704395 1763.6584070324898 4053.6569832116365 1034.0291215032339 2524.6587756127119 2606.5327624231577 14114.499087005854 2425.7440788596869 1855.9383844435215 2424.0796226263046 2025.6241854578257 218.08013020455837 4519.2836612910032
leaf_count=12305 26335 1971 7949 17842 4594 11304 11112 60143 10939 8180 10544 8874 1041 19827
internal_value=-4.54115e-05 -0.00302489 0.00901695 -0.00659915 0.00350884 0.00244255 -0.00828583 -0.00980202 -0.000236307 -0.00298388 -9.56277e-05 -0.00374006 0.0241366 0.00352257
internal_weight=48521.7 36521.1 12000.6 23606.9 12914.2 12290.1 19553.3 16721 9765.42 7339.67 5483.73 4449.7 624.112 6282.94
internal_count=212960 158849 54111 101402 57447 54435 83560 71255 43131 32192 24012 19418 3012 27776
is_linear=0
shrinkage=0.03


Tree=16
num_leaves=15
num_cat=0
split_feature=245 242 126 119 230 230 248 229 224 178 248 248 117 248
split_gain=1620.76 961.687 534.41 496.505 313.359 333.002 309.052 303.166 324.005 291.291 251.405 245.151 242.896 214.303
threshold=-0.099373251199722276 0.03163577429950238 54.500000000000007 84.500000000000014 72.500000000000014 14.500000000000002 0.6111111342906953 3.5000000000000004 44.500000000000007 1.5000000000000002 0.49999998509883886 0.71212121844291698 59.500000000000007 0.88383838534355175
decision_type=2 8 10 8 10 10 2 8 10 10 2 2 10 2
left_child=3 2 11 6 5 -4 -1 -8 13 -3 -6 -2 -11 -9
right_child=1 9 4 -5 10 -7 7 8 -10 12 -12 -13 -14 -15
leaf_value=0.019241884953875309 -0.0066366716034357287 0.016403046508839947 0.0027478861721597359 0.021548892246312568 0.00091598442941123108 -0.0073860524541126743 0.016496440933596854 -0.0082923249494386061 0.016924495569991781 -0.0019726093947500653 0.015937893732707754 -0.01593663038269743 0.009073294435995324 -0.039291109877441485
leaf_weight=1011.5577059835196 12626.582824289799 2032.9835225939751 4856.6949299424887 3460.283620223403 3011.8262153863907 7286.21084228158 672.68348331749439 1111.2168182134628 384.02745860815048 3578.6350852549076 1494.0956015586853 3199.4617913514376 3572.205210313201 237.49240744113922
leaf_count=4628 53709 9348 21339 16509 13275 31520 3072 4874 1722 15622 6752 13576 16100 1043
internal_value=7.19111e-05 -0.00215642 -0.00458028 0.0135535 -0.00082701 -0.00333394 0.00541746 -0.000451757 -0.00708829 0.00641024 0.00592129 -0.00852567 0.00355034 -0.0139999
internal_weight=48536 41658.7 32474.9 6877.26 16648.8 12142.9 3416.98 2405.42 1732.74 9183.82 4505.92 15826 7150.84 1348.71
internal_count=213089 181241 140171 31848 72886 52859 15339 10711 7639 41070 20027 67285 31722 5917
is_linear=0
shrinkage=0.03


Tree=17
num_leaves=15
num_cat=0
split_feature=238 242 229 238 252 231 229 231 224 243 132 222 224 29
split_gain=1530.34 538.453 482.063 437.904 402.815 234.934 258.24 336.226 196.959 193.431 185.469 182.583 171.496 166.214
threshold=-0.15005658566951749 0.02436495199799538 67.500000000000014 -0.22520229220390317 0.027447647415101532 91.500000000000014 5.5000000000000009 71.500000000000014 13.500000000000002 -0.050812654197216027 40.500000000000007 8.5000000000000018 7.5000000000000009 97.500000000000014
decision_type=10 8 10 10 2 8 10 10 10 2 10 10 8 8
left_child=3 2 5 -1 -3 6 -2 -8 -9 -5 12 -4 -7 -6
right_child=1 4 11 9 13 10 7 8 -10 -11 -12 -13 -14 -15
leaf_value=0.019496055368118406 0.0023095713483691463 -0.0040949414476075599 0.027286052783322839 0.012397403910538552 0.0034613878171747469 -0.03915745739289965 -0.011251390933619832 -0.020329920104081745 0.0053798415859354545 0.0027292278303189328 -0.0043681268716569419 0.0007227380447219719 -0.015846395718017894 0.013830407325868535
leaf_weight=2995.6193729490042 2138.4227680116892 7099.5185562670231 234.64492404460907 2851.2342870235443 7139.2351250201464 484.78818233311176 10204.332981422544 302.74733692407608 1874.0173522382975 5357.9603608250618 551.18709179759026 4858.3083954006433 725.73906777799129 1721.8729154765606
leaf_count=14519 9251 30602 1058 13118 31355 2094 43369 1293 8052 23846 2404 21223 3117 7913
internal_value=-2.4122e-05 -0.00294261 -0.00605479 0.00969432 0.00122636 -0.00857337 -0.00730829 -0.00896998 0.00172748 0.0060982 -0.0188997 0.00199765 -0.0254263 0.00548959
internal_weight=48539.6 37334.8 21374.2 11204.8 15960.6 16281.2 14519.5 12381.1 2176.76 8209.19 1761.71 5092.95 1210.53 8861.11
internal_count=213214 161731 91861 51483 69870 69580 61965 52714 9345 36964 7615 22281 5211 39268
is_linear=0
shrinkage=0.03


Tree=18
num_leaves=15
num_cat=0
split_feature=238 137 230 248 140 230 237 228 248 246 228 230 128 249
split_gain=1443.57 593.577 487.223 289.224 256.62 252.337 244.232 239.286 220.61 242.568 240.438 217.297 195.632 189.253
threshold=-0.19308746606111524 58.500000000000007 10.500000000000002 0.33838383853435522 27.500000000000004 72.500000000000014 0.083556246012449278 4.5000000000000009 0.67171716690063488 0.054778223857283599 25.500000000000004 3.5000000000000004 2.5000000000000004 0.10606060549616815
decision_type=10 8 10 2 10 8 2 10 2 2 10 10 10 2
left_child=11 2 7 6 8 -5 -3 -2 9 -4 12 -1 -10 -7
right_child=1 3 4 5 -6 13 -8 -9 10 -11 -12 -13 -14 -15
leaf_value=0.021824022530585532 -0.0046106794485919833 -0.0051864156187223813 -0.0089833560055291653 0.0025694265240692169 -0.0031682859451588885 0.0042888769944078361 0.0072323505525886626 0.0065872972273101384 -0.0061530765098513603 0.0087533951488880414 -0.001361790017449571 0.0093691749144752708 -0.026272484562908097 0.018876313715534884
leaf_weight=2355.1722360700369 2774.2953196763992 4980.8196592628956 6878.7318173199892 5496.7031475305557 9504.5885047763586 1346.0884380489588 1985.2785378694534 4475.0285706371069 585.1584619730711 763.72286468744278 706.45938859879971 2758.3568531125784 1771.977965965867 1991.5130666792393
leaf_count=11533 12206 21734 29180 24267 40779 5987 8913 19573 2509 3336 3011 12908 7498 9145
internal_value=7.94289e-05 -0.00170351 -0.00436856 0.00292797 -0.00676096 0.00652921 -0.00164188 0.00230142 -0.00994452 -0.00720177 -0.0167409 0.015137 -0.0213249 0.0130234
internal_weight=48373.9 43260.4 27460 15800.4 20210.6 8834.3 6966.1 7249.32 10706.1 7642.45 3063.6 5113.53 2357.14 3337.6
internal_count=212579 188138 118092 70046 86313 39399 30647 31779 45534 32516 13018 24441 10007 15132
is_linear=0
shrinkage=0.03


Tree=19
num_leaves=15
num_cat=0
split_feature=245 242 230 226 66 226 248 120 245 230 229 108 243 60
split_gain=1465.45 807.716 564.084 429.656 406.719 358.357 387.191 298.47 280.551 243.128 220.575 220.213 215.84 222.466
threshold=-0.099373251199722276 0.025084191001951698 80.500000000000014 6.5000000000000009 55.500000000000007 54.500000000000007 0.60101011395454418 75.500000000000014 -0.046983137726783746 5.5000000000000009 32.500000000000007 11.500000000000002 -0.10082716494798659 54.500000000000007
decision_type=2 8 10 10 8 10 2 10 2 10 10 10 2 10
left_child=3 2 7 -1 9 6 10 11 -4 -3 -5 -2 -8 -14
right_child=1 4 8 5 -6 -7 12 -9 -10 -11 -12 -13 13 -15
leaf_value=0.022792888535372556 -0.016481543557736209 0.0097272185469595811 0.010639201054563374 0.025378002359604492 0.0074720930576048662 0.022774924541510561 -0.034707121687879178 -0.0028841994492136954 -0.0038303151750711086 -0.0034687908269172337 -0.019122779313395268 -0.0079722423370637788 -0.009363351115960216 0.0095971864460594591
leaf_weight=2501.5746339857578 4171.6972375959158 1467.4551695585251 2392.7157395035028 745.3385606855154 8422.7069920599461 999.0094675719738 177.64985409379005 6395.5994841605425 2413.5457205474377 8401.5326751619577 108.13787864148617 8052.1414443105459 1284.7667620629072 967.45022119581699
leaf_count=12203 17555 6582 10610 3519 37872 4567 831 27807 10482 36415 494 34138 5719 4417
internal_value=1.43293e-05 -0.00208941 -0.00577705 0.0129352 0.00263384 0.00713702 0.00232423 -0.00814137 0.00338022 -0.00149877 0.0195835 -0.0108874 -0.00379339 -0.00121234
internal_weight=48501.3 41717.4 23425.7 6783.93 18291.7 4282.35 3283.34 18619.4 4806.26 9868.99 853.476 12223.8 2429.87 2252.22
internal_count=213211 181461 100592 31750 80869 19547 14980 79500 21092 42997 4013 51693 10967 10136
is_linear=0
shrinkage=0.03


Tree=20
num_leaves=15
num_cat=0
split_feature=238 126 245 242 242 209 119 245 242 4 237 245 119 140
split_gain=1377.79 616.46 391.311 353.178 279.178 244.736 233.646 201.128 174.074 170.395 158.118 143.88 131.773 119.847
threshold=-0.15101939439773557 60.500000000000007 -0.1079621985554695 0.02436495199799538 0.031934151425957687 51.500000000000007 84.500000000000014 -0.091523844748735414 0.020354740321636203 1.5000000000000002 0.037276163697242744 -0.081172455102205263 20.500000000000004 44.500000000000007
decision_type=10 8 2 8 8 10 8 2 8 10 2 2 10 10
left_child=2 5 6 7 -4 8 9 -3 -2 -1 -10 -5 -11 -9
right_child=1 3 4 11 -6 -7 -8 13 10 12 -12 -13 -14 -15
leaf_value=-0.016923413154861441 -0.0088609546135830705 0.010165810552944405 0.001132765736476469 0.016171027216834395 0.012973264200424774 -0.013726544569351393 0.023718556096696194 -0.0084366240769871252 -0.0048497346697174912 -0.026566271962267504 0.0024403558729295229 0.0049375011647588554 0.015406701950266853 -0.00086607991398509644
leaf_weight=209.16040796041489 5906.1913048475981 1076.7394098341465 4678.7078810483217 1256.7691601067781 2897.0880978256464 3093.6440503895283 2196.9108810573816 2918.5465960800648 8733.7651045620441 63.687587842345238 3852.3120979070663 5502.9655467271805 902.41954857110977 5273.6564239114523
leaf_count=972 24910 4870 20806 5790 13502 13069 10985 12475 37203 286 16851 24509 4240 23161
internal_value=0.000107591 -0.00261891 0.00946901 0.00183741 0.00567187 -0.00592728 0.0179575 -0.00196526 -0.00461579 0.00707927 -0.00261824 0.00704684 0.0123959 -0.00357015
internal_weight=48562.6 37614.6 10948 16028.7 7575.8 21585.9 3372.18 9268.94 18492.3 1175.27 12586.1 6759.73 966.107 8192.2
internal_count=213629 162838 50791 70805 34308 92033 16483 40506 78964 5498 54054 30299 4526 35636
is_linear=0
shrinkage=0.03


Tree=21
num_leaves=15
num_cat=0
split_feature=126 242 242 243 229 230 230 225 243 120 120 229 243 229
split_gain=1095.08 631.419 453.189 307.843 255.55 391.549 216.552 189.449 169.201 164.364 160.584 158.4 141.423 200.205
threshold=59.500000000000007 0.02436495199799538 0.031341057270765312 -0.03559379652142524 67.500000000000014 14.500000000000002 37.500000000000007 52.500000000000007 -0.038252746686339371 60.500000000000007 93.500000000000014 1.5000000000000002 -0.058387277647852891 44.500000000000007
decision_type=8 8 8 2 10 8 10 10 2 10 10 10 2 8
left_child=2 4 9 11 5 7 -4 -2 -7 12 -10 -3 -1 -14
right_child=1 3 6 -5 -6 8 -8 -9 10 -11 -12 -13 13 -15
leaf_value=0.00051908554463099056 0.0082665626625766635 0.024075339690359007 0.0081958750920932792 0.0054215496028577033 0.0074610741342531978 0.00072040078515659095 -0.0034925957836940808 -0.0061987759436751225 -0.015256113395976094 -0.002883342017097142 -0.00084256221714054506 0.011881740449934397 -0.013868418533839346 -0.0058084124979159209
leaf_weight=1329.6374483704567 2898.3982849121094 1348.1573148369789 3145.2063531726599 6803.3782552033663 2895.4929364621639 1363.3664778023958 2595.8864875584841 1123.6433554291725 2762.2359079569578 6664.8574150949717 930.34518396854401 3441.5621914565563 5540.8959812670946 5593.2433015108109
leaf_count=5691 13145 6697 14209 30757 12996 5916 11382 4966 11811 28696 4051 15946 23234 23636
internal_value=-8.41266e-05 0.00454878 -0.00447434 0.00953605 -0.000283984 -0.00275982 0.00291395 0.00422001 -0.00830969 -0.00669215 -0.0116367 0.0153569 -0.00872492 -0.00982831
internal_weight=48436.3 23566.6 24869.7 11593.1 11973.5 9077.99 5741.09 4022.04 5055.95 19128.6 3692.58 4789.72 12463.8 11134.1
internal_count=213133 106285 106848 53400 52885 39889 25591 18111 21778 81257 15862 22643 52561 46870
is_linear=0
shrinkage=0.03


Tree=22
num_leaves=15
num_cat=0
split_feature=118 226 24 240 226 222 215 231 237 231 228 134 228 231
split_gain=915.474 443.842 403.408 348.729 333.999 284.494 238.274 232.473 230.69 183.152 289.592 182.056 191.763 172.599
threshold=79.500000000000014 12.500000000000002 97.500000000000014 -0.059583177790045731 67.500000000000014 23.500000000000004 26.500000000000004 92.500000000000014 0.059790715575218208 86.500000000000014 16.500000000000004 47.500000000000007 12.500000000000002 5.5000000000000009
decision_type=8 10 8 10 8 10 10 10 2 10 10 10 10 8
left_child=1 13 5 -2 8 6 7 -3 9 10 -5 12 -11 -1
right_child=3 2 -4 4 -6 -7 -8 -9 -10 11 -12 -13 -14 -15
leaf_value=-0.019681274500795716 0.015056833091971922 -0.0059791348606092589 0.010998523700153747 0.0086647919291490318 0.010656643996869716 -0.0028235761650213013 -0.018774298822443615 -0.030648058175903523 0.0066713210332426942 -0.023829531836367494 -0.006112078084062042 0.00029014949944387636 0.0031486926252210418 0.0060285648082657123
leaf_weight=236.74056538939476 2891.0532511770725 7398.6688065677881 1385.0080867856741 2267.7526725977659 4422.310038253665 13711.181631684303 1989.549767524004 351.45765464007854 3954.4761088192463 930.02932685613632 2497.941171720624 963.89779926836491 314.24632820487022 5094.213260397315
leaf_count=1044 13815 31630 6307 10038 20170 58761 8349 1499 18312 4134 10937 4305 1371 22467
internal_value=0.000212165 -0.00299569 -0.00468148 0.00551582 0.00371029 -0.00561183 -0.00953012 -0.00713589 0.000892172 -0.00238971 0.000922907 -0.00951095 -0.0170453 0.00485211
internal_weight=48408.5 30166.8 24835.9 18241.7 15350.7 23450.9 9739.68 7750.13 10928.3 6973.87 4765.69 2208.17 1244.28 5330.95
internal_count=213139 130057 106546 83082 69267 100239 41478 33129 49097 30785 20975 9810 5505 23511
is_linear=0
shrinkage=0.03


Tree=23
num_leaves=15
num_cat=0
split_feature=236 249 226 242 24 77 66 226 231 226 69 231 140 231
split_gain=1234.58 450.543 381.045 310.373 276.243 267.577 249.258 164.161 195.619 413.677 366.328 206.63 190.959 148.877
threshold=-0.097103882580995546 0.13636363297700885 3.5000000000000004 0.033988352864980705 79.500000000000014 3.5000000000000004 77.500000000000014 14.500000000000002 88.500000000000014 1.0000000180025095e-35 27.500000000000004 42.500000000000007 25.500000000000004 19.500000000000004
decision_type=2 2 10 8 8 10 10 8 10 10 10 10 10 8
left_child=2 7 13 6 5 -3 -4 8 11 -10 -11 -2 -9 -1
right_child=1 4 3 -5 -6 -7 -8 12 9 10 -12 -13 -14 -15
leaf_value=-0.009750372721200249 -0.0056471861541552253 -0.020628685443257171 -0.0019462656503734877 0.013883441644265094 0.0069938150467278746 -0.00033214953963528899 0.010336509254947371 -0.010831410637975819 -0.040198163221920123 -0.025831687905771325 0.020357959719891214 0.0090067890679626748 -0.0042700021970840385 0.019568178152884426
leaf_weight=159.63569283485413 1485.6863174587488 614.74296990036964 4664.4618138819933 2752.7071530967951 5073.2230142951012 9100.0743915736675 2171.1640622615814 6586.7244608849287 310.7945321649313 249.34406165778637 372.46491688489914 2049.2073765546083 10170.240116879344 2684.8425287902355
leaf_count=745 6364 2655 20621 12907 22904 39809 10001 27668 1338 1076 1633 8942 43562 13168
internal_value=0.000121576 -0.00269254 0.00826846 0.00539716 0.00132704 -0.00163638 0.00196445 -0.00549246 -0.000381466 -0.0125275 0.00172032 0.00284929 -0.00685404 0.0178944
internal_weight=48445.3 36012.5 12432.8 9588.33 14788 9714.82 6835.63 21224.5 4467.5 932.604 621.809 3534.89 16757 2844.48
internal_count=213393 155951 57442 43529 65368 42464 30622 90583 19353 4047 2709 15306 71230 13913
is_linear=0
shrinkage=0.03


Tree=24
num_leaves=15
num_cat=0
split_feature=245 126 126 230 230 248 245 222 245 248 226 226 248 178
split_gain=1227.6 533.491 384.928 328.019 311.967 302.719 294.239 259.421 242.275 231.348 321.544 231.665 253.476 223.124
threshold=-0.099373251199722276 55.500000000000007 70.500000000000014 72.500000000000014 14.500000000000002 0.71212121844291698 -0.075403515249490724 26.500000000000004 -0.054673904553055756 0.6111111342906953 4.5000000000000009 54.500000000000007 0.71212121844291698 50.500000000000007
decision_type=2 8 8 8 10 2 2 10 2 2 8 10 2 10
left_child=2 5 9 4 -3 6 -2 -7 -5 -1 -11 -12 -13 -9
right_child=1 3 -4 8 -6 7 -8 13 -10 10 11 12 -14 -15
leaf_value=0.017124795064632527 0.0072646210532299263 0.0044351562032967952 0.019661531389577887 0.01551395112336974 -0.0044256994646886868 -0.017236610255960901 -0.0050938132135351106 0.017664363225015394 0.002987413383482082 0.020415186018061891 -0.010506895050405611 -0.017122053877703214 0.031635428658842543 -0.015191195678475891
leaf_weight=1028.7515965253115 1953.2274781763554 5857.0751630067825 3105.0081878602505 2092.5842233151197 9148.4819008708 2890.6472569704056 14895.569210886955 398.51713769137859 4116.9068473577499 549.12110330164433 1580.2006943523884 139.95034818351269 263.5030182749033 331.78916981816292
leaf_count=4889 8436 26119 15451 9751 39851 12167 63374 1694 18513 2637 6993 625 1169 1405
internal_value=1.29262e-05 -0.00189953 0.0119562 0.00143401 -0.000966417 -0.00535345 -0.00365768 -0.0132123 0.00722698 0.00520221 0.000311241 -0.00532848 0.0147173 0.00273402
internal_weight=48351.3 41684.8 6666.53 21215 15005.6 20469.8 16848.8 3620.95 6209.49 3561.53 2532.78 1983.65 403.453 730.306
internal_count=213074 181310 31764 94234 65970 87076 71810 15266 28264 16313 11424 8787 1794 3099
is_linear=0
shrinkage=0.03


Tree=25
num_leaves=15
num_cat=0
split_feature=238 245 137 98 120 37 245 228 245 222 226 226 4 237
split_gain=1133.22 444.43 406.23 298.594 230.682 229.943 259.311 251.242 222.585 218.047 216.699 418.26 215.245 212.204
threshold=-0.19308746606111524 -0.099373251199722276 58.500000000000007 44.500000000000007 52.500000000000007 8.5000000000000018 -0.076486464589834199 26.500000000000004 -0.0700504034757614 6.5000000000000009 12.500000000000002 54.500000000000007 7.5000000000000009 0.096756640821695342
decision_type=10 2 8 10 8 10 2 10 2 10 10 10 10 2
left_child=-1 10 3 4 5 7 9 -3 -4 -7 -2 12 -12 -10
right_child=1 2 8 -5 -6 6 -8 -9 13 -11 11 -13 -14 -15
leaf_value=0.013553567371853764 0.015940058994850393 -0.026396222675501454 0.009059790340577684 0.0018435165553627138 -0.0032142178615005446 -0.0239169800276018 -0.010051986214864864 -0.00097700990614272036 -0.0022957489592241691 0.008788568637536848 -0.015083652822256016 0.01952295573115161 0.0058684984380143789 0.0079385957525997235
leaf_weight=4999.1235278099775 1693.3320171833038 1286.9176975637674 2766.2766702622175 4741.1468075662851 9584.0493361502886 205.58072692155838 6785.4887819439173 480.36115549504757 9687.3741298317909 1228.0588921904564 1011.1663333326578 838.79998134076595 769.66673484444618 2235.6364435106516
leaf_count=24600 8060 5327 12555 20554 41040 861 28471 2007 42427 5200 4404 3865 3477 10175
internal_value=4.40473e-05 -0.00151794 -0.00252898 -0.00490818 -0.00654395 -0.00973312 -0.00760511 -0.0195314 0.00140938 0.00396548 0.00760933 0.0021842 -0.00604604 -0.000371703
internal_weight=48313 43313.9 39000.9 24311.6 19570.5 9986.41 8219.13 1767.28 14689.3 1433.64 4312.97 2619.63 1780.83 11923
internal_count=213023 188423 168617 103460 82906 41866 34532 7334 65157 6061 19806 11746 7881 52602
is_linear=0
shrinkage=0.03


Tree=26
num_leaves=15
num_cat=0
split_feature=245 242 126 230 245 242 29 233 76 242 230 143 126 222
split_gain=1137.17 684.767 358.985 315.827 317.061 288.425 229.74 216.214 182.26 153.285 179.01 153.307 137.738 121.494
threshold=-0.099373251199722276 0.031185459345579151 75.500000000000014 80.500000000000014 -0.046983137726783746 0.01973192393779755 1.5000000000000002 15.500000000000002 80.500000000000014 0.036928188055753715 2.5000000000000004 58.500000000000007 36.500000000000007 23.500000000000004
decision_type=2 8 8 10 2 10 10 10 10 8 10 10 10 10
left_child=2 3 9 5 -5 7 -3 -2 -7 10 -1 13 -8 -12
right_child=1 6 -4 4 -6 8 12 -9 -10 -11 11 -13 -14 -15
leaf_value=0.014192465665877285 -0.017529882660579789 0.014103177710483937 0.019781783469362518 0.0090083180379926606 -0.0046315099972119959 -0.004677744220496707 -0.0032431459491642028 -0.0070690116112932817 0.0031458951906379951 0.016635660253744983 -0.011613360439380261 0.0076850738485468601 0.0054515836859024254 0.017567668989112505
leaf_weight=817.22515837848186 2325.6015208661556 1996.9922144860029 2713.3396553099155 2999.0321777760983 3119.4191070497036 12746.155763730407 2402.6157962083817 7589.718201905489 3385.0345948636532 858.03721874952316 1192.7633196264505 852.18699565529823 5118.1664463430643 134.82318712770939
leaf_count=3872 9824 9449 13747 13357 13583 54522 10419 32034 14850 4214 5246 3920 23215 609
internal_value=-0.000152299 -0.00198129 0.0114398 -0.00407281 0.002058 -0.00551321 0.00508378 -0.00953776 -0.00303507 0.00553237 0.00230875 -0.00219107 0.00267332 -0.00854069
internal_weight=48251.1 41682.7 6568.38 32165 6118.45 26046.5 9517.77 9915.32 16131.2 3855.04 2997 2179.77 7520.78 1327.59
internal_count=212861 181253 31608 138170 26940 111230 43083 41858 69372 17861 13647 9775 33634 5855
is_linear=0
shrinkage=0.03


Tree=27
num_leaves=15
num_cat=0
split_feature=245 237 118 47 120 222 245 101 249 245 245 243 230 222
split_gain=1040.46 427.445 346.234 306.931 230.5 222.194 260.995 209.917 195.028 193.41 190.45 188.246 161.502 212.363
threshold=-0.099373251199722276 0.03769268840551377 85.500000000000014 97.500000000000014 52.500000000000007 6.5000000000000009 -0.076486464589834199 2.5000000000000004 0.91414141654968273 -0.064307253807783113 -0.043979879468679421 -0.061616202816367142 3.5000000000000004 24.500000000000004
decision_type=2 2 8 8 8 10 2 10 2 2 2 2 10 10
left_child=2 4 8 7 5 -2 -7 -3 12 -8 11 -6 -1 -14
right_child=1 3 -4 -5 10 6 9 -9 -10 -11 -12 -13 13 -15
leaf_value=0.016089028825183066 -0.02134060965966314 -0.017643742733456074 0.017964174704508808 0.0099666009470445131 -0.014607256603784318 0.0051072937970231954 -0.016448603678353761 0.00095458086475742746 -0.043199539959699759 -0.0056139953190942572 -0.0070133845792023312 0.001720552836453426 -0.0027959400364310242 0.021887283779463893
leaf_weight=893.39334109425545 874.61060871183872 568.11174117028713 3315.7019374519587 3705.4465938359499 667.37911821901798 1702.5532111078501 1803.7199733257294 9881.353815227747 66.387907132506371 8266.8916723877192 3883.3817748874426 10273.168011531234 1961.7063505798578 363.08573968708515
leaf_count=4241 3642 2443 16821 17243 2901 7243 7578 43738 295 34806 16785 44596 8838 1717
internal_value=8.21955e-05 -0.0016732 0.0111389 0.00256072 -0.00385489 -0.00682831 -0.00573302 -7.24662e-05 0.00421537 -0.00756894 -0.00131507 0.000712118 0.00532429 0.00113632
internal_weight=48226.9 41626.6 6600.28 14154.9 27471.7 12647.8 11773.2 10449.5 3284.57 10070.6 14823.9 10940.5 3218.19 2324.79
internal_count=212887 180975 31912 63424 117551 53269 49627 46181 15091 42384 64282 47497 14796 10555
is_linear=0
shrinkage=0.03


Tree=28
num_leaves=15
num_cat=0
split_feature=238 140 245 238 226 228 108 252 147 242 226 245 226 248
split_gain=1034.67 427.723 461.252 349.107 270.074 350.202 243.269 234.98 177.216 174.769 186.477 171.287 155.074 142.437
threshold=-0.14725896716117856 55.500000000000007 -0.0700504034757614 -0.23278931528329846 12.500000000000002 41.500000000000007 12.500000000000002 0.080284729599952712 21.500000000000004 0.03244463354349137 2.5000000000000004 -0.076486464589834199 70.500000000000014 0.58080807328224193
decision_type=10 8 2 10 10 10 10 2 10 8 8 2 10 2
left_child=3 4 -3 -1 8 6 -6 -4 -2 10 -5 13 -12 -8
right_child=1 2 7 9 5 -7 11 -9 -10 -11 12 -13 -14 -15
leaf_value=0.017723794764450271 0.010727416577911868 0.010874120903740169 -0.0037269627108682665 0.012672407437522593 -0.015788893093480236 -0.00091468490107944991 0.018493635734069709 0.0064882229430898433 -0.0024721764684558054 0.011159309359415261 -0.0027364694163516607 -0.009128331944502922 0.011639009055775936 -0.0030151512186566819
leaf_weight=2462.2327999025583 1224.7730514109135 3439.5850928276777 9540.7003545314074 1208.8216954171658 4315.078124910593 5409.2934362441301 363.95312292873859 2562.9272460341454 3530.3431669920683 2821.8757703304291 4179.8031001240015 5307.2182681262493 795.1592490375042 1061.9710119813681
leaf_count=12756 5385 15701 41417 5770 17990 23028 1594 11679 15333 13367 18562 22252 3578 4537
internal_value=-0.000129058 -0.0025838 0.00119653 0.00773404 -0.00535303 -0.00717163 -0.0102315 -0.00156034 0.000943014 0.00498612 0.00215561 -0.00665176 -0.000420066 0.00256532
internal_weight=48223.7 36755.8 15543.2 11467.9 21212.6 16457.5 11048.2 12103.6 4755.12 9005.66 6183.78 6733.14 4974.96 1425.92
internal_count=212949 158916 68797 54033 90119 69401 46373 53096 20718 41277 27910 28383 22140 6131
is_linear=0
shrinkage=0.03


Tree=29
num_leaves=15
num_cat=0
split_feature=238 126 209 140 10 229 222 149 229 78 104 238 70 10
split_gain=978.387 507.148 242.623 188.217 279.155 184.008 190.625 151.58 142.146 151.762 112.23 110.192 109.033 107.689
threshold=-0.20435540378093717 76.500000000000014 39.500000000000007 31.500000000000004 5.5000000000000009 67.500000000000014 17.500000000000004 19.500000000000004 5.5000000000000009 10.500000000000002 84.500000000000014 -0.10543415322899817 9.5000000000000018 65.500000000000014
decision_type=10 8 10 8 10 8 8 10 10 10 10 10 10 10
left_child=8 2 3 4 -2 7 -7 -3 10 -10 -1 -9 -5 -6
right_child=1 5 -4 12 13 6 -8 11 9 -11 -12 -13 -14 -15
leaf_value=0.020531946438399066 0.0036427075254098946 -0.0063075291343254658 -0.0094210110596504928 0.0080669452169382701 -0.0054367177322134112 0.028413741817067135 0.0067561591239919238 0.006581628878728079 -0.0027856909036062462 0.01466494520187663 -0.020634124784055224 -0.00097607618890954489 -0.00070564629571398063 -0.012773677310031656
leaf_weight=2078.4258171021938 2724.2888239622116 1877.5048774182796 5040.0884134471416 1413.6303060352802 7653.5912498533726 398.55697238445282 3644.1541102677584 3946.0726144462824 719.01323255896568 1170.1058048158884 53.700563713908195 3090.2071978002787 12211.837204709649 2359.695960059762
leaf_count=10949 11859 8318 21325 6174 32588 1894 16853 17930 3490 5709 265 13580 52911 9938
internal_value=-5.05924e-05 -0.00133624 -0.00339639 -0.00224146 -0.00486165 0.00365577 0.00895615 0.00124452 0.0141 0.0080434 0.0194036 0.00326575 0.000209751 -0.00717674
internal_weight=48380.9 44359.6 31403.1 26363 12737.6 12956.5 4042.71 8913.78 4021.25 1889.12 2132.13 7036.28 13625.5 10013.3
internal_count=213783 193370 134795 113470 54385 58575 18747 39828 20413 9199 11214 31510 59085 42526
is_linear=0
shrinkage=0.03


Tree=30
num_leaves=15
num_cat=0
split_feature=245 24 119 119 25 63 248 231 245 245 249 131 233 228
split_gain=952.586 417.997 350.556 323.578 285.56 277.83 209.381 246.976 247.987 196.313 190.574 153.051 152.806 147.015
threshold=-0.099373251199722276 95.500000000000014 49.500000000000007 84.500000000000014 11.500000000000002 62.500000000000007 0.6111111342906953 24.500000000000004 -0.10346869006752966 -0.048416420817375176 0.91414141654968273 49.500000000000007 64.500000000000014 5.5000000000000009
decision_type=2 8 10 8 10 10 2 10 2 2 2 10 10 10
left_child=3 2 4 6 11 12 -1 8 -8 -3 -9 -2 -4 -7
right_child=1 9 5 -5 -6 13 7 10 -10 -11 -12 -13 -14 -15
leaf_value=0.016023977344036246 -0.012190734530611281 0.013690955967432323 -0.0055304543826235394 0.01761850017638205 -0.0040804794613776025 -0.0054106663322875375 -0.041412065185830599 0.0050786908367184674 0.022844327923986461 0.0015846872970533368 -0.036248103948934039 -0.035436043215194987 0.0012645907608395358 0.005207956677684181
leaf_weight=953.50931933522224 2833.0269605368376 2054.1665128022432 8435.3041649460793 3178.0234840810299 11210.217205420136 1367.8900230973959 216.46862287819386 1998.7811446785927 63.865101620554924 2905.2643093764782 95.76917527616024 274.62317961454391 4596.3826964944601 7953.1115829348564
leaf_count=4590 11759 9742 36620 16475 47383 5988 960 9065 275 13230 428 1129 20082 35073
internal_value=0.000119868 -0.00154931 -0.00265518 0.0107857 -0.00631834 -0.000306982 0.00422843 -0.000554781 -0.0264907 0.00661649 0.00302585 -0.014352 -0.00313465 0.00364551
internal_weight=48136.4 41630 36670.6 6506.42 14317.9 22352.7 3328.39 2374.88 280.334 4959.43 2094.55 3107.65 13031.7 9321
internal_count=212799 181006 158034 31793 60271 97763 15318 10728 1235 22972 9493 12888 56702 41061
is_linear=0
shrinkage=0.03


Tree=31
num_leaves=15
num_cat=0
split_feature=245 242 230 226 248 226 245 178 51 248 126 120 59 226
split_gain=866.729 565.547 347.15 310.672 308.05 290.364 287.068 234.3 232.087 216.973 194.834 188.826 173.238 172.487
threshold=-0.099373251199722276 0.027601360343396667 80.500000000000014 6.5000000000000009 0.60101011395454418 54.500000000000007 -0.046983137726783746 2.5000000000000004 3.5000000000000004 0.71212121844291698 39.500000000000007 75.500000000000014 14.500000000000002 66.500000000000014
decision_type=2 8 10 10 2 10 2 10 10 2 10 8 8 10
left_child=3 2 8 -1 -5 12 -4 -3 -2 -7 -9 -10 -6 -13
right_child=1 7 6 4 5 9 -8 10 11 -11 -12 13 -14 -15
leaf_value=0.01887226470334576 -0.014179790386678374 0.011008426579950674 0.0095921733727074698 0.018424732467840269 0.0077059256462770785 -0.010033075440624767 -0.0041417196740919883 -0.0040018762873698117 -0.0068639650278478244 0.028844226213918626 0.0042691376947644006 -0.0024035179406588533 -0.0098812075718852643 0.01244733369238904
leaf_weight=2326.7161417007446 2617.9878384023905 2797.1149277538061 2692.0154097825289 1135.0385531783104 710.2152391076088 173.08625657856464 2769.5345348268747 3983.7537188380957 12682.897257328033 454.70679207146168 7148.0845303237438 6230.1790791153908 1677.3874635845423 783.39518365263939
leaf_count=12270 10985 13160 12059 5602 3466 794 12027 17078 53203 2183 32240 27067 7497 3467
internal_value=-8.27189e-05 -0.0016691 -0.00414253 0.0101184 0.00517752 0.000146655 0.00263292 0.00326267 -0.00580129 0.0181363 0.00130825 -0.00468102 -0.00463943 -0.000729362
internal_weight=48182.1 41705 27776 6477.15 4150.43 3015.4 5461.55 13929 22314.5 627.793 11131.8 19696.5 2387.6 7013.57
internal_count=213098 181286 118808 31812 19542 13940 24086 62478 94722 2977 49318 83737 10963 30534
is_linear=0
shrinkage=0.03


Tree=32
num_leaves=15
num_cat=0
split_feature=236 126 98 140 245 245 29 248 245 231 231 224 248 120
split_gain=839.654 361.265 352.98 215.985 185.513 176.944 175.357 146.878 244.39 153.067 232.308 174.369 141.458 137.231
threshold=-0.094007361680269227 69.500000000000014 42.500000000000007 30.500000000000004 -0.045489085838198655 -0.091523844748735414 54.500000000000007 0.60101011395454418 -0.075403515249490724 73.500000000000014 92.500000000000014 24.500000000000004 0.81313130259513866 46.500000000000007
decision_type=2 8 8 10 2 2 10 2 2 10 10 10 2 8
left_child=1 7 3 6 -5 -3 13 8 -1 -9 -11 12 -12 -2
right_child=2 5 -4 4 -6 -7 -8 9 -10 10 11 -13 -14 -15
leaf_value=0.017010006667662846 -0.010050564425780844 0.016775139233077579 0.0024098364900598168 0.00062598798694682076 -0.0064980913835708176 0.0067643747693010301 -0.015927291261756755 -0.0059964368848954529 -0.0008185279014017796 0.019265695398476303 -0.031919209481594948 0.015026621835333358 0.0014163280281710398 -0.0025141859803500255
leaf_weight=1213.4845168888569 3821.238597035408 3055.1456969082355 9771.951989993453 9268.5308747589588 5088.5026171058416 3347.713561668992 1845.1498477160931 2754.4543906152248 1590.8898831307888 637.74998472630978 237.85136114060879 230.44881731271744 211.52408534288406 5050.2289098799229
leaf_count=5867 15901 15898 43313 40262 21887 15564 7632 12034 6975 2913 1075 1083 993 21588
internal_value=2.12936e-05 0.00643755 -0.00242502 -0.00430951 -0.00190173 0.0115598 -0.00753042 0.00165823 0.00692911 -0.00197986 0.0063989 -0.00577587 -0.0165387 -0.00576802
internal_weight=48124.9 13279.3 34845.6 25073.7 14357 6402.86 10716.6 6876.4 2804.37 4072.03 1317.57 679.824 449.375 8871.47
internal_count=212985 62402 150583 107270 62149 31462 45121 30940 12842 18098 6064 3151 2068 37489
is_linear=0
shrinkage=0.03


Tree=33
num_leaves=15
num_cat=0
split_feature=242 230 66 230 226 248 231 231 248 231 231 226 226 228
split_gain=706.572 577.269 348.136 300.186 321.201 290.716 227.158 270.763 244.304 220.949 350.259 370.747 385.577 306.685
threshold=0.02436495199799538 5.5000000000000009 51.500000000000007 80.500000000000014 4.5000000000000009 0.49999998509883886 77.500000000000014 21.500000000000004 0.84343436360359203 92.500000000000014 65.500000000000014 43.500000000000007 15.500000000000002 8.5000000000000018
decision_type=8 10 10 10 8 2 10 10 2 8 10 8 10 10
left_child=3 -2 -3 4 6 -5 7 -1 -8 10 -6 12 -12 -11
right_child=1 2 -4 5 9 -7 8 -9 -10 13 11 -13 -14 -15
leaf_value=-0.012694083600996527 0.012244585575535444 -0.0027312776442123604 0.0057382832965401209 -0.0020587133324468801 -0.008312948281885597 0.013701050943302371 -0.0077670166609317293 0.018831275482797276 0.024331721080798802 -0.031453288581509926 0.010717535253308073 0.01207238775039407 -0.015087929208674718 -0.0032021346709159774
leaf_weight=302.32599274814129 5537.675716906786 9538.0082544386387 8041.4387372434139 3022.5664277523756 11636.902528718114 1605.277754932642 1593.7045224756002 1164.1942809224129 236.31570410728455 725.68884098529816 790.835588991642 1793.5135091245174 1486.5072409659624 657.3451494127512
leaf_count=1310 27080 41516 36574 13120 48912 7385 7286 5142 1225 3218 3494 7651 6303 2858
internal_value=2.70821e-05 0.00380731 0.00114405 -0.00346644 -0.00503184 0.00342569 0.00353365 0.0122903 -0.00351231 -0.00668509 -0.00566516 0.00190561 -0.00611898 -0.0181451
internal_weight=48132.3 23117.1 17579.4 25015.2 20387.3 4627.84 3296.54 1466.52 1830.02 17090.8 15707.8 4070.86 2277.34 1383.03
internal_count=213074 105170 78090 107904 87399 20505 14963 6452 8511 72436 66360 17448 9797 6076
is_linear=0
shrinkage=0.03


Tree=34
num_leaves=15
num_cat=0
split_feature=238 238 81 120 60 242 4 248 238 246 246 248 52 80
split_gain=806.838 317.083 308.707 293.319 230.794 183.49 162.506 118.626 115.368 110.499 109.785 145.787 181.094 196.157
threshold=-0.13810963183641431 -0.25227347016334528 63.500000000000007 73.500000000000014 71.500000000000014 0.033793650567531593 10.500000000000002 0.31818181276321417 -0.087101414799690233 0.03267409838736058 0.033240010961890228 0.57070705294609081 31.500000000000004 53.500000000000007
decision_type=10 10 8 8 8 8 10 2 10 2 2 2 10 10
left_child=1 -1 3 6 5 -3 -2 9 -8 -4 11 -5 13 -13
right_child=2 4 7 10 -6 -7 8 -9 -10 -11 -12 12 -14 -15
leaf_value=0.018219939123785899 -0.011313289663781733 -0.0012476800479229919 -0.0066226969993094208 -0.0072288809626550078 0.010534778750066654 0.0090548412752926855 -0.0016361361396843622 0.006765703690886405 -0.0070995953647660639 0.0031464066421512844 0.0052720270762318475 -0.0014626235834991062 0.011572411262237731 -0.053316435477350266
leaf_weight=1732.4242825955153 4142.1052868068218 5731.0545763522387 1665.4220666736364 2480.3219443559647 3815.3596560508013 2124.665703073144 6541.2885551452637 3633.1928970366716 7437.7647337764502 2746.7407915741205 2993.9715546667576 1744.4580273926258 1198.4997082650661 58.257159218192101
leaf_count=9381 17263 25651 7190 10674 18074 10128 27839 16510 31294 12335 13325 7591 5323 247
internal_value=3.08982e-05 0.00627817 -0.00238738 -0.00394466 0.00449148 0.00154672 -0.00609828 0.00275925 -0.00454605 -0.000547692 0.00066168 -0.00186147 0.00258365 -0.00342323
internal_weight=48045.5 13403.5 34642 26596.7 11671.1 7855.72 18121.2 8045.36 13979.1 4412.16 8475.51 5481.54 3001.21 1802.72
internal_count=212825 63234 149591 113556 53853 35779 76396 36035 59133 19525 37160 23835 13161 7838
is_linear=0
shrinkage=0.03


Tree=35
num_leaves=15
num_cat=0
split_feature=245 242 63 119 226 178 230 226 245 243 243 59 249 119
split_gain=752.387 465.365 260.5 260.053 222.682 214.964 200.111 229.38 183.893 180.061 166.939 162.39 158.901 164.869
threshold=-0.11046205461025237 0.03163577429950238 76.500000000000014 79.500000000000014 54.500000000000007 1.5000000000000002 1.5000000000000002 81.500000000000014 -0.096670344471931444 -0.086909119039773927 -0.040355859324336045 29.500000000000004 0.91414141654968273 14.500000000000002
decision_type=2 8 10 8 8 10 8 10 2 2 2 8 2 10
left_child=3 2 6 4 12 -3 8 9 -2 -8 11 -10 13 -1
right_child=1 5 -4 -5 -6 -7 7 -9 10 -11 -12 -13 -14 -15
leaf_value=-0.036466866416964581 0.024744497844854642 0.013228194557508621 0.0016526961848955365 0.017557544441519541 0.024965789236369794 0.0022962870446038021 -0.041656490611645336 0.0010108115547091143 0.0017592237081453311 -0.0063153398097892978 0.011567131438786279 -0.024076989562814021 -0.042791061127180181 0.002964969640110855
leaf_weight=93.593424320220947 334.13610552251339 2063.7465165406466 8709.5921745747328 2710.3721521943808 312.38447457551956 7408.9784554839134 120.99480524659157 4437.2518822848797 596.63713283836842 18885.522436290979 702.11309732496738 334.74906824529171 73.716051355004311 1201.1160290241241
leaf_count=399 1603 10077 37966 14545 1514 33491 506 19328 2654 80210 3040 1434 325 5601
internal_value=3.07477e-06 -0.00119015 -0.00282333 0.0118247 0.00253102 0.00468937 -0.0043575 -0.00512895 0.00481346 -0.00656211 0.000610768 -0.00768368 -0.00273435 -0.000143178
internal_weight=47984.9 43593.7 34121 4391.18 1680.81 9472.72 25411.4 23443.8 1967.64 19006.5 1633.5 931.386 1368.43 1294.71
internal_count=212693 190309 146741 22384 7839 43568 108775 100044 8731 80716 7128 4088 6325 6000
is_linear=0
shrinkage=0.03


Tree=36
num_leaves=15
num_cat=0
split_feature=238 126 245 244 209 245 190 226 140 10 230 244 245 230
split_gain=767.864 405.074 375.749 197.6 181.056 155.525 144.62 158.385 178.002 145.256 138.096 134.113 124.17 123.838
threshold=-0.20435540378093717 76.500000000000014 -0.081628073006868349 0.045125083997845657 40.500000000000007 -0.20480131357908246 89.500000000000014 12.500000000000002 32.500000000000007 69.500000000000014 71.500000000000014 0.020688063465058807 -0.055675843730568879 10.500000000000002
decision_type=10 8 2 2 10 2 10 8 8 10 10 2 2 8
left_child=5 4 11 10 6 -1 7 -2 9 -9 13 -3 -12 -4
right_child=1 2 3 -5 -6 -7 -8 8 -10 -11 12 -13 -14 -15
leaf_value=0.030185943802768882 0.0027144303401789899 0.01840816663001605 0.0029377994391591466 0.011068748488507448 -0.0081332886793295343 0.010670245155263023 0.008258388177547777 -0.0047029797123799306 -0.00093213636657764028 -0.014109313021881143 0.015795694505110466 0.0050770470611422019 0.00081343708361277856 -0.0064492652367613449
leaf_weight=405.72246320545673 4469.7205307930708 1684.8210864961147 1817.3265159577131 1399.375271871686 5015.9609992951155 3507.3682985454798 1189.9703968018293 7740.665898680687 11161.1720469594 1822.8420730978251 665.17743764817715 1150.1321056336164 1900.2562656104565 4114.4183753728867
leaf_count=2434 19806 8114 8014 6494 21136 18052 5179 32674 48216 7582 3138 5657 8532 18016
internal_value=4.62822e-05 -0.00108414 0.00342787 0.000664978 -0.00291408 0.0127655 -0.00191915 -0.00240293 -0.00350738 -0.00650873 -0.00105939 0.0130366 0.00474435 -0.00357322
internal_weight=48044.9 44131.8 12731.5 9896.55 31400.3 3913.09 26384.4 25194.4 20724.7 9563.51 8497.18 2834.95 2565.43 5931.74
internal_count=213044 192558 57965 44194 134593 20486 113457 108278 88472 40256 37700 13771 11670 26030
is_linear=0
shrinkage=0.03


Tree=37
num_leaves=15
num_cat=0
split_feature=245 126 224 224 248 245 248 252 245 229 248 120 62 47
split_gain=728.396 309.978 290.657 244.982 233.109 231.672 224.932 199.461 241.524 176.897 205.597 173.754 192.702 190.636
threshold=-0.099373251199722276 53.500000000000007 3.5000000000000004 66.500000000000014 0.71212121844291698 -0.075403515249490724 0.6111111342906953 0.061553865671157844 -0.071742944419383989 49.500000000000007 0.68181815743446361 20.500000000000004 79.500000000000014 17.500000000000004
decision_type=2 8 10 10 2 2 2 2 2 10 2 8 10 10
left_child=2 4 -1 6 5 -2 -4 8 9 10 -3 -6 13 -13
right_child=1 7 3 -5 11 -7 -8 -9 -10 -11 -12 12 -14 -15
leaf_value=0.019184368973014038 0.0072705705659118934 0.013393060193013031 0.013900612201723919 0.025540784052235036 -0.026318066316752903 -0.0039722946966306754 -0.0018282800204863247 0.0058640424529125103 -0.0027939436697199845 0.018927756713112833 -0.0026009961905878775 0.00042674876310327232 0.0089167268746486936 -0.017446911050004944
leaf_weight=1908.4253399521112 1852.2489801347256 1069.3998664468527 1142.2505030930042 465.19173143804073 566.15323643386364 14475.258289948106 2816.6800174117088 5587.8018403947353 12229.967626601458 731.46061412990093 2185.3897762596607 794.08132642507553 484.55175997316837 1646.2170124650002
leaf_count=10520 8026 4883 5828 2337 2314 61107 13054 26046 53325 3459 9579 3360 2041 6863
internal_value=-4.39548e-05 -0.00148677 0.00942674 0.00518384 -0.00420134 -0.0026932 0.00273349 0.000981406 -0.000703635 0.00570046 0.00267897 -0.0112271 -0.0082263 -0.0116528
internal_weight=47955.1 41622.5 6332.55 4424.12 19818.5 16327.5 3958.93 21804 16216.2 3986.25 3254.79 3491 2924.85 2440.3
internal_count=212742 181003 31739 21219 83711 69133 18882 97292 71246 17921 14462 14578 12264 10223
is_linear=0
shrinkage=0.03


Tree=38
num_leaves=15
num_cat=0
split_feature=242 230 117 248 230 226 243 243 225 248 243 120 4 226
split_gain=621.949 443.44 305.699 308.227 282.149 286.242 296.535 273.256 280.635 271.592 213.221 233.849 208.125 160.37
threshold=0.025084191001951698 11.500000000000002 74.500000000000014 0.73232322931289684 80.500000000000014 4.5000000000000009 -0.086909119039773927 -0.086909119039773927 41.500000000000007 0.28787878155708319 -0.048461301252245896 77.500000000000014 8.5000000000000018 66.500000000000014
decision_type=8 10 10 2 10 8 2 2 10 2 2 8 10 10
left_child=4 -2 3 -3 5 7 -7 -1 -9 -6 -8 12 -12 -13
right_child=1 2 -4 -5 9 6 10 8 -10 -11 11 13 -14 -15
leaf_value=0.025692730143142051 0.010010062843901709 -0.00061229742202103035 0.0070620652284463818 -0.019582556256111144 -0.0055903738362050748 -0.032980822239627026 0.0016064138418249794 0.008053812390410843 -0.010298800775726431 0.0089293420126085842 -0.017269739954604402 -0.0035087392952313674 -0.0071959631648351903 0.013279888156852269
leaf_weight=417.9560272693634 6798.9745158404112 9223.0853429585695 4699.5201752632856 831.22257153689861 1880.0799648314714 354.19720670580864 3045.0855051726103 1716.8340772688389 1315.4446866363287 2992.7466173917055 2397.582319021225 3667.1483484506607 8066.6633771657944 584.99124644696712
leaf_count=2274 33298 40179 21865 3544 8123 1646 13147 7824 5700 13520 9898 15819 33562 2603
internal_value=-0.000104433 0.00367719 0.000754022 -0.00219853 -0.00318743 -0.00466028 -0.00616817 0.00325194 8.45113e-05 0.00332723 -0.00561522 -0.00710958 -0.00951836 -0.00117329
internal_weight=47991.5 21552.8 14753.8 10054.3 26438.7 21565.9 18115.7 3450.23 3032.28 4872.83 17761.5 14716.4 10464.2 4252.14
internal_count=213002 98886 65588 43723 114116 92473 76675 15798 13524 21643 75029 61882 43460 18422
is_linear=0
shrinkage=0.03


Tree=39
num_leaves=15
num_cat=0
split_feature=245 24 120 119 226 245 35 238 245 226 226 241 245 244
split_gain=698.092 347.064 294.139 270.812 255.172 270.438 200.046 217.461 179.969 165.267 233.288 161.145 220.067 275.561
threshold=-0.11046205461025237 95.500000000000014 73.500000000000014 15.500000000000002 66.500000000000014 -0.055675843730568879 6.5000000000000009 -0.12875905632972715 -0.048060528934001916 54.500000000000007 6.5000000000000009 -1.873196482658386 -0.20480131357908246 0.017698930576443676
decision_type=2 8 10 8 10 2 10 10 2 8 10 10 2 2
left_child=3 2 6 -1 -4 -6 -2 -8 -3 10 -5 12 -12 -14
right_child=1 8 4 9 5 -7 7 -9 -10 -11 11 -13 13 -15
leaf_value=-0.029253524907072864 -0.011774337928571228 0.012593525003939662 -0.00074607899531975528 0.019189667156120457 0.020138041492357102 0.00055875461147902091 0.0035129075191694067 -0.0046975377386677935 0.0011698205533127212 0.02732743995466504 0.029451260160272427 0.014282271996570275 0.0059022186458158928 -0.023471518552335494
leaf_weight=134.00739751756191 2858.9587935656309 2171.4824912399054 12450.238202318549 1507.3282538801432 1177.1793146282434 1366.118217036128 3482.2399880290031 17262.874928846955 2884.7073069214821 589.74177902936935 156.73888486623764 793.50672996044159 627.79823598265648 515.35461319983006
leaf_count=581 11990 10600 55445 8456 5522 6082 15122 72713 13218 3128 905 3956 2885 2500
internal_value=-0.000152108 -0.00129199 -0.00226049 0.011331 0.0010251 0.00966451 -0.00434708 -0.00331832 0.00609113 0.0126954 0.0102298 0.00371785 -0.0027909 -0.00742872
internal_weight=47978.3 43653.8 38597.6 4324.48 14993.5 2543.3 23604.1 20745.1 5056.19 4190.47 3600.73 2093.4 1299.89 1143.15
internal_count=213103 190692 166874 22411 67049 11604 99825 87835 23818 21830 18702 10246 6290 5385
is_linear=0
shrinkage=0.03


Tree=40
num_leaves=15
num_cat=0
split_feature=242 120 226 226 178 106 248 231 230 248 231 77 124 246
split_gain=587.69 434.664 283.675 283.223 243.927 218.68 205.402 191.082 161.749 204.911 226.062 184.392 161.511 137.111
threshold=0.031185459345579151 98.500000000000014 12.500000000000002 81.500000000000014 1.5000000000000002 29.500000000000004 0.49999998509883886 67.500000000000014 46.500000000000007 0.83333334326744091 91.500000000000014 24.500000000000004 63.500000000000007 0.0089286775328218954
decision_type=8 10 8 10 10 10 2 10 10 2 10 10 10 2
left_child=1 2 -1 5 -2 -4 -5 13 9 10 -3 -12 -6 -8
right_child=4 8 3 6 12 -7 7 -9 -10 -11 11 -13 -14 -15
leaf_value=0.0026048086080494239 0.013731222669183665 0.0072971184369924327 -0.0081858390225197364 -0.0030015983708696846 -6.3851972577346603e-05 -0.0014626304996537497 -0.017721414125063499 0.018503862105719478 0.016282815754353114 0.01846658247975707 0.0006713341255578355 -0.025981422681729194 0.0081897715822478716 0.0061539572536347597
leaf_weight=6357.8514987081289 2700.8333851546049 1239.5422489345074 14106.154627606273 3556.6229167878628 5050.2493680119514 6303.4065905511379 271.45421503484249 971.38980416953564 1249.6396485120058 612.9770829230547 482.58300773799419 441.93200957775116 3684.8156390041113 927.83854876458645
leaf_count=28336 13876 5636 59411 15366 22499 26895 1162 4533 5827 3271 2475 2055 17766 4006
internal_value=-6.42279e-05 -0.00192274 -0.00307531 -0.00445748 0.00586757 -0.00611114 0.00143579 0.0086868 0.0073629 0.00330501 -0.00105475 -0.0122108 0.00342326 0.000648025
internal_weight=47957.3 36521.4 32494.7 26136.9 11435.9 20409.6 5727.31 2170.68 4026.67 2777.03 2164.06 924.515 8735.07 1199.29
internal_count=213114 158973 139709 111373 54141 86306 25067 9701 19264 13437 10166 4530 40265 5168
is_linear=0
shrinkage=0.03


Tree=41
num_leaves=15
num_cat=0
split_feature=238 126 245 120 228 245 232 228 60 244 231 245 245 231
split_gain=675.844 352.176 344.99 203.649 208.943 208.043 169.13 184.325 155.905 155.291 148.888 147.663 141.793 131.849
threshold=-0.20435540378093717 75.500000000000014 -0.083116911351680742 52.500000000000007 29.500000000000004 -0.075403515249490724 78.500000000000014 3.5000000000000004 63.500000000000007 0.045125083997845657 92.500000000000014 -0.091523844748735414 -0.20480131357908246 91.500000000000014
decision_type=10 8 2 10 10 2 10 10 10 2 8 2 2 10
left_child=12 3 10 4 8 -6 13 -8 -2 -4 -3 -12 -1 -5
right_child=1 2 9 6 5 -7 7 -9 -10 -11 11 -13 -14 -15
leaf_value=0.029275056731248288 -0.01150820172421931 0.017633841871769237 -0.001012213088598133 -0.0011507377992929081 0.012542896262096578 -0.0035587680989029578 -0.0088875779548376818 0.0075997571781842108 -0.0013895913041628446 0.0095701450868277971 0.0092312059140436421 -0.017970456483699767 0.010032855952015874 -0.011421293066091661
leaf_weight=377.71967630088329 5470.9147813022137 1754.0941442400217 8942.6279297620058 9555.5394440889359 785.75870081782341 7821.5841825157404 730.99883545935154 3475.7426899373531 1831.3454726338387 1440.2140485197306 793.17158989608288 221.56358127295971 3439.3076758682728 1265.5536511093378
leaf_count=2386 22791 8483 39753 41257 3476 33066 3271 15225 7748 6747 4173 1048 18014 5583
internal_value=-8.47364e-05 -0.0011342 0.00297663 -0.00288213 -0.0052466 -0.00207601 -0.000377101 0.0047205 -0.00897591 0.000463472 0.0123652 0.00317442 0.0120085 -0.00236134
internal_weight=47906.1 44089.1 13151.7 30937.4 15909.6 8607.34 15027.8 4206.74 7302.26 10382.8 2768.83 1014.74 3817.03 10821.1
internal_count=213021 192621 60204 132417 67081 36542 65336 18496 30539 46500 13704 5221 20400 46840
is_linear=0
shrinkage=0.03


Tree=42
num_leaves=15
num_cat=0
split_feature=236 242 238 229 126 248 60 24 244 224 242 244 63 148
split_gain=649.981 268.887 263.919 256.423 197.304 194.797 156.11 154.117 120.668 113.921 117.973 116.836 101.459 94.6259
threshold=-0.10480800643563269 0.01973192393779755 -0.25227347016334528 68.500000000000014 37.500000000000007 0.43939393758773809 71.500000000000014 1.5000000000000002 0.053563781082630164 76.500000000000014 0.031341057270765312 0.024279476143419746 61.500000000000007 12.500000000000002
decision_type=2 8 10 10 8 2 8 10 2 10 8 2 10 10
left_child=2 3 -1 8 -3 -5 9 -6 -2 10 11 -4 -9 -14
right_child=1 4 6 5 7 -7 -8 12 -10 -11 -12 -13 13 -15
leaf_value=0.019810531004772303 -0.0079165904578367002 -0.0034461457626980959 0.00048750208417183157 -0.0034961069492904177 0.0097077574269701632 0.012861122485620833 0.011096303480224105 -0.00119484931218966 0.01463343416211435 0.014365763519029488 0.0071690957730020516 -0.01299882807322785 -0.0059194339939790657 0.0053002997170538083
leaf_weight=1265.8906283378601 9872.013705343008 9120.9909340441227 2478.0542435646057 1664.619166880846 2058.4303249120712 1067.288891941309 2642.7715849429369 8361.9189338833094 209.42240153253078 607.63205887377262 1657.1847757548094 743.7982562482357 765.90587306022644 5346.1995414197445
leaf_count=7398 41336 38658 11075 7157 9826 4907 13113 36637 943 2877 8120 3529 3413 23876
internal_value=4.88265e-05 -0.0016793 0.00711846 -0.00522644 9.37696e-05 0.00291786 0.00512017 0.00204765 -0.00743412 0.00222669 0.000688611 -0.00265655 0.000952315 0.00388699
internal_weight=47862.1 38466.8 9395.33 12813.3 25653.4 2731.91 8129.44 16532.5 10081.4 5486.67 4879.04 3221.85 14474 6112.11
internal_count=212865 166753 46112 54343 112410 12064 38714 73752 42279 25601 22724 14604 63926 27289
is_linear=0
shrinkage=0.03


Tree=43
num_leaves=15
num_cat=0
split_feature=238 126 245 246 120 212 224 231 245 232 231 68 38 245
split_gain=619.105 331.52 288.347 198.604 197.248 190.105 172.673 363.027 303.048 209.319 168.071 163.989 139.442 126.416
threshold=-0.21537190675735471 76.500000000000014 -0.071302972733974443 0.022037521004676822 61.500000000000007 41.500000000000007 7.5000000000000009 91.500000000000014 -0.097560107707977281 78.500000000000014 81.500000000000014 19.500000000000004 10.500000000000002 -0.20480131357908246
decision_type=10 8 2 2 10 10 10 10 2 10 8 8 8 2
left_child=13 4 12 10 5 -2 7 -6 -9 -8 -4 -12 -3 -1
right_child=1 2 3 -5 6 -7 9 8 -10 -11 11 -13 -14 -15
leaf_value=0.029507883207596581 -0.0034000169684811144 0.0015595998685222383 -0.0024438893441768817 0.0030777744640986802 0.00071188754213254125 -0.012636006272460731 -0.00059475596019984756 0.0024425381521479433 -0.037292794176490417 0.0089849508895240744 -0.036656442649728713 -0.006237042564968139 0.013539535266750561 0.010692145226556779
leaf_weight=360.58975061774254 16649.609139367938 1281.6841556578875 2105.7243845462799 6235.7838685512543 1800.8218711018562 2273.3277220726013 7480.2131382524967 259.15184238553047 501.14858929812908 2818.6472140699625 281.27081298828125 363.74018919467926 2761.3927103430033 2707.6503587067127
leaf_count=2350 70530 6179 9150 28236 7950 9392 32493 1295 2142 12453 1191 1634 13575 14488
internal_value=-2.24488e-05 -0.000916234 0.00311224 0.000116104 -0.00256819 -0.00451568 0.000298739 -0.00665688 -0.0238929 0.00203324 -0.00658469 -0.0198592 0.00975503 0.0129921
internal_weight=47880.8 44812.5 13029.6 8986.52 31782.9 18922.9 12860 2561.12 760.3 10298.9 2750.74 645.011 4043.08 3068.24
internal_count=213058 196220 59965 40211 136255 79922 56333 11387 3437 44946 11975 2825 19754 16838
is_linear=0
shrinkage=0.03


Tree=44
num_leaves=15
num_cat=0
split_feature=236 238 98 60 120 230 245 231 230 249 231 230 52 14
split_gain=593.773 271.297 227.301 211.185 161.544 157.572 140.677 136.539 355.272 173.414 141.16 137.465 174.018 130.821
threshold=-0.095542903989553438 -0.25227347016334528 42.500000000000007 71.500000000000014 52.500000000000007 81.500000000000014 -0.043717956170439713 88.500000000000014 44.500000000000007 0.025252525694668296 97.500000000000014 8.5000000000000018 13.500000000000002 7.5000000000000009
decision_type=2 10 8 8 10 8 2 10 10 2 10 10 10 10
left_child=1 -1 4 13 5 -2 7 11 9 10 -9 -6 -13 -3
right_child=2 3 -4 -5 6 -7 -8 8 -10 -11 -12 12 -14 -15
leaf_value=0.018491162756317427 -0.0077824267383826678 -0.0039248366260249169 0.0019553971104706094 0.010178931396824869 0.0096953200400434481 -5.8074716445484827e-05 -0.0063370836093177086 -0.044136619036182517 0.014242884318539111 -0.0079800529379797369 -0.0029062959355724972 -0.010166190018813579 0.0028124086915134656 0.0042999662493868303
leaf_weight=1323.5316535383463 9419.898937061429 2733.3701268285513 9804.1369006186724 3543.629329174757 1829.2242634296417 3177.9958217740059 3377.0398679375648 249.64218255877495 530.5901824682951 1014.2929884344339 107.02053584158421 1141.7171762734652 4815.1823740005493 4752.8736548423767
leaf_count=7833 39034 12644 43684 17400 8035 13854 14557 1053 2494 4420 460 4805 20861 21777
internal_value=4.42621e-05 0.00570584 -0.00192877 0.0041563 -0.00341286 -0.00583544 -0.00107417 0.000765081 -0.00642107 -0.0144637 -0.0321817 0.00252609 0.000312023 0.0012957
internal_weight=47820.1 12353.4 35466.7 11029.9 25662.6 12597.9 13064.7 9687.67 1901.55 1370.96 356.663 7786.12 5956.9 7486.24
internal_count=212911 59654 153257 51821 109573 52888 56685 42128 8427 5933 1513 33701 25666 34421
is_linear=0
shrinkage=0.03


Tree=45
num_leaves=15
num_cat=0
split_feature=242 76 229 248 226 243 243 225 243 140 248 119 230 248
split_gain=506.844 363.651 212.551 291.354 212.462 251.594 247.123 253.755 217.458 253.894 201.538 194.871 184.923 202.755
threshold=0.025180193595588211 82.500000000000014 68.500000000000014 0.43939393758773809 4.5000000000000009 -0.086909119039773927 -0.094835434108972536 59.500000000000007 -0.051163842901587479 29.500000000000004 0.6111111342906953 97.500000000000014 3.5000000000000004 0.76262626051902782
decision_type=8 8 10 2 8 2 2 10 2 10 2 10 10 2
left_child=2 11 4 -4 6 -6 -1 -8 10 -10 -7 12 -2 -14
right_child=1 -3 3 -5 5 8 7 -9 9 -11 -12 -13 13 -15
leaf_value=0.028704922729730895 0.0090100495898105034 0.010899233634443574 -0.0029132628767278039 0.011488627484002045 -0.030069752888229825 -0.012832683244268362 0.0054866783810871653 -0.013524094160598014 -0.010418232803081563 -0.0025793895007151378 0.0076580142393190814 0.012222672982782467 0.00043043569847134273 -0.011401659776695239
leaf_weight=290.303087413311 1945.2648160308599 4590.758032605052 3322.0376210957766 2027.9725184738636 356.17124092578888 542.37020719051361 2268.7312833070755 864.39190790057182 7077.9921514242887 7841.6622320413589 1977.616397112608 1355.9975824654102 11856.200777426362 1454.3483808934689
leaf_count=1696 9390 22859 14315 9418 1650 2297 10343 3743 29248 33342 8645 7033 52448 6422
internal_value=-2.30483e-05 0.00343521 -0.00278303 0.00255716 -0.00413002 -0.00544624 0.00270793 0.000215489 -0.00492641 -0.00630268 0.00321456 0.00136717 0.000394913 -0.000869962
internal_weight=47771.8 21202.6 26569.2 5350.01 21219.2 17795.8 3423.43 3133.12 17439.6 14919.7 2519.99 16611.8 15255.8 13310.5
internal_count=212849 98152 114697 23733 90964 75182 15782 14086 73532 62590 10942 75293 68260 58870
is_linear=0
shrinkage=0.03


Tree=46
num_leaves=15
num_cat=0
split_feature=238 24 230 242 119 38 209 104 248 222 238 192 104 47
split_gain=593.769 251.281 210.22 172.212 190.483 180.094 159.085 138.662 146.298 134.208 116.471 110.567 110.157 104.953
threshold=-0.1430501118302345 80.500000000000014 3.5000000000000004 0.03468213044106961 97.500000000000014 8.5000000000000018 50.500000000000007 87.500000000000014 0.85353535413742077 16.500000000000004 -0.28068861365318293 96.500000000000014 39.500000000000007 17.500000000000004
decision_type=10 8 10 10 10 10 10 10 2 10 10 10 8 10
left_child=2 6 7 4 5 9 13 8 10 -4 -1 12 -3 -2
right_child=1 11 3 -5 -6 -7 -8 -9 -10 -11 -12 -13 -14 -15
leaf_value=0.022841833232756133 0.00072792691148321274 -0.0027303113861026984 -0.017318309360391509 0.010029228546647685 0.010070268701323737 0.0023506108533293745 -0.0088723943980253406 -0.017937504811718068 0.027383876080417806 -0.0012756137952011843 0.0075509391464619584 0.010005563548005745 0.0043358463874722461 -0.0037975564029116252
leaf_weight=532.55813020467758 6512.320251584053 3888.5810370892286 990.02511544525623 2235.1765788942575 1357.629300147295 2636.014030918479 4144.2472844868898 131.11041159927845 507.53660921752453 887.56123372912407 2722.9745102971792 1393.9621424823999 4037.1691477894783 15773.929422080517
leaf_count=3328 28256 17178 4432 11097 6577 11732 17394 660 2860 3923 13791 6435 18516 66685
internal_value=-4.99014e-05 -0.00198824 0.00572132 0.00296262 0.000259887 -0.00270668 -0.00348143 0.0114417 0.0125102 -0.00978164 0.0101146 0.00224562 0.000869932 -0.00247542
internal_weight=47750.8 35750.2 12000.6 8106.41 5871.23 4513.6 26430.5 3894.18 3763.07 1877.59 3255.53 9319.71 7925.75 22286.2
internal_count=212864 154464 58400 37761 26664 20087 112335 20639 19979 8355 17119 42129 35694 94941
is_linear=0
shrinkage=0.03


Tree=47
num_leaves=15
num_cat=0
split_feature=236 126 34 252 248 224 231 228 226 134 231 240 147 231
split_gain=475.628 241.975 225.39 126.301 137.597 170.853 225.281 289.543 248.541 207.972 167.433 213.798 150.351 130.421
threshold=-0.1195838302373886 50.500000000000007 7.5000000000000009 0.059790715575218208 0.33838383853435522 82.500000000000014 91.500000000000014 8.5000000000000018 8.5000000000000018 47.500000000000007 88.500000000000014 -0.018533864989876744 38.500000000000007 51.500000000000007
decision_type=2 8 10 2 2 10 10 10 8 10 10 10 10 10
left_child=-1 2 -2 4 -3 6 8 9 10 -8 -6 -12 -11 -7
right_child=1 3 -4 -5 5 13 7 -9 -10 12 11 -13 -14 -15
leaf_value=0.0078735723700735366 -0.011216010477385177 -0.0041913945247923244 -0.0022029438837171443 0.004824999797679811 0.015596492717640405 -0.0070267769020067204 -0.030735371252706176 0.0053207197940810681 -0.00029959085299845304 0.021847802146735658 0.017458449107586756 -0.044934328689432548 -0.017516458852653436 0.017827370735604121
leaf_weight=6059.3949643820524 2943.9028546065092 5534.6702243238688 16202.980219304562 5750.2505066841841 1549.5181571990252 234.99245150387287 611.29903610050678 661.2831559330225 6773.0749326497316 137.15836650133133 90.053410351276398 89.68530860543251 204.87113858759403 890.01118536293507
leaf_count=31218 12238 23946 68471 27156 7015 1052 2699 2945 29571 651 434 386 924 4192
internal_value=2.7285e-05 -0.00111519 -0.00359387 0.000992247 -0.000323535 0.00158273 0.000344182 -0.00989334 0.00229765 -0.0203924 0.0124136 -0.0144015 -0.00155866 0.0126196
internal_weight=47733.1 41673.8 19146.9 22526.9 16776.6 11241.9 10116.9 1614.61 8502.33 953.329 1729.26 179.739 342.03 1125
internal_count=212898 181680 80709 100971 73815 49869 44625 7219 37406 4274 7835 820 1575 5244
is_linear=0
shrinkage=0.03


Tree=48
num_leaves=15
num_cat=0
split_feature=236 242 76 229 248 193 230 231 248 242 248 242 119 248
split_gain=504.818 245.421 204.904 167.302 211.158 144.044 136.85 210.151 153.6 153.539 139.563 131.15 145.2 140.247
threshold=-0.1185714080929756 0.019803144969046119 86.500000000000014 68.500000000000014 0.43939393758773809 71.500000000000014 48.500000000000007 66.500000000000014 0.6111111342906953 0.0281442403793335 0.58080807328224193 0.041725955903530128 84.500000000000014 0.83333334326744091
decision_type=2 8 8 10 2 10 10 10 2 8 2 8 10 2
left_child=11 3 5 -2 -5 6 9 8 -8 -3 -9 12 -1 -14
right_child=1 2 -4 4 -6 -7 7 10 -10 -11 -12 -13 13 -15
leaf_value=-0.00015999031210886568 -0.0061604277825611665 -0.003272947184457425 0.0064385326793920464 -0.0045646791857627943 0.012190119674854111 0.0036158472013867091 -0.006449881076871662 -0.0019794132825520631 -0.021711877055703963 0.0035824755178869706 0.016356914214572277 0.016386342572173487 0.0060418302789635473 0.021228672772809515
leaf_weight=2122.7836089879274 10768.374483510852 6122.3749693781137 4337.6985213458538 1708.0226182490587 1107.5969798713923 5485.8048761636019 4045.6847102940083 1296.8684664070606 689.69036948680878 5638.698867842555 513.74984487891197 1321.1850777715445 1981.3294721394777 753.39880487322807
leaf_count=9894 45178 26147 20232 7331 5181 23958 17287 5661 2936 25568 2298 7275 10404 4325
internal_value=3.65584e-05 -0.00114939 0.000449884 -0.00445917 0.00204607 -0.000644158 -0.00192197 -0.00539509 -0.00871381 1.40502e-05 0.00328465 0.00803226 0.00573106 0.0102878
internal_weight=47893.3 41714.6 28130.6 13584 2815.62 23792.9 18307.1 6545.99 4735.38 11761.1 1810.62 6178.7 4857.51 2734.73
internal_count=213675 181777 124087 57690 12512 103855 79897 28182 20223 51715 7959 31898 24623 14729
is_linear=0
shrinkage=0.03


Tree=49
num_leaves=15
num_cat=0
split_feature=245 120 53 126 248 231 245 24 233 229 231 228 243 248
split_gain=517.502 217.584 215.871 215.098 180.545 201.032 191.656 176.956 148.984 146.206 264.496 295.024 210.163 202.954
threshold=-0.096067629754543291 75.500000000000014 8.5000000000000018 76.500000000000014 0.59090909361839306 20.500000000000004 -0.10346869006752966 97.500000000000014 57.500000000000007 67.500000000000014 91.500000000000014 5.5000000000000009 -0.034067027270793908 0.83333334326744091
decision_type=2 8 10 8 2 10 2 8 10 10 10 8 2 2
left_child=3 2 8 4 -1 6 -6 -4 -2 10 12 -12 13 -3
right_child=1 9 7 -5 5 -7 -8 -9 -10 -11 11 -13 -14 -15
leaf_value=0.014115725392735439 -0.01485379833731118 0.010844719217193483 -0.0026946121610014763 0.014532915112422357 -0.03768401819032545 0.0023527074198697135 0.015678852063277085 0.0064625493302388343 -0.0023228502232769616 0.0084805720005312179 -0.023747841198168897 -0.0012781554468018542 -0.00062429607533581396 -0.01388127525273827
leaf_weight=1076.4218565672636 2109.6732630729675 3097.8746685534716 20323.777561843395 2543.3804691433907 212.31821145117283 2946.334233596921 76.832566887140274 2085.4350252449512 1437.1691280901432 2341.1216550767422 773.71704885363579 1602.4368041306734 6800.8603442460299 321.98008272051811
leaf_count=5579 8771 14176 85868 14489 935 13718 329 9802 5996 10995 3430 7291 30269 1478
internal_value=8.2953e-06 -0.00127094 -0.00293062 0.00763008 0.00353423 -1.88012e-05 -0.0234544 -0.00183993 -0.0097971 0.00161293 0.000330867 -0.00866354 0.00242835 0.00848308
internal_weight=47749.3 40894 25956.1 6855.29 4311.91 3235.49 289.151 22409.2 3546.84 14938 12596.9 2376.15 10220.7 3419.85
internal_count=213126 178076 110437 35050 20561 14982 1264 95670 14767 67639 56644 10721 45923 15654
is_linear=0
shrinkage=0.03


Tree=50
num_leaves=15
num_cat=0
split_feature=242 66 229 248 233 229 248 243 118 125 222 243 229 215
split_gain=403.21 299.634 181.938 307.567 181.843 172.472 155.993 168.792 154.511 142.988 129.454 164.775 127.271 118.167
threshold=0.02436495199799538 40.500000000000007 59.500000000000007 0.49999998509883886 68.500000000000014 1.5000000000000002 0.80303028225898754 -0.03945679031312465 81.500000000000014 3.5000000000000004 4.5000000000000009 -0.048099549487233155 68.500000000000014 48.500000000000007
decision_type=8 8 10 2 10 8 2 2 10 10 10 2 10 10
left_child=2 12 4 -4 9 -3 10 -8 -5 -1 11 -6 -2 -11
right_child=1 5 3 8 6 -7 7 -9 -10 13 -12 -13 -14 -15
leaf_value=-0.013487252823846909 0.00039042181405011595 0.018512697969457578 -0.0029469288648305723 0.0035804379000961718 -0.020948315648757682 0.0047747803159544199 0.016381349163455815 -0.0095725912991138206 0.019701348638513267 -0.0032162820056556786 -1.1077967724749783e-05 0.0035298921381320628 -0.0084911830442988365 -0.011366894127325382
leaf_weight=2130.1369326114655 7607.0273602604866 872.19730019569397 4509.2435160130262 1206.1002414226532 650.08041740953922 12522.298084318638 863.9980227202177 296.48620975017548 959.80076575279236 7731.8329378068447 4141.956523373723 391.89071814715862 1784.4254827797413 2013.9860053807497
leaf_count=9197 33803 4978 19324 5212 3021 59085 4024 1272 4839 32888 17487 1640 7764 8460
internal_value=-7.95092e-05 0.00280348 -0.00271827 0.00151719 -0.00426993 0.00568248 -0.000168629 0.00972538 0.010782 -0.00645896 -0.00239798 -0.0117959 -0.00130437 -0.00491054
internal_weight=47681.5 22785.9 24895.5 6675.14 18220.4 13394.5 6344.41 1160.48 2165.9 11876 5183.93 1041.97 9391.45 9745.82
internal_count=212994 105630 107364 29375 77989 64063 27444 5296 10051 50545 22148 4661 41567 41348
is_linear=0
shrinkage=0.03


Tree=51
num_leaves=15
num_cat=0
split_feature=245 242 63 226 226 242 230 230 245 178 156 51 245 245
split_gain=463.897 310.708 189.203 181.187 293.81 234.197 163.615 160.332 157.234 153.494 144.165 137.785 145.785 136.42
threshold=-0.11046205461025237 0.03163577429950238 67.500000000000014 54.500000000000007 6.5000000000000009 0.028252542018890384 24.500000000000004 1.5000000000000002 -0.20480131357908246 1.5000000000000002 14.500000000000002 4.5000000000000009 -0.041642572730779641 -0.096670344471931444
decision_type=2 8 10 8 10 10 10 8 2 10 10 10 2 2
left_child=3 2 7 4 -1 6 8 13 -6 -3 -10 -4 -13 -2
right_child=1 9 11 -5 5 -7 -8 -9 10 -11 -12 12 -14 -15
leaf_value=0.017712641380802557 0.024202900223107594 0.011418921999816485 -0.0091397415832324587 0.025211925149485656 0.023218698952701022 0.011375161837778593 0.013274819801476852 -0.0044060643108388507 -0.004857602241709189 0.0020496643881989275 -0.029143345538180303 0.0043282603636994764 -0.0035138014194704172 0.001368871967643084
leaf_weight=1412.9969315826893 273.05309902131557 1997.603684797883 1076.8343140631914 575.72415651381016 84.191350445151329 928.27241386473179 238.74701908230782 21055.721611112356 418.86433136463165 7311.994098931551 464.69761554896832 7444.0528861284256 2980.4171421825886 1409.5215231776237
leaf_count=8438 1356 10177 4575 3209 517 4949 1051 89392 1949 33434 2164 32772 12850 6168
internal_value=0.000124741 -0.000786718 -0.00210809 0.0097295 0.00715324 0.000114019 -0.00857251 -0.0036936 -0.0140429 0.00407016 -0.0178136 0.00102699 0.00208495 0.00519555
internal_weight=47672.7 43549.2 34239.6 4123.49 3547.77 2134.77 1206.5 22738.3 967.753 9309.6 883.562 11501.3 10424.5 1682.57
internal_count=213001 190724 147113 22277 19068 10630 5681 96916 4630 43611 4113 50197 45622 7524
is_linear=0
shrinkage=0.03


Tree=52
num_leaves=15
num_cat=0
split_feature=238 245 60 101 249 245 228 231 231 231 242 231 229 229
split_gain=439.874 223.134 203.343 195.832 208.492 161.408 200.355 281.784 155.437 189.099 153.973 148.04 145.042 123.652
threshold=-0.13513207435607907 -0.20480131357908246 80.500000000000014 3.5000000000000004 0.13636363297700885 -0.076486464589834199 18.500000000000004 76.500000000000014 98.500000000000014 67.500000000000014 0.035734642297029502 54.500000000000007 15.500000000000002 57.500000000000007
decision_type=10 2 8 8 2 2 10 8 10 10 8 10 10 10
left_child=1 -1 10 -2 5 6 8 -8 9 11 13 -5 -13 -3
right_child=3 2 -4 4 -6 -7 7 -9 -10 -11 -12 12 -14 -15
leaf_value=0.026831358604467854 -0.010144140497725333 -0.0018722675279128805 0.010217846278465214 -0.0021525907411364367 0.0017424369045044026 -0.0046523775935999514 0.0027539763620043965 0.030352613654624716 -0.030904059672544532 0.0098502843579231468 0.0082772435608133473 -0.0046187780038836048 -0.043145943089284669 0.0095989758027811966
leaf_weight=379.85381093621254 2404.855005517602 6680.7284685373306 3321.4243295192719 832.37240612506866 12434.88161316514 15146.754938870668 1360.6465445458889 431.85786497592926 167.8829512745142 773.88588976860046 2397.5535636693239 168.07573898136616 180.8299435377121 958.0954903960228
leaf_count=2635 10002 30586 16803 3574 55581 63625 5899 2038 703 3450 12154 725 757 4443
internal_value=-7.53817e-05 0.00445124 0.00379522 -0.00191041 -0.00127874 -0.00324941 0.00217578 0.00953466 -0.00405294 -0.00160181 0.00166167 -0.00912408 -0.0252323 -0.000422824
internal_weight=47639.7 13737.7 13357.8 33902 31497.2 19062.3 3915.55 1792.5 2123.05 1955.16 10036.4 1181.28 348.906 7638.82
internal_count=212975 66621 63986 146354 136352 80771 17146 7937 9209 8506 47183 5056 1482 35029
is_linear=0
shrinkage=0.03


Tree=53
num_leaves=15
num_cat=0
split_feature=238 226 24 233 231 226 231 245 231 224 14 125 245 222
split_gain=451.421 242.038 182.998 153.305 145.217 137.105 178.575 195.241 142.163 132.394 207.891 122.956 110.964 108.254
threshold=-0.12805734574794767 2.5000000000000004 80.500000000000014 61.500000000000007 66.500000000000014 70.500000000000014 92.500000000000014 -0.20480131357908246 97.500000000000014 4.5000000000000009 8.5000000000000018 23.500000000000004 -0.10267011821269988 3.5000000000000004
decision_type=10 10 8 10 10 10 10 2 10 10 10 10 2 10
left_child=1 -1 3 -2 -4 6 9 -8 11 -3 -11 -9 -7 -5
right_child=2 5 4 13 -6 12 7 8 -10 10 -12 -13 -14 -15
leaf_value=0.011685427354268189 -0.005687260011008821 0.01235039753831197 -0.00082667604237722536 -0.010840633206875011 0.0076603637436964836 0.027676828194564743 0.026155068056739252 -0.026005012429934016 -2.1782117125955072e-05 -0.005133293637263339 0.0049692377065912825 0.0020633977566157638 0.0066039786983483114 6.614565385855512e-05
leaf_weight=3105.0978185161948 12355.876799732447 1063.4266114681959 6059.0426492244005 881.18868292868137 2579.1125034689903 245.00587196648121 122.08923596143723 636.82583977282047 530.39072865247726 2959.2999604195356 4782.2845807820559 177.63537725806236 2032.4938062131405 10111.60748192668
leaf_count=16742 52001 5206 27001 3747 12066 1331 805 3014 2635 13475 21739 861 9363 43084
internal_value=2.69234e-05 0.00419968 -0.00201592 -0.00339572 0.00171325 0.00233965 0.000859607 -0.00879555 -0.0121381 0.00247634 0.0011058 -0.0199325 0.00898201 -0.000817206
internal_weight=47641.4 15654.5 31986.8 23348.7 8638.16 12549.5 10272 1466.94 1344.85 8805.01 7741.58 814.461 2277.5 10992.8
internal_count=213070 75171 137899 98832 39067 58429 47735 7315 6510 40420 35214 3875 10694 46831
is_linear=0
shrinkage=0.03


Tree=54
num_leaves=15
num_cat=0
split_feature=245 224 209 224 249 245 228 224 228 47 245 31 248 248
split_gain=424.342 225.373 213.578 204.472 158.009 179.497 328.398 220.914 186.498 167.892 210.147 148.532 139.85 206.058
threshold=-0.099373251199722276 1.5000000000000002 51.500000000000007 66.500000000000014 0.085858587175607695 -0.071742944419383989 5.5000000000000009 29.500000000000004 29.500000000000004 91.500000000000014 -0.048416420817375176 66.500000000000014 0.6111111342906953 0.80303028225898754
decision_type=2 10 10 10 2 2 10 8 10 8 2 10 2 2
left_child=1 -1 4 12 5 6 -2 11 -9 -6 -11 -7 -3 -14
right_child=2 3 -4 -5 9 7 -8 8 -10 10 -12 -13 13 -15
leaf_value=0.01848112686217325 -0.012798351271718892 0.010951204764289464 -0.0065371348983440155 0.023600091389795214 -0.00022352877675398496 0.0034341821220522251 0.0068747464874028569 -0.014194613043506507 -0.0041844872477622003 0.012515430904996915 0.00088665422862375205 -0.013943885153803457 -0.010069470026645445 0.0055517763678211533
leaf_weight=1287.692683942616 962.25326845049858 1207.7979853749275 5633.5129926204681 440.01359808444977 13782.567398786545 3588.3561369329691 3553.2811809182167 2427.8602448552847 5398.3911829292774 2447.336639419198 3250.0844855159521 494.81058417260647 1305.3183103352785 1790.2392232269049
leaf_count=7866 4142 6608 23976 2368 60650 15135 15402 10206 22753 11869 14944 2082 6273 8540
internal_value=-3.16262e-05 0.00739762 -0.00111182 0.00435621 -0.000258997 -0.00242556 0.00266342 -0.0043557 -0.00730398 0.0015681 0.00589499 0.00129933 0.00233839 -0.00104652
internal_weight=47569.5 6031.06 41538.5 4743.37 35904.9 16425 4515.53 11909.4 7826.25 19480 5697.42 4083.17 4303.36 3095.56
internal_count=212814 31655 181159 23789 157183 69720 19544 50176 32959 87463 26813 17217 21421 14813
is_linear=0
shrinkage=0.03


Tree=55
num_leaves=15
num_cat=0
split_feature=238 66 120 14 226 231 230 57 231 248 226 248 231 228
split_gain=388.907 243.561 199.999 180.627 154.197 132.298 192.245 131.769 148.997 327.555 172.917 157.278 266.619 172.132
threshold=-0.21837144345045087 76.500000000000014 98.500000000000014 5.5000000000000009 12.500000000000002 92.500000000000014 45.500000000000007 60.500000000000007 69.500000000000014 0.65151515603065502 49.500000000000007 0.59090909361839306 92.500000000000014 16.500000000000004
decision_type=10 8 10 10 8 10 10 10 10 2 8 2 10 10
left_child=-1 2 3 -2 -5 -4 -7 8 9 10 -6 -10 -13 -14
right_child=1 -3 5 4 7 6 -8 -9 11 -11 -12 12 13 -15
leaf_value=0.010874296758965686 -0.0094206588876075154 0.0028369307200560479 0.011965123780568118 0.0036010750245055586 0.0018316910764269356 -0.015400920206392218 0.024407233650958156 0.00020985876946325545 -0.0041690056832022369 -0.01585539090734156 -0.006944400936774944 0.015834652782395008 -0.034197230801923613 0.0067408602673406587
leaf_weight=2776.7457771897316 3186.0016964972019 12707.65213355422 1423.5664713829756 3940.2072573453188 3341.3916686475277 414.77436295151711 137.26464194059372 8279.4806580096483 2336.787672162056 2481.5587939023972 5088.4071071743965 1075.1460304260254 175.05546471476555 179.21210667490959
leaf_count=16094 13755 58275 6534 17571 14125 1931 713 35483 10131 10347 21667 4659 736 831
internal_value=4.05363e-07 -0.000676351 -0.00206941 -0.00267731 -0.00187535 0.00715409 -0.00524446 -0.00281645 -0.00452254 -0.00629696 -0.0034677 0.000621314 0.00842703 -0.0138715
internal_weight=47543.3 44766.5 32058.9 30083.2 26897.2 1975.61 552.039 22957 14677.6 10911.4 8429.8 3766.2 1429.41 354.268
internal_count=212852 196758 138483 129305 115550 9178 2644 97979 62496 46139 35792 16357 6226 1567
is_linear=0
shrinkage=0.03


Tree=56
num_leaves=15
num_cat=0
split_feature=238 242 66 233 120 68 231 246 120 76 193 232 78 62
split_gain=394.496 230.549 221.714 171.04 140.766 111.155 134.734 248.043 230.762 105.857 105.571 103.818 99.947 100.576
threshold=-0.21837144345045087 0.019803144969046119 48.500000000000007 14.500000000000002 47.500000000000007 20.500000000000004 86.500000000000014 0.05980473384261132 43.500000000000007 87.500000000000014 82.500000000000014 82.500000000000014 31.500000000000004 95.500000000000014
decision_type=10 8 8 10 10 10 10 2 10 10 10 10 10 8
left_child=-1 3 4 -2 12 6 8 -8 -5 10 -4 -6 -3 -14
right_child=1 2 9 5 11 -7 7 -9 -10 -11 -12 -13 13 -15
leaf_value=0.010999849298931949 -0.0096557323153822483 0.0014565794075280007 0.00068222707907701966 -0.011584675879930352 -0.00099384799418077607 0.00074557079764611667 -0.022640844650834636 0.0085644444676550441 0.0040113137530772384 0.008116869845852033 0.007736777384071334 0.0068706254608134707 -0.0058204712845890006 -0.020447569745077665
leaf_weight=2779.6783299744129 3398.1629890650511 1564.2221948355436 9745.20193387568 1450.9380709975958 6956.8057669252157 6048.6103538274765 841.54842272400856 307.61215077340603 2046.2152803689241 3307.3799246102571 2365.088648095727 1919.1031530946493 4357.6630241423845 461.47044610977173
leaf_count=16194 14492 6685 44380 5914 30455 25797 3633 1492 8782 15517 10765 8598 18268 2023
internal_value=5.41911e-05 -0.000627707 0.000831573 -0.00380251 -0.00173152 -0.00193545 -0.00541973 -0.0142859 -0.00247391 0.00336781 0.0020652 0.000712386 -0.00512552 -0.00726057
internal_weight=47549.7 44770 30676.9 14093.1 15259.3 10694.9 4646.31 1149.16 3497.15 15417.7 12110.3 8875.91 6383.36 4819.13
internal_count=212995 196801 136691 60110 66029 45618 19821 5125 14696 70662 55145 39053 26976 20291
is_linear=0
shrinkage=0.03


Tree=57
num_leaves=15
num_cat=0
split_feature=245 238 249 24 231 106 41 10 69 146 230 245 249 231
split_gain=379.129 225.5 223.133 217.235 196.334 195.94 183.518 183.502 173.289 164.166 159.268 239.824 142.208 116.817
threshold=-0.075403515249490724 -0.25227347016334528 0.085858587175607695 78.500000000000014 81.500000000000014 15.500000000000002 18.500000000000004 79.500000000000014 12.500000000000002 98.500000000000014 73.500000000000014 -0.046983137726783746 0.015151515137404205 92.500000000000014
decision_type=2 10 2 8 8 10 8 8 10 10 8 2 2 10
left_child=1 -1 4 5 7 -3 -6 8 -2 13 -4 -12 -5 -7
right_child=2 3 10 12 6 9 -8 -9 -10 -11 11 -13 -14 -15
leaf_value=0.017630383852164977 0.004883221428316235 -0.0016187879106263482 -0.0014303149073770457 -0.016487768661844156 -0.024620358611093508 0.010871908527601634 -0.0059819327523842033 -0.008971907202065128 -0.0036750578705734178 -0.013272051458126339 0.012281532569866253 -8.0193799358483739e-05 0.014360433835589256 -0.0020620879863661743
leaf_weight=1026.0644026994705 3130.4565529376268 6996.9003441259265 12099.315692514181 136.70775331556797 758.67371262609959 3124.8438360989094 1270.3747493177652 3442.3620336800814 6604.4372819364071 337.18055456876755 2243.8486194461584 3783.2776957303286 1862.0498402565718 782.46196955442429
leaf_count=6731 13087 32055 52923 605 3198 14344 5482 14665 27512 1674 10614 17073 9599 3748
internal_value=5.78249e-05 0.00414871 -0.00169377 0.00309141 -0.00437237 0.00146623 -0.0130375 -0.00302923 -0.000920779 0.00654364 0.000554485 0.00453469 0.012179 0.00828314
internal_weight=47599 14266.2 33332.7 13240.1 15206.3 11241.4 2029.05 13177.3 9734.89 4244.49 18126.4 6027.13 1998.76 3907.31
internal_count=213310 68756 144554 62025 63944 51821 8680 55264 40599 19766 80610 27687 10204 18092
is_linear=0
shrinkage=0.03


Tree=58
num_leaves=15
num_cat=0
split_feature=245 242 230 229 245 233 101 226 226 242 66 222 245 230
split_gain=394.051 241.455 209.164 176.96 192.285 180.824 190.851 165.925 277.79 191.541 154.9 151.83 224.417 155.649
threshold=-0.11046205461025237 0.025180193595588211 5.5000000000000009 68.500000000000014 -0.046983137726783746 55.500000000000007 2.5000000000000004 6.5000000000000009 54.500000000000007 0.031019097194075588 25.500000000000004 3.5000000000000004 -0.20480131357908246 24.500000000000004
decision_type=2 8 10 10 2 10 8 10 10 10 10 10 2 10
left_child=7 3 -3 5 -5 6 -2 -1 9 11 -4 12 -9 -14
right_child=1 2 10 4 -6 -7 -8 8 -10 -11 -12 -13 13 -15
leaf_value=0.016777654145270618 -0.018657701529568228 0.0081489959842706641 -0.004295066601798141 0.0083596597196088467 -0.0030894838389928631 -0.00080141763584606559 -0.0052760718946044099 0.022812051769036348 0.026508033317926651 0.012639885531209559 0.0022968074879358923 0.001345730308033126 -0.03383214577865188 0.016147545964818842
leaf_weight=1531.5641324743629 1056.4254648536444 3746.0963668972254 4668.4925613999367 2430.7155824750662 2867.3926003724337 8764.4116183370352 9777.7995235323906 89.612903982400894 409.85909585654736 687.06052021682262 10199.746667444706 855.90278947353363 399.27786713838577 58.908821791410446
leaf_count=9530 4366 18529 20012 11241 12282 37025 41137 601 2232 3825 46212 3996 1828 278
internal_value=7.18223e-05 -0.000760378 0.00182362 -0.00269229 0.00216911 -0.00400692 -0.00659689 0.00903171 0.00423959 -0.000231168 0.000225523 -0.00657592 -0.0187552 -0.0271986
internal_weight=47543.3 43511.1 18614.3 24896.7 5298.11 19598.6 10834.2 4032.19 2500.62 2090.76 14868.2 1403.7 547.8 458.187
internal_count=213094 190804 84753 106051 23523 82528 45503 22290 12760 10528 66224 6703 2707 2106
is_linear=0
shrinkage=0.03


Tree=59
num_leaves=15
num_cat=0
split_feature=238 94 238 110 244 35 101 77 103 70 232 190 248 248
split_gain=364.425 175.634 172.265 124.23 107.52 102.888 100.186 97.283 91.084 82.6704 83.6574 91.4463 82.2188 75.4084
threshold=-0.12737776339054105 46.500000000000007 -0.23278931528329846 21.500000000000004 0.10799458995461465 73.500000000000014 2.5000000000000004 42.500000000000007 17.500000000000004 7.5000000000000009 87.500000000000014 91.500000000000014 0.31818181276321417 0.95454546809196483
decision_type=10 8 10 8 2 10 8 10 10 8 10 10 2 2
left_child=2 6 5 7 8 -1 -2 13 -3 -8 11 -11 -10 -4
right_child=1 4 3 -5 -6 -7 9 -9 12 10 -12 -13 -14 -15
leaf_value=0.013797049548198654 -0.010457360542071189 -0.014766305151613181 -0.00090015363802367556 0.0065795208190273981 0.022686888046733387 -0.0092779938377685802 0.0017941811708691571 0.0061741051973015614 -0.0006755415688519137 -0.0047310395132790098 0.0016750893073821675 0.0055907346540059084 0.0054436619164793653 -0.034613554407619866
leaf_weight=1924.3250565901399 1565.738463267684 295.01921103894711 6916.993190780282 4559.7365027368069 207.74634125828743 184.20780328661203 3242.5551073104143 2088.7693739235401 4626.9362906366587 15053.955940634012 2520.1654602736235 806.10039760172367 3436.9194905459881 50.243309214711189
leaf_count=11839 6461 1416 31472 21866 1053 1030 13691 9692 20363 63859 10790 3581 15682 221
internal_value=5.36523e-05 -0.00179575 0.00378729 0.00254695 0.0018734 0.0117469 -0.00315148 0.000511518 0.00132962 -0.00261786 -0.00339677 -0.00420323 0.00193605 -0.00119253
internal_weight=47479.4 31755.1 15724.3 13615.7 8566.62 2108.53 23188.5 9056.01 8358.87 21622.8 18380.2 15860.1 8063.86 6967.24
internal_count=213016 136896 76120 63251 38514 12869 98382 41385 37461 91921 78230 67440 36045 31693
is_linear=0
shrinkage=0.03


Tree=60
num_leaves=15
num_cat=0
split_feature=126 242 76 242 224 63 230 119 130 108 24 248 228 248
split_gain=295.67 277.516 179.296 145.391 127.286 129.664 131.669 122.031 130.586 117.335 121.92 110.58 105.717 102.421
threshold=52.500000000000007 0.024282312951982025 86.500000000000014 0.044254658743739135 82.500000000000014 77.500000000000014 3.5000000000000004 98.500000000000014 11.500000000000002 78.500000000000014 3.5000000000000004 0.33838383853435522 93.500000000000014 0.82323232293128978
decision_type=8 8 10 8 10 10 8 10 10 8 8 2 10 2
left_child=-1 4 3 9 5 6 13 8 -8 -3 -11 -6 -13 -2
right_child=1 2 -4 -5 11 -7 7 -9 -10 10 -12 12 -14 -15
leaf_value=-0.0026060963377944747 -0.00051825491750944603 0.0030326754508837434 0.012147967079203507 0.011397846003791642 -0.0010857045368712144 0.0025247485169216026 -0.012820524329622709 0.0058365505387790919 -0.0035330216877536981 -0.036952836956880793 -0.0041362324509539722 0.019272815991536452 -0.0044962914115124928 0.017961375489818229
leaf_weight=21770.092918902636 1224.8362630531192 6974.9142776057124 2741.5154439136386 1692.8184266015887 876.7750118970871 3816.7109927013516 2440.2651737630367 670.9314089268446 3093.7338712364435 107.95562195777893 775.53502842783928 708.41243952512741 215.64559604227543 336.0350783392787
leaf_count=92695 5729 32927 14141 9164 3829 17110 10460 3096 13079 545 3717 3467 1135 1787
internal_value=-3.48087e-05 0.00214549 0.00539789 0.00344971 -0.000843678 -0.00199855 -0.00422203 -0.00617947 -0.00764416 0.00172526 -0.00851486 0.00655416 0.0137371 0.00354918
internal_weight=47446.2 25676.1 12292.7 9551.22 13383.3 11582.5 7765.8 6204.93 5534 7858.4 883.491 1800.83 924.058 1560.87
internal_count=212881 120186 60494 46353 59692 51261 34151 26635 23539 37189 4262 8431 4602 7516
is_linear=0
shrinkage=0.03


Tree=61
num_leaves=15
num_cat=0
split_feature=238 226 242 226 98 140 248 248 248 226 222 224 126 224
split_gain=338.127 208.245 175.174 182.562 153.569 139.221 138.525 131.43 117.493 113.772 133.27 113.724 109.747 104.37
threshold=-0.11835134774446486 2.5000000000000004 0.031934151425957687 43.500000000000007 35.500000000000007 30.500000000000004 0.82323232293128978 0.84343436360359203 0.27777777612209326 8.5000000000000018 59.500000000000007 1.5000000000000002 57.500000000000007 30.500000000000004
decision_type=10 10 8 10 10 10 2 2 2 8 8 8 10 10
left_child=1 7 3 12 5 9 -5 -1 -7 13 11 -11 -3 -2
right_child=4 2 -4 6 -6 8 -8 -9 -10 10 -12 -13 -14 -15
leaf_value=0.0075923769011455762 0.0051684464736615329 -0.0089687136509266473 0.0066031273333673037 0.0021905664200838333 0.0010020159049499936 -0.0064459834788885865 0.018474436092068142 0.025466432461436275 0.00033749403311948077 -0.034638219910545255 0.0028143652998571661 -0.0093803127151919248 -0.00069520653871641921 -0.013891413490414062
leaf_weight=2963.6324163451791 1126.3924801945686 2312.9858003407717 4465.9570634067059 3882.873966127634 9837.3789972811937 3153.5161380171776 525.60480572283268 416.86974927037954 8396.0577530562878 157.17574979364872 813.55480797588825 5279.3686759918928 3813.9241345077753 324.76650288701057
leaf_count=15823 4824 9869 22269 16983 43227 13367 2534 2537 36503 643 3611 21665 17845 1384
internal_value=-3.41296e-05 0.00314993 0.00163112 -0.00048078 -0.00204664 -0.00360425 0.00416944 0.00986514 -0.00151865 -0.00672599 -0.00848051 -0.0101728 -0.00382808 0.000837009
internal_weight=47470.1 18381.8 15001.3 10535.4 29088.2 19250.8 4408.48 3380.5 11549.6 7701.26 6250.1 5436.54 6126.91 1451.16
internal_count=213084 87860 69500 47231 125224 81997 19517 18360 49870 32127 25919 22308 27714 6208
is_linear=0
shrinkage=0.03


Tree=62
num_leaves=15
num_cat=0
split_feature=245 224 226 226 209 245 137 245 140 24 237 106 70 178
split_gain=358.708 189.514 205.272 209.388 181.56 150.498 142.253 131.391 183.369 194.103 121.92 120.853 95.5428 114.286
threshold=-0.099373251199722276 1.5000000000000002 54.500000000000007 12.500000000000002 48.500000000000007 -0.1009191870689392 23.500000000000004 -0.045178743079304688 27.500000000000004 8.5000000000000018 0.12964868545532229 42.500000000000007 8.5000000000000018 8.5000000000000018
decision_type=2 10 8 10 10 2 10 2 8 10 2 10 10 8
left_child=1 -1 3 -3 7 6 -5 8 9 11 -9 -2 -10 -14
right_child=4 2 -4 5 -6 -7 -8 10 12 -11 -12 -13 13 -15
leaf_value=0.017188095627539819 0.00052369705479712099 0.0093354295377157184 0.016371426112139677 -0.014532909374610003 -0.0059212343869905759 0.021313529266558062 0.0014968262991419444 -0.0036718380588523338 0.0099734060235385606 -0.0053237783907433191 0.0067178600894679981 0.013760068128407504 -0.00605198385084698 0.0033843909931647233
leaf_weight=1251.6452839821577 2796.0856563001871 1525.1208382993937 957.15258033573627 1114.9659122526646 5844.3545797020197 168.69950890541077 891.31043587625027 11198.229454487562 1692.3034768849611 6093.6519915312529 1108.7343003302813 788.30532085895538 1284.0797859281301 10801.949762091041
leaf_count=7935 12156 8439 5008 5110 24858 741 4412 48363 7846 25443 5267 3637 5958 48207
internal_value=-4.09853e-05 0.00686932 0.00406524 0.000846287 -0.00102376 -0.00512189 -0.00743942 -0.000221999 0.00109508 -0.00206855 -0.00273114 0.00346492 0.00331714 0.00237765
internal_weight=47516.6 5908.89 4657.25 3700.1 41607.7 2174.98 2006.28 35763.3 23456.4 9678.04 12307 3584.39 13778.3 12086
internal_count=213380 31645 23710 18702 181735 10263 9522 156877 103247 41236 53630 15793 62011 54165
is_linear=0
shrinkage=0.03


Tree=63
num_leaves=15
num_cat=0
split_feature=236 60 106 120 228 165 106 231 228 224 248 134 224 140
split_gain=301.049 200.892 168.417 123.56 157.758 116.514 108.035 104.495 384.807 258.369 133.709 116.505 117.527 98.0085
threshold=-0.093544881790876375 64.500000000000014 36.500000000000007 52.500000000000007 29.500000000000004 15.500000000000002 10.500000000000002 88.500000000000014 11.500000000000002 34.500000000000007 0.26767677068710333 76.500000000000014 7.5000000000000009 86.500000000000014
decision_type=2 8 8 10 10 8 10 10 10 10 2 10 10 10
left_child=1 -1 3 4 6 -4 -2 9 11 10 -5 12 -9 -14
right_child=2 -3 5 7 -6 -7 -8 8 -10 -11 -12 -13 13 -15
leaf_value=0.00098379481391167056 -0.014924316590196173 0.008676809343615385 -0.0062451669579073905 -0.0064124090344838966 -0.0018560524163331654 0.0027546986827074317 -0.0057642508013071529 -0.03147406869116836 0.0058671182915684709 -0.0042394510216806095 0.0076110763377662625 0.0038536582664461536 -0.00027525285294087464 -0.043760192302245531
leaf_weight=7754.9641741886735 1777.4053324013948 5033.9746473357081 1476.2689084410667 710.4027663320303 6237.2719079554081 10050.22652246058 3363.2764187008142 587.23925350606441 1079.8986148536205 4870.5611855238676 4123.0075022131205 159.75878813862801 256.36652639508247 47.058323934674263
leaf_count=37033 7272 26364 6577 3027 26293 44821 13902 2487 4915 21067 17755 738 1094 196
internal_value=8.30368e-05 0.00401633 -0.00136573 -0.00283729 -0.00506812 0.00159762 -0.0089542 -0.000690018 -0.00669011 0.000632719 0.00554096 -0.0195333 -0.0237244 -0.00820038
internal_weight=47527.7 12788.9 34738.7 23212.2 11378 11526.5 5140.68 11834.3 2130.32 9703.97 4833.41 1050.42 890.664 303.425
internal_count=213541 63397 150144 98746 47467 51398 21174 51279 9430 41849 20782 4515 3777 1290
is_linear=0
shrinkage=0.03


Tree=64
num_leaves=15
num_cat=0
split_feature=245 229 238 108 249 224 231 231 229 231 230 231 231 230
split_gain=306.946 234.996 219.624 202.295 196.442 186.958 318.255 169.244 184.752 163.484 174.243 149.089 246.104 142.117
threshold=-0.075403515249490724 45.500000000000007 -0.25227347016334528 12.500000000000002 0.085858587175607695 31.500000000000004 81.500000000000014 55.500000000000007 26.500000000000004 92.500000000000014 50.500000000000007 21.500000000000004 10.500000000000002 81.500000000000014
decision_type=2 8 10 10 2 8 10 10 8 10 10 10 10 10
left_child=1 2 -1 -4 5 6 7 11 -9 10 -5 12 -2 -7
right_child=4 -3 3 9 -6 13 -8 8 -10 -11 -12 -13 -14 -15
leaf_value=0.016053173785424053 -0.0044545889916581495 0.012145471149812872 -0.0027227394730665981 0.01076913271655045 0.00059834562027775312 -0.0086470095506784219 -0.016631371489559253 0.018791500581220092 -0.007781462419474707 -0.0052545780736302722 -0.011574977858133124 -0.0049195592342171305 0.020248795152956956 0.00018091655415782362
leaf_weight=908.55499806255102 753.06892608106136 2469.1090233549476 6250.6174300834537 3197.5653965771198 18051.453827217221 7252.1481021046638 854.30013392865658 972.87341348826885 303.454569876194 971.3817472755909 340.01516808569431 2283.0884898304939 685.41714492440224 2119.9355443865061
leaf_count=6217 3138 12404 28870 15035 80425 30246 3597 4169 1300 4747 1488 9514 2865 9106
internal_value=5.47813e-05 0.0037565 0.00197242 0.000769622 -0.00151856 -0.00402732 0.00018035 0.00308148 0.0124622 0.00560627 0.00859495 -0.000160464 0.00737473 -0.0066521
internal_weight=47413 14137.2 11668.1 10759.6 33275.7 15224.3 5852.2 4997.9 1276.33 4508.96 3537.58 3721.57 1438.49 9372.08
internal_count=213121 68761 56357 50140 144360 63935 24583 20986 5469 21270 16523 15517 6003 39352
is_linear=0
shrinkage=0.03


Tree=65
num_leaves=15
num_cat=0
split_feature=238 190 226 226 106 243 145 224 242 27 238 70 243 224
split_gain=281.094 180.625 164.151 168.68 202.253 179.449 152.899 188.16 148.086 129.385 120.263 113.664 108.092 115.069
threshold=-0.20435540378093717 90.500000000000014 12.500000000000002 81.500000000000014 24.500000000000004 -0.086909119039773927 65.500000000000014 32.500000000000007 0.029442618601024154 60.500000000000007 -0.093544624745845781 16.500000000000004 -0.038805728778243058 4.5000000000000009
decision_type=10 8 8 10 10 2 10 10 8 10 10 10 2 10
left_child=-1 2 6 4 5 8 7 -2 -4 10 -9 -5 13 -6
right_child=1 -3 3 11 12 -7 -8 9 -10 -11 -12 -13 -14 -15
leaf_value=0.0081897958157632154 0.012325076945008385 0.0067380921117389803 -0.039576744557074744 0.011355265128039315 -0.015949983720048543 -0.0049646126470124811 -0.00080682791595115236 0.0042377034736346816 -0.0021566102738356297 0.02149659672490015 -0.015627802270786285 0.00043748377105905207 -0.0018580717063442801 0.0069073779931816317
leaf_weight=3489.4425925537944 2313.8135107904673 2782.4989612549543 239.21703778207302 992.90791046619415 205.98606495559216 14438.275657638907 5128.075161665678 528.79291415214539 155.9465421885252 169.99113292992115 552.3527569770813 5954.9834332466125 7932.9521053284407 2475.2555439770222
leaf_count=20380 10271 13013 998 4321 956 61281 23776 2387 842 753 2348 26620 34030 10977
internal_value=7.28984e-06 -0.000645253 -0.00114677 -0.00212897 -0.00325985 -0.00552104 0.00251174 0.00727431 -0.025227 -0.0020901 -0.00596171 0.0020118 -9.76026e-05 0.00509862
internal_weight=47360.5 43871 41088.5 32395.5 25447.6 14833.4 8693.03 3564.95 395.164 1251.14 1081.15 6947.89 10614.2 2681.24
internal_count=212953 192573 179560 140025 109084 63121 39535 15759 1840 5488 4735 30941 45963 11933
is_linear=0
shrinkage=0.03


Tree=66
num_leaves=15
num_cat=0
split_feature=66 230 231 231 224 144 141 230 224 231 212 59 68 230
split_gain=240.127 136.75 263.279 162.706 231.966 192.144 148.32 144.401 174.525 136.777 135.785 130.369 119.553 212.366
threshold=76.500000000000014 3.5000000000000004 92.500000000000014 70.500000000000014 7.5000000000000009 20.500000000000004 40.500000000000007 17.500000000000004 1.0000000180025095e-35 51.500000000000007 27.500000000000004 23.500000000000004 76.500000000000014 47.500000000000007
decision_type=8 10 10 10 10 10 10 10 10 10 10 10 10 10
left_child=1 2 -1 5 7 9 -6 -5 -9 -3 -7 -4 13 -8
right_child=-2 3 11 4 6 10 12 8 -10 -11 -12 -13 -14 -15
leaf_value=0.0077181656899262836 0.0031913481037592352 0.0068084188791598865 0.0017527599949169869 0.0012671401943566989 -0.0065509828519402756 -0.0036420023178640867 0.0019586001520652263 0.0094501110047555594 -0.03128822296089763 -0.007790321852112341 -0.010673824979753395 -0.018755287198507678 -0.0035528916590598907 0.014819253683583437
leaf_weight=3276.1429467052221 14010.994835197926 2360.4613729119301 522.6981141269207 394.22888350486755 1144.4835089445114 15005.225671470165 2793.2973233908415 116.08018983900547 422.8638783544302 754.5488308519125 2955.1397559940815 584.47956385463476 1126.0839860439301 1965.3305244147778
leaf_count=15499 66812 10045 2869 1923 4899 64261 12305 560 1808 3300 12274 2827 5063 8921
internal_value=-0.000104015 -0.00148606 0.00344775 -0.00223176 0.00142043 -0.0036116 0.00329073 -0.0125532 -0.0225015 0.00325855 -0.00480429 -0.00914442 0.00521265 0.00729003
internal_weight=47432.1 33421.1 4383.32 29037.7 7962.37 21075.4 7029.2 933.173 538.944 3115.01 17960.4 1107.18 5884.71 4758.63
internal_count=213366 146554 21195 125359 35479 89880 31188 4291 2368 13345 76535 5696 26289 21226
is_linear=0
shrinkage=0.03


Tree=67
num_leaves=15
num_cat=0
split_feature=238 237 226 242 215 226 243 117 120 224 195 226 52 24
split_gain=300.913 144.715 130.844 125.962 117.498 98.113 86.0839 104.908 82.2731 151.918 106.123 94.7835 90.6202 89.2401
threshold=-0.14556067436933515 0.20327147841453555 1.5000000000000002 0.03244463354349137 46.500000000000007 70.500000000000014 -0.076761040836572633 97.500000000000014 95.500000000000014 16.500000000000004 35.500000000000007 12.500000000000002 15.500000000000002 21.500000000000004
decision_type=10 2 10 8 10 10 2 10 10 10 10 8 10 10
left_child=2 4 6 5 8 -4 -1 -8 10 -10 11 -2 -13 -14
right_child=1 -3 3 -5 -6 -7 7 -9 9 -11 -12 12 13 -15
leaf_value=0.019491664029572298 0.0024327309243558507 0.011986737500249037 -0.0012445216219464418 0.0078782757108200492 -0.00553074648087483 0.0095914199007845133 0.010736109894875508 -0.010705813028499848 -0.0040657783532909789 0.010230025662070973 0.0010901396893773813 -0.0080819542172540105 0.0036595133255289064 -0.0036176760104459321
leaf_weight=725.5267618149519 2653.9687553495169 714.30427528917789 5161.5096349269152 2961.9774425625801 5633.5427580475807 870.01108509302139 1024.8289782628417 247.6345143020153 1157.0686060637236 1562.3029455840588 10317.129288911819 3305.6610349416733 1807.4105645269156 9193.8786958456039
leaf_count=4887 11690 3539 24170 15601 23850 4147 5439 1335 5196 7227 44700 14134 7841 39152
internal_value=2.55909e-05 -0.00128992 0.00437278 0.00282319 -0.00155937 0.000331787 0.0112991 0.00651235 -0.000811947 0.00415468 -0.00130842 -0.00276721 -0.00373284 -0.00241986
internal_weight=47336.8 36345.3 10991.5 8993.5 35631 6031.52 1997.99 1272.46 29997.4 2719.37 27278 16960.9 14307 11001.3
internal_count=212908 157329 55579 43918 153790 28317 11661 6774 129940 12423 117517 72817 61127 46993
is_linear=0
shrinkage=0.03


Tree=68
num_leaves=15
num_cat=0
split_feature=136 190 233 248 226 53 243 248 226 147 226 189 117 243
split_gain=237.947 167.836 136.817 128.946 190.775 130.879 118.772 143.493 118.715 114.581 112.25 111.743 101.64 145.492
threshold=3.5000000000000004 73.500000000000014 68.500000000000014 0.71212121844291698 84.500000000000014 7.5000000000000009 -0.011441978625953196 0.56060606241226207 6.5000000000000009 21.500000000000004 44.500000000000007 64.500000000000014 88.500000000000014 -0.086909119039773927
decision_type=10 10 8 2 10 10 2 2 8 10 10 8 10 2
left_child=8 2 3 6 5 -5 -2 -8 9 -1 11 -10 -11 -14
right_child=1 -3 -4 4 -6 -7 7 -9 10 12 -12 -13 13 -15
leaf_value=0.019400825581313692 -0.00066089667132804698 0.0042673913776327182 0.00094806790792948824 -0.015879054140766014 0.014319411944066314 -0.0048615641195961278 -0.0050580106262344141 -0.028285222801904659 -0.0048037311690513835 0.015563764992219085 0.011298974268696711 0.0066265479466154952 0.021154059053021538 -0.0052855787639776121
leaf_weight=837.35022827982903 14849.35033030808 5092.3539585471153 12652.192216664553 1636.5361533910036 322.47837996482849 2396.2350522205234 3304.3752892613411 248.99168309569359 2025.3828992173076 609.22340349853039 927.33544540405273 1227.9568901285529 228.09561627358198 868.29961840808392
leaf_count=4722 64925 22885 55710 7145 1592 10333 14284 1051 9624 2947 4455 6659 1670 4537
internal_value=4.81296e-05 -0.000819858 -0.00155246 -0.00294242 -0.00757863 -0.00936078 -0.00184168 -0.0067604 0.00527025 0.0103688 0.00215165 -0.000482344 0.00584735 0.000356443
internal_weight=47226.2 40502.5 35410.2 22758 4355.25 4032.77 18402.7 3553.37 6723.64 2542.97 4180.68 3253.34 1705.62 1096.4
internal_count=212539 177925 155040 99330 19070 17478 80260 15335 34614 13876 20738 16283 9154 6207
is_linear=0
shrinkage=0.03


Tree=69
num_leaves=15
num_cat=0
split_feature=236 98 60 140 107 231 229 244 144 248 63 62 144 231
split_gain=254.145 142.459 130.246 111.518 107.483 152.299 126.57 145.011 132.597 106.44 154.804 108.36 98.5314 96.8018
threshold=-0.097103882580995546 42.500000000000007 64.500000000000014 30.500000000000004 32.500000000000007 92.500000000000014 5.5000000000000009 0.0019746321486309175 82.500000000000014 0.27777777612209326 73.500000000000014 97.500000000000014 9.5000000000000018 88.500000000000014
decision_type=2 8 8 10 8 10 8 2 10 2 10 10 10 10
left_child=2 3 -1 4 5 6 8 -8 -2 -5 11 -11 -9 -3
right_child=1 13 -4 9 -6 -7 7 12 -10 10 -12 -13 -14 -15
leaf_value=0.0014082150617202431 0.010435911889264526 0.003545676588506034 0.0079640424461388023 -0.0045176685837997844 -0.0090855556712946713 -0.017792285116703874 -0.024997537352889104 0.011145610953102491 -0.01055606306166054 -3.4610966583208915e-05 0.0065717886212542558 -0.011456810570669941 -0.0036781654540315634 -0.0035578980494217938
leaf_weight=6902.4772749096155 1254.9095852971077 7616.232208378613 4505.067237496376 4371.3255241811275 3307.9919206053019 545.83427231013775 260.97932440042496 428.54474167525768 335.88867223262787 6481.651548370719 3173.4728125780821 834.95649932324886 5092.7700526565313 2223.0246012210846
leaf_count=33406 5470 34066 24147 18641 13704 2321 1068 1849 1446 27819 14182 3720 21114 10223
internal_value=0.000102848 -0.00113594 0.00400195 -0.00229587 -0.00455115 -0.00264791 -0.00150419 -0.00356591 0.00596531 -0.000590224 0.00104913 -0.00135195 -0.00250953 0.00193875
internal_weight=47335.1 35927.6 11407.5 26088.3 11226.9 7918.93 7373.09 5782.29 1590.8 14861.4 10490.1 7316.61 5521.31 9839.26
internal_count=213176 155623 57553 111334 46972 33268 30947 24031 6916 64362 45721 31539 22963 44289
is_linear=0
shrinkage=0.03


Tree=70
num_leaves=15
num_cat=0
split_feature=245 242 229 231 228 249 229 243 245 231 243 237 245 228
split_gain=313.391 162.282 168.989 233.39 281.678 208.468 175.801 175.03 170.905 159.852 146.464 139.68 134.875 129.372
threshold=-0.096067629754543291 0.024452131241559986 68.500000000000014 91.500000000000014 6.5000000000000009 0.84343436360359203 5.5000000000000009 -0.048461301252245896 -0.046983137726783746 96.500000000000014 -0.032598815858364098 0.027447647415101532 -0.20480131357908246 34.500000000000007
decision_type=2 8 10 8 8 2 8 2 2 10 2 2 2 8
left_child=12 2 3 6 5 10 7 -2 -4 -6 -5 -3 -1 -14
right_child=1 11 8 4 9 -7 -8 -9 -10 -11 -12 -13 13 -15
leaf_value=0.024357300868235329 -0.0085624288561694829 -0.0018033409538712154 0.0084153253319889931 -0.036512328880297019 -0.012975031295310477 0.014513434219216657 -0.0040946803044287876 0.010483318495106291 -0.0027895452017584733 0.010726781809616368 0.007095964623495701 0.0034456594483483322 0.0036278918826629951 0.017637322630185966
leaf_weight=337.13979367166758 594.6281673014164 8058.6135060042143 2219.4000998735428 667.73491114377975 633.25417742133141 91.629703849554062 13257.790294602513 1540.5527322888374 2711.7147309035063 416.10729658603668 73.91964989900589 10493.434246778488 5611.7550576850772 654.91100268810987
leaf_count=2656 2574 35058 10290 2808 2672 418 55047 6596 11584 1789 314 48949 28773 3782
internal_value=7.7833e-05 -0.000904874 -0.00263456 -0.00403226 -0.0139755 -0.0268891 -0.00280787 0.00516406 0.00226038 -0.00356392 -0.0321294 0.00116586 0.00613531 0.00511774
internal_weight=47362.6 40758.8 22206.7 17275.6 1882.65 833.284 15393 2135.18 4931.11 1049.36 741.655 18552 6603.81 6266.67
internal_count=213310 178099 94092 72218 8001 3540 64217 9170 21874 4461 3122 84007 35211 32555
is_linear=0
shrinkage=0.03


Tree=71
num_leaves=15
num_cat=0
split_feature=245 248 245 120 248 224 120 224 229 224 224 222 249 246
split_gain=279.892 209.334 298.921 188.78 173.672 173.302 184.698 168.936 164.864 222.995 163.083 157.88 188.109 155.853
threshold=-0.099373251199722276 0.7929292917251588 -0.075403515249490724 15.500000000000002 0.58080807328224193 8.5000000000000018 77.500000000000014 1.5000000000000002 41.500000000000007 63.500000000000007 66.500000000000014 6.5000000000000009 0.17676767706871035 0.037100639194250114
decision_type=2 2 2 10 2 10 8 8 10 10 10 10 2 2
left_child=7 2 4 -3 -2 -6 11 -1 -5 -10 -9 -7 -13 -4
right_child=1 3 13 8 5 6 -8 10 9 -11 -12 12 -14 -15
leaf_value=0.016604567225278005 0.014814547636538541 -0.032872028046106117 -0.0026866954474872372 -0.008769623817001174 -0.010015473990933891 -0.016125802526314945 0.017141020557275777 0.001878170122480718 0.027756468280510913 -0.011774530606795746 0.021253276353706628 0.009731755230012816 -0.019291173592768281 0.0017575659077789241
leaf_weight=1110.1117422878742 1561.7477250248194 242.77793431282043 22465.211555033922 2782.7492714971304 738.83050291240215 383.05106242001057 923.2221545279026 4319.9200165048242 271.21190050244331 228.43874332308769 420.22194063663483 1274.0005913078785 228.73829284310341 10373.88800098002
leaf_count=7210 7532 1012 95373 12038 3370 1597 4428 22266 1187 1092 2384 5506 1030 47255
internal_value=-1.53907e-05 -0.000882353 -0.000231849 -0.00786459 0.00651087 0.00282426 0.00622493 0.00612174 -0.00592073 0.00980661 0.00363693 0.000818537 0.00521573 -0.00128264
internal_weight=47324.1 41473.9 37948.7 3525.18 5109.59 3547.84 2809.01 5850.25 3282.4 499.651 4740.14 1885.79 1502.74 32839.1
internal_count=213280 181420 166091 15329 23463 15931 12561 31860 14317 2279 24650 8133 6536 142628
is_linear=0
shrinkage=0.03


Tree=72
num_leaves=15
num_cat=0
split_feature=245 248 231 231 244 249 245 248 147 245 59 229 249 229
split_gain=270.92 406.554 269.467 400.628 304.163 321.669 230.14 187.481 192.782 233.819 178.448 171.516 176.787 159.877
threshold=-0.075403515249490724 0.58080807328224193 67.500000000000014 92.500000000000014 0.0029686595080420379 0.91414141654968273 -0.091523844748735414 0.7525252401828767 40.500000000000007 -0.20480131357908246 13.500000000000002 2.5000000000000004 0.10606060549616815 58.500000000000007
decision_type=2 2 10 10 2 2 2 2 8 2 8 10 2 10
left_child=1 -1 4 13 11 10 7 8 9 -5 -6 -3 -13 -4
right_child=-2 2 3 6 5 -7 -8 -9 -10 -11 -12 12 -14 -15
leaf_value=0.014320754159023334 -0.0016302155828085915 0.025108187516371797 0.010686403762258111 0.019212054881015243 0.013579308685555628 -0.043213597917447784 -0.016980874286364144 0.011208475867738243 0.0093052473005447844 -0.02800340056399029 -0.0020573931317067196 -0.031111096151305546 0.014434713773730947 0.033317031917158638
leaf_weight=2485.0554460883141 33288.879186585546 57.889605060219765 2698.7734950631857 111.66285612434149 770.13595096766949 146.94663465768099 735.62910012900829 1048.8014581054449 373.06328977644444 442.30798295885324 4146.5310711711645 605.40913327038288 81.697674587368965 307.63234408199787
leaf_count=13118 144497 264 13270 896 3722 644 3353 5908 2296 2280 18409 2595 391 1587
internal_value=-0.000157255 0.0033409 0.000963334 0.00558174 -0.0035847 -0.000934273 -0.00277724 0.00256984 -0.00721881 -0.0183144 0.000414497 -0.0213482 -0.0255663 0.0131049
internal_weight=47300.4 14011.5 11526.5 5717.87 5808.61 5063.61 2711.46 1975.84 927.034 553.971 4916.67 744.996 687.107 3006.41
internal_count=213230 68733 55615 29590 26025 22775 14733 11380 5472 3176 22131 3250 2986 14857
is_linear=0
shrinkage=0.03


Tree=73
num_leaves=15
num_cat=0
split_feature=245 101 233 76 232 120 248 245 245 222 231 243 231 118
split_gain=266.987 166.974 178.703 165.325 122.275 125.315 144.158 121.51 121.267 139.341 211.445 131.771 126.371 176.463
threshold=-0.11046205461025237 3.5000000000000004 54.500000000000007 86.500000000000014 86.500000000000014 97.500000000000014 0.7222222387790681 -0.075403515249490724 -0.20480131357908246 15.500000000000002 22.500000000000004 -0.083659082651138292 52.500000000000007 52.500000000000007
decision_type=2 8 10 8 10 10 2 2 2 10 8 2 8 8
left_child=8 2 -2 4 5 6 7 -3 -1 10 -10 -11 -12 -14
right_child=1 3 -4 -5 -6 -7 -8 -9 9 11 12 -13 13 -15
leaf_value=0.024548667921980183 -0.013142311444368039 0.0047767259280841389 -1.102751425125048e-05 0.004268766426794102 0.0036096757228567095 0.0044298989797135931 -0.0077957123087359758 -0.0021838615841450479 -0.029069850678061008 -0.0059657183337897424 0.017223397476571478 0.02424514438600181 -0.022290903943310226 0.0046284828029874783
leaf_weight=335.5223066136241 1884.1315668597817 2543.6203773021698 1837.7055076807737 6662.5162892118096 4626.6828749105334 2751.043764770031 3667.0805325210094 19461.070198535919 165.21466626226902 163.25810797512531 580.0256764665246 567.03252512961626 237.91029638797045 1882.3463802188635
leaf_count=2738 7981 11741 7927 31250 20390 12929 15694 83165 790 945 2888 3341 1089 10785
internal_value=6.94091e-05 -0.000608873 -0.00667597 -3.87231e-05 -0.000908107 -0.00164453 -0.00229695 -0.00137745 0.00754573 0.00589551 0.00288692 0.0175021 0.00494221 0.00151745
internal_weight=47365.2 43433.9 3721.84 39712 33049.5 28422.8 25671.8 22004.7 3931.31 3595.79 2865.5 730.291 2700.28 2120.26
internal_count=213653 191077 15908 175169 143919 123529 110600 94906 22576 19838 15552 4286 14762 11874
is_linear=0
shrinkage=0.03


Tree=74
num_leaves=15
num_cat=0
split_feature=245 248 231 231 230 222 249 231 246 248 222 245 248 228
split_gain=239.113 392.674 215.574 436.706 314.927 226.348 206.901 202.991 195.226 186.816 235.71 183.436 208.264 211.422
threshold=-0.075403515249490724 0.58080807328224193 67.500000000000014 92.500000000000014 3.5000000000000004 4.5000000000000009 0.91414141654968273 57.500000000000007 0.085382297635078444 0.60101011395454418 15.500000000000002 -0.091523844748735414 0.82323232293128978 11.500000000000002
decision_type=2 2 10 10 10 10 2 10 2 2 10 2 2 8
left_child=1 -1 4 -4 5 -3 7 8 9 -6 -11 12 13 -5
right_child=-2 2 3 11 6 -7 -8 -9 -10 10 -12 -13 -14 -15
leaf_value=0.01419686441344923 -0.0012456072462076367 -0.00063585638401944685 0.013141492629345363 -0.014251838833542587 0.017498749788922081 0.027139023772757627 -0.041949029433479321 -0.018095543296847816 0.028358824746914778 -0.012986609714726217 0.0033531770878354283 -0.016181885898109621 0.012581844270574169 0.016874492475220118
leaf_weight=2493.3933876678348 33290.607047125697 592.36758621037006 2969.3854129984975 853.96638300269842 330.72579206526279 465.82311949878931 132.3709772080183 875.89660906046629 170.27721776068211 1812.2138522788882 1402.9540223926306 737.16748026013374 830.04756175726652 245.07151357829571
leaf_count=13255 144494 2854 14786 4963 1619 2207 566 3899 849 7864 6076 3352 4783 1422
internal_value=0.000134706 0.00343632 0.00107618 0.00524714 -0.00299079 0.0117304 -0.0063059 -0.00518953 -0.0021072 -0.00364584 -0.00586838 -0.003561 0.00132044 -0.00722149
internal_weight=47202.3 13911.7 11418.3 5635.64 5782.63 1058.19 4724.44 4592.07 3716.17 3545.89 3215.17 2666.25 1929.09 1099.04
internal_count=212989 68495 55240 29306 25934 5061 20873 20307 16408 15559 13940 14520 11168 6385
is_linear=0
shrinkage=0.03


Tree=75
num_leaves=15
num_cat=0
split_feature=60 242 230 244 226 118 248 229 230 66 229 230 231 229
split_gain=228.855 143.984 143.592 177.006 130.611 181.478 240.557 126.596 123.243 122.349 181.71 108.481 234.38 154.82
threshold=69.500000000000014 0.0281442403793335 12.500000000000002 0.046097356826066978 66.500000000000014 70.500000000000014 0.58080807328224193 84.500000000000014 52.500000000000007 41.500000000000007 68.500000000000014 81.500000000000014 91.500000000000014 11.500000000000002
decision_type=8 8 8 2 10 10 2 10 10 10 8 10 10 8
left_child=1 4 -2 11 7 -6 -7 -1 -8 10 -3 12 -4 -14
right_child=2 9 3 -5 5 6 8 -9 -10 -11 -12 -13 13 -15
leaf_value=-0.0039620219112184753 0.00745624592113693 0.0012120264635375523 -0.00078700677876347345 0.010890495247909193 -0.003256620656371118 -7.2387723272916382e-05 -0.0099567609261229772 -0.026492793175987663 0.023384875330987341 0.0051622992810661655 -0.012289299302574006 0.0054929799815060408 -0.042338712257162042 -0.0063092480075206099
leaf_weight=15261.355100087821 4586.7095370814204 4559.5808606445789 6726.6680607572198 1434.3026343137026 3792.8843899667263 1529.1217940598726 108.14142788946629 218.16673366725445 800.38956821709871 4539.6078222244978 1106.5064660012722 2152.2727630585432 196.59186387807131 232.09454952925444
leaf_count=65143 22903 20842 30122 7480 15727 6744 470 923 3961 22160 4864 10044 850 1039
internal_value=7.12728e-06 -0.00143984 0.00301882 0.00111891 -0.00282097 0.000845855 0.00721636 -0.00429647 0.0193511 0.00149807 -0.0014416 -0.000396963 -0.0021738 -0.0234205
internal_weight=47244.4 31915.8 15328.6 10741.9 21710.1 6230.54 2437.65 15479.5 908.531 10205.7 5666.09 9307.63 7155.35 428.686
internal_count=213272 140834 72438 49535 92968 26902 11175 66066 4431 47866 25706 42055 32011 1889
is_linear=0
shrinkage=0.03


Tree=76
num_leaves=15
num_cat=0
split_feature=63 230 231 59 119 248 231 226 226 228 140 248 68 244
split_gain=176.22 232.629 205.51 219.929 175.123 133.891 145.127 280.695 150.9 125.676 181.962 151.82 124.445 123.533
threshold=67.500000000000014 1.5000000000000002 92.500000000000014 9.5000000000000018 51.500000000000007 0.23737373948097232 81.500000000000014 44.500000000000007 26.500000000000004 4.5000000000000009 89.500000000000014 0.83333334326744091 17.500000000000004 0.0016359004657715561
decision_type=8 10 10 10 8 2 10 10 10 8 8 2 8 2
left_child=1 2 -1 -4 -2 -6 -7 8 9 11 -11 -8 -12 -3
right_child=4 13 3 -5 5 6 7 -9 -10 10 12 -13 -14 -15
leaf_value=0.01232162108866508 -0.0021086057827543218 -0.013459326204583608 0.013492678272583932 -0.016793188505573146 -0.0015382723778805726 0.0092295763492012042 -0.017073065452337565 0.017428083481361462 -0.026081454795414783 0.009690526150248931 -0.032262461621405947 0.01170654224701039 0.0044696595982872149 -0.0017221983883551177
leaf_weight=1959.2485181763768 4951.4987699314952 822.20563147962093 344.5427168905735 543.21125652641058 2479.4460613280535 5703.1302607581019 658.65082191675901 747.31822365522385 228.2327454611659 1177.1370224356651 170.75958997011185 211.12414681911469 149.51637396216393 27035.830894976854
leaf_count=9685 21485 3469 2168 2749 11278 27339 3287 3749 1010 5749 846 1299 750 118198
internal_value=0.000105107 -0.00123787 0.0069156 -0.00501969 0.00260702 0.00463302 0.00632439 0.00135503 -0.00332214 -0.00102731 0.00423588 -0.0100336 -0.0154984 -0.00207331
internal_weight=47181.9 30705 2847 887.754 16476.8 11525.3 9045.87 3342.74 2595.42 2367.19 1497.41 869.775 320.276 27858
internal_count=213061 136269 14602 4917 76792 55307 44029 16690 12941 11931 7345 4586 1596 121667
is_linear=0
shrinkage=0.03


Tree=77
num_leaves=15
num_cat=0
split_feature=242 63 226 243 226 230 243 142 119 130 243 8 133 230
split_gain=214.676 160.108 163.744 174.054 157.804 123.513 119.001 119.767 117.779 119.417 116.215 108.283 101.072 100.123
threshold=0.03163577429950238 72.500000000000014 4.5000000000000009 -0.10082716494798659 40.500000000000007 9.5000000000000018 -0.081788215786218629 84.500000000000014 97.500000000000014 8.5000000000000018 -0.094835434108972536 6.5000000000000009 26.500000000000004 1.5000000000000002
decision_type=8 10 8 2 10 8 2 10 10 10 2 10 10 8
left_child=1 2 6 -4 8 -6 -1 11 9 13 -3 -8 -2 -5
right_child=12 10 3 4 5 -7 7 -9 -10 -11 -12 -13 -14 -15
leaf_value=0.019514745227769022 0.007096819948347247 0.023759342497212618 -0.027123645852961908 0.0056628768819648135 0.017676404468283276 -0.0013242062700231584 0.017323228208332101 -0.0068790118921397943 0.0047254956683864969 -0.0048307874003809207 0.0015350889581993105 0.00082464005918132615 0.0011411428356952163 -0.015005062301994889
leaf_weight=395.46753308176994 4581.3944031894207 206.22185276448727 260.5973284393549 229.96202448755503 305.0737579613924 13571.556087426841 562.29376166313887 873.11945091187954 836.64645707607269 6082.9952014535666 10448.771758086979 959.07257818430662 5819.9909621030092 2040.97590893507
leaf_count=2501 24968 1293 1290 1088 1410 57888 2690 4217 3966 25520 46529 4232 26822 8710
internal_value=-3.44179e-05 -0.00111088 -0.00237501 -0.00319671 -0.00291477 -0.000894055 0.00448247 0.00192895 -0.0059615 -0.00703618 0.0019871 0.00699579 0.00376868 -0.0128965
internal_weight=47174.1 36772.8 26117.8 23327.8 23067.2 13876.6 2789.95 2394.49 9190.58 8353.93 10655 1521.37 10401.4 2270.94
internal_count=213124 161334 113512 99872 98582 59298 13640 11139 39284 35318 47822 6922 51790 9798
is_linear=0
shrinkage=0.03


Tree=78
num_leaves=15
num_cat=0
split_feature=245 248 245 243 231 143 231 231 248 245 243 248 249 222
split_gain=245.917 189.328 251.094 227.847 226.465 182.292 177.095 171.621 175.888 258 167.106 157.023 162.263 172.687
threshold=-0.099373251199722276 0.7929292917251588 -0.075403515249490724 -0.038484549149870866 81.500000000000014 69.500000000000014 75.500000000000014 22.500000000000004 0.56060606241226207 -0.10346869006752966 -0.054362094029784196 0.58080807328224193 0.17676767706871035 4.5000000000000009
decision_type=2 2 2 2 8 10 10 8 2 2 2 2 2 10
left_child=7 2 11 4 6 -6 -3 8 -1 -10 -4 -2 13 -13
right_child=1 3 10 -5 5 -7 -8 -9 9 -11 -12 12 -14 -15
leaf_value=0.018755706112243337 0.013979451531652922 0.0021913367588622069 -0.010850661146975004 -0.016032380924650404 -0.029512469244173289 0.0003645330098041061 0.033158765216872055 0.0074744956407372413 -0.032985145295163353 0.018194490791789985 -0.00070467254748797991 -0.0084914403266069874 -0.0080670032417412777 0.010400751526435638
leaf_weight=137.85168457776308 1532.8190440833569 1044.7178672105074 1522.5929397344589 1553.2469379752874 340.51747150719166 385.90883944928646 188.03723199665546 5207.0426635816693 313.99225506186485 114.66018396615982 31321.752840220928 545.15111158788204 947.38742528855801 2034.2781515866518
leaf_count=802 7535 4475 6717 6708 1457 1767 865 29134 1430 514 135904 2375 4389 9154
internal_value=-2.86379e-05 -0.000837648 -0.000219332 -0.00749056 -0.000671549 -0.0138511 0.00714373 0.00576619 -0.00979306 -0.0191924 -0.00117818 0.00599501 0.00249511 0.0063906
internal_weight=47190 41416.4 37904 3512.43 1959.18 726.426 1232.76 5773.55 566.504 428.652 32844.3 5059.64 3526.82 2579.43
internal_count=213226 181346 166074 15272 8564 3224 5340 31880 2746 1944 142621 23453 15918 11529
is_linear=0
shrinkage=0.03


Tree=79
num_leaves=15
num_cat=0
split_feature=238 60 209 68 140 238 38 230 224 226 231 231 222 226
split_gain=197.486 147.619 114.071 115.121 219.502 109.964 126.694 110.715 155.677 107.605 104.621 121.246 96.2563 95.8502
threshold=-0.23278931528329846 69.500000000000014 46.500000000000007 17.500000000000004 90.500000000000014 -0.11427887901663779 10.500000000000002 7.5000000000000009 9.5000000000000018 3.5000000000000004 78.500000000000014 21.500000000000004 77.500000000000014 66.500000000000014
decision_type=10 8 10 10 10 10 10 10 10 10 10 10 10 10
left_child=12 2 3 4 9 6 7 -3 -9 10 11 -2 -1 -11
right_child=1 5 -4 -5 -6 -7 -8 8 -10 13 -12 -13 -14 -15
leaf_value=0.01156822527564785 -0.0091490721712346509 0.0052014738949467286 -0.0058924849542891268 0.00030978639938445237 -0.039170453287860028 -1.8499456162497312e-05 0.0088780627418961755 -0.026506265829182141 0.00026483435217351212 -0.0069666988933073321 -0.0052680135213936368 0.019708863590104996 -0.0093944211584177702 0.0061180466838590426
leaf_weight=1760.6909900829196 169.63026018440723 1300.3004309982061 4682.0434536039829 19780.409879565239 149.03444443643093 8737.9775410741568 3490.5038307607174 281.08418357372284 594.71690812706947 4294.0433121025562 537.57593709230423 500.03401370346546 214.30152962356806 562.87286022305489
leaf_count=11595 755 6893 19867 85935 676 38848 16820 1259 2713 18613 2646 2400 1197 2474
internal_value=-3.18573e-06 -0.000410876 -0.00158714 -0.000809682 -0.00436841 0.00209343 0.00534435 -0.000338462 -0.00852946 -0.00345003 0.00453822 0.0123719 0.00925775 -0.00544084
internal_weight=47055.2 45080.2 30675.6 25993.6 6213.19 14404.6 5666.61 2176.1 875.801 6064.16 1207.24 669.664 1974.99 4856.92
internal_count=212691 199899 133366 113499 27564 66533 27685 10865 3972 26888 5801 3155 12792 21087
is_linear=0
shrinkage=0.03


Tree=80
num_leaves=15
num_cat=0
split_feature=76 242 119 248 231 230 231 229 222 137 243 228 248 231
split_gain=194.649 176.237 110.623 197.124 232.711 400.381 288.321 218.699 201.301 201.022 182.218 231.564 220.699 310.687
threshold=87.500000000000014 0.022329519502818588 97.500000000000014 0.7222222387790681 72.500000000000014 1.5000000000000002 81.500000000000014 20.500000000000004 93.500000000000014 63.500000000000007 -0.051749901846051209 22.500000000000004 0.88383838534355175 52.500000000000007
decision_type=8 8 10 2 10 8 10 10 10 8 2 10 2 8
left_child=2 -2 3 -1 5 -5 -6 -8 -9 10 12 -12 -7 -14
right_child=1 -3 -4 4 6 9 7 8 -10 -11 11 -13 13 -15
leaf_value=-0.00030813302539763526 -0.00026835203600712542 0.0084538495480500197 0.004143411950754676 0.016340347631518381 0.020926515510771678 0.014066766073766857 -0.013199898332811415 0.015959174352249195 -0.033398599867645089 0.0049902902488573797 -0.025567128053622636 -0.0070479758105812824 0.033281370294201959 -0.046641590627225608
leaf_weight=28794.283057413995 4063.1163159012794 4270.9769476875663 3616.3571219146252 445.54770469665527 527.29851392656565 346.80280633270741 982.38269272446632 542.16553289443254 76.420938298106194 459.59385485947132 1787.2241976559162 932.93762950599194 52.726263150572777 145.4652214050293
leaf_count=125716 18581 22654 18381 2005 2443 1465 4417 2538 349 2049 7418 3869 223 621
internal_value=5.02608e-05 0.00420629 -0.000845388 -0.00136052 -0.00616348 -0.0102751 0.0019035 -0.00445296 0.00942713 -0.013494 -0.0161031 -0.0192647 -0.000260305 -0.0248018
internal_weight=47043.3 8334.09 38709.2 35092.8 6298.57 4170.3 2128.27 1600.97 618.586 3724.75 3265.16 2720.16 544.994 198.191
internal_count=212729 41235 171494 153113 27397 17650 9747 7304 2887 15645 13596 11287 2309 844
is_linear=0
shrinkage=0.03


Tree=81
num_leaves=15
num_cat=0
split_feature=238 244 140 63 10 231 228 224 231 244 228 228 228 246
split_gain=243.36 129.761 118.64 116.41 115.937 126.46 233.042 198.524 171.805 120.143 145.352 106.097 103.912 92.886
threshold=-0.12466488033533095 0.10799458995461465 30.500000000000004 62.500000000000007 53.500000000000007 89.500000000000014 8.5000000000000018 32.500000000000007 77.500000000000014 0.015198654029518368 3.5000000000000004 34.500000000000007 42.500000000000007 0.025660396553575996
decision_type=10 2 10 8 10 8 8 10 10 2 8 10 10 2
left_child=3 2 4 -1 5 7 -7 9 11 13 -11 -9 -6 -2
right_child=1 -3 -4 -5 12 6 -8 8 -10 10 -12 -13 -14 -15
leaf_value=0.00083302523034366877 0.0029414774481366012 0.020376617802125768 -0.00031653836424086224 0.0060379242541379954 -0.012317596986089958 -0.030180678176182703 -0.0011920568484908585 -0.014119749882306496 0.014123225052867824 -0.014819059291216016 0.015267349445537766 -0.0033618164524199835 3.5467034250424163e-05 -0.010603134261809345
leaf_weight=9663.0511499792337 2172.9336071461439 229.35731959342957 18796.187493734062 6442.1148523241282 2320.2716014385223 388.96012289822102 668.94068560004234 1460.6242300271988 337.17700745165348 158.43207390606403 1082.1588896512985 1898.8828955888748 831.4746755361557 565.89689812064171
leaf_count=46368 9143 1195 82156 32888 9516 1643 3064 6117 1458 683 4681 7975 3438 2396
internal_value=-7.16582e-05 -0.00162946 -0.00180055 0.00291746 -0.00414514 -0.00236002 -0.0120332 -0.00101297 -0.00601047 0.00363288 0.0113373 -0.0080671 -0.00906888 0.000114499
internal_weight=47016.5 30911.3 30681.9 16105.2 11885.8 8734.01 1057.9 7676.11 3696.68 3979.42 1240.59 3359.51 3151.75 2738.83
internal_count=212721 133465 132270 79256 50114 37160 4707 32453 15550 16903 5364 14092 12954 11539
is_linear=0
shrinkage=0.03


Tree=82
num_leaves=15
num_cat=0
split_feature=236 66 101 165 106 239 233 226 246 145 249 119 222 75
split_gain=156.061 137.899 132.293 96.9257 95.7688 80.8189 66.3359 62.7416 123.286 132.575 91.4022 69.5237 92.3908 114.233
threshold=-0.092142965644597993 75.500000000000014 2.5000000000000004 17.500000000000004 33.500000000000007 -0.032216971740126603 57.500000000000007 14.500000000000002 0.036536470055580146 82.500000000000014 0.015151515137404205 95.500000000000014 16.500000000000004 67.500000000000014
decision_type=2 10 8 8 8 10 10 8 2 10 2 10 10 10
left_child=1 5 6 -4 7 -1 -2 8 9 10 -5 12 -9 -14
right_child=2 -3 3 4 -6 -7 -8 11 -10 -11 -12 -13 13 -15
leaf_value=0.0051999347383527546 -0.014553126632467781 0.0073281355620563784 -0.0042035091089084172 0.012749443154107252 0.00236443836977519 -0.0011070973206624786 -0.0027497330776932909 -0.0068578126922168373 0.013936979978282414 -0.016447854858498721 -0.0016108281594900005 0.005643826238918819 -0.0031415838555107082 0.0047111852172493814
leaf_weight=2560.4892247617245 921.47913080453873 4158.7671055644751 5546.6623306274414 554.11682610213757 10605.678434073925 6326.5691824257374 804.15275833010674 3556.8200422674417 662.45203542709351 386.85235743224621 1355.920115634799 938.20314903557301 6474.8299634307623 2234.5413722395897
leaf_count=13088 3800 22432 24181 2363 47334 30157 3370 14823 2982 1658 5840 4366 27247 9392
internal_value=3.77447e-05 0.00282636 -0.00103145 -0.000597912 0.000150464 0.000713851 -0.00910022 -0.00130278 0.00263914 -0.000665596 0.0025999 -0.00218756 -0.00279067 -0.00112373
internal_weight=47087.5 13045.8 34041.7 32316.1 26769.4 8887.06 1725.63 16163.7 2959.34 2296.89 1910.04 13204.4 12266.2 8709.37
internal_count=213033 65677 147356 140186 116005 43245 7170 68671 12843 9861 8203 55828 51462 36639
is_linear=0
shrinkage=0.03


Tree=83
num_leaves=15
num_cat=0
split_feature=238 226 230 231 231 242 125 249 248 230 231 226 226 231
split_gain=197.081 145.529 133.051 123.054 138.657 139.823 122.25 113.684 109.799 107.363 164.597 157.103 144.344 107.922
threshold=-0.12805734574794767 2.5000000000000004 80.500000000000014 92.500000000000014 97.500000000000014 0.02527120336890221 3.5000000000000004 0.13636363297700885 0.84343436360359203 72.500000000000014 88.500000000000014 8.5000000000000018 91.500000000000014 74.500000000000014
decision_type=10 10 8 10 10 10 8 2 2 8 10 10 8 10
left_child=1 8 3 -3 5 -5 -2 -8 -1 10 11 -9 13 -11
right_child=6 2 -4 4 -6 -7 7 9 -10 12 -12 -13 -14 -15
leaf_value=0.0066137535013180895 -0.0081543728495024684 0.001584433489930048 0.010414942525728964 -0.026488535855825848 0.0036270512415629797 -0.003125472255728937 -0.0023266961616634453 0.013755270473145424 0.024249230587182504 0.0064010023406158648 -0.010205670094718759 -0.0005045233556667223 -0.00087343305975480208 0.02112444963013628
leaf_weight=2534.5748367905617 2190.5939076393843 9465.3997035250068 1303.5152420252562 454.69370121508837 597.02564155310392 463.58301517367363 17983.046149939299 790.45647694170475 356.36447311192751 1820.9266512691975 1341.1439256370068 5290.6433666348457 1953.312509149313 591.44822700321674
leaf_count=14368 9051 44123 6634 2073 3237 2475 75961 3608 2399 8209 5954 22959 9530 2826
internal_value=5.66996e-06 0.0028198 0.00139137 0.000311684 -0.00759686 -0.0148547 -0.00133092 -0.000826275 0.00886377 0.00146272 -0.000733713 0.00136859 0.00519009 0.0100831
internal_weight=47136.7 15175.2 12284.2 10980.7 1515.3 918.277 31961.6 29771 2890.94 11787.9 7422.24 6081.1 4365.69 2412.37
internal_count=213407 75309 58542 51908 7785 4548 138098 129047 16767 53086 32521 26567 20565 11035
is_linear=0
shrinkage=0.03


Tree=84
num_leaves=15
num_cat=0
split_feature=238 60 140 248 248 76 238 78 121 193 119 192 233 246
split_gain=187 158.092 116.589 98.1854 97.6143 103.04 91.2589 116.73 86.3415 83.3311 92.4446 82.5332 79.114 77.2955
threshold=-0.11196875572204588 83.500000000000014 44.500000000000007 0.32828283309936529 0.71212121844291698 95.500000000000014 -0.28068861365318293 6.5000000000000009 9.5000000000000018 68.500000000000014 98.500000000000014 96.500000000000014 91.500000000000014 0.037467854097485549
decision_type=10 8 10 2 2 10 10 10 8 8 10 10 8 2
left_child=1 6 4 -4 13 8 -1 -8 -6 12 -11 -5 -9 -2
right_child=2 -3 3 11 5 -7 7 9 -10 10 -12 -13 -14 -15
leaf_value=0.012639895990765496 -0.0036102877257780238 0.007580767013528087 -0.0023695211571095639 0.0015729424419892838 0.01740137261951467 0.010665921264929261 -0.0059662535614069256 -0.0019208144231733196 -0.011443964814191359 0.0026863417400880881 0.013255593961185816 0.011405225663309451 0.006117106755141594 0.0026131851094772689
leaf_weight=573.12847427278757 7865.8686593323946 4108.659705080092 6287.9469024538994 6857.6268223375082 88.553828090429306 221.26371017098427 2123.4822824597359 6188.3637128695846 2395.2449898421764 4927.9795283153653 869.36565594375134 856.08857624232769 1330.4447418451309 2318.7939534783363
leaf_count=3980 32624 21650 27212 30306 380 939 10227 28490 9911 22059 4338 4075 6409 10346
internal_value=0.000151935 0.00233862 -0.00148451 0.000410886 -0.00354213 -0.00859793 0.000989663 0.000549298 -0.0103499 0.00159201 0.0042914 0.00267751 -0.000492277 -0.00219218
internal_weight=47012.8 20121.4 26891.4 14001.7 12889.7 2705.06 16012.8 15439.6 2483.8 13316.2 5797.35 7713.72 7518.81 10184.7
internal_count=212946 97153 115793 61593 54200 11230 75503 71523 10291 61296 26397 34381 34899 42970
is_linear=0
shrinkage=0.03


Tree=85
num_leaves=15
num_cat=0
split_feature=76 190 120 53 165 63 23 140 96 188 246 240 57 8
split_gain=155.227 162.056 131.174 114.467 111.249 106.96 100.751 167.897 82.5272 78.9965 78.1478 77.6419 71.8689 75.4928
threshold=90.500000000000014 88.500000000000014 60.500000000000007 5.5000000000000009 6.5000000000000009 61.500000000000007 8.5000000000000018 89.500000000000014 12.500000000000002 17.500000000000004 0.078191973268985762 -0.048671193420886986 55.500000000000007 71.500000000000014
decision_type=8 10 10 10 10 8 8 10 10 10 2 10 10 10
left_child=1 2 3 -1 -4 8 7 -7 -6 -2 11 -11 13 -5
right_child=9 -3 4 12 5 6 -8 -9 -10 10 -12 -13 -14 -15
leaf_value=-0.010860380468376231 -0.0010545890278323687 0.0070675218424494776 -0.0076858139715345504 -0.0056402732160299469 0.0027757293693083224 0.0013143674120798465 0.0063912905799142069 -0.027324299562002448 -0.0026338881027231321 0.013061255647116571 0.013943462512092521 0.0023123927166568635 5.3651066402547623e-05 -5.6271784572048161e-05
leaf_weight=1520.6069247722626 1895.9760842099786 2249.3366125673056 1368.9240079820156 6991.2873120158911 3954.4451822191477 1881.1832337155938 4915.0947922766209 194.15639930963516 7045.6421623900533 733.51397164911032 928.86995402723551 3278.3357835486531 6964.633583791554 3163.8953596055508
leaf_count=6375 9463 10328 6291 29270 18134 9022 22942 922 32098 4163 5376 15350 29873 13687
internal_value=-2.85613e-05 -0.000738747 -0.00120256 -0.00299814 0.000526979 0.00115582 0.00405475 -0.00148308 -0.000688418 0.00414744 0.00614178 0.00430527 -0.00229387 -0.00390232
internal_weight=47085.9 40249.2 37999.9 18640.4 19359.4 17990.5 6990.43 2075.34 11000.1 6836.7 4940.72 4011.85 17119.8 10155.2
internal_count=213294 178942 168614 79205 89409 83118 32886 9944 50232 34352 24889 19513 72830 42957
is_linear=0
shrinkage=0.03


Tree=86
num_leaves=15
num_cat=0
split_feature=236 66 244 231 224 226 224 134 244 77 52 144 231 244
split_gain=160.328 115.027 96.3825 118.612 158.424 181.383 154.925 250.049 147.276 129.872 118.082 106.906 104.934 157.531
threshold=-0.092142965644597993 75.500000000000014 0.094841357320547118 91.500000000000014 32.500000000000007 8.5000000000000018 7.5000000000000009 51.500000000000007 0.030083397403359417 4.5000000000000009 8.5000000000000018 79.500000000000014 26.500000000000004 0.014665816910564901
decision_type=2 10 2 8 8 8 8 10 2 10 10 10 10 2
left_child=1 -1 3 4 5 -2 7 -5 -9 -7 -6 -12 -11 -14
right_child=2 -3 -4 6 10 9 -8 8 -10 12 11 -13 13 -15
leaf_value=0.0010224003399507179 0.0089054847222078733 0.0070654955608771353 0.012456132082083347 -0.029868775627124703 -0.010114423463942524 -0.011711263147991821 -0.0018722606923469026 0.014643534443885336 -0.013226879475367622 0.006334572759409446 -0.0028155005327438177 0.0030325139527696563 -0.0051841992964825733 0.0048690999214314312
leaf_weight=8875.5258300378919 2761.7951425760984 4158.0748570114374 465.37350919097662 542.17519316077232 1570.7514590620995 753.18542782962322 2561.4502373486757 261.60758351534605 449.83546571433544 2505.2870191782713 12739.94077783823 3601.0369183719158 3366.7524458765984 2389.9623277932405
leaf_count=43287 12418 22616 2405 2290 6750 3125 11705 1200 2084 10508 54540 15508 14154 10419
internal_value=0.000126932 0.00295425 -0.00095843 -0.00114842 -0.000507627 0.0021939 -0.0061207 -0.0147178 -0.00291762 0.000130225 -0.00228412 -0.00152572 0.00122258 -0.00100926
internal_weight=47002.8 13033.6 33969.2 33503.8 29688.7 11777 3815.07 1253.62 711.443 9015.19 17911.7 16341 8262 5756.71
internal_count=213009 65903 147106 144701 127422 50624 17279 5574 3284 38206 76798 70048 35081 24573
is_linear=0
shrinkage=0.03


Tree=87
num_leaves=15
num_cat=0
split_feature=245 190 245 224 244 90 244 226 244 143 98 229 224 224
split_gain=178.25 137.049 125.903 169.626 199.865 209.261 167.365 152.043 178.617 148.5 123.111 111.52 162.046 103.093
threshold=-0.20480131357908246 88.500000000000014 -0.075403515249490724 26.500000000000004 0.021851060912013057 39.500000000000007 0.11410578340291978 12.500000000000002 0.0029686595080420379 77.500000000000014 64.500000000000014 6.5000000000000009 15.500000000000002 31.500000000000004
decision_type=2 8 2 10 2 10 2 10 2 8 10 10 8 10
left_child=-1 2 3 4 7 -6 -7 11 -9 -5 -10 12 -2 -4
right_child=1 -3 13 9 5 6 -8 8 10 -11 -12 -13 -14 -15
leaf_value=0.02251086028249252 0.0088449601851408079 0.0058492199274866727 0.00065429607317142602 0.002999903448625585 -0.015705748172318731 0.0047179869420036769 -0.033668312154774394 -0.021045676700521619 0.0019575370835495645 0.014521204931548503 -0.037830912555137958 0.02444143957304119 -0.016628537261868276 -0.0029376208540914418
leaf_weight=305.92380913347006 1747.0387656614184 3233.5786913260818 11516.076175197959 3500.6898388266563 1351.1175271049142 1139.6074855998158 102.21519392728806 372.44866056740284 2581.7857016921043 1407.6577319428325 61.936062082648277 322.06344935297966 248.35222721844912 19126.529231786728
leaf_count=2657 9161 15613 49871 16051 7029 6054 616 1591 11432 7483 300 1588 1220 82448
internal_value=5.23138e-05 -9.956e-05 -0.000543235 0.00195022 -0.000764485 -0.00758052 0.00131467 0.00255711 -0.00188251 0.00632689 0.000886344 0.00831854 0.00560734 -0.00158794
internal_weight=47017 46711.1 43477.5 12834.9 7926.57 2592.94 1241.82 5333.62 3016.17 4908.35 2643.72 2317.45 1995.39 30642.6
internal_count=213114 210457 194844 62525 38991 13699 6670 25292 13323 23534 11732 11969 10381 132319
is_linear=0
shrinkage=0.03


Tree=88
num_leaves=15
num_cat=0
split_feature=238 60 241 192 244 140 222 178 222 244 244 249 248 224
split_gain=169.553 171.849 131.853 99.0945 98.5221 95.086 109.415 108.243 130.255 138.095 127.408 117.843 105.855 94.7166
threshold=-0.11835134774446486 83.500000000000014 -1.0000000180025095e-35 86.500000000000014 0.10799458995461465 44.500000000000007 59.500000000000007 53.500000000000007 3.5000000000000004 0.015327850356698038 0.0054411219898611316 1.0000000180025095e-35 0.31818181276321417 32.500000000000007
decision_type=10 10 8 10 2 10 10 10 10 2 2 2 2 10
left_child=1 2 3 -1 5 6 7 8 10 11 -2 -10 -7 -11
right_child=4 -3 -4 -5 -6 12 -8 -9 9 13 -12 -13 -14 -15
leaf_value=-0.00046371617590291705 0.0043446688733371572 0.0083163645836451666 0.020884325999001158 0.0077038518545326567 0.018434699296660736 -0.0029201399982976286 0.0026429434627947127 -0.0099432801872362635 0.0084318189466769927 0.009915561609068993 -0.017963470840908838 -0.0057286356722806089 0.0022324291361893261 -0.0018324786295461704
leaf_weight=12938.756345510483 305.48453752696514 3334.7170213609934 277.89587218314409 1480.8766900449991 210.94586685299873 6279.8621027320623 2241.8397369980812 2623.3006658405066 581.54626804590225 1268.6574684679508 887.21699191629887 5068.0660261809826 8345.1737479194999 1189.6393060535192
leaf_count=61751 1291 17446 1856 7148 1116 27137 9518 10733 2383 5512 3873 21077 37266 5142
internal_value=-0.000104869 0.00217874 0.000781468 0.00037984 -0.001525 -0.00167759 -0.00342845 -0.00457121 -0.00304693 -0.00167805 -0.0122611 -0.0042587 1.94776e-05 0.00424596
internal_weight=47034 18032.2 14697.5 14419.6 29001.7 28790.8 14165.8 11923.9 9300.61 8107.91 1192.7 5649.61 14625 2458.3
internal_count=213249 88201 70755 68899 125048 123932 59529 50011 39278 34114 5164 23460 64403 10654
is_linear=0
shrinkage=0.03


Tree=89
num_leaves=15
num_cat=0
split_feature=245 242 76 246 230 192 122 10 146 29 140 246 110 230
split_gain=171.877 135.101 132.036 103.043 99.9646 97.9787 116.037 97.8353 137.502 104.39 185.68 93.5764 92.9258 90.9231
threshold=-0.20480131357908246 0.019248367287218574 87.500000000000014 0.28148111701011663 71.500000000000014 84.500000000000014 70.500000000000014 5.5000000000000009 98.500000000000014 9.5000000000000018 89.500000000000014 0.020129203796386722 4.5000000000000009 36.500000000000007
decision_type=2 8 10 2 10 10 10 10 10 8 10 2 10 10
left_child=-1 4 3 5 11 7 -7 8 -3 10 -9 -2 -10 -11
right_child=1 2 -4 -5 -6 6 -8 9 12 13 -12 -13 -14 -15
leaf_value=0.022255147579491676 -0.001356695638888265 0.0047873961770192493 0.0055027101159498756 -0.027448162321894041 0.0015234258605153019 -0.00047161001223120798 0.0097094617825176747 -0.0049607285763599608 0.0074237593715969462 0.0017567693803781546 -0.037136317752625471 -0.0073448441167925857 -0.030453715833621949 -0.00249797960729632
leaf_weight=298.90227183699608 4602.767589405179 4206.6119151115417 4625.4138467311859 112.11060685664415 3490.3803134933114 2057.7482720464468 1962.4124029427767 2093.218775421381 82.945498526096344 7983.4852870181203 165.46709441393614 4797.7326289117336 162.79734070599079 10394.71985180676
leaf_count=2636 19132 20581 23072 622 15488 9009 9363 9722 492 35938 742 20582 865 45091
internal_value=-4.92044e-05 -0.000196578 0.000798892 5.27064e-05 -0.00280892 0.000168012 0.00450997 -0.000529239 0.00349911 -0.00139962 -0.00747115 -0.00441742 -0.0178786 -0.000649768
internal_weight=47036.7 46737.8 33846.9 29221.5 12890.9 29109.4 4020.16 25089.2 4452.35 20636.9 2258.69 9400.5 245.743 18378.2
internal_count=213335 210699 155497 132425 55202 131803 18372 113431 21938 91493 10464 39714 1357 81029
is_linear=0
shrinkage=0.03


Tree=90
num_leaves=15
num_cat=0
split_feature=242 226 243 243 231 147 231 226 248 89 228 249 70 228
split_gain=148.361 129.433 269.643 192.45 301.434 246.045 171.406 415.039 434.187 224.17 202.326 198.743 164.529 164.177
threshold=0.03163577429950238 8.5000000000000018 -0.081788215786218629 -0.094835434108972536 88.500000000000014 17.500000000000004 69.500000000000014 43.500000000000007 0.58080807328224193 11.500000000000002 93.500000000000014 0.90404042601585399 9.5000000000000018 26.500000000000004
decision_type=8 8 2 2 10 10 10 10 2 10 10 2 8 10
left_child=1 3 -3 -1 -5 -6 11 9 -9 -8 -10 12 -4 -7
right_child=-2 2 6 4 5 13 7 8 10 -11 -12 -13 -14 -15
leaf_value=0.022043532891423235 0.0030598641331065061 -0.020664712500036899 0.0028659698821401555 0.0063137573956601823 0.0122011434937455 -0.015937746301402034 -0.017083836910011373 0.00048673831611707838 0.020783522805139232 -0.00045934624289276034 -0.01884918346130748 -0.039982204836324142 -0.0039087728006958677 0.014464486983752321
leaf_weight=427.0031737908721 10297.017541475594 660.06270000338554 3973.5628249943256 3969.955568395555 438.1605427339673 1524.745583280921 1102.1440368592739 3080.7007016837597 1886.1026917174459 2126.1848224848509 115.91498816013336 119.01419742405415 17002.466690182686 170.65139693021774
leaf_count=2951 51768 3169 16710 18342 2156 7157 4948 13512 8996 9191 676 503 71839 783
internal_value=-0.000119563 -0.00101473 -0.00184626 0.00281052 0.00143112 -0.00764117 -0.00141697 0.00223022 0.0075674 -0.00617014 0.0184065 -0.00285426 -0.00262466 -0.0128107
internal_weight=46893.7 36596.7 30066.2 6530.52 6103.51 2133.56 29406.1 8311.05 5082.72 3228.33 2002.02 21095 20976 1695.4
internal_count=212701 160933 129544 31389 28438 10096 126375 37323 23184 14139 9672 89052 88549 7940
is_linear=0
shrinkage=0.03


Tree=91
num_leaves=15
num_cat=0
split_feature=236 66 77 177 224 249 224 61 122 144 224 37 122 70
split_gain=132.979 109.916 84.7094 107.515 96.5207 95.2845 122.745 174.949 174.59 144.341 101.408 104.484 93.2122 91.3024
threshold=-0.092142965644597993 79.500000000000014 4.5000000000000009 38.500000000000007 3.5000000000000004 0.13636363297700885 32.500000000000007 51.500000000000007 25.500000000000004 80.500000000000014 18.500000000000004 84.500000000000014 45.500000000000007 9.5000000000000018
decision_type=2 10 8 8 10 2 8 10 8 10 8 10 10 8
left_child=1 -1 3 4 -2 6 8 9 -4 -8 11 -7 -6 -12
right_child=2 -3 5 -5 12 10 7 -9 -10 -11 13 -13 -14 -15
leaf_value=0.00096125619065352927 0.0085925078675138065 0.0071139990746793298 0.0095622180626804693 0.0018597860059235435 -0.00075891314709699133 -0.0013823015685236106 -0.010761959543301993 -0.0008770390107041481 -0.0012746233730225689 0.0042099856496954236 0.012384246120685258 -0.020167017215604242 -0.021885015864715005 0.0021316606184003375
leaf_weight=9319.0342898443341 155.87331290543079 3623.6483285427094 1684.444859623909 729.44969765841961 254.92067685723305 2920.3076602891088 3771.6488527357578 7032.3075849339366 6352.4677457883954 678.87723395228386 850.8815590441227 283.48082134127617 713.59034624695778 8599.6043530479074
leaf_count=45737 717 20008 7186 3246 1070 13160 15791 29671 26792 2816 3799 1326 2962 38875
internal_value=0.000100992 0.00268804 -0.000883507 -0.00710168 -0.0128806 -0.000523127 -0.00183726 -0.00382622 0.00100572 -0.00847384 0.00150383 -0.00310201 -0.016389 0.00306687
internal_weight=46970.5 12942.7 34027.9 1853.83 1124.38 32174 19519.7 11482.8 8036.91 4450.53 12654.3 3203.79 968.511 9450.49
internal_count=213156 65745 147411 7995 4749 139416 82256 48278 33978 18607 57160 14486 4032 42674
is_linear=0
shrinkage=0.03


Tree=92
num_leaves=15
num_cat=0
split_feature=245 248 244 244 243 224 248 239 224 57 243 246 224 245
split_gain=181.665 323.848 199.3 221.387 338.062 240.602 205.173 200.878 178.693 235.931 188.833 180.764 176.691 155.059
threshold=-0.075403515249490724 0.58080807328224193 0.021851060912013057 0.0029686595080420379 -0.044986467808485024 74.500000000000014 0.67171716690063488 -0.027996068820357319 24.500000000000004 73.500000000000014 -0.031613444909453385 0.036278482526540763 1.0000000180025095e-35 -0.078827429562807069
decision_type=2 2 2 2 2 10 2 10 8 10 2 2 10 2
left_child=1 -1 3 4 6 13 -3 -6 9 12 -10 -11 -4 -5
right_child=-2 2 8 5 7 -7 -8 -9 10 11 -12 -13 -14 -15
leaf_value=0.012991692702171488 -0.0011352493247757832 -0.028913785456171986 0.0057930876160679542 0.0019831814001057199 -0.0061165248808229275 0.024135079102342617 0.016144575823652373 -0.043407014445045168 0.013757248945496004 -0.028269828184158619 -0.015770120799328095 0.0040976169312843536 -0.026414699788049997 0.016747174986464681
leaf_weight=2385.037927210331 33250.179517686367 104.40165284276009 182.9552808701992 5826.7851438894868 244.14926746487617 548.54895430058241 439.6319355070591 277.64371976256371 670.82865051180124 174.03048155456781 263.76023658365011 984.63516456633806 843.55064056813717 709.85090138018131
leaf_count=13066 144578 496 1107 27562 1097 2966 2167 1155 3482 844 1325 5799 4117 3127
internal_value=6.12437e-05 0.00297325 0.000843586 0.00331118 -0.00937784 0.00523052 0.00713194 -0.0264017 -0.00559348 -0.010275 0.00534529 -0.000964242 -0.0206738 0.00360962
internal_weight=46906 13655.8 11270.8 8151.01 1065.83 7085.18 544.034 521.793 3119.76 2185.17 934.589 1158.67 1026.51 6536.64
internal_count=212888 68310 55244 38570 4915 33655 2663 2252 16674 11867 4807 6643 5224 30689
is_linear=0
shrinkage=0.03


Tree=93
num_leaves=15
num_cat=0
split_feature=245 190 245 222 226 226 120 224 226 228 229 228 106 229
split_gain=182.328 132.098 131.223 223.615 230.151 179.804 209.54 154.269 128.128 127.979 200.531 204.448 117.06 115.498
threshold=-0.20480131357908246 89.500000000000014 -0.075403515249490724 19.500000000000004 3.5000000000000004 54.500000000000007 16.500000000000004 72.500000000000014 67.500000000000014 8.5000000000000018 25.500000000000004 27.500000000000004 87.500000000000014 31.500000000000004
decision_type=2 10 2 8 10 10 10 10 10 8 8 8 10 10
left_child=-1 2 3 4 -2 7 8 -6 -7 -5 12 13 -11 -12
right_child=1 -3 -4 9 5 6 -8 -9 -10 10 11 -13 -14 -15
leaf_value=0.022976188078782149 0.0076178069127790593 0.0064898705186219614 -0.0016571700186558366 -0.010599804870027357 -0.0067980248972356145 0.013519162461851994 0.0096290421066751904 0.028988044899117091 -0.037415988297569099 0.022840804032083578 0.012241025768013253 0.0086771743762398372 -0.0091303442786806067 -0.022795304747540129
leaf_weight=296.85697124898434 2271.819844186306 2486.00504463166 31211.379257515073 299.23086027055979 5145.1856328547001 57.050910085439682 1381.0113543793559 101.04303219914436 140.11561589688063 1047.9473696053028 106.57346902042627 1966.1011332049966 108.87324756383896 321.40368755161762
leaf_count=2669 12498 11681 135209 1525 23944 245 6458 491 588 5322 512 10045 601 1412
internal_value=-7.30361e-05 -0.000224623 -0.000604021 0.00193425 -0.000632517 -0.00338615 0.00546781 -0.00605494 -0.0227365 0.00798438 0.00957582 0.00458367 0.0197794 -0.0139904
internal_weight=46940.6 46643.7 44157.7 12946.4 9096.23 6824.41 1578.18 5246.23 197.167 3850.13 3550.9 2394.08 1156.82 427.977
internal_count=213200 210531 198850 63641 44224 31726 7291 24435 833 19417 17892 11969 5923 1924
is_linear=0
shrinkage=0.03


Tree=94
num_leaves=15
num_cat=0
split_feature=245 101 245 224 231 249 231 226 222 246 222 224 249 190
split_gain=177.127 139.131 162.008 158.235 200.677 210.021 165.614 263.711 148.563 138.728 123.648 134.6 108.801 108.396
threshold=-0.20480131357908246 3.5000000000000004 -0.075403515249490724 43.500000000000007 77.500000000000014 0.34848484396934515 92.500000000000014 9.5000000000000018 39.500000000000007 0.0085447980090975779 7.5000000000000009 1.5000000000000002 1.0000000180025095e-35 89.500000000000014
decision_type=2 8 2 10 10 2 10 8 10 2 8 8 2 10
left_child=-1 -2 3 6 -5 -6 7 -3 9 -9 12 -12 -11 -4
right_child=1 2 13 4 5 -7 -8 8 -10 10 11 -13 -14 -15
leaf_value=0.022906373750552007 -0.0049963597087702575 0.015642087118967266 -0.0011980443912296317 0.003162256261797588 0.027742730545853023 -0.0013032069233918154 -0.006860180483127371 -0.01302601483934269 0.018917766875536791 -0.020232283726013951 -0.040757433675736553 -0.001439105038969503 0.011565916231354782 0.0059661552304159067
leaf_weight=290.09640722721815 4892.4330569654703 1292.605932854116 29245.498985543847 1691.6139508187771 788.72193472087383 310.18392643332481 1707.7742340564728 728.46428943425417 348.10159882903099 96.75177489221096 71.243145167827606 2240.0765516459942 1131.6545186415315 2022.9293273985386
leaf_count=2652 22354 6864 126911 8036 4234 1739 8891 3185 1745 398 362 10869 5292 9311
internal_value=-6.77828e-05 -0.000215788 0.000346483 0.00358676 0.00968477 0.0196062 0.00134286 0.00372127 0.000356727 -0.00119774 0.00126632 -0.00282139 0.00891828 -0.000732793
internal_weight=46858.1 46568.1 41675.6 10407.2 2790.52 1098.91 7616.67 5908.9 4616.29 4268.19 3539.73 2311.32 1228.41 31268.4
internal_count=212843 210191 187837 51615 14009 5973 37606 28715 21851 20106 16921 11231 5690 136222
is_linear=0
shrinkage=0.03


Tree=95
num_leaves=15
num_cat=0
split_feature=245 101 246 228 231 245 231 228 246 229 222 126 230 243
split_gain=167.407 127.185 130.14 118.579 125.594 114.725 131.309 302.209 248.986 209.493 193.295 176.558 156.28 148.11
threshold=-0.11046205461025237 3.5000000000000004 0.051859119907021529 30.500000000000004 22.500000000000004 -0.043979879468679421 91.500000000000014 10.500000000000002 0.057616608217358596 5.5000000000000009 59.500000000000007 36.500000000000007 18.500000000000004 -0.089099485427141176
decision_type=2 8 2 10 8 2 10 10 2 10 10 8 10 2
left_child=3 2 -2 4 -1 6 9 12 -9 11 -11 -3 13 -8
right_child=1 5 -4 -5 -6 -7 7 8 -10 10 -12 -13 -14 -15
leaf_value=-0.016965640232481337 -0.0033910061161926395 -0.0074014795010389238 -0.018710933000438235 0.027713298269660333 0.0061833471837368977 -0.0024053678492715466 0.031749894417513747 0.01072482731577905 -0.0125449726528082 -0.00036621741995420467 0.0078288115772642206 0.013076816789602959 -0.028972704279918705 -0.010453117710352497
leaf_weight=215.67083793133497 3140.4519468098879 447.32708260416985 585.02017971873283 204.97300923615694 3320.5419961437583 12628.677654832602 69.866254448890686 1399.5220781937242 576.40898784995079 17328.768110893667 3035.4890455454588 2278.2813962250948 417.52432421594858 1277.6797279119492
leaf_count=1056 13360 1937 2615 1354 19890 54991 376 6611 2939 75387 13771 11304 1740 5839
internal_value=-2.15978e-05 -0.000549521 -0.00584038 0.00605751 0.00472765 -4.86449e-05 0.00106109 -0.00414574 0.00390769 0.00190613 0.000858574 0.00970115 -0.0131325 -0.00804726
internal_weight=46926.2 43185 3725.47 3741.19 3536.21 39459.5 26830.9 3741 1975.93 23089.9 20364.3 2725.61 1765.07 1347.55
internal_count=213170 190870 15975 22300 20946 174895 119904 17505 9550 102399 89158 13241 7955 6215
is_linear=0
shrinkage=0.03


Tree=96
num_leaves=15
num_cat=0
split_feature=245 248 245 120 224 248 229 224 224 245 229 246 246 224
split_gain=155.049 168.092 166.96 152.443 136.109 176.882 128.125 218.74 128.039 157.357 224.021 190.513 128.547 126.797
threshold=-0.099373251199722276 0.7929292917251588 -0.075403515249490724 14.500000000000002 3.5000000000000004 0.80303028225898754 41.500000000000007 63.500000000000007 33.500000000000007 -0.085580728948116289 29.500000000000004 0.025841043330729011 0.0089286775328218954 66.500000000000014
decision_type=2 2 2 10 8 2 10 10 10 2 10 2 2 10
left_child=4 2 8 -3 5 -1 -5 -8 9 10 11 -2 -10 -6
right_child=1 3 -4 6 13 -7 7 -9 12 -11 -12 -13 -14 -15
leaf_value=0.0021592399240548425 0.014372931845331153 -0.029841070058606235 -0.00077522867880078412 -0.0076723693323907998 0.00030028269300522441 0.023255195626036493 0.025859737378158359 -0.013001807290567479 -0.0074530745542701667 0.0082141366272618296 -0.032655245164251112 -0.0093473133244252188 0.01407793548311978 0.018111841896753241
leaf_weight=719.23817543685436 469.98354551196098 232.14099027216434 32826.918378487229 2777.0935240238905 3799.291782438755 706.10848507285118 281.53794533014297 227.35172130167484 285.43492403626442 1445.3970940411091 222.94629044830799 824.73136007785797 1710.8721962720156 387.36609262228012
leaf_count=5008 2142 971 142698 12069 19704 4697 1243 1095 1275 6638 1005 3966 8319 2403
internal_value=5.1676e-05 -0.000584391 3.30614e-07 -0.00684677 0.00472585 0.0126993 -0.00513671 0.00858197 0.00512512 0.00115847 -0.00557103 -0.000692661 0.0109776 0.00198751
internal_weight=46916.4 41304.4 37786.3 3518.12 5612 1425.35 3285.98 508.89 4959.37 2963.06 1517.66 1294.71 1996.31 4186.66
internal_count=213233 181421 166043 15378 31812 9705 14407 2338 23345 13751 7113 6108 9594 22107
is_linear=0
shrinkage=0.03


Tree=97
num_leaves=15
num_cat=0
split_feature=136 148 78 66 215 230 139 244 231 224 231 244 78 248
split_gain=128.545 128.639 189.014 125.739 114 114.135 94.6523 93.9674 89.7201 132.876 96.3546 84.4675 80.8393 80.7832
threshold=3.5000000000000004 12.500000000000002 8.5000000000000018 75.500000000000014 49.500000000000007 81.500000000000014 42.500000000000007 0.094841357320547118 92.500000000000014 16.500000000000004 75.500000000000014 0.0016359004657715561 21.500000000000004 0.59090909361839306
decision_type=8 8 10 10 10 10 8 2 10 10 10 2 8 2
left_child=-1 2 -2 4 6 -6 8 12 10 -10 11 -3 -8 -12
right_child=1 3 -4 -5 5 -7 7 -9 9 -11 13 -13 -14 -15
leaf_value=0.0042593456804367151 -0.015929976835556102 -0.014197938657331179 -0.0020266506817757201 0.0032705128033297254 -0.0083488856555777972 0.0068829834310416629 0.0028604687833126453 0.01586246738410034 -0.015673172854853201 0.0052473181402647338 0.0038928100560351574 0.0022708427896342104 -0.0031865843990701048 0.017319231076219615
leaf_weight=5722.0915612354875 1088.9360793232918 282.51875521242619 4437.9681399092078 8648.4968244954944 2874.7749609276652 515.19051833450794 2418.5023556947708 257.463200122118 579.29710072278976 502.30651509016752 956.95972730219364 6748.9165856465697 11037.310639575124 697.06319740414619
leaf_count=30024 4883 1192 19420 40249 12011 2263 10699 1537 2737 2384 4345 29431 48142 3331
internal_value=5.10035e-05 -0.000536567 -0.00478977 0.000126415 -0.000886387 -0.00602058 -0.000142892 -0.00174987 0.00211284 -0.00599844 0.00312867 0.00158991 -0.00209839 0.00962125
internal_weight=46767.8 41045.7 5526.9 35518.8 26870.3 3389.97 23480.3 13713.3 9767.06 1081.6 8685.46 7031.44 13455.8 1654.02
internal_count=212648 182624 24303 158321 118072 14274 103798 60378 43420 5121 38299 30623 58841 7676
is_linear=0
shrinkage=0.03


Tree=98
num_leaves=15
num_cat=0
split_feature=245 77 245 243 119 226 230 231 230 230 224 226 231 245
split_gain=154.388 116.665 128.651 171.565 219.506 144.272 200.115 120.882 231.136 250.406 182.908 195.066 171.954 295.625
threshold=-0.20480131357908246 1.5000000000000002 -0.11046205461025237 -0.081788215786218629 20.500000000000004 11.500000000000002 16.500000000000004 91.500000000000014 62.500000000000007 18.500000000000004 32.500000000000007 4.5000000000000009 75.500000000000014 -0.073709525167942033
decision_type=2 8 2 2 10 10 10 10 8 10 10 8 10 2
left_child=-1 -2 3 5 -5 -3 -7 10 9 -9 11 -4 -12 -14
right_child=1 2 7 4 -6 6 -8 8 -10 -11 12 -13 13 -15
leaf_value=0.021632801578493049 -0.0080802056148907772 0.0056574239736510001 0.01051641097883654 -0.021901857888450192 0.015098156590446441 -0.032328008265591186 0.0067462491311204454 -0.0029765803485333558 0.0063699088649995413 -0.019588554410691031 -0.0026470393014060502 0.0013819532711122483 0.02122452987036124 0.00024045422440502155
leaf_weight=286.98812016099691 1569.4472452402115 733.98274586349726 2503.9701162129641 149.09876702725887 1671.4429471716285 262.42741679400206 202.89274524152279 2530.3812697529793 1282.0940888077021 1199.0807260647416 17771.294146426022 12931.307460360229 741.95347327739 3076.9867557138205
leaf_count=2692 7326 4729 11803 746 9531 1300 1139 11746 6352 5103 76872 56677 3778 13598
internal_value=7.12669e-05 -6.60558e-05 0.000214828 0.00618525 0.0119648 -0.00261455 -0.015507 -0.000215442 -0.00458329 -0.00835569 0.000376843 0.00286963 -0.0014058 0.00436208
internal_weight=46913.3 46626.4 45056.9 3019.84 1820.54 1199.3 465.32 42037.1 5011.56 3729.46 37025.5 15435.3 21590.2 3818.94
internal_count=213392 210700 203374 17445 10277 7168 2439 185929 23201 16849 162728 68480 94248 17376
is_linear=0
shrinkage=0.03


Tree=99
num_leaves=15
num_cat=0
split_feature=238 209 245 231 226 226 231 226 248 248 231 231 248 6
split_gain=164.256 128.704 89.9861 120.715 177.351 139.151 162.137 204.027 181.838 158.525 152.447 169.801 208.974 137.289
threshold=-0.20435540378093717 52.500000000000007 -0.044362664222717278 91.500000000000014 74.500000000000014 12.500000000000002 74.500000000000014 43.500000000000007 0.58080807328224193 0.37878787517547613 26.500000000000004 32.500000000000007 0.80303028225898754 5.5000000000000009
decision_type=10 10 2 10 10 8 10 10 2 2 10 10 2 8
left_child=-1 2 3 5 -5 -2 9 13 -9 -7 -11 12 -12 -8
right_child=1 -3 -4 4 -6 6 7 8 -10 10 11 -13 -14 -15
leaf_value=0.0064467196945175807 0.0069142232878893111 -0.0045986310420504913 -0.0020939797165200596 -0.0071998769030846227 0.010155404405025636 0.0064941934588535043 -0.028224281700727032 0.0035136569812874454 0.022926343878754023 0.0024807828100742845 -0.0091307785534994971 -0.0025083836311789488 -0.043890519773827283 0.0016649335862913058
leaf_weight=3266.1937929913402 4081.4904490560293 5990.0600306466222 11373.334699138999 2898.5784123763442 638.79065036028624 2495.4346194416285 148.63419786095619 826.49009018391371 915.09347224235535 4845.4358629286289 935.11100871860981 7151.5557985678315 179.0269869863987 1072.6674639210105
leaf_count=20314 19157 25825 49171 13417 3365 10846 664 3704 4348 21315 4084 31170 749 4910
internal_value=-3.14259e-05 -0.000518628 0.000133072 0.00110069 -0.00404601 0.00190587 0.00080193 0.00722308 0.0137865 -0.000420961 -0.00174106 -0.00421596 -0.015057 -0.00217231
internal_weight=46817.9 43551.7 37561.6 26188.3 3537.37 22650.9 18569.4 2962.89 1741.58 15606.6 13111.1 8265.69 1114.14 1221.3
internal_count=213039 192725 166900 117729 16782 100947 81790 13626 8052 68164 57318 36003 4833 5574
is_linear=0
shrinkage=0.03


Tree=100
num_leaves=15
num_cat=0
split_feature=245 231 244 226 230 230 226 119 245 231 249 231 243 245
split_gain=163.205 150.999 208.653 145.885 181.272 143.675 136.264 183.027 143.285 149.984 135.08 117.716 115.938 107.233
threshold=-0.099373251199722276 22.500000000000004 0.021851060912013057 16.500000000000004 35.500000000000007 2.5000000000000004 55.500000000000007 22.500000000000004 -0.11046205461025237 34.500000000000007 0.035353535786271102 7.5000000000000009 -0.043064532801508897 -0.20480131357908246
decision_type=2 8 2 8 8 8 10 8 2 10 2 10 2 2
left_child=1 3 5 -1 -5 -3 7 -7 -9 -10 -4 -6 13 -12
right_child=-2 2 10 4 11 6 -8 8 9 -11 12 -13 -14 -15
leaf_value=-0.035198601463523264 -0.00064164595905868906 0.021740867810644254 -0.042464115396996439 0.02756631491200744 0.009308023212164172 -0.028024356426168934 0.022586052765346976 0.01283833387314947 -0.041312233458537927 0.00096678411325527066 0.017691894923548709 -0.028105550541516935 0.01904705660405474 -0.0049563783241395633
leaf_weight=139.81964863091707 41270.49512667954 871.18849927932024 57.909066572785378 129.89481004327536 118.27846334129572 142.0780236274004 407.70617681741714 1035.4932741597295 81.592923909425735 427.7859713062644 204.12361351400614 182.36902233958244 255.13757839798927 1547.5898294597864
leaf_count=664 181392 5368 278 594 716 602 2209 5640 364 2025 1952 824 1617 9094
internal_value=1.08673e-05 0.00481146 0.00647276 -0.00970028 -0.000808626 0.011557 0.00723832 0.0034178 0.0064711 -0.00647054 -0.000850874 -0.0135608 0.000554497 -0.00223178
internal_weight=46871.5 5600.97 5030.6 570.362 430.542 2965.84 2094.66 1686.95 1544.87 509.379 2064.76 300.647 2006.85 1751.71
internal_count=213339 31947 29149 2798 2134 16208 10840 8631 8029 2389 12941 1540 12663 11046
is_linear=0
shrinkage=0.03


Tree=101
num_leaves=15
num_cat=0
split_feature=57 242 231 231 69 230 77 226 243 231 230 230 231 222
split_gain=122.376 142.39 128.124 187.388 161.648 108.063 109.906 90.5301 84.3349 145.305 146.984 205.904 134.731 128.798
threshold=70.500000000000014 0.028360546566545967 89.500000000000014 97.500000000000014 35.500000000000007 3.5000000000000004 10.500000000000002 1.0000000180025095e-35 -0.021017680875957009 26.500000000000004 43.500000000000007 74.500000000000014 68.500000000000014 7.5000000000000009
decision_type=8 8 8 10 10 8 10 8 2 10 8 10 10 10
left_child=8 2 5 4 7 -2 -7 -4 9 10 -1 13 -10 -12
right_child=1 -3 3 -5 -6 6 -8 -9 12 -11 11 -13 -14 -15
leaf_value=0.011244230125813446 0.010234183167425746 0.0065802260035182254 0.006349076706460244 0.0034630301374087204 0.0031452249976408981 -0.0044848091226425586 0.0032171636311809728 -0.024981905131831753 -0.0052348309369427311 -0.0012686378118263047 0.023223121282825179 0.013692050833414479 0.0029718749539593995 -0.0068437955840433976
leaf_weight=1853.1385538503528 1203.030337497592 4669.8433818221092 89.476551949977875 962.11610392481089 333.13313405960798 2530.9383356794715 4841.1941719800234 728.11867884546518 7691.947716601193 16931.140535697341 128.06711298972368 738.75281286239624 2342.4670841991901 1839.7052083909512
leaf_count=8021 5947 24459 446 5238 1574 11007 20726 3301 32894 77463 560 3244 10558 7982
internal_value=2.1058e-05 0.00221618 0.000305058 -0.00629454 -0.0144123 0.00193658 0.000570494 -0.0215178 -0.00104868 1.19388e-05 0.0047594 0.000294239 -0.00331798 -0.00477945
internal_weight=46883.1 15357.9 10688 2112.84 1150.73 8575.16 7372.13 817.595 31525.2 21490.8 4559.66 2706.53 10034.4 1967.77
internal_count=213420 72698 48239 10559 5321 37680 31733 3747 140722 97270 19807 11786 43452 8542
is_linear=0
shrinkage=0.03


Tree=102
num_leaves=15
num_cat=0
split_feature=245 190 233 24 101 245 119 231 229 248 245 243 56 134
split_gain=133.309 110.965 116.556 139.134 123.57 119.895 102.895 138.703 118.193 130.532 150.429 134.964 117.718 127.944
threshold=-0.20480131357908246 81.500000000000014 68.500000000000014 99.500000000000014 4.5000000000000009 -0.11046205461025237 50.500000000000007 92.500000000000014 18.500000000000004 0.81313130259513866 -0.091523844748735414 -0.029007938690483567 40.500000000000007 85.500000000000014
decision_type=2 10 8 8 10 2 10 10 8 2 2 2 10 10
left_child=-1 2 3 4 -2 -6 -4 12 9 11 -11 -9 13 -8
right_child=1 -3 6 -5 5 -7 7 8 -10 10 -12 -13 -14 -15
leaf_value=0.020532594765620148 -0.0073739644303067228 0.0047662568431577935 -0.0011668452582960162 0.010726959907333999 0.0091265351344334885 -0.0017408411607612449 0.010298128850192548 -0.016220175663880981 0.0095004367792160607 0.018522213744314175 -0.027301183057516248 0.0084469337546473379 0.00081678316719124909 -0.014532307877579739
leaf_weight=274.17442971467972 3447.918826110661 3889.1847013160586 6992.7237702161074 775.26700294017792 943.86518993973732 21754.821115151048 3803.4746447354555 1013.7036737725139 514.0200457945466 288.92085406929255 72.794757947325706 241.29420375823975 2521.9124356880784 187.86213809251785
leaf_count=2672 15510 18084 30915 3974 5446 94865 18167 5019 2483 1755 311 1176 11486 993
internal_value=4.76462e-05 -7.76671e-05 -0.000521341 -0.00171762 -0.00209057 -0.00128513 0.00153808 0.00372511 -0.00290895 -0.00688856 0.00881395 -0.0114482 0.00589649 0.00909603
internal_weight=46721.9 46447.8 42558.6 26921.9 26146.6 22698.7 15636.7 8643.98 2130.73 1616.71 361.716 1255 6513.25 3991.34
internal_count=212856 210184 192100 119795 115821 100311 72305 41390 10744 8261 2066 6195 30646 19160
is_linear=0
shrinkage=0.03


Tree=103
num_leaves=15
num_cat=0
split_feature=245 51 76 245 120 47 215 245 10 190 222 233 245 14
split_gain=137.16 98.888 130.965 115.671 106.484 143.404 86.1566 84.0736 85.1053 81.837 78.6887 77.855 76.2679 73.7975
threshold=-0.20480131357908246 3.5000000000000004 86.500000000000014 -0.09541690349578856 98.500000000000014 18.500000000000004 52.500000000000007 -0.044362664222717278 2.5000000000000004 91.500000000000014 94.500000000000014 67.500000000000014 -0.045770712196826928 60.500000000000007
decision_type=2 8 10 2 10 8 10 2 10 10 10 8 2 10
left_child=-1 11 4 -4 6 -6 7 8 -3 10 13 -2 -7 -10
right_child=1 2 3 -5 5 12 -8 -9 9 -11 -12 -13 -14 -15
leaf_value=0.021069432060236041 -0.0070655843411362735 0.0068153619632473654 0.013945701567054535 0.00270157594991324 -0.0097390046453289386 0.011897869179052891 -0.0049032363720292052 -0.0025351159160323213 -0.00087864260243893978 0.010710131341295484 -0.020199490337313473 0.00058319603186201489 6.6288063951471614e-05 0.0042359097372747304
leaf_weight=269.42967191338539 2981.3402252346277 1990.7999897152185 962.56966129690409 5424.943985119462 463.74437545984983 1637.6652261465788 3915.1310844421387 9123.3537677377462 13453.374579459429 641.83833365887403 163.9073001742363 1995.0539738684893 698.25281655788422 3119.1625217273831
leaf_count=2667 13397 10259 5908 25021 2372 8426 16519 39331 59034 3005 754 9392 3205 14111
internal_value=0.000113854 -1.18778e-05 0.000466604 0.00441517 -0.000250819 0.00535184 -0.000736329 -0.000162237 0.000956184 0.000281442 -0.000124652 -0.00400414 0.00837653 8.59552e-05
internal_weight=46840.6 46571.1 41594.7 6387.51 35207.2 2799.66 32407.6 28492.4 19369.1 17378.3 16736.4 4976.39 2335.92 16572.5
internal_count=213401 210734 187945 30929 157016 14003 143013 126494 87163 76904 73899 22789 11631 73145
is_linear=0
shrinkage=0.03


Tree=104
num_leaves=15
num_cat=0
split_feature=238 98 60 241 148 238 193 67 226 231 229 226 230 139
split_gain=121.257 117.398 113.154 105.042 111.141 116.513 111.775 75.0059 93.4773 126.925 72.4688 70.4934 122.127 91.8335
threshold=-0.12267229333519934 42.500000000000007 83.500000000000014 -1.0000000180025095e-35 12.500000000000002 -0.25227347016334528 20.500000000000004 3.5000000000000004 4.5000000000000009 77.500000000000014 6.5000000000000009 43.500000000000007 28.500000000000004 72.500000000000014
decision_type=10 10 10 8 10 10 8 8 8 10 8 8 8 10
left_child=2 7 3 4 5 10 -7 8 9 -2 -1 -6 -13 -14
right_child=1 -3 -4 -5 11 6 -8 -9 -10 -11 -12 12 13 -15
leaf_value=0.019558600063840643 0.022746159352768462 0.0021237513221866937 0.007341863509517277 0.01990748316310232 -5.2322023817112539e-05 -0.018451632968482058 -0.0034830451598327227 -0.0017246766950515539 -0.01239583230819768 -0.020408683969391113 -0.0068064603578622323 0.018813220712213009 0.0050039420407433271 -0.0083910082071014958
leaf_weight=252.34375975281 162.65559856593609 7652.0060425549746 3026.3076687753201 247.46844670176506 6206.4161143004894 590.81000194698572 1803.6833603903651 21212.221178069711 1163.6397327631712 85.861407041549683 139.66374976187944 495.48509386926889 3190.3213011547923 528.81080519407988
leaf_count=2025 729 34032 16297 1736 30301 2808 8567 91018 4798 376 878 2233 14876 2373
internal_value=4.05829e-05 -0.00108652 0.00211048 0.00092926 0.000558874 -0.00475261 -0.00723773 -0.00217275 -0.00884389 0.00762366 0.0102297 0.00198232 0.00497154 0.00308197
internal_weight=46757.7 30276.4 16481.3 13455 13207.5 2786.5 2394.49 22624.4 1412.16 248.517 392.008 10421 4214.62 3719.13
internal_count=213047 130953 82094 65797 64061 14278 11375 96921 5903 1105 2903 49783 19482 17249
is_linear=0
shrinkage=0.03


Tree=105
num_leaves=15
num_cat=0
split_feature=242 119 37 66 147 229 245 224 228 224 243 243 243 120
split_gain=126.887 178.151 141.148 113.488 105.256 125.373 156.026 135.998 132.555 121.729 122.85 128.846 151.375 177.409
threshold=0.025180193595588211 17.500000000000004 7.5000000000000009 27.500000000000004 80.500000000000014 59.500000000000007 -0.058795832097530358 32.500000000000007 93.500000000000014 12.500000000000002 -0.014750797767192124 -0.075368754565715776 -0.052689997479319566 50.500000000000007
decision_type=8 8 10 8 8 10 2 8 10 10 2 2 2 10
left_child=4 2 -2 -3 5 7 8 9 -7 -1 11 -11 -13 -14
right_child=1 3 -4 -5 -6 6 -8 -9 -10 10 -12 12 13 -15
leaf_value=-0.0029335205018110643 -0.028115207799876852 -0.00094772709059251004 -0.0031681731809334889 0.0044614231634259472 -0.0052641590813181198 0.015153826521502076 0.00045183423275654345 -0.0055490013755591424 -0.016154558813791572 -0.016460072806957583 -0.0079873706188784768 0.018733028202743765 -0.0033914793436998335 0.0095462557050414037
leaf_weight=5454.0762027278543 211.73026671260595 4815.967552319169 2627.7538695037365 12648.12112993747 4932.4290474355221 1268.2034100070596 3644.3964675664902 5446.7179172933102 126.36636444181204 227.42842578887939 733.28493982553482 723.01094961166382 1700.2545330226421 2151.4240010678768
leaf_count=24919 966 21750 11335 63849 21362 6216 15557 22790 718 1001 3038 3129 6965 9267
internal_value=5.39433e-05 0.00183664 -0.00512052 0.00297009 -0.00131686 -0.000408219 0.00372708 -0.0016775 0.0122221 0.000244627 0.00337572 0.00512386 0.00623046 0.00384113
internal_weight=46711.2 20303.6 2839.48 17464.1 26407.6 21475.2 5038.97 16436.2 1394.57 10989.5 5535.4 4802.12 4574.69 3851.68
internal_count=212862 97900 12301 85599 114962 93600 22491 71109 6934 48319 23400 20362 19361 16232
is_linear=0
shrinkage=0.03


Tree=106
num_leaves=15
num_cat=0
split_feature=245 149 237 246 63 233 35 245 143 245 249 245 245 249
split_gain=135.272 106.765 92.818 85.6757 81.0197 90.5001 81.9943 104.816 79.7975 74.5208 72.7671 81.0926 70.0792 67.189
threshold=-0.20480131357908246 25.500000000000004 0.12569593638181689 0.28148111701011663 72.500000000000014 45.500000000000007 10.500000000000002 -0.11046205461025237 60.500000000000007 -0.15722699463367459 0.35858586430549627 -0.041642572730779641 -0.045178743079304688 0.46969696879386907
decision_type=2 8 2 2 10 10 8 2 8 2 2 2 2 2
left_child=-1 9 4 -4 5 6 7 -3 -9 -2 11 -6 -11 -7
right_child=1 2 3 -5 10 13 -8 8 -10 12 -12 -13 -14 -15
leaf_value=0.020897072746975727 -0.028981714726903966 0.0071041878219640139 0.0071913045133478737 -0.020648922526189623 0.0028700678297312486 0.0016734598292031282 -0.0012053531467602525 -0.014510121429487861 -0.0036295876047588702 -0.00053323010408358625 0.0081452875789223018 -0.0050293603838971919 -0.0054337641486818201 -0.0055005357703091524
leaf_weight=265.28989389538765 86.967777118086815 393.77730888873339 2468.1210986301303 94.16295263171196 5821.0807412415743 11713.331387169659 8113.287416703999 1296.4809626862407 1148.868488535285 6386.4276747554541 1713.5690343827009 1453.4555069357157 4453.6035039275885 1296.0386671051383
leaf_count=2680 519 2201 13041 523 26661 51513 36079 5458 5121 29098 8362 6188 19315 6179
internal_value=-7.04238e-05 -0.000194676 0.00060336 0.00609189 0.000174837 -0.000736354 -0.0027445 -0.0071232 -0.00943386 -0.00278643 0.00260214 0.00128702 -0.00254976 0.000955086
internal_weight=46704.5 46439.2 35512.2 2562.28 32949.9 23961.8 10952.4 2839.13 2445.35 10927 8988.11 7274.54 10840 13009.4
internal_count=212938 210258 161326 13564 147762 106551 48859 12780 10579 48932 41211 32849 48413 57692
is_linear=0
shrinkage=0.03


Tree=107
num_leaves=15
num_cat=0
split_feature=245 231 228 244 134 120 245 226 53 75 231 245 230 243
split_gain=117.609 117.035 290.353 252.593 217.295 206.479 173.036 215.877 145.203 180.622 138.292 178.328 132.261 131.647
threshold=-0.20480131357908246 91.500000000000014 8.5000000000000018 0.004429855616763235 45.500000000000007 98.500000000000014 -0.088217630982398973 11.500000000000002 4.5000000000000009 54.500000000000007 75.500000000000014 -0.07759999111294745 6.5000000000000009 -0.048461301252245896
decision_type=2 10 8 2 10 10 2 8 8 8 10 2 8 2
left_child=-1 5 3 -3 6 8 7 -5 -2 10 -10 -12 -11 -14
right_child=1 2 -4 4 -6 -7 -8 -9 9 12 11 -13 13 -15
leaf_value=0.020050012015320726 -0.0055972490458360341 0.017487394254164103 0.0019917308673991401 0.0019527523311823193 -0.0054952686643344349 0.0084183933752706597 -0.03618148814138996 -0.031756009385201858 -0.0026553256641544975 0.010157376794195682 0.017634144732984372 0.00052564423320317273 0.0087419345063835408 0.00062515646335442392
leaf_weight=254.08651558309793 3772.5540815964341 245.49261099100113 3413.9724134653807 385.57048796117306 1332.153402172029 2792.3816392421722 513.09369903802872 295.6941112652421 14896.349168196321 2001.4878143295646 685.12607859820127 2599.5120100229979 2126.489120669663 11376.629430964589
leaf_count=2606 16906 1229 16616 2168 6939 14180 2136 1268 64186 9342 3563 11422 10246 50037
internal_value=8.65188e-05 -2.70087e-05 -0.00386532 -0.01106 -0.0138919 0.000563703 -0.0231339 -0.0129258 -2.39288e-05 0.000601721 -0.00142662 0.00413691 0.00297957 0.00190892
internal_weight=46690.6 46436.5 6185.98 2772 2526.51 40250.5 1194.36 681.265 37458.1 33685.6 18181 3284.64 15504.6 13503.1
internal_count=212844 210238 30356 13740 12511 179882 5572 3436 165702 148796 79171 14985 69625 60283
is_linear=0
shrinkage=0.03


Tree=108
num_leaves=15
num_cat=0
split_feature=63 57 119 249 231 231 224 47 59 224 246 8 231 119
split_gain=105.308 106.753 92.1074 83.5051 91.1044 115.804 125.601 168.743 87.0091 140.725 76.6843 71.4291 69.0293 84.7637
threshold=64.500000000000014 70.500000000000014 46.500000000000007 0.65151515603065502 99.500000000000014 69.500000000000014 32.500000000000007 33.500000000000007 41.500000000000007 1.5000000000000002 0.003783074789680541 56.500000000000007 26.500000000000004 55.500000000000007
decision_type=10 8 10 2 10 10 8 10 10 10 2 8 10 10
left_child=1 3 -2 4 5 6 7 11 9 -9 -8 -1 -10 -14
right_child=2 -3 -4 -5 -6 -7 10 8 12 -11 -12 -13 13 -15
leaf_value=0.0053033729446280049 -0.0016967007350908502 0.0015113990420873632 0.0033747036686347896 -0.010177564457307952 -0.014808355437365235 0.0022643821246273134 -0.022093258957336014 -0.030967410917030553 1.1556558971504428e-05 0.0052323525244756123 -0.0047711060369384209 0.021041930517273461 -0.021073019258549201 -0.0049125978675985385
leaf_weight=1488.2673202380538 4400.0336907282472 10295.909283056855 11987.850028917193 1117.7693104669452 460.59808684140444 5378.2592582851648 227.96933564543724 94.680303543806076 708.10680605471134 1257.9579121172428 7808.7912304252386 307.76844360679388 501.74661165475845 699.91484214365482
leaf_count=6614 18830 48507 57426 5192 2245 24884 939 411 3003 5376 33267 1435 2071 3069
internal_value=7.56724e-05 -0.000970735 0.00201286 -0.00224534 -0.00177194 -0.00143907 -0.00296066 0.000742197 -0.00332188 0.00248982 -0.00528931 0.00810191 -0.00742969 -0.0117785
internal_weight=46735.6 30347.7 16387.9 20051.8 18934.1 18473.5 13095.2 5058.44 3262.41 1352.64 8036.76 1796.04 1909.77 1201.66
internal_count=213269 137013 76256 88506 83314 81069 56185 21979 13930 5787 34206 8049 8143 5140
is_linear=0
shrinkage=0.03


Tree=109
num_leaves=15
num_cat=0
split_feature=76 190 242 77 228 232 244 228 135 222 95 64 148 242
split_gain=130.79 135.026 98.689 89.3459 99.8223 94.2464 103.125 111.179 94.4271 88.4802 84.3772 75.4378 108.902 70.4365
threshold=91.500000000000014 86.500000000000014 0.02307066693902016 2.5000000000000004 93.500000000000014 87.500000000000014 0.0019746321486309175 5.5000000000000009 21.500000000000004 19.500000000000004 14.500000000000002 41.500000000000007 12.500000000000002 0.027183637954294685
decision_type=10 10 8 8 10 8 2 10 10 10 10 8 10 8
left_child=1 3 -2 13 5 6 7 10 9 -9 -5 12 -7 -1
right_child=2 -3 -4 4 -6 11 -8 8 -10 -11 -12 -13 -14 -15
leaf_value=-0.01175560198657357 0.0010170067731891915 0.0060667226950392294 0.0092034801298535428 0.014989886555602792 -0.011004646324296758 -0.0028071441678347571 -0.00081513405476249263 -0.039338251254400804 -0.0074995682326429577 -0.0073098691672979785 -0.019717481752433565 -0.00096123042918662893 0.0090422982105604535 0.0041960662935666884
leaf_weight=1135.6848400458694 3263.0027143284678 2569.8786557763815 2225.0767409726977 232.26326064020395 823.01366616040468 957.87326048314571 29046.975416012108 199.66708840429783 645.98327205330133 131.90210869908333 75.764258064329624 2600.4838389158249 2524.7069164738059 312.76927074044943
leaf_count=4994 15396 11973 12198 1035 3706 4472 128663 823 2756 557 331 12728 11988 1706
internal_value=2.84961e-07 -0.000578812 0.00434682 -0.00102171 -0.000736225 -0.000501196 -0.00118479 -0.00946632 -0.0143839 -0.027184 0.0061015 0.00290385 0.00578444 -0.00830595
internal_weight=46745 41257 5488.08 38687.1 37238.6 36415.6 30332.6 1285.58 977.552 331.569 308.028 6083.06 3482.58 1448.45
internal_count=213326 185732 27594 173759 167059 163353 134165 5502 4136 1380 1366 29188 16460 6700
is_linear=0
shrinkage=0.03


Tree=110
num_leaves=15
num_cat=0
split_feature=238 60 242 252 226 230 226 243 77 248 230 243 143 148
split_gain=110.249 124.869 109.157 103.993 86.0293 146.508 123.818 102.345 96.0353 88.5361 92.4744 133.263 113.999 106.743
threshold=-0.11835134774446486 83.500000000000014 0.044254658743739135 0.18263552337884906 43.500000000000007 28.500000000000004 6.5000000000000009 -0.086909119039773927 23.500000000000004 0.70202019810676586 3.5000000000000004 -0.078867111355066286 65.500000000000014 3.5000000000000004
decision_type=10 10 8 2 10 10 8 2 10 2 8 2 10 10
left_child=1 2 4 -2 6 -6 7 -1 -7 -8 11 -11 -12 -14
right_child=3 -3 -4 -5 5 8 9 -9 -10 10 12 -13 13 -15
leaf_value=0.016883331211181702 -0.0015028334710797903 0.0071220498471305013 0.007789043818700399 0.0096795847702798848 0.01547834473773738 -0.004554935734569567 -0.0017663422554694656 0.00057003703022887953 0.0046917303773815278 -0.029493821143352628 -0.020353711982192418 0.010679352953192892 -0.024531038518015261 0.0014161437153429302
leaf_weight=400.70345322042704 28293.996143758297 3226.5092517361045 1672.3620914146304 758.92624691873789 694.53268615156412 1781.3587210178375 3336.6147623360157 2205.9179930984974 2310.4920214936137 83.341143727302551 862.24590373039246 355.55888840556145 175.25893907994032 616.8611754104495
leaf_count=2887 121776 17346 9629 3827 3225 7961 15421 11247 10608 380 3673 1804 849 2875
internal_value=-7.00992e-05 0.00179417 0.000604137 -0.00120749 -0.000338259 0.00284227 -0.0022337 0.00313274 0.000664968 -0.00481088 -0.00963234 0.00256392 -0.0128639 -0.004559
internal_weight=46774.7 17721.8 14495.2 29052.9 12822.9 4786.38 8036.5 2606.62 4091.85 5429.88 2093.27 438.9 1654.37 792.12
internal_count=213508 87905 70559 125603 60930 21794 39136 14134 18569 25002 9581 2184 7397 3724
is_linear=0
shrinkage=0.03


Tree=111
num_leaves=15
num_cat=0
split_feature=233 60 193 229 115 228 229 248 228 228 248 248 119 103
split_gain=93.7158 88.2369 111.247 114.954 116.866 112.62 111.436 125.174 105.169 94.1555 79.7047 77.4024 68.8998 68.1145
threshold=99.500000000000014 68.500000000000014 72.500000000000014 59.500000000000007 15.500000000000002 93.500000000000014 35.500000000000007 0.71212121844291698 17.500000000000004 29.500000000000004 0.40909090638160711 0.95454546809196483 15.500000000000002 29.500000000000004
decision_type=10 8 8 10 10 10 8 2 10 10 2 2 8 10
left_child=1 2 5 6 -5 11 7 -4 -8 -10 -7 -1 -3 -2
right_child=13 12 3 4 -6 10 8 -9 9 -11 -12 -13 -14 -15
leaf_value=-0.0022801601881030386 0.011040970374758777 -0.0054413729149351883 0.0047748754738726369 0.017674530011521968 0.0030267000045633278 -0.01045223450545007 0.011829582598130764 -0.0045390840882708998 -0.015056225144541869 -0.0034522078867252151 -0.041929038016372808 -0.031945579998627426 0.0022045988250258028 -0.00025392067781959302
leaf_weight=16635.664289012551 1154.4092136472464 1140.7630006223917 3731.081634528935 569.40292578935623 3229.7175325602293 307.56033273041248 279.84632148593664 1979.7579072788358 916.04730443656445 1991.3238264396787 89.456240236759186 69.603772416710854 13616.585052259266 817.41813572496176
leaf_count=73984 5795 4905 16439 2750 14269 1356 1220 8923 3850 8502 393 338 66000 3726
internal_value=-2.29296e-06 -0.000286151 -0.00122553 0.000901447 0.00526272 -0.00280425 -0.000964462 0.00154375 -0.00544943 -0.00714745 -0.0184005 -0.0024228 0.00161027 0.00638103
internal_weight=46528.6 44556.8 29799.5 12697.2 3799.12 17102.3 8898.06 5710.84 3187.22 2907.37 397.017 16705.3 14757.3 1971.83
internal_count=212450 202929 132024 55953 17019 76071 38934 25362 13572 12352 1749 74322 70905 9521
is_linear=0
shrinkage=0.03


Tree=112
num_leaves=15
num_cat=0
split_feature=63 245 68 135 245 57 120 51 224 249 78 237 64 245
split_gain=120.699 105.107 123.674 173.425 105.512 103.89 91.624 89.3649 79.8953 79.0783 79.7564 77.7464 77.6484 77.7863
threshold=64.500000000000014 -0.11307818815112113 17.500000000000004 58.500000000000007 -0.044362664222717278 70.500000000000014 65.500000000000014 5.5000000000000009 7.5000000000000009 0.73232322931289684 8.5000000000000018 0.2484153285622597 92.500000000000014 -0.092067394405603395
decision_type=10 2 10 10 2 8 10 10 10 2 10 2 8 2
left_child=5 -2 3 7 6 9 -4 -3 -5 12 11 -11 13 -1
right_child=1 2 4 8 -6 -7 -8 -9 -10 10 -12 -13 -14 -15
leaf_value=0.0034670482540422099 0.010504697559469268 -0.008161136955261071 0.002139729501396351 0.0047769494142348694 -0.00065744737324150706 0.0013239097210459628 0.0092486474420815524 0.0012570919688892244 -0.038951197156257764 -0.03289293057925264 -0.0048917305470786961 0.0075043630893356639 -0.0081281128647948137 -0.0022208972435943815
leaf_weight=2517.5146929621696 1218.9052175283432 1258.4951396659017 3445.5515994653106 46.018769547343254 4012.2014655023813 10277.882696837187 3103.2161457315087 3172.009917370975 155.76977826654911 205.85902541130781 543.10497990995646 49.416903235018253 1686.0240107923746 15060.33277502656
leaf_count=12878 7717 5487 15216 210 17711 48491 14960 14512 679 936 2456 339 7856 64059
internal_value=-6.87781e-06 0.00206491 0.00138135 -0.0027016 0.00317309 -0.0011279 0.00551734 -0.00143053 -0.0292241 -0.00238399 -0.0115787 -0.0250846 -0.00199711 -0.00140476
internal_weight=46752.3 16412.2 15193.3 4632.29 10561 30340.1 6548.77 4430.51 201.789 20062.3 798.381 255.276 19263.9 17577.8
internal_count=213507 76492 68775 20888 47887 137015 30176 19999 889 88524 3731 1275 84793 76937
is_linear=0
shrinkage=0.03


Tree=113
num_leaves=15
num_cat=0
split_feature=245 209 164 77 239 120 126 222 249 248 245 248 224 139
split_gain=99.5574 92.3942 93.7388 105.1 75.2614 76.9085 66.8174 66.8523 86.1513 107.627 151.438 108.143 81.9998 74.2933
threshold=-0.20480131357908246 50.500000000000007 47.500000000000007 1.5000000000000002 -0.014762920793145893 98.500000000000014 67.500000000000014 5.5000000000000009 0.075757574290037169 0.76262626051902782 -0.096670344471931444 0.7929292917251588 1.5000000000000002 42.500000000000007
decision_type=2 10 10 8 8 10 8 10 2 2 2 2 10 8
left_child=-1 2 3 -2 -5 -6 7 8 9 -4 -11 -12 -9 -14
right_child=1 -3 6 4 5 -7 -8 12 -10 10 11 -13 13 -15
leaf_value=0.018507933779244059 -0.015520378696502369 -0.003514327029174342 -0.019054967787481714 0.0025556899884125526 -0.0024931174071362644 0.005512640114955167 0.0041639772764379647 -0.017608615827317653 0.0027720688636899268 0.015313608980467353 0.01909195592064937 -0.026657946747230443 0.0043209305688646773 -0.00052463477776988729
leaf_weight=249.32340113073587 434.34034136682749 6272.4893570765853 566.34969282150269 4643.451204650104 13135.381477452815 1167.262955725193 7092.2192304730415 190.39747232943773 801.64712117612362 265.36643427610397 52.207034841179848 195.99163083732128 5360.3858264386654 6058.4732293412089
leaf_count=2629 1969 27300 2446 22234 58310 5956 35117 891 3887 1286 223 820 23460 25805
internal_value=-2.83682e-05 -0.000132304 0.00039927 -0.00109779 -0.000759142 -0.00183636 0.00180871 0.000568367 -0.00466238 -0.010156 -0.000165798 -0.016668 0.00141942 0.00175182
internal_weight=46485.3 46236 39963.5 19380.4 18946.1 14302.6 20583 13490.8 1881.56 1079.91 513.565 248.199 11609.3 11418.9
internal_count=212333 209704 182404 88469 86500 64266 93935 58818 8662 4775 2329 1043 50156 49265
is_linear=0
shrinkage=0.03


Tree=114
num_leaves=15
num_cat=0
split_feature=76 77 190 244 231 10 140 230 248 243 244 231 243 246
split_gain=99.8917 100.709 89.6348 88.4537 120.443 84.417 162.67 94.6517 140.597 196.187 136.926 112.266 91.5338 90.8085
threshold=92.500000000000014 2.5000000000000004 86.500000000000014 0.053563781082630164 89.500000000000014 4.5000000000000009 17.500000000000004 10.500000000000002 0.71212121844291698 -0.038805728778243058 0.013230882585048677 98.500000000000014 -0.054013889282941811 0.0061824133154004821
decision_type=10 8 10 2 10 10 10 10 2 2 2 10 2 2
left_child=1 -1 5 4 -2 -3 7 11 13 -10 -11 -7 -13 -9
right_child=3 2 -4 -5 -6 6 -8 8 9 10 -12 12 -14 -15
leaf_value=-0.007803129475563865 0.0052187448348686933 0.0030039594819825143 0.0053794387140935727 0.015096588112759648 -0.0068502699788768971 0.0024022935933147929 0.00018928842776839495 0.011921567172366795 -0.0043236618010805295 -0.037183383644979993 -0.0077690638250156457 -0.041608600197905847 0.00038152618542130053 -0.0053030769650787256
leaf_weight=1575.3205593079329 3474.8152239248157 5404.7489800825715 2513.5748013406992 572.38038460165262 937.03729204088449 2105.7054756358266 24079.625011496246 285.81887753307819 718.23066250234842 414.95268048346043 223.8142656236887 89.133674457669258 88.034519843757153 4120.4728720262647
leaf_count=7301 16610 26813 11750 3565 5097 9788 106916 1190 3066 1697 933 459 403 17314
internal_value=9.38053e-05 -0.000387184 -9.35681e-05 0.0041029 0.0026457 -0.000461453 -0.00104522 -0.00473535 -0.00678017 -0.0151912 -0.0271557 0.000434012 -0.0218382 -0.00416132
internal_weight=46603.7 41619.4 40044.1 4984.23 4411.85 37530.5 32125.8 8046.16 5763.29 1357 638.767 2282.87 177.168 4406.29
internal_count=212902 187630 180329 25272 21707 168579 141766 34850 24200 5696 2630 10650 862 18504
is_linear=0
shrinkage=0.03


Tree=115
num_leaves=15
num_cat=0
split_feature=120 231 228 103 189 75 249 59 128 249 243 231 228 224
split_gain=114.488 129.247 120.105 116.186 112.306 131.171 106.885 91.1063 85.287 105.027 83.8224 86.831 85.9014 97.5705
threshold=98.500000000000014 91.500000000000014 10.500000000000002 9.5000000000000018 48.500000000000007 44.500000000000007 0.90404042601585399 4.5000000000000009 64.500000000000014 0.085858587175607695 -0.011441978625953196 26.500000000000004 45.500000000000007 35.500000000000007
decision_type=10 10 10 10 8 8 2 10 10 2 2 10 10 8
left_child=4 8 3 7 10 -6 -5 -3 9 -2 11 -1 13 -13
right_child=1 2 -4 6 5 -7 -8 -9 -10 -11 -12 12 -14 -15
leaf_value=0.0020081258964594409 0.0032763258542509522 0.014716237118523816 0.010211461555114171 -0.01867478845333536 -0.00132971866735987 0.0035364705020242168 0.022805086777253611 -0.0087506341181612431 -0.0021356802880858785 0.016348056207362065 -0.0069363240742307064 -0.0018749526513758402 0.0022315645393316741 -0.0081214899167354766
leaf_weight=5458.048838712275 937.9540106728673 289.37913427501917 520.86489491909742 623.16685054451227 9466.1272128894925 10512.884357400239 52.908373609185219 286.89106767624617 542.27411331236362 1360.1789943948388 2588.0343678891659 8005.4978831112385 2806.7509359717369 3125.6124989613891
leaf_count=23348 4730 2190 3024 3242 42003 49522 388 1725 2698 7280 11103 35631 12522 13559
internal_value=9.72247e-05 0.00457761 -0.00177263 -0.00679836 -0.000396345 0.00123134 -0.0151436 0.00308347 0.00853425 0.0110503 -0.00187547 -0.00119697 -0.00245262 -0.00363469
internal_weight=46576.6 4613.62 1773.21 1252.35 41963 19979 676.075 576.27 2840.41 2298.13 21983.9 19395.9 13937.9 11131.1
internal_count=212965 25277 10569 7545 187688 91525 3630 3915 14708 12010 96163 85060 61712 49190
is_linear=0
shrinkage=0.03


Tree=116
num_leaves=15
num_cat=0
split_feature=190 61 52 230 137 224 67 70 222 243 230 230 246 144
split_gain=106.869 102.652 121.396 169.981 102.594 135.04 147.029 101.921 99.2533 88.5729 81.7786 122.564 119.084 89.5164
threshold=90.500000000000014 10.500000000000002 9.5000000000000018 3.5000000000000004 87.500000000000014 3.5000000000000004 21.500000000000004 10.500000000000002 4.5000000000000009 -0.008629474323242901 14.500000000000002 26.500000000000004 0.029760933481156829 42.500000000000007
decision_type=10 8 8 10 8 8 10 8 8 2 8 8 2 10
left_child=1 4 3 8 10 -6 -7 -4 -3 -9 13 12 -12 -1
right_child=-2 2 7 -5 5 6 -8 9 -10 -11 11 -13 -14 -15
leaf_value=0.014523959278883856 0.0061925089289657093 -0.0034880435125242701 0.0040703107377634247 -0.0080136815878046035 0.013562600712109548 -0.031410101378295648 0.0039289163770490406 -0.00036639086941715651 0.010904408650473912 -0.005991565646251174 -0.018068726979669561 0.0053408268808092796 0.0046726525715844059 0.0040466163543532588
leaf_weight=1039.4826937839389 2298.7904575839639 936.6497236341238 4205.3127009123564 4392.220057554543 168.69045382738113 257.06750360876322 172.30495476722717 24791.137005493045 783.60223585367203 2794.4276919662952 511.57826655358076 1380.2913188561797 338.20399736613035 2483.1618212759495
leaf_count=5180 10997 4951 18686 19003 1133 1303 878 110905 3773 12266 2238 6246 1576 13631
internal_value=-9.98738e-05 -0.000428058 -0.00101965 -0.00488792 0.00309879 -0.00863208 -0.0174621 -0.00027459 0.00309308 -0.000938188 0.00433122 -0.000166027 -0.00906883 0.00717069
internal_weight=46552.9 44254.1 37903.3 6112.47 6350.78 598.063 429.372 31790.9 1720.25 27585.6 5752.72 2230.07 849.782 3522.64
internal_count=212766 201769 169584 27727 32185 3314 2181 141857 8724 123171 28871 10060 3814 18811
is_linear=0
shrinkage=0.03


Tree=117
num_leaves=15
num_cat=0
split_feature=10 119 249 29 70 81 137 68 232 119 224 47 76 249
split_gain=94.0998 105.702 134.375 85.8412 82.6525 92.443 114.818 88.884 85.2865 105.586 77.3404 122.105 72.4329 65.8627
threshold=2.5000000000000004 97.500000000000014 0.89393940567970287 99.500000000000014 6.5000000000000009 53.500000000000007 91.500000000000014 17.500000000000004 86.500000000000014 48.500000000000007 12.500000000000002 47.500000000000007 28.500000000000004 0.90404042601585399
decision_type=10 10 2 8 10 10 10 10 10 10 10 10 10 2
left_child=-1 2 3 4 10 6 8 -8 -6 -10 11 -2 -3 -14
right_child=1 12 -4 -5 5 -7 7 -9 9 -11 -12 -13 13 -15
leaf_value=0.0034328509473268102 0.0051126450721042417 0.011327685518171865 -0.018986535065664032 0.010099989086573056 -0.0031773751322110798 0.00093192303711383216 -0.038139700757907916 -0.0092638975661912728 -0.004865433468544767 0.0060958801518080702 0.0053274153262431005 -0.010672010994556934 0.00086359283087650057 0.023876960506413508
leaf_weight=6079.3034771978855 904.25411609560251 944.88186708837748 362.73755703866482 619.70529100298882 17915.5139606148 8849.8651399835944 119.6282602623105 410.66167099773884 1250.3024039715528 2115.9556791335344 3163.4107054099441 843.14403150230646 2788.0773348286748 106.6525474190712
leaf_count=31744 4268 4778 1625 3160 77239 39291 546 1928 5243 9904 13740 3729 14664 699
internal_value=-4.37159e-05 -0.00056765 -0.00106533 -0.000880523 -0.0010746 -0.00165339 -0.00270228 -0.0163633 -0.00235436 0.00202225 0.00253527 -0.00252106 0.00416102 0.00179077
internal_weight=46474.1 40394.8 36555.2 36192.4 35572.7 30661.9 21812.1 530.29 21281.8 3366.26 4910.81 1747.4 3839.61 2894.73
internal_count=212558 180814 160673 159048 155888 134151 94860 2474 92386 15147 21737 7997 20141 15363
is_linear=0
shrinkage=0.03


Tree=118
num_leaves=15
num_cat=0
split_feature=245 228 101 224 47 248 147 245 248 230 230 230 178 222
split_gain=106.583 132.422 100.917 92.1746 129.51 103.605 90.1761 76.2682 133.028 110.289 116.337 162.355 177.162 151.93
threshold=-0.11046205461025237 30.500000000000004 2.5000000000000004 1.5000000000000002 54.500000000000007 0.84343436360359203 1.5000000000000002 -0.044362664222717278 0.37878787517547613 80.500000000000014 14.500000000000002 24.500000000000004 8.5000000000000018 40.500000000000007
decision_type=2 10 8 8 8 2 10 2 2 10 8 8 8 10
left_child=1 3 -2 5 6 -1 -5 8 -4 10 13 12 -12 -10
right_child=2 -3 7 4 -6 -7 -8 -9 9 -11 11 -13 -14 -15
leaf_value=0.0045083586788570397 -0.0059341093903815629 0.028222727422462672 0.0063043288049749119 -0.020283167734161126 0.010595562268220874 0.02804834827478046 -0.00090037421198018461 -0.0018991756236138083 0.00080508948263256189 0.0054101733484197521 -0.023053135754762689 -0.00066096310934885385 -0.0047079121239145738 0.014293681458520027
leaf_weight=481.0879056379199 2751.4983534291387 198.07364568859339 3548.4883790910244 240.19692637771368 844.0532279536128 252.89191616326571 1589.5714035779238 12957.500180318952 5915.0723096653819 3038.3815770000219 601.21939787268639 11138.763977319002 2142.8672686070204 851.17053804546595
leaf_count=3717 11782 1400 15849 1137 4950 2044 9063 56373 27231 14598 2588 48758 9233 4172
internal_value=2.98616e-05 0.00497646 -0.000386542 0.00354668 0.000944241 0.012887 -0.00354121 -5.39385e-06 0.000895939 8.34194e-05 -0.000702618 -0.00227419 -0.00879639 0.0025205
internal_weight=46550.8 3605.88 42945 3407.8 2673.82 733.98 1829.77 40193.5 27236 23687.5 20649.1 13882.9 2744.09 6766.24
internal_count=212895 22311 190584 20911 15150 5761 10200 178802 122429 106580 91982 60579 11821 31403
is_linear=0
shrinkage=0.03


Tree=119
num_leaves=15
num_cat=0
split_feature=238 231 224 244 137 229 126 244 249 244 121 249 222 244
split_gain=103.565 96.1933 260.978 171.266 172.222 150.789 232.113 191.133 138.971 244.816 128.851 118.706 147.835 112.523
threshold=-0.24158336222171781 91.500000000000014 16.500000000000004 0.004429855616763235 22.500000000000004 5.5000000000000009 47.500000000000007 0.0016359004657715561 0.82323232293128978 0.035618251189589507 72.500000000000014 0.075757574290037169 63.500000000000007 0.094841357320547118
decision_type=10 8 8 2 8 8 10 2 2 2 10 2 8 2
left_child=-1 5 3 -3 -5 6 -2 -7 9 -6 -10 -4 -13 -14
right_child=1 2 11 4 8 7 -8 -9 10 -11 -12 12 13 -15
leaf_value=0.0076489457072360968 -0.0036694004591369483 0.014476175094568859 -0.0073659624170993362 -0.02351661175071525 -0.0011723678762340691 -0.013260280879991671 0.01107865258964952 8.7244572959047998e-05 -0.024770857406734379 -0.025564557433043218 0.024713672184829009 0.013601693057076935 -0.0051982544847253738 0.018857559124629296
leaf_weight=1556.1071248725057 1497.9136016145349 224.057348318398 857.15060269832611 842.70037490129471 981.03402611613274 983.92295309901237 2646.9306745603681 33821.987493909895 53.01146138459444 585.87578309327364 192.77553436905146 1100.8533702939749 1080.7163744568825 198.49154136329889
leaf_count=11149 6710 1112 3783 3909 4526 4145 13169 148162 237 2892 1106 5678 5497 1178
internal_value=6.4931e-05 -0.000198572 -0.0036929 -0.0102473 -0.0123799 0.000350969 0.00575282 -0.000293775 -0.00710194 -0.010397 0.0134897 0.00215074 0.00559455 -0.00134825
internal_weight=46623.5 45067.4 6116.67 2879.45 2655.4 38950.8 4144.84 34805.9 1812.7 1566.91 245.787 3237.21 2380.06 1279.21
internal_count=213253 202104 29918 13782 12670 172186 19879 152307 8761 7418 1343 16136 12353 6675
is_linear=0
shrinkage=0.03


Tree=120
num_leaves=15
num_cat=0
split_feature=57 231 137 226 224 248 35 29 77 243 244 121 148 117
split_gain=101.349 115.404 154.973 113.261 120.667 128.636 117.191 96.7579 86.055 124.115 84.8428 107.149 102.471 80.7678
threshold=60.500000000000007 88.500000000000014 22.500000000000004 4.5000000000000009 4.5000000000000009 0.80303028225898754 8.5000000000000018 16.500000000000004 11.500000000000002 -0.051749901846051209 0.032604603096842773 26.500000000000004 12.500000000000002 88.500000000000014
decision_type=8 10 10 8 8 2 8 10 10 2 2 10 10 10
left_child=-1 3 7 -2 5 -5 8 -3 9 -6 11 12 -4 -11
right_child=1 2 10 4 6 -7 -8 -9 -10 13 -12 -13 -14 -15
leaf_value=-0.0012864095028347017 0.010545060832658786 -0.0049116223046833376 -0.045300776082424596 0.0050634772082513895 0.0060281653127955944 0.031699915703817964 0.0026121860723618 -0.023631426030773992 0.0026675766274976967 -0.016077084192412022 -0.0046433337584054421 0.010041265731884715 0.0054492146566695893 -0.00017822368733366376
leaf_weight=26952.463330775499 1459.3323318995535 566.55562569200993 55.905215784907341 533.08425142616034 441.39808074384928 228.36700379103422 10961.552061960101 442.34581308811903 1091.427263751626 1101.7511439099908 1252.0688702873886 994.32594580203295 74.279183641076088 388.21881315112114
leaf_count=120431 7623 3038 239 2466 2104 1248 49838 1978 4919 4642 7112 5102 375 1884
internal_value=-9.30846e-05 0.00154849 -0.00348204 0.00260094 0.00180813 0.0133594 0.00117006 -0.0132706 -0.00405087 -0.00784168 0.00071156 0.00666226 -0.0180213 -0.0119634
internal_weight=46543.1 19590.6 3385.48 16205.1 14745.8 761.451 13984.3 1008.9 3022.8 1931.37 2376.58 1124.51 130.184 1489.97
internal_count=212999 92568 17844 74724 67101 3714 63387 5016 13549 8630 12828 5716 614 6526
is_linear=0
shrinkage=0.03


Tree=121
num_leaves=15
num_cat=0
split_feature=238 242 252 78 63 244 59 238 171 140 118 72 244 244
split_gain=109.327 94.9283 84.0126 72.1174 74.0926 89.7716 112.019 72.8351 70.8436 69.9819 63.2951 58.3971 53.8883 98.6066
threshold=-0.11196875572204588 0.041725955903530128 0.23031794279813769 6.5000000000000009 62.500000000000007 0.021851060912013057 78.500000000000014 -0.28068861365318293 9.5000000000000018 2.5000000000000004 95.500000000000014 4.5000000000000009 0.0016359004657715561 0.004429855616763235
decision_type=10 8 2 10 10 2 8 10 10 10 10 8 2 2
left_child=1 3 8 7 5 6 10 -1 -2 -6 -5 -3 -10 -14
right_child=2 11 -4 4 9 -7 -8 -9 12 -11 -12 -13 13 -15
leaf_value=0.010177729197973924 -0.0056878935135953948 0.01928635514411663 0.011990920674794243 0.0030230026349603043 -0.0054092604180207334 -0.0047991830193982194 -0.0057571431460583062 -0.0048879698981688386 -0.0091268075050371482 0.0057520683641154279 0.015570521410599404 0.0053397582679832658 0.0050374007971579343 -0.0013397246522746349
leaf_weight=313.36563739925623 3155.3155323043466 299.51864884793758 413.65215677767992 4633.6085124090314 557.88146420195699 2439.4770929962397 1328.2620478197932 2734.9360809773207 685.92532652616501 4741.8450937494636 383.59890103340149 2284.8973893895745 2436.8561832010746 20175.91618411243
leaf_count=2537 13466 1915 2141 20582 2665 11727 6070 13519 2861 23146 2033 12963 10303 87350
internal_value=-1.99261e-05 0.00167609 -0.00126474 0.000865731 0.0017714 8.02877e-05 0.00196077 -0.003311 -0.00147647 0.00456918 0.00401141 0.00702419 -0.000903927 -0.000650573
internal_weight=46585.1 19717.4 26867.7 17133 14084.7 8784.95 6345.47 3048.3 26454 5299.73 5017.21 2584.42 23298.7 22612.8
internal_count=213278 97157 116121 82279 66223 40412 28685 16056 113980 25811 22615 14878 100514 97653
is_linear=0
shrinkage=0.03


Tree=122
num_leaves=15
num_cat=0
split_feature=245 231 226 226 231 231 238 245 231 248 108 248 212 248
split_gain=92.3501 109.059 170.744 156.323 156.793 144.504 179.612 153.077 142.146 305.864 234.308 129.98 117.112 104.118
threshold=-0.20480131357908246 91.500000000000014 74.500000000000014 4.5000000000000009 19.500000000000004 77.500000000000014 -0.13886366039514539 -0.043717956170439713 75.500000000000014 0.59090909361839306 75.500000000000014 0.71212121844291698 20.500000000000004 0.81313130259513866
decision_type=2 10 8 8 10 10 10 2 10 2 8 2 10 2
left_child=-1 3 13 4 11 7 -7 -6 12 -10 -11 -2 -5 -3
right_child=1 2 -4 8 5 6 -8 -9 9 10 -12 -13 -14 -15
leaf_value=0.01800583514498846 -0.00020225803257471943 -0.0087827339755314777 0.0056617256911051569 -0.00019533143333497986 0.017686058320912953 0.014459518523067615 -0.01035882169156831 -0.0036157093897768878 -0.0013440863272545039 0.015399059653747207 -0.027092726139992938 -0.037016647247045946 -0.0050849228400884836 0.0020912200981307283
leaf_weight=241.20411449670792 303.79454708099365 3841.3343729004264 1300.9595559388399 25711.004600554705 1584.6704048216343 437.7402930110693 624.14072036743164 371.2597451210022 3494.3526788949966 2035.0823781713843 114.91858574002981 110.63247355818748 5311.1783969923854 993.55392614006996
leaf_count=2644 1346 18235 6773 114087 7892 2761 2869 1690 15875 9812 581 503 22426 5262
internal_value=-0.000134752 -0.000233264 -0.00395459 0.000337011 0.00644964 0.00882818 -8.84815e-05 0.0136449 -0.000236775 0.00413802 0.0130129 -0.0106706 -0.00103383 -0.00654847
internal_weight=46475.8 46234.6 6135.85 40098.8 3432.24 3017.81 1061.88 1955.93 36666.5 5644.35 2150 414.427 31022.2 4834.89
internal_count=212756 210112 30270 179842 17061 15212 5630 9582 162781 26268 10393 1849 136513 23497
is_linear=0
shrinkage=0.03


Tree=123
num_leaves=15
num_cat=0
split_feature=120 192 248 14 75 233 248 228 229 228 5 238 249 249
split_gain=95.6022 119.529 102.766 101.088 138.283 122.748 127.89 106.772 114.621 76.8587 110.926 80.3955 73.4827 74.5452
threshold=98.500000000000014 79.500000000000014 0.85353535413742077 7.5000000000000009 56.500000000000007 71.500000000000014 0.71212121844291698 22.500000000000004 1.0000000180025095e-35 10.500000000000002 5.5000000000000009 -0.29072803258895868 0.04545454494655133 0.80303028225898754
decision_type=10 10 2 8 10 8 2 10 10 10 10 10 2 2
left_child=3 2 9 5 -5 6 -1 8 -8 10 11 -2 -10 -14
right_child=1 -3 -4 4 -6 -7 7 -9 12 -11 -12 -13 13 -15
leaf_value=-0.0026662837773994592 0.020996003656073507 0.01300727430433035 0.016204203973665347 -0.001353532112844637 0.0024536105160533005 0.0021072850516038141 0.0069224548696330962 0.0076366456687908509 -0.028679946006525112 0.0048930916192758567 -0.013733440755959527 -0.0018759320766986451 -0.0085034251370024929 -0.028980348384488843
leaf_weight=2830.2635863721371 154.02835834026337 1046.8742957115173 370.60216027125716 20656.493030652404 14679.659348025918 2147.2196506932378 172.53419240564108 192.65561878681183 443.50145547837019 1400.2970265820622 692.35192406922579 874.59329927712679 685.55723205953836 205.10577064007521
leaf_count=12721 1511 5535 2677 91655 66014 10111 898 869 1887 7069 3462 4795 3023 939
internal_value=3.55039e-05 0.00416684 0.00148688 -0.000411698 0.000228312 -0.00379413 -0.00659012 -0.0130714 -0.0157522 -0.000306742 -0.00454149 0.00171815 -0.0187141 -0.0134884
internal_weight=46551.7 4538.75 3491.87 42013 35336.2 6676.84 4529.62 1699.35 1506.7 3121.27 1720.97 1028.62 1334.16 890.663
internal_count=213166 25049 19514 188117 157669 30448 20337 7616 6747 16837 9768 6306 5849 3962
is_linear=0
shrinkage=0.03


Tree=124
num_leaves=15
num_cat=0
split_feature=245 233 245 241 67 47 243 226 222 245 243 106 222 245
split_gain=105.862 82.4808 95.0991 100.691 113.047 86.6659 74.1819 138.595 166.765 118.31 245.259 130.153 116.89 82.3582
threshold=-0.20480131357908246 69.500000000000014 -0.11145202815532683 -1.9569281935691831 15.500000000000002 67.500000000000014 -0.081788215786218629 6.5000000000000009 2.5000000000000004 -0.074053302407264696 -0.054362094029784196 87.500000000000014 5.5000000000000009 -0.13847385346889493
decision_type=2 10 2 8 10 8 2 10 10 2 2 10 10 2
left_child=-1 2 5 4 -4 -2 7 12 -9 11 -11 -8 -3 -10
right_child=1 6 3 -5 -6 -7 9 8 13 10 -12 -13 -14 -15
leaf_value=0.01940841459813248 0.00073790140354441079 0.016295525059537325 -0.010622580771363341 -0.00064761646107539081 -0.0011345132328543057 0.014205802597082007 0.0072530707141964575 -0.037848765599937821 0.015832195311552777 -0.02048505228807335 0.0014655707809080516 -0.019641374051580736 -0.022595713005301707 -0.015932597797761915
leaf_weight=241.46214339137077 1197.701610468328 277.68466933816671 2083.4580041319132 25019.386473581195 2462.0340244174004 661.9359787479043 4330.2830276042223 196.21558101475239 120.09402600675821 472.465784907341 9067.7905772477388 158.80698762834072 82.285475373268127 158.99327463656664
leaf_count=2684 6834 1930 9050 111173 11310 4136 21117 926 692 2050 39136 824 517 785
internal_value=-3.96253e-06 -0.000109395 -0.000980304 -0.00139483 -0.00549721 0.00558213 0.00173117 -0.00690323 -0.0173867 0.00224979 0.00035819 0.00626011 0.00703494 -0.00218905
internal_weight=46530.6 46289.1 31424.5 29564.9 4545.49 1859.64 14864.6 835.273 475.303 14029.3 9540.26 4489.09 359.97 279.087
internal_count=213164 210480 142503 131533 20360 10970 67977 4850 2403 63127 41186 21941 2447 1477
is_linear=0
shrinkage=0.03


Tree=125
num_leaves=15
num_cat=0
split_feature=238 78 60 245 193 237 57 146 105 167 68 243 228 230
split_gain=97.4956 101.668 125.601 99.2524 96.9011 86.9568 77.6346 122.374 96.8298 78.2912 67.5281 79.3558 73.7912 124.282
threshold=-0.11835134774446486 10.500000000000002 72.500000000000014 -0.20480131357908246 68.500000000000014 0.23031794279813769 79.500000000000014 90.500000000000014 61.500000000000007 16.500000000000004 19.500000000000004 -0.008629474323242901 93.500000000000014 62.500000000000007
decision_type=10 8 10 2 8 2 10 10 10 10 10 2 10 8
left_child=1 3 4 -1 -3 10 7 -5 -9 -8 -2 12 -12 -14
right_child=5 2 -4 6 -6 -7 9 8 -10 -11 11 -13 13 -15
leaf_value=0.020275356980940681 -0.003900562756566485 -0.0013161734616098087 0.0080632158872022148 0.0012771132921389002 0.0045994874773596425 0.012216914807810918 -0.0042876735724918401 -0.022016286565909361 -0.0011873881256474091 0.0067062659438020047 0.00058332608017151982 -0.0056187942593556636 -0.038057221943539589 -0.0039099776296900573
leaf_weight=158.66444164514542 6521.6645145192742 5438.6722476258874 3394.0543812401593 687.46061613410711 4584.5612299069762 430.03969632834196 1416.0836379602551 623.67357578873634 295.84037807583809 976.08495746552944 18794.248223349452 2353.3110805004835 101.68080614507198 703.13604667782784
leaf_count=1797 28072 25889 17770 3233 22127 2243 7118 3160 1541 5150 81015 10077 428 3300
internal_value=5.27779e-05 0.00181423 0.00308393 -0.00228068 0.0013915 -0.00101853 -0.00322393 -0.00830165 -0.0153998 0.000207465 -0.00122264 -0.000425662 0.000200438 -0.00863827
internal_weight=46479.2 17575.1 13417.3 4157.81 10023.2 28904.1 3999.14 1606.97 919.514 2392.17 28474 21952.4 19599.1 804.817
internal_count=212920 87785 65786 21999 48016 125135 20202 7934 4701 12268 122892 94820 84743 3728
is_linear=0
shrinkage=0.03


Tree=126
num_leaves=15
num_cat=0
split_feature=63 230 52 249 231 238 249 241 222 242 116 119 57 231
split_gain=93.8559 109.525 147.015 131.165 121.336 136.718 93.2417 86.9135 82.3638 80.4074 82.4891 78.693 77.7141 114.657
threshold=75.500000000000014 3.5000000000000004 8.5000000000000018 0.89393940567970287 92.500000000000014 -0.086667835712432847 0.83333334326744091 -1.0000000180025095e-35 21.500000000000004 0.012959736399352552 35.500000000000007 15.500000000000002 69.500000000000014 69.500000000000014
decision_type=10 10 10 2 8 10 2 8 10 8 10 10 10 10
left_child=1 4 3 8 5 9 7 -6 -3 -1 -11 -2 13 -4
right_child=11 2 12 -5 6 -7 -8 -9 -10 10 -12 -13 -14 -15
leaf_value=-0.020839595786569697 -0.0071983818096510574 -0.0083093988718973884 -0.0031100194399645287 -0.031928056578020177 -0.0074667720204071681 -0.0046137953541097393 0.01776713845148065 0.011584342830253285 -0.00045412817817034668 0.012266831455207645 -0.0020035513999532573 0.0030567680813114876 0.0022954988442312751 0.0021904707507441018
leaf_weight=68.461935341358185 708.11230243742466 2953.9534643143415 12066.981667287648 160.45385804027319 1569.4463849775493 800.95874617993832 169.86617448180914 240.45379669219255 2022.099548690021 2416.7416600212455 425.97580425441265 10960.581238869578 6739.8383996635675 5269.7962162196636
leaf_count=299 2985 13228 51179 695 8733 3648 1044 1773 8901 12865 2182 51901 29995 23937
internal_value=0.000100749 -0.00067799 -0.0014199 -0.00602229 0.00312561 0.00631847 -0.00286281 -0.004886 -0.0051246 0.00933178 0.0101289 0.00242881 -0.000435933 -0.00149852
internal_weight=46573.7 34905 29213.1 5136.51 5691.9 3712.14 1979.77 1809.9 4976.05 2911.18 2842.72 11668.7 24076.6 17336.8
internal_count=213365 158479 127935 22824 30544 18994 11550 10506 22129 15346 15047 54886 105111 75116
is_linear=0
shrinkage=0.03


Tree=127
num_leaves=15
num_cat=0
split_feature=245 248 76 79 28 120 226 248 222 248 226 222 10 249
split_gain=101.304 237.588 121.088 158.038 108.809 154.179 121.54 97.1992 242.351 230.104 186.55 166.507 126.607 121.788
threshold=-0.075403515249490724 0.58080807328224193 85.500000000000014 91.500000000000014 11.500000000000002 76.500000000000014 6.5000000000000009 0.69191917777061474 42.500000000000007 0.59090909361839306 42.500000000000007 5.5000000000000009 61.500000000000007 0.52020201086997997
decision_type=2 2 10 10 10 10 10 2 8 2 8 8 8 2
left_child=1 -1 3 4 6 -6 -3 9 -9 11 12 13 -10 -2
right_child=7 2 -4 -5 5 -7 -8 8 10 -11 -12 -13 -14 -15
leaf_value=0.01092602640761391 -0.018344790252994084 -9.4959509113137278e-05 0.0057658723118175943 0.016521022309569398 -0.0035158330081747988 0.007164583138388283 -0.014412532952875675 -0.0092602958129248195 0.011579518410790747 0.0068175289895278102 0.027211433877650903 -0.00080497296418535031 -0.027496904228958858 0.009938530298905247
leaf_weight=2331.4340349882841 788.68299877643585 953.303710706532 2813.9186126813293 409.00468870252371 3913.3231796994805 1753.0979558154941 1202.4281372800469 2843.4434040039778 158.68042659759521 3590.3588826358318 313.58792407810688 25180.036600083113 124.55025345087051 158.71847745776176
leaf_count=13229 3345 5499 16015 2239 17219 8933 5612 12040 697 15708 1440 110008 534 739
internal_value=4.27175e-05 0.00224553 0.000404992 -0.00143246 -0.00239111 -0.000204687 -0.00811072 -0.000846342 -0.00561259 -0.000292878 0.0116325 -0.0012722 -0.00595598 -0.0135522
internal_weight=46534.6 13376.5 11045.1 8231.16 7822.15 5666.42 2155.73 33158.1 3440.26 29717.8 596.819 26127.4 283.231 947.401
internal_count=213257 68746 55517 39502 37263 26152 11111 144511 14711 129800 2671 114092 1231 4084
is_linear=0
shrinkage=0.03


Tree=128
num_leaves=15
num_cat=0
split_feature=136 68 140 139 232 237 229 226 226 231 136 231 233 231
split_gain=89.2014 101.04 264.594 113.027 98.9791 98.2993 90.3887 76.7013 96.9506 118.131 104.691 102.672 71.3253 70.6702
threshold=1.5000000000000002 18.500000000000004 89.500000000000014 40.500000000000007 78.500000000000014 0.1923833563923836 3.5000000000000004 70.500000000000014 4.5000000000000009 77.500000000000014 23.500000000000004 21.500000000000004 53.500000000000007 69.500000000000014
decision_type=8 8 10 8 10 2 10 8 10 10 10 10 8 10
left_child=-1 2 7 4 -3 13 -4 8 9 11 -11 -2 -10 -5
right_child=1 3 6 5 -6 -7 -8 -9 12 10 -12 -13 -14 -15
leaf_value=0.0045094095068402944 -0.0068204407689391074 0.0013846279391873987 -7.5112322733406482e-05 -0.0022286298370207507 0.0081611185177055193 0.0102829463257919 -0.034765626005147224 0.006431529059527776 -0.0075927753202825804 0.00033547283114051288 -0.022552706338234075 0.014946575532189013 -0.0018590135495093149 0.0019394802080224152
leaf_weight=3612.7015702612698 247.24957224726677 8162.0740060955286 87.011213287711143 14823.669141098857 2537.0746593698859 684.63358675688505 293.66166040301323 899.8209812939167 3313.6507220342755 1091.9730150774121 205.25771126151085 832.91212606430054 4755.1700151115656 4852.0853404253721
leaf_count=20275 1089 36979 452 64700 11497 3666 1354 4182 14254 5699 915 4049 21397 22192
internal_value=-1.06726e-05 -0.000393295 -0.00276465 0.000502624 0.00299765 -0.00080931 -0.0270412 -0.00192704 -0.0026525 0.00266363 -0.00343089 0.00994723 -0.0042202 -0.0012003
internal_weight=46398.9 42786.2 11726.7 31059.5 10699.1 20360.4 380.673 11346 10446.2 2377.39 1297.23 1080.16 8068.82 19675.8
internal_count=212700 192425 53391 139034 48476 90558 1806 51585 47403 11752 6614 5138 35651 86892
is_linear=0
shrinkage=0.03


Tree=129
num_leaves=15
num_cat=0
split_feature=165 238 244 231 244 224 224 231 245 246 96 231 244 144
split_gain=101.437 97.082 107.132 131.667 156.136 159.101 132.961 140.995 253.819 172.116 130.594 116.441 109.108 105.979
threshold=6.5000000000000009 -0.14556067436933515 0.094841357320547118 91.500000000000014 0.0040010181255638608 40.500000000000007 32.500000000000007 75.500000000000014 -0.073709525167942033 0.003783074789680541 24.500000000000004 76.500000000000014 0.025379881262779239 6.5000000000000009
decision_type=8 10 2 8 2 10 8 10 2 2 8 10 2 10
left_child=-1 -2 3 6 -5 10 -3 9 11 -8 -6 -9 -7 -11
right_child=1 2 -4 4 5 12 7 8 -10 13 -12 -13 -14 -15
leaf_value=-0.0056133842573283582 0.0029868217119763899 0.0025494538666918378 0.015212649711667955 0.018605526990040862 -0.022910016024322008 0.0087639310150804065 -0.022834751815329738 -0.023490897368537947 -2.2443526351552718e-05 0.0086859461113183243 -0.0069193262100345678 0.024849945209120514 -0.0079357534356094654 -0.0028004659461818384
leaf_weight=2741.0190599858761 9611.2793245017529 11628.907855570316 379.73572608083487 207.61641961336136 750.1547134667635 669.08994761109352 363.74201926589012 40.813081979751587 2487.7563240230083 751.93541634827852 1196.9010059908032 576.53442165255547 721.29856286942959 14254.612870521843
leaf_count=12419 51622 50404 2077 930 3168 3275 1497 193 10921 3329 5500 3032 3481 60919
internal_value=-2.61027e-05 0.000326036 -0.000426141 -0.000607093 -0.00606716 -0.007653 3.76819e-05 -0.00154382 0.00427775 -0.00272191 -0.0131657 0.0213306 0.000105751 -0.00221951
internal_weight=46381.4 43640.4 34029.1 33649.4 3545.06 3337.44 30104.3 18475.4 3105.1 15370.3 1947.06 617.348 1390.39 15006.5
internal_count=212767 200348 148726 146649 16354 15424 130295 79891 14146 65745 8668 3225 6756 64248
is_linear=0
shrinkage=0.03


Tree=130
num_leaves=15
num_cat=0
split_feature=245 243 242 243 245 222 51 249 232 106 64 222 224 147
split_gain=94.1044 96.1936 89.5225 70.9258 88.845 115.125 75.709 84.1276 69.6075 114.828 93.1417 69.3976 68.236 67.7218
threshold=-0.11046205461025237 -0.024749744683504101 0.010315495077520611 -0.008629474323242901 -0.05376318842172622 64.500000000000014 3.5000000000000004 0.45959596335887914 87.500000000000014 81.500000000000014 35.500000000000007 79.500000000000014 1.5000000000000002 91.500000000000014
decision_type=2 2 8 2 2 8 8 2 8 10 8 10 10 10
left_child=1 -1 -2 6 5 -5 7 -4 -8 10 -10 -7 -11 -12
right_child=2 -3 3 4 -6 11 8 -9 9 12 13 -13 -14 -15
leaf_value=0.0036140275690840582 -0.015410032922150147 0.029878134280436116 -0.0024965413066982893 -0.032353816962487056 -0.002851116488074879 0.027017555658697182 -0.00012366114799675044 -0.017144566681503933 0.0087117969910637302 -0.038327578178805659 0.0019672003599456494 -0.016296476280917665 -0.0058533375880045558 -0.017297597715018931
leaf_weight=3459.169768307358 348.3106821924448 120.5428800880909 3127.5680295228958 201.76194669306278 3463.9848470240831 53.768422774970531 29719.082560323179 388.61422851681709 2632.8899500146508 60.519392438232899 2285.2248653098941 60.131162971258163 366.79910957813263 166.8930993527174
leaf_count=21639 1481 829 13475 870 15150 290 131781 1730 12106 302 10740 273 1748 713
internal_value=-8.67695e-05 0.00457921 -0.000477313 -0.000351415 -0.00426849 -0.0192572 3.16796e-05 -0.00415949 0.000451031 0.00354403 0.00480464 0.00468102 -0.0112238 0.000591093
internal_weight=46455.3 3579.71 42875.5 42527.2 3779.65 315.662 38747.6 3516.18 35231.4 5512.33 5085.01 113.9 427.319 2452.12
internal_count=213127 22468 190659 189178 16583 1433 172595 15205 157390 25609 23559 563 2050 11453
is_linear=0
shrinkage=0.03


Tree=131
num_leaves=15
num_cat=0
split_feature=209 164 98 171 238 246 96 228 248 224 29 148 143 108
split_gain=93.5481 79.5761 72.1072 64.848 63.2023 60.8048 57.3206 55.0563 191.899 119.505 101.771 98.617 89.7421 76.4838
threshold=52.500000000000007 38.500000000000007 41.500000000000007 21.500000000000004 -0.29072803258895868 0.28148111701011663 18.500000000000004 4.5000000000000009 0.82323232293128978 31.500000000000004 47.500000000000007 30.500000000000004 69.500000000000014 9.5000000000000018
decision_type=10 10 8 10 10 2 10 10 2 8 8 10 10 8
left_child=1 5 4 -2 -3 -1 -5 8 10 13 12 -10 -6 -9
right_child=3 2 -4 6 7 -7 -8 9 11 -11 -12 -13 -14 -15
leaf_value=-0.00098606949787726221 -0.0076402099304056503 0.015595082268630591 0.004458980936430248 0.0041082634541283842 -0.0064675514565176928 -0.020354721419927935 -0.0036653277464670738 -0.00019968298154769091 0.017760223523282766 -0.00088375048584636508 0.0048708270825030472 -0.0015772300409975328 -0.021342132610591195 0.0071836730007780051
leaf_weight=16057.608668506145 2189.4001257605851 240.49824982881546 5825.8965990692377 1241.1603281982243 988.61496292799711 137.24843719601631 2679.8039098754525 1927.6835114359856 448.09431209415197 9596.2709948197007 393.50194370001554 489.47306088358164 581.82772254943848 3647.5562803074718
leaf_count=73717 9522 2288 27649 5404 4619 883 11798 8670 2443 42579 1913 2540 2969 16136
internal_value=-6.05507e-05 0.000463757 0.00155494 -0.00351659 0.000629178 -0.00116267 -0.00120045 0.000421513 -0.0033577 0.00114601 -0.00867505 0.00775467 -0.0120786 0.00463503
internal_weight=46444.6 40334.3 24139.4 6110.36 18313.5 16194.9 3920.96 18073 2901.51 15171.5 1963.94 937.567 1570.44 5575.24
internal_count=213130 186406 111806 26724 84157 74600 17202 81869 14484 67385 9501 4983 7588 24806
is_linear=0
shrinkage=0.03


Tree=132
num_leaves=15
num_cat=0
split_feature=242 190 70 228 246 178 228 81 141 10 224 233 5 78
split_gain=92.5227 81.7968 83.7366 80.2729 87.3754 75.7049 70.0792 71.6719 78.3624 135.27 79.1374 133.012 102.056 99.9487
threshold=0.010315495077520611 90.500000000000014 9.5000000000000018 11.500000000000002 0.033588707447052009 33.500000000000007 93.500000000000014 60.500000000000007 75.500000000000014 79.500000000000014 16.500000000000004 13.500000000000002 4.5000000000000009 3.5000000000000004
decision_type=8 10 10 10 2 10 10 10 10 10 10 10 10 10
left_child=-1 2 3 5 -5 -2 7 8 9 -4 12 -12 -10 -13
right_child=1 -3 6 4 -6 -7 -8 -9 10 -11 11 13 -14 -15
leaf_value=-0.0144741597604239 0.0017279382159939886 0.0057311539342271636 -0.0011523013086315881 0.0022838809852547357 0.011043675110068516 -0.0074749973984839105 -0.0084832954958899854 0.0021093879849779945 0.0045492935852235348 -0.0078253833596227899 -0.0047753899470193602 -0.015035021758600687 -0.0062858221151368071 0.0071020761393005248
leaf_weight=381.8733627051115 3439.0050876066089 2249.5163447037339 14426.247963808477 3072.7739697396755 1533.096328780055 1039.2372395917773 1024.6000861302018 7144.8120956122875 1191.9398601800203 3364.6849320158362 1359.1528211236 183.59731575101614 2235.6900230422616 3830.3673560023308
leaf_count=1644 18727 10849 62986 13185 7297 4660 4695 32635 6728 14447 6241 849 10697 17651
internal_value=4.14374e-05 0.000164806 -0.000122022 0.002441 0.00521725 -0.000419625 -0.000792327 -0.000556303 -0.00127306 -0.00241803 0.00104163 0.00331139 -0.0025157 0.00605469
internal_weight=46476.6 46094.7 43845.2 9084.11 4605.87 4478.24 34761.1 33736.5 26591.7 17790.9 8800.75 5373.12 3427.63 4013.96
internal_count=213291 211647 200798 43869 20482 23387 156929 152234 119599 77433 42166 24741 17425 18500
is_linear=0
shrinkage=0.03


Tree=133
num_leaves=15
num_cat=0
split_feature=230 245 215 193 245 149 46 230 119 136 237 232 224 143
split_gain=83.13 118.065 100.341 100.068 85.2078 84.5734 84.2335 80.999 86.6805 73.3307 72.29 68.9178 82.002 69.171
threshold=80.500000000000014 -0.046983137726783746 50.500000000000007 51.500000000000007 -0.064950689673423753 22.500000000000004 28.500000000000004 93.500000000000014 78.500000000000014 9.5000000000000018 0.15967628359794619 87.500000000000014 16.500000000000004 66.500000000000014
decision_type=8 2 10 8 2 10 8 10 10 10 2 10 10 10
left_child=2 3 5 4 6 -1 -2 8 -8 -4 -3 -7 -13 -14
right_child=1 10 9 -5 -6 11 7 -9 -10 -11 -12 12 13 -15
leaf_value=-0.0029898740536715858 0.022912316804271981 -0.001978829405028719 0.0012324153987383292 0.0089925538357138336 0.0062281640784162618 6.8508842485046612e-05 -0.02593103627255931 0.010248948828366996 0.011788116051339961 -0.0066500492424942242 0.011856519770586313 -0.00040496675741501188 0.0039670230446166134 0.014476052133967323
leaf_weight=6790.7508222684264 53.377575442194939 4040.44470949471 1465.5439108759165 3088.9327657073736 611.84090295433998 21320.907825488597 328.69595224410295 92.868369616568089 59.370834484696388 3822.9264720380306 361.06816594302654 1936.5879502221942 1538.8614088371396 890.07661733031273
leaf_count=30580 311 17845 6763 16300 2842 96605 1624 498 374 16059 1854 10320 6741 4258
internal_value=-3.21242e-05 0.00262139 -0.000639488 0.00619108 -0.00137148 -1.49724e-05 -0.0100284 -0.0140766 -0.0200092 -0.00446745 -0.000819574 0.000772363 0.00420192 0.00786159
internal_weight=46402.3 8636.6 37765.7 4235.09 1146.15 32477.2 534.313 480.935 388.067 5288.47 4401.51 25686.4 4365.53 2428.94
internal_count=212974 41648 171326 21949 5649 148504 2807 2496 1998 22822 19699 117924 21319 10999
is_linear=0
shrinkage=0.03


Tree=134
num_leaves=15
num_cat=0
split_feature=165 238 190 233 248 226 224 222 224 248 224 145 226 243
split_gain=83.9496 90.2213 85.6849 88.1693 88.925 128.459 167.707 128.083 146.211 142.492 123.811 120.768 102.461 106.652
threshold=7.5000000000000009 -0.28068861365318293 73.500000000000014 56.500000000000007 0.71212121844291698 28.500000000000004 6.5000000000000009 35.500000000000007 91.500000000000014 0.84343436360359203 30.500000000000004 94.500000000000014 12.500000000000002 -0.07417594268918036
decision_type=8 10 10 10 2 8 10 10 10 2 8 10 10 2
left_child=-1 -2 3 4 10 6 -6 9 -9 -7 12 -8 -3 -14
right_child=1 2 -4 -5 5 7 11 8 -10 -11 -12 -13 13 -15
leaf_value=-0.0046188511401191483 0.011262734585368802 0.0093091638966199576 0.0039812358281445803 0.0013199748437503329 -0.00092806328850132203 -0.0078825565745535842 -0.023411748453054174 0.024785083897496191 -0.01621030969737634 0.013386329601545271 -0.0025340214810410109 -0.00082752898104451245 -0.017457699317314553 0.001726249384307893
leaf_weight=3197.1183482259512 668.75888162851334 1625.2297539189458 4866.4775104150176 17457.476785577834 893.97947388887405 1460.0162313133478 902.40487466007471 304.26093034446239 96.535324990749359 341.7141774892807 10295.218115188181 279.01812628656626 269.49447853118181 3894.2814205959439
leaf_count=14440 5559 8005 22598 79432 4465 6324 3964 1393 470 1643 45978 1418 1240 16787
internal_value=6.47631e-05 0.000411132 0.000238523 -0.000243999 -0.00158486 -0.0054237 -0.0107601 -0.000369402 0.0147567 -0.0037971 -0.000561107 -0.0181297 0.00294586 0.000445743
internal_weight=46552 43354.9 42686.1 37819.6 20362.2 4277.93 2075.4 2202.53 400.796 1801.73 16084.2 1181.42 5789.01 4163.78
internal_count=213716 199276 193717 171119 91687 19677 9847 9830 1863 7967 72010 5382 26032 18027
is_linear=0
shrinkage=0.03


Tree=135
num_leaves=15
num_cat=0
split_feature=231 228 248 246 231 248 41 70 140 248 119 243 246 10
split_gain=74.6371 176.861 205.673 156.128 129.672 234.403 207.546 176.956 156.369 128.236 199.581 125.487 159.492 125.137
threshold=91.500000000000014 11.500000000000002 0.82323232293128978 0.039617974311113364 75.500000000000014 0.58080807328224193 17.500000000000004 9.5000000000000018 89.500000000000014 0.65151515603065502 77.500000000000014 -0.011441978625953196 0.052991416305303581 1.5000000000000002
decision_type=10 8 2 2 10 2 10 8 10 2 10 2 2 8
left_child=4 2 3 -2 7 -6 8 -1 -7 11 13 12 -9 -11
right_child=1 -3 -4 -5 5 6 -8 9 -10 10 -12 -13 -14 -15
leaf_value=0.0041748488355748412 -0.020637847036020951 0.0023017265815557866 0.0045028955368717222 -0.0053491588293078044 -0.00054058947714232853 0.0051821319877551585 0.018047184105101973 -0.00017474404795388111 -0.030326101524122625 0.0075543219141552499 0.0034518273436854132 -0.0046627700870549797 0.0084717448979529288 -0.010110470591050039
leaf_weight=6474.3872175961733 1090.9289092645049 2979.9726883769035 896.84438919275999 1345.6690789759159 3919.3646496012807 1239.5669795311987 1572.1890273839235 13994.247142709792 112.60559523105621 389.25031834095716 1736.2314426414669 4465.7986701056361 2215.2452471256256 4018.7229192852974
leaf_count=29194 5045 14700 5211 7462 18084 6699 7678 60787 522 1713 8316 19553 11269 17042
internal_value=2.36311e-05 -0.00300581 -0.00774324 -0.0122507 0.000500774 0.00425858 0.0106706 -0.000272709 0.00202417 -0.00134753 -0.00514909 -0.000215857 0.00101141 -0.008537
internal_weight=46451 6313.42 3333.44 2436.6 40137.6 6843.73 2924.36 33293.9 1352.17 26819.5 6144.2 20675.3 16209.5 4407.97
internal_count=213275 32418 17718 12507 180857 32983 14899 147874 7221 118680 27071 91609 72056 18755
is_linear=0
shrinkage=0.03


Tree=136
num_leaves=15
num_cat=0
split_feature=76 244 190 242 68 137 120 243 229 133 108 189 245 120
split_gain=81.5962 89.1908 78.6347 75.5053 80.3371 241.404 88.1639 79.8704 78.5689 73.7033 83.7887 73.1062 72.5535 104.257
threshold=91.500000000000014 0.05883110128343106 88.500000000000014 0.044921152293682105 17.500000000000004 90.500000000000014 51.500000000000007 -0.026276211254298684 4.5000000000000009 41.500000000000007 62.500000000000007 38.500000000000007 -0.045178743079304688 17.500000000000004
decision_type=10 2 10 8 10 10 10 2 10 10 8 10 2 8
left_child=2 11 3 4 5 6 -1 -8 -7 -5 -11 -2 -6 -14
right_child=1 -3 -4 9 12 8 7 -9 -10 10 -12 -13 13 -15
leaf_value=-0.0066848494993829348 -0.0018621063924539499 0.015028005459004984 0.0050018886919797681 0.0079338715830509308 0.00086554365338158904 -0.0070429282509533453 -0.0026525166068195752 0.0046083318655876088 -0.035026174936263026 -0.0080355504299994863 0.010215351403357137 0.0055075468998053417 0.0039085032574912165 -0.0040870740415587022
leaf_weight=3022.2016837373376 2213.8758415691555 529.11226269602776 2222.234905526042 1663.6948120817542 17176.582727991045 142.72029481083155 4563.8118325322866 1932.6948673352599 267.73889251798391 703.44553513079882 321.94786777347326 2655.150337703526 1835.7500043809414 7179.0181272178888
leaf_count=12853 10598 3464 10573 9926 76157 838 22282 8666 1236 3290 1615 13573 7617 30593
internal_value=-1.73089e-05 0.0034465 -0.000473735 -0.000788476 -0.00114987 -0.00344627 -0.00246091 -0.000488669 -0.0256951 0.00405208 -0.00226191 0.00215972 -0.000278314 -0.00245634
internal_weight=46430 5398.14 41031.8 38809.6 36120.5 9929.17 9518.71 6496.51 410.459 2689.09 1025.39 4869.03 26191.4 9014.77
internal_count=213281 27635 185646 175073 160242 45875 43801 30948 2074 14831 4905 24171 114367 38210
is_linear=0
shrinkage=0.03


Tree=137
num_leaves=15
num_cat=0
split_feature=63 57 170 151 226 70 226 226 244 245 243 226 106 106
split_gain=75.7589 89.0167 88.0764 66.9408 76.199 83.4658 73.2059 72.243 70.3645 56.0797 105.759 104.132 59.4144 91.5142
threshold=77.500000000000014 72.500000000000014 49.500000000000007 63.500000000000007 41.500000000000007 15.500000000000002 1.0000000180025095e-35 3.5000000000000004 0.089284386485815062 -0.071302972733974443 -0.054362094029784196 56.500000000000007 15.500000000000002 83.500000000000014
decision_type=10 8 10 10 10 10 8 8 2 2 2 10 10 10
left_child=1 -1 3 4 6 -6 -3 -5 -8 11 -11 12 -2 -14
right_child=9 2 -4 7 5 -7 8 -9 -10 10 -12 -13 13 -15
leaf_value=-0.0016379579461969559 -0.0011757903545894415 0.011182792184091 0.0057679596982521883 0.010654709664425133 0.01101335986830399 0.00040294667862555858 -0.0036802315402276668 -0.0093088544761022306 0.016431153645580732 -0.017429477071589289 0.0014746972362709471 0.015427585322112667 0.010663789286102903 -0.015498828071102212
leaf_weight=24325.41657435149 1549.2812167294323 361.39366592466831 3224.1913409084082 182.94953280687332 1162.7961768880486 1549.7474546134472 3518.5559299066663 1089.9319393336773 154.05208388715982 266.74528029561043 7088.1652611792088 724.57595561444759 1050.1723649427295 126.83897718787193
leaf_count=108203 8081 2313 15511 1018 5023 6837 17098 4904 1135 1175 31682 3880 5484 690
internal_value=5.05961e-05 -0.000617813 0.00158875 -9.65802e-05 0.00109639 0.0049751 -0.00151759 -0.00637883 -0.00279431 0.00224931 0.000766353 0.00539863 0.00268656 0.00773759
internal_weight=46374.8 35569 11243.6 8019.43 6746.55 2712.54 4034 1272.88 3672.61 10805.8 7354.91 3450.87 2726.29 1177.01
internal_count=213034 162042 53839 38328 32406 11860 20546 5922 18233 50992 32857 18135 14255 6174
is_linear=0
shrinkage=0.03


Tree=138
num_leaves=15
num_cat=0
split_feature=165 238 60 148 244 67 243 228 195 120 75 120 230 67
split_gain=84.8525 87.4961 82.0361 86.8908 71.6713 65.8262 62.0021 60.3291 60.0519 59.343 56.8844 64.9122 62.322 53.4473
threshold=7.5000000000000009 -0.10760273411870001 83.500000000000014 52.500000000000007 0.11410578340291978 2.5000000000000004 -0.097939416766166673 11.500000000000002 91.500000000000014 21.500000000000004 55.500000000000007 95.500000000000014 46.500000000000007 86.500000000000014
decision_type=8 10 10 8 2 10 2 8 10 8 8 10 10 10
left_child=9 2 3 4 -2 -3 -5 -8 10 -1 11 13 -13 -7
right_child=1 5 -4 6 -6 8 7 -9 -10 -11 -12 12 -14 -15
leaf_value=0.0056819001908537132 -0.00073676702808972883 -0.0086549471555568691 0.0060264889427424206 0.017857066121495381 -0.022304614741912684 -0.002266685698340314 -0.0015651385387305849 0.0045973734969657915 0.0048308772567932003 -0.0063272305398592854 0.0011145222962765198 -0.0020008632195665406 0.01262752831973734 -0.010715525991092174
leaf_weight=419.24291042238474 8687.5051415599883 935.49866557121277 3420.7576453834772 246.3789112791419 130.94000195339322 11988.275869958103 2004.3038110733032 4941.4003697112203 1700.2354709059 2772.8027812987566 7350.3536102548242 541.01891680061817 494.21174897253513 705.14857420325279
leaf_count=1792 41694 4141 18474 1755 828 50933 9448 23750 7585 12596 32133 2396 2418 3033
internal_value=-2.522e-05 0.000324395 0.00181638 0.000913659 -0.00108192 -0.000898349 0.0033586 0.00281938 -0.000576143 -0.00473713 -0.00101436 -0.00215415 0.00503662 -0.0027441
internal_weight=46338.1 43146 19431.3 16010.5 8818.45 23714.7 7192.08 6945.7 22779.2 3192.05 21079 13728.7 1035.23 12693.4
internal_count=212976 198588 95949 77475 42522 102639 34953 33198 98498 14388 90913 58780 4814 53966
is_linear=0
shrinkage=0.03


Tree=139
num_leaves=15
num_cat=0
split_feature=140 71 231 224 119 101 224 244 137 70 178 244 10 231
split_gain=75.4101 155.683 141.581 136.005 102.56 98.3649 123.796 93.6816 88.1945 87.6796 95.6194 101.444 81.6603 85.1499
threshold=27.500000000000004 24.500000000000004 92.500000000000014 16.500000000000004 94.500000000000014 5.5000000000000009 32.500000000000007 0.060558125376701362 25.500000000000004 9.5000000000000018 99.500000000000014 0.012288554571568968 2.5000000000000004 69.500000000000014
decision_type=10 10 10 10 10 10 10 2 10 10 8 2 8 10
left_child=1 2 4 8 5 7 -7 -1 -4 -2 11 -11 -3 -14
right_child=9 12 3 -5 -6 6 -8 -9 -10 10 -12 -13 13 -15
leaf_value=-0.0035158386606884496 0.0057901074611160759 0.0033643649982944531 -0.020350443157468201 0.0086572042076867688 0.013869074489539697 0.0079907525018082237 -0.0017193620439847608 0.015820294376918512 0.0018621881218072944 0.002272710038846769 0.011192613896647854 -0.0016850826238752536 -0.007589601416319194 -0.00016552760007764372
leaf_weight=3623.1983383744955 2948.9199307784438 1009.9281816296279 649.25121029093862 286.45058680325747 612.21009952947497 2921.7154094725847 1974.5408570915461 230.59206077456474 210.70823287591338 10140.835806876421 697.37239877134562 13678.34707184881 5474.9170438498259 1863.1659122854471
leaf_count=16813 14482 4680 3413 1443 3517 13255 8547 1636 1223 44752 3706 63820 23215 8423
internal_value=-9.0983e-05 -0.00155137 0.000878231 -0.00902675 0.00209944 0.00126106 0.00407938 -0.00232091 -0.014949 0.000911858 0.000322967 1.64111e-07 -0.00460719 -0.00570739
internal_weight=46322.2 18856.7 10508.7 1146.41 9362.26 8750.05 4896.26 3853.79 859.959 27465.5 24516.6 23819.2 8348.01 7338.08
internal_count=212925 86165 49847 6079 43768 40251 21802 18449 4636 126760 112278 108572 36318 31638
is_linear=0
shrinkage=0.03


Tree=140
num_leaves=15
num_cat=0
split_feature=66 224 29 244 77 243 224 228 248 98 224 246 28 10
split_gain=91.9132 74.3346 73.3906 73.1493 64.2232 65.8914 72.2671 63.0397 62.0359 102 67.4911 60.0067 59.9727 63.9271
threshold=16.500000000000004 95.500000000000014 99.500000000000014 0.10160479322075845 1.5000000000000002 -0.062362568452954285 5.5000000000000009 28.500000000000004 0.90404042601585399 55.500000000000007 7.5000000000000009 0.014215858187526466 73.500000000000014 91.500000000000014
decision_type=10 10 8 2 10 2 10 10 2 10 10 2 8 10
left_child=1 3 4 12 5 -2 -7 -8 -6 10 -10 -12 13 -1
right_child=2 -3 -4 -5 8 6 7 -9 9 -11 11 -13 -14 -15
leaf_value=-0.00052823554397055745 0.0065308594139598638 -0.020197874161321364 0.0084988029810052004 0.018756363138841981 0.00073295110521999377 0.012103186591502391 -0.016561649178152262 0.00090009607078579885 0.029236182196250238 -0.022506417818240834 0.028786471939872965 -0.0058388925868261216 -0.0075660941806527226 -0.012713113181199963
leaf_weight=6705.2160667665303 300.28126614168286 198.84565246850252 1089.1067951247096 139.19234652817249 34325.395529340953 118.93853891640902 696.85762842744589 251.20438497513533 198.0347018763423 58.822641640901566 53.925932675600052 144.38769669085741 1652.0153248980641 401.3587888404727
leaf_count=28790 2033 860 5891 1035 157020 621 3060 1123 1389 324 236 739 8217 1677
internal_value=0.000201167 -0.00250057 0.000861669 -0.00208284 0.000629281 -0.00572479 -0.00920246 -0.0119738 0.000880644 0.0117633 0.017278 0.00450642 -0.00243504 -0.0012333
internal_weight=46333.6 9096.63 37237 8897.78 36147.8 1367.28 1067 948.062 34780.6 455.171 396.348 198.314 8758.59 7106.57
internal_count=213015 40579 172436 39719 166545 6837 4804 4183 159708 2688 2364 975 38684 30467
is_linear=0
shrinkage=0.03


Tree=141
num_leaves=15
num_cat=0
split_feature=245 244 224 224 231 248 129 248 118 78 231 231 233 248
split_gain=95.7808 141.468 167.607 245.814 161.027 140.153 117.66 113.469 108.236 95.7188 94.0771 130.684 88.4267 129.077
threshold=-0.11046205461025237 0.02216257713735104 21.500000000000004 2.5000000000000004 22.500000000000004 0.55050507187843334 40.500000000000007 0.63131311535835277 23.500000000000004 2.5000000000000004 95.500000000000014 99.500000000000014 61.500000000000007 0.71212121844291698
decision_type=2 2 10 10 10 2 10 2 10 8 8 8 10 2
left_child=1 4 3 10 7 -5 -7 -1 -6 -4 -3 -12 13 -2
right_child=12 2 9 5 8 6 -8 -9 -10 -11 11 -13 -14 -15
leaf_value=0.014606421160307163 -0.00051870163313950544 0.022041896231965841 -0.015115799835265576 0.012446266091121217 -0.01535552815675305 -0.034230657040237859 0.005271848269919617 -0.029120454911417102 0.01473377831609117 0.021018543759464436 -0.027083681736381749 0.010496956662729328 0.0013358951509057663 -0.0060664472877843137
leaf_weight=74.768258102238178 22023.64349899441 200.66862688213587 74.250329792499542 85.854584001004696 106.93438342958689 407.8029664978385 78.092207334935665 141.83749133348465 1691.2093170695007 328.93410487473011 121.79220498725772 216.83251080662012 16306.503406003118 4545.7624961063266
leaf_count=483 98320 1568 370 602 478 2164 451 660 10374 2161 893 2102 72425 20241
internal_value=-1.12351e-05 0.00473232 -0.0021904 -0.00819688 0.00992036 -0.0217348 -0.0279036 -0.0140483 0.0128694 0.0141593 0.00629021 -0.00340873 -0.000402674 -0.00146979
internal_weight=46404.9 3528.98 1514.23 1111.04 2014.75 571.75 485.895 216.606 1798.14 403.184 539.293 338.625 42875.9 26569.4
internal_count=213292 22306 10311 7780 11995 3217 2615 1143 10852 2531 4563 2995 190986 118561
is_linear=0
shrinkage=0.03


Tree=142
num_leaves=15
num_cat=0
split_feature=239 231 228 248 249 229 248 226 226 101 242 243 243 25
split_gain=81.4986 83.3784 201.411 259.777 206.389 145.952 135.825 156.134 140.051 115.265 113.446 105.94 144.866 104.473
threshold=-0.046495538204908364 91.500000000000014 8.5000000000000018 0.82323232293128978 0.48989899456501013 5.5000000000000009 0.85353535413742077 5.5000000000000009 58.500000000000007 4.5000000000000009 0.029566342011094097 -0.040642730891704552 -0.064616106450557695 26.500000000000004
decision_type=10 10 8 2 2 8 2 8 10 10 10 2 2 10
left_child=-1 5 3 4 10 9 -7 -8 -9 -2 -3 12 -6 -4
right_child=1 2 13 -5 11 6 7 8 -10 -11 -12 -13 -14 -15
leaf_value=0.0043163568122455663 -0.0012962315530040311 -0.02927706019224036 0.0069329955867527462 0.0054880475439104464 0.00026108314797806422 -0.00030271592238568867 0.023243791819605002 -0.020986935293495036 0.023440151074951558 0.0093824549894569176 -0.0014467747291929576 0.016994968435780057 -0.029636757751001924 -0.0040148977571947417
leaf_weight=3432.8091379143298 1425.9709532558918 859.66248568147421 1483.6809665411711 681.68395350128412 424.63143473491073 32559.15658069402 89.134271696209908 682.71674709022045 62.107554391026497 2492.0896236672997 156.64079822599888 154.4673166424036 212.03449510782957 1642.773694165051
leaf_count=18609 6972 3731 7393 3875 2630 143538 491 2907 299 12293 848 737 966 7887
internal_value=-0.000124781 -0.000480857 -0.00388548 -0.0102348 -0.0161623 3.24657e-05 -0.000610803 -0.012493 -0.0170209 0.00550256 -0.0250435 -0.00458325 -0.0100004 0.00118604
internal_weight=46359.6 42926.8 5615.58 2489.12 1807.44 37311.2 33393.1 833.959 744.824 3918.06 1016.3 791.133 636.666 3126.45
internal_count=213176 194567 28067 12787 8912 166500 147235 3697 3206 19265 4579 4333 3596 15280
is_linear=0
shrinkage=0.03


Tree=143
num_leaves=15
num_cat=0
split_feature=120 231 226 68 77 35 245 233 245 243 246 92 222 246
split_gain=84.5522 95.2181 118.881 95.4546 94.9841 91.8164 120.785 98.619 86.553 104.325 83.481 92.0915 86.0439 95.8676
threshold=98.500000000000014 91.500000000000014 52.500000000000007 69.500000000000014 21.500000000000004 6.5000000000000009 -0.075403515249490724 67.500000000000014 -0.074394576251506792 -0.043064532801508897 0.0055031422525644311 48.500000000000007 17.500000000000004 0.003783074789680541
decision_type=10 10 8 10 10 8 2 10 2 2 2 10 8 2
left_child=5 3 4 -2 -3 7 -7 -1 9 -8 12 -12 -10 -14
right_child=1 2 -4 -5 -6 6 8 -9 10 -11 11 -13 13 -15
leaf_value=-0.0063176038718646037 0.01078949253765189 0.0030182686535252584 0.01495461198596483 -0.0018544334597151825 -0.012445356102533689 0.003606952688230683 0.014942042262081701 0.0015874101075699859 0.020661608208553839 -0.027347629661704054 -0.0016645338263815577 0.0028883351230114714 -0.0082973275148014586 0.011606737518402853
leaf_weight=4167.2038544118404 2036.1474078670144 668.38044884800911 313.28540920466185 725.18391974270344 750.80060600116849 7726.3418026864529 62.315890073776245 2146.9837913252413 309.06246028840542 205.04281038045883 21370.387524314225 4908.7192746400833 397.51507389545441 458.42937587201595
leaf_count=18851 10974 4547 2012 3651 3999 38356 270 10135 1294 889 91659 22585 1658 1902
internal_value=0.000119599 0.00402488 -0.00148427 0.00747422 -0.00519241 -0.000301593 0.000292565 -0.00363144 -0.0006325 -0.0173074 -0.000463809 -0.00081332 0.00735995 0.00237388
internal_weight=46245.8 4493.8 1732.47 2761.33 1419.18 41752 35437.8 6314.19 27711.5 267.359 27444.1 26279.1 1165.01 855.944
internal_count=212782 25183 10558 14625 8546 187599 158613 28986 120257 1159 119098 114244 4854 3560
is_linear=0
shrinkage=0.03


Tree=144
num_leaves=15
num_cat=0
split_feature=63 230 244 52 249 229 249 10 96 224 229 244 224 246
split_gain=71.2165 100.15 122.484 120.017 105.336 97.4227 88.789 88.7566 119.18 91.9222 105.9 99.2057 94.1042 99.1891
threshold=72.500000000000014 3.5000000000000004 0.0087648015469312685 9.5000000000000018 0.83333334326744091 5.5000000000000009 0.89393940567970287 78.500000000000014 41.500000000000007 29.500000000000004 21.500000000000004 0.0021399660035967831 16.500000000000004 0.020129203796386722
decision_type=10 8 2 8 2 10 2 10 10 8 8 2 10 2
left_child=1 2 5 6 -4 -1 -3 9 -9 12 11 -11 13 -5
right_child=-2 3 4 7 -6 -7 -8 8 -10 10 -12 -13 -14 -15
leaf_value=0.01612789697695214 0.0018250298035998854 -0.0047662862083935427 -0.0014211424804602584 0.0077497642948383284 0.017994794074666531 -0.0050216648474154021 -0.026769372346429756 -0.0074364908578052899 0.00056837898266169477 -0.037534017383774987 3.0359805756162606e-05 -0.0068490939045264517 0.0080634904968978523 -0.0048484624290053187
leaf_weight=925.77258705720305 12828.00818336755 5207.6470224037766 2773.9266683235765 881.10526525974274 266.45598775520921 242.85999096930027 161.10842536389828 3345.7582526281476 3337.3889228403568 98.550593823194504 11293.883873715997 819.37575998157263 2556.2952129393816 1515.0635947063565
leaf_count=4741 60632 23238 14683 3804 1677 1073 698 14476 15247 421 50407 3700 11154 6836
internal_value=-7.43141e-05 -0.000803577 0.00351757 -0.00142709 0.000333864 0.0117274 -0.00547511 -0.000513851 -0.00344419 0.000628458 -0.000770068 -0.0105125 0.00407155 -0.000202961
internal_weight=46253.2 33425.2 4209.02 29216.2 3040.38 1168.63 5368.76 23847.4 6683.15 17164.3 12211.8 917.926 4952.46 2396.17
internal_count=212787 152155 22174 129981 16360 5814 23936 106045 29723 76322 54528 4121 21794 10640
is_linear=0
shrinkage=0.03


Tree=145
num_leaves=15
num_cat=0
split_feature=238 244 242 228 246 230 246 244 246 246 222 6 46 244
split_gain=80.488 86.5123 79.8645 78.0422 119.116 99.5007 76.1408 73.1105 78.728 93.4018 133.621 125.309 81.3297 79.7208
threshold=-0.12805734574794767 0.10799458995461465 0.044254658743739135 4.5000000000000009 0.003783074789680541 44.500000000000007 0.014535639435052873 0.0016359004657715561 0.0064617125317454347 0.003783074789680541 12.500000000000002 31.500000000000004 6.5000000000000009 0.0062977366615086803
decision_type=10 2 8 10 2 10 2 2 2 2 10 10 10 2
left_child=2 3 -1 4 -2 -6 -7 -5 9 11 13 -9 -12 -11
right_child=1 -3 -4 7 5 6 -8 8 -10 10 12 -13 -14 -15
leaf_value=0.0011587119756761844 0.024346191840355285 0.017785159880463652 0.0080238654972136277 -0.0093548163491607994 -0.0089039532890499585 -0.016695476037716775 0.023948751547298627 0.013721483937031634 -0.00051933835499835606 -0.026314433117573505 -0.018675642586379739 -0.022612024643614902 0.017219099438016843 0.016881190092023223
leaf_weight=12915.485090330243 103.18785065412521 215.79385775327682 1720.169262945652 788.30445170402527 2300.350922331214 49.026398375630379 141.59754040837288 140.40247508883476 26610.129456311464 116.83482673764229 52.579356327652931 189.8233357667923 900.31436617672443 47.146415591239929
leaf_count=64758 450 1215 10494 3309 10165 205 627 602 115696 506 229 803 3781 209
internal_value=0.000131542 -0.000719048 0.00197052 -0.000851671 -0.00582547 -0.00716767 0.0131844 -0.000402499 -0.000147728 0.00664232 0.0107671 -0.00721481 0.0150651 -0.0136388
internal_weight=46291.1 31655.5 14635.7 31439.7 2594.16 2490.97 190.624 28845.5 28057.2 1447.1 1116.87 330.226 952.894 163.981
internal_count=213049 137797 75252 136582 11447 10997 832 125135 121826 6130 4725 1405 4010 715
is_linear=0
shrinkage=0.03


Tree=146
num_leaves=15
num_cat=0
split_feature=245 226 226 248 243 47 248 229 60 150 233 248 226 120
split_gain=79.1981 122.216 114.262 232.413 178.844 142.793 121.712 113.865 109.228 76.8419 69.1079 111.125 121.185 177.344
threshold=-0.11046205461025237 54.500000000000007 6.5000000000000009 0.60101011395454418 -0.10082716494798659 37.500000000000007 0.84343436360359203 32.500000000000007 45.500000000000007 45.500000000000007 54.500000000000007 0.77272728085517894 28.500000000000004 15.500000000000002
decision_type=2 10 10 2 2 10 2 10 10 10 10 2 8 8
left_child=1 2 6 7 -5 8 9 -4 -6 -1 11 -2 -13 -14
right_child=10 -3 3 4 5 -7 -8 -9 -10 -11 -12 12 13 -15
leaf_value=0.010008248236746675 -0.00061181225422342366 0.021507398875540366 0.018979305960619641 -0.036842697811774454 -0.023370964082784114 0.0081222640319965397 0.023499623854522089 -0.0325787321682331 -0.0012197280351999233 -0.0087031045377223039 0.0011046509168490511 -0.014547981911960628 -0.028251514694769598 0.0024603243618082633
leaf_weight=533.52985791862011 21478.025310441852 330.17567032948136 487.83482903987169 160.93717151880264 382.87193258851767 510.57091227918863 384.88868324831128 32.788792043924332 411.20857521519065 301.02576384320855 18752.201111607254 1123.1736711636186 184.3112940043211 1301.8360532000661
leaf_count=4133 96084 2223 3104 803 1726 2544 3077 193 2310 2356 83208 5044 772 5826
internal_value=9.59345e-05 0.00440471 0.00258176 -0.00185881 -0.00797318 -0.00415878 0.00977078 0.0151794 -0.0120579 0.00323589 -0.000260642 -0.00132355 -0.00715736 -0.00151191
internal_weight=46375.4 3535.83 3205.66 1986.21 1465.59 1304.65 1219.44 520.624 794.081 834.556 42839.5 24087.3 2609.32 1486.15
internal_count=213403 22469 20246 10680 7383 6580 9566 3297 4036 6489 190934 107726 11642 6598
is_linear=0
shrinkage=0.03


Tree=147
num_leaves=15
num_cat=0
split_feature=231 228 249 244 242 229 244 249 245 231 226 231 231 246
split_gain=77.2588 159.659 189.68 205.093 171.928 146.862 159.562 122.539 135.071 220.152 158.67 184.585 149.587 136.283
threshold=91.500000000000014 8.5000000000000018 0.83333334326744091 0.004429855616763235 0.022658659145236019 5.5000000000000009 0.0019746321486309175 0.91414141654968273 -0.075403515249490724 76.500000000000014 12.500000000000002 57.500000000000007 60.500000000000007 0.042770449072122581
decision_type=10 8 2 2 10 8 2 2 2 10 8 10 10 2
left_child=5 2 3 -2 -5 -1 -7 8 9 10 -8 -12 -13 -11
right_child=1 -3 -4 4 -6 6 7 -9 -10 13 11 12 -14 -15
leaf_value=0.0056484593319087997 0.015255329729048049 0.0013017339212825503 0.013258473570965077 -0.021599059202515158 -0.0053638279773321014 -0.010433798418123552 0.015997188040793805 -0.023743414614317185 -0.00064640775274515841 0.021609298366754688 0.0033118514195192819 -0.029501792335400966 -0.0045512674618630091 -0.0019586652366011953
leaf_weight=4334.8342792354524 235.6735023483634 3381.8836562931538 319.14962916076183 1192.5389259010553 1164.0805114135146 1308.8218693062663 613.20235197246075 181.30634254217148 26888.835712142289 883.18567422777414 4028.7945513874292 256.36864826828241 1178.6767174974084 291.25940547138453
leaf_count=22081 1222 16711 2073 5563 6807 5586 3143 795 116704 4716 19247 1147 5557 1601
internal_value=-4.54864e-05 -0.00313233 -0.00826969 -0.0109609 -0.013636 0.00044126 -0.00019366 0.000199763 0.000333832 0.00396449 0.00165549 1.96479e-05 -0.00918195 0.0157973
internal_weight=46258.6 6293.33 2911.44 2592.29 2356.62 39965.3 35630.5 34321.6 34140.3 7251.49 6077.04 5463.84 1435.05 1174.45
internal_count=212953 32376 15665 13592 12370 180577 158496 152910 152115 35411 29094 25951 6704 6317
is_linear=0
shrinkage=0.03


Tree=148
num_leaves=15
num_cat=0
split_feature=193 230 242 249 230 233 60 228 231 120 193 65 222 249
split_gain=78.6772 101.783 116.407 107.224 99.4799 98.314 89.8844 114.491 86.0933 115.459 77.8444 69.5544 69.5372 91.2113
threshold=73.500000000000014 80.500000000000014 0.021447487175464634 0.085858587175607695 63.500000000000007 10.500000000000002 41.500000000000007 93.500000000000014 92.500000000000014 87.500000000000014 96.500000000000014 96.500000000000014 37.500000000000007 0.025252525694668296
decision_type=8 10 8 2 8 8 10 10 10 10 10 10 10 2
left_child=6 2 5 4 -4 -2 7 -1 9 10 -7 -10 13 -3
right_child=1 12 3 -5 -6 8 -8 -9 11 -11 -12 -13 -14 -15
leaf_value=-0.002684025260401388 -0.010381554474703155 -0.0065707132328397064 0.00095936468612920053 0.0048099941276203515 -0.010747031678840491 -0.00015975775174836355 0.00035880672762970343 -0.022028835869484228 -0.018189715508732097 0.010992984731268569 -0.013098069912971759 0.012418250258772202 0.0029094399830025745 0.014736206732414301
leaf_weight=10994.414690494537 1282.4759127050638 210.63003560900688 2856.6430774368346 5845.083349712193 836.53714326024055 2983.7082752883434 15292.279727131128 272.69860124588013 388.23932307958603 741.73310239613056 476.85023139417171 72.929687835276127 2949.605964243412 1083.3841537609696
leaf_count=48885 5389 958 12686 29011 3772 12378 72264 1181 1725 3366 1985 382 13876 5390
internal_value=-7.36015e-05 0.00136112 0.000231836 0.00228474 -0.0017141 -0.00305967 -0.0011394 -0.00317135 -0.00102821 0.000334432 -0.00197521 -0.0131885 0.00547144 0.0112442
internal_weight=46287.2 19727.8 15484.2 9538.26 3693.18 5945.94 26559.4 11267.1 4663.46 4202.29 3460.56 461.169 4243.62 1294.01
internal_count=213248 90918 70694 45469 16458 25225 122330 50066 19836 17729 14363 2107 20224 6348
is_linear=0
shrinkage=0.03


Tree=149
num_leaves=15
num_cat=0
split_feature=245 231 248 248 245 120 226 245 248 249 226 224 226 231
split_gain=81.5221 145.745 141.826 126.949 243.284 115.867 211.131 113.416 112.403 124.182 125.567 176.724 135.812 164.755
threshold=-0.099373251199722276 22.500000000000004 0.7929292917251588 0.56060606241226207 -0.10346869006752966 15.500000000000002 46.500000000000007 -0.075403515249490724 0.58080807328224193 0.17676767706871035 12.500000000000002 1.5000000000000002 76.500000000000014 12.500000000000002
decision_type=2 8 2 2 2 8 10 2 2 2 8 10 10 8
left_child=1 3 7 -1 -5 -4 -7 8 -2 10 11 -10 13 -12
right_child=2 -3 5 4 -6 6 -8 -9 9 -11 12 -13 -14 -15
leaf_value=0.014599077490187384 0.011269352920333955 0.0051245769643715206 -0.026151978121089225 -0.03166418674861763 0.01791643256727889 -0.0093446108931989277 0.0080741357864556156 -0.00063330408484395164 -0.0095811265696738711 -0.0080051316884170234 0.020202765807608235 0.026741827862340792 0.0149123527634124 -0.0079068618557403252
leaf_weight=127.67889419198036 1442.2532728686929 4754.663589540869 237.16699570417404 321.08672261238098 114.4215734899044 2385.8615476042032 839.29948036372662 32602.066914401948 160.66563245654106 928.65114448219538 211.97888223826885 426.02328445762396 464.49160139262676 1210.64924364537
leaf_count=846 7538 28908 995 1443 521 10540 3788 142472 751 4402 907 2117 2306 5373
internal_value=-7.98093e-05 0.00341084 -0.000534288 -0.0108942 -0.0185281 -0.00633435 -0.0048007 3.53294e-06 0.00428155 0.00129518 0.00480462 0.0168009 0.00100619 -0.0036066
internal_weight=46227 5317.85 40909.1 563.187 435.508 3462.33 3225.16 37446.8 4844.71 3402.46 2473.81 586.689 1887.12 1422.63
internal_count=212907 31718 181189 2810 1964 15323 14328 165866 23394 15856 11454 2868 8586 6280
is_linear=0
shrinkage=0.03


Tree=150
num_leaves=15
num_cat=0
split_feature=165 195 194 226 226 248 119 249 226 76 248 248 248 78
split_gain=79.3929 71.3755 89.4997 87.3242 71.1029 68.1815 66.2372 76.503 63.2502 62.3909 59.5626 54.7894 67.8179 53.9756
threshold=5.5000000000000009 49.500000000000007 30.500000000000004 3.5000000000000004 81.500000000000014 0.87373736500740062 97.500000000000014 0.89393940567970287 4.5000000000000009 49.500000000000007 0.68181815743446361 0.84343436360359203 0.69191917777061474 13.500000000000002
decision_type=8 10 10 8 10 2 10 2 8 10 2 2 2 10
left_child=-1 2 3 11 5 -4 7 -5 -8 -7 -6 12 -2 -10
right_child=1 -3 4 6 10 9 8 -9 13 -11 -12 -13 -14 -15
leaf_value=-0.0052765877505105609 0.0096382768174281749 0.0022588717832077699 -0.0029894036533442848 -0.00019912621312712591 0.0001438326434864586 -0.029187902580892339 -0.026697435436932218 -0.018039329297636346 -0.00076481247051970167 -0.0048973581714578818 0.012750025078843737 0.018927721534898027 -0.0018753483328057278 0.011039445968944215
leaf_weight=2401.4628810063004 1063.4752059280872 12237.14318851009 9980.0336512699723 14403.757291905582 2535.8686793372035 163.83730380982161 42.041264161467552 209.63560611754656 526.35337614640594 221.29699596762657 379.12295176833868 273.13110202550888 801.3461951315403 1015.3942442312837
leaf_count=10840 5607 56442 44767 64422 11469 719 256 967 3072 1201 1997 1922 4264 5229
internal_value=2.31043e-05 0.000314465 -0.000438622 0.000919693 -0.00231325 -0.00347666 0.000165851 -0.000467213 0.00597332 -0.0157078 0.00182137 0.00660346 0.00470706 0.00703051
internal_weight=46253.9 43852.4 31615.3 18335.1 13280.2 10365.2 16197.2 14613.4 1583.79 385.134 2914.99 2137.95 1864.82 1541.75
internal_count=213174 202334 145892 85739 60153 46687 73946 65389 8557 1920 13466 11793 9871 8301
is_linear=0
shrinkage=0.03


Tree=151
num_leaves=15
num_cat=0
split_feature=245 230 231 226 231 231 244 226 228 134 245 226 244 245
split_gain=77.4648 101.622 126.377 209.525 185.436 113.201 191.311 161.596 127.06 182.69 214.832 181.44 165.88 128.573
threshold=-0.042981484904885285 80.500000000000014 25.500000000000004 66.500000000000014 58.500000000000007 91.500000000000014 0.0040010181255638608 12.500000000000002 8.5000000000000018 51.500000000000007 -0.088217630982398973 15.500000000000002 0.042495749890804298 -0.071302972733974443
decision_type=2 8 8 10 8 10 2 10 10 10 2 10 2 2
left_child=1 5 3 -3 -4 7 -7 -1 9 10 11 -8 13 -10
right_child=-2 2 4 -5 -6 6 8 -9 12 -11 -12 -13 -14 -15
leaf_value=0.0055757922682570489 -0.001980894813688982 -0.0099386866036656196 -0.0058870387304739077 0.022589623516616315 0.0074420545377282491 0.018827802660612489 0.0042491695668523677 -0.00037031777089753629 0.018428457808853081 -0.0018854232249217744 -0.032360733771805747 -0.024824906381349574 -0.013993358633268817 -0.0014328225654079748
leaf_weight=5245.476964790374 12500.256142646074 230.4083021953702 1500.8083114251494 709.72452692687511 2475.8238087147474 293.4832399636507 467.45712064951658 18925.171369619668 478.54400759935379 1277.3741955757141 531.23985405266285 316.39154995977879 490.89316014200449 730.89992338418961
leaf_count=26298 54375 1260 6913 3337 13708 1459 2942 83077 2576 7553 2230 1352 2576 3173
internal_value=3.49602e-05 0.000783646 0.00476467 0.0145969 0.00240941 0.000101564 -0.00421422 0.00092187 -0.00582961 -0.00999669 -0.0178017 -0.00765114 0.00054513 0.00651242
internal_weight=46174 33673.7 4916.76 940.133 3976.63 28756.9 4586.28 24170.6 4292.8 2592.46 1315.09 783.849 1700.34 1209.44
internal_count=212829 158454 25218 4597 20621 133236 23861 109375 22402 14077 6524 4294 8325 5749
is_linear=0
shrinkage=0.03


Tree=152
num_leaves=15
num_cat=0
split_feature=63 249 233 244 135 14 120 244 193 224 111 244 224 244
split_gain=69.5264 64.5224 61.9037 85.421 74.8855 70.2057 105.031 62.9852 61.092 59.7916 105.138 75.4493 72.2729 64.1927
threshold=76.500000000000014 0.27777777612209326 53.500000000000007 0.068574421107769026 2.5000000000000004 12.500000000000002 97.500000000000014 0.0030861961422488098 88.500000000000014 6.5000000000000009 1.5000000000000002 0.026440233923494819 2.5000000000000004 0.13991893082857135
decision_type=10 2 10 2 8 10 10 2 10 10 10 2 10 2
left_child=2 -2 3 5 -4 6 7 -1 -8 10 13 -12 -13 -6
right_child=1 -3 4 -5 9 -7 8 -9 -10 -11 11 12 -14 -15
leaf_value=-0.020006712592896582 0.00057536205425573396 0.0055012982211964934 0.0069439096107380225 0.0080323994016428587 0.0080690738499983369 -0.00098398806115931447 -0.00011869186286924932 -0.0060891782349002605 0.018079987614458538 0.00084669666110911718 -0.0038615666604658941 -0.0083271845596203323 -0.031145979903295738 -0.028976033419044697
leaf_weight=308.50327857583761 7774.6290288604796 3449.2398687079549 1568.2458734177053 753.84275607019663 593.7560607008636 12571.852312490344 839.82585591450334 4037.2601255699992 196.87850903719664 12592.722710303962 934.45714954286814 307.51657450571656 213.24975514411926 35.510153450071812
leaf_count=1335 35651 17633 7692 4539 3782 55625 4452 18270 1047 55618 4381 1659 1000 247
internal_value=3.95276e-05 0.00209272 -0.000620176 -0.00179623 0.00073443 -0.00221314 -0.00507693 -0.00712084 0.0034771 6.66768e-05 -0.00462709 -0.00903919 -0.0180821 0.00555801
internal_weight=46177.5 11223.9 34953.6 18708.2 16245.5 17954.3 5382.47 4345.76 1036.7 14677.2 2084.49 1455.22 520.766 629.266
internal_count=212931 53284 159647 85268 74379 80729 25104 19605 5499 66687 11069 7040 2659 4029
is_linear=0
shrinkage=0.03


Tree=153
num_leaves=15
num_cat=0
split_feature=245 231 229 222 243 249 229 126 249 249 245 231 226 231
split_gain=74.6213 76.5067 144.111 130.862 125.849 126.25 125.477 192.049 98.1736 91.3724 99.255 284.15 129.66 166.237
threshold=-0.20480131357908246 91.500000000000014 26.500000000000004 86.500000000000014 -0.023780168965458866 0.81313130259513866 5.5000000000000009 47.500000000000007 0.89393940567970287 0.91414141654968273 -0.075403515249490724 76.500000000000014 12.500000000000002 57.500000000000007
decision_type=2 10 8 10 2 2 8 10 2 2 2 10 8 10
left_child=-1 6 4 -4 5 -3 7 -2 -6 10 11 12 -8 -14
right_child=1 2 3 -5 8 -7 9 -9 -10 -11 -12 -13 13 -15
leaf_value=0.016956822403860601 -0.0033481703290612029 -0.01044150181782684 0.0082269810376998966 -0.0091119430607370464 0.0095321292141876141 0.0084233074769276602 0.013119061923470827 0.0099230652288871644 -0.033009332900426971 -0.021166783463955983 -0.00091273811557334925 0.016380397674484237 0.0020697359626546232 -0.0093719052740061405
leaf_weight=222.51877224072814 1510.4296387806535 3174.2089990675449 1422.0731725022197 530.04220399260521 573.22288060933352 347.39762861281633 645.9004946872592 2770.4035238474607 43.519200265407562 175.85179550945759 27763.188043810427 1185.2498122304678 4332.3359500989318 1541.2193877026439
leaf_count=2661 6913 15658 7216 2604 2737 1923 3322 14778 199 772 120367 6444 20531 7124
internal_value=4.49459e-06 -8.11496e-05 -0.00321024 0.00349664 -0.00637476 -0.00856195 0.000396874 0.00524361 0.00605149 -0.000186529 -7.65709e-05 0.00293376 0.000467789 -0.000943374
internal_weight=46237.6 46015 6090.46 1952.12 4138.35 3521.61 39924.6 4280.83 616.742 35643.7 35467.9 7704.71 6519.46 5873.56
internal_count=213249 210588 30337 9820 20517 17581 180251 21691 2936 158560 157788 37421 30977 27655
is_linear=0
shrinkage=0.03


Tree=154
num_leaves=15
num_cat=0
split_feature=57 242 178 231 245 231 80 245 231 245 246 146 59 222
split_gain=76.6169 98.6414 75.1663 136.696 174.21 133.167 114.101 99.8639 102.234 118.133 96.6766 95.2645 105.275 81.5128
threshold=60.500000000000007 0.024902695789933208 11.500000000000002 69.500000000000014 -0.055675843730568879 89.500000000000014 65.500000000000014 -0.13156839460134503 51.500000000000007 -0.063046548515558229 0.029221077449619774 98.500000000000014 12.500000000000002 94.500000000000014
decision_type=10 8 8 10 2 10 10 2 10 2 2 10 10 10
left_child=2 -2 6 7 5 -5 11 -4 -9 -10 -6 12 -1 -7
right_child=1 -3 3 4 10 13 -8 8 9 -11 -12 -13 -14 -15
leaf_value=0.0031559618745133802 -0.00038529674165396766 0.004003047577648613 0.018840975835458487 0.013410203489985464 -0.0091430300356552877 0.0031129803689324276 -0.02876094690994466 -0.00071190179721553461 -0.013536385566180252 -0.0021599122791360285 0.00225188977422075 -0.018955089086219463 -0.0058075082827980387 -0.031067026556140021
leaf_weight=1911.2631480656564 10944.500407092273 7952.9876561127603 198.92277063429356 1845.189353492111 1081.1537561416626 1697.3129682131112 154.92746748402715 11782.976057648659 1333.6214861497283 2126.0772154182196 1728.9526205807924 322.34422691911459 3048.1827014535666 55.224606335163116
leaf_count=9479 49150 40217 1317 9035 4575 8580 720 51490 5918 9138 7846 1794 13494 283
internal_value=-5.16944e-06 0.00146267 -0.00102191 -0.000235789 0.00344453 0.0078074 -0.004175 -0.00176426 -0.00204534 -0.00657161 -0.00214904 -0.00340085 -0.00235378 0.00186577
internal_weight=46183.6 18897.5 27286.1 21849.4 6407.83 3597.73 5436.72 15441.6 15242.7 3459.7 2810.11 5281.79 4959.45 1752.54
internal_count=213036 89367 123669 98182 30319 17898 25487 67863 66546 15056 12421 24767 22973 8863
is_linear=0
shrinkage=0.03


Tree=155
num_leaves=15
num_cat=0
split_feature=239 70 222 141 140 226 118 164 81 70 78 232 248 226
split_gain=67.9745 73.1488 85.3662 88.8454 78.2161 75.2018 66.0672 64.3763 64.3309 78.2323 83.0953 74.061 63.7767 66.0974
threshold=-0.043297670781612389 9.5000000000000018 39.500000000000007 85.500000000000014 22.500000000000004 3.5000000000000004 78.500000000000014 92.500000000000014 63.500000000000007 80.500000000000014 11.500000000000002 88.500000000000014 0.76262626051902782 12.500000000000002
decision_type=10 8 10 10 8 10 10 8 10 10 8 10 2 10
left_child=7 2 3 4 5 -2 -5 -1 9 10 -3 -12 13 -9
right_child=1 8 -4 6 -6 -7 -8 12 -10 -11 11 -13 -14 -15
leaf_value=0.0066423989822513097 0.0094497427118452274 -0.0061998694276980777 0.0087209481822104456 -0.02250978536735641 0.0077078137075207807 -0.0023077777947858942 -0.003412441813591544 0.0058179783295237656 0.0015760389784797418 -0.0063934649806981318 -0.0011556050503572276 0.0038606154657955059 0.0060122428561962442 -0.011688510110633928
leaf_weight=2551.8831065148115 587.68979682773352 2511.2899534851313 1499.8897667080164 185.12201554328203 1714.1487029269338 2697.2647259309888 1025.4192209094763 273.98873461037874 7365.1597948521376 2727.4081129208207 18744.215424012393 3074.7909687161446 644.63075492158532 616.19198346883059
leaf_count=13900 3123 12155 6752 796 7892 11663 5624 1801 34027 11860 83293 14179 3390 2838
internal_value=4.20684e-05 -0.000316571 0.00232292 0.000765993 0.00253332 -0.000182021 -0.0064934 0.00373126 -0.000908229 -0.00158478 -0.00104333 -0.000447262 -0.00112066 -0.00629541
internal_weight=46219.1 42132.4 7709.53 6209.64 4999.1 3284.95 1210.54 4086.69 34422.9 27057.7 24330.3 21819 1534.81 890.181
internal_count=213293 191364 35850 29098 22678 14786 6420 21929 155514 121487 109627 97472 8029 4639
is_linear=0
shrinkage=0.03


Tree=156
num_leaves=15
num_cat=0
split_feature=245 63 245 246 224 230 244 57 248 230 248 246 242 246
split_gain=83.8641 72.2507 74.9773 133.329 112.864 138.538 135.297 99.4688 99.5855 80.1384 71.7753 77.4173 71.3818 69.9815
threshold=-0.20480131357908246 67.500000000000014 -0.071302972733974443 0.03267409838736058 17.500000000000004 1.5000000000000002 0.014951435383409263 73.500000000000014 0.58080807328224193 6.5000000000000009 0.58080807328224193 0.052991416305303581 0.013168474193662407 0.12330955266952516
decision_type=2 10 2 2 10 8 2 10 2 8 2 2 8 2
left_child=-1 12 4 -4 6 -6 9 8 -8 -3 -5 -12 -2 -9
right_child=1 2 3 10 5 -7 7 13 -10 -11 11 -13 -14 -15
leaf_value=0.018090256812078313 -0.0082115770804527793 0.015853341382767436 -0.002840182869753358 0.0027719696330260014 -0.023129031558595442 0.010133657091876892 0.011832913380188477 -0.0042909391284296459 -0.021672458057477542 -0.0011137624497741419 0.025249569864985583 0.00023085412855980986 -0.00073125922361056436 0.021238242621105373
leaf_weight=216.75951715931296 1184.0519923716784 492.51335293799639 5887.5798837095499 3658.9239306822419 108.60363022983074 2561.2986226901412 88.613844655454159 410.76975540816784 483.27045234292746 497.18806547671556 270.01740077137947 185.07047075033188 29967.349969550967 115.51679944992065
leaf_count=2628 5053 2721 25355 17089 484 13327 535 2214 2338 2357 1291 909 135699 865
internal_value=-0.000109173 -0.000199019 0.00152932 5.34672e-05 0.00462519 0.00869937 -0.000601374 -0.0078176 -0.0163666 0.00740384 0.00419143 0.0152989 -0.00101813 0.0016041
internal_weight=46127.5 45910.8 14759.4 10001.6 4757.77 2669.9 2087.87 1098.17 571.884 989.701 4114.01 455.088 31151.4 526.287
internal_count=212865 210237 69485 44644 24841 13811 11030 5952 2873 5078 19289 2200 140752 3079
is_linear=0
shrinkage=0.03


Tree=157
num_leaves=15
num_cat=0
split_feature=238 226 226 231 231 243 248 7 243 231 231 243 246 226
split_gain=72.0176 83.0111 122.62 118.647 168.823 132.985 188.968 110.368 117.495 93.503 124.949 123.81 113.517 104.353
threshold=-0.096413232386112199 43.500000000000007 12.500000000000002 66.500000000000014 29.500000000000004 -0.086909119039773927 0.58080807328224193 35.500000000000007 -0.052689997479319566 88.500000000000014 19.500000000000004 -0.089099485427141176 0.064706739038229003 4.5000000000000009
decision_type=10 10 10 10 10 2 2 10 2 10 8 2 2 8
left_child=1 2 9 4 7 -5 -7 8 -3 10 -1 12 -11 -12
right_child=-2 3 -4 5 -6 6 -8 -9 -10 11 13 -13 -14 -15
leaf_value=-0.0090240471468340383 -0.0013519464076773837 0.035649641549162482 -0.0030148193034848459 -0.018941034885282849 -0.0035984139446738886 0.0023617240056802062 0.017851105076755823 0.0011814795148829156 0.0088108682832336131 0.022820864940836846 0.012348336837656631 -0.0048832392647659342 -0.0027439321129949174 0.0025562587600209013
leaf_weight=491.77035382390022 20953.513575389981 157.72182393074036 7745.3752728253603 145.96527767553926 3551.7164036780596 1525.2509740740061 1320.1554910428822 2074.3498302772641 1306.197824716568 304.97908842936158 1746.9961324557662 2351.3088995963335 306.53616122156382 2228.7136786729097
leaf_count=2335 90616 720 35398 716 15835 7011 6997 9489 5710 2302 9750 11980 2455 12016
internal_value=-5.20242e-05 0.00102651 -0.000375461 0.00313522 0.00101721 0.00813509 0.00958553 0.00564745 0.0119247 0.00237617 0.00511241 -0.00175298 0.010168 0.00687925
internal_weight=46210.6 25257 15175.7 10081.4 7089.99 2991.37 2845.41 3538.27 1463.92 7430.3 4467.48 2962.82 611.515 3975.71
internal_count=213330 122714 76236 46478 31754 14724 14008 15919 6430 40838 24101 16737 4757 21766
is_linear=0
shrinkage=0.03


Tree=158
num_leaves=15
num_cat=0
split_feature=245 140 10 222 244 224 245 244 226 245 226 226 245 245
split_gain=74.7271 66.3146 117.151 90.956 175.304 161.599 125.773 108.996 123.59 103.749 113.81 186.85 120.015 103.309
threshold=-0.20480131357908246 27.500000000000004 64.500000000000014 3.5000000000000004 0.0054411219898611316 17.500000000000004 -0.069356244057416902 0.015327850356698038 4.5000000000000009 -0.098795335739850984 52.500000000000007 14.500000000000002 -0.10447630658745764 -0.085045304149389253
decision_type=2 10 10 8 2 8 2 2 8 2 10 10 2 2
left_child=-1 2 3 4 5 6 -2 -5 13 10 11 -6 -13 -9
right_child=1 -3 -4 7 9 -7 -8 8 -10 -11 -12 12 -14 -15
leaf_value=0.017457131327329702 0.028845060959223148 0.00085250369361315195 -0.0069119893992089241 -0.0018222420166760032 0.006562790673208755 -0.020500129517181262 -0.007421050621676176 -0.0011147918571105388 0.0017699779867984718 -0.017625631901826207 0.034740061043332146 -0.033283407207558617 0.010028177833219996 0.021128553268024836
leaf_weight=209.40865175426006 280.5496327355504 27212.656836278737 2978.7593524083495 7764.7708417773247 436.10416367650032 118.12849935889244 117.32973390817642 273.99106203019619 4882.885870449245 898.9423959851265 56.991236224770546 239.8924615085125 69.720816969871521 581.61533822864294
leaf_count=2599 1449 125158 12683 34034 2824 511 496 1667 23104 3945 284 1062 310 2832
internal_value=-9.07453e-06 -9.25229e-05 -0.00146749 -0.000432143 -0.00604858 0.00914312 0.0182309 0.000494046 0.00362594 -0.0106818 -0.00278433 -0.00607387 -0.0235216 0.014075
internal_weight=46121.7 45912.3 18699.7 15720.9 2217.66 516.008 397.879 13503.3 5738.49 1701.65 802.709 745.717 309.613 855.606
internal_count=212958 210359 85201 72518 10881 2456 1945 61637 27603 8425 4480 4196 1372 4499
is_linear=0
shrinkage=0.03


Tree=159
num_leaves=15
num_cat=0
split_feature=10 120 193 231 35 229 237 138 78 225 228 236 231 230
split_gain=54.5583 84.5932 85.6359 81.1683 71.1877 107.762 70.6622 69.5331 65.892 62.0948 75.0129 80.3111 61.9231 99.5701
threshold=2.5000000000000004 98.500000000000014 88.500000000000014 77.500000000000014 7.5000000000000009 69.500000000000014 0.11873115599155427 80.500000000000014 13.500000000000002 42.500000000000007 5.5000000000000009 -0.10104211047291754 26.500000000000004 80.500000000000014
decision_type=8 10 10 10 8 8 2 8 10 10 10 2 10 8
left_child=3 4 8 -1 5 -2 7 12 -3 -5 11 -11 13 -6
right_child=1 2 -4 9 6 -7 -8 -9 -10 10 -12 -13 -14 -15
leaf_value=0.0066535716133504334 -0.004716808025066758 -0.0069201408994751593 0.012206856028909755 0.001508499750570706 0.0011877845374678165 0.009868892059405724 0.0051709335509304358 -0.0036312876718646416 0.0042442451664189895 0.0062079501007792368 0.0052486600310440472 -0.029092220938695654 -0.00072414661344468866 0.011618592124286422
leaf_weight=2632.8706051632762 5726.12335273996 626.03133554756641 896.42213819175959 1523.1827127188444 6068.9163859933615 485.9442737698555 2161.1730586774647 5070.3223700635135 1880.9478720985353 74.307635940611362 158.56243079155684 212.25100807100534 17667.609025582671 943.55507607012987
leaf_count=12480 25878 3692 4855 9113 25615 2368 11272 23578 9782 495 746 906 78043 4232
internal_value=0.000122323 -0.00022139 0.00430327 0.0032182 -0.000626341 -0.0035618 -5.39726e-05 -0.000435138 0.00143991 -0.00138748 -0.0111128 -0.0200379 0.00022269 0.00260584
internal_weight=46128.2 41527 3403.4 4601.17 38123.6 6212.07 31911.6 29750.4 2506.98 1968.3 445.121 286.559 24680.1 7012.47
internal_count=213055 189315 18329 23740 170986 28246 142740 131468 13474 11260 2147 1401 107890 29847
is_linear=0
shrinkage=0.03


Tree=160
num_leaves=15
num_cat=0
split_feature=76 226 229 47 20 243 226 226 244 122 229 250 233 244
split_gain=66.9253 80.7078 137.327 114.163 90.1158 92.9362 93.2489 84.8003 110.486 73.9863 96.4082 84.7054 81.0393 73.6255
threshold=91.500000000000014 81.500000000000014 60.500000000000007 72.500000000000014 16.500000000000004 -0.044735252857208245 95.500000000000014 94.500000000000014 0.011543233413249256 28.500000000000004 74.500000000000014 0.00010001500049838798 44.500000000000007 0.05883110128343106
decision_type=10 10 10 8 10 2 10 10 2 8 10 2 10 2
left_child=1 9 7 4 -4 6 -6 -3 -9 10 12 -11 -1 -2
right_child=13 2 3 -5 5 -7 -8 8 -10 11 -12 -13 -14 -15
leaf_value=-0.0025623170600492695 0.0019685945112012026 0.015046885527696655 0.01194216143768329 0.0040038066589270218 -0.033654038394021792 -0.0040651108309450699 0.0019180004389357653 -0.023105851063550946 0.015320230280133415 -0.0022483937350379476 -0.011959284474651484 0.0044737484982240597 0.0045883487750245479 0.013886355260507946
leaf_weight=2011.0395302399993 4818.490112286061 1037.5431661307812 253.85598790645599 3372.9729088544846 193.82253480702639 1783.6470926702023 96.782681956887245 126.38470295071602 123.49344669282436 24677.510528642684 432.32002854347229 1801.6545698270202 4852.1975926980376 507.27239001169801
leaf_count=8692 24215 4477 1235 16270 864 7774 465 524 592 111958 1828 8858 21818 3395
internal_value=-3.18231e-05 -0.000445277 0.00248709 0.000481479 -0.00461698 -0.00669114 -0.0221375 0.0112964 -0.00425636 -0.00105258 0.00162083 -0.0017895 0.00249241 0.00312764
internal_weight=46089 40763.2 6988.5 5701.08 2328.11 2074.25 290.605 1287.42 249.878 33774.7 7295.56 26479.2 6863.24 5325.76
internal_count=212965 185355 32201 26608 10338 9103 1329 5593 1116 153154 32338 120816 30510 27610
is_linear=0
shrinkage=0.03


Tree=161
num_leaves=15
num_cat=0
split_feature=242 195 120 193 244 47 148 249 248 120 165 240 138 222
split_gain=66.8176 58.0365 109.772 71.5433 71.3881 70.739 70.4967 60.8098 82.4563 59.8006 48.177 48.1086 47.7332 48.3993
threshold=0.010315495077520611 37.500000000000007 98.500000000000014 90.500000000000014 0.034388624131679542 inf 81.500000000000014 0.83333334326744091 0.53030303120613109 6.5000000000000009 7.5000000000000009 0.057495392858982093 80.500000000000014 12.500000000000002
decision_type=8 10 10 10 2 8 10 2 2 8 10 10 10 10
left_child=-1 2 6 4 -4 10 -2 8 -6 -8 -3 -10 13 -12
right_child=1 5 3 -5 7 -7 9 -9 11 -11 12 -13 -14 -15
leaf_value=-0.012303975756285819 -0.0019602552099324917 -0.0043996037962251286 0.0056082424008485864 0.014144331552264326 0.008077571112429769 0.011653306190386886 0.012578048402897963 0.0083551594323306982 -0.025540234909745694 0.00096621076026714981 -0.00077906949937938742 0.009158721728410207 -0.0024787271700708684 0.0035499617493014411
leaf_weight=379.91232897341251 21704.726026788354 1250.7291266694665 1686.7135474868119 593.34312513843179 117.10002022981644 598.4511186555028 427.04738838970661 167.10163016244769 254.87497520446777 4632.8563636615872 3124.3510253503919 36.449546694755554 2073.1637689135969 9031.7210051901639
leaf_count=1645 97608 5673 9256 3268 618 3447 1848 1219 1717 20752 15416 252 9471 40654
internal_value=6.23071e-05 0.000167783 -0.000619872 0.00496105 0.00250079 0.00161831 -0.00121694 -0.00654655 -0.0126974 0.00196911 0.00122309 -0.0210389 0.00172006 0.00243759
internal_weight=46078.5 45698.6 29620.2 2855.58 2262.24 16078.4 26764.6 575.526 408.425 5059.9 15480 291.325 14229.2 12156.1
internal_count=212844 211199 136538 16330 13062 74661 120208 3806 2587 22600 71214 1969 65541 56070
is_linear=0
shrinkage=0.03


Tree=162
num_leaves=15
num_cat=0
split_feature=149 238 232 224 107 222 143 237 100 244 244 148 224 47
split_gain=77.8328 79.4039 60.669 94.2548 105.911 78.8697 83.3107 73.4864 57.7101 57.2204 55.2508 48.3387 69.594 72.8596
threshold=24.500000000000004 -0.28068861365318293 87.500000000000014 2.5000000000000004 4.5000000000000009 94.500000000000014 60.500000000000007 0.12964868545532229 1.0000000180025095e-35 0.085841022431850447 0.036715589463710792 12.500000000000002 4.5000000000000009 1.0000000180025095e-35
decision_type=8 10 10 10 10 10 10 2 10 2 2 8 10 8
left_child=11 -2 7 4 10 6 -5 8 9 -3 -4 12 -1 -14
right_child=1 2 3 5 -6 -7 -8 -9 -10 -11 -12 -13 13 -15
leaf_value=0.00699604140337014 0.012245689303171969 -0.0089080172846798013 0.014334138346995163 0.002159982879911725 -0.02007427054560406 -0.018843968740169331 0.010448634549001561 0.0057563205838518433 -4.8996278237971337e-06 0.02115821039267033 -0.0088407737360736167 -0.0012205845491631137 -0.019679872748917148 -0.0049085421011721836
leaf_weight=272.29194421693683 528.71779115498066 974.81513445824385 196.11010875180364 2498.7463539987803 292.11449309810996 110.54508467018604 1937.0788505747914 1936.5861002393067 26979.139645218849 51.110304370522499 159.05268913879991 8709.3795986138284 422.40412017703056 1019.4621267616749
leaf_count=1534 4693 4686 1249 11122 1491 493 9478 10467 120789 402 995 39237 1924 4456
internal_value=0.000148517 0.000815072 0.000639628 0.00362952 -0.00700598 0.00515577 0.00579491 0.000119966 -0.000271711 -0.00722037 0.00399782 -0.00213069 -0.0067209 -0.00934164
internal_weight=46087.6 35664 35135.3 5193.65 647.277 4546.37 4435.83 29941.7 28005.1 1025.93 355.163 10423.5 1714.16 1441.87
internal_count=213016 165865 161172 24828 3735 21093 20600 136344 125877 5088 2244 47151 7914 6380
is_linear=0
shrinkage=0.03


Tree=163
num_leaves=15
num_cat=0
split_feature=242 66 244 119 226 226 148 231 36 140 23 170 226 243
split_gain=65.4344 111.624 65.4239 63.1764 61.2458 69.5248 59.9468 154.055 134.923 155.985 120.634 78.9455 107.758 78.9113
threshold=0.01973192393779755 18.500000000000004 0.10160479322075845 10.500000000000002 99.500000000000014 81.500000000000014 12.500000000000002 52.500000000000007 3.5000000000000004 87.500000000000014 64.500000000000014 32.500000000000007 6.5000000000000009 -0.03559379652142524
decision_type=8 10 2 8 8 8 10 10 10 10 8 10 10 2
left_child=3 2 -2 -1 5 -5 7 -3 11 -10 13 12 -9 -11
right_child=1 6 -4 4 -6 -7 -8 8 9 10 -12 -13 -14 -15
leaf_value=0.0067982973522351274 -0.0027778876766791829 0.0056577746152631937 0.01701596610920153 -0.0029012878827876136 -0.016175128918944022 0.0027965264215839385 0.0024003972716281114 0.014810525128687815 -0.0066184758277383626 -0.0040770127362864993 0.0088460010625327438 0.014905536537831854 -0.016727398128504031 -0.045947396585622524
leaf_weight=738.78839288651943 7494.7297626137733 1524.549009770155 143.50779236853123 10547.412823587656 265.02480696886778 2349.413930721581 20748.676801551133 147.63798352330923 1234.3155586123466 52.075031146407127 55.856685154139996 321.58446713909507 247.20342123508453 212.16058027744293
leaf_count=2996 33695 6944 1088 45432 1259 10733 98688 1245 5901 248 304 2220 1332 897
internal_value=3.79039e-05 0.000780842 -0.00238424 -0.00168145 -0.00216222 -0.00186195 0.0017664 -0.00169674 -0.00663743 -0.0115786 -0.0299256 0.00409512 -0.00486028 -0.0381452
internal_weight=46082.9 32182.3 7638.24 13900.6 13161.9 12896.8 24544.1 3795.38 2270.83 1554.41 320.092 716.426 394.841 264.236
internal_count=212982 152562 34783 60420 57424 56165 117779 19091 12147 7350 1449 4797 2577 1145
is_linear=0
shrinkage=0.03


Tree=164
num_leaves=15
num_cat=0
split_feature=63 245 228 246 231 177 229 146 62 78 248 228 118 228
split_gain=66.3984 99.8116 120.552 105.904 95.2046 110.067 94.1112 93.043 79.6261 99.5106 74.6439 84.5863 73.1672 72.7008
threshold=62.500000000000007 -0.071742944419383989 12.500000000000002 0.03267409838736058 81.500000000000014 28.500000000000004 6.5000000000000009 98.500000000000014 95.500000000000014 21.500000000000004 0.58080807328224193 5.5000000000000009 97.500000000000014 93.500000000000014
decision_type=10 2 10 2 10 10 10 10 10 10 2 10 10 10
left_child=8 2 -2 4 6 -6 -3 -4 13 -10 -5 -12 -9 -1
right_child=1 3 7 10 5 -7 -8 12 9 -11 11 -13 -14 -15
leaf_value=-0.00015315071530790257 0.000671896873445787 0.012282507142989691 0.011531773054848059 0.0020593230708341095 -0.018992820391396877 0.00025187773394900754 -0.0020073012262239206 -0.026671424126332208 0.0039876923447266172 -0.011525914342642041 -0.012445155470298837 0.019156365428355495 0.0052951558133558646 -0.0093907478688194917
leaf_weight=26578.87070742622 2871.5499447509646 440.24204628169537 2295.6124628335238 4136.8414618372917 601.43249025940895 475.00054976344109 5264.4415394216776 96.20983649045229 521.91131648421288 1251.2180459462106 84.450627401471138 442.64714373648167 157.2370631583035 779.55829208344221
leaf_count=120976 15463 1991 11921 19326 2570 2165 22415 483 2594 5572 386 2166 983 3555
internal_value=4.69881e-05 0.00154447 0.00489387 -4.47532e-05 -0.00243671 -0.0105765 -0.000884964 0.00962876 -0.000820211 -0.00696281 0.00343079 0.0139558 -0.00739132 -0.000419704
internal_weight=45997.2 16865.7 5420.61 11445.1 6781.12 1076.43 5704.68 2549.06 29131.6 1773.13 4663.94 527.098 253.447 27358.4
internal_count=212566 79869 28850 51019 29141 4735 24406 13387 132697 8166 21878 2552 1466 124531
is_linear=0
shrinkage=0.03


Tree=165
num_leaves=15
num_cat=0
split_feature=209 10 148 47 142 241 231 244 118 245 231 244 231 248
split_gain=66.1313 63.6153 96.3809 155.874 107.849 93.8632 80.6862 79.3159 64.2136 90.8702 64.6728 67.0415 90.9276 76.5171
threshold=52.500000000000007 2.5000000000000004 12.500000000000002 3.5000000000000004 80.500000000000014 -1.1627814769744871 77.500000000000014 0.10799458995461465 86.500000000000014 -0.060238612815737717 99.500000000000014 0.0016359004657715561 69.500000000000014 0.60101011395454418
decision_type=10 8 8 8 10 10 10 2 10 2 10 2 10 2
left_child=1 6 3 4 -3 -6 -1 8 10 -10 11 12 13 -4
right_child=-2 2 7 -5 5 -7 -8 -9 9 -11 -12 -13 -14 -15
leaf_value=0.0079737921816247555 -0.0027778954720087666 -0.0046057261904521862 0.00020179417598219823 -0.001012183578347959 -0.011539179821392036 -0.038483403255943405 -0.00073292563173481858 0.014861564276232815 0.0070300006598539118 4.1102433157415517e-06 -0.012299738316809531 0.00040608923996088823 0.02124716270982157 -0.020991170859765696
leaf_weight=2210.0384156964719 6072.2627306878567 525.99507283046842 253.17664656043053 4065.7452459298074 263.6839647591114 217.74981531500816 1682.243842612952 347.60456881299615 3073.3502769172192 3580.8844919428229 373.2194000557065 22883.742584276944 71.150533325970173 378.03668922930956
leaf_count=10661 26747 2430 1067 18649 1259 947 9879 2276 16920 16710 1686 101527 321 1600
internal_value=0.000136275 0.000580063 0.000185991 -0.00364275 -0.0141448 -0.024261 0.00421851 0.000814327 0.000650026 0.00325479 -7.44541e-05 0.000124126 -0.00893928 -0.0126202
internal_weight=45998.9 39926.6 36034.3 5073.17 1007.43 481.434 3892.28 30961.2 30613.6 6654.23 23959.3 23586.1 702.364 631.213
internal_count=212679 185932 165392 23285 4636 2206 20540 142107 139831 33630 106201 104515 2988 2667
is_linear=0
shrinkage=0.03


Tree=166
num_leaves=15
num_cat=0
split_feature=193 76 60 231 231 62 249 189 120 88 249 248 95 10
split_gain=73.2446 114.392 74.3594 65.6531 88.1755 77.9508 74.1774 98.9837 62.4697 98.6595 61.1747 150.46 78.52 65.9714
threshold=74.500000000000014 80.500000000000014 30.500000000000004 68.500000000000014 12.500000000000002 1.0000000180025095e-35 0.83333334326744091 28.500000000000004 97.500000000000014 69.500000000000014 0.48989899456501013 0.58080807328224193 41.500000000000007 79.500000000000014
decision_type=8 10 10 10 10 10 2 10 10 10 2 2 10 10
left_child=1 10 -3 4 5 -4 7 -5 -2 -10 13 -12 -13 -1
right_child=8 2 3 6 -6 -7 -8 -9 9 -11 11 12 -14 -15
leaf_value=-0.00071330429445215233 0.00071753506689958542 -0.012364070215975912 -0.028084349447022428 -0.011514186009004312 0.0081047736822290987 0.0004156960954535465 0.01497419752424593 0.0016537609235508816 0.0082295241302574734 -0.0095005345624814014 -0.0014118363342881491 -0.028683787867721543 -0.009041640557071148 -0.0054266525892984821
leaf_weight=14544.513791169971 16887.45584910363 284.89961967617273 95.825902014970779 678.56399166211486 2788.257643699646 468.31950341910124 253.78754353523254 2016.4651202075183 2097.059089679271 317.64567052572966 1578.7401385977864 321.22551710158587 441.56127221137285 3265.4793302305043
leaf_count=64390 76442 1361 442 3400 13196 2042 1728 11137 11276 1690 7607 1644 2162 14327
internal_value=-4.34024e-05 -0.00105992 0.00237002 0.00305473 0.00592018 -0.00483016 -0.000211895 -0.00169202 0.00136452 0.00586764 -0.00218155 -0.00673039 -0.0175775 -0.00158006
internal_weight=46039.8 26737.6 6586.12 6301.22 3352.4 564.145 2948.82 2695.03 19302.2 2414.7 20151.5 2341.53 762.787 17810
internal_count=212844 123436 33306 31945 15680 2484 16265 14537 89408 12966 90130 11413 3806 78717
is_linear=0
shrinkage=0.03


Tree=167
num_leaves=15
num_cat=0
split_feature=231 244 228 231 249 231 229 244 249 244 243 244 243 65
split_gain=60.8696 161.957 195.71 122.252 214.26 113.431 99.5221 152.772 118.115 187.794 125.918 177.779 155.966 106.085
threshold=91.500000000000014 0.0040010181255638608 15.500000000000002 97.500000000000014 0.82323232293128978 98.500000000000014 5.5000000000000009 0.0017731969710439446 0.62121212482452404 0.0087648015469312685 -0.05031714774668216 0.010551864746958019 -0.053109332919120782 37.500000000000007
decision_type=10 2 8 10 2 10 8 2 2 2 2 2 2 10
left_child=6 -2 3 -3 5 -5 8 -8 9 13 12 -12 -11 -1
right_child=1 2 -4 4 -6 -7 7 -9 -10 10 11 -13 -14 -15
leaf_value=-0.0012952315799302384 0.018430580719190626 -0.013838588313723364 0.0024354621582727987 0.015131062972221158 0.025010980425213745 -0.010084232520246627 -0.010812974416825553 0.00021746742727114278 0.020281909939777975 -0.0049787588132397314 -0.01933342538131972 0.0098075205993254349 -0.036353351515612878 0.015444753442647806
leaf_weight=473.65098701789975 297.63185565918684 1827.2097205407917 2524.2250007241964 175.85135983675718 210.7686425447464 1210.1798974983394 1158.4757092893124 34361.920902267098 386.91695136204362 907.68695255741477 224.20572677254677 959.02092687040567 160.24070419371128 1190.6832014210522
leaf_count=2205 1499 8887 12697 1051 1608 6622 4952 153560 2326 5145 977 4731 736 6030
internal_value=-5.48475e-05 -0.0028059 -0.00389766 -0.00856002 -0.00247125 -0.0067996 0.000377228 -0.000145226 0.00468091 0.00309153 -0.00255713 0.00416995 -0.00998004 0.0107015
internal_weight=46068.7 6245.87 5948.23 3424.01 1596.8 1386.03 39822.8 35520.4 4302.41 3915.49 2251.15 1183.23 1067.93 1664.33
internal_count=213026 32364 30865 18168 9281 7673 180662 158512 22150 19824 11589 5708 5881 8235
is_linear=0
shrinkage=0.03


Tree=168
num_leaves=15
num_cat=0
split_feature=245 63 64 77 228 226 248 245 248 245 226 226 249 249
split_gain=69.8673 62.8063 72.9826 89.9164 73.3426 72.2251 82.5828 71.9594 143.731 87.7396 73.9209 122.003 106.19 84.6187
threshold=-0.20480131357908246 76.500000000000014 94.500000000000014 1.5000000000000002 93.500000000000014 81.500000000000014 0.83333334326744091 -0.092067394405603395 0.7222222387790681 -0.074053302407264696 53.500000000000007 42.500000000000007 0.13636363297700885 1.0000000180025095e-35
decision_type=2 10 10 8 10 10 2 2 2 2 8 10 2 2
left_child=-1 2 3 -2 5 7 -7 -5 9 -9 11 13 -12 -11
right_child=1 -3 -4 4 -6 6 -8 8 -10 10 12 -13 -14 -15
leaf_value=0.016844671260126797 -0.008394405245335591 0.0017777906335229214 -0.0057736961721709355 0.0031638142368373302 -0.0087238703590937754 0.0032279460822832039 0.029619608834501314 0.0063538662609752715 -0.0064526912373086024 0.013687838746166249 -0.0067536045212864661 0.006890820422549346 0.0016488380483437968 -0.0014608491117018454
leaf_weight=207.63140838220716 1219.7208122760057 11032.785046938807 2474.5794419497252 4208.0074484460056 857.52425467222929 3661.8267552703619 100.14619443565607 1747.6313640773296 3755.4672699049115 335.38211569190025 3456.5238128602505 2286.9162129089236 2215.5706023797393 8489.8695426732302
leaf_count=2636 5675 52348 11352 22958 3939 16327 636 8397 16226 1399 14376 9624 10253 36823
internal_value=-0.000113157 -0.00019362 -0.000818791 -0.000437923 -0.000123427 0.00012312 0.00400717 -0.000429665 -0.00110925 -2.35157e-05 -0.000690937 0.000731705 -0.00347441 -0.00087032
internal_weight=46049.6 45842 34809.2 32334.6 31114.9 30257.3 3761.97 26495.4 22287.4 18531.9 16784.3 11112.2 5672.09 8825.25
internal_count=212969 210333 157985 146633 140958 137019 16963 120056 97098 80872 72475 47846 24629 38222
is_linear=0
shrinkage=0.03


Tree=169
num_leaves=15
num_cat=0
split_feature=245 231 244 228 137 245 226 229 244 222 230 228 246 244
split_gain=68.9925 69.4855 151.269 198.709 123.27 155.295 123.139 119.82 136.485 116.153 125.659 179.082 109.093 138.917
threshold=-0.20480131357908246 91.500000000000014 0.0040010181255638608 8.5000000000000018 28.500000000000004 -0.088217630982398973 17.500000000000004 5.5000000000000009 0.0019746321486309175 7.5000000000000009 13.500000000000002 2.5000000000000004 0.043095106258988387 0.021851060912013057
decision_type=2 8 2 8 10 2 8 8 2 10 10 10 2 2
left_child=-1 7 -3 4 5 6 -4 9 -9 10 12 -12 13 -2
right_child=1 2 3 -5 -6 -7 -8 8 -10 -11 11 -13 -14 -15
leaf_value=0.017009112517793981 -0.0025625536098122913 0.017185673515751197 0.0013739681482132615 0.00041122468797517815 -0.0049112285523611509 -0.032073284404844013 -0.026934208865061673 -0.009591471693538859 0.00016909374329264571 0.011651492004168656 0.0257997644011724 -0.03003746589228258 0.010298890175703967 -0.035547550751625336
leaf_weight=203.00601271167397 1670.4144751653075 309.57287453860044 400.13708696886897 3738.1308419853449 1490.410968311131 426.75178734958172 200.61795850843191 1330.6894224509597 33677.29051554203 1546.8525139838457 319.27406479418278 52.645431764423847 552.00646042823792 113.59409688413143
leaf_count=2613 8362 1578 2335 19324 7583 1802 874 5673 149418 7979 1480 249 3153 549
internal_value=-2.50016e-05 -0.000104152 -0.00295833 -0.00398096 -0.0104775 -0.0184263 -0.00836557 0.000373762 -0.000204548 0.00512137 0.00136203 0.0173164 -0.00124107 -0.00484926
internal_weight=46031.4 45828.4 6565.62 6256.05 2517.92 1027.51 600.755 39262.8 35008 4254.79 2707.93 371.919 2336.02 1784.01
internal_count=212972 210359 33496 31918 12594 5011 3209 176863 155091 21772 13793 1729 12064 8911
is_linear=0
shrinkage=0.03


Tree=170
num_leaves=15
num_cat=0
split_feature=243 193 242 249 189 230 35 249 243 77 68 230 193 139
split_gain=57.3064 69.6007 95.5785 88.532 77.167 96.5116 89.9659 76.0965 97.7906 79.8552 75.8108 73.0041 74.5275 62.1917
threshold=-0.008629474323242901 72.500000000000014 0.020037355832755569 0.085858587175607695 47.500000000000007 3.5000000000000004 84.500000000000014 0.85353535413742077 -0.046420933678746217 45.500000000000007 17.500000000000004 71.500000000000014 97.500000000000014 43.500000000000007
decision_type=2 10 10 2 8 10 8 2 2 10 10 10 10 10
left_child=1 4 11 -4 5 6 7 8 -1 -10 -7 12 -3 -12
right_child=-2 2 3 -5 -6 10 -8 -9 9 -11 13 -13 -14 -15
leaf_value=-0.0031665419983021477 -0.0035523471393334258 -0.0014965759669256836 -0.00019587244164625606 0.0075349017764699214 0.00099675607912099893 -0.0061575932810169062 -0.024064045569443946 0.021754763882191403 0.013718261346837944 -0.0025350909918420094 0.0018022296764503298 0.0040975407954900152 -0.014006369107447979 -0.0035927725212291694
leaf_weight=1272.6605867259204 3808.5620476827025 2087.5095273666084 2020.8943303450942 3905.0225770249963 16901.8858762905 4557.7159417718649 96.092764593660831 193.75752191990614 853.53744762390852 393.15852282941341 3343.8422198742628 1562.9701950252056 530.35118235647678 4500.9076273441315
leaf_count=7110 16781 8807 8889 19162 80839 20166 463 1433 4060 1859 14562 7390 2249 19175
internal_value=-3.28981e-05 0.000285346 0.00245527 0.00490261 -0.000398123 -0.00194763 0.0030655 0.00411121 0.00267364 0.00861321 -0.00308467 -0.00101701 -0.00407458 -0.00129377
internal_weight=46028.9 42220.3 10106.7 5925.92 32113.6 15211.7 2809.21 2713.11 2519.36 1246.7 12402.5 4180.83 2617.86 7844.75
internal_count=212945 196164 46497 28051 149667 68828 14925 14462 13029 5919 53903 18446 11056 33737
is_linear=0
shrinkage=0.03


Tree=171
num_leaves=15
num_cat=0
split_feature=226 226 229 230 147 139 122 104 245 226 233 244 165 98
split_gain=71.6956 78.0002 97.6628 194.832 114.956 100.612 101.059 98.0916 67.1188 66.6759 63.684 60.0131 58.426 66.0704
threshold=99.500000000000014 81.500000000000014 60.500000000000007 49.500000000000007 8.5000000000000018 40.500000000000007 50.500000000000007 5.5000000000000009 -0.064950689673423753 96.500000000000014 99.500000000000014 0.0050061687361449012 14.500000000000002 35.500000000000007
decision_type=10 10 10 8 10 10 10 10 2 10 10 2 8 10
left_child=1 10 4 -4 -3 -5 8 -6 -7 -9 12 -10 -1 -14
right_child=-2 2 3 5 7 6 -8 9 11 -11 -12 -13 13 -15
leaf_value=-0.0038946699417362739 -0.0098785384733474802 -0.012196997761706968 -0.034166855766372524 0.010481238896296473 -0.0088845815196896775 -0.024168283553832576 0.002300011436942374 0.019193842680787231 0.019628012225226664 -0.0074829281150126849 0.0050509495585214009 -0.0078348148434075893 -0.0011746180639727413 0.001753047947134753
leaf_weight=4507.4641873911023 647.1360841691494 170.9811877310276 126.24444696307182 1045.2172129005194 146.35860702395439 196.78299270570278 3663.160539470613 938.25445571541786 72.780379712581635 87.347620360553265 1808.9423491917551 534.31086169183254 21970.170137755573 10127.273091085255
leaf_count=20199 3110 755 562 5505 652 876 17138 4075 298 383 8997 2233 100911 47412
internal_value=-4.02558e-05 0.000102139 0.00301676 0.00127749 0.0102559 0.00214966 0.000181138 0.0136071 -0.00938394 0.0168715 -0.000428219 -0.00427775 -0.000700294 -0.000250633
internal_weight=46042.4 45395.3 6981.44 5638.5 1342.94 5512.25 4467.03 1171.96 803.874 1025.6 38413.8 607.091 36604.9 32097.4
internal_count=213106 209996 32477 26612 5865 26050 20545 5110 3407 4458 177519 2531 168522 148323
is_linear=0
shrinkage=0.03


Tree=172
num_leaves=15
num_cat=0
split_feature=242 76 230 228 245 225 24 2 243 230 249 243 165 140
split_gain=68.3063 64.9027 65.9735 104.359 93.1324 76.9405 85.349 110.704 76.844 69.8065 205.385 72.8428 65.1246 68.0729
threshold=0.010315495077520611 91.500000000000014 80.500000000000014 93.500000000000014 -0.046983137726783746 8.5000000000000018 79.500000000000014 52.500000000000007 -0.02352241892367601 78.500000000000014 0.04545454494655133 -0.028188236989080902 5.5000000000000009 17.500000000000004
decision_type=8 10 10 10 2 10 8 10 2 10 2 2 8 10
left_child=-1 2 3 9 5 -4 7 -7 -5 12 11 -11 -2 -14
right_child=1 -3 4 8 -6 6 -8 -9 -10 10 -12 -13 13 -15
leaf_value=-0.012506101176881855 -0.0061542622420891055 0.0033227707746260162 0.017143236364059882 -0.04115691596471456 -0.00098090328785771616 0.002281594282739267 0.0092386701721635968 -0.022296638540330524 -0.0075538073679316271 -0.043170495328741891 0.0049620945715696816 -0.010633819465270323 -0.0020264288225334513 0.00089407225280389553
leaf_weight=377.16321208328009 1694.4995359331369 5132.8172681331635 482.14539051800966 83.818361528217793 3300.4378699362278 1052.5965407416224 1399.4119532182813 185.28961568325758 193.99682557582855 149.58958187699318 334.20396412909031 114.98926582932472 11072.072360999882 20405.419890072197
leaf_count=1633 7524 26906 2620 359 14302 4746 7182 837 865 613 1494 473 51019 92253
internal_value=4.17586e-05 0.00014826 -0.000255101 -0.000781214 0.00253208 0.00624014 0.00418963 -0.00154653 -0.0187698 -0.000627718 -0.0106946 -0.0299319 -0.000442834 -0.000133519
internal_weight=45978.5 45601.3 40468.5 34048.6 6419.88 3119.44 2637.3 1237.89 277.815 33770.8 598.783 264.579 33172 31477.5
internal_count=212826 211193 184287 154600 29687 15385 12765 5583 1224 153376 2580 1086 150796 143272
is_linear=0
shrinkage=0.03


Tree=173
num_leaves=15
num_cat=0
split_feature=149 212 137 121 67 121 124 230 146 148 227 167 230 119
split_gain=61.5961 53.9289 53.0858 76.8444 70.3904 42.9338 46.2596 52.1047 50.5737 69.6575 42.6942 41.2986 40.5006 39.0779
threshold=26.500000000000004 39.500000000000007 91.500000000000014 50.500000000000007 38.500000000000007 31.500000000000004 23.500000000000004 48.500000000000007 89.500000000000014 12.500000000000002 1.5000000000000002 17.500000000000004 20.500000000000004 97.500000000000014
decision_type=10 10 10 10 10 10 8 8 10 8 8 10 10 10
left_child=2 5 10 4 -4 6 7 12 -8 -10 13 -7 -2 -1
right_child=1 -3 3 -5 -6 11 8 -9 9 -11 -12 -13 -14 -15
leaf_value=-0.011606837385763112 -0.0022704059255112901 -0.0022043566995910407 -0.036498326449021012 -0.0030571658677690907 -0.0085111053169381629 -0.0010511342979473055 0.0068594609511185402 -0.0069529785892253528 -0.035026069500490017 0.004526583786687027 -0.00063683210857167589 0.0015501763700553931 0.010752711861733402 0.011523911539949914
leaf_weight=526.76800629496574 417.87001322954893 4953.129382815212 125.73216981440783 965.86487821862102 221.3720700442791 8224.4443286471069 2904.3582730852067 632.67679417133331 53.294976644217968 103.99110608175397 9906.4029842987657 16493.700916867703 426.30941860377789 66.78661498054862
leaf_count=2379 1838 22085 580 4858 1035 39213 13662 2773 238 597 45236 76497 1805 423
internal_value=4.26249e-05 0.000687589 -0.00182417 -0.00748816 -0.0193871 0.00117778 0.00385654 -0.000503376 0.00595445 -0.0101681 -0.00110946 0.00068457 0.00435514 -0.00885636
internal_weight=46022.7 34209.8 11812.9 1312.97 347.104 29256.6 4538.5 1476.86 3061.64 157.286 10500 24718.1 844.179 593.555
internal_count=213219 158708 54511 6473 1615 136623 20913 6416 14497 835 48038 115710 3643 2802
is_linear=0
shrinkage=0.03


Tree=174
num_leaves=15
num_cat=0
split_feature=242 189 120 230 229 249 242 222 245 229 190 10 226 80
split_gain=63.3615 59.7151 88.4284 75.2843 119.423 104.24 88.075 79.1066 100.85 88.2281 76.1246 89.5395 87.9529 155.889
threshold=0.010315495077520611 50.500000000000007 98.500000000000014 3.5000000000000004 1.5000000000000002 0.88383838534355175 0.015146947000175716 3.5000000000000004 -0.059396449476480477 1.0000000180025095e-35 78.500000000000014 79.500000000000014 41.500000000000007 24.500000000000004
decision_type=8 8 10 8 10 2 10 10 2 10 10 10 10 10
left_child=-1 2 3 7 6 10 -5 9 -9 -2 11 12 -6 -14
right_child=1 -3 -4 4 5 -7 -8 8 -10 -11 -12 -13 13 -15
leaf_value=-0.012216458030977222 0.0078946979084521269 0.001304203251932746 0.0045552298165223567 0.0071081932129267193 -0.0036139379343106156 -0.017911355702940269 -0.024927253626857476 0.01361256736758913 -0.0028651549570418715 -0.01166604161794608 0.0040446693820641111 -0.0059679239811698953 0.0061574403721403586 -0.002659120396680099
leaf_weight=367.09107076376677 343.58453845232725 21055.362633951008 2426.0135505758226 95.382229290902615 5794.9292944967747 341.1867501065135 325.86958762258291 947.54399208724499 508.96405811607838 494.42407314479351 2043.179050065577 4038.3286233618855 3290.9198434725404 3973.6807905212045
leaf_count=1590 1908 100082 13599 513 25055 1536 1555 4671 2302 2326 9389 17543 14183 16951
internal_value=3.04465e-05 0.000131518 -0.000871338 -0.00146619 -0.00205969 -0.00171312 -0.017677 0.00366868 0.0078743 -0.00364759 -0.00141518 -0.00206961 -0.000860515 0.00133782
internal_weight=46046.5 45679.4 24624 22198 19903.5 19482.2 421.252 2294.52 1456.51 838.009 19141 17097.9 13059.5 7264.6
internal_count=213203 211613 111531 97932 86725 84657 2068 11207 6973 4234 83121 73732 56189 31134
is_linear=0
shrinkage=0.03


Tree=175
num_leaves=15
num_cat=0
split_feature=245 248 244 244 230 145 245 245 231 248 93 224 224 248
split_gain=60.6433 178.126 169.669 180.732 263.651 136.135 129.692 162.138 178.47 128.029 124.827 141.356 112.928 112.675
threshold=-0.075403515249490724 0.58080807328224193 0.024279476143419746 0.0029686595080420379 3.5000000000000004 73.500000000000014 -0.085580728948116289 -0.092067394405603395 21.500000000000004 0.80303028225898754 35.500000000000007 18.500000000000004 1.0000000180025095e-35 0.82323232293128978
decision_type=2 2 2 2 8 8 2 2 10 2 8 8 10 2
left_child=1 -1 3 4 -3 -6 7 8 9 -5 11 12 -4 -9
right_child=-2 2 10 6 5 -7 -8 13 -10 -11 -12 -13 -14 -15
leaf_value=0.0094029015238186447 -0.00069834634010091409 0.022077178076771561 -0.00029619054740794536 -0.027245310694111714 -0.025929993960950849 -0.0011322720496115401 0.010054923212005726 -0.0020337844020564466 0.0066954548563932679 0.0050244610113257208 -0.0015917981164953389 0.00048033875107752263 -0.030840789146268859 -0.021675405431345222
leaf_weight=2236.8496101349592 32997.148053109646 185.74282608926296 141.92277777940035 248.14187566190958 520.83179333806038 320.48724510893226 2162.1168783828616 836.99853347241879 3342.8967513330281 188.96693931519985 1673.0671495981514 333.21102717518806 461.50425006821752 374.81113078445196
leaf_count=13239 144506 1055 919 1137 2294 1595 9936 3784 18409 802 9620 1871 2327 1679
internal_value=-1.4096e-05 0.00171823 0.000118012 0.00224337 -0.00946638 -0.016608 0.00393536 0.00126997 0.00433132 -0.0134944 -0.00652776 -0.0152347 -0.0237788 -0.00823659
internal_weight=46024.7 13027.5 10790.7 8180.99 1027.06 841.319 7153.93 4991.82 3780.01 437.109 2609.71 936.638 603.427 1211.81
internal_count=213173 68667 55428 40691 4944 3889 35747 25811 20348 1939 14737 5117 3246 5463
is_linear=0
shrinkage=0.03


Tree=176
num_leaves=15
num_cat=0
split_feature=231 228 70 244 249 231 231 148 46 180 238 243 229 244
split_gain=75.9238 124.044 123.816 121.761 128.403 126.267 107.665 116.64 149.934 114.175 102.878 97.6145 101.582 97.3481
threshold=91.500000000000014 11.500000000000002 9.5000000000000018 0.004429855616763235 0.83333334326744091 97.500000000000014 75.500000000000014 9.5000000000000018 13.500000000000002 12.500000000000002 -0.28068861365318293 -0.049126613885164254 7.5000000000000009 0.021157245151698593
decision_type=10 8 8 2 2 10 10 10 10 10 10 2 10 2
left_child=2 3 -1 -2 10 -6 -4 8 9 -8 -5 12 -9 -3
right_child=1 13 6 4 5 -7 7 11 -10 -11 -12 -13 -14 -15
leaf_value=0.0039965442589661301 0.012658717453219654 0.0086536535431485564 -0.0011066033248964249 0.0084491177515550117 -0.011776461833538823 0.024154622089641489 0.0012429895011331741 0.00080116805861465772 0.0071154229033821414 -0.030225605988126132 -0.012614504802993108 0.0027982457725867944 0.019339615080453634 -0.0026581358194761361
leaf_weight=7387.8919811546803 251.87424629926682 1058.3650315850973 26641.388814058155 220.83144240453839 148.7107834815979 190.39796042814851 162.06927237659693 413.68517050147057 358.51815307885408 274.71401931345463 2493.433309994638 3755.8665006160736 739.79191014170647 1897.9204780049622
leaf_count=34459 1362 5217 118456 2102 733 1512 926 2330 1674 1266 12079 17552 3875 9588
internal_value=1.11466e-05 -0.00305651 0.000495216 -0.00704103 -0.00870209 0.00851163 -0.000305482 0.00343124 -0.00716454 -0.0187826 -0.0108761 0.00515881 0.012755 0.00140706
internal_weight=45995.5 6261.53 39733.9 3305.25 3053.37 339.109 32346 5704.65 795.301 436.783 2714.26 4909.34 1153.48 2956.29
internal_count=213131 32593 180538 17788 16426 2245 146079 27623 3866 2192 14181 23757 6205 14805
is_linear=0
shrinkage=0.03


Tree=177
num_leaves=15
num_cat=0
split_feature=195 194 229 226 226 231 230 231 63 231 25 237 122 231
split_gain=61.0003 79.1183 82.7938 91.1552 78.8714 86.1272 87.5143 79.4311 72.8242 72.2664 71.4824 69.5603 75.6553 60.5963
threshold=37.500000000000007 22.500000000000004 45.500000000000007 89.500000000000014 15.500000000000002 26.500000000000004 27.500000000000004 33.500000000000007 77.500000000000014 77.500000000000014 22.500000000000004 0.02273561526089907 16.500000000000004 81.500000000000014
decision_type=10 8 10 10 8 10 8 10 10 10 10 2 8 10
left_child=1 -1 3 4 -3 6 -6 -7 -8 -4 -11 12 -9 -2
right_child=13 2 9 -5 5 7 8 11 -10 10 -12 -13 -14 -15
leaf_value=0.0013246971798554737 0.0024831250925629795 -0.00051968340764196625 -0.0011149800403236878 0.02483345180071286 0.0092050858114337795 -0.018561325767113054 -0.0068652292870040651 0.0033883021287055095 0.0076934721199974632 0.01258673594969611 0.00047040638380466175 -0.0028032438729983754 -0.012463778686240644 -0.0017600268673429414
leaf_weight=9908.4587122276425 12110.989799495786 4310.4021130464971 6161.3539759665728 91.326688922941685 566.90180554986 548.53455823659897 1595.3331704996526 310.61710273474455 374.19441570341587 765.75223083049059 1009.0666405111551 2273.90597974509 1929.4356498643756 4030.2663126029074
leaf_count=46252 54652 21455 26824 396 2470 2352 7869 1333 1642 3974 4752 10403 8186 20531
internal_value=-6.19831e-05 -0.00086544 -0.00195404 -0.00352517 -0.00376329 -0.00560008 -0.00108181 -0.00785725 -0.0040743 0.000423176 0.00573927 -0.00651834 -0.0102604 0.00142323
internal_weight=45986.5 29845.3 19936.8 12000.7 11909.3 7598.92 2536.43 5062.49 1969.53 7936.17 1774.82 4513.96 2240.05 16141.3
internal_count=213091 137908 91656 56106 55710 34255 11981 22274 9511 35550 8726 19922 9519 75183
is_linear=0
shrinkage=0.03


Tree=178
num_leaves=15
num_cat=0
split_feature=245 248 243 226 229 228 243 245 226 231 248 248 102 248
split_gain=64.3204 130.394 173.102 145.32 176.76 168.125 112.338 185.414 109.014 114.528 158.44 138.071 118.885 105.15
threshold=-0.099373251199722276 0.80303028225898754 -0.06956798210740088 41.500000000000007 11.500000000000002 16.500000000000004 -0.072106722742319093 -0.11046205461025237 14.500000000000002 98.500000000000014 0.71212121844291698 0.63131311535835277 3.5000000000000004 0.7929292917251588
decision_type=2 2 2 10 10 10 2 2 10 8 2 2 10 2
left_child=1 6 -3 4 -4 -6 8 -8 9 10 -1 12 -11 -2
right_child=13 2 3 -5 5 -7 7 -9 -10 11 -12 -13 -14 -15
leaf_value=0.01194758085226264 -9.0684707715511792e-06 0.023820227440912903 0.0069377695088557552 0.019309732079936255 -0.028248386317540689 0.010918806177220125 0.017450382020223521 -0.0046419293202283364 -0.015616877779690378 -0.0051089306055021834 -0.02344849061200812 0.0084479214150521946 -0.062640106442362495 -0.0054902956333479766
leaf_weight=626.8211172670126 37268.855828635395 504.9987371340394 859.3272351436317 409.36722746491432 306.20388451218605 136.9016280695796 611.84096977487206 752.33648391067982 659.97996046766639 59.301807660609484 128.95884380489588 95.436324656009674 66.533227119594812 3430.6844517961144
leaf_count=4306 165785 3809 5110 2129 1313 714 3929 4076 3500 692 765 932 484 15286
internal_value=-7.00644e-05 0.00306246 0.00856305 0.00394982 -0.000988292 -0.0161734 -0.00101542 0.00532147 -0.00629635 9.3923e-05 0.00568061 -0.0184086 -0.0378997 -0.000472332
internal_weight=45917.5 5218.01 2216.8 1711.8 1302.43 443.106 3001.21 1364.18 1637.03 977.051 755.78 221.271 125.835 40699.5
internal_count=212830 31759 13075 9266 7137 2027 18684 8005 10679 7179 5071 2108 1176 181071
is_linear=0
shrinkage=0.03


Tree=179
num_leaves=15
num_cat=0
split_feature=209 171 76 52 230 72 249 248 120 222 248 222 137 224
split_gain=61.6764 62.3117 58.0274 63.1055 67.6516 78.3429 64.8992 63.3894 65.2524 62.0916 60.8339 82.0875 68.1827 73.6056
threshold=51.500000000000007 22.500000000000004 94.500000000000014 13.500000000000002 3.5000000000000004 9.5000000000000018 0.55050507187843334 0.24747474491596225 17.500000000000004 4.5000000000000009 0.69191917777061474 41.500000000000007 76.500000000000014 34.500000000000007
decision_type=10 10 10 10 10 8 2 2 10 10 2 10 10 10
left_child=2 -2 3 4 5 9 -7 8 -5 -1 12 -12 13 -6
right_child=1 -3 -4 7 10 6 -8 -9 -10 -11 11 -13 -14 -15
leaf_value=0.00030393199153394042 -0.0066825538036657467 -0.00045403341668087395 0.0042137787628981115 0.0039186732959193178 0.0018557070414709634 7.064490559647686e-05 -0.013903922078500617 0.0017375767820019181 -0.0029340005144701136 0.013454783153243709 -0.010313122403185939 0.011902158395868657 -0.024034473108029406 -0.006593410103868551
leaf_weight=621.12477343529463 2302.3865551277995 3860.6534324660897 3339.3652690947056 1572.1648478358984 2539.8753016889095 1957.4400689303875 343.01381875947118 19408.165032304823 5968.6065338030457 664.55351332947612 1720.4259056821465 155.58760185539722 111.58120686560869 1449.404445335269
leaf_count=3721 10081 17095 17969 6643 11466 10846 1935 88573 25932 3693 7668 754 561 6312
internal_value=2.46009e-06 -0.00278794 0.000434589 8.78867e-05 -0.00200454 0.00125093 -0.00206422 0.000830868 -0.001502 0.00715285 -0.00395666 -0.00841735 -0.00190052 -0.00122288
internal_weight=46014.3 6163.04 39851.3 36511.9 9563.01 3586.13 2300.45 26948.9 7540.77 1285.68 5976.87 1876.01 4100.86 3989.28
internal_count=213249 27176 186073 168104 46956 20195 12781 121148 32575 7414 26761 8422 18339 17778
is_linear=0
shrinkage=0.03


Tree=180
num_leaves=15
num_cat=0
split_feature=242 76 242 190 228 137 68 234 248 248 222 243 228 228
split_gain=54.4207 57.5662 67.5144 57.2479 52.8209 57.1717 140.22 91.1446 79.1282 64.9926 163.967 160.181 107.305 99.0792
threshold=0.010315495077520611 89.500000000000014 0.02307066693902016 73.500000000000014 93.500000000000014 91.500000000000014 17.500000000000004 7.5000000000000009 0.58080807328224193 0.71212121844291698 43.500000000000007 -0.048753643408417695 82.500000000000014 22.500000000000004
decision_type=8 10 8 10 10 10 10 10 2 2 8 2 10 10
left_child=-1 3 -3 4 5 9 7 -7 -8 -2 11 -11 -12 -13
right_child=1 2 -4 -5 -6 6 8 -9 -10 10 12 13 -14 -15
leaf_value=-0.011190788067826956 0.00048682129183389588 0.00012031184303527276 0.0065135437774400291 0.0028449758775529544 -0.008495202386699886 0.0064868383792815749 -0.0051686936363706691 -0.029874503404839308 0.0092616966506451123 0.0022178064522832279 0.019259402910952107 -0.010607247238860477 -0.014198324561347985 -8.5063955517882409e-05
leaf_weight=377.13237251341343 25000.812206223607 3523.5249868743122 2562.0819826386869 4555.1986495032907 760.54059676080942 74.979533370584249 1492.6373436674476 279.07506229355931 433.05158104002476 2262.4657509215176 438.53547573834658 2941.4382433593273 99.080548144876957 1107.8929793983698
leaf_count=1632 112430 17013 14661 21176 3372 426 6921 1379 2342 11057 2119 12940 456 4947
internal_value=9.66698e-06 0.000104876 0.00281818 -0.000314334 -0.000727501 -0.000551971 -0.0051307 -0.0222075 -0.00189249 -0.000222732 -0.00280958 -0.00416999 0.0129466 -0.00773569
internal_weight=45908.4 45531.3 6085.61 39445.7 34890.5 34130 2279.74 354.055 1925.69 31850.2 6849.41 6311.8 537.616 4049.33
internal_count=212871 211239 31674 179565 158389 155017 11068 1805 9263 143949 31519 28944 2575 17887
is_linear=0
shrinkage=0.03


Tree=181
num_leaves=15
num_cat=0
split_feature=245 194 47 230 52 10 248 245 192 178 238 146 98 79
split_gain=65.7064 53.4339 83.9746 72.886 82.1811 71.7853 65.4954 96.6767 68.013 58.5473 78.9794 65.1992 73.8126 65.0569
threshold=-0.20480131357908246 30.500000000000004 inf 3.5000000000000004 7.5000000000000009 5.5000000000000009 0.84343436360359203 -0.093627367168664918 21.500000000000004 11.500000000000002 -0.070324946194887147 97.500000000000014 42.500000000000007 2.5000000000000004
decision_type=2 10 8 8 8 8 2 2 10 10 10 10 10 10
left_child=-1 3 9 6 -5 -6 8 -8 -2 10 11 12 -3 -13
right_child=1 2 -4 4 5 -7 7 -9 -10 -11 -12 13 -14 -15
leaf_value=0.016522681608912015 8.8053915329731815e-05 -0.004116949395357436 0.011611232714452871 -0.0039252804056052019 0.0083020153516180882 0.00048029700633222514 0.024675955216269585 -0.0072213366914647831 0.0096008003095385056 -0.00069488401563147137 -0.014954797583303746 0.0012064352984063468 0.005694490914020512 -0.023013822488974101
leaf_weight=202.49555549025536 2017.482641749084 2847.7237849235535 438.18938162922859 3693.28857190907 1125.3025148585439 15147.93427170068 297.78986742720008 113.14400827884674 1007.7649668380618 17219.635543812066 558.81934120506048 156.44380690157413 900.34437819570303 261.14209896326065
leaf_count=2655 10238 13387 2519 16622 5206 68837 2270 543 5000 76768 2378 912 4525 1368
internal_value=-0.00012087 -0.000198072 -0.00124576 0.000804042 0.000108586 0.00102594 0.00483307 0.0159306 0.00327811 -0.00150767 -0.00446236 -0.00302237 -0.00175121 -0.014124
internal_weight=45987.5 45785 22382.3 23402.7 19966.5 16273.2 3436.18 410.934 3025.25 21944.1 4724.47 4165.65 3748.07 417.586
internal_count=213228 210573 101857 108716 90665 74043 18051 2813 15238 99338 22570 20192 17912 2280
is_linear=0
shrinkage=0.03


Tree=182
num_leaves=15
num_cat=0
split_feature=238 171 226 80 231 243 189 231 119 229 226 130 243 231
split_gain=63.7408 82.9835 75.4591 127.946 111.884 110.142 109.107 103.292 141.597 103.045 89.1772 91.4257 86.8913 81.9626
threshold=-0.096894696354866014 25.500000000000004 43.500000000000007 22.500000000000004 66.500000000000014 -0.086909119039773927 27.500000000000004 81.500000000000014 94.500000000000014 36.500000000000007 9.5000000000000018 9.5000000000000018 -0.06534839421510695 16.500000000000004
decision_type=10 10 10 10 10 2 8 10 10 10 8 8 2 10
left_child=2 -2 6 5 13 -4 7 8 -1 -10 -8 -12 -9 -5
right_child=1 -3 3 4 -6 -7 10 12 9 -11 11 -13 -14 -15
leaf_value=-0.0039481243899132526 -0.0043516875340294777 -0.00011534009890077692 -0.018814515373774387 0.0039622995786622621 0.0069077309599468529 0.0079416054406394928 0.0048641063872313962 0.0010447098129164501 0.015135178103356541 -0.02045344794086092 -0.0060751033531202059 0.0019209680129313115 -0.015656372178697767 -0.0051661557523351061
leaf_weight=3256.3643256053329 5687.35421731323 15439.640715137124 134.15348066389561 1255.3697462081909 1579.1409644447267 4004.2790646702051 4132.6247446611524 390.53244593366981 605.96224604547024 74.318272426724434 1995.4367861077189 3583.115505695343 973.23841289058328 2944.7147604003549
leaf_count=14620 24234 67377 660 5734 8205 18231 23167 2506 3335 330 9609 17807 4535 13229
internal_value=-4.52617e-05 -0.00125728 0.000981987 0.00301121 0.000125512 0.007031 -0.000359764 -0.00381767 -0.00134238 0.0110073 0.00152957 -0.000944963 -0.010901 -0.00243481
internal_weight=46056.2 21127 24929.3 9917.66 5779.23 4138.43 15011.6 5300.42 3936.64 680.281 9711.18 5578.55 1363.77 4200.08
internal_count=213579 91611 121968 46059 27168 18891 75909 25326 18285 3665 50583 27416 7041 18963
is_linear=0
shrinkage=0.03


Tree=183
num_leaves=15
num_cat=0
split_feature=233 103 101 246 57 249 230 110 243 228 246 228 243 144
split_gain=55.2069 53.8014 53.3242 72.5197 56.7634 72.1007 109.446 65.1197 63.7172 112.631 95.8839 91.2032 116.249 107.252
threshold=99.500000000000014 29.500000000000004 5.5000000000000009 0.010057698469609024 70.500000000000014 0.82323232293128978 30.500000000000004 21.500000000000004 -0.021017680875957009 87.500000000000014 0.003783074789680541 46.500000000000007 -0.023310143500566479 53.500000000000007
decision_type=10 10 8 2 10 2 8 8 2 10 2 8 2 10
left_child=2 -2 3 -1 8 -6 -7 -8 9 11 -10 12 -4 -13
right_child=1 -3 4 -5 5 6 7 -9 10 -11 -12 13 -14 -15
leaf_value=0.006017663927992775 0.0091806313160432678 -0.0010421557568477352 -0.00091163508216139362 -0.003896368296331641 0.0015230546544664771 0.025014050923733593 -0.030368872885891678 0.0084561418019814608 -0.02717035025341915 -0.013506379334956733 -0.0021834614562698507 0.00046303463705935451 0.010713043749692581 0.010921078760550949
leaf_weight=739.41158687695861 1100.0388388670981 792.11013922095299 12934.198435097933 5880.690473549068 9670.7622837461531 272.98347674310207 52.737122379243374 94.108407855033875 130.39052999019623 493.13950558006763 9378.3833469375968 1963.9728870391846 813.49192929267883 1594.2385319471359
leaf_count=3359 5761 3672 59185 28415 45443 1555 235 474 543 2427 41012 9803 3631 7469
internal_value=-8.58685e-05 0.00491809 -0.000302033 -0.00278165 0.000137523 0.00205909 0.0140839 -0.00653446 -0.000573013 0.000486279 -0.00255428 0.000892576 -0.000216481 0.00516618
internal_weight=45910.7 1892.15 44018.5 6620.1 37398.4 10090.6 419.829 146.846 27307.8 17799 9508.77 17305.9 13747.7 3558.21
internal_count=212984 9433 203551 31774 171777 47707 2264 709 124070 82515 41555 80088 62816 17272
is_linear=0
shrinkage=0.03


Tree=184
num_leaves=15
num_cat=0
split_feature=245 193 231 76 141 233 51 231 56 178 137 189 66 171
split_gain=65.6194 94.6475 92.1305 82.476 103.377 72.5308 94.7486 87.0621 82.956 105.219 87.1514 92.0433 85.3755 78.8623
threshold=-0.11046205461025237 84.500000000000014 22.500000000000004 80.500000000000014 84.500000000000014 55.500000000000007 3.5000000000000004 92.500000000000014 36.500000000000007 11.500000000000002 89.500000000000014 48.500000000000007 46.500000000000007 38.500000000000007
decision_type=2 10 8 10 10 10 8 10 10 8 10 10 10 10
left_child=1 2 -1 -4 -5 6 -2 8 10 -10 11 -7 -11 -9
right_child=5 -3 3 4 -6 7 -8 13 9 12 -12 -13 -14 -15
leaf_value=-0.017722260110036168 -0.007876426556859082 0.016547170168124098 -0.0010217626074428914 0.020256828397383266 0.0018474851790778806 0.0021733632988265891 -0.00098523631580454442 -0.01012377939962837 -0.0070883876981023127 -0.0014755626292267585 -0.017141797108086949 0.0092617116853493525 0.0055092938606005545 0.0005810998959561198
leaf_weight=191.27778127044439 1943.5442010983825 448.47783144190907 1624.6068947352469 461.37116641178727 662.79838572442532 5010.3876663595438 22286.828156001866 1116.2797036021948 1639.3535306155682 3824.4813897013664 161.45850315690041 2453.8966958969831 2663.8170499801636 1373.8699312210083
leaf_count=950 8316 2882 10046 3096 5348 22065 100585 5206 7296 16233 726 11689 11872 6477
internal_value=-0.000144715 0.00386658 0.00188274 0.00330628 0.00951486 -0.000465568 -0.00154101 0.000962851 0.00178727 -0.000321767 0.0040326 0.00451294 0.00139618 -0.00423896
internal_weight=45862.4 3388.53 2940.05 2748.78 1124.17 42473.9 24230.4 18243.5 15753.4 8127.65 7625.74 7464.28 6488.3 2490.15
internal_count=212787 22322 19440 18490 8444 190465 108901 81564 69881 35401 34480 33754 28105 11683
is_linear=0
shrinkage=0.03


Tree=185
num_leaves=15
num_cat=0
split_feature=165 238 171 189 144 78 142 119 229 249 57 119 147 52
split_gain=51.2966 58.2148 72.7268 68.5675 66.0339 52.8194 83.8286 81.5432 69.1602 69.03 152.085 56.8833 51.6221 51.0252
threshold=5.5000000000000009 -0.097381528466939912 24.500000000000004 53.500000000000007 5.5000000000000009 11.500000000000002 42.500000000000007 15.500000000000002 25.500000000000004 0.84343436360359203 76.500000000000014 97.500000000000014 81.500000000000014 79.500000000000014
decision_type=8 10 10 8 8 10 10 10 10 2 10 10 10 10
left_child=-1 3 -3 4 -2 6 -6 -7 9 -8 -11 13 -4 -9
right_child=1 2 12 -5 5 7 8 11 -10 10 -12 -13 -14 -15
leaf_value=-0.0043244982433129275 0.010393239162341547 -0.0040063494169878654 0.00103080738513215 0.00329810623702885 0.0043062707587650561 -0.0081701019042801915 -0.006541403838824701 0.0010098962996236544 -0.015191701212013046 -0.013784529348871312 0.022395947238711762 0.0075724121218187267 -0.0031355296143279047 -0.010697956302177649
leaf_weight=2409.1555198282003 512.70800697803497 5346.5972512587905 11539.641322024167 8687.178252954036 871.31728544086218 866.4836267977953 1540.5730772539973 8100.7454500496387 606.86729527264833 172.48597252741456 237.00213433802128 1165.2108785174787 3473.8681967630982 339.47793072462082
leaf_count=10866 2347 22775 50294 45398 3899 3723 7991 36852 2784 993 1696 6387 15290 1579
internal_value=-7.27039e-05 0.000163929 -0.00100533 0.00119449 -7.48444e-05 -0.000468154 -0.00369451 0.000590592 -0.00642707 -0.00363589 0.00719058 0.00138855 6.53432e-05 0.000526887
internal_weight=45869.3 43460.2 20360.1 23100 14412.9 13900.2 3428.25 10471.9 2556.93 1950.06 409.488 9605.43 15013.5 8440.22
internal_count=212874 202008 88359 113649 68251 65904 17363 48541 13464 10680 2689 44818 65584 38431
is_linear=0
shrinkage=0.03


Tree=186
num_leaves=15
num_cat=0
split_feature=149 140 71 249 228 230 226 224 243 243 243 54 242 249
split_gain=56.1802 52.911 74.2318 75.3255 62.9098 113.977 97.1424 125.13 77.2192 113.474 71.0597 63.6884 64.6119 59.1876
threshold=23.500000000000004 17.500000000000004 30.500000000000004 0.015151515137404205 3.5000000000000004 11.500000000000002 36.500000000000007 14.500000000000002 -0.049126613885164254 -0.076761040836572633 -0.026916079223155972 61.500000000000007 0.02393493335694075 0.035353535786271102
decision_type=10 10 10 2 8 10 8 10 2 2 2 10 10 2
left_child=-1 2 3 -2 6 -6 7 11 9 -7 13 -5 -13 -10
right_child=1 -3 -4 4 5 8 -8 -9 10 -11 -12 12 -14 -15
leaf_value=-0.0018786734742024603 0.0064971218458765934 0.0014269439964724431 -0.0045706388327173397 -0.019307457943732252 0.0063915998830360978 -0.017791965444283787 0.015277767946971828 -0.042114942742751404 -0.019820764267931872 0.014542236521728678 -0.00035445128709562037 -0.0082628907774325768 0.0095916974254438205 -0.0055873677618703578
leaf_weight=10464.803444508463 1551.2296091094613 23880.600976746529 3659.9005632996559 257.70934652909636 1915.3494979478419 117.19435179978609 150.3844517916441 88.442612741142511 393.73921911418438 420.4464083686471 1325.0706988424063 541.0721154101193 263.06165954470634 789.65639796108007
leaf_count=48438 7092 111292 16135 1355 9469 611 711 406 1624 1998 5653 2725 1859 3359
internal_value=5.1101e-05 0.000622687 -0.00105109 0.00060126 -0.000867271 0.000675671 -0.00671313 -0.00969504 -0.00292758 0.00729788 -0.00513948 -0.00662701 -0.00237593 -0.0104495
internal_weight=45818.7 35353.9 11473.3 7813.36 6262.13 4961.46 1300.67 1150.29 3046.11 537.641 2508.47 1061.84 804.134 1183.4
internal_count=212727 164289 52997 36862 29770 22714 7056 6345 13245 2609 10636 5939 4584 4983
is_linear=0
shrinkage=0.03


Tree=187
num_leaves=15
num_cat=0
split_feature=151 245 248 224 248 231 249 222 249 62 222 121 248 38
split_gain=56.889 68.1512 136.699 131.258 113.2 161.707 128.553 114.063 147.799 109.636 104.002 93.0939 92.7855 133.185
threshold=3.5000000000000004 -0.099373251199722276 0.80303028225898754 4.5000000000000009 0.6111111342906953 25.500000000000004 0.52020201086997997 5.5000000000000009 0.075757574290037169 53.500000000000007 17.500000000000004 68.500000000000014 0.83333334326744091 25.500000000000004
decision_type=10 2 2 8 2 8 2 10 2 10 10 8 2 10
left_child=-1 2 4 -4 6 -6 -2 8 -7 11 -5 -8 -3 -14
right_child=1 12 3 10 5 7 9 -9 -10 -11 -12 -13 13 -15
leaf_value=-0.0033503119050568944 0.013400053411470884 0.00021558722733982366 0.020976657361922609 0.0010994607533596772 -0.028638263287770145 -0.033578668296292982 -0.045082661386455655 0.0072796782695727646 -0.0016552939803266911 0.011460096123293927 0.025567680428320815 -0.0056532918872876006 -0.016524724092588997 0.0031267139778310715
leaf_weight=4068.3037848360837 767.08852391690016 35966.939969263971 627.86885373666883 1166.2434070259333 230.40642893314362 171.60284169763327 78.431448481976986 624.80116989091039 468.1117489784956 151.83225690200925 170.73465391993523 146.7808213122189 709.49400245398283 541.07652531564236
leaf_count=19398 5159 159817 4835 5918 1025 840 567 3611 3033 1022 1097 1066 3155 2431
internal_value=3.18579e-05 0.000361591 0.0038007 0.00977015 -0.000663815 -0.00608209 0.00640705 -0.00177969 -0.0106037 -0.00779869 0.00439072 -0.0207177 -6.47428e-05 -0.0080649
internal_weight=45889.7 41821.4 4603.9 1964.85 2639.06 1494.92 1144.13 1264.52 639.715 377.045 1336.98 225.212 37217.5 1250.57
internal_count=212974 193576 28173 11850 16323 8509 7814 7484 3873 2655 7015 1633 165403 5586
is_linear=0
shrinkage=0.03


Tree=188
num_leaves=15
num_cat=0
split_feature=190 194 226 144 243 136 243 125 229 243 178 10 226 231
split_gain=56.5685 68.3327 80.4131 116.408 90.222 90.6496 79.558 69.6531 68.6299 61.7603 59.7483 57.9912 56.161 92.2971
threshold=90.500000000000014 29.500000000000004 2.5000000000000004 6.5000000000000009 -0.039286097511649125 9.5000000000000018 -0.076761040836572633 25.500000000000004 10.500000000000002 -0.047701604664325707 99.500000000000014 42.500000000000007 81.500000000000014 24.500000000000004
decision_type=10 10 8 10 2 10 2 10 10 2 8 10 10 10
left_child=1 2 3 7 5 -5 -7 -1 -6 11 -3 -8 -4 -14
right_child=-2 10 12 4 8 6 9 -9 -10 -11 -12 -13 13 -15
leaf_value=0.0049348206206133302 0.0047030136534522487 -0.0016875528281222593 -0.00030055195682131519 0.0096907931062746571 0.019577914570672501 0.01231895622822338 -0.024991394001236168 -0.036249919857426663 -0.0086403738142435734 0.0054004021522624512 0.0090277877263823126 0.0092913837069203333 0.014082463018727119 0.0012554236432240416
leaf_weight=59.28666527569294 2209.2270680516958 20452.088482443243 17531.852906413376 849.09189599752426 659.25003721937537 153.89371370896697 252.83451836556196 79.542267926037312 82.019162312150002 122.24307648092508 469.49448135122657 47.99172742664814 649.76242466270924 2160.5315442606807
leaf_count=309 10921 92582 80466 5819 3251 955 1150 342 385 575 2580 239 2879 10103
internal_value=3.08126e-05 -0.000207118 0.000934576 0.00623108 0.00796212 0.00350173 -0.00561639 -0.0195122 0.0163822 -0.0122743 -0.0014429 -0.0193992 0.000331355 0.00426055
internal_weight=45779.1 43569.9 22648.3 2306.15 2167.32 1426.05 576.963 138.829 741.269 423.069 20921.6 300.826 20342.1 2810.29
internal_count=212556 201635 106473 13025 12374 8738 2919 651 3636 1964 95162 1389 93448 12982
is_linear=0
shrinkage=0.03


Tree=189
num_leaves=15
num_cat=0
split_feature=245 63 228 243 224 2 10 110 242 120 226 226 230 244
split_gain=56.7865 79.1862 92.3634 92.1613 84.1214 133.277 86.3941 90.7619 81.4861 79.47 78.7269 163.653 116.497 130.203
threshold=-0.044362664222717278 72.500000000000014 93.500000000000014 -0.031613444909453385 82.500000000000014 12.500000000000002 80.500000000000014 43.500000000000007 0.022177816368639473 97.500000000000014 40.500000000000007 49.500000000000007 5.5000000000000009 0.0016359004657715561
decision_type=2 10 10 2 8 8 10 10 10 10 10 10 10 2
left_child=1 2 4 -4 6 -6 10 9 -7 -8 12 -12 -1 -14
right_child=-2 -3 3 -5 5 8 7 -9 -10 -11 11 -13 13 -15
leaf_value=0.0021906797249205382 -0.001691148780503957 0.0030644363117715376 0.0095979058923619884 -0.023645264711195647 0.017059469531828866 0.0098603428196344586 -0.010045828302217152 0.0031744586163909784 -0.0043604416002606733 0.0070453883400096486 0.010322251313620939 2.7046966440728062e-05 -0.022931614992345899 -0.003153125490974715
leaf_weight=4473.7944059185684 13281.018349349499 8802.9302885085344 95.903970181941986 272.54520780593157 632.22285458818078 558.91575991734862 2122.1522673852742 871.43934589251876 990.43334157764912 269.4726223051548 1833.1221358366311 5647.883672747761 306.7198930606246 5675.4738879166543
leaf_count=24276 57783 43541 517 1304 3351 3180 9171 4080 4800 1388 7968 24808 1315 25249
internal_value=-3.86697e-05 0.000635823 -0.00026525 -0.0149674 -2.72726e-05 0.00556831 -0.000605435 -0.00508763 0.000799932 -0.00809878 0.000212339 0.00256016 -0.00146831 -0.00420379
internal_weight=45834 32553 23750.1 368.449 23381.6 2181.57 21200.1 3263.06 1549.35 2391.62 17937 7481.01 10456 5982.19
internal_count=212731 154948 111407 1821 109586 11331 98255 14639 7980 10559 83616 32776 50840 26564
is_linear=0
shrinkage=0.03


Tree=190
num_leaves=15
num_cat=0
split_feature=245 244 245 245 244 24 77 146 245 245 245 131 91 138
split_gain=54.0452 108.659 180.055 145.39 97.5599 91.1521 92.7021 86.9584 83.5203 98.2009 95.6096 94.3023 90.828 97.3325
threshold=-0.075403515249490724 0.0029686595080420379 -0.078827429562807069 -0.084423299878835664 0.024279476143419746 20.500000000000004 58.500000000000007 48.500000000000007 -0.064950689673423753 -0.068609282374382005 -0.061992347240447991 35.500000000000007 72.500000000000014 21.500000000000004
decision_type=2 2 2 2 2 10 10 8 2 2 2 8 10 8
left_child=1 3 4 7 5 -3 -7 -1 9 12 -10 -11 13 -2
right_child=8 2 -4 -5 -6 6 -8 -9 10 11 -12 -13 -14 -15
leaf_value=-0.01096791406573022 -0.0054938239904558164 0.0066347807306661758 0.013108575738578255 -0.021862346849925381 -0.0030094536846320924 -0.0028874050222849148 0.0082075869361788716 0.0098912409605102329 0.0064501236008160335 -0.012995197126045941 -0.00050236177869186294 -0.00013464416139620018 -0.014281547434510936 0.005334455008471249
leaf_weight=310.70178025215864 1244.9990840554237 3447.5952503234148 1257.3881297558546 389.89008704572916 3430.8666565306485 2752.8718877844512 888.07431621849537 399.6686617732048 1905.4309973344207 1546.5848751366138 25200.772421166301 765.82995989173651 387.35130460560322 1836.5581909045577
leaf_count=1431 5427 18870 6079 1727 20495 13142 4460 2183 8473 6592 110109 3553 1756 8261
internal_value=-6.50434e-05 0.00158179 0.0024258 -0.00739271 0.00113765 0.00314626 -0.000166123 0.00074226 -0.000710142 -0.00398039 -1.14382e-05 -0.00875493 -0.000781611 0.000956035
internal_weight=45764.6 12877.1 11776.8 1100.26 10519.4 7088.54 3640.95 710.37 32887.5 5781.32 27106.2 2312.41 3468.91 3081.56
internal_count=212558 68387 63046 5341 56967 36472 17602 3614 144171 25589 118582 10145 15444 13688
is_linear=0
shrinkage=0.03


Tree=191
num_leaves=15
num_cat=0
split_feature=209 10 29 137 67 224 230 246 124 230 24 52 230 246
split_gain=50.4621 59.5508 82.3466 100.394 62.5477 74.3737 59.9227 77.3078 73.0606 72.5637 71.3122 68.5804 73.6774 67.3558
threshold=52.500000000000007 2.5000000000000004 13.500000000000002 89.500000000000014 39.500000000000007 6.5000000000000009 37.500000000000007 0.010280616115778686 7.5000000000000009 24.500000000000004 21.500000000000004 18.500000000000004 39.500000000000007 0.038571491837501533
decision_type=10 8 8 10 10 10 8 2 8 10 8 8 10 2
left_child=1 -1 3 -3 5 -5 7 9 -8 -4 -9 12 -10 -12
right_child=-2 2 6 4 -6 -7 8 10 11 -11 13 -13 -14 -15
leaf_value=0.0038670571244048069 -0.0026089596338268362 -0.0019484432819395099 0.0044117436923553702 0.0015533614190208684 -0.00026166043619701377 -0.028962594111791747 -0.0082022478093849195 0.0060360714015316209 0.012134295590365409 0.018801523916761063 -0.0024041399458558741 0.00073462225347445138 -0.0068603154097541218 0.0039678354755223813
leaf_weight=3872.0340910106897 6014.05681848526 5825.803006991744 1073.6497711613774 92.983507908880711 176.56169495731592 292.60685516893864 1004.0391003638506 2207.6469928063452 194.34911799058318 442.14125542342663 4279.6368164271116 16115.640168365091 1888.1470134407282 2280.1455835849047
leaf_count=20656 26552 27870 4800 531 915 1316 4317 10409 975 1900 18967 74329 8012 10977
internal_value=-5.02539e-05 0.000337475 -4.44668e-05 -0.00312973 -0.0151238 -0.0217506 0.000624784 0.00247169 -0.00036505 0.00870482 0.00138536 7.16163e-05 -0.00503812 -0.000186607
internal_weight=45759.4 39745.4 35873.4 6387.96 562.152 385.59 29485.4 10283.2 19202.2 1515.79 8767.43 18198.1 2082.5 6559.78
internal_count=212526 185974 165318 30632 2762 1847 134686 47053 87633 6700 40353 83316 8987 29944
is_linear=0
shrinkage=0.03


Tree=192
num_leaves=15
num_cat=0
split_feature=164 237 212 77 224 122 229 243 224 226 226 246 226 230
split_gain=57.415 76.2228 61.9979 56.6624 48.2006 72.7164 71.4258 87.6241 68.0781 147.597 72.5654 77.9708 59.5448 77.6684
threshold=47.500000000000007 0.2484153285622597 55.500000000000007 1.5000000000000002 31.500000000000004 26.500000000000004 12.500000000000002 -0.034279569983482354 43.500000000000007 81.500000000000014 63.500000000000007 0.0050660634879022845 14.500000000000002 8.5000000000000018
decision_type=10 2 10 8 8 8 10 2 8 10 10 2 10 8
left_child=3 2 4 -1 5 6 12 -8 9 10 11 -6 -2 -14
right_child=1 -3 -4 -5 8 -7 7 -9 -10 -11 -12 -13 13 -15
leaf_value=-0.010627200287323358 0.0076814330229002014 0.013404534949629485 -0.0034407578197678335 -0.00089147373460197327 -0.026492338608307367 0.0017147849141487934 0.02602829390360957 0.0058963424238454316 0.0013421454504068911 0.012986055194998257 -0.018056816135580158 -0.0027972768178576046 -0.02581792017355989 0.0076470824099273858
leaf_weight=541.98740902170539 534.6316652931273 426.89119013026357 2780.6772968657315 21471.082073897123 124.41170248389244 8372.1864345110953 350.22011462599039 440.08255325257778 7923.8485035598278 381.80800285935402 420.70408874750137 1845.259617574513 121.99351937323809 111.64587030559778
leaf_count=2590 2729 2732 12350 98924 520 40868 1655 1883 35819 1741 1853 8264 542 508
internal_value=-3.14782e-05 0.000988594 0.000756532 -0.0011359 0.00132376 0.00282769 0.00875684 0.0150315 -7.39098e-05 -0.00411176 -0.00688546 -0.00442021 0.00219202 -0.010169
internal_weight=45847.4 23834.4 23407.5 22013.1 20626.8 9930.76 1558.57 790.303 10696 2772.18 2390.38 1969.67 768.271 233.639
internal_count=212978 111464 108732 101514 96382 48185 7317 3538 48197 12378 10637 8784 3779 1050
is_linear=0
shrinkage=0.03


Tree=193
num_leaves=15
num_cat=0
split_feature=245 195 194 52 226 52 245 229 13 165 224 229 244 144
split_gain=54.4811 54.6782 72.5998 73.5166 66.3683 71.895 66.9945 59.1525 58.2815 56.2214 69.7745 57.6901 63.9342 56.0656
threshold=-0.20480131357908246 37.500000000000007 30.500000000000004 35.500000000000007 2.5000000000000004 10.500000000000002 -0.092067394405603395 1.5000000000000002 3.5000000000000004 35.500000000000007 8.5000000000000018 73.500000000000014 0.0019746321486309175 3.5000000000000004
decision_type=2 10 10 10 8 10 2 8 10 8 8 10 2 10
left_child=-1 2 4 8 13 6 7 -6 -4 -3 -11 12 -12 -2
right_child=1 9 3 -5 5 -7 -8 -9 -10 10 11 -13 -14 -15
leaf_value=0.015360425269127563 -0.021672456737835442 -0.0011177483800500041 -0.014038158492813478 -0.00051526101480918864 -0.011828505169770628 0.0011270404590724816 -0.0055720304224229711 0.0047778512852860548 -0.0041142085428180391 -0.002798772571934705 -0.0068825890505859397 -0.00097832950526214116 0.0056246996327634774 0.0070650839442724404
leaf_weight=198.01751010492444 53.908750653266907 5396.5603125579655 595.4761726744473 6646.243618555367 219.52031248062849 11305.535520445555 3351.6840704679489 1211.5980898365378 4617.5536666363478 1768.6929340623319 380.88925959169865 1866.8475062921643 6706.7963416203856 1648.971121776849
leaf_count=2680 242 24803 2907 29821 1292 50402 15122 6395 20882 9050 1650 8819 30555 9001
internal_value=4.21562e-05 -2.74565e-05 -0.000791932 -0.00260911 0.000420146 -0.000177447 -0.0032569 0.00216619 -0.00527251 0.00137833 0.00263437 0.00370945 0.00494381 0.00603411
internal_weight=45968.3 45770.3 29650.5 11859.3 17791.2 16088.3 4782.8 1431.12 5213.03 16119.8 10723.2 8954.53 7087.69 1702.88
internal_count=213621 210941 136064 53610 82454 73211 22809 7687 23789 74877 50074 41024 32205 9243
is_linear=0
shrinkage=0.03


Tree=194
num_leaves=15
num_cat=0
split_feature=231 230 230 245 226 70 228 248 243 231 248 42 226 248
split_gain=55.8709 129.633 164.216 105.355 118.842 96.3542 89.3513 88.2734 97.5762 79.8481 194.875 186.299 95.5426 139.186
threshold=91.500000000000014 62.500000000000007 21.500000000000004 -0.090144310146570192 41.500000000000007 11.500000000000002 91.500000000000014 0.90404042601585399 -0.023780168965458866 75.500000000000014 0.59090909361839306 8.5000000000000018 12.500000000000002 0.65151515603065502
decision_type=10 8 10 2 10 8 10 2 2 10 2 10 8 2
left_child=5 2 7 -4 -5 -1 -3 8 -2 12 -11 -12 -7 -14
right_child=1 6 3 4 -6 9 -8 -9 -10 10 11 -13 13 -15
leaf_value=0.0033390462540058962 -0.004686405155706919 0.01108626896065513 0.0033050260451048573 -0.032015490181865357 -0.0089274200268125315 0.0037655270208961219 -0.0051992335960554604 0.031200465626821952 0.0085592194833762278 -0.001388692005871254 -0.0053338509531309763 0.015344813959319839 -0.00049680300781544803 -0.0063249331194844948
leaf_weight=8270.9027045071125 3197.1037947945297 891.85067678242922 210.69779122620821 392.94777365028858 421.22827015817165 3288.0714051276445 449.47972742468119 60.770687606185675 583.66169817373157 3475.9057312831283 516.75962230935693 1561.7103386856616 17829.951533570886 4640.3133080974221
leaf_count=38639 17452 4910 992 1661 1776 15450 2376 450 2836 16206 2771 8013 79133 20084
internal_value=4.60336e-05 -0.00259775 -0.00487271 -0.015481 -0.0203237 0.000461199 0.00563091 -0.0020097 -0.00262441 -0.000299776 0.00295938 0.0102027 -0.00100344 -0.00170264
internal_weight=45791.4 6207.74 4866.41 1024.87 814.176 39583.6 1341.33 3841.54 3780.77 31312.7 5554.38 2078.47 25758.3 22470.3
internal_count=212749 32453 25167 4429 3437 180296 7286 20738 20288 141657 26990 10784 114667 99217
is_linear=0
shrinkage=0.03


Tree=195
num_leaves=15
num_cat=0
split_feature=194 178 224 243 248 222 240 230 231 177 248 125 246 122
split_gain=53.8133 91.0884 64.1651 85.864 123.725 106.781 66.8537 62.3097 56.3153 76.8726 53.5661 53.0158 51.9128 51.5696
threshold=29.500000000000004 99.500000000000014 6.5000000000000009 -0.040355859324336045 0.76262626051902782 15.500000000000002 -0.018533864989876744 7.5000000000000009 3.5000000000000004 3.5000000000000004 0.88383838534355175 3.5000000000000004 0.018349435180425647 63.500000000000007
decision_type=10 8 10 2 2 10 10 10 8 10 2 10 2 10
left_child=8 2 3 4 -2 7 -4 11 9 -1 -8 -6 -11 -14
right_child=1 -3 6 -5 5 -7 10 -9 -10 12 -12 -13 13 -15
leaf_value=-0.028239823289648278 -0.01844568051849926 0.010581394130743337 0.00089881880285639715 0.0016150997692012164 -0.0049040319792482256 -0.038537773438646186 -0.0023343404296836587 -0.016130780490050269 0.0013048918443970571 0.007351135964870509 -0.023969076559986383 0.016181027715047029 -0.020897055694347036 0.002614482263620837
leaf_weight=118.9461807012558 785.31464233621955 584.04284928366542 10282.595004606992 802.80568622797728 162.99092654511333 49.758533254265785 9643.2883748114109 105.52953992784023 22378.362432397902 256.56561240553856 94.252701386809349 284.19926519691944 176.84834870696068 148.85152243822813
leaf_count=596 4198 3291 46679 3762 995 238 42708 475 105693 1066 414 1646 741 701
internal_value=2.03891e-05 -0.00101328 -0.0013228 -0.0061855 -0.0106772 -0.000415442 -0.000787899 0.00364038 0.0010413 -0.00727086 -0.00256812 0.00855682 -0.0025828 -0.010394
internal_weight=45874.4 22794.8 22210.7 2190.6 1387.79 602.478 20020.1 552.72 23079.6 701.212 9737.54 447.19 582.265 325.7
internal_count=213203 104406 101115 11314 7552 3354 89801 3116 108797 3104 43122 2641 2508 1442
is_linear=0
shrinkage=0.03


Tree=196
num_leaves=15
num_cat=0
split_feature=233 140 230 249 249 64 165 225 70 25 224 143 224 54
split_gain=50.8327 53.7047 83.7478 60.9399 71.8921 66.5917 59.5673 59.8915 51.9058 54.1831 51.503 75.1291 71.6787 50.0514
threshold=99.500000000000014 11.500000000000002 5.5000000000000009 0.015151515137404205 0.055555555969476707 4.5000000000000009 28.500000000000004 40.500000000000007 9.5000000000000018 5.5000000000000009 1.0000000180025095e-35 43.500000000000007 16.500000000000004 95.500000000000014
decision_type=10 8 10 2 2 10 10 10 8 10 10 10 10 10
left_child=1 2 3 5 10 -1 -4 -8 9 13 -5 12 -12 -3
right_child=-2 8 6 4 -6 -7 7 -9 -10 -11 11 -13 -14 -15
leaf_value=-0.0047000872344324001 0.0048294724204791485 -0.0046213102569694882 -0.010314449633223748 -0.026112033072764801 0.0040927382278213367 0.017222736850409055 -0.001142094467084145 -0.008515534324335744 -6.9229762154709824e-05 0.0054850004754039882 -0.0026183707564102808 0.0068288482981834937 -0.028683756479521701 0.011552066019444512
leaf_weight=171.88512679561973 1889.6031671389937 1023.1629539914429 1082.1604969203472 101.10269454866648 1393.3479857668281 411.81549610570073 4743.5627571456134 1244.8358752802014 29759.021508466452 3169.4986435845494 252.40419576689601 312.71359054744244 144.45106191933155 196.86057476699352
leaf_count=895 9460 5541 4601 520 7390 2037 20740 5227 137594 14757 1212 1585 627 1173
internal_value=2.45498e-05 -0.000182818 -0.00213217 0.00226571 -3.21258e-05 0.0107966 -0.00386688 -0.00268649 0.000380395 0.00342188 -0.00708525 -0.00404902 -0.0125777 -0.00193891
internal_weight=45896.4 44006.8 9858.28 2787.72 2204.02 583.701 7070.56 5988.4 34148.5 4389.52 810.672 709.569 396.855 1220.02
internal_count=213359 203899 44834 14266 11334 2932 30568 25967 159065 21471 3944 3424 1839 6714
is_linear=0
shrinkage=0.03


Tree=197
num_leaves=15
num_cat=0
split_feature=149 238 231 244 101 244 244 243 243 246 246 247 243 76
split_gain=55.7995 65.3956 64.4378 67.1996 62.3532 69.7626 68.7092 128.522 65.0564 60.1162 55.5574 50.6305 50.496 49.432
threshold=29.500000000000004 -0.28068861365318293 19.500000000000004 0.02216257713735104 5.5000000000000009 0.021851060912013057 0.015327850356698038 -0.062865477055311189 -0.064616106450557695 0.010280616115778686 0.033588707447052009 -0.0096165132708847505 -0.054362094029784196 85.500000000000014
decision_type=10 10 8 2 8 2 2 2 2 2 2 2 2 10
left_child=2 -2 3 11 5 6 7 -3 10 -9 -8 -1 -13 -6
right_child=1 4 -4 -5 13 -7 8 9 -10 -11 -12 12 -14 -15
leaf_value=0.0023522017797359641 0.012304034849445341 0.011240202562697229 -0.0025828322417788228 -0.0073973618768486439 0.00058328053622165718 -0.0083312719202324279 -0.028547995772876724 0.0034832088469032522 0.011641732366970041 -0.0071214839769613942 0.010285980149489194 -0.013966609228628033 0.016371684489577994 0.0040556001680403372
leaf_weight=1391.0604605451226 422.65176314115524 523.75674156844616 10746.211093053222 452.1294014826417 22555.549098204821 1324.5345405712724 65.731816828250885 608.45964328199625 622.31659597530961 2198.5431115403771 51.819844521582127 47.496479295194149 463.68190059065819 4402.7500954866409
leaf_count=5928 3978 2877 50222 2131 101345 6762 312 2657 2898 9584 330 208 1963 22033
internal_value=5.60441e-05 0.000717505 -0.00159814 0.00288829 0.000562388 -0.00237876 -0.000426209 -0.00226725 0.00778156 -0.00481855 -0.0119647 0.00535891 0.0133389 0.00115166
internal_weight=45876.7 32776.1 13100.6 2354.37 32353.5 5395.16 4070.63 3330.76 739.868 2807 117.552 1902.24 511.178 26958.3
internal_count=213228 152776 60452 10230 148798 25420 18658 15118 3540 12241 642 8099 2171 123378
is_linear=0
shrinkage=0.03


Tree=198
num_leaves=15
num_cat=0
split_feature=231 228 249 242 231 229 126 246 243 222 102 231 243 230
split_gain=50.0368 130.112 138.161 131.787 109.997 96.5751 162.14 94.9818 143.943 129.881 82.0155 81.1608 105.496 99.9902
threshold=91.500000000000014 8.5000000000000018 0.83333334326744091 0.025448255240917209 94.500000000000014 5.5000000000000009 47.500000000000007 0.058421708643436439 -0.052689997479319566 93.500000000000014 6.5000000000000009 29.500000000000004 -0.062362568452954285 2.5000000000000004
decision_type=10 8 2 10 10 8 10 2 2 10 10 10 2 10
left_child=5 2 3 10 -4 6 11 8 -3 -10 -2 12 -1 -13
right_child=1 7 4 -5 -6 -7 -8 -9 9 -11 -12 13 -14 -15
leaf_value=-0.018301398430340787 -0.0033474646027398529 0.020557438641658255 -0.011755602362119713 -0.00036512314756733446 0.025397104430132395 -0.00010839365516587034 0.0091069823988187224 -0.005278969368246721 0.0037990385121675538 -0.025860323991478577 -0.018583906235479421 -0.00033644973266992603 0.022885884774402818 -0.01827691587445816
leaf_weight=68.893297120928764 438.97931659221649 431.02740430831909 105.36952365934849 923.80415933579206 186.85646173730493 35408.647959597409 2686.2142392136157 1183.8069137223065 1589.5827351398766 134.94491803646088 1193.6361016631126 832.30637323856354 192.23879988491535 411.32975308597088
leaf_count=321 2422 2352 500 5688 1573 158528 14955 6113 7644 647 5445 4012 844 1810
internal_value=9.60399e-06 -0.00249692 -0.0071953 -0.00943422 0.012055 0.000401816 0.00470245 0.00152055 0.00526191 0.00134247 -0.0145324 -0.00316844 0.0117454 -0.00636868
internal_weight=45787.6 6188.01 2848.65 2556.42 292.226 39599.6 4190.98 3339.36 2155.56 1724.53 1632.62 1504.77 261.132 1243.64
internal_count=212854 32384 15628 13555 2073 180470 21942 16756 10643 8291 7867 6987 1165 5822
is_linear=0
shrinkage=0.03


Tree=199
num_leaves=15
num_cat=0
split_feature=238 178 64 245 239 163 70 222 148 58 224 224 178 64
split_gain=63.9137 66.5004 77.9236 57.9401 53.0245 85.6437 49.5164 74.6122 61.005 48.7253 59.5836 58.7959 47.9428 69.3006
threshold=-0.096413232386112199 11.500000000000002 20.500000000000004 -0.045178743079304688 -0.010563197080045937 59.500000000000007 9.5000000000000018 28.500000000000004 1.5000000000000002 38.500000000000007 34.500000000000007 57.500000000000007 32.500000000000007 68.500000000000014
decision_type=10 8 8 2 10 10 8 10 8 10 10 10 10 10
left_child=4 9 3 -3 5 -1 7 8 -6 10 -2 -12 -10 -14
right_child=1 2 -4 -5 6 -7 -8 -9 12 -11 11 -13 13 -15
leaf_value=0.0053712759956266471 0.0030033272907565587 0.0090532891693049077 -0.0013643341979621604 -0.0016255727570671018 -0.013627307265317747 0.00022132652671676172 -0.0015494154794486316 0.010042645517342939 0.0050167803902538555 -0.0089572908082140978 -0.017479164803738418 0.004047396833222877 -0.013833200080097646 0.0039899777618950796
leaf_weight=4866.4025108590722 944.96832272410393 1195.2900462299585 15873.444574847817 732.49686123430729 255.77316607534885 7195.5735953263938 9616.3513179607689 896.04765568673611 1348.1305926516652 1641.2692379653454 309.6595828384161 172.67294570803642 356.45763245970011 415.63361299037933
leaf_count=24096 4111 5286 68954 3101 1363 36591 45670 4210 7039 7088 1304 737 1582 1910
internal_value=-0.000151526 -0.00137627 -0.000671794 0.00500822 0.000873058 0.0023018 -0.000464821 0.00271775 -7.51648e-05 -0.00544761 -0.00137755 -0.00984707 0.001616 -0.00431026
internal_weight=45820.2 20869.8 17801.2 1927.79 24950.4 12062 12888.4 3272.04 2376 3068.57 1427.3 482.333 2120.22 772.091
internal_count=213042 90581 77341 8387 122461 60687 61774 16104 11894 13240 6152 2041 10531 3492
is_linear=0
shrinkage=0.03


Tree=200
num_leaves=15
num_cat=0
split_feature=242 133 104 165 120 51 139 52 60 225 190 245 227 228
split_gain=52.5522 66.6964 79.5781 60.8976 96.2602 66.0001 53.3743 66.4306 76.2309 57.015 56.6114 53.8631 61.1031 50.2601
threshold=0.044254658743739135 44.500000000000007 89.500000000000014 17.500000000000004 16.500000000000004 3.5000000000000004 40.500000000000007 38.500000000000007 57.500000000000007 69.500000000000014 84.500000000000014 -0.043979879468679421 47.500000000000007 64.500000000000014
decision_type=8 10 8 10 8 10 8 10 10 10 8 2 10 10
left_child=3 -2 -3 4 -1 -5 7 8 9 -7 -8 12 -9 -10
right_child=1 2 -4 5 -6 6 10 11 13 -11 -12 -13 -14 -15
leaf_value=0.0071263098902323019 0.0069467273855039176 -0.0057329774797897828 0.015911220134557397 -0.0031090308495340521 -0.0041814813626058515 -0.00055958358904741772 -0.0011229933461878057 0.014330546918735873 0.002556586895840355 -0.01045842981635399 0.0046325277073777571 -6.2310997894677065e-05 0.004442702360037144 0.013883000394548728
leaf_weight=754.97371433675289 2030.5237290114164 924.32411616295576 172.93793171644211 4692.6879808790982 5968.5364952422678 5267.3203786127269 14333.355631034821 876.22953677549958 5559.707807879895 571.66553809866309 1712.9137421324849 1063.5006996691227 1579.7200986519456 367.38459516316652
leaf_count=3202 12411 4405 952 22765 26940 23655 62348 4284 27524 2571 8133 4704 7754 1676
internal_value=-9.30792e-06 0.00373807 -0.00220878 -0.000284306 -0.00290305 0.000205118 0.000702325 0.00197039 0.000886735 -0.00154495 -0.000506098 0.00558045 0.00801428 0.00328084
internal_weight=45875.8 3127.79 1097.26 42748 6723.51 36024.5 31331.8 15285.5 11766.1 5838.99 16046.3 3519.45 2455.95 5927.09
internal_count=213324 17768 5357 195556 30142 165414 142649 72168 55426 26226 70481 16742 12038 29200
is_linear=0
shrinkage=0.03


Tree=201
num_leaves=15
num_cat=0
split_feature=165 245 151 231 243 231 248 228 230 230 244 249 230 231
split_gain=55.63 67.4194 59.2613 71.2816 92.1786 86.1922 80.4594 75.2703 96.6807 68.5615 64.4449 63.7007 249.571 175.138
threshold=17.500000000000004 -0.094110112637281404 3.5000000000000004 91.500000000000014 -0.10082716494798659 93.500000000000014 0.90404042601585399 10.500000000000002 18.500000000000004 10.500000000000002 0.085841022431850447 0.015151515137404205 48.500000000000007 29.500000000000004
decision_type=8 2 10 10 2 10 2 8 10 10 2 2 10 10
left_child=1 -1 10 4 -4 -5 7 8 9 -7 -2 12 -6 -14
right_child=2 -3 3 5 11 6 -8 -9 -10 -11 -12 -13 13 -15
leaf_value=0.0095373486857073201 -0.0038809861748274636 -0.0031860777258740452 0.021863121198845901 -0.0090558548199605252 0.010613258113350052 -0.0037814574913607587 0.03323486336066004 0.0042805512332761541 -0.024168685000833245 0.023674990694757737 0.018715636775204141 0.0006715024407132448 0.0042507765232561679 -0.018354527111290923
leaf_weight=387.24837378412485 3636.6819687820971 6749.2261397615075 185.23200265318155 1340.9854283332825 2361.958611279726 1519.3308457583189 54.03865373134613 1476.5960256829858 196.3436521589756 76.561121925711632 107.45400193333626 26508.386781610548 674.20472380518913 554.02219811081886
leaf_count=2324 17127 29960 1482 6542 10408 9006 459 7564 842 332 834 121143 2791 2330
internal_value=-5.14594e-05 -0.00248328 0.000397602 0.000782158 0.00131399 -0.00266662 -6.87258e-05 -0.000718966 -0.00483889 -0.00232504 -0.00318435 0.00118031 0.00492482 -0.00601179
internal_weight=45828.3 7136.47 38691.8 34947.7 30283.8 4663.86 3322.87 3268.83 1792.24 1595.89 3744.14 30098.6 3590.19 1228.23
internal_count=213144 32284 180860 162899 138154 24745 18203 17744 10180 9338 17961 136672 15529 5121
is_linear=0
shrinkage=0.03


Tree=202
num_leaves=15
num_cat=0
split_feature=57 178 140 243 226 249 120 244 224 244 244 243 226 226
split_gain=58.4101 58.0583 132.496 77.0492 72.6224 115.859 90.4167 93.1676 86.0219 92.0765 93.639 94.9888 80.2962 175.137
threshold=70.500000000000014 11.500000000000002 88.500000000000014 -0.036764554679393761 49.500000000000007 1.0000000180025095e-35 91.500000000000014 0.085841022431850447 13.500000000000002 0.0029686595080420379 0.0035673343809321527 -0.064137376844882951 23.500000000000004 40.500000000000007
decision_type=10 8 10 2 8 2 10 2 10 2 2 2 10 10
left_child=1 2 -1 -4 5 12 7 -6 -7 -10 -11 -12 -3 -14
right_child=-2 4 3 -5 6 8 -8 -9 9 10 11 -13 13 -15
leaf_value=-0.0020699639160514692 0.0017362411240074572 0.026636170967416453 -0.002386824380255872 -0.031416383301129995 -0.0026824191548176111 -0.0034540618881241819 0.0053766536223314194 0.014851490246909096 -0.0085258616007098248 0.022786726805591694 0.016941735661005892 0.0021289877940559266 -0.0098114589953266565 0.029499296031344577
leaf_weight=6084.4957294985652 14234.764981787652 258.44506984949112 131.7318060323596 217.29198069870472 11822.419217105955 2784.3285665437579 1558.3944006115198 269.35281291231513 602.15218804776669 211.98259347677231 403.90394759178162 6751.5461070239544 256.60542915761471 155.68429718911648
leaf_count=28771 68868 1155 864 955 52377 13179 8174 1733 2603 900 2172 29336 1059 670
internal_value=0.000142001 -0.000578564 -0.00311854 -0.0208314 7.41082e-05 0.00183801 -0.00140247 -0.00227989 0.0010772 0.00266262 0.00358739 0.0029876 0.0138411 0.00537968
internal_weight=45743.1 31508.3 6433.52 349.024 25074.8 11424.6 13650.2 12091.8 10753.9 7969.58 7367.43 7155.45 670.735 412.29
internal_count=212816 143948 30590 1819 113358 51074 62284 54110 48190 35011 32408 31508 2884 1729
is_linear=0
shrinkage=0.03


Tree=203
num_leaves=15
num_cat=0
split_feature=243 140 230 226 248 248 245 226 245 248 230 226 222 248
split_gain=62.655 67.8237 79.9865 78.1253 120.874 106.072 132.796 89.7526 84.1516 75.8752 88.1716 75.7221 80.3088 94.4349
threshold=-0.008629474323242901 11.500000000000002 10.500000000000002 41.500000000000007 0.83333334326744091 0.67171716690063488 -0.080312281847000108 37.500000000000007 -0.068609282374382005 0.6414141356945039 15.500000000000002 49.500000000000007 22.500000000000004 0.52020201086997997
decision_type=2 10 10 10 2 2 2 10 2 2 10 10 10 2
left_child=1 2 -1 5 11 6 7 -4 -8 10 -10 -5 -13 -14
right_child=-2 -3 3 4 -6 -7 8 -9 9 -11 -12 12 13 -15
leaf_value=0.0011616267801683152 -0.0036395290167432585 0.0010777736804841933 0.024712502770845239 0.0066937858822395261 0.020718561740886716 -0.014989322460251598 -0.023618010573902032 -0.021415610765112388 0.0099737385929232932 0.020766477672853691 -0.0090580011105334916 -0.011512779470909449 -0.005605502879148707 0.011898335265615328
leaf_weight=4957.274897556752 3840.421272598207 30974.200639009476 207.12761764973402 647.62498834729195 212.50230596214533 1059.3165661022067 208.22053521126509 37.942795597016811 261.84528288245201 97.00606869161129 1140.887692078948 934.88599543273449 842.94462364166975 401.10412261635065
leaf_count=25983 16922 144211 1151 2738 1053 4495 881 196 1125 398 4720 3955 3541 1794
internal_value=2.31225e-05 0.000358954 -0.00166267 -0.00397442 -0.000575936 -0.00738979 -0.00321247 0.0170112 -0.00619643 -0.00363724 -0.00545993 -0.00224427 -0.00491928 8.79321e-05
internal_weight=45823.3 41982.9 11008.7 6051.41 3039.06 3012.35 1953.03 245.07 1707.96 1499.74 1402.73 2826.56 2178.93 1244.05
internal_count=213163 196241 52030 26047 13081 12966 8471 1347 7124 6243 5845 12028 9290 5335
is_linear=0
shrinkage=0.03


Tree=204
num_leaves=15
num_cat=0
split_feature=193 245 230 246 248 224 117 248 193 120 38 60 224 146
split_gain=56.2299 108.265 97.1476 86.5206 133.476 84.3939 69.4947 82.0825 67.8444 71.7576 74.3546 66.4065 79.1754 66.2883
threshold=74.500000000000014 -0.11145202815532683 71.500000000000014 0.0089286775328218954 0.53030303120613109 97.500000000000014 74.500000000000014 0.58080807328224193 96.500000000000014 97.500000000000014 58.500000000000007 53.500000000000007 96.500000000000014 16.500000000000004
decision_type=8 2 10 2 2 10 10 2 10 10 10 10 10 10
left_child=11 -2 8 -4 -5 6 7 -6 -3 10 -10 12 13 -1
right_child=1 2 3 4 5 -7 -8 -9 9 -11 -12 -13 -14 -15
leaf_value=0.002895519549475911 0.011044736478965981 0.00016490054991704975 -0.0071628141080271974 0.0024992612176055226 0.024005291219009416 -0.0085443210043060474 0.022508973180299964 -0.0034053212173649574 -0.013412168710546724 0.0075768178434739214 0.00056644807038058113 0.00074420883884383782 -0.015037700484999051 -0.0027629657538992686
leaf_weight=2203.7120779380202 954.33061594516039 10800.243934340775 555.06042820960283 3887.9543852210045 144.73711559176445 128.65530101954937 670.72968555241823 264.04695739597082 1002.5163876265287 282.52158099412918 516.32328596711159 12240.681322149932 413.78754774481058 11804.442148279399
leaf_count=9423 6611 48475 2389 17647 634 756 3802 1191 4315 1358 2371 59138 1874 53429
internal_value=1.07406e-05 0.00124793 0.000729942 0.00399452 0.0052214 0.013889 0.0166164 0.00664135 -0.000736061 -0.00610895 -0.00868757 -0.000880632 -0.00225928 -0.00187136
internal_weight=45869.7 19207.1 18252.8 5651.18 5096.12 1208.17 1079.51 408.784 12601.6 1801.36 1518.84 26662.6 14421.9 14008.2
internal_count=213413 89549 82938 26419 24030 6383 5627 1825 56519 8044 6686 123864 64726 62852
is_linear=0
shrinkage=0.03


Tree=205
num_leaves=15
num_cat=0
split_feature=141 245 194 127 244 57 244 178 226 244 24 140 122 78
split_gain=56.5767 48.3723 45.3087 50.2889 54.5782 50.2038 76.0542 62.7193 59.3911 50.0479 79.5318 49.1051 61.9079 48.5398
threshold=1.5000000000000002 -0.25948600471019739 30.500000000000004 2.5000000000000004 0.024058714509010318 49.500000000000007 0.085841022431850447 12.500000000000002 99.500000000000014 0.012288554571568968 18.500000000000004 6.5000000000000009 34.500000000000007 13.500000000000002
decision_type=8 2 8 8 2 10 2 8 8 2 10 8 8 10
left_child=-1 -2 -3 4 -4 6 7 13 -9 11 -11 -7 -13 -5
right_child=1 2 3 5 -6 9 -8 8 -10 10 -12 12 -14 -15
leaf_value=0.011720560795377741 0.024633841151301378 0.0013074483058340472 -0.0030014447643523403 -0.019855338767053209 -0.015892836563840954 -0.0031733659811911865 0.012584451978173801 -0.00042961531962550781 -0.0089460227834800236 0.0034470341005129889 -0.002819932606883175 0.011029503305634852 0.0025592292138674503 -0.0048445431936843504
leaf_weight=361.32124295085669 61.412328913807869 14482.887099258602 1773.1881325803697 202.17660767585039 346.60401450842619 933.03141298890114 323.67518245056272 11366.986890628934 778.16932680830359 2809.3378495201468 5145.3136114962399 974.4409768730402 3727.59924332425 2476.8411833867431
leaf_count=1571 924 67825 8462 966 1966 4129 2048 50227 4350 14558 23481 4277 16889 11343
internal_value=5.79322e-05 -3.74434e-05 -7.62846e-05 -0.000725952 -0.00517402 -0.00039616 -0.00158334 -0.00190096 -0.000982193 0.000927328 -0.000605084 0.00308777 0.00433427 -0.00604698
internal_weight=45763 45401.7 45340.3 30857.4 2119.79 28737.6 15147.8 14824.2 12145.2 13589.7 7954.65 5635.07 4702.04 2679.02
internal_count=213016 211445 210521 142696 10428 132268 68934 66886 54577 63334 38039 25295 21166 12309
is_linear=0
shrinkage=0.03


Tree=206
num_leaves=15
num_cat=0
split_feature=69 231 10 249 230 127 249 245 228 245 246 230 229 244
split_gain=55.3604 61.9564 88.2971 85.7571 67.1371 74.636 65.1991 89.2504 58.7717 106.653 66.4482 54.8001 58.9704 57.8216
threshold=7.5000000000000009 88.500000000000014 81.500000000000014 1.0000000180025095e-35 67.500000000000014 24.500000000000004 0.04545454494655133 -0.091523844748735414 5.5000000000000009 -0.098795335739850984 0.10189368948340417 22.500000000000004 27.500000000000004 0.0071135971229523429
decision_type=8 8 10 2 10 10 2 2 10 2 2 10 10 2
left_child=1 2 3 11 -5 -6 7 -3 9 -8 -10 -1 -13 -14
right_child=-2 6 -4 4 5 -7 8 -9 10 -11 -12 12 13 -15
leaf_value=0.026894196780257926 -0.00064226454712889528 0.0041494538914835745 -0.0044186305168816189 0.0021963746695383792 0.016905854760837804 -0.0070240294516264483 0.0063841547857218855 -0.023477212061030265 0.01376359183179468 -0.021152859041083341 -0.021695517405229008 -0.011940809388992916 0.00015964113524697171 0.031571936723858045
leaf_weight=228.4827671572566 37411.198527436703 163.67092016339302 1146.0392723493278 4678.5021447651088 563.68225756287575 141.44315261393785 273.90186156332493 272.07325011491776 352.12429040670395 219.99047426879406 45.639372929930687 91.478781506419182 104.63155433535576 96.548882111907005
leaf_count=1144 173079 938 5149 22198 2495 625 2117 1164 1777 974 319 380 438 417
internal_value=-0.000148532 0.00205427 0.00317368 0.00465223 0.00351017 0.0120746 -0.00387104 -0.01324 0.000803547 -0.00605781 0.00926273 0.016162 0.00717148 0.0160159
internal_weight=45789.4 8378.21 7050.81 5904.77 5383.63 705.125 1327.4 435.744 891.656 493.892 397.764 521.142 292.659 201.18
internal_count=213214 40135 32846 27697 25318 3120 7289 2102 5187 3091 2096 2379 1235 855
is_linear=0
shrinkage=0.03


Tree=207
num_leaves=15
num_cat=0
split_feature=231 228 248 248 229 126 143 226 228 145 145 248 248 226
split_gain=62.0576 113.182 133.783 117.057 93.479 141.318 88.8089 77.904 77.4346 75.5954 74.3218 74.0792 73.2453 175.321
threshold=91.500000000000014 15.500000000000002 0.81313130259513866 0.69191917777061474 5.5000000000000009 49.500000000000007 84.500000000000014 44.500000000000007 91.500000000000014 62.500000000000007 62.500000000000007 0.60101011395454418 0.85353535413742077 58.500000000000007
decision_type=10 8 2 2 8 10 10 8 10 10 10 2 2 10
left_child=4 2 3 -2 5 7 -4 -1 11 -5 -7 -3 -6 -14
right_child=1 8 6 9 12 10 -8 -9 -10 -11 -12 -13 13 -15
leaf_value=-0.0041424986625646538 -0.0045781006197544031 0.00072270457223143738 -0.0030477702482234036 0.0098065057164244216 0.00023082676563410579 0.017742302388047644 0.016143022367384866 0.021219223858488269 -0.0082851995410777729 -0.019844619700228286 0.006037707575392663 0.012864820698532594 -0.012125342501131908 0.027283145528986613
leaf_weight=1483.6125934496522 1651.5714791379869 1381.942124761641 629.2483223117888 78.322179369628429 34446.930440094322 651.09988439828157 319.34196244552732 107.68164177983999 507.44705921411514 943.44791227579117 1947.2437296770513 663.12203064188361 919.021728977561 104.57535463571548
leaf_count=6857 8697 6619 3321 385 154212 3398 2368 562 2602 4668 11245 3724 4151 563
internal_value=6.01282e-05 -0.00273506 -0.00613812 -0.00956327 0.000495873 0.00472815 0.0035138 -0.0023045 0.00209888 -0.0174987 0.00902745 0.00470329 -5.21832e-06 -0.00787418
internal_weight=45834.6 6174.44 3621.93 2673.34 39660.2 4189.64 948.59 1591.29 2552.51 1021.77 2598.34 2045.06 35470.5 1023.6
internal_count=213372 32384 19439 13750 180988 22062 5689 7419 12945 5053 14643 10343 158926 4714
is_linear=0
shrinkage=0.03


Tree=208
num_leaves=15
num_cat=0
split_feature=193 245 76 242 249 244 245 242 226 134 77 222 68 134
split_gain=68.3144 103.143 79.57 62.2859 61.9035 60.2982 58.1672 57.8041 51.8087 52.8928 50.9552 50.1558 46.1171 71.7518
threshold=72.500000000000014 -0.11145202815532683 81.500000000000014 0.020116387866437439 0.085858587175607695 0.007740910630673171 -0.060596039518713944 0.022739675827324394 54.500000000000007 92.500000000000014 5.5000000000000009 40.500000000000007 11.500000000000002 83.500000000000014
decision_type=8 2 10 8 2 2 2 10 10 10 8 10 10 10
left_child=2 8 12 10 -5 6 -6 11 9 -2 -3 -4 13 -1
right_child=1 3 7 4 5 -7 -8 -9 -10 -11 -12 -13 -14 -15
leaf_value=-0.0038221527168651268 0.01036714235237522 -0.0087485372440376449 -0.0026917402844021028 -0.00063807315571820164 0.021718753992177247 0.0027840395766875873 0.0052037425771092587 0.0051412190985613768 0.026088877595609274 -0.011833409934782152 -0.00059361576213853384 0.0058618442657467846 -0.00133012332712625 -0.019417628243512779
leaf_weight=2958.3021554127336 731.12094980850816 773.60174511373043 2619.1462628915906 4728.677013784647 298.10504436865449 6713.7007139995694 533.0629218518734 2764.8869914263487 155.88455008342862 102.56399362161756 5763.7173701301217 796.26136167347431 16592.661992110312 282.94813447073102
leaf_count=14221 4861 3338 12673 20796 1530 32346 2378 15572 1280 738 25074 3604 73446 1505
internal_value=-3.47501e-05 0.00129272 -0.00104525 0.000793285 0.00205259 0.00373755 0.0113148 0.00192487 0.0106836 0.00752804 -0.00157053 -0.000686283 -0.00197125 -0.00523911
internal_weight=45814.6 19800.4 26014.2 18810.9 12273.5 7544.87 831.168 6180.29 989.569 833.685 6537.32 3415.41 19833.9 3241.25
internal_count=213362 92341 121021 85462 57050 36254 3908 31849 6879 5599 28412 16277 89172 15726
is_linear=0
shrinkage=0.03


Tree=209
num_leaves=15
num_cat=0
split_feature=226 226 248 246 226 230 118 245 120 226 245 245 245 248
split_gain=53.4209 83.1817 111.527 133.325 103.972 93.9921 78.4641 82.2521 66.6744 85.4133 73.7549 149.739 103.862 99.1275
threshold=99.500000000000014 81.500000000000014 0.68181815743446361 0.014038795139640571 98.500000000000014 54.500000000000007 47.500000000000007 -0.065265722572803483 17.500000000000004 84.500000000000014 -0.065265722572803483 -0.058795832097530358 -0.067995566874742494 0.6414141356945039
decision_type=10 10 2 2 10 10 10 2 10 10 2 2 2 2
left_child=1 -1 8 5 -5 -4 -7 -8 -3 -10 12 -12 13 -11
right_child=-2 2 3 4 -6 6 7 -9 9 10 11 -13 -14 -15
leaf_value=-0.00046750540563858111 -0.0085736748484012987 0.0067755059801674882 0.035307709071181748 0.02753916544281099 -0.0076874258043906959 -0.031136696049106998 0.014172315559184486 -0.027126467304141387 0.011142379382336516 0.0028607249882829843 0.017789486693342953 -0.002213989531286484 -0.038302005079145635 -0.023980379709328068
leaf_weight=38158.66864015907 640.72998233139515 1659.0406525284052 40.801780849695206 459.97101861611009 85.303228177130222 85.741980396211147 137.34135731309652 51.575964018702507 513.07665154337883 387.58866378292441 370.41061724722385 2927.6087437197566 95.01522096991539 170.76044215261936
leaf_count=177310 3085 7372 174 2664 555 368 779 224 2365 2002 1817 13137 422 889
internal_value=-3.93508e-05 8.3652e-05 0.00309129 0.0131388 0.0219891 -0.00236454 -0.00900466 0.00210052 0.00165986 -0.000252056 -0.00175599 7.96472e-05 -0.0108833 -0.00562561
internal_weight=45783.6 45142.9 6984.24 860.735 545.274 315.461 274.659 188.917 6123.5 4464.46 3951.38 3298.02 653.364 558.349
internal_count=213163 210078 32768 4764 3219 1545 1371 1003 28004 20632 18267 14954 3313 2891
is_linear=0
shrinkage=0.03


Tree=210
num_leaves=15
num_cat=0
split_feature=193 230 248 76 171 120 193 38 67 231 231 238 67 248
split_gain=50.1772 83.8903 78.3538 71.5611 57.9764 55.4614 77.6329 70.5848 55.7999 64.0962 50.122 69.0883 65.7733 56.4164
threshold=74.500000000000014 80.500000000000014 0.49999998509883886 85.500000000000014 92.500000000000014 98.500000000000014 96.500000000000014 71.500000000000014 77.500000000000014 92.500000000000014 68.500000000000014 -0.1689648702740669 19.500000000000004 0.82323232293128978
decision_type=8 10 2 10 10 10 10 10 10 10 10 10 10 2
left_child=3 5 -3 -1 -4 6 -2 -8 9 -7 -5 -12 13 -13
right_child=1 2 4 10 -6 8 7 -9 -10 -11 11 12 -14 -15
leaf_value=-0.0016060483329601357 0.00046497279979838699 0.0023025498746284266 0.013182359255675158 0.0050731872534139329 -0.012690077957581952 0.011252208259408033 -0.0091063941223430249 0.0040555058812054151 -0.013790276771238893 -0.002771956354160486 0.0059538030933005562 -0.013043604322498407 0.0030220322012140073 0.0059596522374907564
leaf_weight=21440.578771222383 11623.602987013757 2905.4463654980063 1111.2536693364382 2762.4474116265774 76.015860252082348 1001.9127048961818 1508.4494804479182 476.98881342634559 114.73163419216871 408.2321163341403 851.55945114418864 762.97830545157194 604.5146272033453 165.67204909026623
leaf_count=96681 52602 13228 6264 13175 439 5336 6670 2299 579 2359 6277 3467 3037 934
internal_value=6.84407e-07 0.00116786 0.00497285 -0.000843468 0.0114337 0.000136262 -0.00047311 -0.00593985 0.00554237 0.00720133 0.00233002 -0.000855564 -0.00465174 -0.00962603
internal_weight=45814.4 19226.6 4092.72 26587.8 1187.27 15133.9 13609 1985.44 1524.88 1410.14 5147.17 2384.72 1533.16 928.65
internal_count=213347 89776 19931 123571 6703 69845 61571 8969 8274 7695 26890 13715 7438 4401
is_linear=0
shrinkage=0.03


Tree=211
num_leaves=15
num_cat=0
split_feature=193 242 124 60 231 226 228 248 222 228 226 231 224 231
split_gain=54.9291 69.6738 61.5717 60.3462 93.5536 93.2105 79.4068 66.3357 64.0811 82.3052 82.5961 82.2914 121.576 104.38
threshold=72.500000000000014 0.020658212713897232 6.5000000000000009 68.500000000000014 5.5000000000000009 30.500000000000004 93.500000000000014 0.40909090638160711 12.500000000000002 43.500000000000007 3.5000000000000004 21.500000000000004 15.500000000000002 77.500000000000014
decision_type=8 8 8 8 10 10 10 2 10 10 10 10 10 10
left_child=3 -2 -3 6 5 -5 8 -8 9 10 11 12 -1 -13
right_child=1 2 -4 4 -6 -7 7 -9 -10 -11 -12 13 -14 -15
leaf_value=0.016603768294782679 -0.0011383944878402832 -0.0070497442206278087 0.003007971836471049 -0.033536729481161397 0.0018945149915635109 -0.0022288187744753675 -0.0075114021283005303 -0.034920288632529085 -0.0003766273902439012 0.02761137566512278 -0.0068921841626884296 0.014996059532496088 -0.040280752103013892 -0.0029570390307128249
leaf_weight=46.21195126324892 7387.4205492883921 565.17053920030594 11792.13664617762 123.73403077572584 7835.3270725980401 242.07588846981525 322.36398465931416 99.304426237940788 12004.487977143377 61.917203664779663 3986.9704124219716 475.68707591295242 82.647357732057571 722.29272813349962
leaf_count=226 32480 2444 57209 570 38984 1056 1399 422 53041 298 17987 2503 348 4142
internal_value=-2.71082e-05 0.00116552 0.00254265 -0.000932799 0.00119548 -0.0134292 -0.0019134 -0.0146257 -0.00159674 -0.00431562 -0.0047388 0.00173499 -0.020154 0.0042368
internal_weight=45747.7 19744.7 12357.3 26003 8201.14 365.81 17801.9 421.668 17380.2 5375.73 5313.81 1326.84 128.859 1197.98
internal_count=213109 92133 59653 120976 40610 1626 80366 1821 78545 25504 25206 7219 574 6645
is_linear=0
shrinkage=0.03


Tree=212
num_leaves=15
num_cat=0
split_feature=226 226 248 119 226 97 120 226 232 106 119 244 244 51
split_gain=53.4117 55.9655 100.527 97.7757 66.7438 75.5701 62.1601 70.3219 60.3147 81.1087 84.2089 73.4446 65.3281 61.1996
threshold=99.500000000000014 81.500000000000014 0.68181815743446361 18.500000000000004 98.500000000000014 3.5000000000000004 17.500000000000004 84.500000000000014 86.500000000000014 90.500000000000014 50.500000000000007 0.10160479322075845 0.12566016614437106 3.5000000000000004
decision_type=10 10 2 10 10 10 10 10 8 10 10 2 2 8
left_child=1 8 6 -4 5 -5 -3 -8 -1 10 11 -10 13 -12
right_child=-2 2 3 4 -6 -7 7 -9 9 -11 12 -13 -14 -15
leaf_value=-0.000796207394225422 -0.008334804235348112 0.0063297478859088855 -0.015982268183533318 -0.0017300205015038643 -0.0056101550906018111 0.024229041854278727 0.0099840875459593689 -0.0018541357879051116 -0.0021220834109791672 -0.014198393936927565 -0.0020392071603047299 0.022182233157098569 -0.023661317102836848 0.0077679164693041647
leaf_weight=31038.010676629841 655.59144727885723 1632.611365288496 89.969074666500092 122.58583959192038 107.81045392528176 529.46221370995045 499.98113135248423 3936.7657597176731 2701.0500812083483 250.0123383551836 686.24930880218744 106.74227846413851 57.872425299137831 3342.8936555944383
leaf_count=141388 3140 7276 380 636 681 3048 2311 18197 12514 1196 4051 923 369 17105
internal_value=0.000101591 0.000226041 0.00270649 0.0123078 0.0158215 0.0193963 0.00134408 -0.000500623 -0.000224038 0.00225918 0.00287565 -0.00112268 0.00561854 0.00609664
internal_weight=45757.6 45102 6919.19 849.828 759.859 652.048 6069.36 4436.75 38182.8 7144.82 6894.81 2807.79 4087.02 4029.14
internal_count=213215 210075 32529 4745 4365 3684 27784 20508 177546 36158 34962 13437 21525 21156
is_linear=0
shrinkage=0.03


Tree=213
num_leaves=15
num_cat=0
split_feature=141 240 240 78 148 224 226 246 246 29 224 243 229 248
split_gain=60.4078 46.4735 57.5559 63.032 60.789 85.2423 56.8 55.7598 75.2591 69.8945 58.2876 90.1784 56.6155 51.9305
threshold=1.5000000000000002 0.071764029562473311 -0.0093577019870281202 9.5000000000000018 8.5000000000000018 4.5000000000000009 99.500000000000014 0.039235208183527 0.010566998738795521 31.500000000000004 13.500000000000002 -0.02719255909323692 1.5000000000000002 0.42929293215274816
decision_type=8 10 10 10 8 10 8 2 2 10 10 2 10 2
left_child=-1 2 -2 4 5 -4 7 8 -5 10 11 12 -9 -13
right_child=1 -3 3 6 -6 -7 -8 9 -10 -11 -12 13 -14 -15
leaf_value=0.011995993103950869 0.00059019434470415329 0.0082410121781048284 0.0024475228130870007 0.0075163977359530721 -0.0029565629876430874 -0.019300773266124047 -0.012619739701986602 0.0070366887829215082 -0.0029033957779420953 -0.0011823709563961624 0.0090328513313102429 0.0019137730197045211 -0.013548496176153276 0.031510589316160582
leaf_weight=363.36096452176571 28340.913252450526 580.47502106800675 227.14070178568363 670.43255797028542 1939.4165203534067 539.78378523886204 347.40252098441124 164.97214820235968 7548.7377839237452 2929.1698468588293 1577.8694042637944 119.78652139008045 387.69005797430873 88.263958469033241
leaf_count=1586 132953 3336 1380 2858 9615 2404 1691 919 32878 13434 7581 562 1922 436
internal_value=-2.18869e-05 -0.000120558 -0.000230514 -0.00163623 -0.00581459 -0.012911 -0.000815227 -0.000502036 -0.00204536 0.00190529 0.00576128 -0.00105375 -0.00738787 0.0153393
internal_weight=45825.4 45462.1 44881.6 16540.7 2706.34 766.924 13834.3 13486.9 8219.17 5267.75 2338.58 760.713 552.662 208.05
internal_count=213555 211969 208633 75680 13399 3784 62281 60590 35736 24854 11420 3839 2841 998
is_linear=0
shrinkage=0.03


Tree=214
num_leaves=15
num_cat=0
split_feature=242 76 52 226 146 224 242 226 224 224 246 229 146 226
split_gain=52.3458 44.3411 50.1744 93.0171 82.4113 83.2646 68.5136 79.2718 114.582 116.979 113.63 101.144 91.9685 107.798
threshold=0.010315495077520611 95.500000000000014 13.500000000000002 3.5000000000000004 96.500000000000014 2.5000000000000004 0.03992875665426255 73.500000000000014 32.500000000000007 26.500000000000004 0.029760933481156829 16.500000000000004 86.500000000000014 29.500000000000004
decision_type=8 10 10 8 10 10 8 10 8 10 2 8 10 10
left_child=-1 2 3 4 -2 -6 7 8 9 10 11 12 13 -5
right_child=1 -3 -4 6 5 -7 -8 -9 -10 -11 -12 -13 -14 -15
leaf_value=-0.011034214446159311 0.0062239423831215186 0.0034979985668780206 0.0004224940100283411 -0.0032642850945496849 0.00097009147991100294 -0.029064005501196297 0.0028533187012792388 0.0075515071609272948 -0.011163809028434326 0.010605968716409364 -0.0096332004181709594 -0.0089686569033886245 0.021973512667249357 0.014903680419593777
leaf_weight=375.97941064834595 1815.4563133455813 3133.5283911675215 31136.816973097622 1158.8323698565364 239.85845038667321 116.59896603226662 1379.8825784772635 460.24419582635164 2042.6249551847577 519.40129283070564 1997.5890508368611 784.51342758536339 212.08916837722063 382.7684670239687
leaf_count=1630 9787 17077 140126 5168 1621 687 8423 2074 8853 2238 9461 3288 1067 1646
internal_value=-3.29818e-05 6.05753e-05 -0.000195153 -0.00192501 0.00363188 -0.00937923 -0.00327788 -0.00439955 -0.00518403 -0.00275054 -0.00429999 -8.13693e-05 0.00392267 0.00131367
internal_weight=45756.2 45380.2 42246.7 11109.9 2171.91 356.457 8937.95 7558.06 7097.82 5055.19 4535.79 2538.2 1753.69 1541.6
internal_count=213146 211516 194439 54313 12095 2308 42218 33795 31721 22868 20630 11169 7881 6814
is_linear=0
shrinkage=0.03


Tree=215
num_leaves=15
num_cat=0
split_feature=240 240 244 222 243 249 230 248 151 222 248 222 150 248
split_gain=45.4398 45.7168 51.7427 74.1768 84.2137 72.7243 82.9962 51.2669 45.1532 50.3957 42.7098 40.6494 71.6974 70.3996
threshold=0.082893166691064848 0.0011507481685839596 0.10799458995461465 94.500000000000014 -0.023310143500566479 0.67171716690063488 83.500000000000014 0.2575757503509522 3.5000000000000004 55.500000000000007 0.48989899456501013 39.500000000000007 42.500000000000007 0.51010099053382885
decision_type=8 10 2 8 2 2 8 2 10 10 2 8 10 2
left_child=1 2 3 8 5 6 -5 -6 9 -1 -7 12 -3 -13
right_child=-2 11 -4 4 7 10 -8 -9 -10 -11 -12 13 -14 -15
leaf_value=-0.0045018338052678205 0.0093941751421386978 0.0014817478506829916 0.013384838079361578 -0.046780887412265854 -0.0063986606896286689 -0.018629330340220084 -0.013401515135667995 0.013413951007545196 0.00083762295924463305 0.0043667940318104226 0.016260996624286535 -0.0012014447519626437 -0.0054196922741192484 0.010113716122812711
leaf_weight=2859.8764796555042 439.79165106266737 1916.8235374577343 261.1425439864397 98.288451552391052 345.55929561704397 42.300004869699478 209.91740119457245 165.59176921099424 30179.538471505046 713.15037015080452 70.034743614494801 3277.1269343271852 4580.596985463053 572.60277913883328
leaf_count=13190 2559 9068 1841 424 1572 192 1367 829 139211 3238 361 14969 21355 2969
internal_value=-9.41582e-05 -0.000188343 0.000330397 0.000228278 -0.00807658 -0.0178518 -0.025182 0.000154036 0.000459846 -0.00272447 0.00267406 -0.00193891 -0.00338453 0.000503397
internal_weight=45732.3 45292.5 34945.4 34684.3 931.692 420.541 308.206 511.151 33752.6 3573.03 112.335 10347.2 6497.42 3849.73
internal_count=213145 210586 162225 160384 4745 2344 1791 2401 155639 16428 553 48361 30423 17938
is_linear=0
shrinkage=0.03


Tree=216
num_leaves=15
num_cat=0
split_feature=238 230 81 232 137 249 125 106 66 244 248 248 10 226
split_gain=43.7078 61.0976 84.6732 75.0949 108.679 65.2409 63.119 72.3294 62.3455 60.5983 59.9709 57.2545 51.0318 73.1615
threshold=-0.096413232386112199 71.500000000000014 20.500000000000004 85.500000000000014 89.500000000000014 0.015151515137404205 4.5000000000000009 88.500000000000014 73.500000000000014 0.10160479322075845 0.6414141356945039 0.80303028225898754 17.500000000000004 49.500000000000007
decision_type=10 8 8 10 10 2 10 10 10 2 2 2 8 8
left_child=1 3 -3 -1 6 -4 11 -8 9 -7 -9 -5 -2 -14
right_child=12 2 5 4 -6 8 7 10 -10 -11 -12 -13 13 -15
leaf_value=-0.00082167218059075087 -0.0040312892899465585 0.0095284345162129705 -0.020154469885953319 -0.0056210867192900806 -0.017421603499854409 -0.0027847710359402578 0.0083473338010749167 0.0042634877802294989 0.0081369082334048232 0.0208633574977636 -0.031548328505043764 0.0080743780004380646 0.0020419807150441407 -0.001995960496480975
leaf_weight=16269.347123131156 4170.3814924880862 1582.0544079653919 116.94110547751188 802.45693187788129 199.75192684680223 1686.5512064993382 2675.7548723742366 88.16723595559597 922.40525891631842 93.512565370649099 67.077039793133736 405.20140205323696 6885.7978521883488 9736.0570119991899
leaf_count=77347 18004 8079 512 4217 1075 8596 13890 453 5038 808 316 2381 29400 42956
internal_value=-5.3154e-05 0.000794336 0.00399717 0.000105317 0.00365717 0.000870704 0.00474018 0.00718261 0.00185145 -0.00143285 -0.0121827 -0.000997322 -0.00106835 -0.000322974
internal_weight=45701.5 24909.2 4401.46 20507.8 4238.41 2819.41 4038.66 2831 2702.47 1780.06 155.244 1207.66 20792.2 16621.9
internal_count=213072 122712 23033 99679 22332 14954 21257 14659 14442 9404 769 6598 90360 72356
is_linear=0
shrinkage=0.03


Tree=217
num_leaves=15
num_cat=0
split_feature=98 69 148 249 134 18 169 249 233 249 228 249 47 245
split_gain=47.0629 51.822 50.1701 77.6094 68.6793 92.1907 94.2017 47.4793 45.1461 61.3253 53.8241 57.2215 65.2383 55.7027
threshold=42.500000000000007 12.500000000000002 12.500000000000002 0.91414141654968273 79.500000000000014 13.500000000000002 71.500000000000014 0.17676767706871035 44.500000000000007 0.035353535786271102 26.500000000000004 0.04545454494655133 93.500000000000014 -0.11671740561723708
decision_type=10 8 10 2 10 10 8 2 10 2 10 2 8 2
left_child=1 8 3 4 -2 -6 7 -7 10 -10 13 12 -12 -1
right_child=2 -3 -4 -5 5 6 -8 -9 9 -11 11 -13 -14 -15
leaf_value=0.0078809115195523412 2.2426855816944583e-05 -0.0012761019816734769 0.0027107201514347725 0.02390118885523624 0.0037066435112381082 -0.0014121477295127849 0.0082268188459039583 -0.03284987473626403 0.0069574029372921394 0.00057217626813944335 0.015036764481780918 -0.0010062947550682831 -0.0073301211910829995 -0.0047951830157095792
leaf_weight=343.93723089247942 1323.5410258471966 24390.95655265823 8866.1449568755925 85.468419205397367 211.84186356514692 52.575551003217697 77.164664044976234 260.08633448183537 2200.8968302048743 3496.7959500662982 519.34362644702196 1073.5861270911992 144.15819574147463 2672.6005932092667
leaf_count=2254 6268 111905 41978 555 1182 239 391 1154 10117 17399 2193 4959 638 11893
internal_value=1.89521e-05 -0.00051889 0.00174074 -0.00252864 -0.00381942 -0.0121329 -0.0206179 -0.0277711 0.0012478 0.00304652 -0.000910022 0.00328502 0.0101405 -0.00332863
internal_weight=45719.1 34842.3 10876.8 2010.68 1925.21 601.668 389.827 312.662 10451.3 5697.69 4753.63 1737.09 663.502 3016.54
internal_count=213125 161358 51767 9789 9234 2966 1784 1393 49453 27516 21937 7790 2831 14147
is_linear=0
shrinkage=0.03


Tree=218
num_leaves=15
num_cat=0
split_feature=245 101 58 10 140 245 35 222 230 226 249 249 249 45
split_gain=51.0137 57.4077 64.3551 92.8585 97.451 80.0376 67.3049 87.5662 98.5147 122.082 77.1875 76.1496 70.7915 68.4776
threshold=-0.20480131357908246 3.5000000000000004 29.500000000000004 53.500000000000007 24.500000000000004 -0.15722699463367459 71.500000000000014 17.500000000000004 12.500000000000002 33.500000000000007 0.14646464586257937 0.04545454494655133 0.90404042601585399 2.5000000000000004
decision_type=2 8 8 10 10 2 8 10 8 10 2 2 2 10
left_child=-1 -2 3 5 -5 -3 7 12 -9 -10 -8 -11 -7 -12
right_child=1 2 -4 4 -6 6 10 8 9 11 13 -13 -14 -15
leaf_value=0.015083549342373171 -0.0032024903180018533 -0.016751806881919358 -0.00059731722877533276 -0.0068391123380654659 0.0017023864809278882 0.00088317402315963005 0.01504379887830426 0.014996659516935584 -0.0043068797630036156 0.016645890380827911 -0.024530578261086282 0.0046844121059083955 0.026227706165066891 0.0044664446639552328
leaf_weight=190.04689003899693 4790.2722633332014 157.40896450355649 26762.619497481734 1812.2618136405945 3524.4045702852309 3794.6378729604185 94.874448008835316 1208.7099585160613 908.34229195863008 721.91113099455833 204.2102472037077 1422.0345661975443 91.881316088140011 107.29723943024874
leaf_count=2623 22482 1149 121938 7888 16458 18337 520 6125 4184 3144 981 6419 711 531
internal_value=-3.28632e-05 -9.91558e-05 0.000265803 0.00190938 -0.00120556 0.00381683 0.00421445 0.00481093 0.00777639 0.00487752 -0.00757259 0.00877067 0.00154812 -0.0147144
internal_weight=45790.9 45600.9 40810.6 14048 5336.67 8711.31 8553.9 8147.52 4261 3052.29 406.382 2143.95 3886.52 311.507
internal_count=213490 210867 188385 66447 24346 42101 40952 38920 19872 13747 2032 9563 19048 1512
is_linear=0
shrinkage=0.03


Tree=219
num_leaves=15
num_cat=0
split_feature=233 101 56 230 19 106 139 232 233 63 246 215 230 193
split_gain=44.5355 62.7661 56.4856 81.8218 96.1855 78.5901 68.9827 47.8761 46.7156 46.3006 53.6702 47.9763 62.7413 57.7013
threshold=68.500000000000014 3.5000000000000004 36.500000000000007 24.500000000000004 50.500000000000007 89.500000000000014 32.500000000000007 17.500000000000004 99.500000000000014 76.500000000000014 0.017267421819269661 44.500000000000007 37.500000000000007 50.500000000000007
decision_type=10 8 10 10 10 10 10 10 10 10 2 10 10 8
left_child=1 7 5 4 -4 8 -5 -1 -2 11 -11 12 -3 -14
right_child=2 9 3 6 -6 -7 -8 -9 -10 10 -12 -13 13 -15
leaf_value=0.0041669382628233284 0.0027764729584321538 0.0018107984821753007 -0.0071394910296679734 0.0092393380451056915 0.0063365484014469902 -0.012686872589043753 4.7074233537981376e-05 -0.0062483608990244292 0.0095296096449948228 -0.0023065631237479066 0.0036398127847756326 -0.0044137290609305175 -0.0048699632268265677 -0.00013046710479666461
leaf_weight=462.6634679697454 6716.8477413281798 7719.8856148794293 2305.693775460124 950.9724053516984 591.90425571799278 262.68127624690533 3121.538197465241 2558.0355661958456 1062.3852328211069 1865.7635217383504 5033.0891260355711 2848.4144870117307 3526.5503740012646 6677.7334711737931
leaf_count=2066 32797 37485 10548 4261 2778 1295 13577 12302 5748 8333 24576 12334 15352 29623
internal_value=0.000108995 -0.00054594 0.00144748 -0.000529034 -0.00437436 0.00315911 0.00221093 -0.00464462 0.00370978 -9.69989e-05 0.00203063 -0.00080425 -0.00022851 -0.00177158
internal_weight=45704.2 30692.1 15012 6970.11 2897.6 8041.91 4072.51 3020.7 7779.23 27671.4 6898.85 20772.6 17924.2 10204.3
internal_count=213075 142071 71004 31164 13326 39840 17838 14368 38545 127703 32909 94794 82460 44975
is_linear=0
shrinkage=0.03


Tree=220
num_leaves=15
num_cat=0
split_feature=242 195 140 23 195 120 66 165 228 224 64 228 248 230
split_gain=49.4911 43.7972 66.7912 74.6801 54.8655 60.9901 52.644 49.1066 47.0256 57.2977 61.0786 67.0449 54.195 45.098
threshold=0.010315495077520611 35.500000000000007 27.500000000000004 52.500000000000007 20.500000000000004 98.500000000000014 50.500000000000007 20.500000000000004 4.5000000000000009 65.500000000000014 18.500000000000004 39.500000000000007 0.8636363446712495 25.500000000000004
decision_type=8 10 10 10 8 10 10 8 8 10 10 10 2 10
left_child=-1 2 3 -2 -4 -6 -7 -3 12 -10 -11 -12 -9 -14
right_child=1 7 4 -5 5 6 -8 8 9 10 11 -13 13 -15
leaf_value=-0.010706394252763544 -0.0015974783637333976 -0.0018960897281938363 0.0022826438080042442 -0.010691460098595189 -0.0022473700851484003 0.017304692139009533 0.0011660124974978996 -0.0048335535367407551 0.0041344012326056398 0.008502309795200922 -0.015390845069563133 -0.00060345825430055747 0.018365553132649738 -0.0093361129418547215
leaf_weight=371.79274179786444 11421.279163978994 3375.7030445709825 8792.2780329436064 865.62710262089968 6359.8304105401039 258.96263127028942 567.00773020833731 1413.7215650640428 8461.8358727023005 571.61858820170164 297.52363036572933 2696.9642688706517 169.42789009585977 67.750907137989998
leaf_count=1618 53366 15543 41590 3598 28450 1366 3176 7407 38996 2666 1319 12526 1242 340
internal_value=4.95891e-05 0.000140172 -0.000584217 -0.00224633 0.000694531 -0.0012491 0.00637237 0.00134036 0.00213986 0.00279155 -0.000397496 -0.00211903 -0.00259632 0.0103949
internal_weight=45691.3 45319.5 28265 12286.9 15978.1 7185.8 825.97 17054.5 13678.8 12027.9 3566.11 2994.49 1650.9 237.179
internal_count=213203 211585 131546 56964 74582 32992 4542 80039 64496 55507 16511 13845 8989 1582
is_linear=0
shrinkage=0.03


Tree=221
num_leaves=15
num_cat=0
split_feature=194 224 104 31 195 148 249 230 231 224 148 231 249 8
split_gain=58.27 66.9943 75.5127 63.6749 62.6441 58.9395 58.8409 55.5082 83.3378 77.7431 187.919 80.5275 67.0936 58.706
threshold=30.500000000000004 6.5000000000000009 89.500000000000014 12.500000000000002 47.500000000000007 81.500000000000014 0.2575757503509522 10.500000000000002 77.500000000000014 5.5000000000000009 12.500000000000002 92.500000000000014 0.83333334326744091 6.5000000000000009
decision_type=10 10 10 10 10 10 2 8 10 10 10 10 2 10
left_child=7 2 3 -2 5 -3 -4 8 -1 11 -11 -10 -13 -12
right_child=1 4 6 -5 -6 -7 -8 -9 9 10 13 12 -14 -15
leaf_value=0.006976441223202603 -0.010873833257806217 -0.0029393251149127855 0.0019149270459773631 -3.6718453236563863e-05 0.0016512164680431473 0.0018661838284071304 -0.037725971264328119 0.0002789110295684317 0.014585396821210123 -0.026220998349979964 0.012309279717790967 -0.0035841606984698283 0.017439607381068003 -0.0044828780845639635
leaf_weight=3119.2886998057365 811.66420267149806 9588.227571554482 46.799902379512787 1201.6433267109096 7639.3506871424615 3012.1273953765631 102.41023327037692 17690.099579393864 452.66878719441593 298.05821545422077 275.00291280820966 899.90388737246394 150.75792692601681 537.49186907708645
leaf_count=15241 4414 43030 236 6087 34941 13722 468 80587 2942 1402 1510 5321 1208 2649
internal_value=6.50575e-05 -0.00102859 -0.006035 -0.00443785 -0.000490957 -0.00178999 -0.0259532 0.00111102 0.00367359 -0.000279445 -0.00626811 0.00415674 -0.00043151 0.00128127
internal_weight=45825.5 22402.2 2162.52 2013.31 20239.7 12600.4 149.21 23423.3 5733.17 2613.88 1110.55 1503.33 1050.66 812.495
internal_count=213758 102898 11205 10501 91693 56752 704 110860 30273 15032 5561 9471 6529 4159
is_linear=0
shrinkage=0.03


Tree=222
num_leaves=15
num_cat=0
split_feature=238 224 192 226 226 248 119 243 249 163 248 222 226 243
split_gain=46.1981 55.631 73.3402 44.8392 58.5074 92.0036 82.4168 66.6516 112.411 77.7903 69.3993 66.2543 56.4818 61.6858
threshold=-0.29072803258895868 2.5000000000000004 1.0000000180025095e-35 99.500000000000014 81.500000000000014 0.68181815743446361 15.500000000000002 -0.045307384803891175 0.025252525694668296 31.500000000000004 0.65151515603065502 8.5000000000000018 98.500000000000014 -0.049567660316824906
decision_type=10 10 8 8 10 2 10 2 2 10 2 10 10 2
left_child=1 -1 -3 4 -2 7 -7 8 -6 -10 -11 -9 13 -8
right_child=3 2 -4 -5 5 6 12 11 9 10 -12 -13 -14 -15
leaf_value=0.018517415464054384 -0.00034974153279426003 -0.020813695027257946 0.0089501332656949338 -0.0052572224545446335 -0.032886343261487254 -0.016996704507333406 0.0026125231834846622 0.022644241104127806 -0.018036676193802177 0.010076029967025241 -0.023110773763955032 0.0019606634249616315 -0.0047025907464010846 0.02359012645691444
leaf_weight=257.5223326254636 36759.642329445109 95.493034232407808 243.68790363147855 1428.2744014337659 116.36684378236532 72.454631924629211 173.43491968512535 133.3584553822875 174.38472706824541 369.29095049202442 57.014235012233257 5214.0701923146844 109.77905415743589 480.88794013112783
leaf_count=2797 167439 655 1833 7888 513 307 1048 737 792 1835 251 23637 687 2673
internal_value=6.52693e-05 0.0082885 0.000214332 -4.537e-05 0.00012629 0.0026588 0.0119243 0.00136315 -0.00716373 -0.00172377 0.00520965 0.00251779 0.0148508 0.0181528
internal_weight=45685.7 596.703 339.181 45089 43660.7 6901.04 836.557 6064.49 717.057 600.69 426.305 5347.43 764.102 654.323
internal_count=213092 5285 2488 207807 199919 32480 4715 27765 3391 2878 2086 24374 4408 3721
is_linear=0
shrinkage=0.03


Tree=223
num_leaves=15
num_cat=0
split_feature=239 148 37 47 119 243 120 246 8 243 78 228 134 238
split_gain=40.005 41.8328 98.0243 69.2109 96.5072 76.5141 62.0816 66.2958 58.0957 57.0559 60.0751 83.6633 77.8379 61.5679
threshold=-0.043297670781612389 12.500000000000002 81.500000000000014 17.500000000000004 99.500000000000014 -0.094835434108972536 50.500000000000007 0.058421708643436439 78.500000000000014 -0.081788215786218629 8.5000000000000018 9.5000000000000018 35.500000000000007 -0.18038124591112134
decision_type=10 8 8 10 10 2 10 2 10 2 10 10 10 10
left_child=-1 2 9 4 6 -6 7 -3 -8 -2 11 13 -13 -11
right_child=1 3 -4 -5 5 -7 8 -9 -10 10 -12 12 -14 -15
leaf_value=0.0029600541349496259 -0.011538801256043766 -0.002248107168014454 -0.018121307408719159 -0.00052273625031123245 0.021522520930563997 -0.019663231224089403 0.0047299656161480909 0.008441153508013317 0.02373218759391155 0.015209746954958202 0.0011240014829308003 0.002528630056836797 -0.017962935384195463 -0.0050860095779980182
leaf_weight=3985.6857613902539 462.89330321550369 2534.7325721494853 329.37993557751179 27015.881489127874 39.205356825143099 262.69276978448033 4802.834681764245 647.02038158103824 140.12511339783669 211.63917515426874 4130.2357188016176 229.44133742898703 580.15585950762033 333.55393144488335
leaf_count=21926 2831 11401 1478 120678 462 1326 23522 3893 700 1429 18469 987 2644 1487
internal_value=9.24161e-05 -0.000182186 -0.00243741 0.000217816 0.00258985 -0.0137962 0.00321493 -5.47729e-05 0.00531548 -0.00153992 -0.000676627 -0.00613407 -0.0121956 0.00292467
internal_weight=45705.5 41719.8 6277.3 35442.5 8426.61 301.898 8124.71 3181.75 4942.96 5947.92 5485.03 1354.79 809.597 545.193
internal_count=213233 191307 29325 161982 41304 1788 39516 15294 24222 27847 25016 6547 3631 2916
is_linear=0
shrinkage=0.03


Tree=224
num_leaves=15
num_cat=0
split_feature=147 140 29 222 244 224 244 248 228 224 228 222 244 224
split_gain=50.7695 47.6841 86.42 106.578 63.6586 74.6098 63.46 121.497 68.844 59.2931 129.826 58.3344 141.928 176.217
threshold=97.500000000000014 27.500000000000004 54.500000000000007 63.500000000000007 0.012288554571568968 90.500000000000014 0.010955017060041429 0.54040405154228222 14.500000000000002 35.500000000000007 25.500000000000004 3.5000000000000004 0.0054411219898611316 17.500000000000004
decision_type=10 10 10 10 2 10 2 2 10 10 10 8 2 8
left_child=1 2 11 -4 5 6 9 -8 -9 -3 -11 12 13 -1
right_child=-2 4 3 -5 -6 -7 7 8 -10 10 -12 -13 -14 -15
leaf_value=0.017916531851712245 -0.005180418274225663 0.0041143416379754959 -0.0083848885287546547 0.013893796947108558 -0.00031547017724078275 0.013793545256930852 0.00039053426415757412 0.0047482511366254768 0.028864145019613888 -0.008603874182815132 0.002054452904665494 0.00049969863202150157 -0.0087152860287992243 -0.021265043731056137
leaf_weight=420.72622085176408 1676.776413358748 3912.9945836551487 2146.4825841709971 203.27169499546289 14930.68967372179 510.29320214688778 645.83311425894499 170.17773038893938 296.83954395353794 1386.2063971832395 3896.8021266758442 13573.882143422961 1785.4909348674119 126.72639144957066
leaf_count=2215 7629 17878 9006 845 72062 2499 2824 829 1434 6166 16950 62882 9427 548
internal_value=-7.27002e-05 0.000123052 -0.00104943 -0.0064069 0.000954422 0.00270558 0.00214388 0.00887769 0.0203602 0.00132024 -0.000753153 -0.000254494 -0.00462606 0.00862787
internal_weight=45683.2 44006.4 18256.6 2349.75 25749.8 10819.1 10308.9 1112.85 467.017 9196 5283.01 15906.8 2332.94 547.453
internal_count=213194 205565 84923 9851 120642 48580 46081 5087 2263 40994 23116 75072 12190 2763
is_linear=0
shrinkage=0.03


Tree=225
num_leaves=15
num_cat=0
split_feature=231 244 230 230 224 228 229 230 122 228 231 226 230 229
split_gain=52.1594 131.045 136.26 145.615 106.845 109.579 114.488 104.868 85.2534 140.039 108.361 97.5165 100.979 87.8536
threshold=91.500000000000014 0.0040010181255638608 62.500000000000007 18.500000000000004 32.500000000000007 27.500000000000004 21.500000000000004 14.500000000000002 34.500000000000007 4.5000000000000009 29.500000000000004 3.5000000000000004 13.500000000000002 12.500000000000002
decision_type=10 2 8 10 8 8 8 8 8 10 10 8 8 10
left_child=4 -2 3 -3 8 -6 -7 -8 9 10 -1 -12 -13 -10
right_child=1 2 -4 -5 5 6 7 -9 13 -11 11 12 -14 -15
leaf_value=0.023575409768036546 0.016914399641503684 -0.0027285698223547396 0.0050791908095891786 -0.014939056218714357 -0.0048228457352893217 -0.016499961221441328 0.016948105565543038 0.00024923371525495928 0.0038601635224370912 0.0085645128024597356 0.0049614451128609082 -0.027766148514763649 0.011124439733913137 -0.0011347822572485337
leaf_weight=84.105136692523956 288.75546693056822 3414.0814316160977 1302.6790397167206 1176.7563551291823 4910.5325334966183 350.52687930315733 335.29064822942019 17140.227437421679 5709.2073423769325 3370.4819431081414 210.46276094019413 297.03815238177776 68.873691562563181 7100.0161904543638
leaf_count=387 1498 18708 7179 5124 21985 1545 1632 77360 28603 15321 1202 1355 313 31358
internal_value=8.12999e-05 -0.0024791 -0.00345633 -0.00588412 0.000481784 -0.000859611 0.000234231 0.000579133 0.00229229 0.0060918 -0.00646621 -0.0111772 -0.0203448 0.00109279
internal_weight=45759 6182.27 5893.52 4590.84 39576.8 22736.6 17826 17475.5 16840.2 4030.96 660.48 576.375 365.912 12809.2
internal_count=213570 32509 31011 23832 181061 102522 80537 78992 78539 18578 3257 2870 1668 59961
is_linear=0
shrinkage=0.03


Tree=226
num_leaves=15
num_cat=0
split_feature=245 98 231 226 226 245 245 249 231 249 231 249 61 44
split_gain=54.4207 50.8098 63.8952 112.372 205.159 210.158 163.988 175.229 135.517 128.609 109.191 107.862 105.264 103.619
threshold=-0.20480131357908246 42.500000000000007 26.500000000000004 83.500000000000014 49.500000000000007 -0.06899626180529593 -0.10346869006752966 0.015151515137404205 9.5000000000000018 0.04545454494655133 31.500000000000004 0.075757574290037169 45.500000000000007 39.500000000000007
decision_type=2 10 8 10 8 2 2 2 10 2 8 2 10 8
left_child=-1 2 3 4 6 9 -2 8 -8 13 -4 -11 -9 -6
right_child=1 -3 10 -5 5 -7 7 12 -10 11 -12 -13 -14 -15
leaf_value=0.015584929676883102 -0.015062205421967196 0.001676538192093393 -0.0084148609099049913 0.0094734055890081086 0.034559931478716277 -0.009387823377227017 0.0014245490608670315 -0.0022357988820447339 0.029499387590212381 -0.025811457951288173 -0.0009129074030120942 0.0041934535510896875 0.0081092457145076312 0.0037516836703373932
leaf_weight=189.52193734608591 350.76519883424044 10817.545130748302 1879.7112659960985 1324.0829581096768 196.49556193500757 2753.416331268847 236.84415617585182 1642.9700543358922 442.18231810629368 124.43730153143406 23042.67620678246 535.61799219250679 1900.7155985832214 192.64692777395248
leaf_count=2673 1683 51443 8395 6011 883 11606 988 7080 1857 565 108252 2584 8169 854
internal_value=-4.86009e-05 -0.00011722 -0.000677988 0.00138681 9.87174e-05 -0.00504319 0.00437562 0.00602202 0.0198697 0.00633946 -0.00148187 -0.00176403 0.00332015 0.0197843
internal_weight=45629.6 45440.1 34622.6 9700.17 8376.09 3802.61 4573.48 4222.71 679.026 1049.2 24922.4 660.055 3543.69 389.142
internal_count=213043 210370 158927 42280 36269 16492 19777 18094 2845 4886 116647 3149 15249 1737
is_linear=0
shrinkage=0.03


Tree=227
num_leaves=15
num_cat=0
split_feature=242 226 240 31 224 231 224 244 63 37 151 231 244 244
split_gain=44.3975 40.6135 45.492 49.7562 54.5476 62.5593 60.6805 91.3732 67.6528 58.5828 46.6582 53.3866 61.6051 53.9836
threshold=0.010315495077520611 99.500000000000014 0.044690884649753577 75.500000000000014 20.500000000000004 35.500000000000007 32.500000000000007 0.016846671700477604 63.500000000000007 82.500000000000014 3.5000000000000004 67.500000000000014 0.0039171681273728618 0.0022517130710184578
decision_type=8 10 8 8 10 8 10 2 10 10 10 8 2 2
left_child=-1 2 3 10 5 -5 7 -6 -8 -7 11 12 -2 -13
right_child=1 -3 -4 4 6 9 8 -9 -10 -11 -12 13 -14 -15
leaf_value=-0.010158404624195524 -0.012420852310208574 -0.0073131649086968795 0.0056938349198421105 -0.015952340179254284 -0.0059309394939787456 -0.0026406959943903845 -0.0065037362952400733 0.015024555053147478 0.0043200202181749954 -0.027437133537942471 0.00077048134782716263 0.022344325865206762 -0.0021482080945338252 0.00048244155479385334
leaf_weight=373.63469959795475 737.62244890630245 647.17228055000305 1306.2484872564673 434.66705948114395 290.10908474028111 2200.0824510827661 1341.9392967894673 496.67590536177158 835.5315014347434 79.441144973039627 34037.871641101316 103.94146770983934 1786.7416556254029 947.240603774786
leaf_count=1624 3174 3096 7244 1893 1272 11708 5891 2273 3961 363 157126 556 7906 4838
internal_value=4.28596e-06 9.04354e-05 0.000199486 3.24279e-05 -0.00258259 -0.00564705 0.000232901 0.00732023 -0.00234972 -0.00362091 0.000427795 -0.0028275 -0.00518705 0.00283435
internal_weight=45618.9 45245.3 44598.1 43291.9 5678.45 2714.19 2964.26 786.785 2177.47 2279.52 37613.4 3575.55 2524.36 1051.18
internal_count=212925 211301 208205 200961 27361 13964 13397 3545 9852 12071 173600 16474 11080 5394
is_linear=0
shrinkage=0.03


Tree=228
num_leaves=15
num_cat=0
split_feature=147 184 138 148 29 143 119 222 248 76 238 230 222 248
split_gain=41.4119 38.9002 65.1973 62.3974 49.65 49.0627 64.5251 42.5898 41.2709 40.7906 57.1603 37.9774 80.2747 102.585
threshold=97.500000000000014 59.500000000000007 89.500000000000014 12.500000000000002 inf 94.500000000000014 94.500000000000014 41.500000000000007 0.56060606241226207 87.500000000000014 -0.12203036248683928 3.5000000000000004 4.5000000000000009 0.59090909361839306
decision_type=10 8 8 8 8 10 10 10 2 10 10 10 10 2
left_child=1 2 4 5 11 8 7 -7 -3 -5 -11 12 -1 -14
right_child=-2 3 -4 9 -6 6 -8 -9 -10 10 -12 -13 13 -15
leaf_value=-0.0022293430945023833 -0.0045427671040115048 -0.0053402927908710179 -0.0074506478626766215 0.0014953781786867732 0.010855329095621338 -0.027988184821653318 -0.0014656938010855257 0.0032634227323573694 0.0042507758747685163 0.012047287987822166 0.0018568257258710361 -0.00071032661634102331 -0.0017259906332137748 0.01291661332484112
leaf_weight=1576.0902198757976 1698.6158154904842 813.7706877104938 1134.1108439788222 11078.023624051362 354.60345900803804 196.89754267781973 294.89609490707517 46.027952656149864 782.17555887252092 841.90954530239105 1194.3788132667542 23825.554886177182 715.8899218775332 1062.6313503347337
leaf_count=8918 7729 3702 5441 52999 2032 899 1750 213 3991 5420 5802 105257 3451 5376
internal_value=3.94595e-05 0.000217684 -0.000433474 0.00144145 -0.000141849 -0.00330565 -0.0110524 -0.0221719 -0.000642497 0.00221576 0.00610839 -0.000289262 0.0026945 0.00704598
internal_weight=45615.6 43917 28668.9 15248.1 27534.8 2133.77 537.822 242.925 1595.95 13114.3 2036.29 27180.2 3354.61 1778.52
internal_count=212980 205251 130475 74776 125034 10555 2862 1112 7693 64221 11222 123002 17745 8827
is_linear=0
shrinkage=0.03


Tree=229
num_leaves=15
num_cat=0
split_feature=194 178 226 231 231 225 148 228 245 245 231 140 231 222
split_gain=43.0901 66.9865 59.9384 58.4094 113.46 73.2322 65.2452 97.1949 70.1223 63.6551 53.3897 68.0033 58.0023 96.664
threshold=29.500000000000004 99.500000000000014 2.5000000000000004 77.500000000000014 19.500000000000004 25.500000000000004 12.500000000000002 5.5000000000000009 -0.099373251199722276 -0.042981484904885285 3.5000000000000004 37.500000000000007 19.500000000000004 7.5000000000000009
decision_type=10 8 8 10 10 10 10 10 2 2 8 10 8 10
left_child=2 -2 3 4 -1 -5 -7 8 -8 -6 11 -4 13 -12
right_child=1 -3 10 5 9 6 7 -9 -10 -11 12 -13 -14 -15
leaf_value=-0.010390988523153509 -0.0011427825335434676 0.0090928040654763582 -0.016326062890720805 0.0096157448210478971 0.020702822681414924 -0.020433158476536147 0.0079528269600508232 0.015842766687704728 -0.017610616013137178 -0.0034342788413625099 0.023834170764664025 0.0022626898270098001 4.1735485235824699e-05 0.0030330881337766995
leaf_weight=163.67881685495377 22074.66298645176 580.91761684045196 368.00935322791338 593.08241324685514 593.32183558866382 164.86985145136714 143.95226554572582 221.52428537607193 256.96536248922348 114.37471784651279 206.01840895414352 329.23699466884136 16834.03732784465 2992.3969138264656
leaf_count=751 100850 3337 1622 4243 3339 783 1066 1146 1149 549 891 1470 78950 13019
internal_value=5.18096e-05 -0.000876433 0.000966873 0.00560424 0.0116393 0.00173826 -0.00424204 0.000301872 -0.00846172 0.0168084 0.000460678 -0.00764064 0.000746323 0.00444305
internal_weight=45637 22655.6 22981.5 2251.77 871.375 1380.39 787.312 622.442 400.918 707.697 20729.7 697.246 20032.5 3198.42
internal_count=213165 104187 108978 13026 4639 8387 4144 3361 2215 3888 95952 3092 92860 13910
is_linear=0
shrinkage=0.03


Tree=230
num_leaves=15
num_cat=0
split_feature=231 244 137 224 244 224 120 134 226 230 120 137 230 230
split_gain=52.5877 117.915 127.339 139.502 102.567 86.3862 108.371 129.725 99.3679 118.494 94.0577 87.072 85.7757 84.0688
threshold=91.500000000000014 0.0040010181255638608 25.500000000000004 16.500000000000004 0.0305270329117775 32.500000000000007 51.500000000000007 90.500000000000014 64.500000000000014 54.500000000000007 17.500000000000004 44.500000000000007 49.500000000000007 18.500000000000004
decision_type=10 2 8 10 2 8 8 10 8 10 8 8 10 10
left_child=5 -2 3 -3 -4 6 -1 8 9 12 -7 -10 -8 -5
right_child=1 2 4 13 -6 10 7 -9 11 -11 -12 -13 -14 -15
leaf_value=-0.0012826934891888482 0.016151330289031866 -0.017487853430578088 0.004136162147777905 0.01357310736744235 -0.0051157189259043506 0.0027983451238079034 0.0040497501216325135 -0.0093146430600921266 0.022909774542486161 -0.0088077416820088635 -0.0018974495385491097 0.0047918258091914799 0.023539760627766533 -0.0092639528741184987
leaf_weight=5984.506970345974 276.80748072266579 1005.6671195328236 1977.2216395549476 254.90007799491286 2348.5625925585628 4891.113447368145 8425.9423147104681 635.23303544521332 464.23287743330002 635.48511976748705 17712.622738335282 494.28031088411808 198.80988480895758 310.83595729619265
leaf_count=25783 1453 5166 10081 1337 13140 21074 41327 3252 2159 2735 80830 2480 881 1391
internal_value=-7.21069e-05 -0.00264432 -0.00355242 -0.0108375 -0.0008871 0.000331097 0.00195717 0.00374305 0.00456307 0.00360223 -0.000880561 0.0137128 0.00452576 0.00108263
internal_weight=45616.2 6173.99 5897.19 1571.4 4325.78 39442.2 16838.5 10854 10218.8 9260.24 22603.7 958.513 8624.75 565.736
internal_count=213089 32568 31115 7894 23221 180521 78617 52834 49582 44943 101904 4639 42208 2728
is_linear=0
shrinkage=0.03


Tree=231
num_leaves=15
num_cat=0
split_feature=70 228 226 244 59 232 140 8 140 10 35 246 120 228
split_gain=42.2745 90.9307 76.3572 63.994 62.4243 55.9664 66.3364 56.2722 53.1239 100.5 57.5502 63.4132 57.0292 67.9186
threshold=7.5000000000000009 5.5000000000000009 1.5000000000000002 0.0019746321486309175 6.5000000000000009 87.500000000000014 88.500000000000014 42.500000000000007 29.500000000000004 74.500000000000014 5.5000000000000009 0.037880046293139465 17.500000000000004 19.500000000000004
decision_type=8 10 8 2 10 10 8 8 10 10 8 2 10 10
left_child=1 4 -3 -4 -1 8 -7 -8 9 10 -2 -12 -10 -14
right_child=5 2 3 -5 -6 6 7 -9 12 -11 11 -13 13 -15
leaf_value=0.0047406777678755683 -0.00628310001397233 0.020923835793603809 -0.015432340160315836 0.0040479778496432372 -0.0064805994187183561 0.0034396195904092702 -0.020554040620765195 0.0021030491415926778 0.0035447524616992066 -0.010148347169707349 -0.0018477209681028188 0.0042959631145192299 0.0025057132486065339 -0.0017059330090363723
leaf_weight=628.76988748088479 1799.1531779319048 226.20261182636023 146.97240612655878 4873.545563429594 1478.4062298405915 4927.7640559133142 189.593028254807 191.75829755887389 3528.2377459928393 1342.190855063498 6301.0281946100295 1978.5172226801515 4632.2048993334174 13367.926476608962
leaf_count=4266 8471 1253 635 22256 7399 23743 916 963 15518 5670 27619 10184 22662 61467
internal_value=4.649e-05 0.00212805 0.00423996 0.00344816 -0.00312566 -0.000354072 0.00250152 -0.00939855 -0.000814814 -0.0024677 -0.00143582 -0.000376187 6.27886e-05 -0.000621307
internal_weight=45612.3 7353.9 5246.72 5020.52 2107.18 38258.4 5309.12 381.351 32949.3 11420.9 10078.7 8279.55 21528.4 18000.1
internal_count=213022 35809 24144 22891 11665 177213 25622 1879 151591 51944 46274 37803 99647 84129
is_linear=0
shrinkage=0.03


Tree=232
num_leaves=15
num_cat=0
split_feature=245 231 222 224 222 224 230 231 245 222 231 230 230 229
split_gain=49.0885 66.1848 123.253 112.908 147.329 126.111 138.108 127.441 152.646 116.688 115.062 244.609 167.834 102.226
threshold=-0.042981484904885285 91.500000000000014 75.500000000000014 37.500000000000007 59.500000000000007 39.500000000000007 24.500000000000004 77.500000000000014 -0.070975113660097108 12.500000000000002 64.500000000000014 43.500000000000007 21.500000000000004 72.500000000000014
decision_type=2 10 10 10 10 10 8 10 2 10 10 8 8 10
left_child=1 2 3 4 -1 6 -5 9 -9 -7 11 13 -12 -11
right_child=-2 -3 -4 5 -6 7 -8 8 -10 10 12 -13 -14 -15
leaf_value=0.0020307508492421514 -0.0014388514441521143 -0.0023521916053123428 0.0094282188304383417 -0.031953747331442177 0.02069271195384681 -0.011613291191485695 -0.0036236580718710149 0.018597816767953339 -0.00035338952834681493 0.01027759292820148 -0.030147734616907954 -0.0032146618728665865 -0.0028130435651665012 -0.030384966586962214
leaf_weight=15054.21006545797 12508.071485646069 5161.9333196021616 1589.609901741147 236.39196755737066 380.79121686518192 1010.7195433452725 425.03791543096304 621.95378660410643 968.21301274746656 2013.7880579158664 266.14140544086695 4606.4415019154549 763.75044886022806 47.754978910088539
leaf_count=71895 54522 28023 7508 1032 1858 4482 1889 3563 4375 8883 1239 20537 3364 209
internal_value=0.000161816 0.000766086 0.0013419 0.00085153 0.00250425 -0.00147612 -0.0140738 -0.00065418 0.0071288 -0.00208188 -0.000816975 0.000629604 -0.0100988 0.00919353
internal_weight=45654.8 33146.7 27984.8 26395.2 15435 10960.2 661.43 10298.8 1590.17 8708.6 7697.88 6667.98 1029.89 2061.54
internal_count=213379 158857 130834 123326 73753 49573 2921 46652 7938 38714 34232 29629 4603 9092
is_linear=0
shrinkage=0.03


Tree=233
num_leaves=15
num_cat=0
split_feature=170 243 193 249 243 242 222 248 224 249 222 229 116 165
split_gain=42.2872 41.4561 53.2055 71.886 86.7336 63.7201 62.9213 108.942 194.638 113.208 120.81 80.6857 80.4736 73.3689
threshold=83.500000000000014 -0.008629474323242901 74.500000000000014 0.075757574290037169 -0.051163842901587479 0.020658212713897232 28.500000000000004 0.71212121844291698 74.500000000000014 0.04545454494655133 39.500000000000007 30.500000000000004 31.500000000000004 6.5000000000000009
decision_type=10 2 10 2 2 10 8 2 8 2 10 10 10 8
left_child=1 2 6 4 -4 -5 13 -8 9 11 -11 12 -9 -1
right_child=-2 -3 3 5 -6 -7 7 8 -10 10 -12 -13 -14 -15
leaf_value=-0.010714544587680234 0.0041911861836416561 -0.0032459214778568194 0.010942463888139175 0.00022130653318648902 -0.0029811737101777041 0.0068479877966281504 0.00027778361933892426 0.025909141700221832 -0.010884299523829426 -0.015127817924369895 0.018230701757243499 0.039702007015008665 -0.0095599121033909124 -0.0012000403384795509
leaf_weight=752.0902073122561 2120.208848323673 3537.2901958450675 452.90050968900323 2122.777081143111 3087.5561389401555 3386.7788463011384 11732.903379078954 158.28163630515337 293.03407025337219 153.39255764335394 234.40903280675411 224.10640582442284 81.014297485351562 17165.332677893341
leaf_count=3382 10262 15542 2140 9796 13259 16939 53580 799 1482 700 1201 993 349 82115
internal_value=6.44541e-05 -0.000138152 0.000138493 0.00215938 -0.00117424 0.00429982 -0.000455921 0.00114316 0.00993738 0.0171486 0.00498735 0.0270054 0.0139992 -0.00160517
internal_weight=45502.1 43381.9 39844.6 9050.01 3540.46 5509.56 30794.6 12877.1 1144.24 851.204 387.802 463.402 239.296 17917.4
internal_count=212539 202277 186735 42134 15399 26735 144601 59104 5524 4042 1901 2141 1148 85497
is_linear=0
shrinkage=0.03


Tree=234
num_leaves=15
num_cat=0
split_feature=243 98 231 243 230 226 44 231 226 230 226 249 226 230
split_gain=50.5718 55.4968 58.6093 121.587 97.0992 189.774 173.745 103.578 87.6364 89.3971 85.7331 80.3499 80.1973 205.935
threshold=-0.008629474323242901 43.500000000000007 26.500000000000004 -0.020585119724273678 74.500000000000014 63.500000000000007 34.500000000000007 24.500000000000004 4.5000000000000009 1.0000000180025095e-35 81.500000000000014 0.11616161838173868 12.500000000000002 24.500000000000004
decision_type=2 10 10 2 10 8 10 10 10 8 10 2 10 8
left_child=1 2 3 4 5 8 -7 11 9 -1 -8 -6 -4 -14
right_child=-2 -3 12 -5 7 6 10 -9 -10 -11 -12 -13 13 -15
leaf_value=0.011109694095945533 -0.0032800710545831417 0.0023867070679445797 0.0020218226040849925 -0.0030351448377658858 0.025593585890821589 0.0058926500933740977 -0.018294366647880578 -0.010342480293326885 0.0079702463568537257 -0.018786804791357688 0.0067821633747021746 0.0048462453022549501 -0.007314955996217086 -6.446157131344087e-05
leaf_weight=137.69460910558701 3831.9472790434957 9101.2923031039536 5735.6405353825539 3119.1338746547699 452.30050347745419 636.97821578010917 772.14217698574066 131.44082680344582 3283.5522794425488 224.49005608260632 140.15347741544247 272.61546548828483 4852.7739668563008 12822.327160861343
leaf_count=663 16873 43875 30761 13443 1950 3743 3384 566 14348 1023 642 1383 21992 58090
internal_value=1.34407e-05 0.000316933 -0.000261796 0.00176998 0.00424766 0.00269124 -0.00607848 0.0135495 0.00642441 -0.0074277 -0.0144102 0.0179633 -0.0010581 -0.00205813
internal_weight=45514.5 41682.5 32581.2 9170.5 6051.37 5195.01 1549.27 856.357 3645.74 362.185 912.296 724.916 23410.7 17675.1
internal_count=212736 195863 151988 41145 27702 23803 7769 3899 16034 1686 4026 3333 110843 80082
is_linear=0
shrinkage=0.03


Tree=235
num_leaves=15
num_cat=0
split_feature=226 12 226 231 70 231 245 249 226 222 231 145 244 231
split_gain=59.4722 58.5365 49.2477 145.392 113.071 87.6622 130.346 115.224 83.5154 81.4858 93.9666 78.3989 76.1291 89.6451
threshold=99.500000000000014 5.5000000000000009 81.500000000000014 24.500000000000004 28.500000000000004 73.500000000000014 -0.056773714721202843 0.075757574290037169 98.500000000000014 35.500000000000007 4.5000000000000009 37.500000000000007 0.007571558468043805 43.500000000000007
decision_type=10 10 10 10 10 10 2 2 10 10 10 10 2 10
left_child=2 -2 -1 4 -4 12 8 -8 11 10 -6 -7 13 -5
right_child=1 -3 3 5 9 6 7 -9 -10 -11 -12 -13 -14 -15
leaf_value=-0.00042993240768730736 -0.028354849087042135 -0.0048246896303661612 0.02511753859455915 -0.0050745805238737625 -0.018824183178834199 -0.0056837497819436913 -0.017593477460419431 0.0034183618761152311 -0.0036348607061385024 0.00046778702655882816 0.02322129312655485 0.022154209249894329 -0.0058345754384199339 0.014998605116013893
leaf_weight=38002.665304256603 107.29216423630714 538.46657914668322 353.14070964977145 397.0049843788147 48.236755937337875 102.76446127891541 297.63419860601425 984.24395494908094 201.63838218152523 803.91566450148821 319.92689771950245 601.36144897714257 2393.7901208847761 386.41250732541084
leaf_count=177250 539 2535 1633 1708 201 464 1271 4690 1198 3748 1459 3813 10644 1697
internal_value=-0.000137707 -0.00910698 -6.68885e-06 0.00232498 0.0104656 -4.55473e-06 0.0046051 -0.00155871 0.0132502 0.00587592 0.0173604 0.0180687 -0.00318299 0.00489056
internal_weight=45538.5 645.759 44892.7 6890.07 1525.22 5364.85 2187.64 1281.88 905.764 1172.08 368.164 704.126 3177.21 783.417
internal_count=212850 3074 209776 32526 7041 25485 11436 5961 5475 5408 1660 4277 14049 3405
is_linear=0
shrinkage=0.03


Tree=236
num_leaves=15
num_cat=0
split_feature=149 231 248 224 228 152 151 244 228 231 244 230 228 248
split_gain=41.9492 60.376 67.1433 51.2082 73.342 64.7038 49.0006 57.4829 51.9517 97.6564 54.5708 46.3139 93.0839 56.2847
threshold=26.500000000000004 25.500000000000004 0.40909090638160711 74.500000000000014 24.500000000000004 11.500000000000002 4.5000000000000009 0.085841022431850447 1.5000000000000002 67.500000000000014 0.0040010181255638608 7.5000000000000009 43.500000000000007 0.62121212482452404
decision_type=8 10 2 8 10 10 10 2 8 10 2 10 10 2
left_child=1 2 -1 4 -4 -6 7 8 -2 -10 -11 -3 -13 -14
right_child=6 11 3 -5 5 -7 -8 -9 9 10 -12 12 13 -15
leaf_value=-0.0014303617507824304 -0.015859047300232802 0.0012449908479960166 0.00088928820115356387 -0.010622954036216133 -0.00022369665725350364 0.02362601059699377 0.00095001887970716915 0.018053646649854135 -0.0049347674672249224 0.020916958749540117 0.0025955845030287438 -0.0072110287810578004 -0.0011569306762755989 0.015293475225408705
leaf_weight=1684.513705343008 260.47689272835851 1945.3643354848027 414.79682445526123 108.66897891461849 136.36583176255226 398.51811230182648 30326.652599064633 108.5411382727325 2827.1657306365669 176.3585793748498 698.58978130668402 3647.8233876898885 2746.944496922195 190.82430450990796
leaf_count=7260 1523 10013 1808 484 610 1816 142606 882 12866 847 3516 16088 12124 1056
internal_value=1.44311e-05 -0.00157289 0.00229299 0.00817716 0.0104167 0.0176531 0.00053498 -0.00255147 -0.0031599 -0.00222609 0.00648316 -0.00281708 -0.00401707 -4.01294e-05
internal_weight=45671.6 11273.8 2742.86 1058.35 949.681 534.884 34397.8 4071.13 3962.59 3702.11 874.948 8530.96 6585.59 2937.77
internal_count=213499 51259 11978 4718 4234 2426 162240 19634 18752 17229 4363 39281 29268 13180
is_linear=0
shrinkage=0.03


Tree=237
num_leaves=15
num_cat=0
split_feature=242 71 52 137 226 232 226 120 47 61 142 120 228 147
split_gain=41.3008 40.4656 58.2063 57.8196 59.1262 53.6184 48.1567 55.8689 45.5451 64.1159 48.2231 56.1339 47.8639 47.0057
threshold=0.010315495077520611 24.500000000000004 24.500000000000004 89.500000000000014 31.500000000000004 16.500000000000004 12.500000000000002 99.500000000000014 17.500000000000004 68.500000000000014 57.500000000000007 53.500000000000007 4.5000000000000009 86.500000000000014
decision_type=8 8 10 10 8 10 8 10 10 8 10 10 10 10
left_child=-1 5 3 6 -5 -2 7 -3 9 10 11 -4 -12 -10
right_child=1 2 8 4 -6 -7 -8 -9 13 -11 12 -13 -14 -15
leaf_value=-0.0098977893562071251 0.0077777975097530544 0.0033906478943805662 -0.0013170525491078726 -0.018480057975850998 0.013214898226298356 0.00091639928245740927 -0.0037157450329116108 -0.010714580367873936 0.00048954001454674619 0.010289234967627504 -0.024584552929183066 0.013746341933974473 -0.0016428852935456305 -0.0030500905124322708
leaf_weight=363.83381433039904 1106.4318083152175 1937.2850490510464 463.67754247039557 337.25143987312913 55.102582842111588 12577.693768654019 5140.4228057898581 280.58121489360929 16664.638624019921 918.00675912201405 79.414965007454157 415.52004776149988 991.267847456038 4224.0070897378027
leaf_count=1586 5080 9409 2029 1646 363 61247 24002 1738 75083 4617 347 1927 4815 19103
internal_value=3.276e-05 0.000114883 -0.000476752 -0.00273244 -0.013811 0.00147645 -0.00212377 0.00156612 0.000260011 0.00379819 0.000705293 0.00587663 -0.00355627 -0.000227345
internal_weight=45555.1 45191.3 31507.2 7750.64 392.354 13684.1 7358.29 2217.87 23756.5 2867.89 1949.88 879.198 1070.68 20888.6
internal_count=212992 211406 145079 37158 2009 66327 35149 11147 107921 13735 9118 3956 5162 94186
is_linear=0
shrinkage=0.03


Tree=238
num_leaves=15
num_cat=0
split_feature=194 226 178 140 243 243 242 229 119 176 121 224 243 222
split_gain=44.0694 64.0607 61.2315 57.0982 73.3431 100.307 87.0026 71.9975 84.6779 70.7029 64.6917 54.4405 71.9732 83.4487
threshold=30.500000000000004 2.5000000000000004 99.500000000000014 90.500000000000014 -0.047233073040843003 -0.076761040836572633 0.022022757679224018 10.500000000000002 99.500000000000014 9.5000000000000018 41.500000000000007 6.5000000000000009 -0.040355859324336045 7.5000000000000009
decision_type=10 8 8 10 2 2 10 10 10 10 10 10 2 10
left_child=1 3 11 4 5 -1 9 8 -6 -7 -5 12 13 -2
right_child=2 -3 -4 10 7 6 -8 -9 -10 -11 -12 -13 -14 -15
leaf_value=0.012597724670799509 -0.0050365947067076812 0.00042985246596274006 0.0087015541510309744 -0.03048580382282727 0.018457478822815947 -0.0036039956472627027 0.0061916232155653549 -0.0097855374328876671 -0.011654094394964988 -0.029938093267959223 0.0059987226178502637 -0.0006741382867867955 0.0014855742288490635 -0.021454755917053293
leaf_weight=441.73707032762468 956.58556732535362 20978.882871493697 570.60786418616772 71.391613442450762 826.20716799795628 212.35718498751521 302.0169467702508 107.02625478804111 86.696419030427933 155.94090573489666 88.735273435711861 19598.129811823368 787.18137571588159 388.62619910016656
leaf_count=3627 5375 97151 3321 317 4246 1084 1862 500 460 665 549 88257 3733 1985
internal_value=3.8302e-05 0.000951366 -0.00091447 0.005702 0.00701015 0.00165181 -0.00564068 0.0127797 0.0155026 -0.0152507 -0.0111035 -0.00117086 -0.00571158 -0.00990305
internal_weight=45572.1 23271 22301.1 2292.11 2131.98 1112.05 670.315 1019.93 912.904 368.298 160.127 21730.5 2132.39 1345.21
internal_count=213132 110461 102671 13310 12444 7238 3611 5206 4706 1749 866 99350 11093 7360
is_linear=0
shrinkage=0.03


Tree=239
num_leaves=15
num_cat=0
split_feature=243 193 76 244 231 231 226 104 229 244 229 229 229 228
split_gain=43.8428 57.43 56.9712 120.284 111.905 65.1741 110.647 78.3611 56.7064 50.7822 49.2096 48.5948 222.103 124.314
threshold=-0.008629474323242901 75.500000000000014 89.500000000000014 0.053563781082630164 68.500000000000014 11.500000000000002 31.500000000000004 15.500000000000002 26.500000000000004 0.0062977366615086803 21.500000000000004 55.500000000000007 35.500000000000007 17.500000000000004
decision_type=2 10 8 2 8 10 8 10 8 2 10 10 8 10
left_child=1 2 -1 4 5 6 -4 10 -9 -2 -7 12 -3 -14
right_child=9 11 3 -5 -6 7 -8 8 -10 -11 -12 -13 13 -15
leaf_value=-0.00080640643464996485 -0.01311728139699586 0.0048348948195622394 -0.026291550968926637 0.014778115264683494 -0.0041826181331771411 0.0039138782783214639 0.0066130339655949798 0.017879782001383838 0.0051645745833121988 -0.0018276808625388094 -0.013319903012096124 0.0052462732296015679 0.012475525518226772 -0.010446738735963258
leaf_weight=27261.830631434917 391.2954016327858 3929.8802675753832 140.96279844641685 631.55339994654059 2101.2749745156616 670.41316828131676 227.75808022171259 665.63267233222723 613.68590703606606 3423.4690272808075 180.97256957739592 3433.285283062607 234.97951915860176 1683.9322418347001
leaf_count=124158 1630 18090 615 4806 11845 3481 1033 3317 2959 15174 817 17089 1064 7246
internal_value=5.73725e-05 0.000338759 -0.000255909 0.00260844 0.00090944 0.00518996 -0.00632852 0.0072035 0.0118677 -0.00301697 0.000138519 0.00241857 0.000752559 -0.00758968
internal_weight=45590.9 41776.2 32494.1 5232.25 4600.7 2499.43 368.721 2130.7 1279.32 3814.76 851.386 9282.08 5848.79 1918.91
internal_count=213324 196520 153031 28873 24067 12222 1648 10574 6276 16804 4298 43489 26400 8310
is_linear=0
shrinkage=0.03


Tree=240
num_leaves=15
num_cat=0
split_feature=149 231 226 226 119 144 230 137 77 231 249 68 226 78
split_gain=46.2294 47.575 77.4446 74.7637 60.2251 56.5202 86.4054 71.5436 69.1216 65.2451 96.6658 63.4448 54.3803 51.474
threshold=28.500000000000004 19.500000000000004 81.500000000000014 49.500000000000007 65.500000000000014 54.500000000000007 8.5000000000000018 92.500000000000014 1.5000000000000002 57.500000000000007 0.095959596335887923 51.500000000000007 3.5000000000000004 34.500000000000007
decision_type=10 8 10 8 10 8 10 10 8 10 2 10 10 10
left_child=1 2 3 4 -1 6 7 12 -7 -8 -11 13 -3 -12
right_child=-2 5 -4 -5 -6 8 9 -9 -10 10 11 -13 -14 -15
leaf_value=0.010669594729305478 0.00045389635196149144 0.012289728080364154 0.013499619904154764 -0.0070587643157543328 -0.004227971928984736 -0.015178013225852176 -0.002977125769115596 -0.023960722228154811 0.00035434017000361316 -0.018857410271278338 -0.024172018977678074 0.0023422795969803649 -0.0019222789030635702 -0.0057261012282663936
leaf_weight=627.39298662543297 32996.102688485757 469.19512848928571 432.74518302828074 836.94051092863083 388.85077276825905 261.48458272963762 1934.3370357453823 72.788842260837555 5130.5729776732624 783.73521558195353 192.00657189637423 537.29983200877905 485.45321293920279 446.33775711804628
leaf_count=2641 154888 2415 1984 3604 1755 1328 8340 345 24814 3390 859 2538 2312 2086
internal_value=-0.000136433 -0.00168159 0.00222696 -0.0004637 0.00498361 -0.00254924 -0.00487051 0.00284653 -0.000425594 -0.00690889 -0.0107556 -0.00524104 0.0051177 -0.0115617
internal_weight=45595.2 12599.1 2285.93 1853.18 1016.24 10313.2 4921.15 1027.44 5392.06 3893.72 1959.38 1175.64 954.648 638.344
internal_count=213299 58411 9984 8000 4396 48427 22285 5072 26142 17213 8873 5483 4727 2945
is_linear=0
shrinkage=0.03


Tree=241
num_leaves=15
num_cat=0
split_feature=77 248 245 248 224 229 228 117 193 212 230 222 248 244
split_gain=45.9514 54.4171 48.7692 95.6277 89.9952 67.5654 79.4649 63.4372 116.127 92.2093 76.3208 127.148 125.636 111.653
threshold=1.5000000000000002 0.93434342741966259 -0.043979879468679421 0.37878787517547613 98.500000000000014 78.500000000000014 73.500000000000014 85.500000000000014 89.500000000000014 48.500000000000007 5.5000000000000009 4.5000000000000009 0.59090909361839306 0.040244530886411674
decision_type=8 2 2 2 10 10 10 10 10 10 8 10 2 2
left_child=-1 2 3 4 5 -2 -7 9 -9 10 11 -5 -13 -14
right_child=1 -3 -4 7 -6 6 -8 8 -10 -11 -12 12 13 -15
leaf_value=-0.0049905518060412149 0.0078508950230638842 0.018996608417679077 -0.0014100590539909913 -0.0048175604581736772 -0.027756223739632432 -0.015300520951541918 0.0055432029832337398 0.00066978790078666144 0.0099240296404367722 -0.0061022728655182011 -0.00082542017170091412 -0.0011493895817178881 0.016859090356720292 -0.025640839219571991
leaf_weight=1570.9210989996791 3002.448138192296 128.40779414400458 12694.744057364762 870.9684639647603 63.039567783474922 260.34060564637184 411.94668390601873 6295.8396322801709 1504.3307405970991 2499.6576896011829 14275.078700084239 693.8032836727798 1138.0395888462663 49.810559958219528
leaf_count=8030 13499 887 55219 4252 282 1203 1892 34269 8350 10704 64784 3517 5569 237
internal_value=3.44219e-05 0.000215379 0.000155941 0.00079613 0.00528999 0.00593068 -0.0026344 0.000179763 0.00246497 -0.000733854 5.73467e-05 0.00462179 0.00899338 0.0148777
internal_weight=45459.4 43888.5 43760 31065.3 3737.77 3674.74 672.287 27327.5 7800.17 19527.4 17027.7 2752.62 1881.65 1187.85
internal_count=212694 204664 203777 148558 16876 16594 3095 131682 42619 89063 78359 13575 9323 5806
is_linear=0
shrinkage=0.03


Tree=242
num_leaves=15
num_cat=0
split_feature=193 245 76 229 37 249 229 228 231 243 243 248 120 231
split_gain=48.1226 101.486 64.4051 64.0451 100.798 82.388 74.9787 120.038 114.382 107.179 90.0081 78.6722 93.744 116.569
threshold=72.500000000000014 -0.11145202815532683 80.500000000000014 67.500000000000014 11.500000000000002 0.89393940567970287 35.500000000000007 17.500000000000004 81.500000000000014 -0.029646959155797955 -0.052689997479319566 0.85353535413742077 51.500000000000007 26.500000000000004
decision_type=8 2 10 10 10 2 8 8 10 2 2 2 8 10
left_child=2 -2 -1 5 -5 6 8 -8 10 -10 -3 12 13 -12
right_child=1 3 -4 4 -6 -7 7 -9 9 -11 11 -13 -14 -15
leaf_value=-0.0017038951546128791 0.010529043168553113 0.01523192446210193 0.0017700948684045441 0.011954865929403669 0.001324999094064992 -0.020524708019424812 0.01349715194087163 -0.0036126584237078717 -0.010016175917352517 0.0069249385109650943 0.0062449310821628612 -0.018365648081291736 0.0064363174490455876 -0.0084459444774474899
leaf_weight=19585.193969484419 969.56378568522632 555.88732582330704 6353.4468811955303 1017.0340457484126 3692.8273336514831 170.76772506535053 383.85218696296215 5903.6909401789308 1152.9822186231613 464.52296064794064 867.0402415767312 146.09484662115574 3174.3659830987453 1081.3957810178399
leaf_count=88168 6833 2606 32951 5318 17299 789 1760 26565 5285 2142 3673 645 14381 4577
internal_value=-5.26254e-06 0.00111713 -0.000852617 0.000621402 0.00364085 -0.000403542 -0.000138525 -0.00254834 0.00189807 -0.00513829 0.00385748 0.00263085 0.00326426 -0.0019101
internal_weight=45518.7 19580 25938.6 18610.5 4709.86 13900.6 13729.8 6287.54 7442.29 1617.51 5824.78 5268.9 5122.8 1948.44
internal_count=212992 91873 121119 85040 22617 62423 61634 28325 33309 7427 25882 23276 22631 8250
is_linear=0
shrinkage=0.03


Tree=243
num_leaves=15
num_cat=0
split_feature=245 243 35 228 249 41 245 4 230 230 70 149 243 243
split_gain=51.3103 107.141 109.381 82.0244 87.8486 86.1529 77.7978 105.237 77.3052 100.183 75.8966 84.597 71.5863 159.12
threshold=-0.075403515249490724 -0.054362094029784196 42.500000000000007 27.500000000000004 0.17676767706871035 1.5000000000000002 -0.074394576251506792 11.500000000000002 51.500000000000007 38.500000000000007 79.500000000000014 42.500000000000007 -0.026276211254298684 -0.03945679031312465
decision_type=2 2 8 10 2 10 2 10 10 8 10 10 2 2
left_child=3 2 8 12 5 -5 7 -3 9 -2 11 -6 13 -1
right_child=1 6 -4 4 10 -7 -8 -9 -10 -11 -12 -13 -14 -15
leaf_value=0.0017947256808362466 -0.013620441838007197 0.0047205208091152624 0.0040150206102224474 -0.024490978101868718 -0.0081249301445202975 0.01244168094066701 1.2583617138463313e-05 -0.02761834552962019 -0.026296925533048587 0.013043189318453918 -0.016702755456678296 0.012714687095797239 0.0096807175600158758 -0.0078353712340234454
leaf_weight=7703.6806236263365 615.80759742856026 153.61510682106018 451.5487185716629 50.090390168130398 295.27552441507578 1464.2252680547535 30925.86419057101 202.10140109062195 296.88602514564991 150.55768182873726 197.63577154651284 403.74149518460035 708.87810281291604 1920.7194078788161
leaf_count=42605 2746 694 2128 253 1670 7720 136017 882 1260 708 1203 2458 3674 9048
internal_value=9.91149e-05 -0.000528643 -0.00829396 0.00171375 0.00668424 0.0110674 -0.000150081 -0.0139057 -0.0135101 -0.00828166 -0.000758657 0.00392128 0.000548694 -0.000133269
internal_weight=45540.6 32796.4 1514.8 12744.2 2410.97 1514.32 31281.6 355.717 1063.25 766.365 896.653 699.017 10333.3 9624.4
internal_count=213066 144435 6842 68631 13304 7973 137593 1576 4714 3454 5331 4128 55327 51653
is_linear=0
shrinkage=0.03


Tree=244
num_leaves=15
num_cat=0
split_feature=101 244 231 231 242 145 230 224 224 145 15 244 222 243
split_gain=44.9585 56.7347 57.8844 59.3932 54.8008 56.6641 54.9072 53.939 65.0806 69.6204 64.324 68.4577 56.7634 68.5277
threshold=3.5000000000000004 0.02010993100702763 17.500000000000004 18.500000000000004 0.02553743310272694 96.500000000000014 17.500000000000004 41.500000000000007 12.500000000000002 30.500000000000004 8.5000000000000018 0.0054411219898611316 1.0000000180025095e-35 -0.058387277647852891
decision_type=8 2 10 10 8 10 10 10 10 10 10 2 10 2
left_child=1 2 -1 -4 6 -6 -3 8 10 -10 11 -5 -11 -14
right_child=-2 4 3 7 5 -7 -8 -9 9 12 -12 -13 13 -15
leaf_value=-0.00850549613290787 0.00041205272846691455 -0.018231818909052965 0.028392107185027618 0.018834639841354875 -0.0059212555338238717 0.015148833312931971 -0.00089625011228626798 -0.010537981296724865 -0.0086000326872280458 -0.015380389239838834 -0.010363767295478957 -0.001464427091872204 0.029964587220940853 0.0086816313436489205
leaf_weight=658.39299292117357 40605.626387882978 536.3589975386858 61.072008475661278 180.47508101910353 489.44365444779396 139.23059252649546 236.76738000661135 332.34257569164038 182.47997461259365 57.690644517540932 514.72942348942161 689.9144246391952 170.38664352148771 619.0577729344368
leaf_count=2788 188881 2855 264 1006 2602 1275 998 1477 792 250 2361 3708 801 2741
internal_value=8.52279e-05 -0.00263599 -0.000569627 0.00131458 -0.00770573 -0.0010908 -0.0130021 0.000611807 0.0021835 0.00785869 -0.0020612 0.00291071 0.011463 0.0135925
internal_weight=45474 4868.34 3466.54 2808.15 1401.8 628.674 773.126 2747.08 2414.73 1029.62 1385.12 870.39 847.135 789.444
internal_count=212799 23918 16188 13400 7730 3877 3853 13136 11659 4584 7075 4714 3792 3542
is_linear=0
shrinkage=0.03


Tree=245
num_leaves=15
num_cat=0
split_feature=140 23 244 243 75 246 246 228 228 244 228 244 229 244
split_gain=49.5541 77.8611 64.488 61.3201 54.5975 52.661 91.8768 56.7917 52.1485 52.0263 86.1177 125.636 72.6471 123.057
threshold=11.500000000000002 23.500000000000004 0.012288554571568968 -0.0074973839800804845 67.500000000000014 0.017134172841906551 0.016155520454049114 34.500000000000007 75.500000000000014 0.010955017060041429 3.5000000000000004 0.011935782153159382 4.5000000000000009 0.0087648015469312685
decision_type=10 10 2 2 10 2 2 10 10 2 8 2 8 2
left_child=1 9 3 4 5 6 7 -2 -5 12 11 -11 13 -1
right_child=2 -3 -4 8 -6 -7 -8 -9 -10 10 -12 -13 -14 -15
leaf_value=0.0080884613130792152 -0.0014123982356550038 -0.0061603439596053218 -0.00053494780968084865 -0.0096097586134729837 0.0057032375228485525 0.0040995532901623504 -0.012286063677791975 0.004905186219559282 0.015396078665836841 0.024630390988660409 0.0034313183778140687 -0.012708836255214779 -0.0056271688487710032 -0.0150424261940913
leaf_weight=961.99577930942178 3663.8736520782113 2684.0762222185731 19674.992119017988 604.28457026183605 3614.6907206587493 3964.6592188961804 518.93205441534519 1956.2785231173038 76.404631152749062 83.862775392830372 4095.1401465758681 611.35320124030113 2694.5994610115886 253.30979352071881
leaf_count=5122 16057 11343 94346 2526 16735 18102 2249 8367 326 447 20466 3473 11995 1314
internal_value=8.96711e-06 -0.00170377 0.000581532 0.00210641 0.00254394 0.00140915 -0.000332164 0.000791451 -0.00662068 -0.000323396 0.00177096 -0.00791927 -0.00288734 0.0031838
internal_weight=45458.5 11384.3 34074.1 14399.1 13718.4 10103.7 6139.08 5620.15 680.689 8700.26 4790.36 695.216 3909.91 1215.31
internal_count=212868 54160 158708 64362 61510 44775 26673 24424 2852 42817 24386 3920 18431 6436
is_linear=0
shrinkage=0.03


Tree=246
num_leaves=15
num_cat=0
split_feature=231 230 230 243 153 120 68 70 14 148 193 57 144 231
split_gain=44.4603 98.256 135.698 82.5397 76.3187 75.2994 80.2069 77.1013 79.0665 62.8491 62.5201 57.9589 56.1954 106.655
threshold=91.500000000000014 64.500000000000014 18.500000000000004 -0.02352241892367601 32.500000000000007 97.500000000000014 73.500000000000014 9.5000000000000018 5.5000000000000009 4.5000000000000009 73.500000000000014 29.500000000000004 79.500000000000014 62.500000000000007
decision_type=10 8 10 2 10 10 10 8 8 10 8 10 10 10
left_child=5 2 3 -2 -5 7 10 9 -9 -1 -7 -11 -10 -14
right_child=1 -3 -4 4 -6 6 -8 8 12 11 -12 -13 13 -15
leaf_value=-0.0049065880304454412 -0.003290219104070599 0.0049742566283236056 -0.012896277303586241 -0.0045833872215791426 0.018152844346813538 0.0027812611281335933 -0.003839579880481254 -0.0055677999478055814 -0.0009671746303861812 -0.0037337747363435031 0.012252567265485565 0.0052715170882532431 -0.0003981307411787081 0.0075296326953786614
leaf_weight=788.92602378129959 3057.41218624264 1289.4184555448592 1226.2989851906896 212.79738952964544 329.5044025965035 1325.4914691261947 748.43495519831777 2664.6927604041994 20073.311770986766 733.24175617843866 1194.0002122204751 4886.4544871076941 4739.4066835641861 2242.8481274098158
leaf_count=3648 17122 7126 5389 995 1683 7627 3806 12029 89969 3257 6437 22513 21001 10470
internal_value=2.18873e-05 -0.00235586 -0.00432057 -0.00137148 0.00930977 0.000391481 0.00474519 -3.52375e-06 -0.000647286 0.00297831 0.00730046 0.00409199 -0.000160789 0.00215556
internal_weight=45512.2 6115.43 4826.01 3599.71 542.302 39396.8 3267.93 36128.9 29720.3 6408.62 2519.49 5619.7 27055.6 6982.25
internal_count=213072 32315 25189 19800 2678 180757 17870 162887 133469 29418 14064 25770 121440 31471
is_linear=0
shrinkage=0.03


Tree=247
num_leaves=15
num_cat=0
split_feature=209 171 80 10 140 231 249 244 231 244 234 249 246 249
split_gain=43.8804 49.0624 53.3682 41.8444 66.0466 57.5587 59.065 62.3441 84.1428 56.4283 55.1156 54.6004 72.9738 72.2649
threshold=52.500000000000007 22.500000000000004 21.500000000000004 2.5000000000000004 18.500000000000004 69.500000000000014 0.65151515603065502 0.033992469310760505 89.500000000000014 0.012288554571568968 3.5000000000000004 0.015151515137404205 0.036536470055580146 0.12626262754201892
decision_type=10 10 10 8 10 10 2 2 10 2 10 2 2 2
left_child=3 -2 -3 5 11 -1 7 -7 -9 -6 -11 -5 -13 -14
right_child=1 2 -4 4 9 6 -8 8 -10 10 -12 12 13 -15
leaf_value=0.0072569545979366537 -0.0057997307079693874 0.0050725233215365628 -0.002616642489552473 0.0026341560162405392 0.0026602359237936804 0.00050508240690762935 0.0099465978955085698 0.010940404469297541 -0.021796271289837812 0.0061754237913510613 -0.00076776376586257364 -0.0047749862980194938 0.027030243329280879 0.00018375563197256894
leaf_weight=1828.1138027831912 2245.0261694807559 1175.0901134572923 2573.2925131432712 1995.360821120441 10429.457687817514 1198.7603389192373 403.77291943877935 87.805734604597092 268.01880721002817 1104.756071165204 13361.694988131523 5862.0136292614043 83.249482173472643 2800.0270448848605
leaf_count=8793 9931 5362 11404 8838 46696 6705 2780 495 1699 5827 62676 26351 407 14616
internal_value=8.62625e-05 -0.00230314 -0.000199063 0.000450011 0.000131002 0.00344413 -0.00013391 -0.00279896 -0.0136397 0.000979254 -0.000233635 -0.00183426 -0.00285563 0.00104965
internal_weight=45416.4 5993.41 3748.38 39423 35636.6 3786.47 1958.36 1554.58 355.825 24895.9 14466.5 10740.7 8745.29 2883.28
internal_count=212580 26697 16766 185883 165411 20472 11679 8899 2194 115199 68503 50212 41374 15023
is_linear=0
shrinkage=0.03


Tree=248
num_leaves=15
num_cat=0
split_feature=149 243 248 248 140 176 228 243 248 98 243 224 248 248
split_gain=45.5469 40.0709 44.7472 40.9483 39.9858 46.3112 52.8678 68.0111 59.7729 45.656 43.2022 86.2363 65.0306 53.2279
threshold=22.500000000000004 -0.1235389932990074 0.6414141356945039 0.68181815743446361 17.500000000000004 11.500000000000002 3.5000000000000004 -0.062362568452954285 0.91414141654968273 30.500000000000004 -0.042810410261154168 1.0000000180025095e-35 0.7525252401828767 0.7525252401828767
decision_type=10 2 2 2 10 10 10 2 2 10 2 8 2 2
left_child=-1 2 -2 -4 5 6 8 -8 10 -7 13 12 -12 -3
right_child=1 4 3 -5 -6 9 7 -9 -10 -11 11 -13 -14 -15
leaf_value=-0.0018242445044744542 0.022238396638587173 -0.015332940594117554 -0.025454066783130228 0.0094823662805689282 0.0010730470275863936 -0.0046323960955709067 0.014652934358303379 0.001538335871381832 0.021249231991625751 0.00083275451901672066 0.0079630187892148589 0.010922399032411372 -0.033276999197239955 -0.0015978064538352457
leaf_weight=10017.086901217699 148.79613136872649 496.57222262769938 34.751136347651482 83.110707774758339 23873.885427854955 4161.1783673651516 390.48745508864522 3227.9620042517781 72.587797064334154 2048.7594012767076 51.740474916994572 321.8007680028677 76.641311407089233 514.37573800608516
leaf_count=46612 1296 2760 214 904 111525 17964 2315 14842 547 9126 255 1480 384 2901
internal_value=-3.87547e-05 0.000465394 0.0118384 -0.00200364 0.000375991 -0.00108831 0.00101348 0.00299009 -0.00363902 -0.00283091 -0.00501149 0.00267837 -0.0172821 -0.00842853
internal_weight=45519.7 35502.6 266.658 117.862 35236 11362.1 5152.17 3618.45 1533.72 6209.94 1461.13 450.183 128.382 1010.95
internal_count=213125 166513 2414 1118 164099 52574 25484 17157 8327 27090 7780 2119 639 5661
is_linear=0
shrinkage=0.03


Tree=249
num_leaves=15
num_cat=0
split_feature=193 243 171 120 27 158 226 122 47 145 228 243 103 228
split_gain=41.6433 57.1452 75.5345 52.9701 71.4276 49.1374 52.9045 48.9319 48.6353 41.2152 49.7931 46.3965 40.2967 56.1417
threshold=74.500000000000014 -0.050812654197216027 6.5000000000000009 95.500000000000014 87.500000000000014 90.500000000000014 1.0000000180025095e-35 72.500000000000014 38.500000000000007 88.500000000000014 39.500000000000007 -0.02352241892367601 3.5000000000000004 3.5000000000000004
decision_type=8 2 8 10 10 8 8 10 8 10 10 2 10 10
left_child=12 5 -3 -4 8 6 7 -2 -5 11 -11 -10 -1 -14
right_child=1 2 3 4 -6 -7 -8 -9 9 10 -12 -13 13 -15
leaf_value=0.0027490770127890298 -0.020801500636479037 -0.0055690131840369301 0.00036404466193248625 -0.0023986440608965223 -0.0071855987177106709 -0.0051929087766964524 0.0085250778344154385 0.0072582225631371549 -0.0026879780070760287 0.0214624247509221 0.0040920779107881293 0.0117216090608628 -0.0057441879048156785 -0.00071061319960506947
leaf_weight=2604.6293125320226 104.00571594573557 1693.0943095199764 12703.790862161666 338.26839729771018 331.57364377751946 339.27908515930176 1928.4404878467321 102.25574240088463 351.17637004703283 437.42821530252695 230.65350669249892 451.04746514558792 2186.9633091371506 21664.668393075466
leaf_count=13538 589 7572 56970 1753 1807 2049 10402 706 1712 2359 1349 2184 11573 98308
internal_value=-1.76855e-05 0.00105304 0.000415488 0.00110137 0.00545603 0.00529588 0.00697936 -0.00719829 0.00780044 0.0101473 0.0156141 0.00545833 -0.000787201 -0.00117436
internal_weight=45467.3 19011 16537 14843.9 2140.15 2473.98 2134.7 206.261 1808.57 1470.31 668.082 802.224 26456.3 23851.6
internal_count=212871 89452 75706 68134 11164 13746 11697 1295 9357 7604 3708 3896 123419 109881
is_linear=0
shrinkage=0.03


Tree=250
num_leaves=15
num_cat=0
split_feature=141 92 238 226 44 189 141 249 226 124 241 137 79 226
split_gain=42.5345 43.7769 42.297 62.2177 82.2502 80.4698 77.4972 76.3837 75.4751 66.0508 49.9259 45.0674 52.1231 58.2938
threshold=1.5000000000000002 66.500000000000014 -0.096894696354866014 43.500000000000007 31.500000000000004 19.500000000000004 73.500000000000014 0.54040405154228222 12.500000000000002 88.500000000000014 -1.0000000180025095e-35 90.500000000000014 20.500000000000004 1.5000000000000002
decision_type=8 10 10 10 10 8 10 2 8 10 8 10 10 10
left_child=-1 2 3 5 7 -2 -6 9 11 -5 -10 12 13 -7
right_child=1 -3 -4 4 6 8 -8 -9 10 -11 -12 -13 -14 -15
leaf_value=0.010053497391108722 -0.004290682355522781 0.0045640728783080701 -0.0013169692429798238 0.0090625126245796519 -0.0026500750277513138 0.0069076170171784345 0.0044840723927532739 -0.0055120393186526492 -0.0023345121579924407 -0.0032723235995772882 0.011637668655320069 -0.005658796440224741 0.0074223389678555983 -0.003187840393077992
leaf_weight=364.78866501897573 4001.1054922733456 1734.9736381284893 19529.326711237431 2909.4095093905926 3465.5765404775739 856.67125572822988 2252.4713184349239 461.03500704094768 5185.5725121796131 445.89162622019649 230.99949660524726 438.80567283183336 2323.1910357102752 1258.2807269059122
leaf_count=1601 19213 8688 84560 13179 15516 5803 11775 2312 24662 2015 1905 2505 12339 6943
internal_value=-1.12225e-05 -9.48535e-05 -0.000282289 0.000565892 0.0024416 -0.000686019 0.000163153 0.00584606 0.000717923 0.00741846 -0.0017183 0.00342168 0.00433019 0.000914636
internal_weight=45458.1 45093.3 43358.3 23829 9534.38 14294.6 5718.05 3816.34 10293.5 3355.3 5416.57 4876.95 4438.14 2114.95
internal_count=213016 211415 202727 118167 44797 73370 27291 17506 54157 15194 26567 27590 25085 12746
is_linear=0
shrinkage=0.03


Tree=251
num_leaves=15
num_cat=0
split_feature=69 243 230 229 243 229 249 249 228 229 230 249 230 230
split_gain=50.682 47.4956 46.055 59.9415 98.2472 62.9124 58.3077 58.1777 56.5923 80.7992 95.7037 61.8518 58.4641 69.8857
threshold=8.5000000000000018 -0.031205425970256325 30.500000000000004 45.500000000000007 -0.045787002891302102 49.500000000000007 0.055555555969476707 0.13636363297700885 5.5000000000000009 26.500000000000004 17.500000000000004 0.83333334326744091 13.500000000000002 3.5000000000000004
decision_type=8 2 10 10 2 10 2 2 10 10 8 2 8 10
left_child=1 2 8 4 6 -5 -4 -7 11 -10 -11 12 13 -1
right_child=-2 -3 3 5 -6 7 -8 -9 9 10 -12 -13 -14 -15
leaf_value=-0.0010165107840069245 -0.00051554606656471476 0.0045332298881240445 0.0094443850601130443 0.024051239220702691 -0.015466100832179874 -0.0066483180045191752 -0.0081499788775606617 0.017461991434558354 0.009589655668310092 -0.038357381578569723 0.0031335909239449179 0.019624988318547368 0.0094159940827181054 -0.015556885590865129
leaf_weight=1080.6027590297163 36358.796543747187 3815.5068321451545 341.37006933242083 107.46105587482452 638.32958314567804 345.81612021103501 317.65756393969059 110.61203296482563 1245.7325618639588 62.478598050773144 157.30102920532227 110.29166300594807 293.76960070431232 401.33897679299116
leaf_count=6488 168999 16942 1513 480 2701 1599 1522 652 6382 283 724 942 1484 1872
internal_value=-1.59009e-05 0.00199462 0.000131354 -0.00364112 -0.00717406 0.0044706 0.000968677 -0.000556254 0.00223098 0.00663241 -0.00981739 -0.00120609 -0.00260259 -0.00503221
internal_weight=45387.1 9028.27 5212.76 1861.25 1297.36 563.889 659.028 456.428 3351.52 1465.51 219.78 1886 1775.71 1481.94
internal_count=212583 43584 26642 8467 5736 2731 3035 2251 18175 7389 1007 10786 9844 8360
is_linear=0
shrinkage=0.03


Tree=252
num_leaves=15
num_cat=0
split_feature=66 10 242 233 230 230 124 233 165 119 119 193 61 76
split_gain=46.524 46.3359 44.9898 98.6539 77.1429 81.0364 68.9677 67.1683 65.5479 53.8253 58.343 65.097 56.9999 51.7658
threshold=15.500000000000002 82.500000000000014 0.022739675827324394 15.500000000000002 24.500000000000004 15.500000000000002 5.5000000000000009 52.500000000000007 19.500000000000004 99.500000000000014 51.500000000000007 19.500000000000004 34.500000000000007 44.500000000000007
decision_type=10 10 8 10 8 10 10 10 10 10 10 8 10 10
left_child=1 -1 3 -2 5 9 -4 13 -7 10 11 -5 -12 -6
right_child=2 -3 6 4 7 8 -8 -9 -10 -11 12 -13 -14 -15
leaf_value=-0.0010945780618477413 -0.0044755181807426556 -0.0074949267430118758 -0.0089983543812263839 -0.014916700819819148 0.0039762296532227133 -0.026277988459542011 0.001781668817335003 0.0055203205304566617 -0.0059398810080663672 -0.010227660127783521 0.0057704616105627845 0.00011866651662835089 -0.0038328712113667443 -0.0032091985165973265
leaf_weight=7497.0925282984972 4452.1313566751778 1168.9796411767602 539.97002723067999 365.43007978051901 1550.2936433702707 156.76793940365314 18766.472930116579 3751.4874623529613 1069.2996379509568 414.64812584221363 2147.6196080297232 836.35738579183817 741.61355641111732 2129.99042596668
leaf_count=34088 19615 4989 2332 1564 6669 650 93407 16548 4534 2551 10402 3547 3238 9405
internal_value=1.1302e-05 -0.00196557 0.000475706 -0.000620449 0.000685811 -0.00192738 0.00147567 0.00270111 -0.00873192 -6.05176e-05 0.000992406 -0.00453854 0.00330074 -0.000179815
internal_weight=45588.2 8666.07 36922.1 17615.6 13163.5 5731.74 19306.4 7431.77 1226.07 4505.67 4091.02 1201.79 2889.23 3680.28
internal_count=213539 39077 174462 78723 59108 26486 95739 32622 5184 21302 18751 5111 13640 16074
is_linear=0
shrinkage=0.03


Tree=253
num_leaves=15
num_cat=0
split_feature=215 229 233 140 10 249 108 45 28 224 147 229 120 139
split_gain=47.0612 54.0932 45.1347 38.1889 56.2496 79.9835 59.1471 51.8193 51.1686 55.5582 47.7188 64.1091 46.9056 81.9848
threshold=71.500000000000014 67.500000000000014 53.500000000000007 17.500000000000004 5.5000000000000009 0.015151515137404205 37.500000000000007 44.500000000000007 18.500000000000004 25.500000000000004 30.500000000000004 24.500000000000004 17.500000000000004 49.500000000000007
decision_type=10 10 10 10 10 2 10 10 10 10 10 10 10 10
left_child=3 2 -2 4 6 7 8 10 -1 -10 11 -6 -5 -14
right_child=1 -3 -4 12 5 -7 -8 -9 9 -11 -12 -13 13 -15
leaf_value=-0.0016489048988475351 -0.0076737411757308348 0.0044431380130872554 -0.00078655266267326331 0.0038503598977582916 0.018554182930834797 -0.0038475501224815643 0.0085586415589966984 -0.0048542590083457742 0.01861992135581585 -0.0018877618741031739 0.00075016762647873915 -0.00084547782099289137 0.0018677663929690985 -0.0017051528764217376
leaf_weight=2699.1703403927386 1891.1945057846606 716.53454362601042 1562.9190277270973 4240.9333068951964 431.03587807714939 6980.6436882168055 917.10077980533242 532.99012687057257 243.46405056118965 220.7727652862668 731.65141876786947 233.71040460467339 14365.443780552596 9657.2244245484471
leaf_count=14990 8252 3362 6863 18573 2023 31443 4703 2258 1082 957 3256 979 70802 43216
internal_value=1.95276e-05 -0.0030135 -0.00456869 0.000326812 -0.00101903 -0.00235417 0.00189497 0.00304094 -5.777e-05 0.00903312 0.00606754 0.0118222 0.000945529 0.000431324
internal_weight=45424.8 4170.65 3454.11 41254.1 12990.5 8910.03 4080.51 1929.39 3163.41 464.237 1396.4 664.746 28263.6 24022.7
internal_count=212759 18477 15115 194282 61691 39959 21732 8516 17029 2039 6258 3002 132591 114018
is_linear=0
shrinkage=0.03


Tree=254
num_leaves=15
num_cat=0
split_feature=141 245 51 244 149 248 243 240 227 246 248 248 243 224
split_gain=49.4649 42.8302 41.7395 37.1931 35.4918 42.151 53.1819 42.0788 40.3331 38.2978 52.7773 37.4748 127.167 167.771
threshold=1.5000000000000002 -0.25948600471019739 1.0000000180025095e-35 0.0022517130710184578 28.500000000000004 0.92424240708351146 -0.05929009057581424 -0.047591265290975564 1.5000000000000002 0.18814710527658465 0.56060606241226207 0.69191917777061474 -0.03945679031312465 1.5000000000000002
decision_type=8 2 8 2 8 2 2 10 8 2 2 2 2 8
left_child=-1 -2 3 -3 7 11 -7 -4 -9 -10 -11 -6 -13 -14
right_child=1 2 4 -5 5 6 -8 8 9 10 -12 12 13 -15
leaf_value=0.011025076917500888 0.02424658779691366 0.012356286906117056 0.0060650456285990858 -0.0072961902559484431 0.0011085943894072992 0.027644259488477513 -0.0019796302137620324 -0.0089513700167627597 -0.0010889188158873517 -0.032789709987175321 0.0044189035757309942 0.0023284402568835806 -0.030507895067400839 -0.0036562729614900225
leaf_weight=357.47292507439852 55.331372041255236 85.40117547288537 647.30262662470341 1047.9860159605742 23908.430710949004 105.99232060089707 100.59039168059826 648.5285188741982 10446.808384150267 70.03800081461668 56.34292159229517 4203.2764789350331 212.82649355381727 3578.7872411459684
leaf_count=1572 898 452 3416 5087 110821 950 527 3127 46768 376 372 21381 949 16553
internal_value=6.28794e-05 -2.63005e-05 -6.14388e-05 -0.00572025 8.56626e-05 0.000603808 0.0137942 -0.00131543 -0.00174618 -0.00129619 -0.0170937 0.0005141 -0.00126288 -0.00523976
internal_weight=45525.1 45167.6 45112.3 1133.39 43978.9 32109.9 206.583 11869 11221.7 10573.2 126.381 31903.3 7994.89 3791.61
internal_count=213249 211677 210779 5539 205240 151181 1477 54059 50643 47516 748 149704 38883 17502
is_linear=0
shrinkage=0.03


Tree=255
num_leaves=15
num_cat=0
split_feature=245 231 70 1 70 231 248 42 176 148 44 229 222 248
split_gain=41.3312 40.737 97.8694 76.4933 65.8913 70.8911 176.513 162.735 77.2668 67.5627 76.2092 63.2869 86.6432 87.5571
threshold=-0.25948600471019739 91.500000000000014 17.500000000000004 93.500000000000014 11.500000000000002 75.500000000000014 0.59090909361839306 8.5000000000000018 12.500000000000002 9.5000000000000018 22.500000000000004 16.500000000000004 6.5000000000000009 0.82323232293128978
decision_type=2 10 8 10 8 10 2 10 8 10 8 8 10 2
left_child=-1 4 3 11 -2 -6 9 8 -8 10 -7 12 13 -3
right_child=1 2 -4 -5 5 6 7 -9 -10 -11 -12 -13 -14 -15
leaf_value=0.024112771577358045 0.0028356831869673039 -0.012992035602506271 0.00029320543359750073 0.010820436893392658 -0.00084335234223096754 -0.026073189882481657 0.0037268782876270336 0.014792711001634014 -0.020533854607919587 0.00020039799794886365 0.0017067745174934278 0.0029074547035012853 -0.0213384550686554 0.0078988517329442991
leaf_weight=54.550490749999881 8196.2473971061409 528.87911571189761 4282.0160022601485 168.12882570549846 25755.351440172642 187.08043223246932 330.75874320603907 1520.1842319555581 171.75730150192976 3081.7771022580564 159.767532736063 281.64771442115307 579.09789896011353 263.41256928443909
leaf_count=900 38837 2761 21905 1076 115206 865 1932 8020 815 14483 729 1373 2859 1762
internal_value=0.000124282 9.02347e-05 -0.0021884 -0.00799302 0.000443642 -0.00018532 0.00291947 0.00992442 -0.00480416 -0.0012299 -0.0135877 -0.00996008 -0.0126046 -0.00603458
internal_weight=45560.7 45506.1 6103.18 1821.17 39402.9 31206.7 5451.33 2022.7 502.516 3428.63 346.848 1653.04 1371.39 792.292
internal_count=213523 212623 31736 9831 180887 142050 26844 10767 2747 16077 1594 8755 7382 4523
is_linear=0
shrinkage=0.03


Tree=256
num_leaves=15
num_cat=0
split_feature=239 141 66 62 141 230 229 249 228 228 249 229 243 230
split_gain=41.3156 41.4579 37.6711 47.515 52.32 47.3332 141.256 83.9734 157.135 78.4141 120.064 126.297 72.1768 69.5157
threshold=-0.067832633852958665 1.5000000000000002 15.500000000000002 94.500000000000014 80.500000000000014 71.500000000000014 81.500000000000014 0.015151515137404205 28.500000000000004 36.500000000000007 0.065656565129756941 28.500000000000004 -0.040132034569978707 63.500000000000007
decision_type=10 8 10 10 10 8 10 2 10 10 2 10 2 10
left_child=-1 -2 3 -3 -5 6 13 8 -7 10 12 -12 -9 -4
right_child=1 2 5 4 -6 7 -8 9 -10 -11 11 -13 -14 -15
leaf_value=0.0058395210081722297 0.0097170723003164542 -0.0016063345300530716 0.000169126928742173 -0.015855007978792468 0.008489746172430571 -0.027447700936550919 -0.016691495548375786 -0.014143304010973905 0.0053698602339698727 0.0013370555229207969 -0.0076946268464269107 0.020940234837856109 0.0068847213182597067 -0.0056746341435549279
leaf_weight=1006.5404959339648 360.45654144883156 7815.3499701172113 24860.828543383628 395.08400359004736 92.05385860055685 231.1576481461525 469.37029384076595 235.61582957208157 282.39953280985355 6558.4385385289788 164.4225256703794 742.73521573469043 355.89467748999596 1967.7742742970586
leaf_count=6739 1588 35060 116420 1699 426 987 2088 1110 1195 31265 937 3689 1582 8611
internal_value=-0.000140726 -0.000277177 -0.000360916 -0.00218061 -0.0111764 6.07789e-05 -0.000549958 0.00200438 -0.0096438 0.00275786 0.00892549 0.0157229 -0.00158723 -0.000261445
internal_weight=45538.1 44531.6 44171.1 8302.49 487.138 35868.6 27298 8570.66 513.557 8057.11 1498.67 907.158 591.511 26828.6
internal_count=213396 206657 205069 37185 2125 167884 127119 40765 2182 38583 7318 4626 2692 125031
is_linear=0
shrinkage=0.03


Tree=257
num_leaves=15
num_cat=0
split_feature=92 245 248 229 245 119 230 244 245 230 245 249 148 248
split_gain=43.4035 49.8554 64.0467 75.4226 75.0064 68.935 65.5504 74.5637 86.4419 143.954 138.202 106.81 113.22 106.512
threshold=70.500000000000014 -0.042981484904885285 0.37878787517547613 78.500000000000014 -0.048693668097257607 61.500000000000007 74.500000000000014 0.033992469310760505 -0.081628073006868349 63.500000000000007 -0.07930975034832953 0.49999998509883886 8.5000000000000018 0.59090909361839306
decision_type=10 2 2 10 2 10 8 2 2 10 2 2 10 2
left_child=1 2 3 -1 -5 -4 7 8 -7 10 -10 13 -13 -12
right_child=-2 -3 5 4 -6 6 -8 -9 9 -11 11 12 -14 -15
leaf_value=0.0059014514132990749 0.0057498189713070802 -0.001851469164653776 -0.0016719215846322413 0.009615982838117541 -0.0098561869773472598 0.0047646366112886959 0.0064576384505914209 -0.0044699703853059731 -0.017405857616371444 -0.016522827512091255 -0.0040624743042337961 -0.01118141449378268 0.026740389171743366 0.0044993898717052101
leaf_weight=3335.3473426252604 1125.6344563812017 11881.27867963165 13231.210745532066 243.62163996696472 592.45383248478174 4454.9245641585439 1920.4219916276634 2214.752897143364 350.64281338453293 467.16903734207153 2363.6811705306172 88.466138526797295 270.70452546328306 2902.1717291250825
leaf_count=14908 5721 51486 58884 1188 2596 25265 10926 13007 1588 2034 10636 392 1318 13072
internal_value=-4.14234e-05 -0.000189783 0.000419282 0.00388464 -0.00413566 -9.33531e-05 0.00129621 0.000535935 0.00155645 -0.000665807 0.000599405 0.00175068 0.0173501 0.000655814
internal_weight=45442.5 44316.8 32435.6 4171.42 836.075 28264.1 15032.9 13112.5 10897.8 6442.84 5975.67 5625.02 359.171 5265.85
internal_count=213021 207300 155814 18692 3784 137122 78238 67312 54305 29040 27006 25418 1710 23708
is_linear=0
shrinkage=0.03


Tree=258
num_leaves=15
num_cat=0
split_feature=238 178 62 230 120 248 246 248 70 230 193 222 231 188
split_gain=46.0406 49.1769 79.4432 62.0566 59.5611 82.375 53.1618 52.4359 49.5368 48.5999 63.7732 77.0591 64.5245 53.6199
threshold=-0.096894696354866014 13.500000000000002 21.500000000000004 29.500000000000004 17.500000000000004 0.73232322931289684 0.003783074789680541 0.3686868697404862 9.5000000000000018 71.500000000000014 81.500000000000014 15.500000000000002 85.500000000000014 17.500000000000004
decision_type=10 8 8 10 8 2 2 2 8 10 10 10 10 8
left_child=9 3 7 -2 5 6 -4 -3 -6 13 11 12 -11 -1
right_child=1 2 4 -5 8 -7 -8 -9 -10 10 -12 -13 -14 -15
leaf_value=-0.0021323874617253653 -0.0065954621473722783 -4.9058420658924439e-05 -0.021884641653282549 0.0029380880484244413 0.0038062192868371599 -0.013699455008945309 0.003481160773735845 0.010032546373822161 -0.0029035083955623797 -0.01704135487824875 0.010387508426888461 0.0038057227554665752 0.012834839530512114 0.0012434643382481011
leaf_weight=5858.6075484212488 2613.3774257004261 857.20516303181648 65.944862887263298 796.04143503308296 1086.7598561570048 274.76292786002159 3908.9284252375364 1002.7855336144567 10312.373804621398 298.42539499700069 1023.7970918491483 1981.075960740447 74.544587016105652 15198.488986894488
leaf_count=27102 11431 3679 272 3375 4686 1152 16789 4463 45382 1355 5712 9378 411 77466
internal_value=-4.38887e-05 -0.00107669 -0.000433765 -0.00436746 -0.00113146 0.00189671 0.00300647 0.00541087 -0.00226105 0.000840348 0.00417528 0.00144101 -0.0108909 0.000303652
internal_weight=45353.1 20918.2 17508.8 3409.42 15648.8 4249.64 3974.87 1859.99 11399.1 24434.9 3377.84 2354.05 372.97 21057.1
internal_count=212653 91229 76423 14806 68281 18213 17061 8142 50068 121424 16856 11144 1766 104568
is_linear=0
shrinkage=0.03


Tree=259
num_leaves=15
num_cat=0
split_feature=231 244 228 224 152 59 244 70 231 230 228 224 224 244
split_gain=38.8462 97.4259 102.753 104.914 82.7008 78.6504 77.4032 74.6127 70.3999 81.1778 89.5829 81.715 93.9737 64.1389
threshold=91.500000000000014 0.0040010181255638608 8.5000000000000018 2.5000000000000004 8.5000000000000018 18.500000000000004 0.04194495081901551 9.5000000000000018 75.500000000000014 33.500000000000007 56.500000000000007 69.500000000000014 35.500000000000007 0.050011685118079192
decision_type=10 2 8 8 10 10 2 8 10 8 10 10 10 2
left_child=7 -2 3 5 -5 13 -4 -1 -9 -10 11 12 -11 -3
right_child=1 2 6 4 -6 -7 -8 8 9 10 -12 -13 -14 -15
leaf_value=0.003059505139796592 0.014462243918887648 -0.0026425806058255029 0.0039132596566886779 0.0038220473022225615 -0.017069184093225179 -0.01007946868003827 -0.0057923720688751665 -0.00094856850060500374 -0.0009835585597827714 0.018048203733581052 0.00081786160237330761 0.025022222760838798 0.00074951456754336664 0.014404536661685011
leaf_weight=7288.0369408875704 289.42762678861618 484.90390092879534 2097.0971074178815 199.33188730850816 1050.6191423907876 582.82929295673966 1129.4978290647268 26420.952907143161 2695.1581051368266 461.04921844601631 1405.8354066610336 304.47202064096928 708.87842105701566 323.55401929840446
leaf_count=34671 1523 2893 10515 1120 5016 3060 5865 118295 13574 2376 6681 1536 3363 2541
internal_value=-2.51579e-05 -0.00223872 -0.00308568 -0.00746156 -0.0137337 -0.00176876 0.000508319 0.000322267 -0.000301975 0.00275835 0.0062511 0.0113913 0.00766183 0.00427251
internal_weight=45441.6 6157.26 5867.83 2641.24 1249.95 1391.29 3226.59 39284.4 31996.3 5575.39 2880.24 1474.4 1169.93 808.458
internal_count=213029 32533 31010 14630 6136 8494 16380 180496 145825 27530 13956 7275 5739 5434
is_linear=0
shrinkage=0.03


Tree=260
num_leaves=15
num_cat=0
split_feature=231 224 243 248 171 53 222 224 231 248 222 230 229 246
split_gain=38.3697 88.2069 89.8573 127.905 116.387 87.5679 80.9587 70.1611 76.2496 184.337 109.844 107.805 102.43 101.922
threshold=91.500000000000014 16.500000000000004 -0.032598815858364098 0.7929292917251588 47.500000000000007 7.5000000000000009 86.500000000000014 32.500000000000007 76.500000000000014 0.58080807328224193 78.500000000000014 9.5000000000000018 22.500000000000004 0.003783074789680541
decision_type=10 10 2 2 10 10 10 8 10 2 10 10 10 2
left_child=7 2 3 -2 5 -5 -3 -1 13 10 11 -10 -11 -9
right_child=1 6 -4 4 -6 -7 -8 8 9 12 -12 -13 -14 -15
leaf_value=0.0018693495759769553 -0.01270258908912745 0.0043803561776659568 0.0033602712941872034 0.0035248674685542775 0.019828676233234328 -0.02050588558537 -0.0080282691744291285 -0.016342453228262811 0.015845162885212666 -0.0093632194557963754 0.0086458149943729641 -0.008064209242770062 0.016827012519361813 -0.0011195897124507998
leaf_weight=16707.65760326013 1747.2104854546487 2222.0987802930176 788.54983766004443 363.35718612000346 220.37049331143498 206.32964071258903 590.85148507356644 394.49371003359556 181.4912335947156 149.022277161479 692.08356069773436 1523.9559876844287 977.08068250864744 18687.595128696412
leaf_count=78501 9445 11564 3828 2322 1440 1002 2902 1655 952 760 3244 6814 5249 83596
internal_value=5.1156e-05 -0.00215267 -0.00545289 -0.00819434 0.0018098 -0.00538221 0.00175476 0.000395742 -0.000693732 0.00335485 -0.00135651 -0.00544227 0.0133092 -0.00144269
internal_weight=45452.1 6138.77 3325.82 2537.27 790.057 569.687 2812.95 39313.4 22605.7 3523.63 2397.53 1705.45 1126.1 19082.1
internal_count=213274 32503 18037 14209 4764 3324 14466 180771 102270 17019 11010 7766 6009 85251
is_linear=0
shrinkage=0.03


Tree=261
num_leaves=15
num_cat=0
split_feature=245 226 119 231 243 226 231 249 121 245 228 222 243 120
split_gain=48.4104 89.2908 76.7031 84.0607 94.4338 108.229 96.5842 152.278 125.469 90.2934 135.916 98.7626 76.852 82.3354
threshold=-0.11046205461025237 54.500000000000007 17.500000000000004 22.500000000000004 -0.081788215786218629 40.500000000000007 98.500000000000014 0.66161617636680614 78.500000000000014 -0.15722699463367459 6.5000000000000009 5.5000000000000009 -0.038252746686339371 79.500000000000014
decision_type=2 10 8 10 2 10 10 2 8 2 10 10 2 10
left_child=1 2 -1 -4 5 6 7 -5 -8 10 -6 -11 -13 -14
right_child=-2 -3 3 4 9 -7 8 -9 -10 11 -12 12 13 -15
leaf_value=-0.020387772518579067 -0.00034417148525234346 0.019091971387099338 -0.014541996123143485 0.010781579590489029 0.018341485954124638 -0.030018691794951913 -0.038055154968085543 -0.033930637001469449 0.00095126385854588645 0.0032051033886237889 -0.0230056173510114 0.028301987304886006 -0.011364029765972361 0.021870805545203952
leaf_weight=123.39747063815594 42143.845360644162 287.9572580717504 219.99637187644839 713.63511507958174 113.24979942105711 101.7759946025908 104.71283091232181 65.990998536348343 208.90930755063891 533.20179970562458 161.71782208234072 417.45893552899361 113.48275747150183 139.00035249069333
leaf_count=547 190749 2214 1436 5105 1012 673 707 353 1932 3236 936 2758 541 973
internal_value=-6.96972e-05 0.00342129 0.00186723 0.00288341 0.00436636 -0.00189958 0.000966539 0.00661516 -0.0128458 0.00941096 -0.00593011 0.012937 0.0205215 0.00706901
internal_weight=45448.3 3304.49 3016.53 2893.13 2673.14 1195.02 1093.25 779.626 313.622 1478.11 274.968 1203.14 669.942 252.483
internal_count=213172 22423 20209 19662 18226 8770 8097 5458 2639 9456 1948 7508 4272 1514
is_linear=0
shrinkage=0.03


Tree=262
num_leaves=15
num_cat=0
split_feature=92 67 63 230 243 243 148 236 243 233 244 224 228 34
split_gain=43.6583 43.042 41.983 49.6158 111.077 99.1231 86.4342 50.8822 49.4693 47.4455 64.0771 59.5637 101.292 84.6425
threshold=61.500000000000007 84.500000000000014 77.500000000000014 1.5000000000000002 -0.049567660316824906 -0.086909119039773927 12.500000000000002 -0.14013101160526273 -0.03945679031312465 45.500000000000007 0.021157245151698593 16.500000000000004 22.500000000000004 16.500000000000004
decision_type=10 10 10 10 2 2 10 2 2 10 2 10 10 10
left_child=1 2 9 4 5 -4 -6 -7 -5 -1 -11 13 -13 -12
right_child=-2 -3 3 8 6 7 -8 -9 -10 10 11 12 -14 -15
leaf_value=-0.0017583911539357871 0.0037256156368354566 -0.0036954676439336139 0.0078433732273085772 0.0065919552899341011 -0.014388643241287628 0.012085267022312657 0.013783755803737779 -0.020999712231817597 0.0012679453260433626 0.0018151767794300094 -0.014624582373885373 0.012490829188746895 -0.002121333870500237 -0.0014485177225881782
leaf_weight=13874.654181394726 2721.5619376040995 2920.2532527558506 168.91986449062824 2136.8176954351366 122.10892522335052 39.446888148784637 378.38068428635597 469.0636038184166 5878.9903909526765 11773.993088910356 701.63915455713868 502.39618283882737 2550.9300110451877 1151.0267069973052
leaf_count=63779 13587 13484 1403 11075 573 370 1884 2296 27053 53235 4153 2537 11663 5968
internal_value=4.87615e-05 -0.00018658 7.20776e-05 0.00184836 -0.00387805 -0.0117238 0.00676307 -0.0182496 0.00269364 -0.000462827 0.000615249 -0.00226232 0.000315887 -0.00649026
internal_weight=45390.2 42668.6 39748.4 9193.73 1177.92 677.43 500.49 508.51 8015.81 30554.6 16680 4905.99 3053.33 1852.67
internal_count=213060 199473 185989 44654 6526 4069 2457 2666 38128 141335 77556 24321 14200 10121
is_linear=0
shrinkage=0.03


Tree=263
num_leaves=15
num_cat=0
split_feature=245 209 171 164 68 244 69 230 222 120 244 79 231 222
split_gain=37.7522 36.7722 48.6935 39.0708 40.5771 66.4487 61.1754 60.3048 84.7112 58.051 57.9578 76.5492 46.6836 44.3971
threshold=-0.25948600471019739 75.500000000000014 20.500000000000004 51.500000000000007 18.500000000000004 0.10799458995461465 52.500000000000007 14.500000000000002 12.500000000000002 42.500000000000007 0.017698930576443676 1.5000000000000002 31.500000000000004 95.500000000000014
decision_type=2 10 10 10 8 2 10 10 10 8 2 10 8 10
left_child=-1 3 -3 4 6 -6 7 8 10 -10 12 -12 -2 -11
right_child=1 2 -4 -5 5 -7 -8 -9 9 13 11 -13 -14 -15
leaf_value=0.023309544381070503 -0.01420841122109847 -0.0075434038874398627 -0.00040448522370759732 0.0011879956654388358 -0.0001071617061093141 0.017188543919752188 -0.011896531278126113 -0.0054227601429030258 -0.01233334003004518 0.010741579834808742 0.010549385113222277 -0.012325244742662595 0.0070070919314175447 -0.015662381546209806
leaf_weight=52.46634816005826 102.97856070846319 1296.3492119070143 2519.7425242960453 19934.333302393556 15868.793300844729 192.467872466892 592.10338606312871 2219.132234800607 115.18077699840069 1030.233227789402 151.70758425816894 738.72275711968541 535.7979998961091 52.04629573225975
leaf_count=883 470 5720 11285 94514 72246 1375 2787 9886 521 5512 992 3918 2660 256
internal_value=3.40906e-06 -2.86874e-05 -0.002843 0.000230513 -0.000653309 0.000110665 -0.00286523 -0.00176219 0.00122594 0.00717047 -0.00344532 -0.00835409 0.00342061 0.00934006
internal_weight=45402.1 45349.6 3816.09 41533.5 21599.2 16061.3 5537.9 4945.8 2726.67 1197.46 1529.21 890.43 638.777 1082.28
internal_count=213025 212142 17005 195137 100623 73621 27002 24215 14329 6289 8040 4910 3130 5768
is_linear=0
shrinkage=0.03


Tree=264
num_leaves=15
num_cat=0
split_feature=228 228 248 59 222 248 56 248 144 238 5 246 137 68
split_gain=47.0409 51.2222 90.6529 58.463 50.5251 95.6928 99.8518 98.3243 106.912 69.2511 62.5843 51.4089 47.4328 39.9946
threshold=99.500000000000014 93.500000000000014 0.57070705294609081 95.500000000000014 76.500000000000014 0.2575757503509522 7.5000000000000009 0.7929292917251588 52.500000000000007 -0.28068861365318293 79.500000000000014 0.042331125587224967 94.500000000000014 17.500000000000004
decision_type=10 10 2 10 10 2 8 2 8 10 8 2 10 10
left_child=1 4 3 -3 9 11 12 8 -8 -1 -10 -6 -7 -11
right_child=-2 2 -4 -5 5 6 7 -9 10 13 -12 -13 -14 -15
leaf_value=0.01000600084606855 0.01800043200330298 -0.007066023470228471 -0.025613276667940912 0.0089678656684519069 -0.0065905834333833497 0.00098380055975233146 0.0014185953926867403 -0.020625206524472077 0.02281371550673824 -0.0017216189020234553 0.0055650239378968588 0.0034515486827453542 -0.026102532554763292 0.00030432391838087304
leaf_weight=578.78692039474845 120.05168393999338 728.69153320789337 173.53247322142124 273.62005171179771 873.0960581600666 145.86754933744669 503.51410897821188 75.084431931376457 737.5794680044055 13022.500291790813 264.06849426031113 945.74867455661297 86.041768975555897 26805.144112747163
leaf_count=5452 600 3215 947 1335 3716 795 2401 365 3478 63396 1329 4331 411 121027
internal_value=-1.6368e-05 -6.81766e-05 -0.0062209 -0.0026436 9.74823e-05 0.00348227 0.00834191 0.0110384 0.0127437 -0.000207468 0.0183663 -0.00137863 -0.00972923 -0.000358367
internal_weight=45333.3 45213.3 1175.84 1002.31 44037.4 3631 1812.16 1580.25 1505.16 40406.4 1001.65 1818.84 231.909 39827.6
internal_count=212798 212198 5497 4550 206701 16826 8779 7573 7208 189875 4807 8047 1206 184423
is_linear=0
shrinkage=0.03


Tree=265
num_leaves=15
num_cat=0
split_feature=171 233 47 140 224 224 238 230 15 245 106 215 67 47
split_gain=50.0193 66.111 61.6584 78.4033 107.564 61.5742 59.1079 54.1376 71.9945 49.8848 49.8514 48.4117 46.7737 40.6716
threshold=27.500000000000004 95.500000000000014 6.5000000000000009 89.500000000000014 4.5000000000000009 1.5000000000000002 -0.075828570872545228 2.5000000000000004 7.5000000000000009 -0.088217630982398973 83.500000000000014 76.500000000000014 81.500000000000014 17.500000000000004
decision_type=8 10 8 10 10 8 10 10 10 2 10 10 10 10
left_child=1 11 3 7 -5 -4 10 8 -2 -6 -3 12 -1 -7
right_child=2 6 5 4 9 13 -8 -9 -10 -11 -12 -13 -14 -15
leaf_value=-0.0010930901942904265 0.0053224906760795734 0.0067163915812539412 0.0091712981051490106 0.012903712445552322 0.00332882767849332 0.0040156053583074586 -0.0088710803281931375 0.0011768942116155375 -0.012092717685557849 -0.026378328929356213 -0.017406490396512781 -0.007253802977237201 -0.0077946229322560252 0.00036626572189786327
leaf_weight=14232.425623230636 294.65021472610533 1714.7156738862395 831.86682243831456 95.96564157307148 58.119844488799572 3212.4251562729478 283.80717507004738 2391.1503533944488 723.67539945244789 306.73061735183001 71.309691525995731 1451.6323471870273 993.97367795556784 18709.231355316937
leaf_count=66986 1811 8779 4744 661 340 16518 1201 11337 3521 1348 348 6356 4502 84480
internal_value=-0.000222608 -0.00140923 0.000613197 -0.00288263 -0.0143596 0.00120883 0.00363595 -0.00129398 -0.00705091 -0.0216835 0.0056617 -0.00203716 -0.00153539 0.000902631
internal_weight=45371.7 18747.9 26623.8 3870.29 460.816 22753.5 2069.83 3409.48 1018.33 364.85 1786.03 16678 15226.4 21921.7
internal_count=212932 88172 124760 19018 2349 105742 10328 16669 5332 1688 9127 77844 71488 100998
is_linear=0
shrinkage=0.03


Tree=266
num_leaves=15
num_cat=0
split_feature=245 231 244 135 244 229 229 245 231 248 231 229 229 229
split_gain=43.37 41.9907 90.6697 71.6081 65.7318 100.439 105.434 62.9326 102.042 141.526 148.563 126.004 124.166 106.345
threshold=-0.20480131357908246 91.500000000000014 0.0040010181255638608 13.500000000000002 0.0019746321486309175 19.500000000000004 22.500000000000004 -0.075403515249490724 76.500000000000014 0.60101011395454418 68.500000000000014 32.500000000000007 27.500000000000004 45.500000000000007
decision_type=2 10 2 8 2 8 8 2 10 2 10 8 10 8
left_child=-1 4 -3 -4 5 -2 -7 8 9 10 11 -6 -10 -13
right_child=1 2 3 -5 7 6 -8 -9 12 -11 -12 13 -14 -15
leaf_value=0.014290230160302456 0.0034956617827382676 0.01395004137663166 -0.0088898826686865818 -0.0012344082072287339 0.017839680982767333 -0.03956337121050614 -0.0081378416329265079 -0.00015260759626052495 0.003514071702640946 -0.0011711779204934968 -0.030248655065600229 -0.010951298997078812 0.021029978216693935 0.0096795234026618229
leaf_weight=180.23830567486584 635.94922381639481 280.76060033589602 1478.1702623963356 4228.4601721167564 912.69678725302219 100.0982833057642 841.63799517601728 28469.606200098991 1072.0901836976409 5646.5959870293736 77.102230653166771 341.62847884744406 545.73726266250014 614.69683193042874
leaf_count=2633 2862 1504 7575 21379 5321 426 3624 125109 6633 26673 437 1668 3441 3895
internal_value=-3.84813e-06 -6.39349e-05 -0.00240197 -0.00322946 0.00029317 -0.00568648 -0.0118587 0.000544982 0.00269905 0.001236 0.00819062 0.00992889 0.00951556 0.0022725
internal_weight=45425.5 45245.2 5987.39 5706.63 39257.8 1577.69 941.736 37680.2 9210.55 7592.72 1946.12 1869.02 1617.83 956.325
internal_count=213180 210547 30458 28954 180089 6912 4050 173177 48068 37994 11321 10884 10074 5563
is_linear=0
shrinkage=0.03


Tree=267
num_leaves=15
num_cat=0
split_feature=69 10 222 224 228 226 248 230 230 224 244 248 228 140
split_gain=35.6084 55.7971 61.639 58.459 54.4947 88.9986 57.2187 49.9318 48.6725 50.4755 48.9942 47.8837 75.323 47.7222
threshold=6.5000000000000009 82.500000000000014 28.500000000000004 37.500000000000007 5.5000000000000009 12.500000000000002 0.92424240708351146 35.500000000000007 1.5000000000000002 9.5000000000000018 0.0019746321486309175 0.33838383853435522 11.500000000000002 30.500000000000004
decision_type=8 10 10 10 10 10 2 8 8 10 2 2 10 10
left_child=1 2 3 4 6 -6 -1 -5 -7 -10 -11 -4 -13 -2
right_child=13 -3 11 7 5 8 -8 -9 9 10 -12 12 -14 -15
leaf_value=-0.0023106455611018083 -0.0016970327124650342 -0.0045546745610690253 0.0016254114034513442 -0.014813230264351588 0.016829914747518812 -0.024577768409274177 0.023876510893382615 0.00028576415618784899 0.015112178944984924 -0.024319012033542305 0.0021043997146227306 -0.016538710318169794 0.013293017810146548 0.00048181432135734731
leaf_weight=1735.9080147277564 14921.068391146138 1035.0404860638082 780.49973645061255 342.34993299096823 498.72942992672324 48.662374496459961 68.491171106696129 446.57797452807426 255.58273358643055 57.004450812935829 1090.866852261126 73.552634380757809 1076.7573386244476 22949.767788805068
leaf_count=9494 69088 4737 3389 1599 2631 218 598 2079 1158 246 4827 408 5103 107554
internal_value=-2.53167e-06 0.00188314 0.00291767 0.00100386 0.00256576 0.00602842 -0.00119052 -0.00636975 0.00222891 0.00332569 0.000593487 0.00739347 0.0112594 -0.00037687
internal_weight=45380.9 7510.02 6474.98 4544.17 3755.25 1950.85 1804.4 788.928 1452.12 1403.45 1147.87 1930.81 1150.31 37870.8
internal_count=213129 36487 31750 22850 19172 9080 10092 3678 6449 6231 5073 8900 5511 176642
is_linear=0
shrinkage=0.03


Tree=268
num_leaves=15
num_cat=0
split_feature=171 80 28 224 120 139 148 56 108 224 230 144 224 230
split_gain=45.1058 60.0536 73.1492 76.9378 58.4579 80.5409 53.5697 50.22 56.4479 58.7407 96.3413 73.1004 66.8947 63.3335
threshold=27.500000000000004 10.500000000000002 11.500000000000002 71.500000000000014 17.500000000000004 44.500000000000007 89.500000000000014 36.500000000000007 8.5000000000000018 6.5000000000000009 10.500000000000002 68.500000000000014 35.500000000000007 67.500000000000014
decision_type=8 8 8 10 8 10 10 10 10 10 10 10 8 10
left_child=7 -2 3 -3 6 -6 -4 8 -1 10 -10 -12 13 -11
right_child=1 2 4 -5 5 -7 -8 -9 9 12 11 -13 -14 -15
leaf_value=-0.0029030327244508394 0.0045092811834799712 -0.0063840474108902276 0.0022314704038402062 0.012146317870082701 0.0023482099113428146 -0.0018736448102578025 0.010451918705102132 -0.0034203376324853456 0.00086876336613090927 0.0038606862463342051 -0.0037926875081996099 -0.027609850273714188 -0.0011068700257969319 0.018798903315977274
leaf_weight=4218.1684328205884 3464.9778698254377 2171.7293219398707 3427.6974768340588 212.9682153314352 7408.2162321694195 8991.6785952821374 893.98946966230869 5751.7650809697807 1128.0537484511733 4078.3352846689522 246.15966718643904 215.77063156664371 2839.8386157900095 263.63316565752029
leaf_count=21572 17980 10361 14870 1046 35762 40476 4034 25652 6129 18867 1055 937 12775 1169
internal_value=3.7467e-05 0.000832269 0.000279158 -0.00468536 0.000852474 3.37346e-05 0.00395217 -0.00108921 -5.51891e-05 0.00131602 -0.00388524 -0.0152671 0.00247134 0.00480881
internal_weight=45313 26571.3 23106.3 2384.7 20721.6 16399.9 4321.69 18741.7 12990 8771.79 1589.98 461.93 7181.81 4341.97
internal_count=212685 124529 106549 11407 95142 76238 18904 88156 62504 40932 8121 1992 32811 20036
is_linear=0
shrinkage=0.03


Tree=269
num_leaves=15
num_cat=0
split_feature=138 237 226 226 248 243 226 248 243 248 224 246 226 243
split_gain=44.1291 56.732 50.176 136.26 113.342 114.468 112.137 110.703 99.191 96.5919 138.701 225.537 124.367 196.502
threshold=80.500000000000014 0.15967628359794619 43.500000000000007 49.500000000000007 0.82323232293128978 -0.072106722742319093 77.500000000000014 0.69191917777061474 -0.05779008008539676 0.59090909361839306 14.500000000000002 0.021894632838666443 9.5000000000000018 -0.06534839421510695
decision_type=8 2 10 10 2 2 10 2 2 2 10 2 10 2
left_child=2 -2 7 -4 5 6 -5 9 -6 -1 12 -12 -11 -14
right_child=1 -3 3 4 8 -7 -8 -9 -10 10 11 -13 13 -15
leaf_value=-0.00042027025467569718 -0.0032404692085258851 0.005781258145199154 0.0080945403562716796 -0.020068921020191637 0.029295495419424944 0.00036050724366697699 0.02582580445244476 -0.003625907545108842 0.0049037113499493358 0.0075239096078269958 0.0011141753861896265 0.023306505908604114 -0.030993657778201924 0.00063278760648875288
leaf_weight=11119.526402425021 5934.2164766155183 692.14338191226125 2456.1449129506946 400.66376166045666 201.00564981997013 13468.958916764706 45.572071306407452 7242.5661999471486 538.33435419946909 817.85187010467052 877.93694706261158 768.60726043581963 242.5216178484261 588.42999428510666
leaf_count=51635 28123 4019 10795 1791 1274 60385 289 36164 2688 4531 4026 3872 1176 2516
internal_value=-3.02838e-05 -0.00229083 0.000356587 0.00157036 0.000472109 -0.000139827 -0.0149186 -0.000602647 0.0118376 0.000917812 0.00542053 0.0115517 -0.000734992 -0.0088565
internal_weight=45394.5 6626.36 38768.1 17110.7 14654.5 13915.2 446.236 21657.4 739.34 14414.9 3295.35 1646.54 1648.8 830.952
internal_count=213284 32142 181142 77222 66427 62465 2080 103920 3962 67756 16121 7898 8223 3692
is_linear=0
shrinkage=0.03


Tree=270
num_leaves=15
num_cat=0
split_feature=240 226 226 229 224 58 228 248 224 226 224 224 245 241
split_gain=39.9661 35.3559 38.7225 89.3813 70.4754 64.7983 65.5107 99.1499 80.7767 72.3314 108.025 82.2004 79.8057 70.3113
threshold=0.082893166691064848 99.500000000000014 81.500000000000014 60.500000000000007 62.500000000000007 15.500000000000002 61.500000000000007 0.49999998509883886 56.500000000000007 91.500000000000014 68.500000000000014 84.500000000000014 -0.048416420817375176 -0.89226132631301869
decision_type=8 10 10 8 10 10 10 2 10 10 10 10 2 10
left_child=1 2 -1 4 -4 -5 8 -8 -7 10 -10 -11 -12 -9
right_child=-2 -3 3 5 -6 6 7 13 9 11 12 -13 -14 -15
leaf_value=-0.00032337282281194146 0.0090493724377314899 -0.0070214559282789349 0.0064893013330871423 0.011421919839788051 0.027706069334988693 0.0011267931048734099 -0.00053436817511048429 0.016214930348369395 -0.032049807298426047 0.0040532314810721023 0.017491601023310332 -0.022895735407325573 -0.018654429627025841 -0.015242206130299066
leaf_weight=37558.844572680071 428.77662602812052 635.10726444795728 1150.336864836514 434.80244952440262 152.78435119241476 1030.4203541688621 2386.2720176056027 561.07655017077923 254.88167240470648 381.87625081837177 88.545598648488522 127.87242310494184 114.63070280849934 64.086246371269226
leaf_count=175436 2546 3025 5147 2310 678 4956 10857 3320 1112 1824 444 612 486 310
internal_value=3.91437e-05 -4.88148e-05 5.26959e-05 0.00214337 0.00916891 0.0004481 -0.000525205 0.00226721 -0.00472386 -0.0109009 -0.019422 -0.00301747 -0.00282017 0.012801
internal_weight=45370.3 44941.5 44306.4 6747.59 1303.12 5444.46 5009.66 3011.43 1998.23 967.807 458.058 509.749 203.176 625.163
internal_count=213063 210517 207492 32056 5825 26231 23921 14487 9434 4478 2042 2436 930 3630
is_linear=0
shrinkage=0.03


Tree=271
num_leaves=15
num_cat=0
split_feature=233 246 69 248 231 231 24 222 230 230 248 46 246 226
split_gain=39.7876 78.0671 57.0186 75.0083 67.4142 80.3716 62.4553 57.7149 55.896 78.9869 160.06 89.0554 74.6107 58.6862
threshold=45.500000000000007 0.050299776718020446 8.5000000000000018 0.76262626051902782 87.500000000000014 37.500000000000007 1.0000000180025095e-35 6.5000000000000009 24.500000000000004 15.500000000000002 0.76262626051902782 17.500000000000004 0.0064617125317454347 51.500000000000007
decision_type=10 2 10 2 10 10 8 10 10 10 2 10 2 10
left_child=1 -1 3 6 5 -5 -2 -6 9 -4 11 -11 -10 -12
right_child=2 -3 8 4 7 -7 -8 -9 12 10 13 -13 -14 -15
leaf_value=-0.0018185167309685574 -0.0081434416776026679 0.0025742819443551825 1.9560833332354469e-05 -0.0021258609685653475 0.0065167639839184442 0.019554901589886785 0.0031320338080923346 -0.018892114198773641 0.011985274201272277 -0.011285952783671855 -0.025304063915372533 0.0030030637897684107 0.0010095480147351424 0.0061904320584129377
leaf_weight=17298.506977211684 503.33854306489229 4601.718643039465 6554.788551453501 196.5950380936265 288.43993102386594 669.14324286021292 3187.0412739105523 100.1551863476634 583.85992077365518 603.68610057234764 428.27629509568214 1081.1474950239062 9134.970034301281 56.644821025431156
leaf_count=77922 2887 24378 33069 890 1798 3575 14953 525 2531 2745 1879 4764 40602 255
internal_value=2.39645e-05 -0.00089474 0.000884239 0.0037415 0.0100489 0.0146635 0.0015763 -0.000341705 0.000116587 -0.00162555 -0.00657269 -0.00215316 0.00168056 -0.0215744
internal_weight=45288.3 21900.2 23388.1 4944.71 1254.33 865.738 3690.38 388.595 18443.4 8724.54 2169.75 1684.83 9718.83 484.921
internal_count=212773 102300 110473 24628 6788 4465 17840 2323 85845 42712 9643 7509 43133 2134
is_linear=0
shrinkage=0.03


Tree=272
num_leaves=15
num_cat=0
split_feature=245 147 140 178 244 222 248 244 244 245 93 76 230 230
split_gain=40.1241 38.0597 40.5758 81.4405 73.1546 65.2495 92.8988 105.484 85.2952 113.165 102.728 73.3475 72.6053 133.625
threshold=-0.25948600471019739 94.500000000000014 30.500000000000004 53.500000000000007 0.012288554571568968 3.5000000000000004 0.7525252401828767 0.089284386485815062 0.0054411219898611316 -0.099373251199722276 19.500000000000004 72.500000000000014 11.500000000000002 24.500000000000004
decision_type=2 10 10 10 2 10 2 2 2 2 10 8 8 8
left_child=-1 2 3 5 -4 6 7 -2 10 -10 -8 -12 -7 -14
right_child=1 -3 4 -5 -6 12 8 -9 9 -11 11 -13 13 -15
leaf_value=0.024396744564140305 -0.011160132597694682 -0.0032948297875508106 0.0029944486739742421 -0.0056776693275344481 -0.00040422753962504875 0.0039677791825022783 0.029792651063873632 0.0160865082527798 0.0079099860470900705 -0.013553814820442817 -0.024385347932312069 0.02058806228933446 -0.0066590616161165718 0.0015062539891135462
leaf_weight=50.543989418074489 1481.7980291731656 3011.5718145370483 9833.8003366217017 2678.8343001902103 13535.015893138945 4420.551491882652 176.2872905805707 131.12820072472095 447.19653205014765 418.56804721057415 67.840703755617142 46.672144617885351 2467.7683088332415 6622.3270072452724
leaf_count=897 7766 13812 44578 11254 65535 21706 1006 1085 2785 1843 303 263 10795 29597
internal_value=-9.37525e-06 -4.19567e-05 0.000190205 -0.000840775 0.00102663 -4.18855e-05 -0.00422816 -0.00885955 0.00225129 -0.00250331 0.0160192 -0.00587412 0.000818734 -0.000715338
internal_weight=45389.9 45339.4 42327.8 18959 23368.8 16280.1 2769.49 1612.93 1156.56 865.765 290.8 114.513 13510.6 9090.1
internal_count=213225 212328 198516 88403 110113 77149 15051 8851 6200 4628 1572 566 62098 40392
is_linear=0
shrinkage=0.03


Tree=273
num_leaves=15
num_cat=0
split_feature=194 29 230 193 226 189 47 127 7 51 151 230 245 151
split_gain=44.7708 61.8656 53.4234 61.5312 53.0564 48.8457 45.7253 43.402 43.0292 53.3116 42.2305 46.4553 74.651 65.4034
threshold=30.500000000000004 99.500000000000014 3.5000000000000004 18.500000000000004 7.5000000000000009 68.500000000000014 17.500000000000004 1.5000000000000002 5.5000000000000009 12.500000000000002 62.500000000000007 24.500000000000004 -0.076486464589834199 3.5000000000000004
decision_type=10 8 8 10 10 10 10 10 10 10 10 10 2 8
left_child=2 7 3 4 8 10 -7 -2 -1 -10 11 13 -13 -4
right_child=1 -3 5 -5 -6 6 -8 -9 9 -11 -12 12 -14 -15
leaf_value=0.010539389511930551 -0.0070630966053525472 0.0087233648871582886 -0.013310133600416768 0.0095066648366244535 -0.0068082206676670157 0.0075881348262270866 0.0012558849309162298 -0.00072857012341128336 -0.0082946536610082281 0.0061777388400415445 -0.0035390408653443741 0.0071681622048103801 0.00020317129385086544 -0.00083919905321570777
leaf_weight=572.49015738256276 1012.0245430711657 591.86689376831055 412.32932320982218 1360.4595323465765 529.87255799025297 1434.2064073309302 3565.3887877315283 20599.190895102918 384.01839905418456 537.2381089143455 2964.060822147876 1794.2748296894133 5962.0041204690933 3662.6073154844344
leaf_count=4121 5094 3477 1919 7704 2734 7279 16295 94023 1961 2770 13557 8752 25555 17982
internal_value=0.000198009 -0.000764576 0.00112 0.00459756 0.00126669 0.000523465 0.0030839 -0.00102834 0.00415731 0.000120749 -0.000343253 0.000459697 0.00182155 -0.00213059
internal_weight=45382 22203.1 23179 3384.08 2023.62 19794.9 4999.6 21611.2 1493.75 921.257 14795.3 11831.2 7756.28 4074.94
internal_count=213223 102594 110629 19290 11586 91339 23574 99117 8852 4731 67765 54208 34307 19901
is_linear=0
shrinkage=0.03


Tree=274
num_leaves=15
num_cat=0
split_feature=57 249 230 222 151 137 52 243 76 222 229 140 67 230
split_gain=37.3459 52.9379 115.594 69.5089 56.0023 48.5337 90.5302 54.9734 46.1544 45.6393 50.2095 44.6421 46.7582 43.93
threshold=70.500000000000014 0.85353535413742077 30.500000000000004 16.500000000000004 75.500000000000014 90.500000000000014 33.500000000000007 -0.029397719539701935 96.500000000000014 41.500000000000007 3.5000000000000004 4.5000000000000009 85.500000000000014 44.500000000000007
decision_type=8 2 8 10 10 8 8 2 10 10 10 10 10 10
left_child=5 3 -3 4 -2 8 9 -8 11 10 -7 -1 -13 -6
right_child=1 2 -4 -5 13 6 7 -9 -10 -11 -12 12 -14 -15
leaf_value=-0.0036895918226555156 -0.00037815105922495384 0.018941742955682912 -0.011914817469643846 0.0027625068792680868 -0.0059459537844324412 0.0016178587727958362 0.0047708494024606193 -0.0047151061535840155 0.0069813799788160527 -0.0028811080591103423 -0.028778818059812524 0.00043711238216723435 -0.0059448780949620736 -0.026179870573360801
leaf_weight=3070.7469302713871 5029.9627215340734 388.15879321098328 142.79132412001491 8334.1838728636503 632.25587661191821 59.484991133213043 778.01428038626909 1813.3353490903974 798.99557563476264 157.92827588319778 240.67633156478405 22778.640960767865 1072.2826188541949 106.48048904538155
leaf_count=14115 26394 2691 686 39130 3122 533 4331 8612 4007 771 1107 102693 4671 482
internal_value=0.000118535 0.00136563 0.0105765 0.00101161 -0.00151836 -0.000474817 -0.00406064 -0.0018597 -7.90329e-05 -0.0162054 -0.022897 -0.00029109 0.000147822 -0.00917315
internal_weight=45403.9 14633.8 530.95 14102.9 5768.7 30770.1 3049.44 2591.35 27720.7 458.09 300.161 26921.7 23850.9 738.736
internal_count=213345 72505 3377 69128 29998 140840 15354 12943 125486 2411 1640 121479 107364 3604
is_linear=0
shrinkage=0.03


Tree=275
num_leaves=15
num_cat=0
split_feature=226 230 118 222 122 63 231 231 243 226 226 147 231 244
split_gain=38.1872 52.7708 91.433 103.517 100.418 73.6736 126.411 100.305 61.5886 60.7457 71.3155 61.3667 55.9452 104.162
threshold=99.500000000000014 72.500000000000014 72.500000000000014 19.500000000000004 78.500000000000014 55.500000000000007 26.500000000000004 41.500000000000007 -0.044469418004155152 52.500000000000007 90.500000000000014 38.500000000000007 91.500000000000014 0.0040010181255638608
decision_type=10 8 10 8 8 8 10 10 2 8 10 10 10 2
left_child=1 12 3 4 -3 6 8 -8 -5 -4 11 -11 -1 -14
right_child=-2 2 9 5 -6 -7 7 -9 -10 10 -12 -13 13 -15
leaf_value=4.4921823170150356e-05 -0.0071281771103810709 -0.016937744491276517 -0.010532496754953396 0.033698077892517615 0.0043758407674344465 -0.0021419225399150615 -0.01146442853345654 0.0044251959499107488 0.010467392661654048 0.017789608960159329 0.0013587248476701294 0.0066675110209863794 0.014360768132351265 -0.0044493585683278887
leaf_weight=29547.846324125305 656.08414622396231 575.8556764498353 188.47667322307825 110.64334060996771 296.00160834565759 2728.5767878815532 485.79977597296238 1272.289890781045 864.31021349877119 633.80260548740625 1434.2125090323389 1535.7197856381536 271.14363605901599 4690.8313973285258
leaf_count=134584 3126 2573 979 517 1399 13602 2050 5620 3733 3313 7791 7655 1447 24503
internal_value=1.9901e-06 0.000108367 0.00201156 -0.000195848 -0.00973407 0.00134178 0.00481491 -5.47318e-06 0.0134191 0.00568904 0.00656423 0.00998343 -0.000450479 -0.00339468
internal_weight=45291.6 44635.5 10125.7 6333.48 871.857 5461.62 2733.04 1758.09 974.954 3792.21 3603.73 2169.52 34509.8 4961.98
internal_count=212892 209766 49232 29494 3972 25522 11920 7670 4250 19738 18759 10968 160534 25950
is_linear=0
shrinkage=0.03


Tree=276
num_leaves=15
num_cat=0
split_feature=248 248 234 91 222 229 75 142 248 62 152 119 88 248
split_gain=32.8544 70.8723 32.7631 45.3222 51.9611 72.9375 44.6947 49.7657 80.607 55.1568 38.0109 36.123 67.4343 36.9209
threshold=0.95454546809196483 0.93434342741966259 83.500000000000014 76.500000000000014 36.500000000000007 54.500000000000007 77.500000000000014 39.500000000000007 0.88383838534355175 1.5000000000000002 38.500000000000007 42.500000000000007 18.500000000000004 0.7929292917251588
decision_type=2 2 10 10 8 8 10 10 2 8 10 10 10 2
left_child=1 2 3 6 -5 -6 -1 8 9 -8 -11 12 13 -9
right_child=-2 -3 -4 4 5 -7 7 11 -10 10 -12 -13 -14 -15
leaf_value=-0.00058973518934102623 -0.016537321919640271 0.024772467748320568 0.0023480840440927159 -0.0065729332930526095 0.0095896273877901159 -0.0054876871867598044 -0.0067721729952300762 -0.016021576500526914 -0.016286967295971566 0.0085416186476955855 0.0011787222092390049 0.0010773269173022404 0.0048211291709685722 0.0021053487890599146
leaf_weight=27557.646700266749 97.504679068922997 94.262883268296719 4808.4165922813118 2031.1737825274467 521.16798710823059 623.17472321912646 296.1888096742332 424.87336367368698 150.94748448953032 2372.9149383045733 863.16630451381207 5039.122411807999 350.03141020983458 128.97419452667236
leaf_count=126096 538 704 23825 9794 2415 2857 1435 1841 692 10530 3820 26420 1655 588
internal_value=2.7613e-05 6.69426e-05 9.91155e-06 -0.000269171 -0.00370347 0.00140256 2.50363e-05 0.00178377 0.00451862 0.0054512 0.00658738 8.40829e-05 -0.00540445 -0.0118379
internal_weight=45359.6 45262.1 45167.8 40359.4 3175.52 1144.34 37183.9 9626.22 3683.22 3532.27 3236.08 5943 903.879 553.848
internal_count=213210 212672 211968 188143 15066 5272 173077 46981 16477 15785 14350 30504 4084 2429
is_linear=0
shrinkage=0.03


Tree=277
num_leaves=15
num_cat=0
split_feature=226 12 229 245 226 229 122 224 249 146 119 245 10 249
split_gain=45.8725 64.2353 41.8408 37.5841 37.5003 95.1836 87.6291 72.4234 60.7643 59.871 75.733 56.508 149.777 152.179
threshold=99.500000000000014 5.5000000000000009 94.500000000000014 -0.20480131357908246 81.500000000000014 60.500000000000007 47.500000000000007 62.500000000000007 1.0000000180025095e-35 30.500000000000004 78.500000000000014 -0.056773714721202843 80.500000000000014 0.04545454494655133
decision_type=10 10 10 2 10 10 10 10 2 10 10 2 8 2
left_child=3 -2 -3 -1 -5 7 9 11 -8 -7 -11 12 -6 -14
right_child=1 2 -4 4 5 6 8 -9 -10 10 -12 -13 13 -15
leaf_value=0.013477173472476314 -0.027730479417689937 -0.012277544678320066 0.0040365290139124342 -0.00036567019471147054 0.022715699487920342 -0.00045193093160859991 -0.020666510259745609 0.027974063445812845 0.0027415038318421995 -0.019242174711902569 0.01102644888100161 -0.00099012149710183892 -0.023767924473256697 0.024739464574540983
leaf_weight=177.16594886779785 110.16702387481928 250.24326299130917 302.16446625441313 37605.711789544672 425.10286784917116 569.83860128372908 92.265014797449112 154.12338251620531 4301.578898858279 445.67208839952946 82.109927646815777 505.66611139476299 154.16306891292334 80.636226005852222
leaf_count=2622 539 1101 1500 174498 1965 2434 387 688 21402 1937 416 2155 677 431
internal_value=-5.52915e-05 -0.00783166 -0.00344072 6.19791e-05 5.44826e-06 0.002052 0.000307595 0.00925385 0.00220415 -0.0072358 -0.0144156 0.00656157 0.0122766 -0.00677912
internal_weight=45256.6 662.575 552.408 44594 44416.9 6811.16 5491.46 1319.69 4393.84 1097.62 527.782 1165.57 659.902 234.799
internal_count=212752 3140 2601 209612 206990 32492 26576 5916 21789 4787 2353 5228 3073 1108
is_linear=0
shrinkage=0.03


Tree=278
num_leaves=15
num_cat=0
split_feature=184 138 230 229 230 224 228 229 242 224 230 226 226 230
split_gain=34.5549 53.8857 58.4225 58.6665 58.8743 57.0778 62.8308 119.904 75.1909 55.2373 85.3185 77.7376 99.9857 92.0769
threshold=77.500000000000014 80.500000000000014 80.500000000000014 81.500000000000014 69.500000000000014 82.500000000000014 63.500000000000007 62.500000000000007 0.031019097194075588 32.500000000000007 29.500000000000004 55.500000000000007 46.500000000000007 14.500000000000002
decision_type=10 8 8 10 10 10 10 10 10 10 10 10 10 10
left_child=1 2 3 5 -5 9 7 -7 -8 -1 11 12 13 -11
right_child=-2 -3 -4 4 -6 6 8 -9 -10 10 -12 -13 -14 -15
leaf_value=0.00067084602835387904 0.001788766003156834 -0.0032864904893059135 0.0034148436273299361 -0.019656217642234748 0.0007541087756763545 0.0099590885779765725 0.024539099353712745 -0.023059065955598354 -0.002756451673828042 -0.00065509572134391577 -0.00034131952350443298 -0.023646325079640849 0.014986357358933132 -0.011612448731596583
leaf_weight=15984.29765226692 8551.4132494423538 4803.6622032560408 4192.3791160881519 271.26490464061499 230.89830243587494 304.2387640401721 272.90997314453125 134.50767317414284 131.02919532358646 1306.9758646413684 7276.0579480528831 205.81984477490187 201.33563460409641 1455.6159476339817
leaf_count=75323 42482 23418 20298 1160 1035 1462 1159 579 582 5976 31620 879 900 6221
internal_value=7.22062e-05 -0.000327372 0.000118177 -0.000380476 -0.0104399 -0.000191496 0.00744816 -0.000451659 0.0158323 -0.000437801 -0.00213328 -0.00623267 -0.004948 -0.00644961
internal_weight=45322.4 36771 31967.3 27775 502.163 27272.8 842.686 438.746 403.939 26430.1 10445.8 3169.75 2963.93 2762.59
internal_count=213094 170612 147194 126896 2195 124701 3782 2041 1741 120919 45596 13976 13097 12197
is_linear=0
shrinkage=0.03


Tree=279
num_leaves=15
num_cat=0
split_feature=245 248 243 248 143 230 92 148 248 222 70 177 248 146
split_gain=39.4562 105.645 123.554 112.663 169.139 99.402 84.2167 84.0263 81.3337 141.354 167.443 106.763 90.4466 79.284
threshold=-0.099373251199722276 0.80303028225898754 -0.070814665406942354 0.84343436360359203 49.500000000000007 2.5000000000000004 29.500000000000004 2.5000000000000004 0.71212121844291698 40.500000000000007 72.500000000000014 69.500000000000014 0.76262626051902782 64.500000000000014
decision_type=2 2 2 2 8 8 10 10 2 8 10 10 2 8
left_child=1 -1 -3 -4 5 -5 -7 -6 -2 11 13 -10 -12 -11
right_child=8 2 3 4 7 6 -8 -9 9 10 12 -13 -14 -15
leaf_value=-0.0012824955991659417 0.00023556552639081714 0.021640686520771592 0.014639245835845121 0.014770599766614668 -0.011616291077106208 -0.032428619740684589 0.0031351215910209789 0.012085729395985786 -0.0063184866172216877 0.029138040936213742 0.01050182161217829 0.0066297259164110134 -0.025387292710381926 0.0073359245812599028
leaf_weight=2904.6632125675678 33418.484027691185 431.88233659975231 561.96329559385777 64.458698589354753 166.13233495131135 246.73661009967327 76.010477848351002 575.48265250399709 5446.7788831740618 241.45115926861763 92.670093432068825 632.20837364345789 162.46944779157639 396.5534748211503
leaf_count=18673 149991 3603 2956 433 951 1090 346 3798 24155 1131 469 3122 738 2113
internal_value=-6.74885e-05 0.00243612 0.00750683 0.00379056 -0.00169138 -0.0175127 -0.0242105 0.00669223 -0.000379633 -0.00332448 0.00776059 -0.00496321 -0.0124474 0.0159092
internal_weight=45417.9 5027.33 2122.67 1690.78 1128.82 387.206 322.747 741.615 40390.6 6972.13 893.144 6078.99 255.14 638.005
internal_count=213569 31850 13177 9574 6618 1869 1436 4749 181719 31728 4451 27277 1207 3244
is_linear=0
shrinkage=0.03


Tree=280
num_leaves=15
num_cat=0
split_feature=141 147 189 75 230 231 249 243 243 71 249 249 230 249
split_gain=42.1067 37.778 37.5599 62.1382 50.6774 85.9238 65.6468 70.3708 72.2068 67.9177 63.8789 74.289 52.6761 89.8176
threshold=1.5000000000000002 97.500000000000014 53.500000000000007 41.500000000000007 3.5000000000000004 77.500000000000014 0.83333334326744091 -0.031205425970256325 -0.075368754565715776 8.5000000000000018 0.19696969538927081 0.015151515137404205 69.500000000000014 0.90404042601585399
decision_type=8 10 10 8 8 10 2 2 2 10 2 2 10 2
left_child=-1 2 4 -4 5 10 7 8 -7 -10 11 -2 13 -6
right_child=1 -3 3 -5 12 6 -8 -9 9 -11 -12 -13 -14 -15
leaf_value=0.010059256467612894 0.017664507188271329 -0.0045672223213053002 -0.00084388032601841222 0.0027097028809674813 -0.0018453220400577268 0.0033696583827197354 0.014976758943552881 0.010387694806516584 -0.023738958398662673 -0.0053660634035201295 0.018260971357102848 0.00027241533539088187 0.0012130878746788351 -0.024452659120729279
leaf_weight=358.94669626653194 277.47876318544149 1643.751569468528 8060.2232463173568 9809.0849423427135 16237.015786077827 364.03930591419339 166.89272010698915 229.05044266209006 296.7866199798882 461.4611219316721 380.9412077460438 957.76218923926353 6019.2970871403813 149.80313612520695
leaf_count=1592 1398 7495 37001 48849 72886 2569 1248 1166 1438 2277 2291 4654 28006 679
internal_value=-3.4318e-05 -0.000116949 5.25776e-05 0.00110723 -0.000685449 0.0028816 -0.00223778 -0.0044582 -0.00755312 -0.0127728 0.00767489 0.00428978 -0.00118551 -0.00206678
internal_weight=45412.5 45053.6 43409.8 17869.3 25540.5 3134.41 1518.23 1351.34 1122.29 758.248 1616.18 1235.24 22406.1 16386.8
internal_count=213549 211957 204462 85850 118612 17041 8698 7450 6284 3715 8343 6052 101571 73565
is_linear=0
shrinkage=0.03


Tree=281
num_leaves=15
num_cat=0
split_feature=194 195 140 190 230 231 106 52 244 175 230 222 244 231
split_gain=34.0151 53.3422 62.9572 53.5291 62.1838 52.5193 55.418 59.4142 49.0626 42.6375 40.0816 55.4749 74.6622 61.6486
threshold=23.500000000000004 37.500000000000007 19.500000000000004 1.5000000000000002 25.500000000000004 82.500000000000014 54.500000000000007 79.500000000000014 0.085841022431850447 45.500000000000007 10.500000000000002 4.5000000000000009 0.0083768847398459929 95.500000000000014
decision_type=8 10 10 10 8 10 8 8 2 10 8 10 2 10
left_child=-1 2 8 4 -4 6 7 -3 10 -9 11 12 -2 -13
right_child=1 5 3 -5 -6 -7 -8 9 -10 -11 -12 13 -14 -15
leaf_value=0.0014862168061668944 0.0056615561334667774 0.0022208667987034477 -0.012300689036322917 0.00038752407497387833 0.0024906808023250951 -0.0023146367779920589 0.0065928939766022304 -0.0091905349728520908 0.014429772460907615 0.00018114821785557227 -0.0058061196456364369 0.0049980113490992141 -0.014631131959158083 -0.016561739558539419
leaf_weight=11719.698279893026 245.86669699288905 7189.3694177065045 652.57880981080234 11776.707474533468 411.93191519007087 3283.3358407560736 1939.4612352568656 764.78054578974843 120.44508501887321 1001.059446208179 4350.6391929723322 1205.6811419054866 450.84986900910735 122.58250141888857
leaf_count=56167 1304 32279 3444 53992 1856 16897 9339 3532 1026 4603 19701 5774 2343 622
internal_value=9.57505e-05 -0.000390769 -0.00141527 -0.000196997 -0.00660699 0.00100656 0.00200867 0.00100961 -0.00381952 -0.0039066 -0.00418634 -0.000694828 -0.00749119 0.00289942
internal_weight=45235 33515.3 19337.3 12841.2 1064.51 14178 10894.7 8955.21 6496.06 1765.84 6375.62 2024.98 696.717 1328.26
internal_count=212879 156712 90062 59292 5300 66650 49753 40414 30770 8135 29744 10043 3647 6396
is_linear=0
shrinkage=0.03


Tree=282
num_leaves=15
num_cat=0
split_feature=243 176 245 183 245 98 165 245 77 142 245 121 138 236
split_gain=46.7276 54.4685 61.631 38.7844 38.6907 37.4971 49.4302 46.6713 44.8484 45.3144 47.0595 47.8298 42.635 41.8457
threshold=-0.008629474323242901 14.500000000000002 -0.05376318842172622 56.500000000000007 -0.019505875185132023 43.500000000000007 15.500000000000002 -0.20480131357908246 1.5000000000000002 64.500000000000014 -0.071742944419383989 70.500000000000014 89.500000000000014 -0.13045214116573331
decision_type=2 8 2 10 2 8 8 2 10 10 2 8 8 2
left_child=4 -2 -3 -4 5 7 -7 -1 9 10 -9 -12 -10 -14
right_child=1 2 3 -5 -6 6 -8 8 12 -11 11 -13 13 -15
leaf_value=0.016122981113807534 0.0052856026239343368 -0.019031470010408443 -0.0062990869505245642 0.00056775071567616417 -0.0059910969854171216 -0.0035470863518741128 0.002990339666526968 0.0073169945303647932 0.00032749021057964345 -0.011772749487212476 0.0061189615481158704 -0.021827590671384019 0.012646019574263855 -0.0063722804778792823
leaf_weight=149.56097562797368 576.27437455207109 238.46966254711151 1781.6990573182702 1258.8258724808693 853.38726194947958 1190.8939637355506 7864.4929563459009 327.13867792487144 28900.521042514592 578.61314317956567 87.707098707556725 123.76295739412308 103.58982457593083 1342.9567776545882
leaf_count=2241 2592 1130 7671 5579 3808 5627 39319 1520 133097 2958 367 525 693 6291
internal_value=-2.11151e-07 -0.00315518 -0.00465019 -0.00346356 0.000293409 0.000426721 0.00212762 -6.10002e-05 -0.000143027 -0.00601888 0.000264277 -0.0104838 7.52033e-05 -0.00493287
internal_weight=45377.9 3855.27 3278.99 3040.52 41522.6 40669.2 9055.39 31613.9 31464.3 1117.22 538.609 211.47 30347.1 1446.55
internal_count=213418 16972 14380 13250 196446 192638 44946 147692 145451 5370 2412 892 140081 6984
is_linear=0
shrinkage=0.03


Tree=283
num_leaves=15
num_cat=0
split_feature=231 244 228 137 245 226 244 105 244 226 224 25 244 105
split_gain=36.9626 88.2647 86.7907 99.3923 111.695 94.3153 80.1765 112.503 79.5806 120.096 90.671 64.5425 63.5977 76.682
threshold=91.500000000000014 0.0040010181255638608 11.500000000000002 25.500000000000004 -0.088217630982398973 20.500000000000004 0.032218867912888534 2.5000000000000004 0.055817572399973876 2.5000000000000004 2.5000000000000004 25.500000000000004 0.046097356826066978 33.500000000000007
decision_type=10 2 8 10 2 8 2 10 2 10 10 10 2 10
left_child=12 -2 3 4 5 -3 7 -5 -8 10 -10 -4 -1 -14
right_child=1 2 11 6 -6 -7 8 -9 9 -11 -12 -13 13 -15
leaf_value=5.6548648866439184e-05 0.014144427167341392 0.0019749582700962116 0.0060032586181495706 0.023519329846138276 -0.024996619077758454 -0.023950714364295394 -0.018464547404674975 -0.0015410439393772461 0.022636667334962314 -0.012875090901466586 -0.019697121098729127 -0.0030726899485785226 0.010690559308788846 0.00053618976065771397
leaf_weight=36394.830806061625 276.72042424976826 446.28924602642655 1226.6693092174828 195.55861021950841 449.43856494873762 165.40827320516109 399.70866128802299 742.63400785624981 205.34995625540614 334.9633649289608 49.445844225585461 1631.3042891174555 1141.4683927409351 1601.119932603091
leaf_count=165688 1486 2885 6597 1238 1979 733 2032 3487 1679 2090 343 8010 6901 7812
internal_value=4.9842e-05 -0.00211559 -0.00290799 -0.00647336 -0.0138026 -0.00530805 -0.00238838 0.00387554 -0.00830705 -0.00122973 0.0139877 0.000830142 0.000389102 0.00478593
internal_weight=45260.9 6123.49 5846.77 2988.8 1061.14 611.698 1927.66 938.193 989.468 589.759 254.796 2857.97 39137.4 2742.59
internal_count=212960 32559 31073 16466 5597 3618 10869 4725 6144 4112 2022 14607 180401 14713
is_linear=0
shrinkage=0.03


Tree=284
num_leaves=15
num_cat=0
split_feature=69 101 244 245 248 119 231 146 12 231 242 222 228 19
split_gain=43.1286 43.5488 46.0374 60.5315 77.3401 73.2868 72.4609 60.6443 45.4553 44.6459 52.9986 42.7252 55.854 59.0711
threshold=4.5000000000000009 5.5000000000000009 0.024279476143419746 -0.093627367168664918 0.82323232293128978 41.500000000000007 17.500000000000004 44.500000000000007 63.500000000000007 85.500000000000014 0.018117173574864868 28.500000000000004 10.500000000000002 23.500000000000004
decision_type=8 8 2 2 2 10 10 10 10 10 10 10 10 10
left_child=11 2 3 6 5 7 -2 -5 -8 -7 -11 -1 -13 -14
right_child=1 -3 -4 4 -6 9 8 -9 -10 10 -12 12 13 -15
leaf_value=0.00069496028467104802 -0.015439039824866769 2.1536407341592608e-05 -0.0080808298712106204 -0.0049427339689798976 -0.022707364118810001 0.0045547265297910481 0.0086951584576387426 -0.023865499619672662 -0.017708690919644839 -0.026309753809028561 0.0033734446130459588 -0.0199079466376045 0.01015864917561944 -0.0033710322241307517
leaf_weight=4020.6323997024447 136.58955630660057 34592.916028117761 1200.2832747157663 841.03252677619457 173.21468611061573 1122.7047154307365 959.51377019844949 178.62941113859415 53.283397506922483 90.302562043070793 113.30409123748541 61.226188771426678 1359.9337670244277 363.24681199342012
leaf_count=20154 587 160921 6651 3512 773 4900 5278 761 273 387 515 306 6324 1608
internal_value=2.66467e-06 -0.000352681 -0.00300607 -0.00132826 -0.00392707 -0.00244993 0.00435248 -0.0084573 0.00714649 0.00219723 -0.0104069 0.00241471 0.00626418 0.0073036
internal_weight=45266.8 39461.8 4868.86 3668.57 2519.19 2345.97 1149.39 1019.66 1012.8 1326.31 203.607 5805.04 1784.41 1723.18
internal_count=212950 184558 23637 16986 10848 10075 6138 4273 5551 5802 902 28392 8238 7932
is_linear=0
shrinkage=0.03


Tree=285
num_leaves=15
num_cat=0
split_feature=226 13 231 224 226 226 224 230 224 245 248 249 231 231
split_gain=39.8675 38.9927 35.3888 121.123 108.146 162.424 185.377 249.729 138.516 112.109 136.272 125.697 90.0072 85.728
threshold=99.500000000000014 18.500000000000004 26.500000000000004 4.5000000000000009 81.500000000000014 54.500000000000007 23.500000000000004 69.500000000000014 87.500000000000014 -0.10346869006752966 0.63131311535835277 0.015151515137404205 9.5000000000000018 22.500000000000004
decision_type=10 10 8 8 10 8 8 10 10 2 2 2 10 10
left_child=2 -2 3 -1 5 9 -7 -8 -6 10 -5 12 -11 -12
right_child=1 -3 -4 4 8 6 7 -9 -10 11 13 -13 -14 -15
leaf_value=0.020333612788245387 -0.01754520912566809 -0.002081380840333599 -0.00033447226889454605 0.018540655752035 0.010966794429461673 0.011957802032494316 -0.014458903494297563 0.0027433824608918303 -0.016249684767723347 0.00062112517048734282 -0.032882457641249412 0.002228190805981954 0.022953668167388329 0.0057405430459624342
leaf_weight=292.49463611841202 210.72416247427464 447.6079838052392 33096.801002871245 83.91480814665556 1526.4305776320398 487.56076610088348 1934.7477946840227 1241.6859499588609 180.0898429043591 243.22581860423088 201.08804979920387 4672.4947575330734 482.3586695715785 64.967007480561733
leaf_count=1331 1022 2093 159100 478 7106 2183 8477 5399 861 1009 861 20293 2020 357
internal_value=5.31384e-05 -0.00721963 0.00016231 0.00160222 0.00109162 -0.000171154 -0.00509945 -0.00774693 0.00801669 0.0029737 -0.0132497 0.00404806 0.0155777 -0.0235849
internal_weight=45166.2 658.332 44507.9 11411.1 11118.6 9412.04 3663.99 3176.43 1706.52 5748.05 349.97 5398.08 725.584 266.055
internal_count=212590 3115 209475 50375 49044 41077 16059 13876 7967 25018 1696 23322 3029 1218
is_linear=0
shrinkage=0.03


Tree=286
num_leaves=15
num_cat=0
split_feature=77 248 231 231 248 248 231 62 222 248 120 248 5 244
split_gain=36.6246 42.3794 36.9594 103.672 93.8081 84.5428 108.19 73.6157 82.2457 84.0323 71.6138 69.9248 93.3597 83.7671
threshold=1.5000000000000002 0.93434342741966259 26.500000000000004 31.500000000000004 0.80303028225898754 0.84343436360359203 28.500000000000004 1.0000000180025095e-35 7.5000000000000009 0.85353535413742077 80.500000000000014 0.63131311535835277 23.500000000000004 0.0060342829674482354
decision_type=8 2 8 8 2 2 10 10 10 2 10 2 10 2
left_child=-1 2 7 4 11 -6 -7 10 -9 -10 -2 -4 -13 -14
right_child=1 -3 3 -5 5 6 -8 8 9 -11 -12 12 13 -15
leaf_value=-0.004417137929950723 -0.013848858911243513 0.017182509306732357 -0.0072131447907369745 0.00013518436241119006 -0.040723370121211237 -0.028605616848638566 0.025018443339964967 0.014358106420349941 0.0020591987591056424 -0.020986224177544623 0.007212099032915021 0.018962491112123617 0.019890925249638567 -0.022256190926887284
leaf_weight=1567.9496306777 488.32123320549726 122.39877337962389 1582.4832768812776 30243.975872004405 119.80308578908443 66.218768879771233 51.203615933656693 476.93542796373367 9706.479495100677 134.57869563996792 197.79351679980755 228.33558320254087 52.813198775053024 125.42354115843773
leaf_count=8089 2306 886 6996 145043 518 292 339 2157 42493 567 1014 1064 241 535
internal_value=7.28426e-05 0.0002353 0.000183646 -0.00032565 -0.00655868 -0.0240068 -0.00509381 0.00168538 0.00232044 0.00172306 -0.00776101 -0.00436805 0.00661311 -0.00937436
internal_weight=45164.7 43596.8 43474.4 32470.3 2226.28 237.225 117.422 11004.1 10318 9841.06 686.115 1989.06 406.572 178.237
internal_count=212540 204451 203565 155028 9985 1149 631 48537 45217 43060 3320 8836 1840 776
is_linear=0
shrinkage=0.03


Tree=287
num_leaves=15
num_cat=0
split_feature=232 222 222 238 106 248 93 248 248 141 29 248 248 120
split_gain=38.0354 50.151 70.1859 67.8751 62.0638 52.4974 49.1802 42.1079 53.6925 37.6797 37.5928 36.5705 114.933 111.19
threshold=83.500000000000014 41.500000000000007 94.500000000000014 -0.082299098372459398 88.500000000000014 0.22727272659540179 34.500000000000007 0.95454546809196483 0.93434342741966259 1.5000000000000002 11.500000000000002 0.69191917777061474 0.68181815743446361 16.500000000000004
decision_type=10 10 10 10 10 2 10 2 2 8 10 2 2 8
left_child=7 3 5 4 -2 -3 -4 8 9 -1 -5 12 -11 -13
right_child=1 2 6 10 -6 -7 -8 -9 -10 11 -12 13 -14 -15
leaf_value=0.00985554432578261 0.0026504255836209299 -0.00060984281780672857 -0.027012503560294814 -0.0120454244194497 -0.021221972982583104 0.010524878489926177 0.0017298619283532539 -0.023252794253074298 0.024845570452361011 -0.00026193506482438537 -0.0018067388661875329 -0.014889385973037222 0.015106397549523313 -0.0013213590239750947
leaf_weight=307.40221973508596 4734.1014229692519 519.05933550000191 82.851894669234753 475.07619888335466 90.167082354426384 1412.7661583013833 124.03442510962486 62.615523710846901 65.75814588367939 28084.202596604824 977.78826875984669 576.68694041669369 434.89292652904987 7444.597784569487
leaf_count=1357 24847 2284 369 2066 442 6837 564 307 480 128474 4211 2485 2170 36760
internal_value=-1.55457e-05 0.0018035 0.0057595 0.000448618 0.00216127 0.00754537 -0.0104954 -0.00042994 -0.000384939 -0.000436694 -0.00521417 -0.000525952 -2.23676e-05 -0.00231415
internal_weight=45392 8415.84 2138.71 6277.13 4824.27 1931.83 206.886 36976.2 36913.5 36847.8 1452.86 36540.4 28519.1 8021.28
internal_count=213653 41620 10054 31566 25289 9121 933 172033 171726 171246 6277 169889 130644 39245
is_linear=0
shrinkage=0.03


Tree=288
num_leaves=15
num_cat=0
split_feature=71 140 231 119 226 231 222 245 243 243 243 222 245 243
split_gain=37.3577 69.4642 64.5029 75.2594 57.5528 124.847 93.7152 91.4787 113.467 76.2654 101.114 80.7541 91.0846 83.1267
threshold=24.500000000000004 30.500000000000004 89.500000000000014 97.500000000000014 4.5000000000000009 19.500000000000004 3.5000000000000004 -0.096067629754543291 -0.044469418004155152 -0.051163842901587479 -0.075368754565715776 23.500000000000004 -0.08072290942072867 -0.030642410740256306
decision_type=8 10 8 10 8 10 10 2 2 2 2 10 2 2
left_child=2 -2 3 4 5 -1 7 -7 -9 10 -6 13 -13 -11
right_child=1 -3 -4 -5 9 6 -8 8 -10 11 -12 12 -14 -15
leaf_value=-0.013679676762413591 -0.0026483529056627528 0.00040673379404434888 -0.0027558850083691301 0.012784671830322126 -0.0075861554888263499 0.02111831732983958 0.016930551637006113 -0.019096465800999177 0.020361499169576504 4.2874785363375193e-05 0.010646806802930904 0.017525187776609781 0.0010658933410828025 -0.0096830303803394826
leaf_weight=209.08195227384567 9624.9268392194062 21968.629828071222 2745.9246308431029 582.00621798262 340.39478630200028 118.67289718799293 804.96648952364922 235.83410530537367 80.349820107221603 1936.569126278162 1270.4860160648823 319.30479947477579 3753.4490458369255 1326.7936300262809
leaf_count=940 43982 102328 15243 3677 1902 968 4391 1107 386 8391 6383 1657 16317 5649
internal_value=4.31619e-05 -0.000524537 0.00134949 0.00237795 0.00178361 0.00730912 0.0109298 -0.0003092 -0.00875244 0.000881629 0.00677097 -0.000419023 0.00239607 -0.00392891
internal_weight=45317.4 31593.6 13723.8 10977.9 10395.9 1448.91 1239.82 434.857 316.184 8947 1610.88 7336.12 4072.75 3263.36
internal_count=213321 146310 67011 51768 48091 7792 6852 2461 1493 40299 8285 32014 17974 14040
is_linear=0
shrinkage=0.03


Tree=289
num_leaves=15
num_cat=0
split_feature=228 230 228 224 241 139 78 241 224 242 142 73 224 139
split_gain=33.4483 104.94 43.2247 40.2963 127.715 48.8742 93.2321 61.5534 46.271 45.0813 41.8157 81.0106 71.9674 124.091
threshold=93.500000000000014 63.500000000000007 99.500000000000014 82.500000000000014 -1.51342236995697 55.500000000000007 31.500000000000004 -0.83606636524200428 83.500000000000014 0.044254658743739135 34.500000000000007 76.500000000000014 19.500000000000004 1.5000000000000002
decision_type=10 8 10 10 10 8 8 10 10 8 8 10 8 10
left_child=3 -2 -3 9 -5 7 -7 -6 -8 10 11 12 -1 -14
right_child=1 2 -4 4 5 6 8 -9 -10 -11 -12 -13 13 -15
leaf_value=0.0048440705324299055 -0.02663593764081431 -0.0034000495093138294 0.015040290319595315 0.011839445295023064 0.0086033295683069794 0.0045093094807076121 0.012527612230273575 -0.0061893563123001328 -0.010722913411539308 0.0036646565031173218 -0.00098240682995335963 0.011221087339457963 -0.018496147956594572 -0.00013158933925980985
leaf_weight=2519.907878857106 160.37287728488445 1045.0871424525976 118.38924489915371 1074.5653077177703 894.00610910728574 801.76550351083279 75.22095513343811 343.39691636711359 987.13539047539234 2640.1409178264439 27510.496540473774 679.14067360758781 339.92207749187946 6174.9175407811999
leaf_count=11214 673 4949 597 5721 4192 3705 346 1575 4293 15593 130302 2883 1521 26115
internal_value=3.6359e-05 -0.00464399 -0.00141148 0.000178071 0.00297813 -0.000120171 -0.00318233 0.00448144 -0.00897517 -0.000115928 -0.000384979 0.00130626 0.000549377 -0.00111667
internal_weight=45364.5 1323.85 1163.48 44040.6 4176.09 3101.52 1864.12 1237.4 1062.36 39864.5 37224.4 9713.89 9034.75 6514.84
internal_count=213679 6219 5546 207460 19832 14111 8344 5767 4639 187628 172035 41733 38850 27636
is_linear=0
shrinkage=0.03


Tree=290
num_leaves=15
num_cat=0
split_feature=245 246 232 224 56 155 189 222 222 106 93 46 170 224
split_gain=34.823 30.1591 34.3963 73.9232 74.2273 68.1506 55.4877 48.9771 51.0466 48.4065 45.475 37.3346 36.7907 39.2467
threshold=-0.25948600471019739 0.28148111701011663 87.500000000000014 16.500000000000004 34.500000000000007 32.500000000000007 43.500000000000007 94.500000000000014 72.500000000000014 88.500000000000014 33.500000000000007 13.500000000000002 83.500000000000014 2.5000000000000004
decision_type=2 2 10 10 10 10 10 10 10 10 10 10 10 10
left_child=-1 2 12 5 6 -4 -5 8 -6 11 -9 -7 -2 -14
right_child=1 -3 3 4 7 9 -8 10 -10 -11 -12 -13 13 -15
leaf_value=0.023670763017706393 -0.00046491387121742786 -0.011869222656620592 0.0055004734144789517 0.0047329979684113503 0.00026204395338616184 0.00048469264189463624 0.0158712148423386 -0.034650388562868173 0.013126147328846908 -0.021805367357334193 0.00019555221489916705 -0.0083070427889833671 0.019873735672764341 0.002665564081287086
leaf_weight=46.177438620477915 36544.608963146806 180.68633903563023 808.03655618429184 955.7269551679492 1791.7498976588249 961.65284173563123 701.86802782863379 54.261341288685799 318.61631924659014 130.95822448283434 70.654336862266064 781.79273185506463 118.77031887322664 1707.6515187397599
leaf_count=866 169152 1158 4505 4446 8146 5593 3602 231 1471 614 318 3766 649 8182
internal_value=6.57878e-05 3.63946e-05 8.68852e-05 0.00208997 0.00472567 -0.00173841 0.0095161 0.00114671 0.00225697 -0.00487165 -0.0163873 -0.00348257 -0.000256822 0.00388672
internal_weight=45173.2 45127 44946.3 6575.32 3892.88 2682.44 1657.59 2235.28 2110.37 1874.4 124.916 1743.45 38371 1826.42
internal_count=212699 211833 210675 32692 18214 14478 8048 10166 9617 9973 549 9359 177983 8831
is_linear=0
shrinkage=0.03


Tree=291
num_leaves=15
num_cat=0
split_feature=10 183 244 29 140 245 136 245 143 243 231 47 246 244
split_gain=42.2656 52.8298 51.0649 50.5366 78.1046 100.112 74.0116 53.7719 74.8768 76.3341 74.9831 57.4967 51.0156 158.982
threshold=2.5000000000000004 24.500000000000004 0.10160479322075845 10.500000000000002 89.500000000000014 -0.088217630982398973 7.5000000000000009 -0.11046205461025237 21.500000000000004 -0.076761040836572633 58.500000000000007 20.500000000000004 0.0064617125317454347 0.0078412052243948
decision_type=10 10 2 8 10 2 10 2 10 2 10 10 2 2
left_child=1 2 -1 4 6 -6 -2 8 10 -10 -5 -9 13 -13
right_child=3 -3 -4 7 5 -7 -8 11 9 -11 -12 12 -14 -15
leaf_value=-0.0027229771331110397 0.0025129206740777325 0.0044206592677530207 0.01869390743833188 0.0050674603581697146 0.0088120213044724834 -0.024291025374226644 -0.0045801694478696045 0.0034681592259817691 -0.00011848887839031945 0.014455404427741493 -0.028773525638348868 0.0005869170036795179 -0.00103790966914442 0.025621074017747308
leaf_weight=1910.1177498344332 2055.4722443595529 3711.8207543194294 95.77567707374692 125.57182289659977 106.39470989257097 296.74858804047108 3684.2019635662436 3327.4505950286984 565.59359101578593 745.01605116575956 97.038901269435883 1675.3962623178959 26482.417120043188 254.42300523817539
leaf_count=9808 11135 20826 929 651 630 1286 16802 15176 3666 4780 434 7202 118030 1143
internal_value=-0.000103191 0.0023049 -0.00161272 -0.000453009 -0.00295072 -0.0155529 -0.00204006 8.86469e-06 0.00547749 0.00821277 -0.0102871 -0.000256945 -0.000694271 0.00400243
internal_weight=45133.4 5717.71 2005.89 39415.7 6142.82 403.143 5739.67 33272.9 1533.22 1310.61 222.611 31739.7 28412.2 1929.82
internal_count=212498 31563 10737 180935 29853 1916 27937 151082 9531 8446 1085 141551 126375 8345
is_linear=0
shrinkage=0.03


Tree=292
num_leaves=15
num_cat=0
split_feature=184 231 134 148 231 241 126 151 110 120 246 230 146 103
split_gain=35.3095 50.0437 72.2439 47.8566 48.759 54.876 51.6003 42.3344 48.0626 68.7614 46.2372 64.477 60.9725 43.5147
threshold=66.500000000000014 99.500000000000014 53.500000000000007 12.500000000000002 68.500000000000014 -1.3698093891143797 81.500000000000014 64.500000000000014 33.500000000000007 75.500000000000014 0.025032701902091507 36.500000000000007 43.500000000000007 3.5000000000000004
decision_type=10 10 10 8 10 10 10 10 8 10 2 8 10 8
left_child=7 3 -3 4 6 -6 -2 13 9 10 -9 12 -12 -1
right_child=1 2 -4 -5 5 -7 -8 8 -10 -11 11 -13 -14 -15
leaf_value=0.003359711794915711 -0.00264979716875883 -0.021407145370570702 0.00027706160294135076 0.0025478467980028967 0.00065708138380671656 -0.015505163147056415 0.013965852132329365 -0.0011964264748857874 0.0011766663617433131 0.00043049078970417478 0.0081654487375089242 -0.016094816153184324 -0.010250411322222317 -0.0004306069781039779
leaf_weight=3062.5741853322834 589.40714417025447 196.64514587447047 417.20933441072702 10465.243314757943 333.39735686220229 424.39264021068811 224.12340584397316 623.75196775794029 1723.1467975974083 1347.8519657999277 238.93740300089121 901.69707484170794 455.89151474833488 24157.880163505673
leaf_count=15216 2665 1023 2603 50750 1904 2012 1154 2649 7957 6890 1063 3939 2050 110913
internal_value=4.25259e-05 0.00138666 -0.00690116 0.00181471 -0.00305331 -0.00847848 0.00204173 -0.000480748 -0.00293342 -0.00491603 -0.00814909 -0.0108411 -0.00389157 -3.08089e-06
internal_weight=45162.1 12650.4 613.854 12036.6 1571.32 757.79 813.531 32511.7 5291.28 3568.13 2220.28 1596.53 694.829 27220.5
internal_count=212788 62111 3626 58485 7735 3916 3819 150677 24548 16591 9701 7052 3113 126129
is_linear=0
shrinkage=0.03


Tree=293
num_leaves=15
num_cat=0
split_feature=240 209 10 148 47 146 244 244 146 235 69 146 77 71
split_gain=35.7921 32.1886 43.3998 54.6985 89.2652 76.6173 58.322 54.9713 56.426 52.5248 51.8301 47.2959 117.479 50.328
threshold=0.082893166691064848 52.500000000000007 2.5000000000000004 12.500000000000002 3.5000000000000004 75.500000000000014 0.040244530886411674 0.023270424455404285 15.500000000000002 35.500000000000007 66.500000000000014 98.500000000000014 24.500000000000004 3.5000000000000004
decision_type=8 10 8 8 8 10 2 2 8 10 10 10 10 10
left_child=1 2 11 4 5 -4 9 8 -6 10 -7 13 -13 -1
right_child=-2 -3 3 -5 7 6 -8 -9 -10 -11 -12 12 -14 -15
leaf_value=-0.0024277224811721514 0.0087084050908955817 -0.0020500575875297055 -0.0020423970438281785 0.00046845034557187101 0.011733433248775189 -0.019284346903779094 0.0031053787763902709 -0.0066093237299843545 -0.00042075981595226982 -0.033040584961826595 0.014862473533544297 0.0041362710763863256 -0.024725923462455186 0.0068442431445685584
leaf_weight=664.22738151624799 418.95914829149842 5957.6539361458272 460.25086037442088 30168.610735371709 389.18811618536711 154.63526803441346 87.844166465103626 1094.2297513838857 2471.9404254853725 226.99993252381682 44.682188101112843 429.55279444903135 168.88176661729813 2459.5023073535413
leaf_count=3535 2523 26687 2156 140489 1648 718 471 5514 11332 990 211 3184 1004 12564
internal_value=8.38535e-05 1.23308e-06 0.000316484 -1.05635e-05 -0.00293699 -0.0110212 -0.0188662 -0.000922657 0.00126764 -0.0233609 -0.0112851 0.00339217 -0.00428133 0.0048712
internal_weight=45197.2 44778.2 38820.5 35098.4 4929.77 974.412 514.162 3955.36 2861.13 426.317 199.317 3722.16 598.435 3123.73
internal_count=213026 210503 183816 163529 23040 4546 2390 18494 12980 1919 929 20287 4188 16099
is_linear=0
shrinkage=0.03


Tree=294
num_leaves=15
num_cat=0
split_feature=246 248 243 222 222 49 229 226 243 229 243 243 246 246
split_gain=35.0167 129.09 157.009 109.401 109.07 84.3313 84.0058 108.926 110.675 99.204 72.0063 68.4716 83.5791 67.2272
threshold=0.0064617125317454347 0.69191917777061474 -0.038252746686339371 14.500000000000002 9.5000000000000018 5.5000000000000009 17.500000000000004 40.500000000000007 -0.027693806216120716 9.5000000000000018 -0.022277806885540482 -0.023780168965458866 0.0042016154620796451 0.003783074789680541
decision_type=2 2 2 8 10 10 10 10 2 8 2 2 2 2
left_child=1 11 3 4 5 -3 9 -8 -9 13 -10 -1 -13 -4
right_child=-2 2 6 -5 -6 -7 7 8 10 -11 -12 12 -14 -15
leaf_value=0.013394012287681247 -0.00017871447146979117 0.018842434238455837 0.012167780377931287 0.025027771557583664 -0.033879244100100479 -0.012369870540174242 -0.040426924288826584 -0.025828127328379746 0.027952282320562953 0.034070257493271423 -0.0132041616976094 -0.014445867627198487 0.0090101314244862649 -0.028159179047345082
leaf_weight=1033.5687849596143 42362.316109031439 173.88674775697291 57.677409470081329 193.7560403496027 68.376592800021172 126.16947040334344 157.57862938940525 161.74384232610464 75.171462535858154 52.740170270204544 61.244175091385841 205.32369047403336 364.5530302375555 76.239752165973186
leaf_count=4740 200088 951 260 912 295 655 668 735 324 233 258 865 1532 333
internal_value=3.66549e-05 0.00327485 -0.00412749 0.00738339 -0.00231181 0.00574243 -0.0141599 -0.0209785 -0.0097216 0.00270835 0.00983513 0.00882695 0.000455674 -0.0111519
internal_weight=45170.3 2808.03 1204.58 562.189 368.433 300.056 642.395 455.738 298.159 186.657 136.416 1603.45 569.877 133.917
internal_count=212849 12761 5624 2813 1901 1606 2811 1985 1317 826 582 7137 2397 593
is_linear=0
shrinkage=0.03


Tree=295
num_leaves=15
num_cat=0
split_feature=232 64 68 137 228 246 238 91 248 246 231 231 228 226
split_gain=36.9368 51.6646 48.9243 57.3573 47.3705 44.5635 39.6142 38.2223 40.1218 43.4335 57.0298 106.063 100.299 133.493
threshold=83.500000000000014 41.500000000000007 16.500000000000004 89.500000000000014 93.500000000000014 0.0050660634879022845 -0.075828570872545228 77.500000000000014 0.95454546809196483 0.035006176680326469 26.500000000000004 31.500000000000004 19.500000000000004 87.500000000000014
decision_type=10 8 10 10 10 2 10 10 2 2 8 10 8 10
left_child=7 2 3 6 -4 -3 -2 8 9 10 12 -12 -1 -14
right_child=1 5 4 -5 -6 -7 -8 -9 -10 -11 11 -13 13 -15
leaf_value=0.0072991310793417861 0.0036410873056965738 0.015840658984205575 0.0083297145837704124 -0.014831289469452346 -0.016537671972291019 -0.0019018101134971534 -0.0069634998606693237 -0.0035944167945454724 -0.023227800467507605 0.0016498924561613902 -0.0092476766003531888 -0.00089576144596214169 -0.0022625653819841581 0.011732976574463354
leaf_weight=1954.8283951804042 2785.0162809472531 123.15848815813661 1910.9590758904815 173.13130347244442 62.474053591489792 2962.141169084236 348.26873169839382 2859.9177968800068 56.733072999864817 10582.676511412486 1505.3209589682519 14154.822995338589 5023.2004152461886 688.50929272174835
leaf_count=8658 15293 552 8998 879 265 13987 1508 13548 287 53405 6784 64396 21333 3023
internal_value=0.000139025 0.00193732 0.00373706 0.00149741 0.00746306 -0.00114468 0.00244397 -0.000269879 1.10196e-05 5.67365e-05 -0.000666432 -0.00170397 0.00145237 -0.000557937
internal_weight=45191.2 8365.15 5279.85 3306.42 1973.43 3085.3 3133.29 36826 33966.1 33909.4 23326.7 15660.1 7666.54 5711.71
internal_count=212916 41482 26943 17680 9263 14539 16801 171434 157886 157599 104194 71180 33014 24356
is_linear=0
shrinkage=0.03


Tree=296
num_leaves=15
num_cat=0
split_feature=233 101 232 79 249 231 231 70 249 230 230 142 230 222
split_gain=40.4707 47.8008 47.4658 44.9805 44.3016 55.9305 79.4238 75.6662 83.4101 73.8712 64.1522 110.687 90.8451 78.2776
threshold=66.500000000000014 2.5000000000000004 20.500000000000004 31.500000000000004 0.27777777612209326 26.500000000000004 31.500000000000004 35.500000000000007 0.025252525694668296 74.500000000000014 60.500000000000007 72.500000000000014 45.500000000000007 42.500000000000007
decision_type=10 8 10 8 2 8 8 8 2 10 10 10 10 10
left_child=1 2 3 -1 5 7 -7 8 -3 -10 12 13 -8 -12
right_child=-2 4 -4 -5 -6 6 10 -9 9 -11 11 -13 -14 -15
leaf_value=0.011971611906442607 0.0012490829405644188 0.013679298629308737 -0.0069347359103655278 -0.008270796951501326 0.0017308677423757523 -0.0094861006462346568 -0.0012232729794416689 -0.0012509506210483697 -0.00081314744117716518 0.01665765043684949 -0.012822212767347203 0.0015450474226534623 0.0073851345438821561 -0.0024705611221687508
leaf_weight=251.13038302585483 15649.945040222257 747.56633912026882 1809.6070374473929 150.11145028099418 7162.9115877449512 1191.0845659598708 6570.7008965201676 4107.6131708212197 1489.8036036193371 244.96003785729408 1449.4828849583864 1756.9215184189379 1315.5615748986602 1206.9587241560221
leaf_count=1171 74973 3222 8891 650 36650 5186 30504 17805 6575 1085 6229 8710 5777 5181
internal_value=1.672e-05 -0.00063827 -0.00487048 0.00438161 -0.00029316 -0.00101565 -0.00212171 0.00124842 0.00537266 0.00173518 -0.00140142 -0.0042932 0.000220289 -0.00814583
internal_weight=45104.4 29454.4 2210.85 401.242 27243.6 20080.7 13490.7 6589.94 2482.33 1734.76 12299.6 4413.36 7886.26 2656.44
internal_count=212609 137636 10712 1821 126924 90274 61587 28687 10882 7660 56401 20120 36281 11410
is_linear=0
shrinkage=0.03


Tree=297
num_leaves=15
num_cat=0
split_feature=92 231 174 244 228 246 248 248 47 229 244 246 228 229
split_gain=41.6152 37.2037 91.289 80.2878 81.1712 95.853 82.5833 82.5705 69.3879 68.3287 82.2381 127.596 109.895 122.895
threshold=67.500000000000014 91.500000000000014 10.500000000000002 0.0057355053722858438 5.5000000000000009 0.056246163323521621 0.84343436360359203 0.2575757503509522 45.500000000000007 5.5000000000000009 0.0087648015469312685 0.042770449072122581 3.5000000000000004 4.5000000000000009
decision_type=10 10 10 2 10 2 2 2 8 8 2 2 10 10
left_child=1 9 8 -4 6 7 -5 -6 -3 10 -1 12 -12 -14
right_child=-2 2 3 4 5 -7 -8 -9 -10 -11 11 -13 13 -15
leaf_value=0.0091488949652229149 0.004799169105912199 -0.004218244901438563 0.01344541275082518 -0.0122001513782599 -0.008243716393788833 -0.00636196918537327 0.011664050300226205 0.008209265381607685 -0.018107810038532748 -0.00025858624567920115 -0.011821353370541569 0.0096568713644296748 0.011358834718541166 -0.015408673098405721
leaf_weight=1591.8375493977219 1571.1428572200239 987.65621990896761 347.2724109403789 863.01037245243788 326.87151956558228 973.20795660465956 145.26343382522464 1503.2028469145298 478.05351713299751 33879.402780741453 860.56419925764203 862.54538441635668 537.22455454990268 205.42348438501358
leaf_count=8257 8003 5924 1904 4477 1413 5004 956 7827 2590 152829 4560 5317 2766 982
internal_value=1.81444e-05 -0.000155356 -0.00243002 -0.000154986 -0.00142606 0.00120502 -0.00868122 0.00524175 -0.00884045 0.000182438 0.00385641 0.000416541 -0.0045839 0.00384834
internal_weight=45132.7 43561.5 5624.54 4158.83 3811.56 2803.28 1008.27 1830.07 1465.71 37937 4057.6 2465.76 1603.21 742.648
internal_count=212809 204806 30095 21581 19677 14244 5433 9240 8514 174711 21882 13625 8308 3748
is_linear=0
shrinkage=0.03


Tree=298
num_leaves=15
num_cat=0
split_feature=69 243 245 104 231 28 76 243 229 231 249 229 19 222
split_gain=42.7511 52.1745 56.9768 65.0974 54.8379 54.0728 78.8406 48.8779 47.9168 47.0059 52.9759 46.3204 43.18 48.9425
threshold=8.5000000000000018 -0.031205425970256325 -0.099373251199722276 41.500000000000007 22.500000000000004 12.500000000000002 44.500000000000007 -0.075368754565715776 6.5000000000000009 88.500000000000014 0.62121212482452404 8.5000000000000018 27.500000000000004 40.500000000000007
decision_type=8 2 2 8 8 8 10 2 10 10 2 8 8 10
left_child=1 2 4 9 -1 6 -6 8 -7 -4 11 -11 13 -3
right_child=-2 12 3 -5 5 7 -8 -9 -10 10 -12 -13 -14 -15
leaf_value=-0.010838643105838614 -0.00043262056720435314 0.0030311035933576896 -0.0014558725755496587 0.013023563365309668 -0.018912910847642017 0.013344960414716949 0.0063507443441611034 0.020857009495723243 -0.017724171104295274 -0.023587813027660037 0.0052810869088401827 -0.0046539330864962467 -0.0043597082513756455 0.010613820221340471
leaf_weight=164.78347676992416 36303.040941551328 2230.5664834864438 2869.3462298065424 231.51113903522491 124.99675852991641 102.78287257999182 621.81744549609721 344.24746476113796 64.013502217829227 259.16394682973623 141.64182246476412 215.35470651835203 429.38093763589859 1166.9927596673369
leaf_count=814 169703 9922 13004 1172 784 687 4972 1933 375 1152 694 1009 1867 5357
internal_value=2.56535e-05 0.00187948 -9.64831e-05 -0.00205085 0.00498849 0.00713102 0.00192825 0.0145512 0.00109309 -0.00308651 -0.0105355 -0.0152683 0.00452658 0.00565912
internal_weight=45269.6 8966.6 5139.66 3717.02 1422.64 1257.86 746.814 511.044 166.796 3485.51 616.16 474.519 3826.94 3397.56
internal_count=213445 43742 26596 17031 9565 8751 5756 2995 1062 15859 2855 2161 17146 15279
is_linear=0
shrinkage=0.03


Tree=299
num_leaves=15
num_cat=0
split_feature=238 222 140 231 226 226 10 224 231 231 244 233 226 41
split_gain=29.4843 46.5593 34.6155 73.8532 89.7117 77.9231 73.6283 68.037 66.1495 63.7947 61.3283 73.0485 69.4495 78.6527
threshold=-0.24158336222171781 74.500000000000014 27.500000000000004 5.5000000000000009 31.500000000000004 49.500000000000007 75.500000000000014 16.500000000000004 30.500000000000004 11.500000000000002 0.012288554571568968 19.500000000000004 1.0000000180025095e-35 60.500000000000007
decision_type=10 10 10 8 10 10 10 8 10 10 2 10 10 10
left_child=1 -1 3 4 7 -6 -5 -2 9 -8 11 -4 -13 -14
right_child=2 -3 10 6 5 -7 8 -9 -10 -11 -12 12 13 -15
leaf_value=0.0065728939708672891 0.0086109746815849052 -0.0085642457245632912 -0.0010657693850628285 -4.9609403877970502e-05 0.016019573520095389 -0.0088693426134708181 -0.014226243623011023 -0.026210618208144534 -0.01160210880076358 0.0069881623088741806 -0.00067629711292287664 -0.012201753624981731 0.0074938768013984936 0.0011116526423699293
leaf_weight=1193.122512280941 55.085874855518341 206.76989370584488 3845.0546869151294 15272.785133663565 151.2038858383894 370.68866956979036 168.37163878977299 306.31686257570982 979.7544219866395 438.22851281613111 14853.86956319958 219.91093808040023 3794.7469121292233 3206.4750570394099
leaf_count=9956 260 1184 17239 70753 628 1596 704 1324 4227 1855 70092 1121 17118 14432
internal_value=2.2231e-05 0.00429219 -0.000115622 -0.00113625 -0.0095427 -0.00149286 -0.000690413 -0.0208141 -0.00682086 0.00096454 0.000583169 0.0022728 0.00404952 0.00457665
internal_weight=45062.4 1399.89 43662.5 17742.4 883.295 521.893 16859.1 361.403 1586.35 606.6 25920.1 11066.2 7221.13 7001.22
internal_count=212489 11140 201349 81347 3808 2224 77539 1584 6786 2559 120002 49910 32671 31550
is_linear=0
shrinkage=0.03


end of trees

feature_importances:
Column_231=293
Column_245=287
Column_226=260
Column_248=251
Column_230=211
Column_224=171
Column_243=171
Column_244=161
Column_228=132
Column_249=132
Column_229=120
Column_222=116
Column_242=102
Column_238=90
Column_246=87
Column_120=83
Column_140=59
Column_119=52
Column_233=45
Column_10=38
Column_76=35
Column_126=32
Column_193=32
Column_137=31
Column_148=30
Column_70=29
Column_47=28
Column_63=28
Column_77=26
Column_178=26
Column_24=24
Column_60=23
Column_66=23
Column_106=21
Column_190=21
Column_232=21
Column_78=20
Column_237=20
Column_68=19
Column_101=19
Column_165=19
Column_52=18
Column_57=18
Column_98=18
Column_146=18
Column_147=18
Column_209=17
Column_29=16
Column_144=16
Column_236=16
Column_143=15
Column_189=15
Column_118=14
Column_35=13
Column_59=13
Column_122=13
Column_134=13
Column_141=13
Column_171=13
Column_240=13
Column_67=12
Column_69=12
Column_108=12
Column_139=12
Column_149=12
Column_194=12
Column_51=11
Column_241=11
Column_62=10
Column_121=10
Column_145=10
Column_151=10
Column_195=10
Column_252=10
Column_64=9
Column_215=9
Column_75=8
Column_104=8
Column_142=8
Column_225=8
Column_239=8
Column_4=7
Column_14=7
Column_38=7
Column_117=7
Column_136=7
Column_138=7
Column_192=7
Column_8=6
Column_37=6
Column_56=6
Column_71=6
Column_80=6
Column_92=6
Column_103=6
Column_124=6
Column_125=6
Column_212=6
Column_25=5
Column_28=5
Column_46=5
Column_53=5
Column_61=5
Column_79=5
Column_81=5
Column_96=5
Column_110=5
Column_164=5
Column_5=4
Column_23=4
Column_41=4
Column_44=4
Column_93=4
Column_133=4
Column_135=4
Column_170=4
Column_176=4
Column_177=4
Column_12=3
Column_19=3
Column_31=3
Column_58=3
Column_91=3
Column_105=3
Column_127=3
Column_130=3
Column_152=3
Column_184=3
Column_227=3
Column_234=3
Column_2=2
Column_6=2
Column_7=2
Column_13=2
Column_15=2
Column_27=2
Column_34=2
Column_42=2
Column_45=2
Column_54=2
Column_65=2
Column_72=2
Column_88=2
Column_95=2
Column_102=2
Column_107=2
Column_116=2
Column_128=2
Column_129=2
Column_131=2
Column_150=2
Column_163=2
Column_167=2
Column_183=2
Column_188=2
Column_1=1
Column_18=1
Column_20=1
Column_36=1
Column_49=1
Column_73=1
Column_89=1
Column_90=1
Column_94=1
Column_97=1
Column_100=1
Column_111=1
Column_115=1
Column_132=1
Column_153=1
Column_155=1
Column_156=1
Column_158=1
Column_169=1
Column_174=1
Column_175=1
Column_180=1
Column_235=1
Column_247=1
Column_250=1

parameters:
[boosting: gbdt]
[objective: binary]
[metric: binary_logloss]
[tree_learner: serial]
[device_type: cpu]
[data_sample_strategy: bagging]
[data: ]
[valid: ]
[num_iterations: 300]
[learning_rate: 0.03]
[num_leaves: 15]
[num_threads: 4]
[seed: 23]
[deterministic: 0]
[force_col_wise: 0]
[force_row_wise: 0]
[histogram_pool_size: -1]
[max_depth: -1]
[min_data_in_leaf: 200]
[min_sum_hessian_in_leaf: 0.001]
[bagging_fraction: 0.7]
[pos_bagging_fraction: 1]
[neg_bagging_fraction: 1]
[bagging_freq: 1]
[bagging_seed: 25556]
[bagging_by_query: 0]
[feature_fraction: 0.5]
[feature_fraction_bynode: 1]
[feature_fraction_seed: 31605]
[extra_trees: 0]
[extra_seed: 3808]
[early_stopping_round: 0]
[early_stopping_min_delta: 0]
[first_metric_only: 0]
[max_delta_step: 0]
[lambda_l1: 0]
[lambda_l2: 10]
[linear_lambda: 0]
[min_gain_to_split: 0]
[drop_rate: 0.1]
[max_drop: 50]
[skip_drop: 0.5]
[xgboost_dart_mode: 0]
[uniform_drop: 0]
[drop_seed: 6130]
[top_rate: 0.2]
[other_rate: 0.1]
[min_data_per_group: 100]
[max_cat_threshold: 32]
[cat_l2: 10]
[cat_smooth: 10]
[max_cat_to_onehot: 4]
[top_k: 20]
[monotone_constraints: ]
[monotone_constraints_method: basic]
[monotone_penalty: 0]
[feature_contri: ]
[forcedsplits_filename: ]
[refit_decay_rate: 0.9]
[cegb_tradeoff: 1]
[cegb_penalty_split: 0]
[cegb_penalty_feature_lazy: ]
[cegb_penalty_feature_coupled: ]
[path_smooth: 0]
[interaction_constraints: ]
[verbosity: -1]
[saved_feature_importance_type: 0]
[use_quantized_grad: 0]
[num_grad_quant_bins: 4]
[quant_train_renew_leaf: 0]
[stochastic_rounding: 1]
[linear_tree: 0]
[max_bin: 255]
[max_bin_by_feature: ]
[min_data_in_bin: 3]
[bin_construct_sample_cnt: 200000]
[data_random_seed: 113]
[is_enable_sparse: 1]
[enable_bundle: 1]
[use_missing: 1]
[zero_as_missing: 0]
[feature_pre_filter: 1]
[pre_partition: 0]
[two_round: 0]
[header: 0]
[label_column: ]
[weight_column: ]
[group_column: ]
[ignore_column: ]
[categorical_feature: ]
[forcedbins_filename: ]
[precise_float_parser: 0]
[parser_config_file: ]
[objective_seed: 16714]
[num_class: 1]
[is_unbalance: 0]
[scale_pos_weight: 1]
[sigmoid: 1]
[boost_from_average: 1]
[reg_sqrt: 0]
[alpha: 0.05]
[fair_c: 1]
[poisson_max_delta_step: 0.7]
[tweedie_variance_power: 1.5]
[lambdarank_truncation_level: 30]
[lambdarank_norm: 1]
[label_gain: ]
[lambdarank_position_bias_regularization: 0]
[eval_at: ]
[multi_error_top_k: 1]
[auc_mu_weights: ]
[num_machines: 1]
[local_listen_port: 12400]
[time_out: 120]
[machine_list_filename: ]
[machines: ]
[gpu_platform_id: -1]
[gpu_device_id: -1]
[gpu_device_id_list: ]
[gpu_use_dp: 0]
[num_gpu: 1]

end of parameters

pandas_categorical:null
